solid OpenSCAD_Model
  facet normal 0 -0.6593458151000686 -0.7518398074789776
    outer loop
      vertex 2.556798001836627 -2.556798001836627 -3.332084029223188
      vertex 20 -2.556798001836627 -3.332084029223188
      vertex 2.9698484809835 -2.9698484809835 -2.9698484809835
    endloop
  endfacet
  facet normal 0 -0.8314696123025457 -0.5555702330196014
    outer loop
      vertex 3.332084029223188 -3.332084029223188 -2.556798001836627
      vertex 20 -3.332084029223188 -2.556798001836627
      vertex 3.637306695894642 -3.637306695894642 -2.1
    endloop
  endfacet
  facet normal 0 -0.7518398074789775 -0.6593458151000686
    outer loop
      vertex 2.9698484809835 -2.9698484809835 -2.9698484809835
      vertex 20 -2.9698484809835 -2.9698484809835
      vertex 3.332084029223188 -3.332084029223188 -2.556798001836627
    endloop
  endfacet
  facet normal 0 -0.9469301294951057 -0.32143946530316203
    outer loop
      vertex 3.8802940365474043 -3.8802940365474043 -1.607270415933377
      vertex 20 -3.8802940365474043 -1.607270415933377
      vertex 4.056888470414087 -4.056888470414087 -1.087039989430587
    endloop
  endfacet
  facet normal 0 -0.8968727415326883 -0.4422886902190016
    outer loop
      vertex 3.637306695894642 -3.637306695894642 -2.1
      vertex 20 -3.637306695894642 -2.1
      vertex 3.8802940365474043 -3.8802940365474043 -1.607270415933377
    endloop
  endfacet
  facet normal -9.388629552397056e-20 -0.5555702330196015 -0.8314696123025458
    outer loop
      vertex 2.556798001836627 -2.556798001836627 -3.332084029223188
      vertex 2.1558334160619284 -2.1558334160619284 -3.6000000000000014
      vertex 20 -2.1558334160619284 -3.6000000000000014
    endloop
  endfacet
  facet normal 0 -0.9807852804032304 -0.19509032201612794
    outer loop
      vertex 4.056888470414087 -4.056888470414087 -1.087039989430587
      vertex 20 -4.056888470414087 -1.087039989430587
      vertex 4.164068417770004 -4.164068417770004 -0.5482100073242167
    endloop
  endfacet
  facet normal 0 -0.9978589232386035 -0.06540312923014324
    outer loop
      vertex 4.164068417770004 -4.164068417770004 -0.5482100073242167
      vertex 20 -4.164068417770004 -0.5482100073242167
      vertex 4.200000000000001 -4.2 2.0921395353219987e-17
    endloop
  endfacet
  facet normal -1.4397248584987654e-20 -0.9978589232386035 0.06540312923014324
    outer loop
      vertex 4.200000000000001 -4.2 2.0921395353219987e-17
      vertex 20 -4.164068417770004 0.5482100073242167
      vertex 4.939354445156566 -4.164068417770004 0.5482100073242167
    endloop
  endfacet
  facet normal 0 -0.6593458151000686 -0.7518398074789775
    outer loop
      vertex 2.9698484809835 -2.9698484809835 -2.9698484809835
      vertex 20 -2.556798001836627 -3.332084029223188
      vertex 20 -2.9698484809835 -2.9698484809835
    endloop
  endfacet
  facet normal 0 -0.7518398074789776 -0.6593458151000687
    outer loop
      vertex 3.332084029223188 -3.332084029223188 -2.556798001836627
      vertex 20 -2.9698484809835 -2.9698484809835
      vertex 20 -3.332084029223188 -2.556798001836627
    endloop
  endfacet
  facet normal 0 -0.8968727415326881 -0.4422886902190016
    outer loop
      vertex 3.8802940365474043 -3.8802940365474043 -1.607270415933377
      vertex 20 -3.637306695894642 -2.1
      vertex 20 -3.8802940365474043 -1.607270415933377
    endloop
  endfacet
  facet normal 0 -0.9469301294951055 -0.32143946530316203
    outer loop
      vertex 4.056888470414087 -4.056888470414087 -1.087039989430587
      vertex 20 -3.8802940365474043 -1.607270415933377
      vertex 20 -4.056888470414087 -1.087039989430587
    endloop
  endfacet
  facet normal 0 -0.8314696123025457 -0.5555702330196015
    outer loop
      vertex 3.637306695894642 -3.637306695894642 -2.1
      vertex 20 -3.332084029223188 -2.556798001836627
      vertex 20 -3.637306695894642 -2.1
    endloop
  endfacet
  facet normal 0 -0.5555702330196015 -0.8314696123025458
    outer loop
      vertex 2.556798001836627 -2.556798001836627 -3.332084029223188
      vertex 20 -2.1558334160619284 -3.6000000000000014
      vertex 20 -2.556798001836627 -3.332084029223188
    endloop
  endfacet
  facet normal 0 -0.9807852804032304 0.19509032201612794
    outer loop
      vertex 4.939354445156566 -4.164068417770004 0.5482100073242167
      vertex 20 -4.164068417770004 0.5482100073242167
      vertex 5.59419516630873 -4.056888470414087 1.087039989430587
    endloop
  endfacet
  facet normal 0 -0.9469301294951055 0.321439465303162
    outer loop
      vertex 5.59419516630873 -4.056888470414087 1.087039989430587
      vertex 20 -4.056888470414087 1.087039989430587
      vertex 6.153317657161431 -3.8802940365474043 1.607270415933377
    endloop
  endfacet
  facet normal 0 -0.9807852804032305 -0.195090322016128
    outer loop
      vertex 4.164068417770004 -4.164068417770004 -0.5482100073242167
      vertex 20 -4.056888470414087 -1.087039989430587
      vertex 20 -4.164068417770004 -0.5482100073242167
    endloop
  endfacet
  facet normal -8.660283063047881e-20 -0.9978589232386035 -0.06540312923014324
    outer loop
      vertex 4.200000000000001 -4.2 2.0921395353219987e-17
      vertex 20 -4.164068417770004 -0.5482100073242167
      vertex 20 -4.2 0
    endloop
  endfacet
  facet normal 8.660283063047881e-20 -0.9978589232386035 0.06540312923014324
    outer loop
      vertex 4.200000000000001 -4.2 2.0921395353219987e-17
      vertex 20 -4.2 0
      vertex 20 -4.164068417770004 0.5482100073242167
    endloop
  endfacet
  facet normal 1 0 0
    outer loop
      vertex 20 -2.9698484809835 -2.9698484809835
      vertex 20 -3.332084029223188 2.556798001836627
      vertex 20 -3.332084029223188 -2.556798001836627
    endloop
  endfacet
  facet normal 1 0 0
    outer loop
      vertex 20 -2.556798001836627 -3.332084029223188
      vertex 20 -2.9698484809835 2.9698484809835
      vertex 20 -2.9698484809835 -2.9698484809835
    endloop
  endfacet
  facet normal 1 0 0
    outer loop
      vertex 20 -2.1558334160619284 -3.6000000000000014
      vertex 20 -1.3392751438191854 -1.7453773486407176
      vertex 20 -1.5556349186104048 -1.5556349186104048
    endloop
  endfacet
  facet normal 1 0 0
    outer loop
      vertex 20 -2.1558334160619284 -3.6000000000000014
      vertex 20 -1.1 -1.905255888325765
      vertex 20 -1.3392751438191854 -1.7453773486407176
    endloop
  endfacet
  facet normal 1 0 0
    outer loop
      vertex 20 -2.1558334160619284 -3.6000000000000014
      vertex 20 2.1558334160619284 -3.6000000000000014
      vertex 20 -1.1 -1.905255888325765
    endloop
  endfacet
  facet normal 1 0 0
    outer loop
      vertex 20 -1.905255888325765 -1.1
      vertex 20 -2.1558334160619284 -3.6000000000000014
      vertex 20 -1.7453773486407176 -1.3392751438191854
    endloop
  endfacet
  facet normal 1 0 0
    outer loop
      vertex 20 -2.1558334160619284 -3.6000000000000014
      vertex 20 -1.905255888325765 -1.1
      vertex 20 -2.032534971524831 -0.8419035512031976
    endloop
  endfacet
  facet normal 1 0 0
    outer loop
      vertex 20 -2.1250368178359507 -0.5694018992255456
      vertex 20 -2.1558334160619284 -3.6000000000000014
      vertex 20 -2.032534971524831 -0.8419035512031976
    endloop
  endfacet
  facet normal 1 0 0
    outer loop
      vertex 20 -1.7453773486407176 -1.3392751438191854
      vertex 20 -2.1558334160619284 -3.6000000000000014
      vertex 20 -1.5556349186104048 -1.5556349186104048
    endloop
  endfacet
  facet normal 1 0 0
    outer loop
      vertex 20 -2.1558334160619284 -3.6000000000000014
      vertex 20 -2.1250368178359507 -0.5694018992255456
      vertex 20 -2.181178695022383 -0.2871576228841135
    endloop
  endfacet
  facet normal 1 0 0
    outer loop
      vertex 20 -2.556798001836627 -3.332084029223188
      vertex 20 -2.1558334160619284 -3.6000000000000014
      vertex 20 -2.556798001836627 3.332084029223188
    endloop
  endfacet
  facet normal 1 0 0
    outer loop
      vertex 20 -2.1558334160619284 -3.6000000000000014
      vertex 20 -2.181178695022383 -0.2871576228841135
      vertex 20 -2.2 0
    endloop
  endfacet
  facet normal 0 -0.9807852804032305 0.195090322016128
    outer loop
      vertex 5.59419516630873 -4.056888470414087 1.087039989430587
      vertex 20 -4.164068417770004 0.5482100073242167
      vertex 20 -4.056888470414087 1.087039989430587
    endloop
  endfacet
  facet normal 0 -0.9469301294951055 0.321439465303162
    outer loop
      vertex 6.153317657161431 -3.8802940365474043 1.607270415933377
      vertex 20 -4.056888470414087 1.087039989430587
      vertex 20 -3.8802940365474043 1.607270415933377
    endloop
  endfacet
  facet normal 1 0 0
    outer loop
      vertex 20 -3.8802940365474043 -1.607270415933377
      vertex 20 -3.637306695894642 -2.1
      vertex 20 -3.8802940365474043 1.607270415933377
    endloop
  endfacet
  facet normal 1 0 0
    outer loop
      vertex 20 -4.056888470414087 -1.087039989430587
      vertex 20 -4.164068417770004 0.5482100073242167
      vertex 20 -4.164068417770004 -0.5482100073242167
    endloop
  endfacet
  facet normal 1 0 0
    outer loop
      vertex 20 -3.8802940365474043 -1.607270415933377
      vertex 20 -4.056888470414087 1.087039989430587
      vertex 20 -4.056888470414087 -1.087039989430587
    endloop
  endfacet
  facet normal 1 0 0
    outer loop
      vertex 20 -4.164068417770004 -0.5482100073242167
      vertex 20 -4.164068417770004 0.5482100073242167
      vertex 20 -4.2 0
    endloop
  endfacet
  facet normal 1 0 0
    outer loop
      vertex 20 -4.056888470414087 -1.087039989430587
      vertex 20 -4.056888470414087 1.087039989430587
      vertex 20 -4.164068417770004 0.5482100073242167
    endloop
  endfacet
  facet normal 1 0 0
    outer loop
      vertex 20 -3.332084029223188 -2.556798001836627
      vertex 20 -3.637306695894642 2.1
      vertex 20 -3.637306695894642 -2.1
    endloop
  endfacet
  facet normal 1 0 0
    outer loop
      vertex 20 -3.8802940365474043 -1.607270415933377
      vertex 20 -3.8802940365474043 1.607270415933377
      vertex 20 -4.056888470414087 1.087039989430587
    endloop
  endfacet
  facet normal 1 0 0
    outer loop
      vertex 20 -3.637306695894642 -2.1
      vertex 20 -3.637306695894642 2.1
      vertex 20 -3.8802940365474043 1.607270415933377
    endloop
  endfacet
  facet normal 1 0 0
    outer loop
      vertex 20 -3.332084029223188 -2.556798001836627
      vertex 20 -3.332084029223188 2.556798001836627
      vertex 20 -3.637306695894642 2.1
    endloop
  endfacet
  facet normal 1 0 0
    outer loop
      vertex 20 -2.9698484809835 -2.9698484809835
      vertex 20 -2.9698484809835 2.9698484809835
      vertex 20 -3.332084029223188 2.556798001836627
    endloop
  endfacet
  facet normal 1 0 0
    outer loop
      vertex 20 -2.556798001836627 -3.332084029223188
      vertex 20 -2.556798001836627 3.332084029223188
      vertex 20 -2.9698484809835 2.9698484809835
    endloop
  endfacet
  facet normal 1 0 0
    outer loop
      vertex 20 -2.556798001836627 3.332084029223188
      vertex 20 -2.1558334160619284 -3.6000000000000014
      vertex 20 -2.2 0
    endloop
  endfacet
  facet normal 1 0 0
    outer loop
      vertex 20 -2.556798001836627 3.332084029223188
      vertex 20 -2.2 0
      vertex 20 -2.181178695022383 0.2871576228841135
    endloop
  endfacet
  facet normal 1 0 0
    outer loop
      vertex 20 -2.556798001836627 3.332084029223188
      vertex 20 -2.181178695022383 0.2871576228841135
      vertex 20 -2.1250368178359507 0.5694018992255456
    endloop
  endfacet
  facet normal 1 0 0
    outer loop
      vertex 20 -2.556798001836627 3.332084029223188
      vertex 20 -2.1250368178359507 0.5694018992255456
      vertex 20 -2.032534971524831 0.8419035512031976
    endloop
  endfacet
  facet normal 0 -0.8968727415326881 0.4422886902190016
    outer loop
      vertex 6.153317657161431 -3.8802940365474043 1.607270415933377
      vertex 20 -3.8802940365474043 1.607270415933377
      vertex 6.607155176878143 -3.637306695894642 2.1
    endloop
  endfacet
  facet normal 0 -0.8314696123025456 0.5555702330196016
    outer loop
      vertex 6.607155176878143 -3.637306695894642 2.1
      vertex 20 -3.637306695894642 2.1
      vertex 6.947942439668976 -3.3320840292231875 2.5567980018366274
    endloop
  endfacet
  facet normal -3.1470581401868765e-18 -0.7518398074789776 0.6593458151000686
    outer loop
      vertex 6.947942439668976 -3.3320840292231875 2.5567980018366274
      vertex 20 -3.332084029223188 2.556798001836627
      vertex 7.1698484809835 -2.9698484809835 2.9698484809835
    endloop
  endfacet
  facet normal 0 -0.6593458151000686 0.7518398074789776
    outer loop
      vertex 7.1698484809835 -2.9698484809835 2.9698484809835
      vertex 20 -2.9698484809835 2.9698484809835
      vertex 7.269076426930848 -2.556798001836627 3.332084029223188
    endloop
  endfacet
  facet normal 0 -0.19509032201612797 0.9807852804032305
    outer loop
      vertex 6.824346685325231 -1.087039989430587 4.056888470414087
      vertex 20 -1.087039989430587 4.056888470414087
      vertex 6.437092038384032 -0.5482100073242167 4.164068417770004
    endloop
  endfacet
  facet normal 0 -0.06540312923014326 0.9978589232386035
    outer loop
      vertex 6.437092038384032 -0.5482100073242167 4.164068417770004
      vertex 20 -0.5482100073242167 4.164068417770004
      vertex 5.939696961967 0 4.2
    endloop
  endfacet
  facet normal 0 -0.5555702330196014 0.8314696123025458
    outer loop
      vertex 7.269076426930848 -2.556798001836627 3.332084029223188
      vertex 20 -2.556798001836627 3.332084029223188
      vertex 7.243928459844675 -2.1 3.637306695894642
    endloop
  endfacet
  facet normal 0 -0.4422886902190015 0.8968727415326881
    outer loop
      vertex 7.243928459844675 -2.1 3.637306695894642
      vertex 20 -2.1 3.637306695894642
      vertex 7.094834868414159 -1.607270415933377 3.8802940365474043
    endloop
  endfacet
  facet normal 0 -0.321439465303162 0.9469301294951056
    outer loop
      vertex 7.094834868414159 -1.607270415933377 3.8802940365474043
      vertex 20 -1.607270415933377 3.8802940365474043
      vertex 6.824346685325231 -1.087039989430587 4.056888470414087
    endloop
  endfacet
  facet normal 0 -0.8968727415326881 0.4422886902190016
    outer loop
      vertex 6.607155176878143 -3.637306695894642 2.1
      vertex 20 -3.8802940365474043 1.607270415933377
      vertex 20 -3.637306695894642 2.1
    endloop
  endfacet
  facet normal -9.387327383252671e-18 -0.8314696123025458 0.5555702330196015
    outer loop
      vertex 6.947942439668976 -3.3320840292231875 2.5567980018366274
      vertex 20 -3.637306695894642 2.1
      vertex 20 -3.332084029223188 2.556798001836627
    endloop
  endfacet
  facet normal 0 -0.7518398074789776 0.6593458151000686
    outer loop
      vertex 7.1698484809835 -2.9698484809835 2.9698484809835
      vertex 20 -3.332084029223188 2.556798001836627
      vertex 20 -2.9698484809835 2.9698484809835
    endloop
  endfacet
  facet normal 0 -0.6593458151000686 0.7518398074789776
    outer loop
      vertex 7.269076426930848 -2.556798001836627 3.332084029223188
      vertex 20 -2.9698484809835 2.9698484809835
      vertex 20 -2.556798001836627 3.332084029223188
    endloop
  endfacet
  facet normal 0 -0.5555702330196014 0.8314696123025457
    outer loop
      vertex 7.243928459844675 -2.1 3.637306695894642
      vertex 20 -2.556798001836627 3.332084029223188
      vertex 20 -2.1 3.637306695894642
    endloop
  endfacet
  facet normal 0 -0.32143946530316203 0.9469301294951056
    outer loop
      vertex 6.824346685325231 -1.087039989430587 4.056888470414087
      vertex 20 -1.607270415933377 3.8802940365474043
      vertex 20 -1.087039989430587 4.056888470414087
    endloop
  endfacet
  facet normal 0 -0.4422886902190015 0.8968727415326881
    outer loop
      vertex 7.094834868414159 -1.607270415933377 3.8802940365474043
      vertex 20 -2.1 3.637306695894642
      vertex 20 -1.607270415933377 3.8802940365474043
    endloop
  endfacet
  facet normal 0 -0.19509032201612797 0.9807852804032307
    outer loop
      vertex 6.437092038384032 -0.5482100073242167 4.164068417770004
      vertex 20 -1.087039989430587 4.056888470414087
      vertex 20 -0.5482100073242167 4.164068417770004
    endloop
  endfacet
  facet normal -1.5421563626114027e-20 -0.06540312923014326 0.9978589232386035
    outer loop
      vertex 20 -0.5482100073242167 4.164068417770004
      vertex 20 0 4.2
      vertex 5.939696961967 0 4.2
    endloop
  endfacet
  facet normal 1 0 0
    outer loop
      vertex 20 -2.1 3.637306695894642
      vertex 20 -2.032534971524831 0.8419035512031976
      vertex 20 -1.905255888325765 1.1
    endloop
  endfacet
  facet normal 1 0 0
    outer loop
      vertex 20 -2.1 3.637306695894642
      vertex 20 -1.905255888325765 1.1
      vertex 20 -1.7453773486407176 1.3392751438191854
    endloop
  endfacet
  facet normal 1 0 0
    outer loop
      vertex 20 -2.1 3.637306695894642
      vertex 20 -1.7453773486407176 1.3392751438191854
      vertex 20 -1.5556349186104048 1.5556349186104048
    endloop
  endfacet
  facet normal 1 0 0
    outer loop
      vertex 20 -2.556798001836627 3.332084029223188
      vertex 20 -2.032534971524831 0.8419035512031976
      vertex 20 -2.1 3.637306695894642
    endloop
  endfacet
  facet normal 1 0 0
    outer loop
      vertex 20 -1.607270415933377 3.8802940365474043
      vertex 20 -1.5556349186104048 1.5556349186104048
      vertex 20 -1.3392751438191854 1.7453773486407176
    endloop
  endfacet
  facet normal 1 0 0
    outer loop
      vertex 20 -1.607270415933377 3.8802940365474043
      vertex 20 -1.3392751438191854 1.7453773486407176
      vertex 20 -1.1 1.905255888325765
    endloop
  endfacet
  facet normal 1 0 0
    outer loop
      vertex 20 -1.607270415933377 3.8802940365474043
      vertex 20 -1.1 1.905255888325765
      vertex 20 -0.8419035512031976 2.032534971524831
    endloop
  endfacet
  facet normal 1 0 0
    outer loop
      vertex 20 -1.087039989430587 4.056888470414087
      vertex 20 -0.8419035512031976 2.032534971524831
      vertex 20 -0.5694018992255456 2.1250368178359507
    endloop
  endfacet
  facet normal 1 0 0
    outer loop
      vertex 20 -1.087039989430587 4.056888470414087
      vertex 20 -0.5694018992255456 2.1250368178359507
      vertex 20 -0.2871576228841135 2.181178695022383
    endloop
  endfacet
  facet normal 1 0 0
    outer loop
      vertex 20 0 4.2
      vertex 20 -0.2871576228841135 2.181178695022383
      vertex 20 0 2.2
    endloop
  endfacet
  facet normal 1 0 0
    outer loop
      vertex 20 -2.1 3.637306695894642
      vertex 20 -1.5556349186104048 1.5556349186104048
      vertex 20 -1.607270415933377 3.8802940365474043
    endloop
  endfacet
  facet normal 1 0 0
    outer loop
      vertex 20 -1.607270415933377 3.8802940365474043
      vertex 20 -0.8419035512031976 2.032534971524831
      vertex 20 -1.087039989430587 4.056888470414087
    endloop
  endfacet
  facet normal 1 0 0
    outer loop
      vertex 20 -1.087039989430587 4.056888470414087
      vertex 20 -0.2871576228841135 2.181178695022383
      vertex 20 -0.5482100073242167 4.164068417770004
    endloop
  endfacet
  facet normal 1 0 0
    outer loop
      vertex 20 -0.5482100073242167 4.164068417770004
      vertex 20 -0.2871576228841135 2.181178695022383
      vertex 20 0 4.2
    endloop
  endfacet
  facet normal 0 0.5555702330196015 -0.8314696123025458
    outer loop
      vertex 2.556798001836627 2.556798001836627 -3.332084029223188
      vertex 20 2.556798001836627 -3.332084029223188
      vertex 2.1558334160619284 2.1558334160619284 -3.6000000000000014
    endloop
  endfacet
  facet normal -1.3302354152081944e-19 0.6593458151000687 -0.7518398074789776
    outer loop
      vertex 2.556798001836627 2.556798001836627 -3.332084029223188
      vertex 2.9698484809835 2.9698484809835 -2.9698484809835
      vertex 20 2.9698484809835 -2.9698484809835
    endloop
  endfacet
  facet normal 0 0.7518398074789775 -0.6593458151000686
    outer loop
      vertex 2.9698484809835 2.9698484809835 -2.9698484809835
      vertex 3.332084029223188 3.332084029223188 -2.556798001836627
      vertex 20 2.9698484809835 -2.9698484809835
    endloop
  endfacet
  facet normal 0 0.8314696123025457 -0.5555702330196014
    outer loop
      vertex 3.332084029223188 3.332084029223188 -2.556798001836627
      vertex 3.637306695894642 3.637306695894642 -2.1
      vertex 20 3.332084029223188 -2.556798001836627
    endloop
  endfacet
  facet normal 0 0.8968727415326883 -0.4422886902190016
    outer loop
      vertex 3.637306695894642 3.637306695894642 -2.1
      vertex 3.8802940365474043 3.8802940365474043 -1.607270415933377
      vertex 20 3.637306695894642 -2.1
    endloop
  endfacet
  facet normal 0 0.9469301294951057 -0.32143946530316203
    outer loop
      vertex 3.8802940365474043 3.8802940365474043 -1.607270415933377
      vertex 4.056888470414087 4.056888470414087 -1.087039989430587
      vertex 20 3.8802940365474043 -1.607270415933377
    endloop
  endfacet
  facet normal 0 0.9807852804032304 -0.19509032201612794
    outer loop
      vertex 4.056888470414087 4.056888470414087 -1.087039989430587
      vertex 4.164068417770004 4.164068417770004 -0.5482100073242167
      vertex 20 4.056888470414087 -1.087039989430587
    endloop
  endfacet
  facet normal 0 0.9978589232386033 -0.06540312923014485
    outer loop
      vertex 4.164068417770004 4.164068417770004 -0.5482100073242167
      vertex 4.2 4.200000000000001 2.092139535321998e-17
      vertex 20 4.164068417770004 -0.5482100073242167
    endloop
  endfacet
  facet normal -6.418610693366403e-18 0.9978589232386035 0.06540312923014505
    outer loop
      vertex 4.2 4.200000000000001 2.092139535321998e-17
      vertex 4.939354445156564 4.164068417770004 0.5482100073242152
      vertex 20 4.164068417770004 0.5482100073242167
    endloop
  endfacet
  facet normal 9.388629552397056e-20 0.5555702330196015 -0.8314696123025458
    outer loop
      vertex 20 2.556798001836627 -3.332084029223188
      vertex 20 2.1558334160619284 -3.6000000000000014
      vertex 2.1558334160619284 2.1558334160619284 -3.6000000000000014
    endloop
  endfacet
  facet normal 0 0.6593458151000686 -0.7518398074789776
    outer loop
      vertex 2.556798001836627 2.556798001836627 -3.332084029223188
      vertex 20 2.9698484809835 -2.9698484809835
      vertex 20 2.556798001836627 -3.332084029223188
    endloop
  endfacet
  facet normal 0 0.7518398074789776 -0.6593458151000687
    outer loop
      vertex 3.332084029223188 3.332084029223188 -2.556798001836627
      vertex 20 3.332084029223188 -2.556798001836627
      vertex 20 2.9698484809835 -2.9698484809835
    endloop
  endfacet
  facet normal 0 0.8314696123025457 -0.5555702330196015
    outer loop
      vertex 3.637306695894642 3.637306695894642 -2.1
      vertex 20 3.637306695894642 -2.1
      vertex 20 3.332084029223188 -2.556798001836627
    endloop
  endfacet
  facet normal 0 0.8968727415326881 -0.4422886902190016
    outer loop
      vertex 3.8802940365474043 3.8802940365474043 -1.607270415933377
      vertex 20 3.8802940365474043 -1.607270415933377
      vertex 20 3.637306695894642 -2.1
    endloop
  endfacet
  facet normal 0 0.9469301294951055 -0.32143946530316203
    outer loop
      vertex 4.056888470414087 4.056888470414087 -1.087039989430587
      vertex 20 4.056888470414087 -1.087039989430587
      vertex 20 3.8802940365474043 -1.607270415933377
    endloop
  endfacet
  facet normal -5.791356722310703e-18 0.9807852804032305 0.19509032201612764
    outer loop
      vertex 4.939354445156564 4.164068417770004 0.5482100073242152
      vertex 5.5941951663087295 4.056888470414087 1.0870399894305867
      vertex 20 4.056888470414087 1.087039989430587
    endloop
  endfacet
  facet normal 9.790911319376242e-18 0.9469301294951057 0.3214394653031615
    outer loop
      vertex 5.5941951663087295 4.056888470414087 1.0870399894305867
      vertex 6.1533176571614305 3.880294036547405 1.6072704159333762
      vertex 20 3.8802940365474043 1.607270415933377
    endloop
  endfacet
  facet normal 0 0.9807852804032305 -0.195090322016128
    outer loop
      vertex 4.164068417770004 4.164068417770004 -0.5482100073242167
      vertex 20 4.164068417770004 -0.5482100073242167
      vertex 20 4.056888470414087 -1.087039989430587
    endloop
  endfacet
  facet normal 5.60068630887196e-17 0.9978589232386035 -0.06540312923014326
    outer loop
      vertex 4.2 4.200000000000001 2.092139535321998e-17
      vertex 20 4.2 0
      vertex 20 4.164068417770004 -0.5482100073242167
    endloop
  endfacet
  facet normal 5.618006874998057e-17 0.9978589232386035 0.06540312923014326
    outer loop
      vertex 4.2 4.200000000000001 2.092139535321998e-17
      vertex 20 4.164068417770004 0.5482100073242167
      vertex 20 4.2 0
    endloop
  endfacet
  facet normal -1.8695871738940268e-17 0.9807852804032304 0.19509032201612797
    outer loop
      vertex 4.939354445156564 4.164068417770004 0.5482100073242152
      vertex 20 4.056888470414087 1.087039989430587
      vertex 20 4.164068417770004 0.5482100073242167
    endloop
  endfacet
  facet normal 1 0 0
    outer loop
      vertex 20 2.1558334160619284 -3.6000000000000014
      vertex 20 -0.2871576228841135 -2.181178695022383
      vertex 20 -0.5694018992255456 -2.1250368178359507
    endloop
  endfacet
  facet normal 1 0 0
    outer loop
      vertex 20 2.1558334160619284 -3.6000000000000014
      vertex 20 0 -2.2
      vertex 20 -0.2871576228841135 -2.181178695022383
    endloop
  endfacet
  facet normal 1 0 0
    outer loop
      vertex 20 2.1558334160619284 -3.6000000000000014
      vertex 20 -0.8419035512031976 -2.032534971524831
      vertex 20 -1.1 -1.905255888325765
    endloop
  endfacet
  facet normal 1 0 0
    outer loop
      vertex 20 2.1558334160619284 -3.6000000000000014
      vertex 20 -0.5694018992255456 -2.1250368178359507
      vertex 20 -0.8419035512031976 -2.032534971524831
    endloop
  endfacet
  facet normal 1 0 0
    outer loop
      vertex 20 2.1558334160619284 -3.6000000000000014
      vertex 20 0.2871576228841135 -2.181178695022383
      vertex 20 0 -2.2
    endloop
  endfacet
  facet normal 1 0 0
    outer loop
      vertex 20 2.1558334160619284 -3.6000000000000014
      vertex 20 0.5694018992255456 -2.1250368178359507
      vertex 20 0.2871576228841135 -2.181178695022383
    endloop
  endfacet
  facet normal 1 0 0
    outer loop
      vertex 20 2.1558334160619284 -3.6000000000000014
      vertex 20 0.8419035512031976 -2.032534971524831
      vertex 20 0.5694018992255456 -2.1250368178359507
    endloop
  endfacet
  facet normal 1 0 0
    outer loop
      vertex 20 2.1558334160619284 -3.6000000000000014
      vertex 20 1.1 -1.905255888325765
      vertex 20 0.8419035512031976 -2.032534971524831
    endloop
  endfacet
  facet normal 1 0 0
    outer loop
      vertex 20 2.1558334160619284 -3.6000000000000014
      vertex 20 1.3392751438191854 -1.7453773486407176
      vertex 20 1.1 -1.905255888325765
    endloop
  endfacet
  facet normal 1 0 0
    outer loop
      vertex 20 2.1558334160619284 -3.6000000000000014
      vertex 20 1.5556349186104048 -1.5556349186104048
      vertex 20 1.3392751438191854 -1.7453773486407176
    endloop
  endfacet
  facet normal 1 0 0
    outer loop
      vertex 20 2.556798001836627 -3.332084029223188
      vertex 20 2.032534971524831 -0.8419035512031976
      vertex 20 2.1558334160619284 -3.6000000000000014
    endloop
  endfacet
  facet normal 1 0 0
    outer loop
      vertex 20 2.1558334160619284 -3.6000000000000014
      vertex 20 1.7453773486407176 -1.3392751438191854
      vertex 20 1.5556349186104048 -1.5556349186104048
    endloop
  endfacet
  facet normal 1 0 0
    outer loop
      vertex 20 2.1558334160619284 -3.6000000000000014
      vertex 20 1.905255888325765 -1.1
      vertex 20 1.7453773486407176 -1.3392751438191854
    endloop
  endfacet
  facet normal 1 0 0
    outer loop
      vertex 20 1.905255888325765 -1.1
      vertex 20 2.1558334160619284 -3.6000000000000014
      vertex 20 2.032534971524831 -0.8419035512031976
    endloop
  endfacet
  facet normal 1 0 0
    outer loop
      vertex 20 2.556798001836627 -3.332084029223188
      vertex 20 2.1250368178359507 -0.5694018992255456
      vertex 20 2.032534971524831 -0.8419035512031976
    endloop
  endfacet
  facet normal 1 0 0
    outer loop
      vertex 20 2.556798001836627 -3.332084029223188
      vertex 20 2.181178695022383 -0.2871576228841135
      vertex 20 2.1250368178359507 -0.5694018992255456
    endloop
  endfacet
  facet normal 1 0 0
    outer loop
      vertex 20 2.556798001836627 -3.332084029223188
      vertex 20 2.2 0
      vertex 20 2.181178695022383 -0.2871576228841135
    endloop
  endfacet
  facet normal 1 0 0
    outer loop
      vertex 20 2.556798001836627 -3.332084029223188
      vertex 20 2.9698484809835 -2.9698484809835
      vertex 20 2.556798001836627 3.332084029223188
    endloop
  endfacet
  facet normal -9.909047068807946e-18 0.9469301294951055 0.321439465303162
    outer loop
      vertex 5.5941951663087295 4.056888470414087 1.0870399894305867
      vertex 20 3.8802940365474043 1.607270415933377
      vertex 20 4.056888470414087 1.087039989430587
    endloop
  endfacet
  facet normal 1 0 0
    outer loop
      vertex 20 2.556798001836627 -3.332084029223188
      vertex 20 2.1 3.637306695894642
      vertex 20 2.2 0
    endloop
  endfacet
  facet normal 1 0 0
    outer loop
      vertex 20 2.556798001836627 -3.332084029223188
      vertex 20 2.556798001836627 3.332084029223188
      vertex 20 2.1 3.637306695894642
    endloop
  endfacet
  facet normal 1 0 0
    outer loop
      vertex 20 2.1 3.637306695894642
      vertex 20 2.181178695022383 0.2871576228841135
      vertex 20 2.2 0
    endloop
  endfacet
  facet normal 1 0 0
    outer loop
      vertex 20 2.1 3.637306695894642
      vertex 20 2.1250368178359507 0.5694018992255456
      vertex 20 2.181178695022383 0.2871576228841135
    endloop
  endfacet
  facet normal 1 0 0
    outer loop
      vertex 20 2.9698484809835 -2.9698484809835
      vertex 20 3.332084029223188 -2.556798001836627
      vertex 20 2.9698484809835 2.9698484809835
    endloop
  endfacet
  facet normal 1 0 0
    outer loop
      vertex 20 3.332084029223188 -2.556798001836627
      vertex 20 3.637306695894642 -2.1
      vertex 20 3.332084029223188 2.556798001836627
    endloop
  endfacet
  facet normal 1 0 0
    outer loop
      vertex 20 3.637306695894642 -2.1
      vertex 20 3.8802940365474043 -1.607270415933377
      vertex 20 3.637306695894642 2.1
    endloop
  endfacet
  facet normal 1 0 0
    outer loop
      vertex 20 3.8802940365474043 -1.607270415933377
      vertex 20 4.056888470414087 -1.087039989430587
      vertex 20 3.8802940365474043 1.607270415933377
    endloop
  endfacet
  facet normal 1 0 0
    outer loop
      vertex 20 4.056888470414087 -1.087039989430587
      vertex 20 4.164068417770004 -0.5482100073242167
      vertex 20 4.056888470414087 1.087039989430587
    endloop
  endfacet
  facet normal 1 0 0
    outer loop
      vertex 20 4.164068417770004 -0.5482100073242167
      vertex 20 4.2 0
      vertex 20 4.164068417770004 0.5482100073242167
    endloop
  endfacet
  facet normal 1 0 0
    outer loop
      vertex 20 3.637306695894642 -2.1
      vertex 20 3.637306695894642 2.1
      vertex 20 3.332084029223188 2.556798001836627
    endloop
  endfacet
  facet normal 1 0 0
    outer loop
      vertex 20 2.9698484809835 -2.9698484809835
      vertex 20 2.9698484809835 2.9698484809835
      vertex 20 2.556798001836627 3.332084029223188
    endloop
  endfacet
  facet normal 1 0 0
    outer loop
      vertex 20 3.332084029223188 -2.556798001836627
      vertex 20 3.332084029223188 2.556798001836627
      vertex 20 2.9698484809835 2.9698484809835
    endloop
  endfacet
  facet normal 1 0 0
    outer loop
      vertex 20 4.056888470414087 -1.087039989430587
      vertex 20 4.056888470414087 1.087039989430587
      vertex 20 3.8802940365474043 1.607270415933377
    endloop
  endfacet
  facet normal 1 0 0
    outer loop
      vertex 20 4.164068417770004 -0.5482100073242167
      vertex 20 4.164068417770004 0.5482100073242167
      vertex 20 4.056888470414087 1.087039989430587
    endloop
  endfacet
  facet normal 1 0 0
    outer loop
      vertex 20 3.8802940365474043 -1.607270415933377
      vertex 20 3.8802940365474043 1.607270415933377
      vertex 20 3.637306695894642 2.1
    endloop
  endfacet
  facet normal 0 0.06540312923014326 0.9978589232386035
    outer loop
      vertex 5.939696961967 0 4.2
      vertex 20 0 4.2
      vertex 6.437092038384032 0.5482100073242167 4.164068417770004
    endloop
  endfacet
  facet normal 0 0.19509032201612797 0.9807852804032307
    outer loop
      vertex 6.437092038384032 0.5482100073242167 4.164068417770004
      vertex 20 0.5482100073242167 4.164068417770004
      vertex 6.824346685325231 1.087039989430587 4.056888470414087
    endloop
  endfacet
  facet normal 0 0.5555702330196016 0.8314696123025457
    outer loop
      vertex 7.243928459844675 2.1 3.637306695894642
      vertex 20 2.1 3.637306695894642
      vertex 7.269076426930848 2.5567980018366274 3.3320840292231875
    endloop
  endfacet
  facet normal -1.5698452788504354e-17 0.44228869021900125 0.8968727415326884
    outer loop
      vertex 7.243928459844675 2.1 3.637306695894642
      vertex 7.09483486841416 1.6072704159333775 3.880294036547404
      vertex 20 1.607270415933377 3.8802940365474043
    endloop
  endfacet
  facet normal 0 0.3214394653031625 0.9469301294951054
    outer loop
      vertex 6.824346685325231 1.087039989430587 4.056888470414087
      vertex 20 1.087039989430587 4.056888470414087
      vertex 7.09483486841416 1.6072704159333775 3.880294036547404
    endloop
  endfacet
  facet normal 1.2319171210359598e-18 0.8968727415326881 0.4422886902190015
    outer loop
      vertex 6.1533176571614305 3.880294036547405 1.6072704159333762
      vertex 6.607155176878142 3.6373066958946425 2.099999999999999
      vertex 20 3.637306695894642 2.1
    endloop
  endfacet
  facet normal -2.1286814494512673e-19 0.8314696123025459 0.5555702330196013
    outer loop
      vertex 6.607155176878142 3.6373066958946425 2.099999999999999
      vertex 6.947942439668975 3.332084029223188 2.556798001836627
      vertex 20 3.332084029223188 2.556798001836627
    endloop
  endfacet
  facet normal 0 0.7518398074789776 0.6593458151000686
    outer loop
      vertex 7.1698484809835 2.9698484809835 2.9698484809835
      vertex 20 2.9698484809835 2.9698484809835
      vertex 6.947942439668975 3.332084029223188 2.556798001836627
    endloop
  endfacet
  facet normal -4.600893455175815e-18 0.6593458151000685 0.7518398074789776
    outer loop
      vertex 7.1698484809835 2.9698484809835 2.9698484809835
      vertex 7.269076426930848 2.5567980018366274 3.3320840292231875
      vertex 20 2.556798001836627 3.332084029223188
    endloop
  endfacet
  facet normal 0 0.06540312923014326 0.9978589232386035
    outer loop
      vertex 6.437092038384032 0.5482100073242167 4.164068417770004
      vertex 20 0 4.2
      vertex 20 0.5482100073242167 4.164068417770004
    endloop
  endfacet
  facet normal 0 0.19509032201612797 0.9807852804032305
    outer loop
      vertex 6.824346685325231 1.087039989430587 4.056888470414087
      vertex 20 0.5482100073242167 4.164068417770004
      vertex 20 1.087039989430587 4.056888470414087
    endloop
  endfacet
  facet normal -9.624120091575382e-18 0.5555702330196014 0.8314696123025458
    outer loop
      vertex 7.269076426930848 2.5567980018366274 3.3320840292231875
      vertex 20 2.1 3.637306695894642
      vertex 20 2.556798001836627 3.332084029223188
    endloop
  endfacet
  facet normal -2.152422320809599e-17 0.321439465303162 0.9469301294951056
    outer loop
      vertex 7.09483486841416 1.6072704159333775 3.880294036547404
      vertex 20 1.087039989430587 4.056888470414087
      vertex 20 1.607270415933377 3.8802940365474043
    endloop
  endfacet
  facet normal 0 0.4422886902190015 0.8968727415326881
    outer loop
      vertex 7.243928459844675 2.1 3.637306695894642
      vertex 20 1.607270415933377 3.8802940365474043
      vertex 20 2.1 3.637306695894642
    endloop
  endfacet
  facet normal -9.273519561697863e-18 0.8314696123025459 0.5555702330196014
    outer loop
      vertex 6.607155176878142 3.6373066958946425 2.099999999999999
      vertex 20 3.332084029223188 2.556798001836627
      vertex 20 3.637306695894642 2.1
    endloop
  endfacet
  facet normal 0 0.7518398074789776 0.6593458151000687
    outer loop
      vertex 6.947942439668975 3.332084029223188 2.556798001836627
      vertex 20 2.9698484809835 2.9698484809835
      vertex 20 3.332084029223188 2.556798001836627
    endloop
  endfacet
  facet normal 3.9433541249567953e-19 0.8968727415326881 0.4422886902190016
    outer loop
      vertex 6.1533176571614305 3.880294036547405 1.6072704159333762
      vertex 20 3.637306695894642 2.1
      vertex 20 3.8802940365474043 1.607270415933377
    endloop
  endfacet
  facet normal 0 0.6593458151000686 0.7518398074789776
    outer loop
      vertex 7.1698484809835 2.9698484809835 2.9698484809835
      vertex 20 2.556798001836627 3.332084029223188
      vertex 20 2.9698484809835 2.9698484809835
    endloop
  endfacet
  facet normal 1 0 0
    outer loop
      vertex 20 0 4.2
      vertex 20 0 2.2
      vertex 20 0.2871576228841135 2.181178695022383
    endloop
  endfacet
  facet normal 1 0 0
    outer loop
      vertex 20 0.5482100073242167 4.164068417770004
      vertex 20 0.2871576228841135 2.181178695022383
      vertex 20 0.5694018992255456 2.1250368178359507
    endloop
  endfacet
  facet normal 1 0 0
    outer loop
      vertex 20 1.087039989430587 4.056888470414087
      vertex 20 1.1 1.905255888325765
      vertex 20 1.3392751438191854 1.7453773486407176
    endloop
  endfacet
  facet normal 1 0 0
    outer loop
      vertex 20 0.5482100073242167 4.164068417770004
      vertex 20 0.5694018992255456 2.1250368178359507
      vertex 20 0.8419035512031976 2.032534971524831
    endloop
  endfacet
  facet normal 1 0 0
    outer loop
      vertex 20 1.087039989430587 4.056888470414087
      vertex 20 0.8419035512031976 2.032534971524831
      vertex 20 1.1 1.905255888325765
    endloop
  endfacet
  facet normal 1 0 0
    outer loop
      vertex 20 1.607270415933377 3.8802940365474043
      vertex 20 1.7453773486407176 1.3392751438191854
      vertex 20 1.905255888325765 1.1
    endloop
  endfacet
  facet normal 1 0 0
    outer loop
      vertex 20 1.607270415933377 3.8802940365474043
      vertex 20 1.5556349186104048 1.5556349186104048
      vertex 20 1.7453773486407176 1.3392751438191854
    endloop
  endfacet
  facet normal 1 0 0
    outer loop
      vertex 20 2.1 3.637306695894642
      vertex 20 2.032534971524831 0.8419035512031976
      vertex 20 2.1250368178359507 0.5694018992255456
    endloop
  endfacet
  facet normal 1 0 0
    outer loop
      vertex 20 2.1 3.637306695894642
      vertex 20 1.905255888325765 1.1
      vertex 20 2.032534971524831 0.8419035512031976
    endloop
  endfacet
  facet normal 1 0 0
    outer loop
      vertex 20 1.607270415933377 3.8802940365474043
      vertex 20 1.3392751438191854 1.7453773486407176
      vertex 20 1.5556349186104048 1.5556349186104048
    endloop
  endfacet
  facet normal 1 0 0
    outer loop
      vertex 20 2.1 3.637306695894642
      vertex 20 1.607270415933377 3.8802940365474043
      vertex 20 1.905255888325765 1.1
    endloop
  endfacet
  facet normal 1 0 0
    outer loop
      vertex 20 0.5482100073242167 4.164068417770004
      vertex 20 0 4.2
      vertex 20 0.2871576228841135 2.181178695022383
    endloop
  endfacet
  facet normal 1 0 0
    outer loop
      vertex 20 0.5482100073242167 4.164068417770004
      vertex 20 0.8419035512031976 2.032534971524831
      vertex 20 1.087039989430587 4.056888470414087
    endloop
  endfacet
  facet normal 1 0 0
    outer loop
      vertex 20 1.087039989430587 4.056888470414087
      vertex 20 1.3392751438191854 1.7453773486407176
      vertex 20 1.607270415933377 3.8802940365474043
    endloop
  endfacet
  facet normal -0.6593458151000686 0 -0.7518398074789776
    outer loop
      vertex -2.556798001836627 2.556798001836627 -3.332084029223188
      vertex -2.9698484809835 2.9698484809835 -2.9698484809835
      vertex -2.556798001836627 20 -3.332084029223188
    endloop
  endfacet
  facet normal -0.7518398074789776 1.3591447615092327e-19 -0.6593458151000687
    outer loop
      vertex -2.9698484809835 2.9698484809835 -2.9698484809835
      vertex -3.332084029223188 3.332084029223188 -2.556798001836627
      vertex -3.332084029223188 20 -2.556798001836627
    endloop
  endfacet
  facet normal -0.8968727415326881 0 -0.4422886902190016
    outer loop
      vertex -3.8802940365474043 3.8802940365474043 -1.607270415933377
      vertex -3.8802940365474043 20 -1.607270415933377
      vertex -3.637306695894642 3.637306695894642 -2.1
    endloop
  endfacet
  facet normal -0.9469301294951055 5.8715977611771215e-19 -0.32143946530316203
    outer loop
      vertex -3.8802940365474043 3.8802940365474043 -1.607270415933377
      vertex -4.056888470414087 4.056888470414087 -1.087039989430587
      vertex -4.056888470414087 20 -1.087039989430587
    endloop
  endfacet
  facet normal -0.8314696123025457 6.452761654297293e-20 -0.5555702330196015
    outer loop
      vertex -3.332084029223188 3.332084029223188 -2.556798001836627
      vertex -3.637306695894642 3.637306695894642 -2.1
      vertex -3.637306695894642 20 -2.1
    endloop
  endfacet
  facet normal -0.5555702330196015 0 -0.8314696123025458
    outer loop
      vertex -2.556798001836627 2.556798001836627 -3.332084029223188
      vertex -2.556798001836627 20 -3.332084029223188
      vertex -2.1558334160619284 2.1558334160619284 -3.6000000000000014
    endloop
  endfacet
  facet normal -0.9807852804032305 -2.4889494905456123e-19 -0.195090322016128
    outer loop
      vertex -4.056888470414087 4.056888470414087 -1.087039989430587
      vertex -4.164068417770004 4.164068417770004 -0.5482100073242167
      vertex -4.164068417770004 20 -0.5482100073242167
    endloop
  endfacet
  facet normal -0.9978589232386035 5.597059000035908e-17 -0.06540312923014487
    outer loop
      vertex -4.164068417770004 4.164068417770004 -0.5482100073242167
      vertex -4.200000000000001 4.2 2.0921395353219987e-17
      vertex -4.2 20 0
    endloop
  endfacet
  facet normal -0.9978589232386035 -6.138796513287792e-18 0.06540312923014505
    outer loop
      vertex -4.200000000000001 4.2 2.0921395353219987e-17
      vertex -4.164068417770004 4.939354445156564 0.5482100073242152
      vertex -4.164068417770004 20 0.5482100073242167
    endloop
  endfacet
  facet normal -0.6593458151000686 0 -0.7518398074789775
    outer loop
      vertex -2.9698484809835 2.9698484809835 -2.9698484809835
      vertex -2.9698484809835 20 -2.9698484809835
      vertex -2.556798001836627 20 -3.332084029223188
    endloop
  endfacet
  facet normal -0.8314696123025457 0 -0.5555702330196014
    outer loop
      vertex -3.332084029223188 3.332084029223188 -2.556798001836627
      vertex -3.637306695894642 20 -2.1
      vertex -3.332084029223188 20 -2.556798001836627
    endloop
  endfacet
  facet normal -0.7518398074789775 0 -0.6593458151000686
    outer loop
      vertex -2.9698484809835 2.9698484809835 -2.9698484809835
      vertex -3.332084029223188 20 -2.556798001836627
      vertex -2.9698484809835 20 -2.9698484809835
    endloop
  endfacet
  facet normal -0.9469301294951057 0 -0.32143946530316203
    outer loop
      vertex -3.8802940365474043 3.8802940365474043 -1.607270415933377
      vertex -4.056888470414087 20 -1.087039989430587
      vertex -3.8802940365474043 20 -1.607270415933377
    endloop
  endfacet
  facet normal -0.8968727415326883 0 -0.4422886902190016
    outer loop
      vertex -3.637306695894642 3.637306695894642 -2.1
      vertex -3.8802940365474043 20 -1.607270415933377
      vertex -3.637306695894642 20 -2.1
    endloop
  endfacet
  facet normal -0.5555702330196015 -9.388629552397056e-20 -0.8314696123025458
    outer loop
      vertex -2.556798001836627 20 -3.332084029223188
      vertex -2.1558334160619284 20 -3.6000000000000014
      vertex -2.1558334160619284 2.1558334160619284 -3.6000000000000014
    endloop
  endfacet
  facet normal -0.9807852804032305 -6.35995019800244e-18 0.19509032201612764
    outer loop
      vertex -4.164068417770004 4.939354445156564 0.5482100073242152
      vertex -4.056888470414087 5.5941951663087295 1.0870399894305867
      vertex -4.056888470414087 20 1.087039989430587
    endloop
  endfacet
  facet normal -0.9469301294951056 -4.6429819485755175e-18 0.3214394653031619
    outer loop
      vertex -4.056888470414087 5.5941951663087295 1.0870399894305867
      vertex -3.8802940365474043 6.153317657161431 1.6072704159333768
      vertex -3.8802940365474043 20 1.607270415933377
    endloop
  endfacet
  facet normal -0.9807852804032304 0 -0.19509032201612794
    outer loop
      vertex -4.056888470414087 4.056888470414087 -1.087039989430587
      vertex -4.164068417770004 20 -0.5482100073242167
      vertex -4.056888470414087 20 -1.087039989430587
    endloop
  endfacet
  facet normal -0.9978589232386035 0 -0.06540312923014324
    outer loop
      vertex -4.164068417770004 4.164068417770004 -0.5482100073242167
      vertex -4.2 20 0
      vertex -4.164068417770004 20 -0.5482100073242167
    endloop
  endfacet
  facet normal -0.9978589232386035 5.618006874998057e-17 0.06540312923014326
    outer loop
      vertex -4.200000000000001 4.2 2.0921395353219987e-17
      vertex -4.164068417770004 20 0.5482100073242167
      vertex -4.2 20 0
    endloop
  endfacet
  facet normal -0.9807852804032304 -1.8695871738940264e-17 0.19509032201612794
    outer loop
      vertex -4.164068417770004 4.939354445156564 0.5482100073242152
      vertex -4.056888470414087 20 1.087039989430587
      vertex -4.164068417770004 20 0.5482100073242167
    endloop
  endfacet
  facet normal 0 1 0
    outer loop
      vertex -3.8802940365474043 20 -1.607270415933377
      vertex -1.1 20 -1.905255888325765
      vertex -3.637306695894642 20 -2.1
    endloop
  endfacet
  facet normal 0 1 0
    outer loop
      vertex -3.8802940365474043 20 -1.607270415933377
      vertex -4.056888470414087 20 -1.087039989430587
      vertex -1.7453773486407176 20 -1.3392751438191854
    endloop
  endfacet
  facet normal 0 1 0
    outer loop
      vertex -4.056888470414087 20 -1.087039989430587
      vertex -1.905255888325765 20 -1.1
      vertex -1.7453773486407176 20 -1.3392751438191854
    endloop
  endfacet
  facet normal 0 1 0
    outer loop
      vertex -4.056888470414087 20 -1.087039989430587
      vertex -2.032534971524831 20 -0.8419035512031976
      vertex -1.905255888325765 20 -1.1
    endloop
  endfacet
  facet normal 0 1 0
    outer loop
      vertex -2.556798001836627 20 -3.332084029223188
      vertex 2.556798001836627 20 -3.332084029223188
      vertex -2.1558334160619284 20 -3.6000000000000014
    endloop
  endfacet
  facet normal 0 1 0
    outer loop
      vertex -2.556798001836627 20 -3.332084029223188
      vertex -2.9698484809835 20 -2.9698484809835
      vertex 2.556798001836627 20 -3.332084029223188
    endloop
  endfacet
  facet normal 0 1 0
    outer loop
      vertex -2.9698484809835 20 -2.9698484809835
      vertex -3.332084029223188 20 -2.556798001836627
      vertex 2.9698484809835 20 -2.9698484809835
    endloop
  endfacet
  facet normal 0 1 0
    outer loop
      vertex -3.332084029223188 20 -2.556798001836627
      vertex -3.637306695894642 20 -2.1
      vertex 3.332084029223188 20 -2.556798001836627
    endloop
  endfacet
  facet normal 0 1 0
    outer loop
      vertex -3.8802940365474043 20 -1.607270415933377
      vertex -1.3392751438191854 20 -1.7453773486407176
      vertex -1.1 20 -1.905255888325765
    endloop
  endfacet
  facet normal 0 1 0
    outer loop
      vertex -3.637306695894642 20 -2.1
      vertex -1.1 20 -1.905255888325765
      vertex -0.8419035512031976 20 -2.032534971524831
    endloop
  endfacet
  facet normal 0 1 0
    outer loop
      vertex -3.637306695894642 20 -2.1
      vertex -0.8419035512031976 20 -2.032534971524831
      vertex -0.5694018992255456 20 -2.1250368178359507
    endloop
  endfacet
  facet normal 0 1 0
    outer loop
      vertex -3.637306695894642 20 -2.1
      vertex -0.5694018992255456 20 -2.1250368178359507
      vertex -0.2871576228841135 20 -2.181178695022383
    endloop
  endfacet
  facet normal 0 1 0
    outer loop
      vertex -3.637306695894642 20 -2.1
      vertex -0.2871576228841135 20 -2.181178695022383
      vertex 0 20 -2.2
    endloop
  endfacet
  facet normal 0 1 0
    outer loop
      vertex -3.8802940365474043 20 -1.607270415933377
      vertex -1.7453773486407176 20 -1.3392751438191854
      vertex -1.5556349186104048 20 -1.5556349186104048
    endloop
  endfacet
  facet normal 0 1 0
    outer loop
      vertex -3.8802940365474043 20 -1.607270415933377
      vertex -1.5556349186104048 20 -1.5556349186104048
      vertex -1.3392751438191854 20 -1.7453773486407176
    endloop
  endfacet
  facet normal 0 1 0
    outer loop
      vertex -3.637306695894642 20 -2.1
      vertex 0 20 -2.2
      vertex 3.332084029223188 20 -2.556798001836627
    endloop
  endfacet
  facet normal -0.9469301294951055 -9.909047068807946e-18 0.321439465303162
    outer loop
      vertex -4.056888470414087 5.5941951663087295 1.0870399894305867
      vertex -3.8802940365474043 20 1.607270415933377
      vertex -4.056888470414087 20 1.087039989430587
    endloop
  endfacet
  facet normal 0 1 0
    outer loop
      vertex -4.056888470414087 20 -1.087039989430587
      vertex -4.164068417770004 20 -0.5482100073242167
      vertex -2.032534971524831 20 -0.8419035512031976
    endloop
  endfacet
  facet normal 0 1 0
    outer loop
      vertex -4.164068417770004 20 -0.5482100073242167
      vertex -2.181178695022383 20 -0.2871576228841135
      vertex -2.1250368178359507 20 -0.5694018992255456
    endloop
  endfacet
  facet normal 0 1 0
    outer loop
      vertex -4.164068417770004 20 -0.5482100073242167
      vertex -2.1250368178359507 20 -0.5694018992255456
      vertex -2.032534971524831 20 -0.8419035512031976
    endloop
  endfacet
  facet normal 0 1 0
    outer loop
      vertex -4.164068417770004 20 -0.5482100073242167
      vertex -4.2 20 0
      vertex -2.181178695022383 20 -0.2871576228841135
    endloop
  endfacet
  facet normal 0 1 0
    outer loop
      vertex -4.2 20 0
      vertex -4.164068417770004 20 0.5482100073242167
      vertex -2.181178695022383 20 0.2871576228841135
    endloop
  endfacet
  facet normal 0 1 0
    outer loop
      vertex -4.2 20 0
      vertex -2.2 20 0
      vertex -2.181178695022383 20 -0.2871576228841135
    endloop
  endfacet
  facet normal 0 1 0
    outer loop
      vertex -4.2 20 0
      vertex -2.181178695022383 20 0.2871576228841135
      vertex -2.2 20 0
    endloop
  endfacet
  facet normal 0 1 0
    outer loop
      vertex -4.164068417770004 20 0.5482100073242167
      vertex -4.056888470414087 20 1.087039989430587
      vertex -2.181178695022383 20 0.2871576228841135
    endloop
  endfacet
  facet normal 0 1 0
    outer loop
      vertex -4.056888470414087 20 1.087039989430587
      vertex -2.1250368178359507 20 0.5694018992255456
      vertex -2.181178695022383 20 0.2871576228841135
    endloop
  endfacet
  facet normal 0 1 0
    outer loop
      vertex -4.056888470414087 20 1.087039989430587
      vertex -2.032534971524831 20 0.8419035512031976
      vertex -2.1250368178359507 20 0.5694018992255456
    endloop
  endfacet
  facet normal 0 1 0
    outer loop
      vertex -4.056888470414087 20 1.087039989430587
      vertex -3.8802940365474043 20 1.607270415933377
      vertex -2.032534971524831 20 0.8419035512031976
    endloop
  endfacet
  facet normal 0 1 0
    outer loop
      vertex -3.8802940365474043 20 1.607270415933377
      vertex -1.905255888325765 20 1.1
      vertex -2.032534971524831 20 0.8419035512031976
    endloop
  endfacet
  facet normal 0 1 0
    outer loop
      vertex -3.8802940365474043 20 1.607270415933377
      vertex -1.7453773486407176 20 1.3392751438191854
      vertex -1.905255888325765 20 1.1
    endloop
  endfacet
  facet normal 0 1 0
    outer loop
      vertex -3.8802940365474043 20 1.607270415933377
      vertex -1.5556349186104048 20 1.5556349186104048
      vertex -1.7453773486407176 20 1.3392751438191854
    endloop
  endfacet
  facet normal -0.8968727415326883 2.494761156383643e-19 0.4422886902190014
    outer loop
      vertex -3.8802940365474043 6.153317657161431 1.6072704159333768
      vertex -3.6373066958946425 6.607155176878143 2.099999999999999
      vertex -3.637306695894642 20 2.1
    endloop
  endfacet
  facet normal -0.8314696123025459 2.1286814494512676e-19 0.5555702330196013
    outer loop
      vertex -3.6373066958946425 6.607155176878143 2.099999999999999
      vertex -3.332084029223188 6.947942439668975 2.556798001836627
      vertex -3.332084029223188 20 2.556798001836627
    endloop
  endfacet
  facet normal -0.7518398074789775 -1.765693152055147e-19 0.6593458151000687
    outer loop
      vertex -3.332084029223188 6.947942439668975 2.556798001836627
      vertex -2.9698484809835 7.1698484809835 2.9698484809835
      vertex -2.9698484809835 20 2.9698484809835
    endloop
  endfacet
  facet normal -0.6593458151000686 -2.593921598546015e-18 0.7518398074789776
    outer loop
      vertex -2.9698484809835 7.1698484809835 2.9698484809835
      vertex -2.5567980018366274 7.269076426930848 3.3320840292231875
      vertex -2.556798001836627 20 3.332084029223188
    endloop
  endfacet
  facet normal -0.5555702330196016 6.789632964030694e-19 0.8314696123025457
    outer loop
      vertex -2.5567980018366274 7.269076426930848 3.3320840292231875
      vertex -2.1 7.243928459844675 3.637306695894642
      vertex -2.1 20 3.637306695894642
    endloop
  endfacet
  facet normal -0.44228869021900125 -1.5603750194479543e-17 0.8968727415326884
    outer loop
      vertex -2.1 7.243928459844675 3.637306695894642
      vertex -1.6072704159333775 7.094834868414161 3.880294036547404
      vertex -1.607270415933377 20 3.8802940365474043
    endloop
  endfacet
  facet normal -0.32143946530316253 -1.3840110843622293e-19 0.9469301294951054
    outer loop
      vertex -1.6072704159333775 7.094834868414161 3.880294036547404
      vertex -1.087039989430587 6.824346685325231 4.056888470414087
      vertex -1.087039989430587 20 4.056888470414087
    endloop
  endfacet
  facet normal -0.19509032201612797 2.906075448971077e-19 0.9807852804032305
    outer loop
      vertex -1.087039989430587 6.824346685325231 4.056888470414087
      vertex -0.5482100073242167 6.437092038384032 4.164068417770004
      vertex -0.5482100073242167 20 4.164068417770004
    endloop
  endfacet
  facet normal -0.06540312923014326 -1.5421563626114027e-20 0.9978589232386035
    outer loop
      vertex -0.5482100073242167 6.437092038384032 4.164068417770004
      vertex 0 5.939696961967 4.2
      vertex 0 20 4.2
    endloop
  endfacet
  facet normal -0.8968727415326881 -7.092516102478535e-18 0.4422886902190016
    outer loop
      vertex -3.8802940365474043 6.153317657161431 1.6072704159333768
      vertex -3.637306695894642 20 2.1
      vertex -3.8802940365474043 20 1.607270415933377
    endloop
  endfacet
  facet normal -0.8314696123025457 -9.273519561697863e-18 0.5555702330196014
    outer loop
      vertex -3.6373066958946425 6.607155176878143 2.099999999999999
      vertex -3.332084029223188 20 2.556798001836627
      vertex -3.637306695894642 20 2.1
    endloop
  endfacet
  facet normal -0.7518398074789776 0 0.6593458151000687
    outer loop
      vertex -3.332084029223188 6.947942439668975 2.556798001836627
      vertex -2.9698484809835 20 2.9698484809835
      vertex -3.332084029223188 20 2.556798001836627
    endloop
  endfacet
  facet normal -0.6593458151000686 0 0.7518398074789776
    outer loop
      vertex -2.9698484809835 7.1698484809835 2.9698484809835
      vertex -2.556798001836627 20 3.332084029223188
      vertex -2.9698484809835 20 2.9698484809835
    endloop
  endfacet
  facet normal 0 1 0
    outer loop
      vertex -3.8802940365474043 20 1.607270415933377
      vertex -3.637306695894642 20 2.1
      vertex -1.5556349186104048 20 1.5556349186104048
    endloop
  endfacet
  facet normal 0 1 0
    outer loop
      vertex -3.637306695894642 20 2.1
      vertex -3.332084029223188 20 2.556798001836627
      vertex -0.8419035512031976 20 2.032534971524831
    endloop
  endfacet
  facet normal -0.5555702330196014 -9.624120091575382e-18 0.8314696123025458
    outer loop
      vertex -2.5567980018366274 7.269076426930848 3.3320840292231875
      vertex -2.1 20 3.637306695894642
      vertex -2.556798001836627 20 3.332084029223188
    endloop
  endfacet
  facet normal -0.4422886902190015 0 0.8968727415326881
    outer loop
      vertex -2.1 7.243928459844675 3.637306695894642
      vertex -1.607270415933377 20 3.8802940365474043
      vertex -2.1 20 3.637306695894642
    endloop
  endfacet
  facet normal -0.32143946530316203 -2.1524223208095992e-17 0.9469301294951056
    outer loop
      vertex -1.6072704159333775 7.094834868414161 3.880294036547404
      vertex -1.087039989430587 20 4.056888470414087
      vertex -1.607270415933377 20 3.8802940365474043
    endloop
  endfacet
  facet normal -0.19509032201612797 0 0.9807852804032305
    outer loop
      vertex -1.087039989430587 6.824346685325231 4.056888470414087
      vertex -0.5482100073242167 20 4.164068417770004
      vertex -1.087039989430587 20 4.056888470414087
    endloop
  endfacet
  facet normal -0.06540312923014326 0 0.9978589232386035
    outer loop
      vertex -0.5482100073242167 6.437092038384032 4.164068417770004
      vertex 0 20 4.2
      vertex -0.5482100073242167 20 4.164068417770004
    endloop
  endfacet
  facet normal 0 1 0
    outer loop
      vertex -3.637306695894642 20 2.1
      vertex -1.3392751438191854 20 1.7453773486407176
      vertex -1.5556349186104048 20 1.5556349186104048
    endloop
  endfacet
  facet normal 0 1 0
    outer loop
      vertex -3.637306695894642 20 2.1
      vertex -1.1 20 1.905255888325765
      vertex -1.3392751438191854 20 1.7453773486407176
    endloop
  endfacet
  facet normal 0 1 0
    outer loop
      vertex -3.637306695894642 20 2.1
      vertex -0.8419035512031976 20 2.032534971524831
      vertex -1.1 20 1.905255888325765
    endloop
  endfacet
  facet normal 0 1 0
    outer loop
      vertex -3.332084029223188 20 2.556798001836627
      vertex -0.5694018992255456 20 2.1250368178359507
      vertex -0.8419035512031976 20 2.032534971524831
    endloop
  endfacet
  facet normal 0 1 0
    outer loop
      vertex -3.332084029223188 20 2.556798001836627
      vertex -0.2871576228841135 20 2.181178695022383
      vertex -0.5694018992255456 20 2.1250368178359507
    endloop
  endfacet
  facet normal 0 1 0
    outer loop
      vertex -3.332084029223188 20 2.556798001836627
      vertex 0 20 2.2
      vertex -0.2871576228841135 20 2.181178695022383
    endloop
  endfacet
  facet normal 0 1 0
    outer loop
      vertex -3.332084029223188 20 2.556798001836627
      vertex -2.9698484809835 20 2.9698484809835
      vertex 3.332084029223188 20 2.556798001836627
    endloop
  endfacet
  facet normal 0 1 0
    outer loop
      vertex -2.9698484809835 20 2.9698484809835
      vertex -2.556798001836627 20 3.332084029223188
      vertex 2.9698484809835 20 2.9698484809835
    endloop
  endfacet
  facet normal 0 1 0
    outer loop
      vertex -2.556798001836627 20 3.332084029223188
      vertex -2.1 20 3.637306695894642
      vertex 2.556798001836627 20 3.332084029223188
    endloop
  endfacet
  facet normal 0 1 0
    outer loop
      vertex -2.1 20 3.637306695894642
      vertex -1.607270415933377 20 3.8802940365474043
      vertex 2.1 20 3.637306695894642
    endloop
  endfacet
  facet normal 0 1 0
    outer loop
      vertex -1.607270415933377 20 3.8802940365474043
      vertex -1.087039989430587 20 4.056888470414087
      vertex 1.607270415933377 20 3.8802940365474043
    endloop
  endfacet
  facet normal 0 1 0
    outer loop
      vertex -1.087039989430587 20 4.056888470414087
      vertex -0.5482100073242167 20 4.164068417770004
      vertex 1.087039989430587 20 4.056888470414087
    endloop
  endfacet
  facet normal 0.5555702330196015 9.388629552397056e-20 -0.8314696123025458
    outer loop
      vertex 2.556798001836627 2.556798001836627 -3.332084029223188
      vertex 2.1558334160619284 2.1558334160619284 -3.6000000000000014
      vertex 2.1558334160619284 20 -3.6000000000000014
    endloop
  endfacet
  facet normal 0.6593458151000687 -1.3302354152081944e-19 -0.7518398074789776
    outer loop
      vertex 2.556798001836627 2.556798001836627 -3.332084029223188
      vertex 2.9698484809835 20 -2.9698484809835
      vertex 2.9698484809835 2.9698484809835 -2.9698484809835
    endloop
  endfacet
  facet normal 0.7518398074789775 0 -0.6593458151000686
    outer loop
      vertex 2.9698484809835 2.9698484809835 -2.9698484809835
      vertex 2.9698484809835 20 -2.9698484809835
      vertex 3.332084029223188 3.332084029223188 -2.556798001836627
    endloop
  endfacet
  facet normal 0.8314696123025457 0 -0.5555702330196014
    outer loop
      vertex 3.332084029223188 3.332084029223188 -2.556798001836627
      vertex 3.332084029223188 20 -2.556798001836627
      vertex 3.637306695894642 3.637306695894642 -2.1
    endloop
  endfacet
  facet normal 0.8968727415326883 0 -0.4422886902190016
    outer loop
      vertex 3.637306695894642 3.637306695894642 -2.1
      vertex 3.637306695894642 20 -2.1
      vertex 3.8802940365474043 3.8802940365474043 -1.607270415933377
    endloop
  endfacet
  facet normal 0.9469301294951057 0 -0.32143946530316203
    outer loop
      vertex 3.8802940365474043 3.8802940365474043 -1.607270415933377
      vertex 3.8802940365474043 20 -1.607270415933377
      vertex 4.056888470414087 4.056888470414087 -1.087039989430587
    endloop
  endfacet
  facet normal 0.9807852804032304 0 -0.19509032201612794
    outer loop
      vertex 4.056888470414087 4.056888470414087 -1.087039989430587
      vertex 4.056888470414087 20 -1.087039989430587
      vertex 4.164068417770004 4.164068417770004 -0.5482100073242167
    endloop
  endfacet
  facet normal 0.9978589232386035 0 -0.06540312923014324
    outer loop
      vertex 4.164068417770004 4.164068417770004 -0.5482100073242167
      vertex 4.164068417770004 20 -0.5482100073242167
      vertex 4.2 4.200000000000001 2.092139535321998e-17
    endloop
  endfacet
  facet normal 0.9978589232386035 1.4397248584987657e-20 0.06540312923014326
    outer loop
      vertex 4.2 4.200000000000001 2.092139535321998e-17
      vertex 4.164068417770004 20 0.5482100073242167
      vertex 4.164068417770004 4.939354445156566 0.5482100073242167
    endloop
  endfacet
  facet normal 0.5555702330196015 0 -0.8314696123025458
    outer loop
      vertex 2.556798001836627 2.556798001836627 -3.332084029223188
      vertex 2.1558334160619284 20 -3.6000000000000014
      vertex 2.556798001836627 20 -3.332084029223188
    endloop
  endfacet
  facet normal 0.6593458151000686 0 -0.7518398074789776
    outer loop
      vertex 2.556798001836627 2.556798001836627 -3.332084029223188
      vertex 2.556798001836627 20 -3.332084029223188
      vertex 2.9698484809835 20 -2.9698484809835
    endloop
  endfacet
  facet normal 0.7518398074789776 0 -0.6593458151000687
    outer loop
      vertex 3.332084029223188 3.332084029223188 -2.556798001836627
      vertex 2.9698484809835 20 -2.9698484809835
      vertex 3.332084029223188 20 -2.556798001836627
    endloop
  endfacet
  facet normal 0.8314696123025457 0 -0.5555702330196015
    outer loop
      vertex 3.637306695894642 3.637306695894642 -2.1
      vertex 3.332084029223188 20 -2.556798001836627
      vertex 3.637306695894642 20 -2.1
    endloop
  endfacet
  facet normal 0.8968727415326881 0 -0.4422886902190016
    outer loop
      vertex 3.8802940365474043 3.8802940365474043 -1.607270415933377
      vertex 3.637306695894642 20 -2.1
      vertex 3.8802940365474043 20 -1.607270415933377
    endloop
  endfacet
  facet normal 0.9469301294951055 0 -0.32143946530316203
    outer loop
      vertex 4.056888470414087 4.056888470414087 -1.087039989430587
      vertex 3.8802940365474043 20 -1.607270415933377
      vertex 4.056888470414087 20 -1.087039989430587
    endloop
  endfacet
  facet normal 0.9807852804032304 0 0.19509032201612794
    outer loop
      vertex 4.164068417770004 4.939354445156566 0.5482100073242167
      vertex 4.164068417770004 20 0.5482100073242167
      vertex 4.056888470414087 5.5941951663087295 1.087039989430587
    endloop
  endfacet
  facet normal 0.9469301294951055 0 0.321439465303162
    outer loop
      vertex 4.056888470414087 5.5941951663087295 1.087039989430587
      vertex 4.056888470414087 20 1.087039989430587
      vertex 3.8802940365474043 6.153317657161431 1.607270415933377
    endloop
  endfacet
  facet normal 0.9807852804032305 0 -0.195090322016128
    outer loop
      vertex 4.164068417770004 4.164068417770004 -0.5482100073242167
      vertex 4.056888470414087 20 -1.087039989430587
      vertex 4.164068417770004 20 -0.5482100073242167
    endloop
  endfacet
  facet normal 0.9978589232386035 -8.660283063047879e-20 -0.06540312923014324
    outer loop
      vertex 4.2 4.200000000000001 2.092139535321998e-17
      vertex 4.164068417770004 20 -0.5482100073242167
      vertex 4.2 20 0
    endloop
  endfacet
  facet normal 0.9978589232386035 8.660283063047879e-20 0.06540312923014324
    outer loop
      vertex 4.2 4.200000000000001 2.092139535321998e-17
      vertex 4.2 20 0
      vertex 4.164068417770004 20 0.5482100073242167
    endloop
  endfacet
  facet normal 0 1 0
    outer loop
      vertex 2.556798001836627 20 -3.332084029223188
      vertex 2.1558334160619284 20 -3.6000000000000014
      vertex -2.1558334160619284 20 -3.6000000000000014
    endloop
  endfacet
  facet normal 0 1 0
    outer loop
      vertex -2.9698484809835 20 -2.9698484809835
      vertex 2.9698484809835 20 -2.9698484809835
      vertex 2.556798001836627 20 -3.332084029223188
    endloop
  endfacet
  facet normal 0 1 0
    outer loop
      vertex -3.332084029223188 20 -2.556798001836627
      vertex 3.332084029223188 20 -2.556798001836627
      vertex 2.9698484809835 20 -2.9698484809835
    endloop
  endfacet
  facet normal 0 1 0
    outer loop
      vertex 3.332084029223188 20 -2.556798001836627
      vertex 0 20 -2.2
      vertex 0.2871576228841135 20 -2.181178695022383
    endloop
  endfacet
  facet normal 0 1 0
    outer loop
      vertex 3.332084029223188 20 -2.556798001836627
      vertex 0.2871576228841135 20 -2.181178695022383
      vertex 0.5694018992255456 20 -2.1250368178359507
    endloop
  endfacet
  facet normal 0 1 0
    outer loop
      vertex 3.332084029223188 20 -2.556798001836627
      vertex 0.5694018992255456 20 -2.1250368178359507
      vertex 0.8419035512031976 20 -2.032534971524831
    endloop
  endfacet
  facet normal 0 1 0
    outer loop
      vertex 3.637306695894642 20 -2.1
      vertex 0.8419035512031976 20 -2.032534971524831
      vertex 1.1 20 -1.905255888325765
    endloop
  endfacet
  facet normal 0 1 0
    outer loop
      vertex 3.637306695894642 20 -2.1
      vertex 1.1 20 -1.905255888325765
      vertex 1.3392751438191854 20 -1.7453773486407176
    endloop
  endfacet
  facet normal 0 1 0
    outer loop
      vertex 3.637306695894642 20 -2.1
      vertex 1.3392751438191854 20 -1.7453773486407176
      vertex 1.5556349186104048 20 -1.5556349186104048
    endloop
  endfacet
  facet normal 0 1 0
    outer loop
      vertex 3.8802940365474043 20 -1.607270415933377
      vertex 1.5556349186104048 20 -1.5556349186104048
      vertex 1.7453773486407176 20 -1.3392751438191854
    endloop
  endfacet
  facet normal 0 1 0
    outer loop
      vertex 3.332084029223188 20 -2.556798001836627
      vertex 0.8419035512031976 20 -2.032534971524831
      vertex 3.637306695894642 20 -2.1
    endloop
  endfacet
  facet normal 0 1 0
    outer loop
      vertex 3.637306695894642 20 -2.1
      vertex 1.5556349186104048 20 -1.5556349186104048
      vertex 3.8802940365474043 20 -1.607270415933377
    endloop
  endfacet
  facet normal 0 1 0
    outer loop
      vertex 3.8802940365474043 20 -1.607270415933377
      vertex 1.7453773486407176 20 -1.3392751438191854
      vertex 1.905255888325765 20 -1.1
    endloop
  endfacet
  facet normal 0 1 0
    outer loop
      vertex 3.8802940365474043 20 -1.607270415933377
      vertex 1.905255888325765 20 -1.1
      vertex 2.032534971524831 20 -0.8419035512031976
    endloop
  endfacet
  facet normal 0 1 0
    outer loop
      vertex 3.8802940365474043 20 -1.607270415933377
      vertex 2.032534971524831 20 -0.8419035512031976
      vertex 4.056888470414087 20 -1.087039989430587
    endloop
  endfacet
  facet normal 0 1 0
    outer loop
      vertex 3.8802940365474043 20 1.607270415933377
      vertex 1.7453773486407176 20 1.3392751438191854
      vertex 1.5556349186104048 20 1.5556349186104048
    endloop
  endfacet
  facet normal 0.9807852804032305 0 0.195090322016128
    outer loop
      vertex 4.056888470414087 5.5941951663087295 1.087039989430587
      vertex 4.164068417770004 20 0.5482100073242167
      vertex 4.056888470414087 20 1.087039989430587
    endloop
  endfacet
  facet normal 0.9469301294951055 0 0.321439465303162
    outer loop
      vertex 3.8802940365474043 6.153317657161431 1.607270415933377
      vertex 4.056888470414087 20 1.087039989430587
      vertex 3.8802940365474043 20 1.607270415933377
    endloop
  endfacet
  facet normal 0 1 0
    outer loop
      vertex 4.056888470414087 20 -1.087039989430587
      vertex 2.032534971524831 20 -0.8419035512031976
      vertex 2.1250368178359507 20 -0.5694018992255456
    endloop
  endfacet
  facet normal 0 1 0
    outer loop
      vertex 4.056888470414087 20 -1.087039989430587
      vertex 2.1250368178359507 20 -0.5694018992255456
      vertex 2.181178695022383 20 -0.2871576228841135
    endloop
  endfacet
  facet normal 0 1 0
    outer loop
      vertex 4.056888470414087 20 -1.087039989430587
      vertex 2.181178695022383 20 -0.2871576228841135
      vertex 4.164068417770004 20 -0.5482100073242167
    endloop
  endfacet
  facet normal 0 1 0
    outer loop
      vertex 4.2 20 0
      vertex 2.181178695022383 20 -0.2871576228841135
      vertex 2.2 20 0
    endloop
  endfacet
  facet normal 0 1 0
    outer loop
      vertex 4.2 20 0
      vertex 2.2 20 0
      vertex 2.181178695022383 20 0.2871576228841135
    endloop
  endfacet
  facet normal 0 1 0
    outer loop
      vertex 4.164068417770004 20 -0.5482100073242167
      vertex 2.181178695022383 20 -0.2871576228841135
      vertex 4.2 20 0
    endloop
  endfacet
  facet normal 0 1 0
    outer loop
      vertex 4.2 20 0
      vertex 2.181178695022383 20 0.2871576228841135
      vertex 4.164068417770004 20 0.5482100073242167
    endloop
  endfacet
  facet normal 0 1 0
    outer loop
      vertex 4.164068417770004 20 0.5482100073242167
      vertex 2.181178695022383 20 0.2871576228841135
      vertex 2.1250368178359507 20 0.5694018992255456
    endloop
  endfacet
  facet normal 0 1 0
    outer loop
      vertex 4.164068417770004 20 0.5482100073242167
      vertex 2.1250368178359507 20 0.5694018992255456
      vertex 2.032534971524831 20 0.8419035512031976
    endloop
  endfacet
  facet normal 0 1 0
    outer loop
      vertex 4.164068417770004 20 0.5482100073242167
      vertex 2.032534971524831 20 0.8419035512031976
      vertex 4.056888470414087 20 1.087039989430587
    endloop
  endfacet
  facet normal 0 1 0
    outer loop
      vertex 4.056888470414087 20 1.087039989430587
      vertex 2.032534971524831 20 0.8419035512031976
      vertex 1.905255888325765 20 1.1
    endloop
  endfacet
  facet normal 0 1 0
    outer loop
      vertex 4.056888470414087 20 1.087039989430587
      vertex 1.905255888325765 20 1.1
      vertex 1.7453773486407176 20 1.3392751438191854
    endloop
  endfacet
  facet normal 0 1 0
    outer loop
      vertex 4.056888470414087 20 1.087039989430587
      vertex 1.7453773486407176 20 1.3392751438191854
      vertex 3.8802940365474043 20 1.607270415933377
    endloop
  endfacet
  facet normal 0.06540312923014326 0 0.9978589232386035
    outer loop
      vertex 0 5.939696961967 4.2
      vertex 0.5482100073242167 6.437092038384032 4.164068417770004
      vertex 0 20 4.2
    endloop
  endfacet
  facet normal 0.19509032201612797 0 0.9807852804032307
    outer loop
      vertex 0.5482100073242167 6.437092038384032 4.164068417770004
      vertex 1.087039989430587 6.824346685325231 4.056888470414087
      vertex 0.5482100073242167 20 4.164068417770004
    endloop
  endfacet
  facet normal 0.5555702330196014 8.293550684501042e-20 0.8314696123025458
    outer loop
      vertex 2.1 7.243928459844675 3.637306695894642
      vertex 2.556798001836627 7.269076426930848 3.332084029223188
      vertex 2.556798001836627 20 3.332084029223188
    endloop
  endfacet
  facet normal 0.4422886902190015 3.9997102519198435e-19 0.8968727415326881
    outer loop
      vertex 2.1 7.243928459844675 3.637306695894642
      vertex 1.607270415933377 20 3.8802940365474043
      vertex 1.607270415933377 7.09483486841416 3.8802940365474043
    endloop
  endfacet
  facet normal 0.32143946530316203 0 0.9469301294951056
    outer loop
      vertex 1.087039989430587 6.824346685325231 4.056888470414087
      vertex 1.607270415933377 7.09483486841416 3.8802940365474043
      vertex 1.087039989430587 20 4.056888470414087
    endloop
  endfacet
  facet normal 0.8314696123025456 0 0.5555702330196016
    outer loop
      vertex 3.637306695894642 6.607155176878143 2.1
      vertex 3.637306695894642 20 2.1
      vertex 3.3320840292231875 6.947942439668975 2.5567980018366274
    endloop
  endfacet
  facet normal 0.7518398074789776 -4.487692662626583e-18 0.6593458151000686
    outer loop
      vertex 2.9698484809835 7.1698484809835 2.9698484809835
      vertex 3.3320840292231875 6.947942439668975 2.5567980018366274
      vertex 3.332084029223188 20 2.556798001836627
    endloop
  endfacet
  facet normal 0.8968727415326881 3.727746473957235e-19 0.4422886902190015
    outer loop
      vertex 3.637306695894642 6.607155176878143 2.1
      vertex 3.8802940365474043 6.153317657161431 1.607270415933377
      vertex 3.8802940365474043 20 1.607270415933377
    endloop
  endfacet
  facet normal 0.6593458151000686 0 0.7518398074789776
    outer loop
      vertex 2.9698484809835 7.1698484809835 2.9698484809835
      vertex 2.9698484809835 20 2.9698484809835
      vertex 2.556798001836627 7.269076426930848 3.332084029223188
    endloop
  endfacet
  facet normal 0.06540312923014326 0 0.9978589232386035
    outer loop
      vertex 0.5482100073242167 6.437092038384032 4.164068417770004
      vertex 0.5482100073242167 20 4.164068417770004
      vertex 0 20 4.2
    endloop
  endfacet
  facet normal 0.19509032201612797 0 0.9807852804032305
    outer loop
      vertex 1.087039989430587 6.824346685325231 4.056888470414087
      vertex 1.087039989430587 20 4.056888470414087
      vertex 0.5482100073242167 20 4.164068417770004
    endloop
  endfacet
  facet normal 0.5555702330196014 0 0.8314696123025457
    outer loop
      vertex 2.1 7.243928459844675 3.637306695894642
      vertex 2.556798001836627 20 3.332084029223188
      vertex 2.1 20 3.637306695894642
    endloop
  endfacet
  facet normal 0.32143946530316203 0 0.9469301294951056
    outer loop
      vertex 1.607270415933377 7.09483486841416 3.8802940365474043
      vertex 1.607270415933377 20 3.8802940365474043
      vertex 1.087039989430587 20 4.056888470414087
    endloop
  endfacet
  facet normal 0.4422886902190015 0 0.8968727415326881
    outer loop
      vertex 2.1 7.243928459844675 3.637306695894642
      vertex 2.1 20 3.637306695894642
      vertex 1.607270415933377 20 3.8802940365474043
    endloop
  endfacet
  facet normal 0 1 0
    outer loop
      vertex -3.332084029223188 20 2.556798001836627
      vertex 3.637306695894642 20 2.1
      vertex 0 20 2.2
    endloop
  endfacet
  facet normal 0 1 0
    outer loop
      vertex -3.332084029223188 20 2.556798001836627
      vertex 3.332084029223188 20 2.556798001836627
      vertex 3.637306695894642 20 2.1
    endloop
  endfacet
  facet normal 0 1 0
    outer loop
      vertex -2.9698484809835 20 2.9698484809835
      vertex 2.9698484809835 20 2.9698484809835
      vertex 3.332084029223188 20 2.556798001836627
    endloop
  endfacet
  facet normal 0 1 0
    outer loop
      vertex 3.637306695894642 20 2.1
      vertex 0.2871576228841135 20 2.181178695022383
      vertex 0 20 2.2
    endloop
  endfacet
  facet normal 0 1 0
    outer loop
      vertex 3.637306695894642 20 2.1
      vertex 0.5694018992255456 20 2.1250368178359507
      vertex 0.2871576228841135 20 2.181178695022383
    endloop
  endfacet
  facet normal 0 1 0
    outer loop
      vertex 3.637306695894642 20 2.1
      vertex 0.8419035512031976 20 2.032534971524831
      vertex 0.5694018992255456 20 2.1250368178359507
    endloop
  endfacet
  facet normal 0 1 0
    outer loop
      vertex 3.637306695894642 20 2.1
      vertex 1.1 20 1.905255888325765
      vertex 0.8419035512031976 20 2.032534971524831
    endloop
  endfacet
  facet normal 0 1 0
    outer loop
      vertex 3.8802940365474043 20 1.607270415933377
      vertex 1.3392751438191854 20 1.7453773486407176
      vertex 1.1 20 1.905255888325765
    endloop
  endfacet
  facet normal 0 1 0
    outer loop
      vertex 3.8802940365474043 20 1.607270415933377
      vertex 1.5556349186104048 20 1.5556349186104048
      vertex 1.3392751438191854 20 1.7453773486407176
    endloop
  endfacet
  facet normal 0 1 0
    outer loop
      vertex -2.556798001836627 20 3.332084029223188
      vertex 2.556798001836627 20 3.332084029223188
      vertex 2.9698484809835 20 2.9698484809835
    endloop
  endfacet
  facet normal 0 1 0
    outer loop
      vertex -2.1 20 3.637306695894642
      vertex 2.1 20 3.637306695894642
      vertex 2.556798001836627 20 3.332084029223188
    endloop
  endfacet
  facet normal 0 1 0
    outer loop
      vertex -0.5482100073242167 20 4.164068417770004
      vertex 0 20 4.2
      vertex 0.5482100073242167 20 4.164068417770004
    endloop
  endfacet
  facet normal 0 1 0
    outer loop
      vertex -1.087039989430587 20 4.056888470414087
      vertex 1.087039989430587 20 4.056888470414087
      vertex 1.607270415933377 20 3.8802940365474043
    endloop
  endfacet
  facet normal 0 1 0
    outer loop
      vertex -0.5482100073242167 20 4.164068417770004
      vertex 0.5482100073242167 20 4.164068417770004
      vertex 1.087039989430587 20 4.056888470414087
    endloop
  endfacet
  facet normal 0 1 0
    outer loop
      vertex -1.607270415933377 20 3.8802940365474043
      vertex 1.607270415933377 20 3.8802940365474043
      vertex 2.1 20 3.637306695894642
    endloop
  endfacet
  facet normal 0.8968727415326881 0 0.4422886902190016
    outer loop
      vertex 3.637306695894642 6.607155176878143 2.1
      vertex 3.8802940365474043 20 1.607270415933377
      vertex 3.637306695894642 20 2.1
    endloop
  endfacet
  facet normal 0.7518398074789776 0 0.6593458151000686
    outer loop
      vertex 2.9698484809835 7.1698484809835 2.9698484809835
      vertex 3.332084029223188 20 2.556798001836627
      vertex 2.9698484809835 20 2.9698484809835
    endloop
  endfacet
  facet normal 0.8314696123025457 -9.38732738325267e-18 0.5555702330196015
    outer loop
      vertex 3.3320840292231875 6.947942439668975 2.5567980018366274
      vertex 3.637306695894642 20 2.1
      vertex 3.332084029223188 20 2.556798001836627
    endloop
  endfacet
  facet normal 0.6593458151000686 0 0.7518398074789776
    outer loop
      vertex 2.556798001836627 7.269076426930848 3.332084029223188
      vertex 2.9698484809835 20 2.9698484809835
      vertex 2.556798001836627 20 3.332084029223188
    endloop
  endfacet
  facet normal 0 1 0
    outer loop
      vertex 3.637306695894642 20 2.1
      vertex 3.8802940365474043 20 1.607270415933377
      vertex 1.1 20 1.905255888325765
    endloop
  endfacet
  facet normal -1 0 0
    outer loop
      vertex -20 -2.556798001836627 -3.332084029223188
      vertex -20 -2.9698484809835 -2.9698484809835
      vertex -20 -2.556798001836627 3.332084029223188
    endloop
  endfacet
  facet normal -1 0 0
    outer loop
      vertex -20 -2.556798001836627 -3.332084029223188
      vertex -20 -2.032534971524831 -0.8419035512031976
      vertex -20 -2.1558334160619284 -3.6000000000000014
    endloop
  endfacet
  facet normal -1 0 0
    outer loop
      vertex -20 -2.1558334160619284 -3.6000000000000014
      vertex -20 -1.5556349186104048 -1.5556349186104048
      vertex -20 -1.3392751438191854 -1.7453773486407176
    endloop
  endfacet
  facet normal -1 0 0
    outer loop
      vertex -20 -2.1558334160619284 -3.6000000000000014
      vertex -20 -1.1 -1.905255888325765
      vertex -20 -0.8419035512031976 -2.032534971524831
    endloop
  endfacet
  facet normal -1 0 0
    outer loop
      vertex -20 -2.1558334160619284 -3.6000000000000014
      vertex -20 -1.3392751438191854 -1.7453773486407176
      vertex -20 -1.1 -1.905255888325765
    endloop
  endfacet
  facet normal -1 0 0
    outer loop
      vertex -20 -2.1558334160619284 -3.6000000000000014
      vertex -20 -0.5694018992255456 -2.1250368178359507
      vertex -20 -0.2871576228841135 -2.181178695022383
    endloop
  endfacet
  facet normal -1 0 0
    outer loop
      vertex -20 -2.1558334160619284 -3.6000000000000014
      vertex -20 -0.2871576228841135 -2.181178695022383
      vertex -20 0 -2.2
    endloop
  endfacet
  facet normal -1 0 0
    outer loop
      vertex -20 -2.1558334160619284 -3.6000000000000014
      vertex -20 -0.8419035512031976 -2.032534971524831
      vertex -20 -0.5694018992255456 -2.1250368178359507
    endloop
  endfacet
  facet normal -1 0 0
    outer loop
      vertex -20 -2.1558334160619284 -3.6000000000000014
      vertex -20 0 -2.2
      vertex -20 0.2871576228841135 -2.181178695022383
    endloop
  endfacet
  facet normal -1 0 0
    outer loop
      vertex -20 -2.1558334160619284 -3.6000000000000014
      vertex -20 0.2871576228841135 -2.181178695022383
      vertex -20 0.5694018992255456 -2.1250368178359507
    endloop
  endfacet
  facet normal -1 0 0
    outer loop
      vertex -20 -2.1558334160619284 -3.6000000000000014
      vertex -20 0.5694018992255456 -2.1250368178359507
      vertex -20 0.8419035512031976 -2.032534971524831
    endloop
  endfacet
  facet normal -1 0 0
    outer loop
      vertex -20 -2.1558334160619284 -3.6000000000000014
      vertex -20 0.8419035512031976 -2.032534971524831
      vertex -20 1.1 -1.905255888325765
    endloop
  endfacet
  facet normal -1 0 0
    outer loop
      vertex -20 -2.1558334160619284 -3.6000000000000014
      vertex -20 -1.905255888325765 -1.1
      vertex -20 -1.7453773486407176 -1.3392751438191854
    endloop
  endfacet
  facet normal -1 0 0
    outer loop
      vertex -20 -1.905255888325765 -1.1
      vertex -20 -2.1558334160619284 -3.6000000000000014
      vertex -20 -2.032534971524831 -0.8419035512031976
    endloop
  endfacet
  facet normal -1 0 0
    outer loop
      vertex -20 -2.1558334160619284 -3.6000000000000014
      vertex -20 -1.7453773486407176 -1.3392751438191854
      vertex -20 -1.5556349186104048 -1.5556349186104048
    endloop
  endfacet
  facet normal -1 0 0
    outer loop
      vertex -20 -2.556798001836627 -3.332084029223188
      vertex -20 -2.1250368178359507 -0.5694018992255456
      vertex -20 -2.032534971524831 -0.8419035512031976
    endloop
  endfacet
  facet normal -1 0 0
    outer loop
      vertex -20 -2.556798001836627 -3.332084029223188
      vertex -20 -2.181178695022383 -0.2871576228841135
      vertex -20 -2.1250368178359507 -0.5694018992255456
    endloop
  endfacet
  facet normal -1 0 0
    outer loop
      vertex -20 -2.556798001836627 -3.332084029223188
      vertex -20 -2.2 0
      vertex -20 -2.181178695022383 -0.2871576228841135
    endloop
  endfacet
  facet normal -1 0 0
    outer loop
      vertex -20 -3.8802940365474043 -1.607270415933377
      vertex -20 -4.056888470414087 -1.087039989430587
      vertex -20 -3.8802940365474043 1.607270415933377
    endloop
  endfacet
  facet normal -1 0 0
    outer loop
      vertex -20 -4.056888470414087 -1.087039989430587
      vertex -20 -4.164068417770004 -0.5482100073242167
      vertex -20 -4.056888470414087 1.087039989430587
    endloop
  endfacet
  facet normal -1 0 0
    outer loop
      vertex -20 -4.164068417770004 -0.5482100073242167
      vertex -20 -4.2 0
      vertex -20 -4.164068417770004 0.5482100073242167
    endloop
  endfacet
  facet normal -1 0 0
    outer loop
      vertex -20 -3.332084029223188 -2.556798001836627
      vertex -20 -3.637306695894642 -2.1
      vertex -20 -3.332084029223188 2.556798001836627
    endloop
  endfacet
  facet normal -1 0 0
    outer loop
      vertex -20 -3.8802940365474043 -1.607270415933377
      vertex -20 -3.637306695894642 2.1
      vertex -20 -3.637306695894642 -2.1
    endloop
  endfacet
  facet normal -1 0 0
    outer loop
      vertex -20 -2.9698484809835 -2.9698484809835
      vertex -20 -3.332084029223188 -2.556798001836627
      vertex -20 -2.9698484809835 2.9698484809835
    endloop
  endfacet
  facet normal -1 0 0
    outer loop
      vertex -20 -4.164068417770004 -0.5482100073242167
      vertex -20 -4.164068417770004 0.5482100073242167
      vertex -20 -4.056888470414087 1.087039989430587
    endloop
  endfacet
  facet normal -1 0 0
    outer loop
      vertex -20 -4.056888470414087 -1.087039989430587
      vertex -20 -4.056888470414087 1.087039989430587
      vertex -20 -3.8802940365474043 1.607270415933377
    endloop
  endfacet
  facet normal -1 0 0
    outer loop
      vertex -20 -3.8802940365474043 -1.607270415933377
      vertex -20 -3.8802940365474043 1.607270415933377
      vertex -20 -3.637306695894642 2.1
    endloop
  endfacet
  facet normal -1 0 0
    outer loop
      vertex -20 -3.637306695894642 -2.1
      vertex -20 -3.637306695894642 2.1
      vertex -20 -3.332084029223188 2.556798001836627
    endloop
  endfacet
  facet normal -1 0 0
    outer loop
      vertex -20 -3.332084029223188 -2.556798001836627
      vertex -20 -3.332084029223188 2.556798001836627
      vertex -20 -2.9698484809835 2.9698484809835
    endloop
  endfacet
  facet normal -1 0 0
    outer loop
      vertex -20 -2.9698484809835 -2.9698484809835
      vertex -20 -2.9698484809835 2.9698484809835
      vertex -20 -2.556798001836627 3.332084029223188
    endloop
  endfacet
  facet normal -1 0 0
    outer loop
      vertex -20 -2.556798001836627 -3.332084029223188
      vertex -20 -2.1 3.637306695894642
      vertex -20 -2.2 0
    endloop
  endfacet
  facet normal -1 0 0
    outer loop
      vertex -20 -2.556798001836627 -3.332084029223188
      vertex -20 -2.556798001836627 3.332084029223188
      vertex -20 -2.1 3.637306695894642
    endloop
  endfacet
  facet normal -1 0 0
    outer loop
      vertex -20 -2.1 3.637306695894642
      vertex -20 -2.181178695022383 0.2871576228841135
      vertex -20 -2.2 0
    endloop
  endfacet
  facet normal -1 0 0
    outer loop
      vertex -20 -2.1 3.637306695894642
      vertex -20 -2.1250368178359507 0.5694018992255456
      vertex -20 -2.181178695022383 0.2871576228841135
    endloop
  endfacet
  facet normal 6.410841564587789e-18 -0.9807852804032305 0.195090322016128
    outer loop
      vertex -20 -4.164068417770004 0.5482100073242167
      vertex -5.5941951663087295 -4.056888470414087 1.0870399894305867
      vertex -20 -4.056888470414087 1.087039989430587
    endloop
  endfacet
  facet normal -9.154269894358673e-18 -0.9469301294951055 0.321439465303162
    outer loop
      vertex -20 -4.056888470414087 1.087039989430587
      vertex -6.1533176571614305 -3.880294036547405 1.6072704159333762
      vertex -20 -3.8802940365474043 1.607270415933377
    endloop
  endfacet
  facet normal 1.3302354152081944e-19 -0.6593458151000686 -0.7518398074789775
    outer loop
      vertex -20 -2.556798001836627 -3.332084029223188
      vertex -2.9698484809835 -2.9698484809835 -2.9698484809835
      vertex -20 -2.9698484809835 -2.9698484809835
    endloop
  endfacet
  facet normal 1.3591447615092327e-19 -0.7518398074789776 -0.6593458151000687
    outer loop
      vertex -20 -2.9698484809835 -2.9698484809835
      vertex -3.332084029223188 -3.332084029223188 -2.556798001836627
      vertex -20 -3.332084029223188 -2.556798001836627
    endloop
  endfacet
  facet normal 0 -0.8968727415326881 -0.4422886902190016
    outer loop
      vertex -20 -3.8802940365474043 -1.607270415933377
      vertex -20 -3.637306695894642 -2.1
      vertex -3.8802940365474043 -3.8802940365474043 -1.607270415933377
    endloop
  endfacet
  facet normal 5.8715977611771215e-19 -0.9469301294951055 -0.32143946530316203
    outer loop
      vertex -20 -3.8802940365474043 -1.607270415933377
      vertex -4.056888470414087 -4.056888470414087 -1.087039989430587
      vertex -20 -4.056888470414087 -1.087039989430587
    endloop
  endfacet
  facet normal 6.452761654297293e-20 -0.8314696123025457 -0.5555702330196015
    outer loop
      vertex -20 -3.332084029223188 -2.556798001836627
      vertex -3.637306695894642 -3.637306695894642 -2.1
      vertex -20 -3.637306695894642 -2.1
    endloop
  endfacet
  facet normal -9.388629552397056e-20 -0.5555702330196015 -0.8314696123025458
    outer loop
      vertex -20 -2.556798001836627 -3.332084029223188
      vertex -20 -2.1558334160619284 -3.6000000000000014
      vertex -2.1558334160619284 -2.1558334160619284 -3.6000000000000014
    endloop
  endfacet
  facet normal -2.4889494905456123e-19 -0.9807852804032305 -0.195090322016128
    outer loop
      vertex -20 -4.056888470414087 -1.087039989430587
      vertex -4.164068417770004 -4.164068417770004 -0.5482100073242167
      vertex -20 -4.164068417770004 -0.5482100073242167
    endloop
  endfacet
  facet normal -5.607974238403974e-17 -0.9978589232386035 -0.06540312923014326
    outer loop
      vertex -20 -4.164068417770004 -0.5482100073242167
      vertex -4.2 -4.200000000000001 0
      vertex -20 -4.2 0
    endloop
  endfacet
  facet normal 6.2753053237458045e-18 -0.9978589232386035 0.06540312923014324
    outer loop
      vertex -20 -4.2 0
      vertex -4.939354445156564 -4.164068417770004 0.5482100073242152
      vertex -20 -4.164068417770004 0.5482100073242167
    endloop
  endfacet
  facet normal 1.8695871738940234e-17 -0.9807852804032305 0.1950903220161276
    outer loop
      vertex -20 -4.164068417770004 0.5482100073242167
      vertex -4.939354445156564 -4.164068417770004 0.5482100073242152
      vertex -5.5941951663087295 -4.056888470414087 1.0870399894305867
    endloop
  endfacet
  facet normal 9.909047068807932e-18 -0.9469301294951057 0.32143946530316153
    outer loop
      vertex -20 -4.056888470414087 1.087039989430587
      vertex -5.5941951663087295 -4.056888470414087 1.0870399894305867
      vertex -6.1533176571614305 -3.880294036547405 1.6072704159333762
    endloop
  endfacet
  facet normal -1 0 0
    outer loop
      vertex -20 -2.1 3.637306695894642
      vertex -20 -2.032534971524831 0.8419035512031976
      vertex -20 -2.1250368178359507 0.5694018992255456
    endloop
  endfacet
  facet normal -1 0 0
    outer loop
      vertex -20 -2.1 3.637306695894642
      vertex -20 -1.905255888325765 1.1
      vertex -20 -2.032534971524831 0.8419035512031976
    endloop
  endfacet
  facet normal -1 0 0
    outer loop
      vertex -20 -1.607270415933377 3.8802940365474043
      vertex -20 -1.7453773486407176 1.3392751438191854
      vertex -20 -1.905255888325765 1.1
    endloop
  endfacet
  facet normal -1 0 0
    outer loop
      vertex -20 -1.607270415933377 3.8802940365474043
      vertex -20 -1.5556349186104048 1.5556349186104048
      vertex -20 -1.7453773486407176 1.3392751438191854
    endloop
  endfacet
  facet normal -1 0 0
    outer loop
      vertex -20 -1.607270415933377 3.8802940365474043
      vertex -20 -1.3392751438191854 1.7453773486407176
      vertex -20 -1.5556349186104048 1.5556349186104048
    endloop
  endfacet
  facet normal -1 0 0
    outer loop
      vertex -20 -2.1 3.637306695894642
      vertex -20 -1.607270415933377 3.8802940365474043
      vertex -20 -1.905255888325765 1.1
    endloop
  endfacet
  facet normal -1 0 0
    outer loop
      vertex -20 -1.087039989430587 4.056888470414087
      vertex -20 -1.1 1.905255888325765
      vertex -20 -1.3392751438191854 1.7453773486407176
    endloop
  endfacet
  facet normal -1 0 0
    outer loop
      vertex -20 -1.087039989430587 4.056888470414087
      vertex -20 -0.8419035512031976 2.032534971524831
      vertex -20 -1.1 1.905255888325765
    endloop
  endfacet
  facet normal -1 0 0
    outer loop
      vertex -20 -0.5482100073242167 4.164068417770004
      vertex -20 -0.5694018992255456 2.1250368178359507
      vertex -20 -0.8419035512031976 2.032534971524831
    endloop
  endfacet
  facet normal -1 0 0
    outer loop
      vertex -20 -0.5482100073242167 4.164068417770004
      vertex -20 -0.2871576228841135 2.181178695022383
      vertex -20 -0.5694018992255456 2.1250368178359507
    endloop
  endfacet
  facet normal -1 0 0
    outer loop
      vertex -20 0 4.2
      vertex -20 0 2.2
      vertex -20 -0.2871576228841135 2.181178695022383
    endloop
  endfacet
  facet normal -1 0 0
    outer loop
      vertex -20 -1.607270415933377 3.8802940365474043
      vertex -20 -1.087039989430587 4.056888470414087
      vertex -20 -1.3392751438191854 1.7453773486407176
    endloop
  endfacet
  facet normal -1 0 0
    outer loop
      vertex -20 -1.087039989430587 4.056888470414087
      vertex -20 -0.5482100073242167 4.164068417770004
      vertex -20 -0.8419035512031976 2.032534971524831
    endloop
  endfacet
  facet normal -1 0 0
    outer loop
      vertex -20 -0.5482100073242167 4.164068417770004
      vertex -20 0 4.2
      vertex -20 -0.2871576228841135 2.181178695022383
    endloop
  endfacet
  facet normal 5.340563540932204e-20 -0.8968727415326881 0.4422886902190016
    outer loop
      vertex -20 -3.8802940365474043 1.607270415933377
      vertex -6.607155176878142 -3.6373066958946425 2.099999999999999
      vertex -20 -3.637306695894642 2.1
    endloop
  endfacet
  facet normal -8.089495424434851e-20 -0.8314696123025458 0.5555702330196015
    outer loop
      vertex -20 -3.637306695894642 2.1
      vertex -6.947942439668975 -3.332084029223188 2.556798001836627
      vertex -20 -3.332084029223188 2.556798001836627
    endloop
  endfacet
  facet normal -1.765693152055147e-19 -0.7518398074789776 0.6593458151000686
    outer loop
      vertex -20 -3.332084029223188 2.556798001836627
      vertex -7.1698484809835 -2.9698484809835 2.9698484809835
      vertex -20 -2.9698484809835 2.9698484809835
    endloop
  endfacet
  facet normal 0 -0.6593458151000686 0.7518398074789776
    outer loop
      vertex -20 -2.9698484809835 2.9698484809835
      vertex -7.1698484809835 -2.9698484809835 2.9698484809835
      vertex -20 -2.556798001836627 3.332084029223188
    endloop
  endfacet
  facet normal 9.624120091575382e-18 -0.5555702330196014 0.8314696123025458
    outer loop
      vertex -20 -2.556798001836627 3.332084029223188
      vertex -7.269076426930848 -2.5567980018366274 3.3320840292231875
      vertex -20 -2.1 3.637306695894642
    endloop
  endfacet
  facet normal 0 -0.4422886902190015 0.8968727415326881
    outer loop
      vertex -20 -2.1 3.637306695894642
      vertex -7.243928459844675 -2.1 3.637306695894642
      vertex -20 -1.607270415933377 3.8802940365474043
    endloop
  endfacet
  facet normal 2.1524223208095992e-17 -0.32143946530316203 0.9469301294951056
    outer loop
      vertex -20 -1.607270415933377 3.8802940365474043
      vertex -7.09483486841416 -1.6072704159333775 3.880294036547404
      vertex -20 -1.087039989430587 4.056888470414087
    endloop
  endfacet
  facet normal 0 -0.19509032201612797 0.9807852804032305
    outer loop
      vertex -20 -1.087039989430587 4.056888470414087
      vertex -6.824346685325231 -1.087039989430587 4.056888470414087
      vertex -20 -0.5482100073242167 4.164068417770004
    endloop
  endfacet
  facet normal 0 -0.06540312923014326 0.9978589232386035
    outer loop
      vertex -20 -0.5482100073242167 4.164068417770004
      vertex -6.437092038384032 -0.5482100073242167 4.164068417770004
      vertex -20 0 4.2
    endloop
  endfacet
  facet normal 0 -0.7518398074789776 0.6593458151000687
    outer loop
      vertex -20 -3.332084029223188 2.556798001836627
      vertex -6.947942439668975 -3.332084029223188 2.556798001836627
      vertex -7.1698484809835 -2.9698484809835 2.9698484809835
    endloop
  endfacet
  facet normal -3.943354124956796e-19 -0.8968727415326881 0.4422886902190015
    outer loop
      vertex -20 -3.8802940365474043 1.607270415933377
      vertex -6.1533176571614305 -3.880294036547405 1.6072704159333762
      vertex -6.607155176878142 -3.6373066958946425 2.099999999999999
    endloop
  endfacet
  facet normal 9.273519561697846e-18 -0.8314696123025459 0.5555702330196013
    outer loop
      vertex -20 -3.637306695894642 2.1
      vertex -6.607155176878142 -3.6373066958946425 2.099999999999999
      vertex -6.947942439668975 -3.332084029223188 2.556798001836627
    endloop
  endfacet
  facet normal 3.2264418017808403e-18 -0.6593458151000685 0.7518398074789776
    outer loop
      vertex -20 -2.556798001836627 3.332084029223188
      vertex -7.1698484809835 -2.9698484809835 2.9698484809835
      vertex -7.269076426930848 -2.5567980018366274 3.3320840292231875
    endloop
  endfacet
  facet normal 0 -0.5555702330196016 0.8314696123025457
    outer loop
      vertex -20 -2.1 3.637306695894642
      vertex -7.269076426930848 -2.5567980018366274 3.3320840292231875
      vertex -7.243928459844675 -2.1 3.637306695894642
    endloop
  endfacet
  facet normal 1.564302898102694e-17 -0.44228869021900125 0.8968727415326884
    outer loop
      vertex -20 -1.607270415933377 3.8802940365474043
      vertex -7.243928459844675 -2.1 3.637306695894642
      vertex -7.09483486841416 -1.6072704159333775 3.880294036547404
    endloop
  endfacet
  facet normal 0 -0.3214394653031625 0.9469301294951054
    outer loop
      vertex -20 -1.087039989430587 4.056888470414087
      vertex -7.09483486841416 -1.6072704159333775 3.880294036547404
      vertex -6.824346685325231 -1.087039989430587 4.056888470414087
    endloop
  endfacet
  facet normal 0 -0.19509032201612797 0.9807852804032307
    outer loop
      vertex -20 -0.5482100073242167 4.164068417770004
      vertex -6.824346685325231 -1.087039989430587 4.056888470414087
      vertex -6.437092038384032 -0.5482100073242167 4.164068417770004
    endloop
  endfacet
  facet normal -2.081153995065882e-18 -0.0654031292301433 0.9978589232386035
    outer loop
      vertex -6.437092038384032 -0.5482100073242167 4.164068417770004
      vertex -5.939696961967 -4.440892098500626e-16 4.2
      vertex -20 0 4.2
    endloop
  endfacet
  facet normal 0 -0.8314696123025457 -0.5555702330196014
    outer loop
      vertex -20 -3.332084029223188 -2.556798001836627
      vertex -3.332084029223188 -3.332084029223188 -2.556798001836627
      vertex -3.637306695894642 -3.637306695894642 -2.1
    endloop
  endfacet
  facet normal 0 -0.7518398074789775 -0.6593458151000686
    outer loop
      vertex -20 -2.9698484809835 -2.9698484809835
      vertex -2.9698484809835 -2.9698484809835 -2.9698484809835
      vertex -3.332084029223188 -3.332084029223188 -2.556798001836627
    endloop
  endfacet
  facet normal 0 -0.6593458151000686 -0.7518398074789776
    outer loop
      vertex -20 -2.556798001836627 -3.332084029223188
      vertex -2.556798001836627 -2.556798001836627 -3.332084029223188
      vertex -2.9698484809835 -2.9698484809835 -2.9698484809835
    endloop
  endfacet
  facet normal 0 -0.9469301294951057 -0.32143946530316203
    outer loop
      vertex -20 -3.8802940365474043 -1.607270415933377
      vertex -3.8802940365474043 -3.8802940365474043 -1.607270415933377
      vertex -4.056888470414087 -4.056888470414087 -1.087039989430587
    endloop
  endfacet
  facet normal 0 -0.8968727415326883 -0.4422886902190016
    outer loop
      vertex -20 -3.637306695894642 -2.1
      vertex -3.637306695894642 -3.637306695894642 -2.1
      vertex -3.8802940365474043 -3.8802940365474043 -1.607270415933377
    endloop
  endfacet
  facet normal 0 -0.5555702330196015 -0.8314696123025458
    outer loop
      vertex -20 -2.556798001836627 -3.332084029223188
      vertex -2.1558334160619284 -2.1558334160619284 -3.6000000000000014
      vertex -2.556798001836627 -2.556798001836627 -3.332084029223188
    endloop
  endfacet
  facet normal 0 -0.9807852804032304 -0.19509032201612794
    outer loop
      vertex -20 -4.056888470414087 -1.087039989430587
      vertex -4.056888470414087 -4.056888470414087 -1.087039989430587
      vertex -4.164068417770004 -4.164068417770004 -0.5482100073242167
    endloop
  endfacet
  facet normal 0 -0.9978589232386033 -0.06540312923014485
    outer loop
      vertex -20 -4.164068417770004 -0.5482100073242167
      vertex -4.164068417770004 -4.164068417770004 -0.5482100073242167
      vertex -4.2 -4.200000000000001 0
    endloop
  endfacet
  facet normal -5.609346591935009e-17 -0.9978589232386035 0.06540312923014496
    outer loop
      vertex -20 -4.2 0
      vertex -4.2 -4.200000000000001 0
      vertex -4.939354445156564 -4.164068417770004 0.5482100073242152
    endloop
  endfacet
  facet normal -1 0 0
    outer loop
      vertex -20 2.1558334160619284 -3.6000000000000014
      vertex -20 -2.1558334160619284 -3.6000000000000014
      vertex -20 1.1 -1.905255888325765
    endloop
  endfacet
  facet normal -1 0 0
    outer loop
      vertex -20 2.1558334160619284 -3.6000000000000014
      vertex -20 1.1 -1.905255888325765
      vertex -20 1.3392751438191854 -1.7453773486407176
    endloop
  endfacet
  facet normal -1 0 0
    outer loop
      vertex -20 2.1558334160619284 -3.6000000000000014
      vertex -20 1.3392751438191854 -1.7453773486407176
      vertex -20 1.5556349186104048 -1.5556349186104048
    endloop
  endfacet
  facet normal -1 0 0
    outer loop
      vertex -20 2.1558334160619284 -3.6000000000000014
      vertex -20 1.5556349186104048 -1.5556349186104048
      vertex -20 1.7453773486407176 -1.3392751438191854
    endloop
  endfacet
  facet normal -1 0 0
    outer loop
      vertex -20 2.1558334160619284 -3.6000000000000014
      vertex -20 1.7453773486407176 -1.3392751438191854
      vertex -20 1.905255888325765 -1.1
    endloop
  endfacet
  facet normal -1 0 0
    outer loop
      vertex -20 2.1558334160619284 -3.6000000000000014
      vertex -20 1.905255888325765 -1.1
      vertex -20 2.032534971524831 -0.8419035512031976
    endloop
  endfacet
  facet normal -1 0 0
    outer loop
      vertex -20 2.1558334160619284 -3.6000000000000014
      vertex -20 2.032534971524831 -0.8419035512031976
      vertex -20 2.1250368178359507 -0.5694018992255456
    endloop
  endfacet
  facet normal -1 0 0
    outer loop
      vertex -20 2.1558334160619284 -3.6000000000000014
      vertex -20 2.1250368178359507 -0.5694018992255456
      vertex -20 2.181178695022383 -0.2871576228841135
    endloop
  endfacet
  facet normal -1 0 0
    outer loop
      vertex -20 2.1558334160619284 -3.6000000000000014
      vertex -20 2.181178695022383 -0.2871576228841135
      vertex -20 2.2 0
    endloop
  endfacet
  facet normal -1 0 0
    outer loop
      vertex -20 2.556798001836627 -3.332084029223188
      vertex -20 2.1558334160619284 -3.6000000000000014
      vertex -20 2.556798001836627 3.332084029223188
    endloop
  endfacet
  facet normal -1 0 0
    outer loop
      vertex -20 2.556798001836627 -3.332084029223188
      vertex -20 2.9698484809835 2.9698484809835
      vertex -20 2.9698484809835 -2.9698484809835
    endloop
  endfacet
  facet normal -1 0 0
    outer loop
      vertex -20 2.9698484809835 -2.9698484809835
      vertex -20 3.332084029223188 2.556798001836627
      vertex -20 3.332084029223188 -2.556798001836627
    endloop
  endfacet
  facet normal -1 0 0
    outer loop
      vertex -20 2.556798001836627 3.332084029223188
      vertex -20 2.1558334160619284 -3.6000000000000014
      vertex -20 2.2 0
    endloop
  endfacet
  facet normal -1 0 0
    outer loop
      vertex -20 2.556798001836627 3.332084029223188
      vertex -20 2.2 0
      vertex -20 2.181178695022383 0.2871576228841135
    endloop
  endfacet
  facet normal -1 0 0
    outer loop
      vertex -20 2.556798001836627 3.332084029223188
      vertex -20 2.181178695022383 0.2871576228841135
      vertex -20 2.1250368178359507 0.5694018992255456
    endloop
  endfacet
  facet normal -1 0 0
    outer loop
      vertex -20 2.556798001836627 3.332084029223188
      vertex -20 2.1250368178359507 0.5694018992255456
      vertex -20 2.032534971524831 0.8419035512031976
    endloop
  endfacet
  facet normal -1 0 0
    outer loop
      vertex -20 3.332084029223188 -2.556798001836627
      vertex -20 3.637306695894642 2.1
      vertex -20 3.637306695894642 -2.1
    endloop
  endfacet
  facet normal -1 0 0
    outer loop
      vertex -20 3.637306695894642 -2.1
      vertex -20 3.8802940365474043 1.607270415933377
      vertex -20 3.8802940365474043 -1.607270415933377
    endloop
  endfacet
  facet normal -1 0 0
    outer loop
      vertex -20 3.8802940365474043 -1.607270415933377
      vertex -20 4.056888470414087 1.087039989430587
      vertex -20 4.056888470414087 -1.087039989430587
    endloop
  endfacet
  facet normal -1 0 0
    outer loop
      vertex -20 4.056888470414087 -1.087039989430587
      vertex -20 4.164068417770004 0.5482100073242167
      vertex -20 4.164068417770004 -0.5482100073242167
    endloop
  endfacet
  facet normal -1 0 0
    outer loop
      vertex -20 4.164068417770004 -0.5482100073242167
      vertex -20 4.164068417770004 0.5482100073242167
      vertex -20 4.2 0
    endloop
  endfacet
  facet normal -1 0 0
    outer loop
      vertex -20 4.056888470414087 -1.087039989430587
      vertex -20 4.056888470414087 1.087039989430587
      vertex -20 4.164068417770004 0.5482100073242167
    endloop
  endfacet
  facet normal -1 0 0
    outer loop
      vertex -20 2.9698484809835 -2.9698484809835
      vertex -20 2.9698484809835 2.9698484809835
      vertex -20 3.332084029223188 2.556798001836627
    endloop
  endfacet
  facet normal -1 0 0
    outer loop
      vertex -20 3.637306695894642 -2.1
      vertex -20 3.637306695894642 2.1
      vertex -20 3.8802940365474043 1.607270415933377
    endloop
  endfacet
  facet normal -1 0 0
    outer loop
      vertex -20 3.332084029223188 -2.556798001836627
      vertex -20 3.332084029223188 2.556798001836627
      vertex -20 3.637306695894642 2.1
    endloop
  endfacet
  facet normal -1 0 0
    outer loop
      vertex -20 2.556798001836627 -3.332084029223188
      vertex -20 2.556798001836627 3.332084029223188
      vertex -20 2.9698484809835 2.9698484809835
    endloop
  endfacet
  facet normal -1 0 0
    outer loop
      vertex -20 3.8802940365474043 -1.607270415933377
      vertex -20 3.8802940365474043 1.607270415933377
      vertex -20 4.056888470414087 1.087039989430587
    endloop
  endfacet
  facet normal -2.736038305317445e-19 0.9807852804032305 0.195090322016128
    outer loop
      vertex -20 4.164068417770004 0.5482100073242167
      vertex -20 4.056888470414087 1.087039989430587
      vertex -5.59419516630873 4.056888470414087 1.087039989430587
    endloop
  endfacet
  facet normal 6.760575251567693e-19 0.9469301294951055 0.321439465303162
    outer loop
      vertex -20 4.056888470414087 1.087039989430587
      vertex -20 3.8802940365474043 1.607270415933377
      vertex -6.153317657161431 3.8802940365474043 1.607270415933377
    endloop
  endfacet
  facet normal 0 0.5555702330196015 -0.8314696123025458
    outer loop
      vertex -20 2.556798001836627 -3.332084029223188
      vertex -2.556798001836627 2.556798001836627 -3.332084029223188
      vertex -20 2.1558334160619284 -3.6000000000000014
    endloop
  endfacet
  facet normal -1.3302354152081944e-19 0.6593458151000686 -0.7518398074789775
    outer loop
      vertex -20 2.556798001836627 -3.332084029223188
      vertex -20 2.9698484809835 -2.9698484809835
      vertex -2.9698484809835 2.9698484809835 -2.9698484809835
    endloop
  endfacet
  facet normal 0 0.8314696123025457 -0.5555702330196014
    outer loop
      vertex -20 3.332084029223188 -2.556798001836627
      vertex -20 3.637306695894642 -2.1
      vertex -3.332084029223188 3.332084029223188 -2.556798001836627
    endloop
  endfacet
  facet normal 0 0.7518398074789775 -0.6593458151000686
    outer loop
      vertex -20 2.9698484809835 -2.9698484809835
      vertex -20 3.332084029223188 -2.556798001836627
      vertex -2.9698484809835 2.9698484809835 -2.9698484809835
    endloop
  endfacet
  facet normal 0 0.8968727415326883 -0.4422886902190016
    outer loop
      vertex -20 3.637306695894642 -2.1
      vertex -20 3.8802940365474043 -1.607270415933377
      vertex -3.637306695894642 3.637306695894642 -2.1
    endloop
  endfacet
  facet normal 0 0.9469301294951057 -0.32143946530316203
    outer loop
      vertex -20 3.8802940365474043 -1.607270415933377
      vertex -20 4.056888470414087 -1.087039989430587
      vertex -3.8802940365474043 3.8802940365474043 -1.607270415933377
    endloop
  endfacet
  facet normal 0 0.9807852804032304 -0.19509032201612794
    outer loop
      vertex -20 4.056888470414087 -1.087039989430587
      vertex -20 4.164068417770004 -0.5482100073242167
      vertex -4.056888470414087 4.056888470414087 -1.087039989430587
    endloop
  endfacet
  facet normal 0 0.9978589232386035 -0.06540312923014324
    outer loop
      vertex -20 4.164068417770004 -0.5482100073242167
      vertex -20 4.2 0
      vertex -4.164068417770004 4.164068417770004 -0.5482100073242167
    endloop
  endfacet
  facet normal -8.660283063047881e-20 0.9978589232386035 0.06540312923014324
    outer loop
      vertex -20 4.2 0
      vertex -20 4.164068417770004 0.5482100073242167
      vertex -4.200000000000001 4.2 2.0921395353219987e-17
    endloop
  endfacet
  facet normal 0 0.9807852804032304 0.19509032201612794
    outer loop
      vertex -20 4.164068417770004 0.5482100073242167
      vertex -5.59419516630873 4.056888470414087 1.087039989430587
      vertex -4.939354445156566 4.164068417770004 0.5482100073242167
    endloop
  endfacet
  facet normal 0 0.9469301294951055 0.321439465303162
    outer loop
      vertex -20 4.056888470414087 1.087039989430587
      vertex -6.153317657161431 3.8802940365474043 1.607270415933377
      vertex -5.59419516630873 4.056888470414087 1.087039989430587
    endloop
  endfacet
  facet normal -1 0 0
    outer loop
      vertex -20 0 4.2
      vertex -20 0.2871576228841135 2.181178695022383
      vertex -20 0 2.2
    endloop
  endfacet
  facet normal -1 0 0
    outer loop
      vertex -20 1.087039989430587 4.056888470414087
      vertex -20 0.8419035512031976 2.032534971524831
      vertex -20 0.5694018992255456 2.1250368178359507
    endloop
  endfacet
  facet normal -1 0 0
    outer loop
      vertex -20 1.087039989430587 4.056888470414087
      vertex -20 0.5694018992255456 2.1250368178359507
      vertex -20 0.2871576228841135 2.181178695022383
    endloop
  endfacet
  facet normal -1 0 0
    outer loop
      vertex -20 1.607270415933377 3.8802940365474043
      vertex -20 1.1 1.905255888325765
      vertex -20 0.8419035512031976 2.032534971524831
    endloop
  endfacet
  facet normal -1 0 0
    outer loop
      vertex -20 2.1 3.637306695894642
      vertex -20 1.7453773486407176 1.3392751438191854
      vertex -20 1.5556349186104048 1.5556349186104048
    endloop
  endfacet
  facet normal -1 0 0
    outer loop
      vertex -20 2.1 3.637306695894642
      vertex -20 2.032534971524831 0.8419035512031976
      vertex -20 1.905255888325765 1.1
    endloop
  endfacet
  facet normal -1 0 0
    outer loop
      vertex -20 2.1 3.637306695894642
      vertex -20 1.905255888325765 1.1
      vertex -20 1.7453773486407176 1.3392751438191854
    endloop
  endfacet
  facet normal -1 0 0
    outer loop
      vertex -20 1.607270415933377 3.8802940365474043
      vertex -20 1.5556349186104048 1.5556349186104048
      vertex -20 1.3392751438191854 1.7453773486407176
    endloop
  endfacet
  facet normal -1 0 0
    outer loop
      vertex -20 1.607270415933377 3.8802940365474043
      vertex -20 1.3392751438191854 1.7453773486407176
      vertex -20 1.1 1.905255888325765
    endloop
  endfacet
  facet normal -1 0 0
    outer loop
      vertex -20 2.1 3.637306695894642
      vertex -20 2.556798001836627 3.332084029223188
      vertex -20 2.032534971524831 0.8419035512031976
    endloop
  endfacet
  facet normal -1 0 0
    outer loop
      vertex -20 0.5482100073242167 4.164068417770004
      vertex -20 0.2871576228841135 2.181178695022383
      vertex -20 0 4.2
    endloop
  endfacet
  facet normal -1 0 0
    outer loop
      vertex -20 0.5482100073242167 4.164068417770004
      vertex -20 1.087039989430587 4.056888470414087
      vertex -20 0.2871576228841135 2.181178695022383
    endloop
  endfacet
  facet normal -1 0 0
    outer loop
      vertex -20 1.087039989430587 4.056888470414087
      vertex -20 1.607270415933377 3.8802940365474043
      vertex -20 0.8419035512031976 2.032534971524831
    endloop
  endfacet
  facet normal -1 0 0
    outer loop
      vertex -20 2.1 3.637306695894642
      vertex -20 1.5556349186104048 1.5556349186104048
      vertex -20 1.607270415933377 3.8802940365474043
    endloop
  endfacet
  facet normal 2.261152703062331e-18 0.06540312923014326 0.9978589232386035
    outer loop
      vertex -20 0.5482100073242167 4.164068417770004
      vertex -20 0 4.2
      vertex -5.939696961967 -4.440892098500626e-16 4.2
    endloop
  endfacet
  facet normal -2.991489902061031e-19 0.19509032201612797 0.9807852804032305
    outer loop
      vertex -20 0.5482100073242167 4.164068417770004
      vertex -6.824346685325231 1.087039989430587 4.056888470414087
      vertex -20 1.087039989430587 4.056888470414087
    endloop
  endfacet
  facet normal 0 0.5555702330196014 0.8314696123025457
    outer loop
      vertex -20 2.1 3.637306695894642
      vertex -7.243928459844675 2.1 3.637306695894642
      vertex -20 2.556798001836627 3.332084029223188
    endloop
  endfacet
  facet normal 7.253803962120276e-19 0.321439465303162 0.9469301294951056
    outer loop
      vertex -20 1.087039989430587 4.056888470414087
      vertex -7.094834868414159 1.607270415933377 3.8802940365474043
      vertex -20 1.607270415933377 3.8802940365474043
    endloop
  endfacet
  facet normal 0 0.4422886902190015 0.8968727415326881
    outer loop
      vertex -20 2.1 3.637306695894642
      vertex -20 1.607270415933377 3.8802940365474043
      vertex -7.243928459844675 2.1 3.637306695894642
    endloop
  endfacet
  facet normal 0 0.8968727415326881 0.4422886902190016
    outer loop
      vertex -20 3.637306695894642 2.1
      vertex -6.607155176878143 3.637306695894642 2.1
      vertex -20 3.8802940365474043 1.607270415933377
    endloop
  endfacet
  facet normal 0 0.7518398074789776 0.6593458151000686
    outer loop
      vertex -20 2.9698484809835 2.9698484809835
      vertex -7.1698484809835 2.9698484809835 2.9698484809835
      vertex -20 3.332084029223188 2.556798001836627
    endloop
  endfacet
  facet normal 8.27306310604541e-18 0.8314696123025458 0.5555702330196015
    outer loop
      vertex -20 3.637306695894642 2.1
      vertex -20 3.332084029223188 2.556798001836627
      vertex -6.947942439668976 3.3320840292231875 2.5567980018366274
    endloop
  endfacet
  facet normal 1.779455398261884e-19 0.6593458151000686 0.7518398074789776
    outer loop
      vertex -20 2.9698484809835 2.9698484809835
      vertex -20 2.556798001836627 3.332084029223188
      vertex -7.269076426930848 2.556798001836627 3.332084029223188
    endloop
  endfacet
  facet normal 0 0.5555702330196014 0.8314696123025458
    outer loop
      vertex -20 2.556798001836627 3.332084029223188
      vertex -7.243928459844675 2.1 3.637306695894642
      vertex -7.269076426930848 2.556798001836627 3.332084029223188
    endloop
  endfacet
  facet normal 0 0.4422886902190015 0.8968727415326881
    outer loop
      vertex -20 1.607270415933377 3.8802940365474043
      vertex -7.094834868414159 1.607270415933377 3.8802940365474043
      vertex -7.243928459844675 2.1 3.637306695894642
    endloop
  endfacet
  facet normal 0 0.32143946530316203 0.9469301294951056
    outer loop
      vertex -20 1.087039989430587 4.056888470414087
      vertex -6.824346685325231 1.087039989430587 4.056888470414087
      vertex -7.094834868414159 1.607270415933377 3.8802940365474043
    endloop
  endfacet
  facet normal 0 0.0654031292301432 0.9978589232386035
    outer loop
      vertex -20 0.5482100073242167 4.164068417770004
      vertex -5.939696961967 -4.440892098500626e-16 4.2
      vertex -6.437092038384032 0.5482100073242167 4.164068417770004
    endloop
  endfacet
  facet normal 0 0.19509032201612797 0.9807852804032307
    outer loop
      vertex -20 0.5482100073242167 4.164068417770004
      vertex -6.437092038384032 0.5482100073242167 4.164068417770004
      vertex -6.824346685325231 1.087039989430587 4.056888470414087
    endloop
  endfacet
  facet normal 3.1470581401868765e-18 0.7518398074789776 0.6593458151000687
    outer loop
      vertex -20 3.332084029223188 2.556798001836627
      vertex -7.1698484809835 2.9698484809835 2.9698484809835
      vertex -6.947942439668976 3.3320840292231875 2.5567980018366274
    endloop
  endfacet
  facet normal 0 0.8314696123025456 0.5555702330196016
    outer loop
      vertex -20 3.637306695894642 2.1
      vertex -6.947942439668976 3.3320840292231875 2.5567980018366274
      vertex -6.607155176878143 3.637306695894642 2.1
    endloop
  endfacet
  facet normal 0 0.8968727415326881 0.4422886902190016
    outer loop
      vertex -20 3.8802940365474043 1.607270415933377
      vertex -6.607155176878143 3.637306695894642 2.1
      vertex -6.153317657161431 3.8802940365474043 1.607270415933377
    endloop
  endfacet
  facet normal 0 0.6593458151000686 0.7518398074789776
    outer loop
      vertex -20 2.9698484809835 2.9698484809835
      vertex -7.269076426930848 2.556798001836627 3.332084029223188
      vertex -7.1698484809835 2.9698484809835 2.9698484809835
    endloop
  endfacet
  facet normal 9.388629552397056e-20 0.5555702330196015 -0.8314696123025458
    outer loop
      vertex -2.556798001836627 2.556798001836627 -3.332084029223188
      vertex -2.1558334160619284 2.1558334160619284 -3.6000000000000014
      vertex -20 2.1558334160619284 -3.6000000000000014
    endloop
  endfacet
  facet normal 0 0.7518398074789776 -0.6593458151000687
    outer loop
      vertex -20 3.332084029223188 -2.556798001836627
      vertex -3.332084029223188 3.332084029223188 -2.556798001836627
      vertex -2.9698484809835 2.9698484809835 -2.9698484809835
    endloop
  endfacet
  facet normal 0 0.6593458151000686 -0.7518398074789776
    outer loop
      vertex -20 2.556798001836627 -3.332084029223188
      vertex -2.9698484809835 2.9698484809835 -2.9698484809835
      vertex -2.556798001836627 2.556798001836627 -3.332084029223188
    endloop
  endfacet
  facet normal 0 0.8314696123025457 -0.5555702330196015
    outer loop
      vertex -20 3.637306695894642 -2.1
      vertex -3.637306695894642 3.637306695894642 -2.1
      vertex -3.332084029223188 3.332084029223188 -2.556798001836627
    endloop
  endfacet
  facet normal 0 0.8968727415326881 -0.4422886902190016
    outer loop
      vertex -20 3.8802940365474043 -1.607270415933377
      vertex -3.8802940365474043 3.8802940365474043 -1.607270415933377
      vertex -3.637306695894642 3.637306695894642 -2.1
    endloop
  endfacet
  facet normal 0 0.9469301294951055 -0.32143946530316203
    outer loop
      vertex -20 4.056888470414087 -1.087039989430587
      vertex -4.056888470414087 4.056888470414087 -1.087039989430587
      vertex -3.8802940365474043 3.8802940365474043 -1.607270415933377
    endloop
  endfacet
  facet normal 0 0.9807852804032305 -0.195090322016128
    outer loop
      vertex -20 4.164068417770004 -0.5482100073242167
      vertex -4.164068417770004 4.164068417770004 -0.5482100073242167
      vertex -4.056888470414087 4.056888470414087 -1.087039989430587
    endloop
  endfacet
  facet normal 8.660283063047881e-20 0.9978589232386035 -0.06540312923014324
    outer loop
      vertex -20 4.2 0
      vertex -4.200000000000001 4.2 2.0921395353219987e-17
      vertex -4.164068417770004 4.164068417770004 -0.5482100073242167
    endloop
  endfacet
  facet normal 0 0.9978589232386035 0.06540312923014326
    outer loop
      vertex -20 4.164068417770004 0.5482100073242167
      vertex -4.939354445156566 4.164068417770004 0.5482100073242167
      vertex -4.200000000000001 4.2 2.0921395353219987e-17
    endloop
  endfacet
  facet normal 0 -1 0
    outer loop
      vertex -3.332084029223188 -20 -2.556798001836627
      vertex -0.8419035512031976 -20 -2.032534971524831
      vertex -3.637306695894642 -20 -2.1
    endloop
  endfacet
  facet normal 0 -1 0
    outer loop
      vertex -3.8802940365474043 -20 -1.607270415933377
      vertex -3.637306695894642 -20 -2.1
      vertex -1.5556349186104048 -20 -1.5556349186104048
    endloop
  endfacet
  facet normal 0 -1 0
    outer loop
      vertex -3.8802940365474043 -20 -1.607270415933377
      vertex -2.032534971524831 -20 -0.8419035512031976
      vertex -4.056888470414087 -20 -1.087039989430587
    endloop
  endfacet
  facet normal 0 -1 0
    outer loop
      vertex -3.8802940365474043 -20 -1.607270415933377
      vertex -1.7453773486407176 -20 -1.3392751438191854
      vertex -1.905255888325765 -20 -1.1
    endloop
  endfacet
  facet normal 0 -1 0
    outer loop
      vertex -3.8802940365474043 -20 -1.607270415933377
      vertex -1.905255888325765 -20 -1.1
      vertex -2.032534971524831 -20 -0.8419035512031976
    endloop
  endfacet
  facet normal 0 -1 0
    outer loop
      vertex -2.556798001836627 -20 -3.332084029223188
      vertex -2.1558334160619284 -20 -3.6000000000000014
      vertex 2.1558334160619284 -20 -3.6000000000000014
    endloop
  endfacet
  facet normal 0 -1 0
    outer loop
      vertex -2.556798001836627 -20 -3.332084029223188
      vertex 2.9698484809835 -20 -2.9698484809835
      vertex -2.9698484809835 -20 -2.9698484809835
    endloop
  endfacet
  facet normal 0 -1 0
    outer loop
      vertex -2.9698484809835 -20 -2.9698484809835
      vertex 3.332084029223188 -20 -2.556798001836627
      vertex -3.332084029223188 -20 -2.556798001836627
    endloop
  endfacet
  facet normal 0 -1 0
    outer loop
      vertex -3.332084029223188 -20 -2.556798001836627
      vertex 0 -20 -2.2
      vertex -0.2871576228841135 -20 -2.181178695022383
    endloop
  endfacet
  facet normal 0 -1 0
    outer loop
      vertex -3.637306695894642 -20 -2.1
      vertex -1.1 -20 -1.905255888325765
      vertex -1.3392751438191854 -20 -1.7453773486407176
    endloop
  endfacet
  facet normal 0 -1 0
    outer loop
      vertex -3.637306695894642 -20 -2.1
      vertex -1.3392751438191854 -20 -1.7453773486407176
      vertex -1.5556349186104048 -20 -1.5556349186104048
    endloop
  endfacet
  facet normal 0 -1 0
    outer loop
      vertex -3.332084029223188 -20 -2.556798001836627
      vertex -0.5694018992255456 -20 -2.1250368178359507
      vertex -0.8419035512031976 -20 -2.032534971524831
    endloop
  endfacet
  facet normal 0 -1 0
    outer loop
      vertex -3.637306695894642 -20 -2.1
      vertex -0.8419035512031976 -20 -2.032534971524831
      vertex -1.1 -20 -1.905255888325765
    endloop
  endfacet
  facet normal 0 -1 0
    outer loop
      vertex -3.332084029223188 -20 -2.556798001836627
      vertex -0.2871576228841135 -20 -2.181178695022383
      vertex -0.5694018992255456 -20 -2.1250368178359507
    endloop
  endfacet
  facet normal 0 -1 0
    outer loop
      vertex -3.8802940365474043 -20 -1.607270415933377
      vertex -1.5556349186104048 -20 -1.5556349186104048
      vertex -1.7453773486407176 -20 -1.3392751438191854
    endloop
  endfacet
  facet normal 0 -1 0
    outer loop
      vertex -4.056888470414087 -20 -1.087039989430587
      vertex -2.181178695022383 -20 -0.2871576228841135
      vertex -4.164068417770004 -20 -0.5482100073242167
    endloop
  endfacet
  facet normal 0 -1 0
    outer loop
      vertex -4.056888470414087 -20 -1.087039989430587
      vertex -2.032534971524831 -20 -0.8419035512031976
      vertex -2.1250368178359507 -20 -0.5694018992255456
    endloop
  endfacet
  facet normal 0 -1 0
    outer loop
      vertex -4.056888470414087 -20 -1.087039989430587
      vertex -2.1250368178359507 -20 -0.5694018992255456
      vertex -2.181178695022383 -20 -0.2871576228841135
    endloop
  endfacet
  facet normal 0 -1 0
    outer loop
      vertex -4.164068417770004 -20 -0.5482100073242167
      vertex -2.181178695022383 -20 -0.2871576228841135
      vertex -4.2 -20 0
    endloop
  endfacet
  facet normal 0 -1 0
    outer loop
      vertex -4.2 -20 0
      vertex -2.181178695022383 -20 0.2871576228841135
      vertex -4.164068417770004 -20 0.5482100073242167
    endloop
  endfacet
  facet normal 0 -1 0
    outer loop
      vertex -4.2 -20 0
      vertex -2.181178695022383 -20 -0.2871576228841135
      vertex -2.2 -20 0
    endloop
  endfacet
  facet normal 0 -1 0
    outer loop
      vertex -4.2 -20 0
      vertex -2.2 -20 0
      vertex -2.181178695022383 -20 0.2871576228841135
    endloop
  endfacet
  facet normal 0 -1 0
    outer loop
      vertex -4.164068417770004 -20 0.5482100073242167
      vertex -2.032534971524831 -20 0.8419035512031976
      vertex -4.056888470414087 -20 1.087039989430587
    endloop
  endfacet
  facet normal 0 -1 0
    outer loop
      vertex -4.164068417770004 -20 0.5482100073242167
      vertex -2.181178695022383 -20 0.2871576228841135
      vertex -2.1250368178359507 -20 0.5694018992255456
    endloop
  endfacet
  facet normal 0 -1 0
    outer loop
      vertex -4.164068417770004 -20 0.5482100073242167
      vertex -2.1250368178359507 -20 0.5694018992255456
      vertex -2.032534971524831 -20 0.8419035512031976
    endloop
  endfacet
  facet normal 0 -1 0
    outer loop
      vertex -4.056888470414087 -20 1.087039989430587
      vertex -1.7453773486407176 -20 1.3392751438191854
      vertex -3.8802940365474043 -20 1.607270415933377
    endloop
  endfacet
  facet normal 0 -1 0
    outer loop
      vertex -4.056888470414087 -20 1.087039989430587
      vertex -2.032534971524831 -20 0.8419035512031976
      vertex -1.905255888325765 -20 1.1
    endloop
  endfacet
  facet normal 0 -1 0
    outer loop
      vertex -4.056888470414087 -20 1.087039989430587
      vertex -1.905255888325765 -20 1.1
      vertex -1.7453773486407176 -20 1.3392751438191854
    endloop
  endfacet
  facet normal -0.9807852804032305 2.736038305317445e-19 0.195090322016128
    outer loop
      vertex -4.164068417770004 -20 0.5482100073242167
      vertex -4.056888470414087 -20 1.087039989430587
      vertex -4.056888470414087 -5.5941951663087295 1.087039989430587
    endloop
  endfacet
  facet normal -0.9469301294951055 -6.760575251567693e-19 0.321439465303162
    outer loop
      vertex -4.056888470414087 -20 1.087039989430587
      vertex -3.8802940365474043 -20 1.607270415933377
      vertex -3.8802940365474043 -6.153317657161431 1.607270415933377
    endloop
  endfacet
  facet normal 0 -1 0
    outer loop
      vertex -3.8802940365474043 -20 1.607270415933377
      vertex -1.7453773486407176 -20 1.3392751438191854
      vertex -1.5556349186104048 -20 1.5556349186104048
    endloop
  endfacet
  facet normal -0.6593458151000686 1.3302354152081944e-19 -0.7518398074789775
    outer loop
      vertex -2.556798001836627 -20 -3.332084029223188
      vertex -2.9698484809835 -20 -2.9698484809835
      vertex -2.9698484809835 -2.9698484809835 -2.9698484809835
    endloop
  endfacet
  facet normal -0.7518398074789776 1.3591447615092327e-19 -0.6593458151000687
    outer loop
      vertex -2.9698484809835 -20 -2.9698484809835
      vertex -3.332084029223188 -20 -2.556798001836627
      vertex -3.332084029223188 -3.332084029223188 -2.556798001836627
    endloop
  endfacet
  facet normal -0.8968727415326881 0 -0.4422886902190016
    outer loop
      vertex -3.8802940365474043 -20 -1.607270415933377
      vertex -3.8802940365474043 -3.8802940365474043 -1.607270415933377
      vertex -3.637306695894642 -20 -2.1
    endloop
  endfacet
  facet normal -0.9469301294951055 5.8715977611771215e-19 -0.32143946530316203
    outer loop
      vertex -3.8802940365474043 -20 -1.607270415933377
      vertex -4.056888470414087 -20 -1.087039989430587
      vertex -4.056888470414087 -4.056888470414087 -1.087039989430587
    endloop
  endfacet
  facet normal -0.8314696123025457 6.452761654297293e-20 -0.5555702330196015
    outer loop
      vertex -3.332084029223188 -20 -2.556798001836627
      vertex -3.637306695894642 -20 -2.1
      vertex -3.637306695894642 -3.637306695894642 -2.1
    endloop
  endfacet
  facet normal -0.5555702330196015 0 -0.8314696123025458
    outer loop
      vertex -2.556798001836627 -20 -3.332084029223188
      vertex -2.556798001836627 -2.556798001836627 -3.332084029223188
      vertex -2.1558334160619284 -20 -3.6000000000000014
    endloop
  endfacet
  facet normal -0.9807852804032305 -2.4889494905456123e-19 -0.195090322016128
    outer loop
      vertex -4.056888470414087 -20 -1.087039989430587
      vertex -4.164068417770004 -20 -0.5482100073242167
      vertex -4.164068417770004 -4.164068417770004 -0.5482100073242167
    endloop
  endfacet
  facet normal -0.9978589232386035 1.372353531034622e-20 -0.06540312923014324
    outer loop
      vertex -4.164068417770004 -20 -0.5482100073242167
      vertex -4.2 -20 0
      vertex -4.2 -4.200000000000001 0
    endloop
  endfacet
  facet normal -0.9978589232386035 -1.4397248584987657e-20 0.06540312923014326
    outer loop
      vertex -4.2 -20 0
      vertex -4.164068417770004 -20 0.5482100073242167
      vertex -4.164068417770004 -4.939354445156566 0.5482100073242167
    endloop
  endfacet
  facet normal -0.9807852804032304 0 0.19509032201612794
    outer loop
      vertex -4.164068417770004 -20 0.5482100073242167
      vertex -4.056888470414087 -5.5941951663087295 1.087039989430587
      vertex -4.164068417770004 -4.939354445156566 0.5482100073242167
    endloop
  endfacet
  facet normal -0.9469301294951055 0 0.321439465303162
    outer loop
      vertex -4.056888470414087 -20 1.087039989430587
      vertex -3.8802940365474043 -6.153317657161431 1.607270415933377
      vertex -4.056888470414087 -5.5941951663087295 1.087039989430587
    endloop
  endfacet
  facet normal 0 -1 0
    outer loop
      vertex -3.8802940365474043 -20 1.607270415933377
      vertex -1.1 -20 1.905255888325765
      vertex -3.637306695894642 -20 2.1
    endloop
  endfacet
  facet normal -0.8968727415326881 -3.854067000792035e-19 0.4422886902190016
    outer loop
      vertex -3.8802940365474043 -20 1.607270415933377
      vertex -3.637306695894642 -20 2.1
      vertex -3.637306695894642 -6.607155176878143 2.1
    endloop
  endfacet
  facet normal -0.8314696123025458 8.855734362877228e-18 0.5555702330196015
    outer loop
      vertex -3.637306695894642 -20 2.1
      vertex -3.332084029223188 -20 2.556798001836627
      vertex -3.3320840292231875 -6.947942439668975 2.5567980018366274
    endloop
  endfacet
  facet normal -0.7518398074789776 -1.765693152055147e-19 0.6593458151000686
    outer loop
      vertex -3.332084029223188 -20 2.556798001836627
      vertex -2.9698484809835 -20 2.9698484809835
      vertex -2.9698484809835 -7.1698484809835 2.9698484809835
    endloop
  endfacet
  facet normal -0.6593458151000686 -1.779455398261884e-19 0.7518398074789776
    outer loop
      vertex -2.9698484809835 -20 2.9698484809835
      vertex -2.556798001836627 -20 3.332084029223188
      vertex -2.556798001836627 -7.269076426930848 3.332084029223188
    endloop
  endfacet
  facet normal 0 -1 0
    outer loop
      vertex -3.8802940365474043 -20 1.607270415933377
      vertex -1.5556349186104048 -20 1.5556349186104048
      vertex -1.3392751438191854 -20 1.7453773486407176
    endloop
  endfacet
  facet normal 0 -1 0
    outer loop
      vertex -3.8802940365474043 -20 1.607270415933377
      vertex -1.3392751438191854 -20 1.7453773486407176
      vertex -1.1 -20 1.905255888325765
    endloop
  endfacet
  facet normal 0 -1 0
    outer loop
      vertex -3.637306695894642 -20 2.1
      vertex -1.1 -20 1.905255888325765
      vertex -0.8419035512031976 -20 2.032534971524831
    endloop
  endfacet
  facet normal 0 -1 0
    outer loop
      vertex -3.637306695894642 -20 2.1
      vertex -0.8419035512031976 -20 2.032534971524831
      vertex -0.5694018992255456 -20 2.1250368178359507
    endloop
  endfacet
  facet normal 0 -1 0
    outer loop
      vertex -3.637306695894642 -20 2.1
      vertex -0.5694018992255456 -20 2.1250368178359507
      vertex -0.2871576228841135 -20 2.181178695022383
    endloop
  endfacet
  facet normal 0 -1 0
    outer loop
      vertex -3.637306695894642 -20 2.1
      vertex -0.2871576228841135 -20 2.181178695022383
      vertex 0 -20 2.2
    endloop
  endfacet
  facet normal 0 -1 0
    outer loop
      vertex -3.637306695894642 -20 2.1
      vertex 3.332084029223188 -20 2.556798001836627
      vertex -3.332084029223188 -20 2.556798001836627
    endloop
  endfacet
  facet normal 0 -1 0
    outer loop
      vertex -3.332084029223188 -20 2.556798001836627
      vertex 2.9698484809835 -20 2.9698484809835
      vertex -2.9698484809835 -20 2.9698484809835
    endloop
  endfacet
  facet normal 0 -1 0
    outer loop
      vertex -3.637306695894642 -20 2.1
      vertex 0 -20 2.2
      vertex 3.332084029223188 -20 2.556798001836627
    endloop
  endfacet
  facet normal 0 -1 0
    outer loop
      vertex -2.9698484809835 -20 2.9698484809835
      vertex 2.556798001836627 -20 3.332084029223188
      vertex -2.556798001836627 -20 3.332084029223188
    endloop
  endfacet
  facet normal 0 -1 0
    outer loop
      vertex -2.556798001836627 -20 3.332084029223188
      vertex 2.1 -20 3.637306695894642
      vertex -2.1 -20 3.637306695894642
    endloop
  endfacet
  facet normal 0 -1 0
    outer loop
      vertex -2.1 -20 3.637306695894642
      vertex 1.607270415933377 -20 3.8802940365474043
      vertex -1.607270415933377 -20 3.8802940365474043
    endloop
  endfacet
  facet normal 0 -1 0
    outer loop
      vertex -1.607270415933377 -20 3.8802940365474043
      vertex 1.087039989430587 -20 4.056888470414087
      vertex -1.087039989430587 -20 4.056888470414087
    endloop
  endfacet
  facet normal 0 -1 0
    outer loop
      vertex -1.087039989430587 -20 4.056888470414087
      vertex 0.5482100073242167 -20 4.164068417770004
      vertex -0.5482100073242167 -20 4.164068417770004
    endloop
  endfacet
  facet normal -0.5555702330196014 -8.277200357601041e-20 0.8314696123025457
    outer loop
      vertex -2.556798001836627 -20 3.332084029223188
      vertex -2.1 -20 3.637306695894642
      vertex -2.1 -7.243928459844675 3.637306695894642
    endloop
  endfacet
  facet normal -0.4422886902190015 0 0.8968727415326881
    outer loop
      vertex -2.1 -20 3.637306695894642
      vertex -1.607270415933377 -20 3.8802940365474043
      vertex -2.1 -7.243928459844675 3.637306695894642
    endloop
  endfacet
  facet normal -0.32143946530316203 0 0.9469301294951056
    outer loop
      vertex -1.607270415933377 -20 3.8802940365474043
      vertex -1.087039989430587 -20 4.056888470414087
      vertex -1.607270415933377 -7.09483486841416 3.8802940365474043
    endloop
  endfacet
  facet normal -0.19509032201612797 0 0.9807852804032305
    outer loop
      vertex -1.087039989430587 -20 4.056888470414087
      vertex -0.5482100073242167 -20 4.164068417770004
      vertex -1.087039989430587 -6.824346685325231 4.056888470414087
    endloop
  endfacet
  facet normal -0.06540312923014326 0 0.9978589232386035
    outer loop
      vertex -0.5482100073242167 -20 4.164068417770004
      vertex 0 -20 4.2
      vertex -0.5482100073242167 -6.437092038384032 4.164068417770004
    endloop
  endfacet
  facet normal -0.8968727415326881 0 0.4422886902190016
    outer loop
      vertex -3.8802940365474043 -20 1.607270415933377
      vertex -3.637306695894642 -6.607155176878143 2.1
      vertex -3.8802940365474043 -6.153317657161431 1.607270415933377
    endloop
  endfacet
  facet normal -0.7518398074789776 3.147058140186876e-18 0.6593458151000686
    outer loop
      vertex -3.332084029223188 -20 2.556798001836627
      vertex -2.9698484809835 -7.1698484809835 2.9698484809835
      vertex -3.3320840292231875 -6.947942439668975 2.5567980018366274
    endloop
  endfacet
  facet normal -0.8314696123025456 0 0.5555702330196016
    outer loop
      vertex -3.637306695894642 -20 2.1
      vertex -3.3320840292231875 -6.947942439668975 2.5567980018366274
      vertex -3.637306695894642 -6.607155176878143 2.1
    endloop
  endfacet
  facet normal -0.6593458151000686 0 0.7518398074789776
    outer loop
      vertex -2.9698484809835 -20 2.9698484809835
      vertex -2.556798001836627 -7.269076426930848 3.332084029223188
      vertex -2.9698484809835 -7.1698484809835 2.9698484809835
    endloop
  endfacet
  facet normal -0.5555702330196014 0 0.8314696123025458
    outer loop
      vertex -2.556798001836627 -20 3.332084029223188
      vertex -2.1 -7.243928459844675 3.637306695894642
      vertex -2.556798001836627 -7.269076426930848 3.332084029223188
    endloop
  endfacet
  facet normal -0.4422886902190015 0 0.8968727415326881
    outer loop
      vertex -1.607270415933377 -20 3.8802940365474043
      vertex -1.607270415933377 -7.09483486841416 3.8802940365474043
      vertex -2.1 -7.243928459844675 3.637306695894642
    endloop
  endfacet
  facet normal -0.32143946530316203 0 0.9469301294951056
    outer loop
      vertex -1.087039989430587 -20 4.056888470414087
      vertex -1.087039989430587 -6.824346685325231 4.056888470414087
      vertex -1.607270415933377 -7.09483486841416 3.8802940365474043
    endloop
  endfacet
  facet normal -0.19509032201612797 0 0.9807852804032307
    outer loop
      vertex -0.5482100073242167 -20 4.164068417770004
      vertex -0.5482100073242167 -6.437092038384032 4.164068417770004
      vertex -1.087039989430587 -6.824346685325231 4.056888470414087
    endloop
  endfacet
  facet normal -0.0654031292301448 -6.289589346784019e-17 0.9978589232386034
    outer loop
      vertex -0.5482100073242167 -6.437092038384032 4.164068417770004
      vertex 0 -20 4.2
      vertex 0 -5.939696961967 4.200000000000001
    endloop
  endfacet
  facet normal -0.8314696123025457 0 -0.5555702330196014
    outer loop
      vertex -3.332084029223188 -20 -2.556798001836627
      vertex -3.637306695894642 -3.637306695894642 -2.1
      vertex -3.332084029223188 -3.332084029223188 -2.556798001836627
    endloop
  endfacet
  facet normal -0.7518398074789775 0 -0.6593458151000686
    outer loop
      vertex -2.9698484809835 -20 -2.9698484809835
      vertex -3.332084029223188 -3.332084029223188 -2.556798001836627
      vertex -2.9698484809835 -2.9698484809835 -2.9698484809835
    endloop
  endfacet
  facet normal -0.6593458151000686 0 -0.7518398074789776
    outer loop
      vertex -2.556798001836627 -20 -3.332084029223188
      vertex -2.9698484809835 -2.9698484809835 -2.9698484809835
      vertex -2.556798001836627 -2.556798001836627 -3.332084029223188
    endloop
  endfacet
  facet normal -0.9469301294951057 0 -0.32143946530316203
    outer loop
      vertex -3.8802940365474043 -20 -1.607270415933377
      vertex -4.056888470414087 -4.056888470414087 -1.087039989430587
      vertex -3.8802940365474043 -3.8802940365474043 -1.607270415933377
    endloop
  endfacet
  facet normal -0.8968727415326883 0 -0.4422886902190016
    outer loop
      vertex -3.637306695894642 -20 -2.1
      vertex -3.8802940365474043 -3.8802940365474043 -1.607270415933377
      vertex -3.637306695894642 -3.637306695894642 -2.1
    endloop
  endfacet
  facet normal -0.5555702330196015 -9.388629552397056e-20 -0.8314696123025458
    outer loop
      vertex -2.556798001836627 -2.556798001836627 -3.332084029223188
      vertex -2.1558334160619284 -2.1558334160619284 -3.6000000000000014
      vertex -2.1558334160619284 -20 -3.6000000000000014
    endloop
  endfacet
  facet normal -0.9807852804032304 0 -0.19509032201612794
    outer loop
      vertex -4.056888470414087 -20 -1.087039989430587
      vertex -4.164068417770004 -4.164068417770004 -0.5482100073242167
      vertex -4.056888470414087 -4.056888470414087 -1.087039989430587
    endloop
  endfacet
  facet normal -0.9978589232386035 0 -0.06540312923014324
    outer loop
      vertex -4.164068417770004 -20 -0.5482100073242167
      vertex -4.2 -4.200000000000001 0
      vertex -4.164068417770004 -4.164068417770004 -0.5482100073242167
    endloop
  endfacet
  facet normal -0.9978589232386035 0 0.06540312923014324
    outer loop
      vertex -4.2 -20 0
      vertex -4.164068417770004 -4.939354445156566 0.5482100073242167
      vertex -4.2 -4.200000000000001 0
    endloop
  endfacet
  facet normal 0 -1 0
    outer loop
      vertex -2.556798001836627 -20 -3.332084029223188
      vertex 2.1558334160619284 -20 -3.6000000000000014
      vertex 2.556798001836627 -20 -3.332084029223188
    endloop
  endfacet
  facet normal 0 -1 0
    outer loop
      vertex -2.556798001836627 -20 -3.332084029223188
      vertex 2.556798001836627 -20 -3.332084029223188
      vertex 2.9698484809835 -20 -2.9698484809835
    endloop
  endfacet
  facet normal 0 -1 0
    outer loop
      vertex -2.9698484809835 -20 -2.9698484809835
      vertex 2.9698484809835 -20 -2.9698484809835
      vertex 3.332084029223188 -20 -2.556798001836627
    endloop
  endfacet
  facet normal 0 -1 0
    outer loop
      vertex -3.332084029223188 -20 -2.556798001836627
      vertex 3.332084029223188 -20 -2.556798001836627
      vertex 3.637306695894642 -20 -2.1
    endloop
  endfacet
  facet normal 0 -1 0
    outer loop
      vertex -3.332084029223188 -20 -2.556798001836627
      vertex 3.637306695894642 -20 -2.1
      vertex 0 -20 -2.2
    endloop
  endfacet
  facet normal 0 -1 0
    outer loop
      vertex 3.637306695894642 -20 -2.1
      vertex 0.2871576228841135 -20 -2.181178695022383
      vertex 0 -20 -2.2
    endloop
  endfacet
  facet normal 0 -1 0
    outer loop
      vertex 3.637306695894642 -20 -2.1
      vertex 0.5694018992255456 -20 -2.1250368178359507
      vertex 0.2871576228841135 -20 -2.181178695022383
    endloop
  endfacet
  facet normal 0 -1 0
    outer loop
      vertex 3.637306695894642 -20 -2.1
      vertex 0.8419035512031976 -20 -2.032534971524831
      vertex 0.5694018992255456 -20 -2.1250368178359507
    endloop
  endfacet
  facet normal 0 -1 0
    outer loop
      vertex 3.637306695894642 -20 -2.1
      vertex 1.1 -20 -1.905255888325765
      vertex 0.8419035512031976 -20 -2.032534971524831
    endloop
  endfacet
  facet normal 0 -1 0
    outer loop
      vertex 3.8802940365474043 -20 -1.607270415933377
      vertex 1.3392751438191854 -20 -1.7453773486407176
      vertex 1.1 -20 -1.905255888325765
    endloop
  endfacet
  facet normal 0 -1 0
    outer loop
      vertex 3.8802940365474043 -20 -1.607270415933377
      vertex 1.5556349186104048 -20 -1.5556349186104048
      vertex 1.3392751438191854 -20 -1.7453773486407176
    endloop
  endfacet
  facet normal 0 -1 0
    outer loop
      vertex 3.8802940365474043 -20 -1.607270415933377
      vertex 1.7453773486407176 -20 -1.3392751438191854
      vertex 1.5556349186104048 -20 -1.5556349186104048
    endloop
  endfacet
  facet normal 0 -1 0
    outer loop
      vertex 3.637306695894642 -20 -2.1
      vertex 3.8802940365474043 -20 -1.607270415933377
      vertex 1.1 -20 -1.905255888325765
    endloop
  endfacet
  facet normal 0 -1 0
    outer loop
      vertex 4.056888470414087 -20 -1.087039989430587
      vertex 1.905255888325765 -20 -1.1
      vertex 1.7453773486407176 -20 -1.3392751438191854
    endloop
  endfacet
  facet normal 0 -1 0
    outer loop
      vertex 4.056888470414087 -20 -1.087039989430587
      vertex 2.032534971524831 -20 -0.8419035512031976
      vertex 1.905255888325765 -20 -1.1
    endloop
  endfacet
  facet normal 0 -1 0
    outer loop
      vertex 3.8802940365474043 -20 -1.607270415933377
      vertex 4.056888470414087 -20 -1.087039989430587
      vertex 1.7453773486407176 -20 -1.3392751438191854
    endloop
  endfacet
  facet normal 0 -1 0
    outer loop
      vertex 3.8802940365474043 -20 1.607270415933377
      vertex 1.5556349186104048 -20 1.5556349186104048
      vertex 1.7453773486407176 -20 1.3392751438191854
    endloop
  endfacet
  facet normal 0 -1 0
    outer loop
      vertex 4.164068417770004 -20 -0.5482100073242167
      vertex 2.1250368178359507 -20 -0.5694018992255456
      vertex 2.032534971524831 -20 -0.8419035512031976
    endloop
  endfacet
  facet normal 0 -1 0
    outer loop
      vertex 4.164068417770004 -20 -0.5482100073242167
      vertex 2.181178695022383 -20 -0.2871576228841135
      vertex 2.1250368178359507 -20 -0.5694018992255456
    endloop
  endfacet
  facet normal 0 -1 0
    outer loop
      vertex 4.056888470414087 -20 -1.087039989430587
      vertex 4.164068417770004 -20 -0.5482100073242167
      vertex 2.032534971524831 -20 -0.8419035512031976
    endloop
  endfacet
  facet normal 0 -1 0
    outer loop
      vertex 4.2 -20 0
      vertex 2.2 -20 0
      vertex 2.181178695022383 -20 -0.2871576228841135
    endloop
  endfacet
  facet normal 0 -1 0
    outer loop
      vertex 4.2 -20 0
      vertex 2.181178695022383 -20 0.2871576228841135
      vertex 2.2 -20 0
    endloop
  endfacet
  facet normal 0 -1 0
    outer loop
      vertex 4.164068417770004 -20 -0.5482100073242167
      vertex 4.2 -20 0
      vertex 2.181178695022383 -20 -0.2871576228841135
    endloop
  endfacet
  facet normal 0 -1 0
    outer loop
      vertex 4.2 -20 0
      vertex 4.164068417770004 -20 0.5482100073242167
      vertex 2.181178695022383 -20 0.2871576228841135
    endloop
  endfacet
  facet normal 0 -1 0
    outer loop
      vertex 4.056888470414087 -20 1.087039989430587
      vertex 2.1250368178359507 -20 0.5694018992255456
      vertex 2.181178695022383 -20 0.2871576228841135
    endloop
  endfacet
  facet normal 0 -1 0
    outer loop
      vertex 4.056888470414087 -20 1.087039989430587
      vertex 2.032534971524831 -20 0.8419035512031976
      vertex 2.1250368178359507 -20 0.5694018992255456
    endloop
  endfacet
  facet normal 0 -1 0
    outer loop
      vertex 4.164068417770004 -20 0.5482100073242167
      vertex 4.056888470414087 -20 1.087039989430587
      vertex 2.181178695022383 -20 0.2871576228841135
    endloop
  endfacet
  facet normal 0 -1 0
    outer loop
      vertex 3.8802940365474043 -20 1.607270415933377
      vertex 1.905255888325765 -20 1.1
      vertex 2.032534971524831 -20 0.8419035512031976
    endloop
  endfacet
  facet normal 0 -1 0
    outer loop
      vertex 3.8802940365474043 -20 1.607270415933377
      vertex 1.7453773486407176 -20 1.3392751438191854
      vertex 1.905255888325765 -20 1.1
    endloop
  endfacet
  facet normal 0 -1 0
    outer loop
      vertex 4.056888470414087 -20 1.087039989430587
      vertex 3.8802940365474043 -20 1.607270415933377
      vertex 2.032534971524831 -20 0.8419035512031976
    endloop
  endfacet
  facet normal 0.9469301294951055 9.909047068807946e-18 0.321439465303162
    outer loop
      vertex 4.056888470414087 -20 1.087039989430587
      vertex 4.056888470414087 -5.5941951663087295 1.0870399894305867
      vertex 3.8802940365474043 -20 1.607270415933377
    endloop
  endfacet
  facet normal 0.5555702330196015 9.388629552397056e-20 -0.8314696123025458
    outer loop
      vertex 2.556798001836627 -20 -3.332084029223188
      vertex 2.1558334160619284 -20 -3.6000000000000014
      vertex 2.1558334160619284 -2.1558334160619284 -3.6000000000000014
    endloop
  endfacet
  facet normal 0.6593458151000686 -1.3302354152081944e-19 -0.7518398074789775
    outer loop
      vertex 2.556798001836627 -20 -3.332084029223188
      vertex 2.9698484809835 -2.9698484809835 -2.9698484809835
      vertex 2.9698484809835 -20 -2.9698484809835
    endloop
  endfacet
  facet normal 0.7518398074789776 -1.3591447615092327e-19 -0.6593458151000687
    outer loop
      vertex 2.9698484809835 -20 -2.9698484809835
      vertex 3.332084029223188 -3.332084029223188 -2.556798001836627
      vertex 3.332084029223188 -20 -2.556798001836627
    endloop
  endfacet
  facet normal 0.8314696123025457 -6.452761654297293e-20 -0.5555702330196015
    outer loop
      vertex 3.332084029223188 -20 -2.556798001836627
      vertex 3.637306695894642 -3.637306695894642 -2.1
      vertex 3.637306695894642 -20 -2.1
    endloop
  endfacet
  facet normal 0.8968727415326881 -3.2021006708528587e-19 -0.4422886902190016
    outer loop
      vertex 3.637306695894642 -20 -2.1
      vertex 3.8802940365474043 -3.8802940365474043 -1.607270415933377
      vertex 3.8802940365474043 -20 -1.607270415933377
    endloop
  endfacet
  facet normal 0.9469301294951055 -5.8715977611771215e-19 -0.32143946530316203
    outer loop
      vertex 3.8802940365474043 -20 -1.607270415933377
      vertex 4.056888470414087 -4.056888470414087 -1.087039989430587
      vertex 4.056888470414087 -20 -1.087039989430587
    endloop
  endfacet
  facet normal 0.9807852804032305 2.4889494905456123e-19 -0.195090322016128
    outer loop
      vertex 4.056888470414087 -20 -1.087039989430587
      vertex 4.164068417770004 -4.164068417770004 -0.5482100073242167
      vertex 4.164068417770004 -20 -0.5482100073242167
    endloop
  endfacet
  facet normal 0.9978589232386035 -5.597059000035908e-17 -0.06540312923014326
    outer loop
      vertex 4.164068417770004 -20 -0.5482100073242167
      vertex 4.200000000000001 -4.2 2.0921395353219987e-17
      vertex 4.2 -20 0
    endloop
  endfacet
  facet normal 0.9978589232386035 -5.618006874998057e-17 0.06540312923014326
    outer loop
      vertex 4.2 -20 0
      vertex 4.200000000000001 -4.2 2.0921395353219987e-17
      vertex 4.164068417770004 -20 0.5482100073242167
    endloop
  endfacet
  facet normal 0.9807852804032304 1.8695871738940268e-17 0.19509032201612797
    outer loop
      vertex 4.164068417770004 -20 0.5482100073242167
      vertex 4.164068417770004 -4.939354445156564 0.5482100073242152
      vertex 4.056888470414087 -20 1.087039989430587
    endloop
  endfacet
  facet normal 0.9807852804032305 6.014069186257109e-18 0.19509032201612764
    outer loop
      vertex 4.056888470414087 -20 1.087039989430587
      vertex 4.164068417770004 -4.939354445156564 0.5482100073242152
      vertex 4.056888470414087 -5.5941951663087295 1.0870399894305867
    endloop
  endfacet
  facet normal 0.9469301294951056 5.154584853856209e-18 0.3214394653031619
    outer loop
      vertex 3.8802940365474043 -20 1.607270415933377
      vertex 4.056888470414087 -5.5941951663087295 1.0870399894305867
      vertex 3.8802940365474043 -6.153317657161431 1.6072704159333768
    endloop
  endfacet
  facet normal 0 -1 0
    outer loop
      vertex 3.332084029223188 -20 2.556798001836627
      vertex 0 -20 2.2
      vertex 0.2871576228841135 -20 2.181178695022383
    endloop
  endfacet
  facet normal 0 -1 0
    outer loop
      vertex -3.332084029223188 -20 2.556798001836627
      vertex 3.332084029223188 -20 2.556798001836627
      vertex 2.9698484809835 -20 2.9698484809835
    endloop
  endfacet
  facet normal 0 -1 0
    outer loop
      vertex 3.637306695894642 -20 2.1
      vertex 0.8419035512031976 -20 2.032534971524831
      vertex 1.1 -20 1.905255888325765
    endloop
  endfacet
  facet normal 0 -1 0
    outer loop
      vertex 3.332084029223188 -20 2.556798001836627
      vertex 0.5694018992255456 -20 2.1250368178359507
      vertex 0.8419035512031976 -20 2.032534971524831
    endloop
  endfacet
  facet normal 0 -1 0
    outer loop
      vertex 3.637306695894642 -20 2.1
      vertex 1.1 -20 1.905255888325765
      vertex 1.3392751438191854 -20 1.7453773486407176
    endloop
  endfacet
  facet normal 0 -1 0
    outer loop
      vertex 3.637306695894642 -20 2.1
      vertex 1.3392751438191854 -20 1.7453773486407176
      vertex 1.5556349186104048 -20 1.5556349186104048
    endloop
  endfacet
  facet normal 0 -1 0
    outer loop
      vertex 3.332084029223188 -20 2.556798001836627
      vertex 0.2871576228841135 -20 2.181178695022383
      vertex 0.5694018992255456 -20 2.1250368178359507
    endloop
  endfacet
  facet normal 0 -1 0
    outer loop
      vertex -2.9698484809835 -20 2.9698484809835
      vertex 2.9698484809835 -20 2.9698484809835
      vertex 2.556798001836627 -20 3.332084029223188
    endloop
  endfacet
  facet normal 0 -1 0
    outer loop
      vertex -2.556798001836627 -20 3.332084029223188
      vertex 2.556798001836627 -20 3.332084029223188
      vertex 2.1 -20 3.637306695894642
    endloop
  endfacet
  facet normal 0 -1 0
    outer loop
      vertex -2.1 -20 3.637306695894642
      vertex 2.1 -20 3.637306695894642
      vertex 1.607270415933377 -20 3.8802940365474043
    endloop
  endfacet
  facet normal 0 -1 0
    outer loop
      vertex -0.5482100073242167 -20 4.164068417770004
      vertex 0.5482100073242167 -20 4.164068417770004
      vertex 0 -20 4.2
    endloop
  endfacet
  facet normal 0 -1 0
    outer loop
      vertex -1.087039989430587 -20 4.056888470414087
      vertex 1.087039989430587 -20 4.056888470414087
      vertex 0.5482100073242167 -20 4.164068417770004
    endloop
  endfacet
  facet normal 0 -1 0
    outer loop
      vertex -1.607270415933377 -20 3.8802940365474043
      vertex 1.607270415933377 -20 3.8802940365474043
      vertex 1.087039989430587 -20 4.056888470414087
    endloop
  endfacet
  facet normal 0.06540312923014326 0 0.9978589232386035
    outer loop
      vertex 0.5482100073242167 -20 4.164068417770004
      vertex 0.5482100073242167 -6.437092038384032 4.164068417770004
      vertex 0 -20 4.2
    endloop
  endfacet
  facet normal 0.19509032201612797 -2.991489902061031e-19 0.9807852804032305
    outer loop
      vertex 0.5482100073242167 -20 4.164068417770004
      vertex 1.087039989430587 -20 4.056888470414087
      vertex 1.087039989430587 -6.824346685325231 4.056888470414087
    endloop
  endfacet
  facet normal 0.5555702330196014 8.481748809550341e-18 0.8314696123025458
    outer loop
      vertex 2.1 -20 3.637306695894642
      vertex 2.556798001836627 -20 3.332084029223188
      vertex 2.5567980018366274 -7.269076426930848 3.3320840292231875
    endloop
  endfacet
  facet normal 0.32143946530316203 2.0982436529344062e-17 0.9469301294951056
    outer loop
      vertex 1.087039989430587 -20 4.056888470414087
      vertex 1.607270415933377 -20 3.8802940365474043
      vertex 1.6072704159333775 -7.094834868414161 3.880294036547404
    endloop
  endfacet
  facet normal 0.4422886902190015 0 0.8968727415326881
    outer loop
      vertex 2.1 -20 3.637306695894642
      vertex 2.1 -7.243928459844675 3.637306695894642
      vertex 1.607270415933377 -20 3.8802940365474043
    endloop
  endfacet
  facet normal 0 -1 0
    outer loop
      vertex 3.637306695894642 -20 2.1
      vertex 1.5556349186104048 -20 1.5556349186104048
      vertex 3.8802940365474043 -20 1.607270415933377
    endloop
  endfacet
  facet normal 0 -1 0
    outer loop
      vertex 3.637306695894642 -20 2.1
      vertex 3.332084029223188 -20 2.556798001836627
      vertex 0.8419035512031976 -20 2.032534971524831
    endloop
  endfacet
  facet normal 0.8314696123025457 9.273519561697863e-18 0.5555702330196014
    outer loop
      vertex 3.637306695894642 -20 2.1
      vertex 3.6373066958946425 -6.607155176878143 2.099999999999999
      vertex 3.332084029223188 -20 2.556798001836627
    endloop
  endfacet
  facet normal 0.7518398074789776 1.7356735190786907e-19 0.6593458151000687
    outer loop
      vertex 2.9698484809835 -20 2.9698484809835
      vertex 3.332084029223188 -20 2.556798001836627
      vertex 3.332084029223188 -6.947942439668975 2.556798001836627
    endloop
  endfacet
  facet normal 0.8968727415326881 7.66998206921569e-18 0.4422886902190016
    outer loop
      vertex 3.637306695894642 -20 2.1
      vertex 3.8802940365474043 -20 1.607270415933377
      vertex 3.8802940365474043 -6.153317657161431 1.6072704159333768
    endloop
  endfacet
  facet normal 0.6593458151000686 2.593921598546012e-18 0.7518398074789776
    outer loop
      vertex 2.9698484809835 -20 2.9698484809835
      vertex 2.5567980018366274 -7.269076426930848 3.3320840292231875
      vertex 2.556798001836627 -20 3.332084029223188
    endloop
  endfacet
  facet normal 0.06540312923014481 -6.303397296120575e-17 0.9978589232386034
    outer loop
      vertex 0 -20 4.2
      vertex 0.5482100073242167 -6.437092038384032 4.164068417770004
      vertex 0 -5.939696961967 4.200000000000001
    endloop
  endfacet
  facet normal 0.19509032201612797 0 0.9807852804032307
    outer loop
      vertex 0.5482100073242167 -20 4.164068417770004
      vertex 1.087039989430587 -6.824346685325231 4.056888470414087
      vertex 0.5482100073242167 -6.437092038384032 4.164068417770004
    endloop
  endfacet
  facet normal 0.5555702330196016 0 0.8314696123025457
    outer loop
      vertex 2.1 -20 3.637306695894642
      vertex 2.5567980018366274 -7.269076426930848 3.3320840292231875
      vertex 2.1 -7.243928459844675 3.637306695894642
    endloop
  endfacet
  facet normal 0.44228869021900125 1.5643028981026942e-17 0.8968727415326885
    outer loop
      vertex 1.607270415933377 -20 3.8802940365474043
      vertex 2.1 -7.243928459844675 3.637306695894642
      vertex 1.6072704159333775 -7.094834868414161 3.880294036547404
    endloop
  endfacet
  facet normal 0.3214394653031625 0 0.9469301294951054
    outer loop
      vertex 1.087039989430587 -20 4.056888470414087
      vertex 1.6072704159333775 -7.094834868414161 3.880294036547404
      vertex 1.087039989430587 -6.824346685325231 4.056888470414087
    endloop
  endfacet
  facet normal 0.7518398074789776 0 0.6593458151000686
    outer loop
      vertex 2.9698484809835 -20 2.9698484809835
      vertex 3.332084029223188 -6.947942439668975 2.556798001836627
      vertex 2.9698484809835 -7.1698484809835 2.9698484809835
    endloop
  endfacet
  facet normal 0.8968727415326883 -4.0769808546824497e-19 0.4422886902190014
    outer loop
      vertex 3.637306695894642 -20 2.1
      vertex 3.8802940365474043 -6.153317657161431 1.6072704159333768
      vertex 3.6373066958946425 -6.607155176878143 2.099999999999999
    endloop
  endfacet
  facet normal 0.8314696123025459 0 0.5555702330196013
    outer loop
      vertex 3.332084029223188 -20 2.556798001836627
      vertex 3.6373066958946425 -6.607155176878143 2.099999999999999
      vertex 3.332084029223188 -6.947942439668975 2.556798001836627
    endloop
  endfacet
  facet normal 0.6593458151000686 0 0.7518398074789777
    outer loop
      vertex 2.9698484809835 -20 2.9698484809835
      vertex 2.9698484809835 -7.1698484809835 2.9698484809835
      vertex 2.5567980018366274 -7.269076426930848 3.3320840292231875
    endloop
  endfacet
  facet normal 0.5555702330196015 0 -0.8314696123025458
    outer loop
      vertex 2.556798001836627 -20 -3.332084029223188
      vertex 2.1558334160619284 -2.1558334160619284 -3.6000000000000014
      vertex 2.556798001836627 -2.556798001836627 -3.332084029223188
    endloop
  endfacet
  facet normal 0.7518398074789775 0 -0.6593458151000686
    outer loop
      vertex 2.9698484809835 -20 -2.9698484809835
      vertex 2.9698484809835 -2.9698484809835 -2.9698484809835
      vertex 3.332084029223188 -3.332084029223188 -2.556798001836627
    endloop
  endfacet
  facet normal 0.8314696123025457 0 -0.5555702330196014
    outer loop
      vertex 3.332084029223188 -20 -2.556798001836627
      vertex 3.332084029223188 -3.332084029223188 -2.556798001836627
      vertex 3.637306695894642 -3.637306695894642 -2.1
    endloop
  endfacet
  facet normal 0.6593458151000686 0 -0.7518398074789776
    outer loop
      vertex 2.556798001836627 -20 -3.332084029223188
      vertex 2.556798001836627 -2.556798001836627 -3.332084029223188
      vertex 2.9698484809835 -2.9698484809835 -2.9698484809835
    endloop
  endfacet
  facet normal 0.8968727415326883 0 -0.4422886902190016
    outer loop
      vertex 3.637306695894642 -20 -2.1
      vertex 3.637306695894642 -3.637306695894642 -2.1
      vertex 3.8802940365474043 -3.8802940365474043 -1.607270415933377
    endloop
  endfacet
  facet normal 0.9469301294951057 0 -0.32143946530316203
    outer loop
      vertex 3.8802940365474043 -20 -1.607270415933377
      vertex 3.8802940365474043 -3.8802940365474043 -1.607270415933377
      vertex 4.056888470414087 -4.056888470414087 -1.087039989430587
    endloop
  endfacet
  facet normal 0.9807852804032304 0 -0.19509032201612794
    outer loop
      vertex 4.056888470414087 -20 -1.087039989430587
      vertex 4.056888470414087 -4.056888470414087 -1.087039989430587
      vertex 4.164068417770004 -4.164068417770004 -0.5482100073242167
    endloop
  endfacet
  facet normal 0.9978589232386033 0 -0.06540312923014485
    outer loop
      vertex 4.164068417770004 -20 -0.5482100073242167
      vertex 4.164068417770004 -4.164068417770004 -0.5482100073242167
      vertex 4.200000000000001 -4.2 2.0921395353219987e-17
    endloop
  endfacet
  facet normal 0.9978589232386035 6.267704634323386e-18 0.06540312923014505
    outer loop
      vertex 4.164068417770004 -20 0.5482100073242167
      vertex 4.200000000000001 -4.2 2.0921395353219987e-17
      vertex 4.164068417770004 -4.939354445156564 0.5482100073242152
    endloop
  endfacet
  facet normal -0.41304045228963226 0.8553291425086345 -0.3127453320959725
    outer loop
      vertex 2.1 7.243928459844675 3.637306695894642
      vertex 1.607270415933377 7.09483486841416 3.8802940365474043
      vertex 8.603035770077664 13.746964229922337 12.833988078535839
    endloop
  endfacet
  facet normal -0.31015268469987833 0.8657229177194804 -0.3928474791935512
    outer loop
      vertex 2.1 7.243928459844675 3.637306695894642
      vertex 9.047259788371205 13.759538213465428 12.510983113804695
      vertex 2.556798001836627 7.269076426930848 3.332084029223188
    endloop
  endfacet
  facet normal 0.8657229177194805 -0.3101526846998783 -0.39284747919355095
    outer loop
      vertex 7.243928459844675 2.1 3.637306695894642
      vertex 7.269076426930848 2.5567980018366274 3.3320840292231875
      vertex 13.746964229922337 8.603035770077664 12.833988078535839
    endloop
  endfacet
  facet normal 0.45268246542984736 0.5451764578087562 -0.7055928112895232
    outer loop
      vertex 4.2 4.200000000000001 2.092139535321998e-17
      vertex 4.164068417770004 4.939354445156566 0.5482100073242167
      vertex 12.225000000000001 12.225000000000001 11.349063838044088
    endloop
  endfacet
  facet normal 0.5451764578087559 0.4526824654298473 -0.7055928112895232
    outer loop
      vertex 4.2 4.200000000000001 2.092139535321998e-17
      vertex 12.594677222578284 11.819391195191724 11.37447130349768
      vertex 4.939354445156564 4.164068417770004 0.5482100073242152
    endloop
  endfacet
  facet normal 0.13569103867037333 0.7611817028623155 -0.6341847973991342
    outer loop
      vertex 3.637306695894642 6.607155176878143 2.1
      vertex 10.458729107455573 13.428577588439074 11.746948089105251
      vertex 3.8802940365474043 6.153317657161431 1.607270415933377
    endloop
  endfacet
  facet normal 0.3524429505601433 0.628342329843087 -0.6935199226610738
    outer loop
      vertex 4.164068417770004 4.939354445156566 0.5482100073242167
      vertex 4.056888470414087 5.5941951663087295 1.087039989430587
      vertex 11.819391195191724 12.594677222578284 11.37447130349768
    endloop
  endfacet
  facet normal 0.24617303909070842 0.7007570904043968 -0.6695807158758446
    outer loop
      vertex 4.056888470414087 5.5941951663087295 1.087039989430587
      vertex 3.8802940365474043 6.153317657161431 1.607270415933377
      vertex 10.92863520796669 13.201658828580717 11.575130092787198
    endloop
  endfacet
  facet normal -0.09030799326474134 0.8421478007437189 -0.5316310262343734
    outer loop
      vertex 2.9698484809835 7.1698484809835 2.9698484809835
      vertex 9.9831128093887 13.598971219834489 11.962773106480478
      vertex 3.3320840292231875 6.947942439668975 2.5567980018366274
    endloop
  endfacet
  facet normal -0.20195811868433813 0.8613039337844076 -0.46622789700423073
    outer loop
      vertex 2.9698484809835 7.1698484809835 2.9698484809835
      vertex 2.556798001836627 7.269076426930848 3.332084029223188
      vertex 9.50992424049175 13.70992424049175 12.218912319027588
    endloop
  endfacet
  facet normal 0.022887326957720354 0.808582285344824 -0.5879378012096789
    outer loop
      vertex 3.637306695894642 6.607155176878143 2.1
      vertex 3.3320840292231875 6.947942439668975 2.5567980018366274
      vertex 9.9831128093887 13.598971219834489 11.962773106480478
    endloop
  endfacet
  facet normal 0.7611817028623155 0.13569103867037333 -0.6341847973991342
    outer loop
      vertex 6.1533176571614305 3.880294036547405 1.6072704159333762
      vertex 13.428577588439074 10.458729107455573 11.746948089105251
      vertex 6.607155176878142 3.6373066958946425 2.099999999999999
    endloop
  endfacet
  facet normal 0.6283423298430865 0.352442950560144 -0.6935199226610739
    outer loop
      vertex 4.939354445156564 4.164068417770004 0.5482100073242152
      vertex 12.922097583154365 11.384790887259722 11.450258971080267
      vertex 5.5941951663087295 4.056888470414087 1.0870399894305867
    endloop
  endfacet
  facet normal 0.7007570904043972 0.24617303909070806 -0.6695807158758446
    outer loop
      vertex 5.5941951663087295 4.056888470414087 1.0870399894305867
      vertex 13.201658828580717 10.92863520796669 11.575130092787198
      vertex 6.1533176571614305 3.880294036547405 1.6072704159333762
    endloop
  endfacet
  facet normal 0.8421478007437189 -0.0903079932647416 -0.5316310262343732
    outer loop
      vertex 7.1698484809835 2.9698484809835 2.9698484809835
      vertex 6.947942439668975 3.332084029223188 2.556798001836627
      vertex 13.70992424049175 9.50992424049175 12.218912319027588
    endloop
  endfacet
  facet normal 0.8085822853448239 0.022887326957721044 -0.5879378012096791
    outer loop
      vertex 6.607155176878142 3.6373066958946425 2.099999999999999
      vertex 13.598971219834489 9.9831128093887 11.962773106480478
      vertex 6.947942439668975 3.332084029223188 2.556798001836627
    endloop
  endfacet
  facet normal 0.8613039337844076 -0.20195811868433797 -0.4662278970042308
    outer loop
      vertex 7.1698484809835 2.9698484809835 2.9698484809835
      vertex 13.70992424049175 9.50992424049175 12.218912319027588
      vertex 7.269076426930848 2.5567980018366274 3.3320840292231875
    endloop
  endfacet
  facet normal -0.7007570904043962 -0.2461730390907094 0.6695807158758448
    outer loop
      vertex 0 1.537306695894642 6.82434668532523
      vertex 7.327902416845637 8.86520911274028 17.18756566697491
      vertex 0 2.2730236206140275 7.094834868414159
    endloop
  endfacet
  facet normal -0.7611817028623158 -0.13569103867037258 0.6341847973991338
    outer loop
      vertex 0 2.2730236206140275 7.094834868414159
      vertex 7.048341171419286 9.321364792033313 17.06269454526798
      vertex -3.229069425739945e-16 2.9698484809835004 7.243928459844675
    endloop
  endfacet
  facet normal -0.35244295056014313 -0.628342329843087 0.6935199226610737
    outer loop
      vertex 0.7752860273865609 0 6.437092038384032
      vertex 1.5373066958946424 0 6.82434668532523
      vertex 8.86520911274028 7.327902416845637 17.18756566697491
    endloop
  endfacet
  facet normal -0.24617303909070953 -0.700757090404396 0.6695807158758449
    outer loop
      vertex 1.5373066958946424 0 6.82434668532523
      vertex 2.2730236206140275 0 7.094834868414159
      vertex 8.86520911274028 7.327902416845637 17.18756566697491
    endloop
  endfacet
  facet normal -0.13569103867037147 -0.7611817028623165 0.6341847973991334
    outer loop
      vertex 2.2730236206140275 0 7.094834868414159
      vertex 2.9698484809835 0 7.243928459844674
      vertex 9.321364792033313 7.048341171419286 17.06269454526798
    endloop
  endfacet
  facet normal -0.5451764578087552 -0.45268246542984836 0.7055928112895232
    outer loop
      vertex 0 0 5.939696961967
      vertex 8.025 8.025 17.288760800011087
      vertex 0 0.7752860273865609 6.437092038384033
    endloop
  endfacet
  facet normal -0.4526824654298474 -0.5451764578087561 0.705592811289523
    outer loop
      vertex 0 0 5.939696961967
      vertex 0.7752860273865609 0 6.437092038384032
      vertex 8.430608804808278 7.655322777421717 17.263353334557497
    endloop
  endfacet
  facet normal -0.6283423298430877 -0.3524429505601424 0.6935199226610734
    outer loop
      vertex 0 0.7752860273865609 6.437092038384033
      vertex 7.655322777421717 8.430608804808278 17.263353334557497
      vertex 0 1.537306695894642 6.82434668532523
    endloop
  endfacet
  facet normal -0.7382943759045948 0.6728912466744515 0.04624699618945443
    outer loop
      vertex 0 5.939696961967 4.2
      vertex -2.7817890351053733e-17 5.888882031059815 4.939354445156565
      vertex 7.1551515190165 13.094848480983499 14.318912319027588
    endloop
  endfacet
  facet normal -0.7910650836691377 0.59597476165301 0.13794968964147114
    outer loop
      vertex -2.7817890351053733e-17 5.888882031059815 4.939354445156565
      vertex 0 5.7373066958946435 5.594195166308729
      vertex 6.906453980807985 12.7953360118678 14.70655533272087
    endloop
  endfacet
  facet normal -0.8303004485274257 0.5088609832242639 0.2272920256568437
    outer loop
      vertex 0 5.7373066958946435 5.594195166308729
      vertex -1.2156796525665535e-16 5.487564452480782 6.153317657161432
      vertex 6.712826657337387 12.45013335323203 15.087565666974909
    endloop
  endfacet
  facet normal -0.8553291425086346 0.41304045228963154 0.31274533209597327
    outer loop
      vertex -1.2156796525665535e-16 5.487564452480782 6.153317657161432
      vertex 1.6237822437272284e-16 5.143928459844673 6.607155176878141
      vertex 6.577582565792921 12.065147018273704 15.455424129334602
    endloop
  endfacet
  facet normal -0.6728912466744515 0.7382943759045946 -0.04624699618945426
    outer loop
      vertex 0 5.939696961967 4.2
      vertex 7.454663988132202 13.343546019192017 13.931269305334308
      vertex 0.5482100073242167 6.437092038384032 4.164068417770004
    endloop
  endfacet
  facet normal -0.5088609832242642 0.8303004485274255 -0.22729202565684328
    outer loop
      vertex 1.087039989430587 6.824346685325231 4.056888470414087
      vertex 8.1848529817263 13.672417434207082 13.182400508720574
      vertex 1.607270415933377 7.09483486841416 3.8802940365474043
    endloop
  endfacet
  facet normal -0.59597476165301 0.7910650836691377 -0.13794968964147106
    outer loop
      vertex 0.5482100073242167 6.437092038384032 4.164068417770004
      vertex 7.799866646767973 13.537173342662616 13.550258971080268
      vertex 1.087039989430587 6.824346685325231 4.056888470414087
    endloop
  endfacet
  facet normal -0.8085822853448242 -0.022887326957720097 0.5879378012096788
    outer loop
      vertex -3.229069425739945e-16 2.9698484809835004 7.243928459844675
      vertex 6.82142241156093 9.79127089254443 16.890876548949926
      vertex -2.803446166619483e-16 3.6158584104457883 7.269076426930846
    endloop
  endfacet
  facet normal -0.8421478007437188 0.0903079932647405 0.5316310262343739
    outer loop
      vertex -2.803446166619483e-16 3.6158584104457883 7.269076426930846
      vertex 6.651028780165514 10.266887190611302 16.6750515315747
      vertex -2.403875917307607e-16 4.200000000000001 7.1698484809835
    endloop
  endfacet
  facet normal -0.8657229177194804 0.3101526846998802 0.3928474791935497
    outer loop
      vertex 0 4.712278425094221 6.947942439668976
      vertex 6.503035770077664 11.646964229922338 15.803836559519338
      vertex 1.6237822437272284e-16 5.143928459844673 6.607155176878141
    endloop
  endfacet
  facet normal -0.8613039337844077 0.20195811868433877 0.46622789700423034
    outer loop
      vertex -2.403875917307607e-16 4.200000000000001 7.1698484809835
      vertex 6.540075759508251 10.740075759508251 16.418912319027587
      vertex 0 4.712278425094221 6.947942439668976
    endloop
  endfacet
  facet normal 0.6728912466744512 -0.7382943759045949 0.04624699618945476
    outer loop
      vertex 5.939696961967 0 4.2
      vertex 13.094848480983499 7.1551515190165 14.318912319027588
      vertex 5.888882031059815 4.440892098500626e-16 4.9393544451565665
    endloop
  endfacet
  facet normal 0.5959747616530102 -0.7910650836691375 0.1379496896414708
    outer loop
      vertex 5.888882031059815 4.440892098500626e-16 4.9393544451565665
      vertex 12.7953360118678 6.906453980807985 14.70655533272087
      vertex 5.7373066958946435 0 5.5941951663087295
    endloop
  endfacet
  facet normal 0.5088609832242643 -0.8303004485274255 0.22729202565684328
    outer loop
      vertex 5.7373066958946435 0 5.5941951663087295
      vertex 12.45013335323203 6.712826657337387 15.087565666974909
      vertex 5.4875644524807825 0 6.153317657161433
    endloop
  endfacet
  facet normal 0.4130404522896312 -0.8553291425086346 0.31274533209597355
    outer loop
      vertex 5.4875644524807825 0 6.153317657161433
      vertex 12.065147018273704 6.577582565792921 15.455424129334602
      vertex 5.143928459844673 4.440892098500626e-16 6.607155176878143
    endloop
  endfacet
  facet normal 0.7382943759045946 -0.6728912466744515 -0.04624699618945426
    outer loop
      vertex 5.939696961967 0 4.2
      vertex 6.437092038384032 0.5482100073242167 4.164068417770004
      vertex 13.343546019192017 7.454663988132202 13.931269305334308
    endloop
  endfacet
  facet normal 0.7910650836691376 -0.5959747616530098 -0.1379496896414711
    outer loop
      vertex 6.437092038384032 0.5482100073242167 4.164068417770004
      vertex 6.824346685325231 1.087039989430587 4.056888470414087
      vertex 13.343546019192017 7.454663988132202 13.931269305334308
    endloop
  endfacet
  facet normal 0.8303004485274256 -0.5088609832242641 -0.2272920256568433
    outer loop
      vertex 6.824346685325231 1.087039989430587 4.056888470414087
      vertex 7.09483486841416 1.6072704159333775 3.880294036547404
      vertex 13.537173342662616 7.799866646767973 13.550258971080268
    endloop
  endfacet
  facet normal 0.8553291425086342 -0.4130404522896324 -0.31274533209597255
    outer loop
      vertex 7.243928459844675 2.1 3.637306695894642
      vertex 13.672417434207082 8.1848529817263 13.182400508720574
      vertex 7.09483486841416 1.6072704159333775 3.880294036547404
    endloop
  endfacet
  facet normal -0.022887326957722057 -0.8085822853448236 0.5879378012096798
    outer loop
      vertex 2.9698484809835 0 7.243928459844674
      vertex 3.615858410445788 4.440892098500626e-16 7.269076426930848
      vertex 9.79127089254443 6.82142241156093 16.890876548949926
    endloop
  endfacet
  facet normal 0.09030799326474141 -0.842147800743719 0.5316310262343734
    outer loop
      vertex 3.615858410445788 4.440892098500626e-16 7.269076426930848
      vertex 4.2 0 7.1698484809835
      vertex 10.266887190611302 6.651028780165514 16.6750515315747
    endloop
  endfacet
  facet normal 0.31015268469987994 -0.8657229177194804 0.39284747919354984
    outer loop
      vertex 4.712278425094222 0 6.947942439668976
      vertex 5.143928459844673 4.440892098500626e-16 6.607155176878143
      vertex 11.646964229922338 6.503035770077664 15.803836559519338
    endloop
  endfacet
  facet normal 0.2019581186843379 -0.8613039337844076 0.46622789700423084
    outer loop
      vertex 4.2 0 7.1698484809835
      vertex 4.712278425094222 0 6.947942439668976
      vertex 10.740075759508251 6.540075759508251 16.418912319027587
    endloop
  endfacet
  facet normal 0.5451764578087546 0.4526824654298487 -0.7055928112895234
    outer loop
      vertex 4.2 4.200000000000001 2.092139535321998e-17
      vertex 12.225000000000001 12.225000000000001 11.349063838044088
      vertex 12.594677222578284 11.819391195191724 11.37447130349768
    endloop
  endfacet
  facet normal 0.45268246542984847 0.5451764578087551 -0.7055928112895231
    outer loop
      vertex 4.164068417770004 4.939354445156566 0.5482100073242167
      vertex 11.819391195191724 12.594677222578284 11.37447130349768
      vertex 12.225000000000001 12.225000000000001 11.349063838044088
    endloop
  endfacet
  facet normal -0.6283423298430908 -0.35244295056013797 0.6935199226610729
    outer loop
      vertex 0 1.537306695894642 6.82434668532523
      vertex 7.655322777421717 8.430608804808278 17.263353334557497
      vertex 7.327902416845637 8.86520911274028 17.18756566697491
    endloop
  endfacet
  facet normal -0.7007570904043945 -0.2461730390907117 0.6695807158758459
    outer loop
      vertex 0 2.2730236206140275 7.094834868414159
      vertex 7.327902416845637 8.86520911274028 17.18756566697491
      vertex 7.048341171419286 9.321364792033313 17.06269454526798
    endloop
  endfacet
  facet normal -0.7611817028623162 -0.1356910386703714 0.6341847973991337
    outer loop
      vertex -3.229069425739945e-16 2.9698484809835004 7.243928459844675
      vertex 7.048341171419286 9.321364792033313 17.06269454526798
      vertex 6.82142241156093 9.79127089254443 16.890876548949926
    endloop
  endfacet
  facet normal -0.8553291425086346 0.4130404522896313 0.31274533209597327
    outer loop
      vertex 1.6237822437272284e-16 5.143928459844673 6.607155176878141
      vertex 6.503035770077664 11.646964229922338 15.803836559519338
      vertex 6.577582565792921 12.065147018273704 15.455424129334602
    endloop
  endfacet
  facet normal -0.8657229177194807 0.310152684699881 0.3928474791935486
    outer loop
      vertex 0 4.712278425094221 6.947942439668976
      vertex 6.490461786534577 11.202740211628798 16.126841524250484
      vertex 6.503035770077664 11.646964229922338 15.803836559519338
    endloop
  endfacet
  facet normal -0.8613039337844076 0.20195811868433633 0.4662278970042315
    outer loop
      vertex 0 4.712278425094221 6.947942439668976
      vertex 6.540075759508251 10.740075759508251 16.418912319027587
      vertex 6.490461786534577 11.202740211628798 16.126841524250484
    endloop
  endfacet
  facet normal -0.8085822853448236 -0.022887326957721284 0.5879378012096798
    outer loop
      vertex -2.803446166619483e-16 3.6158584104457883 7.269076426930846
      vertex 6.82142241156093 9.79127089254443 16.890876548949926
      vertex 6.651028780165514 10.266887190611302 16.6750515315747
    endloop
  endfacet
  facet normal -0.8421478007437189 0.09030799326474276 0.531631026234373
    outer loop
      vertex -2.403875917307607e-16 4.200000000000001 7.1698484809835
      vertex 6.651028780165514 10.266887190611302 16.6750515315747
      vertex 6.540075759508251 10.740075759508251 16.418912319027587
    endloop
  endfacet
  facet normal -0.3524429505601387 -0.6283423298430906 0.693519922661073
    outer loop
      vertex 0.7752860273865609 0 6.437092038384032
      vertex 8.86520911274028 7.327902416845637 17.18756566697491
      vertex 8.430608804808278 7.655322777421717 17.263353334557497
    endloop
  endfacet
  facet normal -0.2461730390907117 -0.7007570904043945 0.6695807158758459
    outer loop
      vertex 2.2730236206140275 0 7.094834868414159
      vertex 9.321364792033313 7.048341171419286 17.06269454526798
      vertex 8.86520911274028 7.327902416845637 17.18756566697491
    endloop
  endfacet
  facet normal -0.13569103867037133 -0.7611817028623166 0.6341847973991332
    outer loop
      vertex 2.9698484809835 0 7.243928459844674
      vertex 9.79127089254443 6.82142241156093 16.890876548949926
      vertex 9.321364792033313 7.048341171419286 17.06269454526798
    endloop
  endfacet
  facet normal 0.41304045228963143 -0.8553291425086347 0.31274533209597305
    outer loop
      vertex 5.143928459844673 4.440892098500626e-16 6.607155176878143
      vertex 12.065147018273704 6.577582565792921 15.455424129334602
      vertex 11.646964229922338 6.503035770077664 15.803836559519338
    endloop
  endfacet
  facet normal 0.3101526846998812 -0.8657229177194804 0.39284747919354907
    outer loop
      vertex 4.712278425094222 0 6.947942439668976
      vertex 11.646964229922338 6.503035770077664 15.803836559519338
      vertex 11.202740211628798 6.490461786534577 16.126841524250484
    endloop
  endfacet
  facet normal 0.20195811868433647 -0.8613039337844073 0.466227897004232
    outer loop
      vertex 4.712278425094222 0 6.947942439668976
      vertex 11.202740211628798 6.490461786534577 16.126841524250484
      vertex 10.740075759508251 6.540075759508251 16.418912319027587
    endloop
  endfacet
  facet normal -0.022887326957722116 -0.8085822853448236 0.5879378012096795
    outer loop
      vertex 3.615858410445788 4.440892098500626e-16 7.269076426930848
      vertex 10.266887190611302 6.651028780165514 16.6750515315747
      vertex 9.79127089254443 6.82142241156093 16.890876548949926
    endloop
  endfacet
  facet normal 0.09030799326474279 -0.8421478007437191 0.531631026234373
    outer loop
      vertex 4.2 0 7.1698484809835
      vertex 10.740075759508251 6.540075759508251 16.418912319027587
      vertex 10.266887190611302 6.651028780165514 16.6750515315747
    endloop
  endfacet
  facet normal -0.45268246542985074 -0.5451764578087528 0.7055928112895234
    outer loop
      vertex 0 0 5.939696961967
      vertex 8.430608804808278 7.655322777421717 17.263353334557497
      vertex 8.025 8.025 17.288760800011087
    endloop
  endfacet
  facet normal -0.5451764578087527 -0.4526824654298517 0.705592811289523
    outer loop
      vertex 0 0.7752860273865609 6.437092038384033
      vertex 8.025 8.025 17.288760800011087
      vertex 7.655322777421717 8.430608804808278 17.263353334557497
    endloop
  endfacet
  facet normal 0.5000000000000008 0.49999999999999944 0.7071067811865474
    outer loop
      vertex 9.321364792033313 7.048341171419286 17.06269454526798
      vertex 9.79127089254443 6.82142241156093 16.890876548949926
      vertex 10.447182540694799 8.2471825406948 15.418912319027589
    endloop
  endfacet
  facet normal 0.5000000000000013 0.4999999999999988 0.7071067811865475
    outer loop
      vertex 8.025 8.025 17.288760800011087
      vertex 8.831359550078043 9.237461754899575 15.861238565257539
      vertex 7.655322777421717 8.430608804808278 17.263353334557497
    endloop
  endfacet
  facet normal 0.4999999999999985 0.5000000000000009 0.7071067811865479
    outer loop
      vertex 8.025 8.025 17.288760800011087
      vertex 8.430608804808278 7.655322777421717 17.263353334557497
      vertex 9.237461754899575 8.831359550078043 15.86123856525754
    endloop
  endfacet
  facet normal 0.5000000000000011 0.499999999999999 0.7071067811865475
    outer loop
      vertex 7.327902416845637 8.86520911274028 17.18756566697491
      vertex 8.394554596531917 9.950189515142322 15.666131677558335
      vertex 8.305300789610508 10.199321861748777 15.553080477980837
    endloop
  endfacet
  facet normal 0.500000000000001 0.4999999999999991 0.7071067811865475
    outer loop
      vertex 7.327902416845637 8.86520911274028 17.18756566697491
      vertex 8.513416804076769 9.704048224398402 15.756131580391601
      vertex 8.394554596531917 9.950189515142322 15.666131677558335
    endloop
  endfacet
  facet normal 0.5000000000000037 0.49999999999999634 0.7071067811865475
    outer loop
      vertex 7.048341171419286 9.321364792033313 17.06269454526798
      vertex 8.305300789610508 10.199321861748777 15.553080477980837
      vertex 8.2471825406948 10.447182540694799 15.418912319027589
    endloop
  endfacet
  facet normal 0.5000000000000024 0.499999999999998 0.7071067811865474
    outer loop
      vertex 7.048341171419286 9.321364792033313 17.06269454526798
      vertex 7.327902416845637 8.86520911274028 17.18756566697491
      vertex 8.305300789610508 10.199321861748777 15.553080477980837
    endloop
  endfacet
  facet normal 0.5000000000000027 0.49999999999999767 0.7071067811865471
    outer loop
      vertex 7.655322777421717 8.430608804808278 17.263353334557497
      vertex 8.659853646919142 9.465109535244906 15.821540263190471
      vertex 8.513416804076769 9.704048224398402 15.756131580391601
    endloop
  endfacet
  facet normal 0.49999999999999944 0.5000000000000011 0.7071067811865471
    outer loop
      vertex 7.655322777421717 8.430608804808278 17.263353334557497
      vertex 8.831359550078043 9.237461754899575 15.861238565257539
      vertex 8.659853646919142 9.465109535244906 15.821540263190471
    endloop
  endfacet
  facet normal 0.4999999999999987 0.5000000000000007 0.7071067811865478
    outer loop
      vertex 8.025 8.025 17.288760800011087
      vertex 9.025 9.025 15.874547237637993
      vertex 8.831359550078043 9.237461754899575 15.861238565257539
    endloop
  endfacet
  facet normal 0.5000000000000008 0.4999999999999995 0.7071067811865475
    outer loop
      vertex 7.327902416845637 8.86520911274028 17.18756566697491
      vertex 7.655322777421717 8.430608804808278 17.263353334557497
      vertex 8.513416804076769 9.704048224398402 15.756131580391601
    endloop
  endfacet
  facet normal 0.5000000000000048 0.4999999999999973 0.7071067811865461
    outer loop
      vertex 8.86520911274028 7.327902416845637 17.18756566697491
      vertex 9.465109535244906 8.659853646919142 15.821540263190471
      vertex 9.237461754899575 8.831359550078043 15.86123856525754
    endloop
  endfacet
  facet normal 0.49999999999999756 0.5000000000000024 0.7071067811865476
    outer loop
      vertex 8.86520911274028 7.327902416845637 17.18756566697491
      vertex 9.704048224398402 8.513416804076769 15.756131580391601
      vertex 9.465109535244906 8.659853646919142 15.821540263190471
    endloop
  endfacet
  facet normal 0.49999999999999756 0.5000000000000019 0.7071067811865478
    outer loop
      vertex 8.025 8.025 17.288760800011087
      vertex 9.237461754899575 8.831359550078043 15.86123856525754
      vertex 9.025 9.025 15.874547237637993
    endloop
  endfacet
  facet normal 0.4999999999999992 0.5000000000000013 0.7071067811865471
    outer loop
      vertex 9.321364792033313 7.048341171419286 17.06269454526798
      vertex 9.950189515142322 8.394554596531917 15.666131677558335
      vertex 9.704048224398402 8.513416804076769 15.756131580391601
    endloop
  endfacet
  facet normal 0.4999999999999988 0.5000000000000017 0.7071067811865472
    outer loop
      vertex 9.321364792033313 7.048341171419286 17.06269454526798
      vertex 10.199321861748777 8.305300789610508 15.553080477980837
      vertex 9.950189515142322 8.394554596531917 15.666131677558335
    endloop
  endfacet
  facet normal 0.49999999999999634 0.5000000000000037 0.7071067811865475
    outer loop
      vertex 9.321364792033313 7.048341171419286 17.06269454526798
      vertex 10.447182540694799 8.2471825406948 15.418912319027589
      vertex 10.199321861748777 8.305300789610508 15.553080477980837
    endloop
  endfacet
  facet normal 0.49999999999999917 0.5000000000000003 0.7071067811865478
    outer loop
      vertex 8.86520911274028 7.327902416845637 17.18756566697491
      vertex 9.237461754899575 8.831359550078043 15.86123856525754
      vertex 8.430608804808278 7.655322777421717 17.263353334557497
    endloop
  endfacet
  facet normal 0.499999999999998 0.5000000000000021 0.7071067811865477
    outer loop
      vertex 8.86520911274028 7.327902416845637 17.18756566697491
      vertex 9.321364792033313 7.048341171419286 17.06269454526798
      vertex 9.704048224398402 8.513416804076769 15.756131580391601
    endloop
  endfacet
  facet normal -0.7382943759045945 0.6728912466744519 0.04624699618945377
    outer loop
      vertex -2.7817890351053733e-17 5.888882031059815 4.939354445156565
      vertex 6.906453980807985 12.7953360118678 14.70655533272087
      vertex 7.1551515190165 13.094848480983499 14.318912319027588
    endloop
  endfacet
  facet normal -0.6728912466744515 0.7382943759045948 -0.0462469961894535
    outer loop
      vertex 0 5.939696961967 4.2
      vertex 7.1551515190165 13.094848480983499 14.318912319027588
      vertex 7.454663988132202 13.343546019192017 13.931269305334308
    endloop
  endfacet
  facet normal -0.7910650836691385 0.5959747616530086 0.1379496896414719
    outer loop
      vertex 0 5.7373066958946435 5.594195166308729
      vertex 6.712826657337387 12.45013335323203 15.087565666974909
      vertex 6.906453980807985 12.7953360118678 14.70655533272087
    endloop
  endfacet
  facet normal -0.09030799326474148 0.8421478007437192 -0.531631026234373
    outer loop
      vertex 2.9698484809835 7.1698484809835 2.9698484809835
      vertex 9.50992424049175 13.70992424049175 12.218912319027588
      vertex 9.9831128093887 13.598971219834489 11.962773106480478
    endloop
  endfacet
  facet normal -0.20195811868433505 0.8613039337844072 -0.46622789700423284
    outer loop
      vertex 2.556798001836627 7.269076426930848 3.332084029223188
      vertex 9.047259788371205 13.759538213465428 12.510983113804695
      vertex 9.50992424049175 13.70992424049175 12.218912319027588
    endloop
  endfacet
  facet normal 0.24617303909071075 0.7007570904043955 -0.6695807158758452
    outer loop
      vertex 4.056888470414087 5.5941951663087295 1.087039989430587
      vertex 10.92863520796669 13.201658828580717 11.575130092787198
      vertex 11.384790887259722 12.922097583154365 11.450258971080267
    endloop
  endfacet
  facet normal 0.35244295056013875 0.6283423298430899 -0.6935199226610732
    outer loop
      vertex 4.056888470414087 5.5941951663087295 1.087039989430587
      vertex 11.384790887259722 12.922097583154365 11.450258971080267
      vertex 11.819391195191724 12.594677222578284 11.37447130349768
    endloop
  endfacet
  facet normal 0.022887326957719327 0.8085822853448245 -0.5879378012096784
    outer loop
      vertex 3.637306695894642 6.607155176878143 2.1
      vertex 9.9831128093887 13.598971219834489 11.962773106480478
      vertex 10.458729107455573 13.428577588439074 11.746948089105251
    endloop
  endfacet
  facet normal 0.13569103867037466 0.7611817028623149 -0.6341847973991346
    outer loop
      vertex 3.8802940365474043 6.153317657161431 1.607270415933377
      vertex 10.458729107455573 13.428577588439074 11.746948089105251
      vertex 10.92863520796669 13.201658828580717 11.575130092787198
    endloop
  endfacet
  facet normal -0.5959747616530089 0.7910650836691383 -0.13794968964147195
    outer loop
      vertex 0.5482100073242167 6.437092038384032 4.164068417770004
      vertex 7.454663988132202 13.343546019192017 13.931269305334308
      vertex 7.799866646767973 13.537173342662616 13.550258971080268
    endloop
  endfacet
  facet normal -0.4130404522896301 0.8553291425086347 -0.3127453320959746
    outer loop
      vertex 1.607270415933377 7.09483486841416 3.8802940365474043
      vertex 8.1848529817263 13.672417434207082 13.182400508720574
      vertex 8.603035770077664 13.746964229922337 12.833988078535839
    endloop
  endfacet
  facet normal -0.508860983224265 0.8303004485274253 -0.22729202565684217
    outer loop
      vertex 1.087039989430587 6.824346685325231 4.056888470414087
      vertex 7.799866646767973 13.537173342662616 13.550258971080268
      vertex 8.1848529817263 13.672417434207082 13.182400508720574
    endloop
  endfacet
  facet normal -0.3101526846998829 0.8657229177194805 -0.3928474791935474
    outer loop
      vertex 2.1 7.243928459844675 3.637306695894642
      vertex 8.603035770077664 13.746964229922337 12.833988078535839
      vertex 9.047259788371205 13.759538213465428 12.510983113804695
    endloop
  endfacet
  facet normal -0.8303004485274249 0.5088609832242654 0.22729202565684248
    outer loop
      vertex -1.2156796525665535e-16 5.487564452480782 6.153317657161432
      vertex 6.577582565792921 12.065147018273704 15.455424129334602
      vertex 6.712826657337387 12.45013335323203 15.087565666974909
    endloop
  endfacet
  facet normal 0.49999999999999617 0.5000000000000037 0.7071067811865478
    outer loop
      vertex 7.454663988132202 13.343546019192017 13.931269305334308
      vertex 6.577582565792921 12.065147018273704 15.455424129334602
      vertex 7.799866646767973 13.537173342662616 13.550258971080268
    endloop
  endfacet
  facet normal 0.4999999999999862 0.5000000000000118 0.707106781186549
    outer loop
      vertex 7.1551515190165 13.094848480983499 14.318912319027588
      vertex 6.577582565792921 12.065147018273704 15.455424129334602
      vertex 7.454663988132202 13.343546019192017 13.931269305334308
    endloop
  endfacet
  facet normal 0.49999999999999767 0.5000000000000021 0.7071067811865475
    outer loop
      vertex 9.9831128093887 13.598971219834489 11.962773106480478
      vertex 8.907073005449892 11.912328893775658 13.916284374864706
      vertex 9.108732514237586 11.983171036965615 13.723596608866773
    endloop
  endfacet
  facet normal 0.4999999999999979 0.5000000000000022 0.7071067811865475
    outer loop
      vertex 9.9831128093887 13.598971219834489 11.962773106480478
      vertex 8.726252565212107 11.81090505767201 14.115861216616823
      vertex 8.907073005449892 11.912328893775658 13.916284374864706
    endloop
  endfacet
  facet normal 0.49999999999999634 0.5000000000000037 0.7071067811865475
    outer loop
      vertex 10.458729107455573 13.428577588439074 11.746948089105251
      vertex 9.108732514237586 11.983171036965615 13.723596608866773
      vertex 9.327780641469255 12.02221935853075 13.541094859722387
    endloop
  endfacet
  facet normal 0.4999999999999987 0.5000000000000007 0.7071067811865479
    outer loop
      vertex 10.458729107455573 13.428577588439074 11.746948089105251
      vertex 9.560469412956344 12.028805730862842 13.371901782958455
      vertex 9.802817459305205 12.002817459305204 13.218912319027588
    endloop
  endfacet
  facet normal 0.5000000000000066 0.49999999999999417 0.7071067811865471
    outer loop
      vertex 10.458729107455573 13.428577588439074 11.746948089105251
      vertex 9.327780641469255 12.02221935853075 13.541094859722387
      vertex 9.560469412956344 12.028805730862842 13.371901782958455
    endloop
  endfacet
  facet normal 0.5000000000000011 0.4999999999999996 0.707106781186547
    outer loop
      vertex 6.82142241156093 9.79127089254443 16.890876548949926
      vertex 8.569365081389597 11.680634918610407 14.318912319027588
      vertex 9.9831128093887 13.598971219834489 11.962773106480478
    endloop
  endfacet
  facet normal 0.49999999999998956 0.5000000000000084 0.707106781186549
    outer loop
      vertex 9.9831128093887 13.598971219834489 11.962773106480478
      vertex 8.569365081389597 11.680634918610407 14.318912319027588
      vertex 8.726252565212107 11.81090505767201 14.115861216616823
    endloop
  endfacet
  facet normal 0.49999999999999767 0.5000000000000022 0.7071067811865475
    outer loop
      vertex 9.9831128093887 13.598971219834489 11.962773106480478
      vertex 9.108732514237586 11.983171036965615 13.723596608866773
      vertex 10.458729107455573 13.428577588439074 11.746948089105251
    endloop
  endfacet
  facet normal 0.5000000000000036 0.4999999999999964 0.7071067811865475
    outer loop
      vertex 8.603035770077664 13.746964229922337 12.833988078535839
      vertex 8.1848529817263 13.672417434207082 13.182400508720574
      vertex 6.503035770077664 11.646964229922338 15.803836559519338
    endloop
  endfacet
  facet normal 0.499999999999995 0.5000000000000048 0.7071067811865477
    outer loop
      vertex 8.603035770077664 13.746964229922337 12.833988078535839
      vertex 6.490461786534577 11.202740211628798 16.126841524250484
      vertex 9.047259788371205 13.759538213465428 12.510983113804695
    endloop
  endfacet
  facet normal 0.49999999999999917 0.5000000000000009 0.7071067811865475
    outer loop
      vertex 9.50992424049175 13.70992424049175 12.218912319027588
      vertex 6.651028780165514 10.266887190611302 16.6750515315747
      vertex 9.9831128093887 13.598971219834489 11.962773106480478
    endloop
  endfacet
  facet normal 0.5000000000000054 0.49999999999999434 0.7071067811865476
    outer loop
      vertex 9.50992424049175 13.70992424049175 12.218912319027588
      vertex 9.047259788371205 13.759538213465428 12.510983113804695
      vertex 6.540075759508251 10.740075759508251 16.418912319027587
    endloop
  endfacet
  facet normal 0.49999999999999767 0.5000000000000021 0.7071067811865478
    outer loop
      vertex 8.1848529817263 13.672417434207082 13.182400508720574
      vertex 7.799866646767973 13.537173342662616 13.550258971080268
      vertex 6.577582565792921 12.065147018273704 15.455424129334602
    endloop
  endfacet
  facet normal 0.4999999999999997 0.5000000000000007 0.7071067811865472
    outer loop
      vertex 6.712826657337387 12.45013335323203 15.087565666974909
      vertex 6.577582565792921 12.065147018273704 15.455424129334602
      vertex 6.906453980807985 12.7953360118678 14.70655533272087
    endloop
  endfacet
  facet normal 0.5000000000000016 0.4999999999999985 0.7071067811865474
    outer loop
      vertex 8.1848529817263 13.672417434207082 13.182400508720574
      vertex 6.577582565792921 12.065147018273704 15.455424129334602
      vertex 6.503035770077664 11.646964229922338 15.803836559519338
    endloop
  endfacet
  facet normal 0.4999999999999968 0.500000000000003 0.7071067811865477
    outer loop
      vertex 8.603035770077664 13.746964229922337 12.833988078535839
      vertex 6.503035770077664 11.646964229922338 15.803836559519338
      vertex 6.490461786534577 11.202740211628798 16.126841524250484
    endloop
  endfacet
  facet normal 0.5000000000000044 0.49999999999999517 0.7071067811865477
    outer loop
      vertex 9.047259788371205 13.759538213465428 12.510983113804695
      vertex 6.490461786534577 11.202740211628798 16.126841524250484
      vertex 6.540075759508251 10.740075759508251 16.418912319027587
    endloop
  endfacet
  facet normal 0.49999999999999933 0.5000000000000008 0.7071067811865475
    outer loop
      vertex 6.82142241156093 9.79127089254443 16.890876548949926
      vertex 7.048341171419286 9.321364792033313 17.06269454526798
      vertex 8.227780641469254 10.922219358530748 15.096729778332792
    endloop
  endfacet
  facet normal 0.5000000000000152 0.49999999999998984 0.7071067811865439
    outer loop
      vertex 7.1551515190165 13.094848480983499 14.318912319027588
      vertex 6.906453980807985 12.7953360118678 14.70655533272087
      vertex 6.577582565792921 12.065147018273704 15.455424129334602
    endloop
  endfacet
  facet normal 0.49999999999995803 0.5000000000000357 0.7071067811865518
    outer loop
      vertex 6.82142241156093 9.79127089254443 16.890876548949926
      vertex 8.439094942327994 11.523747434787897 14.521963421438354
      vertex 8.569365081389597 11.680634918610407 14.318912319027588
    endloop
  endfacet
  facet normal 0.4999999999999997 0.5000000000000004 0.7071067811865474
    outer loop
      vertex 6.82142241156093 9.79127089254443 16.890876548949926
      vertex 9.9831128093887 13.598971219834489 11.962773106480478
      vertex 6.651028780165514 10.266887190611302 16.6750515315747
    endloop
  endfacet
  facet normal 0.49999999999999867 0.5000000000000008 0.7071067811865478
    outer loop
      vertex 6.82142241156093 9.79127089254443 16.890876548949926
      vertex 8.227780641469254 10.922219358530748 15.096729778332792
      vertex 8.266828963034389 11.141267485762416 14.914228029188406
    endloop
  endfacet
  facet normal 0.499999999999991 0.500000000000008 0.707106781186548
    outer loop
      vertex 7.048341171419286 9.321364792033313 17.06269454526798
      vertex 8.221194269137161 10.68953058704366 15.265922855096724
      vertex 8.227780641469254 10.922219358530748 15.096729778332792
    endloop
  endfacet
  facet normal 0.5000000000000059 0.4999999999999942 0.7071067811865475
    outer loop
      vertex 7.048341171419286 9.321364792033313 17.06269454526798
      vertex 8.2471825406948 10.447182540694799 15.418912319027589
      vertex 8.221194269137161 10.68953058704366 15.265922855096724
    endloop
  endfacet
  facet normal 0.4999999999999991 0.5 0.7071067811865481
    outer loop
      vertex 6.82142241156093 9.79127089254443 16.890876548949926
      vertex 8.266828963034389 11.141267485762416 14.914228029188406
      vertex 8.337671106224345 11.342926994550112 14.721540263190471
    endloop
  endfacet
  facet normal 0.5000000000000019 0.4999999999999963 0.7071067811865487
    outer loop
      vertex 6.82142241156093 9.79127089254443 16.890876548949926
      vertex 8.337671106224345 11.342926994550112 14.721540263190471
      vertex 8.439094942327994 11.523747434787897 14.521963421438354
    endloop
  endfacet
  facet normal 0.4999999999999971 0.5000000000000031 0.7071067811865476
    outer loop
      vertex 9.50992424049175 13.70992424049175 12.218912319027588
      vertex 6.540075759508251 10.740075759508251 16.418912319027587
      vertex 6.651028780165514 10.266887190611302 16.6750515315747
    endloop
  endfacet
  facet normal 0.6728912466744511 -0.738294375904595 0.04624699618945474
    outer loop
      vertex 5.888882031059815 4.440892098500626e-16 4.9393544451565665
      vertex 13.094848480983499 7.1551515190165 14.318912319027588
      vertex 12.7953360118678 6.906453980807985 14.70655533272087
    endloop
  endfacet
  facet normal 0.7382943759045948 -0.6728912466744515 -0.0462469961894535
    outer loop
      vertex 5.939696961967 0 4.2
      vertex 13.343546019192017 7.454663988132202 13.931269305334308
      vertex 13.094848480983499 7.1551515190165 14.318912319027588
    endloop
  endfacet
  facet normal 0.5959747616530089 -0.7910650836691384 0.13794968964147192
    outer loop
      vertex 5.7373066958946435 0 5.5941951663087295
      vertex 12.7953360118678 6.906453980807985 14.70655533272087
      vertex 12.45013335323203 6.712826657337387 15.087565666974909
    endloop
  endfacet
  facet normal 0.8613039337844072 -0.20195811868433505 -0.46622789700423284
    outer loop
      vertex 7.269076426930848 2.5567980018366274 3.3320840292231875
      vertex 13.70992424049175 9.50992424049175 12.218912319027588
      vertex 13.759538213465428 9.047259788371205 12.510983113804695
    endloop
  endfacet
  facet normal 0.6283423298430891 0.35244295056014086 -0.6935199226610733
    outer loop
      vertex 4.939354445156564 4.164068417770004 0.5482100073242152
      vertex 12.594677222578284 11.819391195191724 11.37447130349768
      vertex 12.922097583154365 11.384790887259722 11.450258971080267
    endloop
  endfacet
  facet normal 0.7007570904043955 0.24617303909071075 -0.6695807158758452
    outer loop
      vertex 5.5941951663087295 4.056888470414087 1.0870399894305867
      vertex 12.922097583154365 11.384790887259722 11.450258971080267
      vertex 13.201658828580717 10.92863520796669 11.575130092787198
    endloop
  endfacet
  facet normal 0.8085822853448245 0.022887326957718567 -0.5879378012096785
    outer loop
      vertex 6.607155176878142 3.6373066958946425 2.099999999999999
      vertex 13.428577588439074 10.458729107455573 11.746948089105251
      vertex 13.598971219834489 9.9831128093887 11.962773106480478
    endloop
  endfacet
  facet normal 0.7611817028623147 0.13569103867037577 -0.6341847973991347
    outer loop
      vertex 6.1533176571614305 3.880294036547405 1.6072704159333762
      vertex 13.201658828580717 10.92863520796669 11.575130092787198
      vertex 13.428577588439074 10.458729107455573 11.746948089105251
    endloop
  endfacet
  facet normal 0.8421478007437193 -0.09030799326474342 -0.5316310262343723
    outer loop
      vertex 6.947942439668975 3.332084029223188 2.556798001836627
      vertex 13.598971219834489 9.9831128093887 11.962773106480478
      vertex 13.70992424049175 9.50992424049175 12.218912319027588
    endloop
  endfacet
  facet normal 0.7910650836691385 -0.5959747616530087 -0.1379496896414715
    outer loop
      vertex 6.824346685325231 1.087039989430587 4.056888470414087
      vertex 13.537173342662616 7.799866646767973 13.550258971080268
      vertex 13.343546019192017 7.454663988132202 13.931269305334308
    endloop
  endfacet
  facet normal 0.8303004485274253 -0.5088609832242653 -0.2272920256568416
    outer loop
      vertex 7.09483486841416 1.6072704159333775 3.880294036547404
      vertex 13.672417434207082 8.1848529817263 13.182400508720574
      vertex 13.537173342662616 7.799866646767973 13.550258971080268
    endloop
  endfacet
  facet normal 0.8657229177194803 -0.3101526846998829 -0.39284747919354773
    outer loop
      vertex 7.269076426930848 2.5567980018366274 3.3320840292231875
      vertex 13.759538213465428 9.047259788371205 12.510983113804695
      vertex 13.746964229922337 8.603035770077664 12.833988078535839
    endloop
  endfacet
  facet normal 0.8553291425086349 -0.4130404522896298 -0.31274533209597477
    outer loop
      vertex 7.243928459844675 2.1 3.637306695894642
      vertex 13.746964229922337 8.603035770077664 12.833988078535839
      vertex 13.672417434207082 8.1848529817263 13.182400508720574
    endloop
  endfacet
  facet normal 0.5088609832242645 -0.8303004485274253 0.22729202565684298
    outer loop
      vertex 5.4875644524807825 0 6.153317657161433
      vertex 12.45013335323203 6.712826657337387 15.087565666974909
      vertex 12.065147018273704 6.577582565792921 15.455424129334602
    endloop
  endfacet
  facet normal 0.500000000000002 0.49999999999999817 0.7071067811865474
    outer loop
      vertex 13.428577588439074 10.458729107455573 11.746948089105251
      vertex 11.912328893775658 8.907073005449892 13.916284374864706
      vertex 11.81090505767201 8.726252565212107 14.115861216616823
    endloop
  endfacet
  facet normal 0.4999999999999904 0.5000000000000103 0.707106781186547
    outer loop
      vertex 13.428577588439074 10.458729107455573 11.746948089105251
      vertex 12.022219358530748 9.327780641469253 13.541094859722387
      vertex 11.983171036965615 9.108732514237587 13.723596608866773
    endloop
  endfacet
  facet normal 0.5000000000000034 0.49999999999999695 0.7071067811865472
    outer loop
      vertex 13.201658828580717 10.92863520796669 11.575130092787198
      vertex 12.028805730862844 9.560469412956346 13.371901782958453
      vertex 12.022219358530748 9.327780641469253 13.541094859722387
    endloop
  endfacet
  facet normal 0.5000000000000095 0.4999999999999912 0.7071067811865471
    outer loop
      vertex 13.428577588439074 10.458729107455573 11.746948089105251
      vertex 11.983171036965615 9.108732514237587 13.723596608866773
      vertex 11.912328893775658 8.907073005449892 13.916284374864706
    endloop
  endfacet
  facet normal 0.4999999999999999 0.4999999999999997 0.7071067811865478
    outer loop
      vertex 10.266887190611302 6.651028780165514 16.6750515315747
      vertex 13.428577588439074 10.458729107455573 11.746948089105251
      vertex 11.81090505767201 8.726252565212107 14.115861216616823
    endloop
  endfacet
  facet normal 0.5000000000000024 0.4999999999999977 0.7071067811865476
    outer loop
      vertex 13.598971219834489 9.9831128093887 11.962773106480478
      vertex 13.428577588439074 10.458729107455573 11.746948089105251
      vertex 10.266887190611302 6.651028780165514 16.6750515315747
    endloop
  endfacet
  facet normal 0.5000000000000037 0.49999999999999617 0.7071067811865478
    outer loop
      vertex 13.343546019192017 7.454663988132202 13.931269305334308
      vertex 13.537173342662616 7.799866646767973 13.550258971080268
      vertex 12.065147018273704 6.577582565792921 15.455424129334602
    endloop
  endfacet
  facet normal 0.5000000000000118 0.4999999999999862 0.707106781186549
    outer loop
      vertex 13.094848480983499 7.1551515190165 14.318912319027588
      vertex 13.343546019192017 7.454663988132202 13.931269305334308
      vertex 12.065147018273704 6.577582565792921 15.455424129334602
    endloop
  endfacet
  facet normal 0.4999999999999964 0.5000000000000036 0.7071067811865475
    outer loop
      vertex 13.746964229922337 8.603035770077664 12.833988078535839
      vertex 11.646964229922338 6.503035770077664 15.803836559519338
      vertex 13.672417434207082 8.1848529817263 13.182400508720574
    endloop
  endfacet
  facet normal 0.5000000000000048 0.499999999999995 0.7071067811865477
    outer loop
      vertex 13.746964229922337 8.603035770077664 12.833988078535839
      vertex 13.759538213465428 9.047259788371205 12.510983113804695
      vertex 11.202740211628798 6.490461786534577 16.126841524250484
    endloop
  endfacet
  facet normal 0.5000000000000007 0.4999999999999993 0.7071067811865476
    outer loop
      vertex 13.70992424049175 9.50992424049175 12.218912319027588
      vertex 13.598971219834489 9.9831128093887 11.962773106480478
      vertex 10.740075759508251 6.540075759508251 16.418912319027587
    endloop
  endfacet
  facet normal 0.4999999999999942 0.5000000000000056 0.7071067811865476
    outer loop
      vertex 13.70992424049175 9.50992424049175 12.218912319027588
      vertex 11.202740211628798 6.490461786534577 16.126841524250484
      vertex 13.759538213465428 9.047259788371205 12.510983113804695
    endloop
  endfacet
  facet normal 0.5000000000000021 0.49999999999999767 0.7071067811865478
    outer loop
      vertex 13.672417434207082 8.1848529817263 13.182400508720574
      vertex 12.065147018273704 6.577582565792921 15.455424129334602
      vertex 13.537173342662616 7.799866646767973 13.550258971080268
    endloop
  endfacet
  facet normal 0.5000000000000007 0.4999999999999997 0.7071067811865472
    outer loop
      vertex 12.45013335323203 6.712826657337387 15.087565666974909
      vertex 12.7953360118678 6.906453980807985 14.70655533272087
      vertex 12.065147018273704 6.577582565792921 15.455424129334602
    endloop
  endfacet
  facet normal 0.4999999999999985 0.5000000000000016 0.7071067811865474
    outer loop
      vertex 13.672417434207082 8.1848529817263 13.182400508720574
      vertex 11.646964229922338 6.503035770077664 15.803836559519338
      vertex 12.065147018273704 6.577582565792921 15.455424129334602
    endloop
  endfacet
  facet normal 0.500000000000003 0.4999999999999968 0.7071067811865477
    outer loop
      vertex 13.746964229922337 8.603035770077664 12.833988078535839
      vertex 11.202740211628798 6.490461786534577 16.126841524250484
      vertex 11.646964229922338 6.503035770077664 15.803836559519338
    endloop
  endfacet
  facet normal 0.5000000000000004 0.5 0.707106781186547
    outer loop
      vertex 9.79127089254443 6.82142241156093 16.890876548949926
      vertex 10.266887190611302 6.651028780165514 16.6750515315747
      vertex 11.141267485762416 8.266828963034389 14.914228029188404
    endloop
  endfacet
  facet normal 0.4999999999999984 0.5000000000000016 0.7071067811865475
    outer loop
      vertex 10.266887190611302 6.651028780165514 16.6750515315747
      vertex 11.523747434787897 8.439094942327994 14.521963421438354
      vertex 11.342926994550112 8.337671106224345 14.721540263190471
    endloop
  endfacet
  facet normal 0.4999999999999933 0.5000000000000064 0.7071067811865478
    outer loop
      vertex 10.266887190611302 6.651028780165514 16.6750515315747
      vertex 11.680634918610407 8.569365081389597 14.31891231902759
      vertex 11.523747434787897 8.439094942327994 14.521963421438354
    endloop
  endfacet
  facet normal 0.5000000000000172 0.4999999999999838 0.7071067811865469
    outer loop
      vertex 9.79127089254443 6.82142241156093 16.890876548949926
      vertex 11.141267485762416 8.266828963034389 14.914228029188404
      vertex 10.92221935853075 8.227780641469256 15.096729778332792
    endloop
  endfacet
  facet normal 0.5000000000000004 0.49999999999999956 0.7071067811865475
    outer loop
      vertex 9.79127089254443 6.82142241156093 16.890876548949926
      vertex 10.689530587043658 8.22119426913716 15.265922855096724
      vertex 10.447182540694799 8.2471825406948 15.418912319027589
    endloop
  endfacet
  facet normal 0.49999999999999234 0.500000000000006 0.7071067811865487
    outer loop
      vertex 9.79127089254443 6.82142241156093 16.890876548949926
      vertex 10.92221935853075 8.227780641469256 15.096729778332792
      vertex 10.689530587043658 8.22119426913716 15.265922855096724
    endloop
  endfacet
  facet normal 0.49999999999999317 0.5000000000000053 0.7071067811865487
    outer loop
      vertex 10.266887190611302 6.651028780165514 16.6750515315747
      vertex 11.342926994550112 8.337671106224345 14.721540263190471
      vertex 11.141267485762416 8.266828963034389 14.914228029188404
    endloop
  endfacet
  facet normal 0.5000000000000028 0.49999999999999717 0.7071067811865475
    outer loop
      vertex 13.598971219834489 9.9831128093887 11.962773106480478
      vertex 10.266887190611302 6.651028780165514 16.6750515315747
      vertex 10.740075759508251 6.540075759508251 16.418912319027587
    endloop
  endfacet
  facet normal 0.5000000000000434 0.4999999999999636 0.7071067811865426
    outer loop
      vertex 10.266887190611302 6.651028780165514 16.6750515315747
      vertex 11.81090505767201 8.726252565212107 14.115861216616823
      vertex 11.680634918610407 8.569365081389597 14.31891231902759
    endloop
  endfacet
  facet normal 0.49999999999999545 0.5000000000000044 0.7071067811865476
    outer loop
      vertex 13.70992424049175 9.50992424049175 12.218912319027588
      vertex 10.740075759508251 6.540075759508251 16.418912319027587
      vertex 11.202740211628798 6.490461786534577 16.126841524250484
    endloop
  endfacet
  facet normal 0.49999999999998984 0.5000000000000152 0.7071067811865439
    outer loop
      vertex 13.094848480983499 7.1551515190165 14.318912319027588
      vertex 12.065147018273704 6.577582565792921 15.455424129334602
      vertex 12.7953360118678 6.906453980807985 14.70655533272087
    endloop
  endfacet
  facet normal 0.49999999999999817 0.5000000000000016 0.7071067811865477
    outer loop
      vertex 11.384790887259722 12.922097583154365 11.450258971080267
      vertex 10.784890464755094 11.59014635308086 12.816284374864704
      vertex 11.819391195191724 12.594677222578284 11.37447130349768
    endloop
  endfacet
  facet normal 0.5 0.5000000000000006 0.7071067811865471
    outer loop
      vertex 12.225000000000001 12.225000000000001 11.349063838044088
      vertex 11.819391195191724 12.594677222578284 11.37447130349768
      vertex 11.012538245100426 11.41864044992196 12.776586072797638
    endloop
  endfacet
  facet normal 0.5000000000000002 0.4999999999999997 0.7071067811865476
    outer loop
      vertex 12.225000000000001 12.225000000000001 11.349063838044088
      vertex 11.41864044992196 11.012538245100426 12.776586072797636
      vertex 12.594677222578284 11.819391195191724 11.37447130349768
    endloop
  endfacet
  facet normal 0.5000000000000018 0.4999999999999984 0.7071067811865476
    outer loop
      vertex 12.594677222578284 11.819391195191724 11.37447130349768
      vertex 11.736583195923233 10.5459517756016 12.881693057663574
      vertex 12.922097583154365 11.384790887259722 11.450258971080267
    endloop
  endfacet
  facet normal 0.5000000000000032 0.4999999999999974 0.7071067811865469
    outer loop
      vertex 10.92863520796669 13.201658828580717 11.575130092787198
      vertex 10.5459517756016 11.736583195923233 12.881693057663574
      vertex 11.384790887259722 12.922097583154365 11.450258971080267
    endloop
  endfacet
  facet normal 0.49999999999999695 0.5000000000000031 0.7071067811865475
    outer loop
      vertex 13.201658828580717 10.92863520796669 11.575130092787198
      vertex 12.922097583154365 11.384790887259722 11.450258971080267
      vertex 11.944699210389494 10.050678138251225 13.08474416007434
    endloop
  endfacet
  facet normal 0.5000000000000021 0.49999999999999795 0.7071067811865475
    outer loop
      vertex 10.92863520796669 13.201658828580717 11.575130092787198
      vertex 9.802817459305205 12.002817459305204 13.218912319027588
      vertex 10.050678138251225 11.944699210389494 13.08474416007434
    endloop
  endfacet
  facet normal 0.5000000000000027 0.4999999999999973 0.7071067811865475
    outer loop
      vertex 10.92863520796669 13.201658828580717 11.575130092787198
      vertex 10.050678138251225 11.944699210389494 13.08474416007434
      vertex 10.29981048485768 11.855445403468085 12.97169296049684
    endloop
  endfacet
  facet normal 0.49999999999999883 0.4999999999999999 0.7071067811865485
    outer loop
      vertex 10.92863520796669 13.201658828580717 11.575130092787198
      vertex 10.29981048485768 11.855445403468085 12.97169296049684
      vertex 10.5459517756016 11.736583195923233 12.881693057663574
    endloop
  endfacet
  facet normal 0.49999999999999556 0.5000000000000042 0.7071067811865477
    outer loop
      vertex 11.819391195191724 12.594677222578284 11.37447130349768
      vertex 10.784890464755094 11.59014635308086 12.816284374864704
      vertex 11.012538245100426 11.41864044992196 12.776586072797638
    endloop
  endfacet
  facet normal 0.5 0.5000000000000003 0.7071067811865474
    outer loop
      vertex 11.384790887259722 12.922097583154365 11.450258971080267
      vertex 10.5459517756016 11.736583195923233 12.881693057663574
      vertex 10.784890464755094 11.59014635308086 12.816284374864704
    endloop
  endfacet
  facet normal 0.5000000000000029 0.49999999999999645 0.7071067811865481
    outer loop
      vertex 12.594677222578284 11.819391195191724 11.37447130349768
      vertex 11.41864044992196 11.012538245100426 12.776586072797636
      vertex 11.590146353080858 10.784890464755094 12.816284374864704
    endloop
  endfacet
  facet normal 0.49999999999999795 0.5000000000000021 0.7071067811865475
    outer loop
      vertex 13.201658828580717 10.92863520796669 11.575130092787198
      vertex 11.944699210389494 10.050678138251225 13.08474416007434
      vertex 12.002817459305204 9.802817459305205 13.218912319027588
    endloop
  endfacet
  facet normal 0.4999999999999974 0.5000000000000029 0.7071067811865475
    outer loop
      vertex 12.922097583154365 11.384790887259722 11.450258971080267
      vertex 11.855445403468085 10.29981048485768 12.97169296049684
      vertex 11.944699210389494 10.050678138251225 13.08474416007434
    endloop
  endfacet
  facet normal 0.4999999999999973 0.500000000000002 0.7071067811865481
    outer loop
      vertex 12.594677222578284 11.819391195191724 11.37447130349768
      vertex 11.590146353080858 10.784890464755094 12.816284374864704
      vertex 11.736583195923233 10.5459517756016 12.881693057663574
    endloop
  endfacet
  facet normal 0.500000000000001 0.4999999999999991 0.7071067811865475
    outer loop
      vertex 12.922097583154365 11.384790887259722 11.450258971080267
      vertex 11.736583195923233 10.5459517756016 12.881693057663574
      vertex 11.855445403468085 10.29981048485768 12.97169296049684
    endloop
  endfacet
  facet normal 0.49999999999999933 0.5000000000000004 0.7071067811865476
    outer loop
      vertex 13.201658828580717 10.92863520796669 11.575130092787198
      vertex 12.002817459305204 9.802817459305205 13.218912319027588
      vertex 12.028805730862844 9.560469412956346 13.371901782958453
    endloop
  endfacet
  facet normal 0.5000000000000038 0.49999999999999567 0.7071067811865478
    outer loop
      vertex 12.225000000000001 12.225000000000001 11.349063838044088
      vertex 11.012538245100426 11.41864044992196 12.776586072797638
      vertex 11.225000000000001 11.225000000000001 12.763277400417183
    endloop
  endfacet
  facet normal 0.4999999999999987 0.5000000000000007 0.7071067811865478
    outer loop
      vertex 12.225000000000001 12.225000000000001 11.349063838044088
      vertex 11.225000000000001 11.225000000000001 12.763277400417183
      vertex 11.41864044992196 11.012538245100426 12.776586072797636
    endloop
  endfacet
  facet normal 0.5000000000000003 0.4999999999999997 0.7071067811865477
    outer loop
      vertex 10.458729107455573 13.428577588439074 11.746948089105251
      vertex 9.802817459305205 12.002817459305204 13.218912319027588
      vertex 10.92863520796669 13.201658828580717 11.575130092787198
    endloop
  endfacet
  facet normal 0.4999999999999995 0.5000000000000002 0.7071067811865478
    outer loop
      vertex 13.428577588439074 10.458729107455573 11.746948089105251
      vertex 13.201658828580717 10.92863520796669 11.575130092787198
      vertex 12.022219358530748 9.327780641469253 13.541094859722387
    endloop
  endfacet
  facet normal -0.8657229177194804 -0.31015268469987833 -0.3928474791935512
    outer loop
      vertex -7.243928459844675 2.1 3.637306695894642
      vertex -13.759538213465428 9.047259788371205 12.510983113804695
      vertex -7.269076426930848 2.556798001836627 3.332084029223188
    endloop
  endfacet
  facet normal -0.8553291425086342 -0.41304045228963326 -0.3127453320959716
    outer loop
      vertex -7.243928459844675 2.1 3.637306695894642
      vertex -7.094834868414159 1.607270415933377 3.8802940365474043
      vertex -13.746964229922337 8.603035770077664 12.833988078535839
    endloop
  endfacet
  facet normal -0.5451764578087562 0.45268246542984725 -0.7055928112895231
    outer loop
      vertex -4.200000000000001 4.2 2.0921395353219987e-17
      vertex -4.939354445156566 4.164068417770004 0.5482100073242167
      vertex -12.225000000000001 12.225000000000001 11.349063838044088
    endloop
  endfacet
  facet normal -0.45268246542984747 0.545176457808756 -0.7055928112895232
    outer loop
      vertex -4.200000000000001 4.2 2.0921395353219987e-17
      vertex -11.819391195191724 12.594677222578284 11.37447130349768
      vertex -4.164068417770004 4.939354445156564 0.5482100073242152
    endloop
  endfacet
  facet normal -0.7611817028623153 0.13569103867037338 -0.6341847973991341
    outer loop
      vertex -6.607155176878143 3.637306695894642 2.1
      vertex -13.428577588439074 10.458729107455573 11.746948089105251
      vertex -6.153317657161431 3.8802940365474043 1.607270415933377
    endloop
  endfacet
  facet normal -0.7007570904043974 0.2461730390907075 -0.6695807158758443
    outer loop
      vertex -5.59419516630873 4.056888470414087 1.087039989430587
      vertex -6.153317657161431 3.8802940365474043 1.607270415933377
      vertex -13.201658828580717 10.92863520796669 11.575130092787198
    endloop
  endfacet
  facet normal -0.6283423298430864 0.352442950560144 -0.6935199226610738
    outer loop
      vertex -5.59419516630873 4.056888470414087 1.087039989430587
      vertex -12.594677222578284 11.819391195191724 11.37447130349768
      vertex -4.939354445156566 4.164068417770004 0.5482100073242167
    endloop
  endfacet
  facet normal -0.8613039337844076 -0.20195811868433813 -0.4662278970042306
    outer loop
      vertex -7.1698484809835 2.9698484809835 2.9698484809835
      vertex -7.269076426930848 2.556798001836627 3.332084029223188
      vertex -13.70992424049175 9.50992424049175 12.218912319027588
    endloop
  endfacet
  facet normal -0.8421478007437192 -0.09030799326474244 -0.5316310262343727
    outer loop
      vertex -7.1698484809835 2.9698484809835 2.9698484809835
      vertex -13.598971219834489 9.9831128093887 11.962773106480478
      vertex -6.947942439668976 3.3320840292231875 2.5567980018366274
    endloop
  endfacet
  facet normal -0.8085822853448237 0.02288732695772152 -0.5879378012096793
    outer loop
      vertex -6.607155176878143 3.637306695894642 2.1
      vertex -6.947942439668976 3.3320840292231875 2.5567980018366274
      vertex -13.598971219834489 9.9831128093887 11.962773106480478
    endloop
  endfacet
  facet normal -0.3524429505601441 0.6283423298430865 -0.6935199226610737
    outer loop
      vertex -4.164068417770004 4.939354445156564 0.5482100073242152
      vertex -11.384790887259722 12.922097583154365 11.450258971080267
      vertex -4.056888470414087 5.5941951663087295 1.0870399894305867
    endloop
  endfacet
  facet normal -0.24617303909070815 0.700757090404397 -0.6695807158758444
    outer loop
      vertex -4.056888470414087 5.5941951663087295 1.0870399894305867
      vertex -10.92863520796669 13.201658828580717 11.575130092787198
      vertex -3.8802940365474043 6.153317657161431 1.6072704159333768
    endloop
  endfacet
  facet normal -0.13569103867037416 0.7611817028623151 -0.6341847973991345
    outer loop
      vertex -3.8802940365474043 6.153317657161431 1.6072704159333768
      vertex -10.458729107455573 13.428577588439074 11.746948089105251
      vertex -3.6373066958946425 6.607155176878143 2.099999999999999
    endloop
  endfacet
  facet normal -0.02288732695771989 0.8085822853448242 -0.5879378012096786
    outer loop
      vertex -3.6373066958946425 6.607155176878143 2.099999999999999
      vertex -9.9831128093887 13.598971219834489 11.962773106480478
      vertex -3.332084029223188 6.947942439668975 2.556798001836627
    endloop
  endfacet
  facet normal 0.09030799326474159 0.842147800743719 -0.5316310262343733
    outer loop
      vertex -3.332084029223188 6.947942439668975 2.556798001836627
      vertex -9.50992424049175 13.70992424049175 12.218912319027588
      vertex -2.9698484809835 7.1698484809835 2.9698484809835
    endloop
  endfacet
  facet normal 0.20195811868433805 0.8613039337844076 -0.46622789700423084
    outer loop
      vertex -2.9698484809835 7.1698484809835 2.9698484809835
      vertex -9.047259788371205 13.759538213465428 12.510983113804695
      vertex -2.5567980018366274 7.269076426930848 3.3320840292231875
    endloop
  endfacet
  facet normal 0.3101526846998783 0.8657229177194805 -0.39284747919355095
    outer loop
      vertex -2.5567980018366274 7.269076426930848 3.3320840292231875
      vertex -8.603035770077664 13.746964229922337 12.833988078535839
      vertex -2.1 7.243928459844675 3.637306695894642
    endloop
  endfacet
  facet normal -0.7382943759045942 -0.672891246674452 -0.04624699618945297
    outer loop
      vertex -5.939696961967 -4.440892098500626e-16 4.2
      vertex -13.094848480983499 7.1551515190165 14.318912319027588
      vertex -13.343546019192017 7.454663988132202 13.931269305334308
    endloop
  endfacet
  facet normal -0.672891246674452 -0.7382943759045943 0.0462469961894546
    outer loop
      vertex -5.888882031059815 4.440892098500626e-16 4.9393544451565665
      vertex -12.7953360118678 6.906453980807985 14.70655533272087
      vertex -13.094848480983499 7.1551515190165 14.318912319027588
    endloop
  endfacet
  facet normal -0.5959747616530092 -0.7910650836691381 0.1379496896414719
    outer loop
      vertex -5.7373066958946435 0 5.5941951663087295
      vertex -12.45013335323203 6.712826657337387 15.087565666974909
      vertex -12.7953360118678 6.906453980807985 14.70655533272087
    endloop
  endfacet
  facet normal -0.842147800743719 -0.0903079932647419 -0.5316310262343733
    outer loop
      vertex -7.1698484809835 2.9698484809835 2.9698484809835
      vertex -13.70992424049175 9.50992424049175 12.218912319027588
      vertex -13.598971219834489 9.9831128093887 11.962773106480478
    endloop
  endfacet
  facet normal -0.8613039337844073 -0.2019581186843345 -0.46622789700423284
    outer loop
      vertex -7.269076426930848 2.556798001836627 3.332084029223188
      vertex -13.759538213465428 9.047259788371205 12.510983113804695
      vertex -13.70992424049175 9.50992424049175 12.218912319027588
    endloop
  endfacet
  facet normal -0.7007570904043955 0.2461730390907098 -0.6695807158758454
    outer loop
      vertex -5.59419516630873 4.056888470414087 1.087039989430587
      vertex -13.201658828580717 10.92863520796669 11.575130092787198
      vertex -12.922097583154365 11.384790887259722 11.450258971080267
    endloop
  endfacet
  facet normal -0.6283423298430901 0.3524429505601392 -0.6935199226610731
    outer loop
      vertex -5.59419516630873 4.056888470414087 1.087039989430587
      vertex -12.922097583154365 11.384790887259722 11.450258971080267
      vertex -12.594677222578284 11.819391195191724 11.37447130349768
    endloop
  endfacet
  facet normal -0.8085822853448243 0.02288732695771852 -0.5879378012096785
    outer loop
      vertex -6.607155176878143 3.637306695894642 2.1
      vertex -13.598971219834489 9.9831128093887 11.962773106480478
      vertex -13.428577588439074 10.458729107455573 11.746948089105251
    endloop
  endfacet
  facet normal -0.7611817028623146 0.13569103867037577 -0.6341847973991348
    outer loop
      vertex -6.153317657161431 3.8802940365474043 1.607270415933377
      vertex -13.428577588439074 10.458729107455573 11.746948089105251
      vertex -13.201658828580717 10.92863520796669 11.575130092787198
    endloop
  endfacet
  facet normal -0.8553291425086349 -0.41304045228962977 -0.3127453320959745
    outer loop
      vertex -7.094834868414159 1.607270415933377 3.8802940365474043
      vertex -13.672417434207082 8.1848529817263 13.182400508720574
      vertex -13.746964229922337 8.603035770077664 12.833988078535839
    endloop
  endfacet
  facet normal -0.8303004485274247 -0.5088609832242659 -0.22729202565684234
    outer loop
      vertex -6.824346685325231 1.087039989430587 4.056888470414087
      vertex -13.537173342662616 7.799866646767973 13.550258971080268
      vertex -13.672417434207082 8.1848529817263 13.182400508720574
    endloop
  endfacet
  facet normal -0.8657229177194802 -0.31015268469988294 -0.39284747919354807
    outer loop
      vertex -7.243928459844675 2.1 3.637306695894642
      vertex -13.746964229922337 8.603035770077664 12.833988078535839
      vertex -13.759538213465428 9.047259788371205 12.510983113804695
    endloop
  endfacet
  facet normal -0.7910650836691383 -0.5959747616530089 -0.13794968964147208
    outer loop
      vertex -6.437092038384032 0.5482100073242167 4.164068417770004
      vertex -13.343546019192017 7.454663988132202 13.931269305334308
      vertex -13.537173342662616 7.799866646767973 13.550258971080268
    endloop
  endfacet
  facet normal -0.5088609832242647 -0.8303004485274252 0.22729202565684323
    outer loop
      vertex -5.4875644524807825 0 6.153317657161433
      vertex -12.065147018273704 6.577582565792921 15.455424129334602
      vertex -12.45013335323203 6.712826657337387 15.087565666974909
    endloop
  endfacet
  facet normal -0.5000000000000171 0.4999999999999854 0.7071067811865458
    outer loop
      vertex -13.094848480983499 7.1551515190165 14.318912319027588
      vertex -12.7953360118678 6.906453980807985 14.70655533272087
      vertex -13.672417434207082 8.1848529817263 13.182400508720574
    endloop
  endfacet
  facet normal -0.5000000000000013 0.49999999999999817 0.707106781186548
    outer loop
      vertex -13.672417434207082 8.1848529817263 13.182400508720574
      vertex -12.7953360118678 6.906453980807985 14.70655533272087
      vertex -12.45013335323203 6.712826657337387 15.087565666974909
    endloop
  endfacet
  facet normal -0.5000000000000011 0.4999999999999987 0.7071067811865476
    outer loop
      vertex -13.672417434207082 8.1848529817263 13.182400508720574
      vertex -12.45013335323203 6.712826657337387 15.087565666974909
      vertex -12.065147018273704 6.577582565792921 15.455424129334602
    endloop
  endfacet
  facet normal -0.49999999999999956 0.49999999999999944 0.7071067811865482
    outer loop
      vertex -13.343546019192017 7.454663988132202 13.931269305334308
      vertex -13.672417434207082 8.1848529817263 13.182400508720574
      vertex -13.537173342662616 7.799866646767973 13.550258971080268
    endloop
  endfacet
  facet normal -0.4999999999999916 0.5000000000000047 0.7071067811865501
    outer loop
      vertex -13.343546019192017 7.454663988132202 13.931269305334308
      vertex -13.094848480983499 7.1551515190165 14.318912319027588
      vertex -13.672417434207082 8.1848529817263 13.182400508720574
    endloop
  endfacet
  facet normal -0.499999999999996 0.5000000000000037 0.7071067811865477
    outer loop
      vertex -13.746964229922337 8.603035770077664 12.833988078535839
      vertex -13.672417434207082 8.1848529817263 13.182400508720574
      vertex -12.065147018273704 6.577582565792921 15.455424129334602
    endloop
  endfacet
  facet normal -0.500000000000005 0.499999999999995 0.7071067811865476
    outer loop
      vertex -13.759538213465428 9.047259788371205 12.510983113804695
      vertex -13.746964229922337 8.603035770077664 12.833988078535839
      vertex -11.646964229922338 6.503035770077664 15.803836559519338
    endloop
  endfacet
  facet normal -0.4999999999999942 0.5000000000000057 0.7071067811865477
    outer loop
      vertex -13.759538213465428 9.047259788371205 12.510983113804695
      vertex -11.202740211628798 6.490461786534577 16.126841524250484
      vertex -13.70992424049175 9.50992424049175 12.218912319027588
    endloop
  endfacet
  facet normal -0.5000000000000007 0.4999999999999993 0.7071067811865476
    outer loop
      vertex -13.70992424049175 9.50992424049175 12.218912319027588
      vertex -10.740075759508251 6.540075759508251 16.418912319027587
      vertex -13.598971219834489 9.9831128093887 11.962773106480478
    endloop
  endfacet
  facet normal -0.5000000000000031 0.499999999999997 0.7071067811865475
    outer loop
      vertex -13.428577588439074 10.458729107455573 11.746948089105251
      vertex -11.81090505767201 8.726252565212107 14.115861216616823
      vertex -11.912328893775658 8.907073005449892 13.916284374864706
    endloop
  endfacet
  facet normal -0.49999999999999 0.5000000000000103 0.7071067811865474
    outer loop
      vertex -13.428577588439074 10.458729107455573 11.746948089105251
      vertex -11.983171036965615 9.108732514237587 13.723596608866773
      vertex -12.022219358530748 9.327780641469253 13.541094859722387
    endloop
  endfacet
  facet normal -0.5000000000000018 0.4999999999999977 0.7071067811865479
    outer loop
      vertex -13.428577588439074 10.458729107455573 11.746948089105251
      vertex -12.022219358530748 9.327780641469253 13.541094859722387
      vertex -12.028805730862844 9.560469412956346 13.371901782958453
    endloop
  endfacet
  facet normal -0.5000000000000088 0.49999999999999106 0.7071067811865477
    outer loop
      vertex -13.428577588439074 10.458729107455573 11.746948089105251
      vertex -11.912328893775658 8.907073005449892 13.916284374864706
      vertex -11.983171036965615 9.108732514237587 13.723596608866773
    endloop
  endfacet
  facet normal -0.49999999999999983 0.5 0.7071067811865477
    outer loop
      vertex -10.266887190611302 6.651028780165514 16.6750515315747
      vertex -11.81090505767201 8.726252565212107 14.115861216616823
      vertex -13.428577588439074 10.458729107455573 11.746948089105251
    endloop
  endfacet
  facet normal -0.5000000000000024 0.4999999999999977 0.7071067811865476
    outer loop
      vertex -13.598971219834489 9.9831128093887 11.962773106480478
      vertex -10.266887190611302 6.651028780165514 16.6750515315747
      vertex -13.428577588439074 10.458729107455573 11.746948089105251
    endloop
  endfacet
  facet normal -0.4999999999999986 0.5000000000000014 0.7071067811865476
    outer loop
      vertex -13.746964229922337 8.603035770077664 12.833988078535839
      vertex -12.065147018273704 6.577582565792921 15.455424129334602
      vertex -11.646964229922338 6.503035770077664 15.803836559519338
    endloop
  endfacet
  facet normal -0.5000000000000028 0.4999999999999967 0.7071067811865479
    outer loop
      vertex -13.759538213465428 9.047259788371205 12.510983113804695
      vertex -11.646964229922338 6.503035770077664 15.803836559519338
      vertex -11.202740211628798 6.490461786534577 16.126841524250484
    endloop
  endfacet
  facet normal -0.5000000000000004 0.4999999999999996 0.7071067811865475
    outer loop
      vertex -10.266887190611302 6.651028780165514 16.6750515315747
      vertex -9.79127089254443 6.82142241156093 16.890876548949926
      vertex -11.342926994550112 8.337671106224345 14.721540263190471
    endloop
  endfacet
  facet normal -0.49999999999999556 0.5000000000000047 0.7071067811865476
    outer loop
      vertex -13.70992424049175 9.50992424049175 12.218912319027588
      vertex -11.202740211628798 6.490461786534577 16.126841524250484
      vertex -10.740075759508251 6.540075759508251 16.418912319027587
    endloop
  endfacet
  facet normal -0.5000000000000027 0.4999999999999974 0.7071067811865475
    outer loop
      vertex -13.598971219834489 9.9831128093887 11.962773106480478
      vertex -10.740075759508251 6.540075759508251 16.418912319027587
      vertex -10.266887190611302 6.651028780165514 16.6750515315747
    endloop
  endfacet
  facet normal -0.5000000000000495 0.4999999999999561 0.7071067811865437
    outer loop
      vertex -10.266887190611302 6.651028780165514 16.6750515315747
      vertex -11.680634918610407 8.569365081389597 14.31891231902759
      vertex -11.81090505767201 8.726252565212107 14.115861216616823
    endloop
  endfacet
  facet normal -0.4999999999999988 0.5000000000000016 0.7071067811865474
    outer loop
      vertex -10.266887190611302 6.651028780165514 16.6750515315747
      vertex -11.342926994550112 8.337671106224345 14.721540263190471
      vertex -11.523747434787897 8.439094942327994 14.521963421438354
    endloop
  endfacet
  facet normal -0.4999999999999907 0.5000000000000067 0.7071067811865493
    outer loop
      vertex -10.266887190611302 6.651028780165514 16.6750515315747
      vertex -11.523747434787897 8.439094942327994 14.521963421438354
      vertex -11.680634918610407 8.569365081389597 14.31891231902759
    endloop
  endfacet
  facet normal -0.4999999999999909 0.500000000000009 0.7071067811865477
    outer loop
      vertex -9.79127089254443 6.82142241156093 16.890876548949926
      vertex -11.141267485762416 8.266828963034389 14.914228029188404
      vertex -11.342926994550112 8.337671106224345 14.721540263190471
    endloop
  endfacet
  facet normal -0.5000000000000175 0.4999999999999836 0.7071067811865467
    outer loop
      vertex -9.79127089254443 6.82142241156093 16.890876548949926
      vertex -10.92221935853075 8.227780641469256 15.096729778332792
      vertex -11.141267485762416 8.266828963034389 14.914228029188404
    endloop
  endfacet
  facet normal -0.4999999999999924 0.500000000000006 0.7071067811865487
    outer loop
      vertex -9.79127089254443 6.82142241156093 16.890876548949926
      vertex -10.689530587043658 8.22119426913716 15.265922855096724
      vertex -10.92221935853075 8.227780641469256 15.096729778332792
    endloop
  endfacet
  facet normal -0.5000000000000006 0.49999999999999967 0.7071067811865472
    outer loop
      vertex -9.321364792033313 7.048341171419286 17.06269454526798
      vertex -10.447182540694799 8.2471825406948 15.418912319027589
      vertex -10.689530587043658 8.22119426913716 15.265922855096724
    endloop
  endfacet
  facet normal -0.499999999999997 0.5000000000000032 0.7071067811865476
    outer loop
      vertex -13.201658828580717 10.92863520796669 11.575130092787198
      vertex -11.855445403468085 10.29981048485768 12.97169296049684
      vertex -12.922097583154365 11.384790887259722 11.450258971080267
    endloop
  endfacet
  facet normal -0.5000000000000012 0.49999999999999806 0.707106781186548
    outer loop
      vertex -12.922097583154365 11.384790887259722 11.450258971080267
      vertex -11.590146353080858 10.784890464755094 12.816284374864704
      vertex -12.594677222578284 11.819391195191724 11.37447130349768
    endloop
  endfacet
  facet normal -0.5000000000000001 0.4999999999999997 0.7071067811865478
    outer loop
      vertex -12.594677222578284 11.819391195191724 11.37447130349768
      vertex -11.225000000000001 11.225000000000001 12.763277400417183
      vertex -12.225000000000001 12.225000000000001 11.349063838044088
    endloop
  endfacet
  facet normal -0.5 0.5000000000000006 0.7071067811865471
    outer loop
      vertex -12.225000000000001 12.225000000000001 11.349063838044088
      vertex -11.012538245100426 11.41864044992196 12.776586072797638
      vertex -11.819391195191724 12.594677222578284 11.37447130349768
    endloop
  endfacet
  facet normal -0.49999999999999817 0.5000000000000016 0.7071067811865478
    outer loop
      vertex -11.819391195191724 12.594677222578284 11.37447130349768
      vertex -10.784890464755094 11.59014635308086 12.816284374864704
      vertex -11.384790887259722 12.922097583154365 11.450258971080267
    endloop
  endfacet
  facet normal -0.5000000000000032 0.499999999999997 0.7071067811865476
    outer loop
      vertex -11.384790887259722 12.922097583154365 11.450258971080267
      vertex -10.29981048485768 11.855445403468085 12.97169296049684
      vertex -10.92863520796669 13.201658828580717 11.575130092787198
    endloop
  endfacet
  facet normal -0.4999999999999997 0.5000000000000002 0.7071067811865476
    outer loop
      vertex -13.428577588439074 10.458729107455573 11.746948089105251
      vertex -12.028805730862844 9.560469412956346 13.371901782958453
      vertex -13.201658828580717 10.92863520796669 11.575130092787198
    endloop
  endfacet
  facet normal -0.4999999999999976 0.5000000000000023 0.7071067811865476
    outer loop
      vertex -13.201658828580717 10.92863520796669 11.575130092787198
      vertex -12.002817459305204 9.802817459305205 13.218912319027588
      vertex -11.944699210389494 10.050678138251225 13.08474416007434
    endloop
  endfacet
  facet normal -0.49999999999999717 0.5000000000000027 0.7071067811865477
    outer loop
      vertex -13.201658828580717 10.92863520796669 11.575130092787198
      vertex -11.944699210389494 10.050678138251225 13.08474416007434
      vertex -11.855445403468085 10.29981048485768 12.97169296049684
    endloop
  endfacet
  facet normal -0.49999999999999817 0.5000000000000023 0.7071067811865471
    outer loop
      vertex -12.922097583154365 11.384790887259722 11.450258971080267
      vertex -11.736583195923233 10.5459517756016 12.881693057663574
      vertex -11.590146353080858 10.784890464755094 12.816284374864704
    endloop
  endfacet
  facet normal -0.500000000000001 0.4999999999999992 0.7071067811865476
    outer loop
      vertex -12.922097583154365 11.384790887259722 11.450258971080267
      vertex -11.855445403468085 10.29981048485768 12.97169296049684
      vertex -11.736583195923233 10.5459517756016 12.881693057663574
    endloop
  endfacet
  facet normal -0.5000000000000029 0.49999999999999645 0.7071067811865481
    outer loop
      vertex -12.594677222578284 11.819391195191724 11.37447130349768
      vertex -11.590146353080858 10.784890464755094 12.816284374864704
      vertex -11.41864044992196 11.012538245100426 12.776586072797636
    endloop
  endfacet
  facet normal -0.499999999999999 0.5000000000000009 0.7071067811865476
    outer loop
      vertex -13.201658828580717 10.92863520796669 11.575130092787198
      vertex -12.028805730862844 9.560469412956346 13.371901782958453
      vertex -12.002817459305204 9.802817459305205 13.218912319027588
    endloop
  endfacet
  facet normal -0.4999999999999991 0.5000000000000008 0.7071067811865476
    outer loop
      vertex -12.594677222578284 11.819391195191724 11.37447130349768
      vertex -11.41864044992196 11.012538245100426 12.776586072797636
      vertex -11.225000000000001 11.225000000000001 12.763277400417183
    endloop
  endfacet
  facet normal -0.5000000000000038 0.49999999999999584 0.7071067811865478
    outer loop
      vertex -12.225000000000001 12.225000000000001 11.349063838044088
      vertex -11.225000000000001 11.225000000000001 12.763277400417183
      vertex -11.012538245100426 11.41864044992196 12.776586072797638
    endloop
  endfacet
  facet normal -0.49999999999999567 0.5000000000000041 0.7071067811865478
    outer loop
      vertex -11.819391195191724 12.594677222578284 11.37447130349768
      vertex -11.012538245100426 11.41864044992196 12.776586072797638
      vertex -10.784890464755094 11.59014635308086 12.816284374864704
    endloop
  endfacet
  facet normal -0.4999999999999999 0.5000000000000002 0.7071067811865474
    outer loop
      vertex -11.384790887259722 12.922097583154365 11.450258971080267
      vertex -10.784890464755094 11.59014635308086 12.816284374864704
      vertex -10.5459517756016 11.736583195923233 12.881693057663574
    endloop
  endfacet
  facet normal -0.4999999999999992 0.500000000000001 0.7071067811865476
    outer loop
      vertex -11.384790887259722 12.922097583154365 11.450258971080267
      vertex -10.5459517756016 11.736583195923233 12.881693057663574
      vertex -10.29981048485768 11.855445403468085 12.97169296049684
    endloop
  endfacet
  facet normal -0.5000000000000027 0.49999999999999717 0.7071067811865477
    outer loop
      vertex -10.92863520796669 13.201658828580717 11.575130092787198
      vertex -10.29981048485768 11.855445403468085 12.97169296049684
      vertex -10.050678138251225 11.944699210389494 13.08474416007434
    endloop
  endfacet
  facet normal -0.5000000000000023 0.4999999999999976 0.7071067811865476
    outer loop
      vertex -10.92863520796669 13.201658828580717 11.575130092787198
      vertex -10.050678138251225 11.944699210389494 13.08474416007434
      vertex -9.802817459305205 12.002817459305204 13.218912319027588
    endloop
  endfacet
  facet normal -0.4999999999999989 0.5000000000000012 0.7071067811865476
    outer loop
      vertex -10.92863520796669 13.201658828580717 11.575130092787198
      vertex -9.802817459305205 12.002817459305204 13.218912319027588
      vertex -9.560469412956344 12.028805730862842 13.371901782958455
    endloop
  endfacet
  facet normal -0.5000000000000002 0.49999999999999956 0.7071067811865478
    outer loop
      vertex -10.92863520796669 13.201658828580717 11.575130092787198
      vertex -9.560469412956344 12.028805730862842 13.371901782958455
      vertex -10.458729107455573 13.428577588439074 11.746948089105251
    endloop
  endfacet
  facet normal -0.6728912466744509 -0.7382943759045951 0.04624699618945519
    outer loop
      vertex -5.939696961967 -4.440892098500626e-16 4.2
      vertex -5.888882031059815 4.440892098500626e-16 4.9393544451565665
      vertex -13.094848480983499 7.1551515190165 14.318912319027588
    endloop
  endfacet
  facet normal -0.5959747616530102 -0.7910650836691375 0.1379496896414708
    outer loop
      vertex -5.888882031059815 4.440892098500626e-16 4.9393544451565665
      vertex -5.7373066958946435 0 5.5941951663087295
      vertex -12.7953360118678 6.906453980807985 14.70655533272087
    endloop
  endfacet
  facet normal -0.5088609832242643 -0.8303004485274255 0.22729202565684328
    outer loop
      vertex -5.7373066958946435 0 5.5941951663087295
      vertex -5.4875644524807825 0 6.153317657161433
      vertex -12.45013335323203 6.712826657337387 15.087565666974909
    endloop
  endfacet
  facet normal -0.4130404522896312 -0.8553291425086346 0.31274533209597355
    outer loop
      vertex -5.4875644524807825 0 6.153317657161433
      vertex -5.143928459844673 4.440892098500626e-16 6.607155176878143
      vertex -12.065147018273704 6.577582565792921 15.455424129334602
    endloop
  endfacet
  facet normal -0.8303004485274258 -0.5088609832242633 -0.22729202565684423
    outer loop
      vertex -6.824346685325231 1.087039989430587 4.056888470414087
      vertex -13.672417434207082 8.1848529817263 13.182400508720574
      vertex -7.094834868414159 1.607270415933377 3.8802940365474043
    endloop
  endfacet
  facet normal -0.7910650836691377 -0.59597476165301 -0.13794968964147108
    outer loop
      vertex -6.437092038384032 0.5482100073242167 4.164068417770004
      vertex -13.537173342662616 7.799866646767973 13.550258971080268
      vertex -6.824346685325231 1.087039989430587 4.056888470414087
    endloop
  endfacet
  facet normal -0.738294375904595 -0.6728912466744513 -0.04624699618945464
    outer loop
      vertex -6.437092038384032 0.5482100073242167 4.164068417770004
      vertex -5.939696961967 -4.440892098500626e-16 4.2
      vertex -13.343546019192017 7.454663988132202 13.931269305334308
    endloop
  endfacet
  facet normal -0.31015268469987906 -0.8657229177194805 0.3928474791935505
    outer loop
      vertex -11.646964229922338 6.503035770077664 15.803836559519338
      vertex -5.143928459844673 4.440892098500626e-16 6.607155176878143
      vertex -4.712278425094222 0 6.947942439668976
    endloop
  endfacet
  facet normal -0.20195811868433772 -0.8613039337844077 0.46622789700423056
    outer loop
      vertex -10.740075759508251 6.540075759508251 16.418912319027587
      vertex -4.712278425094222 0 6.947942439668976
      vertex -4.2 0 7.1698484809835
    endloop
  endfacet
  facet normal -0.09030799326474087 -0.8421478007437189 0.5316310262343733
    outer loop
      vertex -10.266887190611302 6.651028780165514 16.6750515315747
      vertex -4.2 0 7.1698484809835
      vertex -3.615858410445788 4.440892098500626e-16 7.269076426930848
    endloop
  endfacet
  facet normal 0.022887326957722054 -0.8085822853448237 0.5879378012096795
    outer loop
      vertex -3.615858410445788 4.440892098500626e-16 7.269076426930848
      vertex -2.9698484809835 0 7.243928459844674
      vertex -9.79127089254443 6.82142241156093 16.890876548949926
    endloop
  endfacet
  facet normal -0.5451764578087545 0.4526824654298489 -0.7055928112895236
    outer loop
      vertex -4.939354445156566 4.164068417770004 0.5482100073242167
      vertex -12.594677222578284 11.819391195191724 11.37447130349768
      vertex -12.225000000000001 12.225000000000001 11.349063838044088
    endloop
  endfacet
  facet normal -0.4526824654298492 0.5451764578087542 -0.7055928112895234
    outer loop
      vertex -4.200000000000001 4.2 2.0921395353219987e-17
      vertex -12.225000000000001 12.225000000000001 11.349063838044088
      vertex -11.819391195191724 12.594677222578284 11.37447130349768
    endloop
  endfacet
  facet normal 0.13569103867037147 -0.7611817028623165 0.6341847973991334
    outer loop
      vertex -2.9698484809835 0 7.243928459844674
      vertex -2.2730236206140275 0 7.094834868414159
      vertex -9.321364792033313 7.048341171419286 17.06269454526798
    endloop
  endfacet
  facet normal 0.24617303909070953 -0.700757090404396 0.6695807158758449
    outer loop
      vertex -2.2730236206140275 0 7.094834868414159
      vertex -1.5373066958946424 0 6.82434668532523
      vertex -8.86520911274028 7.327902416845637 17.18756566697491
    endloop
  endfacet
  facet normal 0.4526824654298475 -0.5451764578087561 0.7055928112895231
    outer loop
      vertex -0.7752860273865609 0 6.437092038384032
      vertex 0 0 5.939696961967
      vertex -8.430608804808278 7.655322777421717 17.263353334557497
    endloop
  endfacet
  facet normal 0.5451764578087536 -0.45268246542984986 0.7055928112895233
    outer loop
      vertex -8.025 8.025 17.288760800011087
      vertex 0 0 5.939696961967
      vertex 0 0.7752860273865609 6.437092038384033
    endloop
  endfacet
  facet normal 0.352442950560143 -0.6283423298430872 0.6935199226610734
    outer loop
      vertex -0.7752860273865609 0 6.437092038384032
      vertex -8.430608804808278 7.655322777421717 17.263353334557497
      vertex -1.5373066958946424 0 6.82434668532523
    endloop
  endfacet
  facet normal 0.628342329843089 -0.35244295056014185 0.6935199226610725
    outer loop
      vertex -7.655322777421717 8.430608804808278 17.263353334557497
      vertex 0 0.7752860273865609 6.437092038384033
      vertex 0 1.537306695894642 6.82434668532523
    endloop
  endfacet
  facet normal 0.7007570904043957 -0.24617303909071003 0.6695807158758454
    outer loop
      vertex -7.327902416845637 8.86520911274028 17.18756566697491
      vertex 0 1.537306695894642 6.82434668532523
      vertex 0 2.2730236206140275 7.094834868414159
    endloop
  endfacet
  facet normal 0.7611817028623163 -0.1356910386703725 0.6341847973991335
    outer loop
      vertex -7.048341171419286 9.321364792033313 17.06269454526798
      vertex 0 2.2730236206140275 7.094834868414159
      vertex -3.229069425739945e-16 2.9698484809835004 7.243928459844675
    endloop
  endfacet
  facet normal 0.41304045228963127 0.8553291425086346 -0.3127453320959734
    outer loop
      vertex -2.1 7.243928459844675 3.637306695894642
      vertex -8.1848529817263 13.672417434207082 13.182400508720574
      vertex -1.6072704159333775 7.094834868414161 3.880294036547404
    endloop
  endfacet
  facet normal 0.6728912466744515 0.7382943759045947 -0.04624699618945425
    outer loop
      vertex -0.5482100073242167 6.437092038384032 4.164068417770004
      vertex -7.454663988132202 13.343546019192017 13.931269305334308
      vertex 0 5.939696961967 4.2
    endloop
  endfacet
  facet normal 0.5088609832242651 0.8303004485274252 -0.22729202565684245
    outer loop
      vertex -1.6072704159333775 7.094834868414161 3.880294036547404
      vertex -7.799866646767973 13.537173342662616 13.550258971080268
      vertex -1.087039989430587 6.824346685325231 4.056888470414087
    endloop
  endfacet
  facet normal 0.5959747616530099 0.7910650836691376 -0.13794968964147108
    outer loop
      vertex -1.087039989430587 6.824346685325231 4.056888470414087
      vertex -7.454663988132202 13.343546019192017 13.931269305334308
      vertex -0.5482100073242167 6.437092038384032 4.164068417770004
    endloop
  endfacet
  facet normal 0.738294375904595 0.6728912466744512 0.04624699618945478
    outer loop
      vertex -7.1551515190165 13.094848480983499 14.318912319027588
      vertex -2.7817890351053733e-17 5.888882031059815 4.939354445156565
      vertex 0 5.939696961967 4.2
    endloop
  endfacet
  facet normal 0.791065083669138 0.5959747616530094 0.1379496896414715
    outer loop
      vertex -6.906453980807985 12.7953360118678 14.70655533272087
      vertex 0 5.7373066958946435 5.594195166308729
      vertex -2.7817890351053733e-17 5.888882031059815 4.939354445156565
    endloop
  endfacet
  facet normal 0.8303004485274255 0.5088609832242639 0.22729202565684362
    outer loop
      vertex -6.712826657337387 12.45013335323203 15.087565666974909
      vertex -1.2156796525665535e-16 5.487564452480782 6.153317657161432
      vertex 0 5.7373066958946435 5.594195166308729
    endloop
  endfacet
  facet normal 0.8553291425086346 0.41304045228963165 0.31274533209597283
    outer loop
      vertex -6.577582565792921 12.065147018273704 15.455424129334602
      vertex 1.6237822437272284e-16 5.143928459844673 6.607155176878141
      vertex -1.2156796525665535e-16 5.487564452480782 6.153317657161432
    endloop
  endfacet
  facet normal 0.8085822853448241 -0.022887326957720056 0.5879378012096789
    outer loop
      vertex -6.82142241156093 9.79127089254443 16.890876548949926
      vertex -3.229069425739945e-16 2.9698484809835004 7.243928459844675
      vertex -2.803446166619483e-16 3.6158584104457883 7.269076426930846
    endloop
  endfacet
  facet normal 0.8421478007437186 0.09030799326474032 0.531631026234374
    outer loop
      vertex -6.651028780165514 10.266887190611302 16.6750515315747
      vertex -2.803446166619483e-16 3.6158584104457883 7.269076426930846
      vertex -2.403875917307607e-16 4.200000000000001 7.1698484809835
    endloop
  endfacet
  facet normal 0.8657229177194806 0.31015268469988005 0.3928474791935493
    outer loop
      vertex -6.503035770077664 11.646964229922338 15.803836559519338
      vertex 0 4.712278425094221 6.947942439668976
      vertex 1.6237822437272284e-16 5.143928459844673 6.607155176878141
    endloop
  endfacet
  facet normal 0.8613039337844076 0.20195811868433816 0.46622789700423084
    outer loop
      vertex -6.540075759508251 10.740075759508251 16.418912319027587
      vertex -2.403875917307607e-16 4.200000000000001 7.1698484809835
      vertex 0 4.712278425094221 6.947942439668976
    endloop
  endfacet
  facet normal -0.41304045228963127 -0.8553291425086346 0.31274533209597355
    outer loop
      vertex -12.065147018273704 6.577582565792921 15.455424129334602
      vertex -5.143928459844673 4.440892098500626e-16 6.607155176878143
      vertex -11.646964229922338 6.503035770077664 15.803836559519338
    endloop
  endfacet
  facet normal -0.3101526846998811 -0.8657229177194804 0.39284747919354895
    outer loop
      vertex -11.646964229922338 6.503035770077664 15.803836559519338
      vertex -4.712278425094222 0 6.947942439668976
      vertex -11.202740211628798 6.490461786534577 16.126841524250484
    endloop
  endfacet
  facet normal -0.2019581186843362 -0.8613039337844075 0.4662278970042319
    outer loop
      vertex -11.202740211628798 6.490461786534577 16.126841524250484
      vertex -4.712278425094222 0 6.947942439668976
      vertex -10.740075759508251 6.540075759508251 16.418912319027587
    endloop
  endfacet
  facet normal -0.09030799326474227 -0.842147800743719 0.531631026234373
    outer loop
      vertex -10.740075759508251 6.540075759508251 16.418912319027587
      vertex -4.2 0 7.1698484809835
      vertex -10.266887190611302 6.651028780165514 16.6750515315747
    endloop
  endfacet
  facet normal 0.02288732695772145 -0.8085822853448238 0.5879378012096793
    outer loop
      vertex -10.266887190611302 6.651028780165514 16.6750515315747
      vertex -3.615858410445788 4.440892098500626e-16 7.269076426930848
      vertex -9.79127089254443 6.82142241156093 16.890876548949926
    endloop
  endfacet
  facet normal 0.13569103867037108 -0.7611817028623165 0.6341847973991336
    outer loop
      vertex -2.9698484809835 0 7.243928459844674
      vertex -9.321364792033313 7.048341171419286 17.06269454526798
      vertex -9.79127089254443 6.82142241156093 16.890876548949926
    endloop
  endfacet
  facet normal 0.2461730390907122 -0.7007570904043944 0.6695807158758459
    outer loop
      vertex -2.2730236206140275 0 7.094834868414159
      vertex -8.86520911274028 7.327902416845637 17.18756566697491
      vertex -9.321364792033313 7.048341171419286 17.06269454526798
    endloop
  endfacet
  facet normal 0.3524429505601377 -0.6283423298430911 0.6935199226610729
    outer loop
      vertex -1.5373066958946424 0 6.82434668532523
      vertex -8.430608804808278 7.655322777421717 17.263353334557497
      vertex -8.86520911274028 7.327902416845637 17.18756566697491
    endloop
  endfacet
  facet normal 0.45268246542985097 -0.5451764578087527 0.7055928112895233
    outer loop
      vertex -8.430608804808278 7.655322777421717 17.263353334557497
      vertex 0 0 5.939696961967
      vertex -8.025 8.025 17.288760800011087
    endloop
  endfacet
  facet normal 0.5451764578087528 -0.4526824654298511 0.7055928112895234
    outer loop
      vertex -8.025 8.025 17.288760800011087
      vertex 0 0.7752860273865609 6.437092038384033
      vertex -7.655322777421717 8.430608804808278 17.263353334557497
    endloop
  endfacet
  facet normal -0.5000000000000008 0.49999999999999944 0.7071067811865474
    outer loop
      vertex -9.79127089254443 6.82142241156093 16.890876548949926
      vertex -9.321364792033313 7.048341171419286 17.06269454526798
      vertex -10.689530587043658 8.22119426913716 15.265922855096724
    endloop
  endfacet
  facet normal -0.49999999999999645 0.5000000000000036 0.7071067811865477
    outer loop
      vertex -9.321364792033313 7.048341171419286 17.06269454526798
      vertex -10.199321861748777 8.305300789610508 15.553080477980837
      vertex -10.447182540694799 8.2471825406948 15.418912319027589
    endloop
  endfacet
  facet normal -0.4999999999999992 0.5000000000000013 0.707106781186547
    outer loop
      vertex -9.321364792033313 7.048341171419286 17.06269454526798
      vertex -9.950189515142322 8.394554596531917 15.666131677558335
      vertex -10.199321861748777 8.305300789610508 15.553080477980837
    endloop
  endfacet
  facet normal -0.4999999999999992 0.500000000000001 0.7071067811865476
    outer loop
      vertex -8.86520911274028 7.327902416845637 17.18756566697491
      vertex -9.704048224398402 8.513416804076769 15.756131580391601
      vertex -9.950189515142322 8.394554596531917 15.666131677558335
    endloop
  endfacet
  facet normal -0.49999999999999756 0.5000000000000023 0.7071067811865477
    outer loop
      vertex -8.86520911274028 7.327902416845637 17.18756566697491
      vertex -9.465109535244906 8.659853646919142 15.821540263190471
      vertex -9.704048224398402 8.513416804076769 15.756131580391601
    endloop
  endfacet
  facet normal -0.5000000000000041 0.4999999999999961 0.7071067811865474
    outer loop
      vertex -8.430608804808278 7.655322777421717 17.263353334557497
      vertex -9.237461754899575 8.831359550078043 15.86123856525754
      vertex -9.465109535244906 8.659853646919142 15.821540263190471
    endloop
  endfacet
  facet normal -0.49999999999999756 0.500000000000002 0.7071067811865478
    outer loop
      vertex -8.025 8.025 17.288760800011087
      vertex -9.025 9.025 15.874547237637993
      vertex -9.237461754899575 8.831359550078043 15.86123856525754
    endloop
  endfacet
  facet normal -0.4999999999999979 0.5000000000000022 0.7071067811865474
    outer loop
      vertex -9.321364792033313 7.048341171419286 17.06269454526798
      vertex -8.86520911274028 7.327902416845637 17.18756566697491
      vertex -9.950189515142322 8.394554596531917 15.666131677558335
    endloop
  endfacet
  facet normal -0.4999999999999996 0.5000000000000009 0.7071067811865471
    outer loop
      vertex -8.86520911274028 7.327902416845637 17.18756566697491
      vertex -8.430608804808278 7.655322777421717 17.263353334557497
      vertex -9.465109535244906 8.659853646919142 15.821540263190471
    endloop
  endfacet
  facet normal -0.4999999999999985 0.5000000000000009 0.7071067811865479
    outer loop
      vertex -8.430608804808278 7.655322777421717 17.263353334557497
      vertex -8.025 8.025 17.288760800011087
      vertex -9.237461754899575 8.831359550078043 15.86123856525754
    endloop
  endfacet
  facet normal -0.5000000000000011 0.49999999999999856 0.7071067811865478
    outer loop
      vertex -8.025 8.025 17.288760800011087
      vertex -7.655322777421717 8.430608804808278 17.263353334557497
      vertex -9.025 9.025 15.874547237637993
    endloop
  endfacet
  facet normal -0.5000000000000023 0.49999999999999756 0.7071067811865477
    outer loop
      vertex -7.327902416845637 8.86520911274028 17.18756566697491
      vertex -8.513416804076769 9.704048224398402 15.756131580391601
      vertex -8.659853646919142 9.465109535244906 15.821540263190471
    endloop
  endfacet
  facet normal -0.49999999999999944 0.5000000000000009 0.7071067811865471
    outer loop
      vertex -7.655322777421717 8.430608804808278 17.263353334557497
      vertex -8.831359550078043 9.237461754899575 15.861238565257539
      vertex -9.025 9.025 15.874547237637993
    endloop
  endfacet
  facet normal -0.49999999999999933 0.5000000000000011 0.7071067811865474
    outer loop
      vertex -7.655322777421717 8.430608804808278 17.263353334557497
      vertex -8.659853646919142 9.465109535244906 15.821540263190471
      vertex -8.831359550078043 9.237461754899575 15.861238565257539
    endloop
  endfacet
  facet normal -0.500000000000001 0.4999999999999992 0.7071067811865476
    outer loop
      vertex -7.327902416845637 8.86520911274028 17.18756566697491
      vertex -8.394554596531917 9.950189515142322 15.666131677558335
      vertex -8.513416804076769 9.704048224398402 15.756131580391601
    endloop
  endfacet
  facet normal -0.5000000000000013 0.4999999999999992 0.707106781186547
    outer loop
      vertex -7.048341171419286 9.321364792033313 17.06269454526798
      vertex -8.305300789610508 10.199321861748777 15.553080477980837
      vertex -8.394554596531917 9.950189515142322 15.666131677558335
    endloop
  endfacet
  facet normal -0.5000000000000036 0.49999999999999645 0.7071067811865477
    outer loop
      vertex -7.048341171419286 9.321364792033313 17.06269454526798
      vertex -8.2471825406948 10.447182540694799 15.418912319027589
      vertex -8.305300789610508 10.199321861748777 15.553080477980837
    endloop
  endfacet
  facet normal -0.5000000000000009 0.4999999999999996 0.7071067811865471
    outer loop
      vertex -7.655322777421717 8.430608804808278 17.263353334557497
      vertex -7.327902416845637 8.86520911274028 17.18756566697491
      vertex -8.659853646919142 9.465109535244906 15.821540263190471
    endloop
  endfacet
  facet normal -0.5000000000000022 0.4999999999999979 0.7071067811865474
    outer loop
      vertex -7.327902416845637 8.86520911274028 17.18756566697491
      vertex -7.048341171419286 9.321364792033313 17.06269454526798
      vertex -8.394554596531917 9.950189515142322 15.666131677558335
    endloop
  endfacet
  facet normal -0.49999999999999883 0.5000000000000007 0.7071067811865479
    outer loop
      vertex -7.048341171419286 9.321364792033313 17.06269454526798
      vertex -6.82142241156093 9.79127089254443 16.890876548949926
      vertex -8.221194269137161 10.68953058704366 15.265922855096724
    endloop
  endfacet
  facet normal 0.6283423298430906 -0.3524429505601383 0.6935199226610729
    outer loop
      vertex -7.655322777421717 8.430608804808278 17.263353334557497
      vertex 0 1.537306695894642 6.82434668532523
      vertex -7.327902416845637 8.86520911274028 17.18756566697491
    endloop
  endfacet
  facet normal 0.7007570904043945 -0.24617303909071228 0.6695807158758456
    outer loop
      vertex -7.327902416845637 8.86520911274028 17.18756566697491
      vertex 0 2.2730236206140275 7.094834868414159
      vertex -7.048341171419286 9.321364792033313 17.06269454526798
    endloop
  endfacet
  facet normal 0.7611817028623165 -0.13569103867037136 0.6341847973991335
    outer loop
      vertex -7.048341171419286 9.321364792033313 17.06269454526798
      vertex -3.229069425739945e-16 2.9698484809835004 7.243928459844675
      vertex -6.82142241156093 9.79127089254443 16.890876548949926
    endloop
  endfacet
  facet normal 0.8553291425086345 0.4130404522896312 0.3127453320959735
    outer loop
      vertex -6.503035770077664 11.646964229922338 15.803836559519338
      vertex 1.6237822437272284e-16 5.143928459844673 6.607155176878141
      vertex -6.577582565792921 12.065147018273704 15.455424129334602
    endloop
  endfacet
  facet normal 0.8657229177194804 0.31015268469988105 0.3928474791935489
    outer loop
      vertex -6.503035770077664 11.646964229922338 15.803836559519338
      vertex -6.490461786534577 11.202740211628798 16.126841524250484
      vertex 0 4.712278425094221 6.947942439668976
    endloop
  endfacet
  facet normal 0.8613039337844075 0.2019581186843362 0.4662278970042319
    outer loop
      vertex -6.490461786534577 11.202740211628798 16.126841524250484
      vertex -6.540075759508251 10.740075759508251 16.418912319027587
      vertex 0 4.712278425094221 6.947942439668976
    endloop
  endfacet
  facet normal 0.8085822853448238 -0.02288732695772145 0.5879378012096793
    outer loop
      vertex -6.82142241156093 9.79127089254443 16.890876548949926
      vertex -2.803446166619483e-16 3.6158584104457883 7.269076426930846
      vertex -6.651028780165514 10.266887190611302 16.6750515315747
    endloop
  endfacet
  facet normal 0.8421478007437191 0.09030799326474227 0.531631026234373
    outer loop
      vertex -6.540075759508251 10.740075759508251 16.418912319027587
      vertex -6.651028780165514 10.266887190611302 16.6750515315747
      vertex -2.403875917307607e-16 4.200000000000001 7.1698484809835
    endloop
  endfacet
  facet normal -0.35244295056014063 0.628342329843089 -0.6935199226610732
    outer loop
      vertex -4.164068417770004 4.939354445156564 0.5482100073242152
      vertex -11.819391195191724 12.594677222578284 11.37447130349768
      vertex -11.384790887259722 12.922097583154365 11.450258971080267
    endloop
  endfacet
  facet normal -0.24617303909071042 0.7007570904043955 -0.6695807158758453
    outer loop
      vertex -4.056888470414087 5.5941951663087295 1.0870399894305867
      vertex -11.384790887259722 12.922097583154365 11.450258971080267
      vertex -10.92863520796669 13.201658828580717 11.575130092787198
    endloop
  endfacet
  facet normal -0.13569103867037577 0.7611817028623146 -0.6341847973991348
    outer loop
      vertex -3.8802940365474043 6.153317657161431 1.6072704159333768
      vertex -10.92863520796669 13.201658828580717 11.575130092787198
      vertex -10.458729107455573 13.428577588439074 11.746948089105251
    endloop
  endfacet
  facet normal -0.02288732695771852 0.8085822853448243 -0.5879378012096785
    outer loop
      vertex -3.6373066958946425 6.607155176878143 2.099999999999999
      vertex -10.458729107455573 13.428577588439074 11.746948089105251
      vertex -9.9831128093887 13.598971219834489 11.962773106480478
    endloop
  endfacet
  facet normal 0.0903079932647435 0.8421478007437191 -0.5316310262343726
    outer loop
      vertex -3.332084029223188 6.947942439668975 2.556798001836627
      vertex -9.9831128093887 13.598971219834489 11.962773106480478
      vertex -9.50992424049175 13.70992424049175 12.218912319027588
    endloop
  endfacet
  facet normal 0.2019581186843344 0.8613039337844076 -0.4662278970042323
    outer loop
      vertex -2.9698484809835 7.1698484809835 2.9698484809835
      vertex -9.50992424049175 13.70992424049175 12.218912319027588
      vertex -9.047259788371205 13.759538213465428 12.510983113804695
    endloop
  endfacet
  facet normal 0.3101526846998823 0.8657229177194805 -0.39284747919354795
    outer loop
      vertex -2.5567980018366274 7.269076426930848 3.3320840292231875
      vertex -9.047259788371205 13.759538213465428 12.510983113804695
      vertex -8.603035770077664 13.746964229922337 12.833988078535839
    endloop
  endfacet
  facet normal 0.41304045228963004 0.8553291425086347 -0.3127453320959745
    outer loop
      vertex -2.1 7.243928459844675 3.637306695894642
      vertex -8.603035770077664 13.746964229922337 12.833988078535839
      vertex -8.1848529817263 13.672417434207082 13.182400508720574
    endloop
  endfacet
  facet normal 0.5959747616530091 0.7910650836691382 -0.1379496896414719
    outer loop
      vertex -1.087039989430587 6.824346685325231 4.056888470414087
      vertex -7.799866646767973 13.537173342662616 13.550258971080268
      vertex -7.454663988132202 13.343546019192017 13.931269305334308
    endloop
  endfacet
  facet normal 0.5088609832242661 0.8303004485274246 -0.22729202565684237
    outer loop
      vertex -1.6072704159333775 7.094834868414161 3.880294036547404
      vertex -8.1848529817263 13.672417434207082 13.182400508720574
      vertex -7.799866646767973 13.537173342662616 13.550258971080268
    endloop
  endfacet
  facet normal 0.7382943759045943 0.6728912466744521 0.04624699618945365
    outer loop
      vertex -7.1551515190165 13.094848480983499 14.318912319027588
      vertex -6.906453980807985 12.7953360118678 14.70655533272087
      vertex -2.7817890351053733e-17 5.888882031059815 4.939354445156565
    endloop
  endfacet
  facet normal 0.6728912466744521 0.7382943759045942 -0.04624699618945354
    outer loop
      vertex -7.1551515190165 13.094848480983499 14.318912319027588
      vertex 0 5.939696961967 4.2
      vertex -7.454663988132202 13.343546019192017 13.931269305334308
    endloop
  endfacet
  facet normal 0.7910650836691382 0.5959747616530089 0.13794968964147222
    outer loop
      vertex -6.712826657337387 12.45013335323203 15.087565666974909
      vertex 0 5.7373066958946435 5.594195166308729
      vertex -6.906453980807985 12.7953360118678 14.70655533272087
    endloop
  endfacet
  facet normal -0.5000000000000063 0.49999999999999445 0.707106781186547
    outer loop
      vertex -10.458729107455573 13.428577588439074 11.746948089105251
      vertex -9.560469412956344 12.028805730862842 13.371901782958455
      vertex -9.327780641469255 12.02221935853075 13.541094859722387
    endloop
  endfacet
  facet normal -0.4999999999999963 0.5000000000000034 0.7071067811865478
    outer loop
      vertex -10.458729107455573 13.428577588439074 11.746948089105251
      vertex -9.327780641469255 12.02221935853075 13.541094859722387
      vertex -9.108732514237586 11.983171036965615 13.723596608866773
    endloop
  endfacet
  facet normal -0.4999999999999982 0.5000000000000014 0.707106781186548
    outer loop
      vertex -10.458729107455573 13.428577588439074 11.746948089105251
      vertex -9.108732514237586 11.983171036965615 13.723596608866773
      vertex -8.907073005449892 11.912328893775658 13.916284374864706
    endloop
  endfacet
  facet normal -0.4999999999999982 0.5000000000000017 0.7071067811865477
    outer loop
      vertex -9.9831128093887 13.598971219834489 11.962773106480478
      vertex -8.907073005449892 11.912328893775658 13.916284374864706
      vertex -8.726252565212107 11.81090505767201 14.115861216616823
    endloop
  endfacet
  facet normal -0.4999999999999882 0.5000000000000098 0.707106781186549
    outer loop
      vertex -9.9831128093887 13.598971219834489 11.962773106480478
      vertex -8.726252565212107 11.81090505767201 14.115861216616823
      vertex -8.569365081389597 11.680634918610407 14.318912319027588
    endloop
  endfacet
  facet normal -0.500000000000001 0.4999999999999997 0.707106781186547
    outer loop
      vertex -6.82142241156093 9.79127089254443 16.890876548949926
      vertex -9.9831128093887 13.598971219834489 11.962773106480478
      vertex -8.569365081389597 11.680634918610407 14.318912319027588
    endloop
  endfacet
  facet normal -0.49999999999999767 0.5000000000000022 0.7071067811865476
    outer loop
      vertex -10.458729107455573 13.428577588439074 11.746948089105251
      vertex -8.907073005449892 11.912328893775658 13.916284374864706
      vertex -9.9831128093887 13.598971219834489 11.962773106480478
    endloop
  endfacet
  facet normal -0.4999999999999993 0.5000000000000009 0.7071067811865475
    outer loop
      vertex -9.9831128093887 13.598971219834489 11.962773106480478
      vertex -6.651028780165514 10.266887190611302 16.6750515315747
      vertex -9.50992424049175 13.70992424049175 12.218912319027588
    endloop
  endfacet
  facet normal -0.5000000000000054 0.49999999999999434 0.7071067811865476
    outer loop
      vertex -9.50992424049175 13.70992424049175 12.218912319027588
      vertex -6.540075759508251 10.740075759508251 16.418912319027587
      vertex -9.047259788371205 13.759538213465428 12.510983113804695
    endloop
  endfacet
  facet normal -0.499999999999995 0.500000000000005 0.7071067811865476
    outer loop
      vertex -9.047259788371205 13.759538213465428 12.510983113804695
      vertex -6.503035770077664 11.646964229922338 15.803836559519338
      vertex -8.603035770077664 13.746964229922337 12.833988078535839
    endloop
  endfacet
  facet normal -0.4999999999999993 0.49999999999999895 0.7071067811865487
    outer loop
      vertex -8.1848529817263 13.672417434207082 13.182400508720574
      vertex -7.454663988132202 13.343546019192017 13.931269305334308
      vertex -7.799866646767973 13.537173342662616 13.550258971080268
    endloop
  endfacet
  facet normal -0.5000000000000037 0.499999999999996 0.7071067811865477
    outer loop
      vertex -8.603035770077664 13.746964229922337 12.833988078535839
      vertex -6.577582565792921 12.065147018273704 15.455424129334602
      vertex -8.1848529817263 13.672417434207082 13.182400508720574
    endloop
  endfacet
  facet normal -0.5000000000000046 0.49999999999999184 0.70710678118655
    outer loop
      vertex -8.1848529817263 13.672417434207082 13.182400508720574
      vertex -7.1551515190165 13.094848480983499 14.318912319027588
      vertex -7.454663988132202 13.343546019192017 13.931269305334308
    endloop
  endfacet
  facet normal -0.49999999999999817 0.5000000000000013 0.707106781186548
    outer loop
      vertex -8.1848529817263 13.672417434207082 13.182400508720574
      vertex -6.712826657337387 12.45013335323203 15.087565666974909
      vertex -6.906453980807985 12.7953360118678 14.70655533272087
    endloop
  endfacet
  facet normal -0.4999999999999987 0.5000000000000011 0.7071067811865476
    outer loop
      vertex -8.1848529817263 13.672417434207082 13.182400508720574
      vertex -6.577582565792921 12.065147018273704 15.455424129334602
      vertex -6.712826657337387 12.45013335323203 15.087565666974909
    endloop
  endfacet
  facet normal -0.49999999999998546 0.5000000000000173 0.7071067811865456
    outer loop
      vertex -8.1848529817263 13.672417434207082 13.182400508720574
      vertex -6.906453980807985 12.7953360118678 14.70655533272087
      vertex -7.1551515190165 13.094848480983499 14.318912319027588
    endloop
  endfacet
  facet normal -0.4999999999999692 0.5000000000000333 0.7071067811865457
    outer loop
      vertex -6.82142241156093 9.79127089254443 16.890876548949926
      vertex -8.569365081389597 11.680634918610407 14.318912319027588
      vertex -8.439094942327994 11.523747434787897 14.521963421438354
    endloop
  endfacet
  facet normal -0.4999999999999996 0.5000000000000004 0.7071067811865474
    outer loop
      vertex -6.82142241156093 9.79127089254443 16.890876548949926
      vertex -6.651028780165514 10.266887190611302 16.6750515315747
      vertex -9.9831128093887 13.598971219834489 11.962773106480478
    endloop
  endfacet
  facet normal -0.4999999999999991 0.5000000000000014 0.707106781186547
    outer loop
      vertex -6.82142241156093 9.79127089254443 16.890876548949926
      vertex -8.266828963034389 11.141267485762416 14.914228029188406
      vertex -8.227780641469254 10.922219358530748 15.096729778332792
    endloop
  endfacet
  facet normal -0.5000000000000061 0.49999999999999417 0.7071067811865472
    outer loop
      vertex -7.048341171419286 9.321364792033313 17.06269454526798
      vertex -8.221194269137161 10.68953058704366 15.265922855096724
      vertex -8.2471825406948 10.447182540694799 15.418912319027589
    endloop
  endfacet
  facet normal -0.499999999999994 0.5000000000000067 0.707106781186547
    outer loop
      vertex -6.82142241156093 9.79127089254443 16.890876548949926
      vertex -8.227780641469254 10.922219358530748 15.096729778332792
      vertex -8.221194269137161 10.68953058704366 15.265922855096724
    endloop
  endfacet
  facet normal -0.5000000000000029 0.4999999999999974 0.7071067811865474
    outer loop
      vertex -6.82142241156093 9.79127089254443 16.890876548949926
      vertex -8.439094942327994 11.523747434787897 14.521963421438354
      vertex -8.337671106224345 11.342926994550112 14.721540263190471
    endloop
  endfacet
  facet normal -0.4999999999999991 0.5000000000000006 0.7071067811865477
    outer loop
      vertex -6.82142241156093 9.79127089254443 16.890876548949926
      vertex -8.337671106224345 11.342926994550112 14.721540263190471
      vertex -8.266828963034389 11.141267485762416 14.914228029188406
    endloop
  endfacet
  facet normal -0.4999999999999971 0.5000000000000028 0.7071067811865476
    outer loop
      vertex -9.50992424049175 13.70992424049175 12.218912319027588
      vertex -6.651028780165514 10.266887190611302 16.6750515315747
      vertex -6.540075759508251 10.740075759508251 16.418912319027587
    endloop
  endfacet
  facet normal -0.4999999999999967 0.5000000000000028 0.7071067811865479
    outer loop
      vertex -9.047259788371205 13.759538213465428 12.510983113804695
      vertex -6.490461786534577 11.202740211628798 16.126841524250484
      vertex -6.503035770077664 11.646964229922338 15.803836559519338
    endloop
  endfacet
  facet normal -0.5000000000000014 0.4999999999999986 0.7071067811865476
    outer loop
      vertex -8.603035770077664 13.746964229922337 12.833988078535839
      vertex -6.503035770077664 11.646964229922338 15.803836559519338
      vertex -6.577582565792921 12.065147018273704 15.455424129334602
    endloop
  endfacet
  facet normal -0.5000000000000046 0.49999999999999534 0.7071067811865477
    outer loop
      vertex -9.047259788371205 13.759538213465428 12.510983113804695
      vertex -6.540075759508251 10.740075759508251 16.418912319027587
      vertex -6.490461786534577 11.202740211628798 16.126841524250484
    endloop
  endfacet
  facet normal 0.8303004485274251 0.5088609832242653 0.22729202565684226
    outer loop
      vertex -6.712826657337387 12.45013335323203 15.087565666974909
      vertex -6.577582565792921 12.065147018273704 15.455424129334602
      vertex -1.2156796525665535e-16 5.487564452480782 6.153317657161432
    endloop
  endfacet
  facet normal -0.5451764578087559 -0.4526824654298473 -0.7055928112895232
    outer loop
      vertex -4.2 -4.200000000000001 0
      vertex -12.594677222578284 -11.819391195191724 11.37447130349768
      vertex -4.939354445156564 -4.164068417770004 0.5482100073242152
    endloop
  endfacet
  facet normal -0.45268246542984736 -0.5451764578087562 -0.7055928112895232
    outer loop
      vertex -4.2 -4.200000000000001 0
      vertex -4.164068417770004 -4.939354445156566 0.5482100073242167
      vertex -12.225000000000001 -12.225000000000001 11.349063838044088
    endloop
  endfacet
  facet normal -0.7007570904043972 -0.24617303909070806 -0.6695807158758446
    outer loop
      vertex -5.5941951663087295 -4.056888470414087 1.0870399894305867
      vertex -13.201658828580717 -10.92863520796669 11.575130092787198
      vertex -6.1533176571614305 -3.880294036547405 1.6072704159333762
    endloop
  endfacet
  facet normal -0.6283423298430865 -0.3524429505601441 -0.6935199226610737
    outer loop
      vertex -5.5941951663087295 -4.056888470414087 1.0870399894305867
      vertex -4.939354445156564 -4.164068417770004 0.5482100073242152
      vertex -12.922097583154365 -11.384790887259722 11.450258971080267
    endloop
  endfacet
  facet normal -0.7611817028623155 -0.13569103867037324 -0.6341847973991342
    outer loop
      vertex -6.607155176878142 -3.6373066958946425 2.099999999999999
      vertex -6.1533176571614305 -3.880294036547405 1.6072704159333762
      vertex -13.428577588439074 -10.458729107455573 11.746948089105251
    endloop
  endfacet
  facet normal -0.8085822853448239 -0.022887326957721044 -0.5879378012096791
    outer loop
      vertex -6.607155176878142 -3.6373066958946425 2.099999999999999
      vertex -13.598971219834489 -9.9831128093887 11.962773106480478
      vertex -6.947942439668975 -3.332084029223188 2.556798001836627
    endloop
  endfacet
  facet normal -0.8421478007437189 0.0903079932647416 -0.5316310262343732
    outer loop
      vertex -6.947942439668975 -3.332084029223188 2.556798001836627
      vertex -13.70992424049175 -9.50992424049175 12.218912319027588
      vertex -7.1698484809835 -2.9698484809835 2.9698484809835
    endloop
  endfacet
  facet normal -0.24617303909070842 -0.7007570904043968 -0.6695807158758446
    outer loop
      vertex -4.056888470414087 -5.5941951663087295 1.087039989430587
      vertex -3.8802940365474043 -6.153317657161431 1.607270415933377
      vertex -10.92863520796669 -13.201658828580717 11.575130092787198
    endloop
  endfacet
  facet normal -0.35244295056014324 -0.6283423298430871 -0.6935199226610738
    outer loop
      vertex -4.056888470414087 -5.5941951663087295 1.087039989430587
      vertex -11.819391195191724 -12.594677222578284 11.37447130349768
      vertex -4.164068417770004 -4.939354445156566 0.5482100073242167
    endloop
  endfacet
  facet normal -0.13569103867037338 -0.7611817028623155 -0.6341847973991341
    outer loop
      vertex -3.8802940365474043 -6.153317657161431 1.607270415933377
      vertex -3.637306695894642 -6.607155176878143 2.1
      vertex -10.458729107455573 -13.428577588439074 11.746948089105251
    endloop
  endfacet
  facet normal -0.022887326957720354 -0.808582285344824 -0.5879378012096789
    outer loop
      vertex -3.637306695894642 -6.607155176878143 2.1
      vertex -3.3320840292231875 -6.947942439668975 2.5567980018366274
      vertex -9.9831128093887 -13.598971219834489 11.962773106480478
    endloop
  endfacet
  facet normal 0.20195811868433813 -0.8613039337844076 -0.46622789700423073
    outer loop
      vertex -2.9698484809835 -7.1698484809835 2.9698484809835
      vertex -2.556798001836627 -7.269076426930848 3.332084029223188
      vertex -9.50992424049175 -13.70992424049175 12.218912319027588
    endloop
  endfacet
  facet normal 0.09030799326474138 -0.8421478007437189 -0.5316310262343734
    outer loop
      vertex -3.3320840292231875 -6.947942439668975 2.5567980018366274
      vertex -2.9698484809835 -7.1698484809835 2.9698484809835
      vertex -9.9831128093887 -13.598971219834489 11.962773106480478
    endloop
  endfacet
  facet normal -0.8613039337844075 0.20195811868433805 -0.4662278970042309
    outer loop
      vertex -7.1698484809835 -2.9698484809835 2.9698484809835
      vertex -13.759538213465428 -9.047259788371205 12.510983113804695
      vertex -7.269076426930848 -2.5567980018366274 3.3320840292231875
    endloop
  endfacet
  facet normal -0.8657229177194805 0.3101526846998783 -0.39284747919355106
    outer loop
      vertex -7.269076426930848 -2.5567980018366274 3.3320840292231875
      vertex -13.746964229922337 -8.603035770077664 12.833988078535839
      vertex -7.243928459844675 -2.1 3.637306695894642
    endloop
  endfacet
  facet normal 0.31015268469987833 -0.8657229177194804 -0.3928474791935512
    outer loop
      vertex -2.556798001836627 -7.269076426930848 3.332084029223188
      vertex -2.1 -7.243928459844675 3.637306695894642
      vertex -9.047259788371205 -13.759538213465428 12.510983113804695
    endloop
  endfacet
  facet normal 0.41304045228963226 -0.8553291425086345 -0.3127453320959725
    outer loop
      vertex -2.1 -7.243928459844675 3.637306695894642
      vertex -1.607270415933377 -7.09483486841416 3.8802940365474043
      vertex -8.603035770077664 -13.746964229922337 12.833988078535839
    endloop
  endfacet
  facet normal -0.499999999999997 -0.5000000000000031 0.7071067811865476
    outer loop
      vertex -12.922097583154365 -11.384790887259722 11.450258971080267
      vertex -11.944699210389494 -10.050678138251225 13.08474416007434
      vertex -13.201658828580717 -10.92863520796669 11.575130092787198
    endloop
  endfacet
  facet normal -0.5000000000000032 -0.4999999999999974 0.7071067811865469
    outer loop
      vertex -11.384790887259722 -12.922097583154365 11.450258971080267
      vertex -10.92863520796669 -13.201658828580717 11.575130092787198
      vertex -10.5459517756016 -11.736583195923233 12.881693057663574
    endloop
  endfacet
  facet normal -0.5000000000000018 -0.49999999999999833 0.7071067811865476
    outer loop
      vertex -12.922097583154365 -11.384790887259722 11.450258971080267
      vertex -12.594677222578284 -11.819391195191724 11.37447130349768
      vertex -11.736583195923233 -10.5459517756016 12.881693057663574
    endloop
  endfacet
  facet normal -0.5000000000000001 -0.4999999999999997 0.7071067811865476
    outer loop
      vertex -12.594677222578284 -11.819391195191724 11.37447130349768
      vertex -12.225000000000001 -12.225000000000001 11.349063838044088
      vertex -11.41864044992196 -11.012538245100426 12.776586072797636
    endloop
  endfacet
  facet normal -0.5 -0.5000000000000006 0.7071067811865471
    outer loop
      vertex -11.819391195191724 -12.594677222578284 11.37447130349768
      vertex -11.012538245100426 -11.41864044992196 12.776586072797638
      vertex -12.225000000000001 -12.225000000000001 11.349063838044088
    endloop
  endfacet
  facet normal -0.49999999999999817 -0.5000000000000016 0.7071067811865478
    outer loop
      vertex -11.819391195191724 -12.594677222578284 11.37447130349768
      vertex -11.384790887259722 -12.922097583154365 11.450258971080267
      vertex -10.784890464755094 -11.59014635308086 12.816284374864704
    endloop
  endfacet
  facet normal -0.4999999999999995 -0.5000000000000002 0.7071067811865478
    outer loop
      vertex -13.201658828580717 -10.92863520796669 11.575130092787198
      vertex -12.022219358530748 -9.327780641469253 13.541094859722387
      vertex -13.428577588439074 -10.458729107455573 11.746948089105251
    endloop
  endfacet
  facet normal -0.5000000000000003 -0.4999999999999997 0.7071067811865477
    outer loop
      vertex -10.92863520796669 -13.201658828580717 11.575130092787198
      vertex -10.458729107455573 -13.428577588439074 11.746948089105251
      vertex -9.802817459305205 -12.002817459305204 13.218912319027588
    endloop
  endfacet
  facet normal -0.4999999999999987 -0.5000000000000007 0.7071067811865478
    outer loop
      vertex -12.225000000000001 -12.225000000000001 11.349063838044088
      vertex -11.225000000000001 -11.225000000000001 12.763277400417183
      vertex -11.41864044992196 -11.012538245100426 12.776586072797636
    endloop
  endfacet
  facet normal -0.5000000000000038 -0.49999999999999567 0.7071067811865478
    outer loop
      vertex -12.225000000000001 -12.225000000000001 11.349063838044088
      vertex -11.012538245100426 -11.41864044992196 12.776586072797638
      vertex -11.225000000000001 -11.225000000000001 12.763277400417183
    endloop
  endfacet
  facet normal -0.4999999999999973 -0.500000000000002 0.7071067811865481
    outer loop
      vertex -12.594677222578284 -11.819391195191724 11.37447130349768
      vertex -11.590146353080858 -10.784890464755094 12.816284374864704
      vertex -11.736583195923233 -10.5459517756016 12.881693057663574
    endloop
  endfacet
  facet normal -0.500000000000001 -0.4999999999999991 0.7071067811865475
    outer loop
      vertex -12.922097583154365 -11.384790887259722 11.450258971080267
      vertex -11.736583195923233 -10.5459517756016 12.881693057663574
      vertex -11.855445403468085 -10.29981048485768 12.97169296049684
    endloop
  endfacet
  facet normal -0.4999999999999974 -0.5000000000000029 0.7071067811865475
    outer loop
      vertex -12.922097583154365 -11.384790887259722 11.450258971080267
      vertex -11.855445403468085 -10.29981048485768 12.97169296049684
      vertex -11.944699210389494 -10.050678138251225 13.08474416007434
    endloop
  endfacet
  facet normal -0.49999999999999795 -0.5000000000000021 0.7071067811865475
    outer loop
      vertex -13.201658828580717 -10.92863520796669 11.575130092787198
      vertex -11.944699210389494 -10.050678138251225 13.08474416007434
      vertex -12.002817459305204 -9.802817459305205 13.218912319027588
    endloop
  endfacet
  facet normal -0.5000000000000029 -0.49999999999999645 0.7071067811865481
    outer loop
      vertex -12.594677222578284 -11.819391195191724 11.37447130349768
      vertex -11.41864044992196 -11.012538245100426 12.776586072797636
      vertex -11.590146353080858 -10.784890464755094 12.816284374864704
    endloop
  endfacet
  facet normal -0.49999999999999933 -0.5000000000000004 0.7071067811865476
    outer loop
      vertex -13.201658828580717 -10.92863520796669 11.575130092787198
      vertex -12.002817459305204 -9.802817459305205 13.218912319027588
      vertex -12.028805730862844 -9.560469412956346 13.371901782958453
    endloop
  endfacet
  facet normal -0.5 -0.5000000000000003 0.7071067811865474
    outer loop
      vertex -11.384790887259722 -12.922097583154365 11.450258971080267
      vertex -10.5459517756016 -11.736583195923233 12.881693057663574
      vertex -10.784890464755094 -11.59014635308086 12.816284374864704
    endloop
  endfacet
  facet normal -0.49999999999999556 -0.5000000000000042 0.7071067811865477
    outer loop
      vertex -11.819391195191724 -12.594677222578284 11.37447130349768
      vertex -10.784890464755094 -11.59014635308086 12.816284374864704
      vertex -11.012538245100426 -11.41864044992196 12.776586072797638
    endloop
  endfacet
  facet normal -0.49999999999999883 -0.4999999999999999 0.7071067811865485
    outer loop
      vertex -10.92863520796669 -13.201658828580717 11.575130092787198
      vertex -10.29981048485768 -11.855445403468085 12.97169296049684
      vertex -10.5459517756016 -11.736583195923233 12.881693057663574
    endloop
  endfacet
  facet normal -0.5000000000000027 -0.4999999999999973 0.7071067811865475
    outer loop
      vertex -10.92863520796669 -13.201658828580717 11.575130092787198
      vertex -10.050678138251225 -11.944699210389494 13.08474416007434
      vertex -10.29981048485768 -11.855445403468085 12.97169296049684
    endloop
  endfacet
  facet normal -0.5000000000000021 -0.49999999999999795 0.7071067811865475
    outer loop
      vertex -10.92863520796669 -13.201658828580717 11.575130092787198
      vertex -9.802817459305205 -12.002817459305204 13.218912319027588
      vertex -10.050678138251225 -11.944699210389494 13.08474416007434
    endloop
  endfacet
  facet normal -0.6283423298430891 -0.35244295056014086 -0.6935199226610733
    outer loop
      vertex -4.939354445156564 -4.164068417770004 0.5482100073242152
      vertex -12.594677222578284 -11.819391195191724 11.37447130349768
      vertex -12.922097583154365 -11.384790887259722 11.450258971080267
    endloop
  endfacet
  facet normal -0.7007570904043955 -0.24617303909071075 -0.6695807158758452
    outer loop
      vertex -5.5941951663087295 -4.056888470414087 1.0870399894305867
      vertex -12.922097583154365 -11.384790887259722 11.450258971080267
      vertex -13.201658828580717 -10.92863520796669 11.575130092787198
    endloop
  endfacet
  facet normal -0.8421478007437193 0.09030799326474342 -0.5316310262343723
    outer loop
      vertex -6.947942439668975 -3.332084029223188 2.556798001836627
      vertex -13.598971219834489 -9.9831128093887 11.962773106480478
      vertex -13.70992424049175 -9.50992424049175 12.218912319027588
    endloop
  endfacet
  facet normal -0.7611817028623147 -0.13569103867037577 -0.6341847973991347
    outer loop
      vertex -6.1533176571614305 -3.880294036547405 1.6072704159333762
      vertex -13.201658828580717 -10.92863520796669 11.575130092787198
      vertex -13.428577588439074 -10.458729107455573 11.746948089105251
    endloop
  endfacet
  facet normal -0.8085822853448245 -0.022887326957718567 -0.5879378012096785
    outer loop
      vertex -6.607155176878142 -3.6373066958946425 2.099999999999999
      vertex -13.428577588439074 -10.458729107455573 11.746948089105251
      vertex -13.598971219834489 -9.9831128093887 11.962773106480478
    endloop
  endfacet
  facet normal -0.8613039337844073 0.2019581186843342 -0.46622789700423306
    outer loop
      vertex -7.1698484809835 -2.9698484809835 2.9698484809835
      vertex -13.70992424049175 -9.50992424049175 12.218912319027588
      vertex -13.759538213465428 -9.047259788371205 12.510983113804695
    endloop
  endfacet
  facet normal -0.8657229177194803 0.3101526846998829 -0.39284747919354773
    outer loop
      vertex -7.269076426930848 -2.5567980018366274 3.3320840292231875
      vertex -13.759538213465428 -9.047259788371205 12.510983113804695
      vertex -13.746964229922337 -8.603035770077664 12.833988078535839
    endloop
  endfacet
  facet normal -0.8553291425086349 0.4130404522896298 -0.31274533209597477
    outer loop
      vertex -7.243928459844675 -2.1 3.637306695894642
      vertex -13.746964229922337 -8.603035770077664 12.833988078535839
      vertex -13.672417434207082 -8.1848529817263 13.182400508720574
    endloop
  endfacet
  facet normal -0.8303004485274253 0.5088609832242653 -0.2272920256568416
    outer loop
      vertex -7.09483486841416 -1.6072704159333775 3.880294036547404
      vertex -13.672417434207082 -8.1848529817263 13.182400508720574
      vertex -13.537173342662616 -7.799866646767973 13.550258971080268
    endloop
  endfacet
  facet normal -0.7910650836691385 0.5959747616530087 -0.1379496896414715
    outer loop
      vertex -6.824346685325231 -1.087039989430587 4.056888470414087
      vertex -13.537173342662616 -7.799866646767973 13.550258971080268
      vertex -13.343546019192017 -7.454663988132202 13.931269305334308
    endloop
  endfacet
  facet normal -0.7382943759045943 0.6728912466744522 -0.046246996189453514
    outer loop
      vertex -13.343546019192017 -7.454663988132202 13.931269305334308
      vertex -13.094848480983499 -7.1551515190165 14.318912319027588
      vertex -5.939696961967 -4.440892098500626e-16 4.2
    endloop
  endfacet
  facet normal -0.6728912466744521 0.7382943759045942 0.046246996189453694
    outer loop
      vertex -13.094848480983499 -7.1551515190165 14.318912319027588
      vertex -12.7953360118678 -6.906453980807985 14.70655533272087
      vertex -5.888882031059815 4.440892098500626e-16 4.9393544451565665
    endloop
  endfacet
  facet normal -0.595974761653009 0.7910650836691382 0.1379496896414722
    outer loop
      vertex -12.7953360118678 -6.906453980807985 14.70655533272087
      vertex -12.45013335323203 -6.712826657337387 15.087565666974909
      vertex -5.7373066958946435 0 5.5941951663087295
    endloop
  endfacet
  facet normal -0.49999999999999895 -0.49999999999999967 0.7071067811865485
    outer loop
      vertex -13.672417434207082 -8.1848529817263 13.182400508720574
      vertex -13.343546019192017 -7.454663988132202 13.931269305334308
      vertex -13.537173342662616 -7.799866646767973 13.550258971080268
    endloop
  endfacet
  facet normal -0.4999999999999918 -0.5000000000000044 0.7071067811865501
    outer loop
      vertex -13.672417434207082 -8.1848529817263 13.182400508720574
      vertex -13.094848480983499 -7.1551515190165 14.318912319027588
      vertex -13.343546019192017 -7.454663988132202 13.931269305334308
    endloop
  endfacet
  facet normal -0.49999999999999617 -0.5000000000000037 0.7071067811865477
    outer loop
      vertex -13.746964229922337 -8.603035770077664 12.833988078535839
      vertex -12.065147018273704 -6.577582565792921 15.455424129334602
      vertex -13.672417434207082 -8.1848529817263 13.182400508720574
    endloop
  endfacet
  facet normal -0.4999999999999942 -0.5000000000000056 0.7071067811865476
    outer loop
      vertex -13.759538213465428 -9.047259788371205 12.510983113804695
      vertex -13.70992424049175 -9.50992424049175 12.218912319027588
      vertex -11.202740211628798 -6.490461786534577 16.126841524250484
    endloop
  endfacet
  facet normal -0.5000000000000006 -0.49999999999999917 0.7071067811865475
    outer loop
      vertex -13.598971219834489 -9.9831128093887 11.962773106480478
      vertex -10.740075759508251 -6.540075759508251 16.418912319027587
      vertex -13.70992424049175 -9.50992424049175 12.218912319027588
    endloop
  endfacet
  facet normal -0.500000000000005 -0.499999999999995 0.7071067811865476
    outer loop
      vertex -13.759538213465428 -9.047259788371205 12.510983113804695
      vertex -11.646964229922338 -6.503035770077664 15.803836559519338
      vertex -13.746964229922337 -8.603035770077664 12.833988078535839
    endloop
  endfacet
  facet normal -0.5000000000000171 -0.4999999999999854 0.7071067811865458
    outer loop
      vertex -13.672417434207082 -8.1848529817263 13.182400508720574
      vertex -12.7953360118678 -6.906453980807985 14.70655533272087
      vertex -13.094848480983499 -7.1551515190165 14.318912319027588
    endloop
  endfacet
  facet normal -0.5000000000000016 -0.49999999999999856 0.7071067811865474
    outer loop
      vertex -13.672417434207082 -8.1848529817263 13.182400508720574
      vertex -12.45013335323203 -6.712826657337387 15.087565666974909
      vertex -12.7953360118678 -6.906453980807985 14.70655533272087
    endloop
  endfacet
  facet normal -0.5000000000000011 -0.4999999999999986 0.7071067811865476
    outer loop
      vertex -13.672417434207082 -8.1848529817263 13.182400508720574
      vertex -12.065147018273704 -6.577582565792921 15.455424129334602
      vertex -12.45013335323203 -6.712826657337387 15.087565666974909
    endloop
  endfacet
  facet normal -0.5000000000000034 -0.49999999999999695 0.7071067811865472
    outer loop
      vertex -13.201658828580717 -10.92863520796669 11.575130092787198
      vertex -12.028805730862844 -9.560469412956346 13.371901782958453
      vertex -12.022219358530748 -9.327780641469253 13.541094859722387
    endloop
  endfacet
  facet normal -0.4999999999999904 -0.5000000000000103 0.707106781186547
    outer loop
      vertex -13.428577588439074 -10.458729107455573 11.746948089105251
      vertex -12.022219358530748 -9.327780641469253 13.541094859722387
      vertex -11.983171036965615 -9.108732514237587 13.723596608866773
    endloop
  endfacet
  facet normal -0.5000000000000095 -0.4999999999999912 0.7071067811865471
    outer loop
      vertex -13.428577588439074 -10.458729107455573 11.746948089105251
      vertex -11.983171036965615 -9.108732514237587 13.723596608866773
      vertex -11.912328893775658 -8.907073005449892 13.916284374864706
    endloop
  endfacet
  facet normal -0.500000000000002 -0.49999999999999817 0.7071067811865474
    outer loop
      vertex -13.428577588439074 -10.458729107455573 11.746948089105251
      vertex -11.912328893775658 -8.907073005449892 13.916284374864706
      vertex -11.81090505767201 -8.726252565212107 14.115861216616823
    endloop
  endfacet
  facet normal -0.5000000000000024 -0.4999999999999977 0.7071067811865476
    outer loop
      vertex -13.428577588439074 -10.458729107455573 11.746948089105251
      vertex -10.266887190611302 -6.651028780165514 16.6750515315747
      vertex -13.598971219834489 -9.9831128093887 11.962773106480478
    endloop
  endfacet
  facet normal -0.49999999999999917 -0.5000000000000006 0.7071067811865476
    outer loop
      vertex -13.428577588439074 -10.458729107455573 11.746948089105251
      vertex -11.81090505767201 -8.726252565212107 14.115861216616823
      vertex -10.266887190611302 -6.651028780165514 16.6750515315747
    endloop
  endfacet
  facet normal -0.49999999999999545 -0.5000000000000044 0.7071067811865476
    outer loop
      vertex -13.70992424049175 -9.50992424049175 12.218912319027588
      vertex -10.740075759508251 -6.540075759508251 16.418912319027587
      vertex -11.202740211628798 -6.490461786534577 16.126841524250484
    endloop
  endfacet
  facet normal -0.5000000000000434 -0.4999999999999636 0.7071067811865426
    outer loop
      vertex -10.266887190611302 -6.651028780165514 16.6750515315747
      vertex -11.81090505767201 -8.726252565212107 14.115861216616823
      vertex -11.680634918610407 -8.569365081389597 14.31891231902759
    endloop
  endfacet
  facet normal -0.5000000000000028 -0.49999999999999717 0.7071067811865475
    outer loop
      vertex -13.598971219834489 -9.9831128093887 11.962773106480478
      vertex -10.266887190611302 -6.651028780165514 16.6750515315747
      vertex -10.740075759508251 -6.540075759508251 16.418912319027587
    endloop
  endfacet
  facet normal -0.4999999999999933 -0.5000000000000064 0.7071067811865478
    outer loop
      vertex -10.266887190611302 -6.651028780165514 16.6750515315747
      vertex -11.680634918610407 -8.569365081389597 14.31891231902759
      vertex -11.523747434787897 -8.439094942327994 14.521963421438354
    endloop
  endfacet
  facet normal -0.4999999999999984 -0.5000000000000016 0.7071067811865475
    outer loop
      vertex -10.266887190611302 -6.651028780165514 16.6750515315747
      vertex -11.523747434787897 -8.439094942327994 14.521963421438354
      vertex -11.342926994550112 -8.337671106224345 14.721540263190471
    endloop
  endfacet
  facet normal -0.49999999999999317 -0.5000000000000053 0.7071067811865487
    outer loop
      vertex -10.266887190611302 -6.651028780165514 16.6750515315747
      vertex -11.342926994550112 -8.337671106224345 14.721540263190471
      vertex -11.141267485762416 -8.266828963034389 14.914228029188404
    endloop
  endfacet
  facet normal -0.5000000000000172 -0.4999999999999838 0.7071067811865469
    outer loop
      vertex -9.79127089254443 -6.82142241156093 16.890876548949926
      vertex -11.141267485762416 -8.266828963034389 14.914228029188404
      vertex -10.92221935853075 -8.227780641469256 15.096729778332792
    endloop
  endfacet
  facet normal -0.49999999999999234 -0.500000000000006 0.7071067811865487
    outer loop
      vertex -9.79127089254443 -6.82142241156093 16.890876548949926
      vertex -10.92221935853075 -8.227780641469256 15.096729778332792
      vertex -10.689530587043658 -8.22119426913716 15.265922855096724
    endloop
  endfacet
  facet normal -0.5000000000000004 -0.49999999999999956 0.7071067811865475
    outer loop
      vertex -9.79127089254443 -6.82142241156093 16.890876548949926
      vertex -10.689530587043658 -8.22119426913716 15.265922855096724
      vertex -10.447182540694799 -8.2471825406948 15.418912319027589
    endloop
  endfacet
  facet normal -0.4999999999999984 -0.5000000000000014 0.7071067811865477
    outer loop
      vertex -13.746964229922337 -8.603035770077664 12.833988078535839
      vertex -11.646964229922338 -6.503035770077664 15.803836559519338
      vertex -12.065147018273704 -6.577582565792921 15.455424129334602
    endloop
  endfacet
  facet normal -0.5000000000000031 -0.4999999999999965 0.7071067811865477
    outer loop
      vertex -13.759538213465428 -9.047259788371205 12.510983113804695
      vertex -11.202740211628798 -6.490461786534577 16.126841524250484
      vertex -11.646964229922338 -6.503035770077664 15.803836559519338
    endloop
  endfacet
  facet normal -0.5000000000000004 -0.5 0.707106781186547
    outer loop
      vertex -10.266887190611302 -6.651028780165514 16.6750515315747
      vertex -11.141267485762416 -8.266828963034389 14.914228029188404
      vertex -9.79127089254443 -6.82142241156093 16.890876548949926
    endloop
  endfacet
  facet normal -0.5088609832242653 0.8303004485274252 0.2272920256568423
    outer loop
      vertex -12.45013335323203 -6.712826657337387 15.087565666974909
      vertex -12.065147018273704 -6.577582565792921 15.455424129334602
      vertex -5.4875644524807825 0 6.153317657161433
    endloop
  endfacet
  facet normal -0.35244295056013875 -0.6283423298430899 -0.6935199226610732
    outer loop
      vertex -4.056888470414087 -5.5941951663087295 1.087039989430587
      vertex -11.384790887259722 -12.922097583154365 11.450258971080267
      vertex -11.819391195191724 -12.594677222578284 11.37447130349768
    endloop
  endfacet
  facet normal -0.24617303909071075 -0.7007570904043955 -0.6695807158758452
    outer loop
      vertex -4.056888470414087 -5.5941951663087295 1.087039989430587
      vertex -10.92863520796669 -13.201658828580717 11.575130092787198
      vertex -11.384790887259722 -12.922097583154365 11.450258971080267
    endloop
  endfacet
  facet normal -0.13569103867037466 -0.7611817028623149 -0.6341847973991346
    outer loop
      vertex -3.8802940365474043 -6.153317657161431 1.607270415933377
      vertex -10.458729107455573 -13.428577588439074 11.746948089105251
      vertex -10.92863520796669 -13.201658828580717 11.575130092787198
    endloop
  endfacet
  facet normal -0.022887326957719327 -0.8085822853448245 -0.5879378012096784
    outer loop
      vertex -3.637306695894642 -6.607155176878143 2.1
      vertex -9.9831128093887 -13.598971219834489 11.962773106480478
      vertex -10.458729107455573 -13.428577588439074 11.746948089105251
    endloop
  endfacet
  facet normal 0.09030799326474148 -0.8421478007437192 -0.531631026234373
    outer loop
      vertex -2.9698484809835 -7.1698484809835 2.9698484809835
      vertex -9.50992424049175 -13.70992424049175 12.218912319027588
      vertex -9.9831128093887 -13.598971219834489 11.962773106480478
    endloop
  endfacet
  facet normal 0.20195811868433505 -0.8613039337844072 -0.46622789700423284
    outer loop
      vertex -2.556798001836627 -7.269076426930848 3.332084029223188
      vertex -9.047259788371205 -13.759538213465428 12.510983113804695
      vertex -9.50992424049175 -13.70992424049175 12.218912319027588
    endloop
  endfacet
  facet normal 0.3101526846998829 -0.8657229177194805 -0.3928474791935474
    outer loop
      vertex -2.1 -7.243928459844675 3.637306695894642
      vertex -8.603035770077664 -13.746964229922337 12.833988078535839
      vertex -9.047259788371205 -13.759538213465428 12.510983113804695
    endloop
  endfacet
  facet normal 0.4130404522896301 -0.8553291425086347 -0.3127453320959746
    outer loop
      vertex -1.607270415933377 -7.09483486841416 3.8802940365474043
      vertex -8.1848529817263 -13.672417434207082 13.182400508720574
      vertex -8.603035770077664 -13.746964229922337 12.833988078535839
    endloop
  endfacet
  facet normal 0.508860983224265 -0.8303004485274253 -0.22729202565684217
    outer loop
      vertex -1.087039989430587 -6.824346685325231 4.056888470414087
      vertex -7.799866646767973 -13.537173342662616 13.550258971080268
      vertex -8.1848529817263 -13.672417434207082 13.182400508720574
    endloop
  endfacet
  facet normal 0.5959747616530089 -0.7910650836691383 -0.13794968964147195
    outer loop
      vertex -0.5482100073242167 -6.437092038384032 4.164068417770004
      vertex -7.454663988132202 -13.343546019192017 13.931269305334308
      vertex -7.799866646767973 -13.537173342662616 13.550258971080268
    endloop
  endfacet
  facet normal 0.6728912466744521 -0.7382943759045942 -0.04624699618945352
    outer loop
      vertex -7.454663988132202 -13.343546019192017 13.931269305334308
      vertex 0 -5.939696961967 4.200000000000001
      vertex -7.1551515190165 -13.094848480983499 14.318912319027588
    endloop
  endfacet
  facet normal 0.7382943759045943 -0.6728912466744521 0.04624699618945367
    outer loop
      vertex -7.1551515190165 -13.094848480983499 14.318912319027588
      vertex -7.744238740483383e-17 -5.888882031059815 4.939354445156566
      vertex -6.906453980807985 -12.7953360118678 14.70655533272087
    endloop
  endfacet
  facet normal 0.7910650836691382 -0.5959747616530089 0.1379496896414722
    outer loop
      vertex -6.906453980807985 -12.7953360118678 14.70655533272087
      vertex 0 -5.7373066958946435 5.594195166308729
      vertex -6.712826657337387 -12.45013335323203 15.087565666974909
    endloop
  endfacet
  facet normal -0.49999999999999767 -0.5000000000000023 0.7071067811865475
    outer loop
      vertex -10.458729107455573 -13.428577588439074 11.746948089105251
      vertex -9.9831128093887 -13.598971219834489 11.962773106480478
      vertex -9.108732514237586 -11.983171036965615 13.723596608866773
    endloop
  endfacet
  facet normal -0.4999999999999993 -0.500000000000001 0.7071067811865475
    outer loop
      vertex -9.9831128093887 -13.598971219834489 11.962773106480478
      vertex -9.50992424049175 -13.70992424049175 12.218912319027588
      vertex -6.651028780165514 -10.266887190611302 16.6750515315747
    endloop
  endfacet
  facet normal -0.5000000000000056 -0.49999999999999445 0.7071067811865476
    outer loop
      vertex -9.047259788371205 -13.759538213465428 12.510983113804695
      vertex -6.540075759508251 -10.740075759508251 16.418912319027587
      vertex -9.50992424049175 -13.70992424049175 12.218912319027588
    endloop
  endfacet
  facet normal -0.49999999999999967 -0.49999999999999895 0.7071067811865485
    outer loop
      vertex -8.1848529817263 -13.672417434207082 13.182400508720574
      vertex -7.799866646767973 -13.537173342662616 13.550258971080268
      vertex -7.454663988132202 -13.343546019192017 13.931269305334308
    endloop
  endfacet
  facet normal -0.5000000000000037 -0.49999999999999617 0.7071067811865477
    outer loop
      vertex -8.603035770077664 -13.746964229922337 12.833988078535839
      vertex -8.1848529817263 -13.672417434207082 13.182400508720574
      vertex -6.577582565792921 -12.065147018273704 15.455424129334602
    endloop
  endfacet
  facet normal -0.5000000000000044 -0.4999999999999918 0.7071067811865501
    outer loop
      vertex -8.1848529817263 -13.672417434207082 13.182400508720574
      vertex -7.454663988132202 -13.343546019192017 13.931269305334308
      vertex -7.1551515190165 -13.094848480983499 14.318912319027588
    endloop
  endfacet
  facet normal -0.499999999999995 -0.500000000000005 0.7071067811865476
    outer loop
      vertex -9.047259788371205 -13.759538213465428 12.510983113804695
      vertex -8.603035770077664 -13.746964229922337 12.833988078535839
      vertex -6.503035770077664 -11.646964229922338 15.803836559519338
    endloop
  endfacet
  facet normal -0.4999999999999987 -0.5000000000000007 0.7071067811865479
    outer loop
      vertex -10.458729107455573 -13.428577588439074 11.746948089105251
      vertex -9.560469412956344 -12.028805730862842 13.371901782958455
      vertex -9.802817459305205 -12.002817459305204 13.218912319027588
    endloop
  endfacet
  facet normal -0.5000000000000066 -0.49999999999999417 0.7071067811865471
    outer loop
      vertex -10.458729107455573 -13.428577588439074 11.746948089105251
      vertex -9.327780641469255 -12.02221935853075 13.541094859722387
      vertex -9.560469412956344 -12.028805730862842 13.371901782958455
    endloop
  endfacet
  facet normal -0.49999999999999634 -0.5000000000000037 0.7071067811865475
    outer loop
      vertex -10.458729107455573 -13.428577588439074 11.746948089105251
      vertex -9.108732514237586 -11.983171036965615 13.723596608866773
      vertex -9.327780641469255 -12.02221935853075 13.541094859722387
    endloop
  endfacet
  facet normal -0.49999999999999767 -0.5000000000000021 0.7071067811865475
    outer loop
      vertex -9.9831128093887 -13.598971219834489 11.962773106480478
      vertex -8.907073005449892 -11.912328893775658 13.916284374864706
      vertex -9.108732514237586 -11.983171036965615 13.723596608866773
    endloop
  endfacet
  facet normal -0.4999999999999979 -0.5000000000000022 0.7071067811865475
    outer loop
      vertex -9.9831128093887 -13.598971219834489 11.962773106480478
      vertex -8.726252565212107 -11.81090505767201 14.115861216616823
      vertex -8.907073005449892 -11.912328893775658 13.916284374864706
    endloop
  endfacet
  facet normal -0.49999999999998956 -0.5000000000000084 0.707106781186549
    outer loop
      vertex -9.9831128093887 -13.598971219834489 11.962773106480478
      vertex -8.569365081389597 -11.680634918610407 14.318912319027588
      vertex -8.726252565212107 -11.81090505767201 14.115861216616823
    endloop
  endfacet
  facet normal -0.5000000000000009 -0.49999999999999983 0.707106781186547
    outer loop
      vertex -9.9831128093887 -13.598971219834489 11.962773106480478
      vertex -6.82142241156093 -9.79127089254443 16.890876548949926
      vertex -8.569365081389597 -11.680634918610407 14.318912319027588
    endloop
  endfacet
  facet normal -0.4999999999999854 -0.5000000000000171 0.7071067811865458
    outer loop
      vertex -8.1848529817263 -13.672417434207082 13.182400508720574
      vertex -7.1551515190165 -13.094848480983499 14.318912319027588
      vertex -6.906453980807985 -12.7953360118678 14.70655533272087
    endloop
  endfacet
  facet normal -0.49999999999999856 -0.5000000000000016 0.7071067811865474
    outer loop
      vertex -8.1848529817263 -13.672417434207082 13.182400508720574
      vertex -6.906453980807985 -12.7953360118678 14.70655533272087
      vertex -6.712826657337387 -12.45013335323203 15.087565666974909
    endloop
  endfacet
  facet normal -0.4999999999999986 -0.5000000000000011 0.7071067811865476
    outer loop
      vertex -8.1848529817263 -13.672417434207082 13.182400508720574
      vertex -6.712826657337387 -12.45013335323203 15.087565666974909
      vertex -6.577582565792921 -12.065147018273704 15.455424129334602
    endloop
  endfacet
  facet normal -0.4999999999999971 -0.5000000000000031 0.7071067811865476
    outer loop
      vertex -9.50992424049175 -13.70992424049175 12.218912319027588
      vertex -6.540075759508251 -10.740075759508251 16.418912319027587
      vertex -6.651028780165514 -10.266887190611302 16.6750515315747
    endloop
  endfacet
  facet normal -0.4999999999999993 -0.5000000000000009 0.7071067811865476
    outer loop
      vertex -9.9831128093887 -13.598971219834489 11.962773106480478
      vertex -6.651028780165514 -10.266887190611302 16.6750515315747
      vertex -6.82142241156093 -9.79127089254443 16.890876548949926
    endloop
  endfacet
  facet normal -0.49999999999995803 -0.5000000000000357 0.7071067811865518
    outer loop
      vertex -6.82142241156093 -9.79127089254443 16.890876548949926
      vertex -8.439094942327994 -11.523747434787897 14.521963421438354
      vertex -8.569365081389597 -11.680634918610407 14.318912319027588
    endloop
  endfacet
  facet normal -0.5000000000000019 -0.4999999999999963 0.7071067811865487
    outer loop
      vertex -6.82142241156093 -9.79127089254443 16.890876548949926
      vertex -8.337671106224345 -11.342926994550112 14.721540263190471
      vertex -8.439094942327994 -11.523747434787897 14.521963421438354
    endloop
  endfacet
  facet normal -0.4999999999999991 -0.5 0.7071067811865481
    outer loop
      vertex -6.82142241156093 -9.79127089254443 16.890876548949926
      vertex -8.266828963034389 -11.141267485762416 14.914228029188406
      vertex -8.337671106224345 -11.342926994550112 14.721540263190471
    endloop
  endfacet
  facet normal -0.49999999999999867 -0.5000000000000008 0.7071067811865478
    outer loop
      vertex -6.82142241156093 -9.79127089254443 16.890876548949926
      vertex -8.227780641469254 -10.922219358530748 15.096729778332792
      vertex -8.266828963034389 -11.141267485762416 14.914228029188406
    endloop
  endfacet
  facet normal -0.499999999999991 -0.500000000000008 0.707106781186548
    outer loop
      vertex -7.048341171419286 -9.321364792033313 17.06269454526798
      vertex -8.221194269137161 -10.68953058704366 15.265922855096724
      vertex -8.227780641469254 -10.922219358530748 15.096729778332792
    endloop
  endfacet
  facet normal -0.5000000000000059 -0.4999999999999942 0.7071067811865475
    outer loop
      vertex -7.048341171419286 -9.321364792033313 17.06269454526798
      vertex -8.2471825406948 -10.447182540694799 15.418912319027589
      vertex -8.221194269137161 -10.68953058704366 15.265922855096724
    endloop
  endfacet
  facet normal -0.4999999999999965 -0.5000000000000031 0.7071067811865477
    outer loop
      vertex -9.047259788371205 -13.759538213465428 12.510983113804695
      vertex -6.503035770077664 -11.646964229922338 15.803836559519338
      vertex -6.490461786534577 -11.202740211628798 16.126841524250484
    endloop
  endfacet
  facet normal -0.5000000000000014 -0.4999999999999984 0.7071067811865477
    outer loop
      vertex -8.603035770077664 -13.746964229922337 12.833988078535839
      vertex -6.577582565792921 -12.065147018273704 15.455424129334602
      vertex -6.503035770077664 -11.646964229922338 15.803836559519338
    endloop
  endfacet
  facet normal -0.5000000000000044 -0.49999999999999517 0.7071067811865477
    outer loop
      vertex -9.047259788371205 -13.759538213465428 12.510983113804695
      vertex -6.490461786534577 -11.202740211628798 16.126841524250484
      vertex -6.540075759508251 -10.740075759508251 16.418912319027587
    endloop
  endfacet
  facet normal -0.49999999999999933 -0.5000000000000008 0.7071067811865476
    outer loop
      vertex -7.048341171419286 -9.321364792033313 17.06269454526798
      vertex -8.227780641469254 -10.922219358530748 15.096729778332792
      vertex -6.82142241156093 -9.79127089254443 16.890876548949926
    endloop
  endfacet
  facet normal 0.8303004485274252 -0.5088609832242653 0.2272920256568423
    outer loop
      vertex -6.712826657337387 -12.45013335323203 15.087565666974909
      vertex -1.6237822437272329e-16 -5.487564452480782 6.153317657161433
      vertex -6.577582565792921 -12.065147018273704 15.455424129334602
    endloop
  endfacet
  facet normal -0.45268246542984847 -0.5451764578087551 -0.7055928112895231
    outer loop
      vertex -4.164068417770004 -4.939354445156566 0.5482100073242167
      vertex -11.819391195191724 -12.594677222578284 11.37447130349768
      vertex -12.225000000000001 -12.225000000000001 11.349063838044088
    endloop
  endfacet
  facet normal -0.5451764578087546 -0.4526824654298487 -0.7055928112895234
    outer loop
      vertex -4.2 -4.200000000000001 0
      vertex -12.225000000000001 -12.225000000000001 11.349063838044088
      vertex -12.594677222578284 -11.819391195191724 11.37447130349768
    endloop
  endfacet
  facet normal -0.8553291425086342 0.4130404522896324 -0.31274533209597255
    outer loop
      vertex -7.243928459844675 -2.1 3.637306695894642
      vertex -13.672417434207082 -8.1848529817263 13.182400508720574
      vertex -7.09483486841416 -1.6072704159333775 3.880294036547404
    endloop
  endfacet
  facet normal -0.8303004485274255 0.5088609832242641 -0.22729202565684334
    outer loop
      vertex -7.09483486841416 -1.6072704159333775 3.880294036547404
      vertex -13.537173342662616 -7.799866646767973 13.550258971080268
      vertex -6.824346685325231 -1.087039989430587 4.056888470414087
    endloop
  endfacet
  facet normal -0.7910650836691376 0.59597476165301 -0.1379496896414711
    outer loop
      vertex -6.824346685325231 -1.087039989430587 4.056888470414087
      vertex -13.343546019192017 -7.454663988132202 13.931269305334308
      vertex -6.437092038384032 -0.5482100073242167 4.164068417770004
    endloop
  endfacet
  facet normal -0.7382943759045943 0.6728912466744519 -0.046246996189453875
    outer loop
      vertex -6.437092038384032 -0.5482100073242167 4.164068417770004
      vertex -13.343546019192017 -7.454663988132202 13.931269305334308
      vertex -5.939696961967 -4.440892098500626e-16 4.2
    endloop
  endfacet
  facet normal -0.6728912466744528 0.7382943759045937 0.046246996189452605
    outer loop
      vertex -13.094848480983499 -7.1551515190165 14.318912319027588
      vertex -5.888882031059815 4.440892098500626e-16 4.9393544451565665
      vertex -5.939696961967 -4.440892098500626e-16 4.2
    endloop
  endfacet
  facet normal -0.5959747616530101 0.7910650836691375 0.13794968964147108
    outer loop
      vertex -12.7953360118678 -6.906453980807985 14.70655533272087
      vertex -5.7373066958946435 0 5.5941951663087295
      vertex -5.888882031059815 4.440892098500626e-16 4.9393544451565665
    endloop
  endfacet
  facet normal -0.5088609832242639 0.8303004485274257 0.22729202565684323
    outer loop
      vertex -12.45013335323203 -6.712826657337387 15.087565666974909
      vertex -5.4875644524807825 0 6.153317657161433
      vertex -5.7373066958946435 0 5.5941951663087295
    endloop
  endfacet
  facet normal -0.41304045228963177 0.8553291425086341 0.31274533209597405
    outer loop
      vertex -12.065147018273704 -6.577582565792921 15.455424129334602
      vertex -5.143928459844673 4.440892098500626e-16 6.607155176878143
      vertex -5.4875644524807825 0 6.153317657161433
    endloop
  endfacet
  facet normal -0.31015268469987967 0.8657229177194804 0.3928474791935499
    outer loop
      vertex -11.646964229922338 -6.503035770077664 15.803836559519338
      vertex -4.712278425094222 0 6.947942439668976
      vertex -5.143928459844673 4.440892098500626e-16 6.607155176878143
    endloop
  endfacet
  facet normal -0.20195811868433822 0.8613039337844075 0.4662278970042309
    outer loop
      vertex -10.740075759508251 -6.540075759508251 16.418912319027587
      vertex -4.2 0 7.1698484809835
      vertex -4.712278425094222 0 6.947942439668976
    endloop
  endfacet
  facet normal -0.09030799326474294 0.8421478007437191 0.5316310262343726
    outer loop
      vertex -10.266887190611302 -6.651028780165514 16.6750515315747
      vertex -3.615858410445788 4.440892098500626e-16 7.269076426930848
      vertex -4.2 0 7.1698484809835
    endloop
  endfacet
  facet normal 0.02288732695772242 0.8085822853448229 0.5879378012096804
    outer loop
      vertex -9.79127089254443 -6.82142241156093 16.890876548949926
      vertex -2.9698484809835 0 7.243928459844674
      vertex -3.615858410445788 4.440892098500626e-16 7.269076426930848
    endloop
  endfacet
  facet normal 0.5088609832242642 -0.8303004485274255 -0.22729202565684328
    outer loop
      vertex -1.607270415933377 -7.09483486841416 3.8802940365474043
      vertex -1.087039989430587 -6.824346685325231 4.056888470414087
      vertex -8.1848529817263 -13.672417434207082 13.182400508720574
    endloop
  endfacet
  facet normal 0.59597476165301 -0.7910650836691377 -0.13794968964147108
    outer loop
      vertex -1.087039989430587 -6.824346685325231 4.056888470414087
      vertex -0.5482100073242167 -6.437092038384032 4.164068417770004
      vertex -7.799866646767973 -13.537173342662616 13.550258971080268
    endloop
  endfacet
  facet normal 0.6728912466744517 -0.7382943759045946 -0.0462469961894542
    outer loop
      vertex -0.5482100073242167 -6.437092038384032 4.164068417770004
      vertex 0 -5.939696961967 4.200000000000001
      vertex -7.454663988132202 -13.343546019192017 13.931269305334308
    endloop
  endfacet
  facet normal 0.7382943759045942 -0.6728912466744522 0.04624699618945436
    outer loop
      vertex -7.1551515190165 -13.094848480983499 14.318912319027588
      vertex 0 -5.939696961967 4.200000000000001
      vertex -7.744238740483383e-17 -5.888882031059815 4.939354445156566
    endloop
  endfacet
  facet normal 0.7910650836691379 -0.5959747616530097 0.13794968964147142
    outer loop
      vertex -6.906453980807985 -12.7953360118678 14.70655533272087
      vertex -7.744238740483383e-17 -5.888882031059815 4.939354445156566
      vertex 0 -5.7373066958946435 5.594195166308729
    endloop
  endfacet
  facet normal 0.8303004485274256 -0.5088609832242642 0.22729202565684345
    outer loop
      vertex -6.712826657337387 -12.45013335323203 15.087565666974909
      vertex 0 -5.7373066958946435 5.594195166308729
      vertex -1.6237822437272329e-16 -5.487564452480782 6.153317657161433
    endloop
  endfacet
  facet normal 0.8553291425086343 -0.41304045228963127 0.3127453320959741
    outer loop
      vertex -6.577582565792921 -12.065147018273704 15.455424129334602
      vertex -1.6237822437272329e-16 -5.487564452480782 6.153317657161433
      vertex 2.015186649860438e-16 -5.143928459844673 6.607155176878142
    endloop
  endfacet
  facet normal 0.8657229177194805 -0.31015268469987933 0.39284747919355023
    outer loop
      vertex -6.503035770077664 -11.646964229922338 15.803836559519338
      vertex 2.015186649860438e-16 -5.143928459844673 6.607155176878142
      vertex 0 -4.712278425094221 6.947942439668976
    endloop
  endfacet
  facet normal 0.8613039337844078 -0.20195811868433877 0.4662278970042303
    outer loop
      vertex -6.540075759508251 -10.740075759508251 16.418912319027587
      vertex 0 -4.712278425094221 6.947942439668976
      vertex -2.803446166619468e-16 -4.200000000000001 7.169848480983501
    endloop
  endfacet
  facet normal 0.8421478007437183 -0.09030799326474065 0.5316310262343744
    outer loop
      vertex -6.651028780165514 -10.266887190611302 16.6750515315747
      vertex -2.803446166619468e-16 -4.200000000000001 7.169848480983501
      vertex -3.229069425739923e-16 -3.6158584104457874 7.269076426930846
    endloop
  endfacet
  facet normal 0.8085822853448242 0.022887326957720767 0.5879378012096785
    outer loop
      vertex -6.82142241156093 -9.79127089254443 16.890876548949926
      vertex -3.229069425739923e-16 -3.6158584104457874 7.269076426930846
      vertex -3.6999657836868093e-16 -2.9698484809834995 7.243928459844674
    endloop
  endfacet
  facet normal 0.45268246542984797 0.5451764578087556 0.7055928112895233
    outer loop
      vertex -8.025 -8.025 17.288760800011087
      vertex 0 0 5.939696961967
      vertex -0.7752860273865609 0 6.437092038384032
    endloop
  endfacet
  facet normal 0.5451764578087539 0.4526824654298496 0.7055928112895233
    outer loop
      vertex -8.025 -8.025 17.288760800011087
      vertex 0 -0.7752860273865609 6.437092038384033
      vertex 0 0 5.939696961967
    endloop
  endfacet
  facet normal 0.35244295056014385 0.6283423298430867 0.6935199226610738
    outer loop
      vertex -8.430608804808278 -7.655322777421717 17.263353334557497
      vertex -0.7752860273865609 0 6.437092038384032
      vertex -1.5373066958946424 0 6.82434668532523
    endloop
  endfacet
  facet normal 0.6283423298430879 0.352442950560142 0.6935199226610735
    outer loop
      vertex -7.655322777421717 -8.430608804808278 17.263353334557497
      vertex 0 -1.537306695894642 6.82434668532523
      vertex 0 -0.7752860273865609 6.437092038384033
    endloop
  endfacet
  facet normal 0.13569103867037152 0.7611817028623166 0.6341847973991334
    outer loop
      vertex -9.321364792033313 -7.048341171419286 17.06269454526798
      vertex -2.2730236206140275 0 7.094834868414159
      vertex -2.9698484809835 0 7.243928459844674
    endloop
  endfacet
  facet normal 0.24617303909070964 0.7007570904043958 0.6695807158758453
    outer loop
      vertex -8.86520911274028 -7.327902416845637 17.18756566697491
      vertex -1.5373066958946424 0 6.82434668532523
      vertex -2.2730236206140275 0 7.094834868414159
    endloop
  endfacet
  facet normal 0.7611817028623165 0.13569103867037172 0.6341847973991332
    outer loop
      vertex -7.048341171419286 -9.321364792033313 17.06269454526798
      vertex -3.6999657836868093e-16 -2.9698484809834995 7.243928459844674
      vertex 0 -2.2730236206140275 7.094834868414159
    endloop
  endfacet
  facet normal 0.7007570904043958 0.24617303909070964 0.6695807158758453
    outer loop
      vertex -7.327902416845637 -8.86520911274028 17.18756566697491
      vertex 0 -2.2730236206140275 7.094834868414159
      vertex 0 -1.537306695894642 6.82434668532523
    endloop
  endfacet
  facet normal 0.45268246542985113 0.5451764578087528 0.7055928112895233
    outer loop
      vertex -8.430608804808278 -7.655322777421717 17.263353334557497
      vertex -8.025 -8.025 17.288760800011087
      vertex -0.7752860273865609 0 6.437092038384032
    endloop
  endfacet
  facet normal 0.5451764578087528 0.452682465429851 0.7055928112895233
    outer loop
      vertex -7.655322777421717 -8.430608804808278 17.263353334557497
      vertex 0 -0.7752860273865609 6.437092038384033
      vertex -8.025 -8.025 17.288760800011087
    endloop
  endfacet
  facet normal -0.49999999999999634 -0.5000000000000037 0.7071067811865475
    outer loop
      vertex -9.321364792033313 -7.048341171419286 17.06269454526798
      vertex -10.447182540694799 -8.2471825406948 15.418912319027589
      vertex -10.199321861748777 -8.305300789610508 15.553080477980837
    endloop
  endfacet
  facet normal -0.4999999999999988 -0.5000000000000017 0.7071067811865472
    outer loop
      vertex -9.321364792033313 -7.048341171419286 17.06269454526798
      vertex -10.199321861748777 -8.305300789610508 15.553080477980837
      vertex -9.950189515142322 -8.394554596531917 15.666131677558335
    endloop
  endfacet
  facet normal -0.4999999999999992 -0.5000000000000013 0.7071067811865471
    outer loop
      vertex -9.321364792033313 -7.048341171419286 17.06269454526798
      vertex -9.950189515142322 -8.394554596531917 15.666131677558335
      vertex -9.704048224398402 -8.513416804076769 15.756131580391601
    endloop
  endfacet
  facet normal -0.49999999999999756 -0.5000000000000024 0.7071067811865476
    outer loop
      vertex -8.86520911274028 -7.327902416845637 17.18756566697491
      vertex -9.704048224398402 -8.513416804076769 15.756131580391601
      vertex -9.465109535244906 -8.659853646919142 15.821540263190471
    endloop
  endfacet
  facet normal -0.5000000000000048 -0.4999999999999973 0.7071067811865461
    outer loop
      vertex -8.86520911274028 -7.327902416845637 17.18756566697491
      vertex -9.465109535244906 -8.659853646919142 15.821540263190471
      vertex -9.237461754899575 -8.831359550078043 15.86123856525754
    endloop
  endfacet
  facet normal -0.49999999999999756 -0.5000000000000019 0.7071067811865478
    outer loop
      vertex -8.025 -8.025 17.288760800011087
      vertex -9.237461754899575 -8.831359550078043 15.86123856525754
      vertex -9.025 -9.025 15.874547237637993
    endloop
  endfacet
  facet normal -0.499999999999998 -0.5000000000000021 0.7071067811865477
    outer loop
      vertex -9.321364792033313 -7.048341171419286 17.06269454526798
      vertex -9.704048224398402 -8.513416804076769 15.756131580391601
      vertex -8.86520911274028 -7.327902416845637 17.18756566697491
    endloop
  endfacet
  facet normal -0.49999999999999917 -0.5000000000000003 0.7071067811865477
    outer loop
      vertex -8.430608804808278 -7.655322777421717 17.263353334557497
      vertex -8.86520911274028 -7.327902416845637 17.18756566697491
      vertex -9.237461754899575 -8.831359550078043 15.86123856525754
    endloop
  endfacet
  facet normal -0.5000000000000027 -0.49999999999999767 0.7071067811865471
    outer loop
      vertex -7.655322777421717 -8.430608804808278 17.263353334557497
      vertex -8.659853646919142 -9.465109535244906 15.821540263190471
      vertex -8.513416804076769 -9.704048224398402 15.756131580391601
    endloop
  endfacet
  facet normal -0.4999999999999987 -0.5000000000000007 0.7071067811865478
    outer loop
      vertex -8.025 -8.025 17.288760800011087
      vertex -9.025 -9.025 15.874547237637993
      vertex -8.831359550078043 -9.237461754899575 15.861238565257539
    endloop
  endfacet
  facet normal -0.49999999999999944 -0.5000000000000011 0.7071067811865471
    outer loop
      vertex -7.655322777421717 -8.430608804808278 17.263353334557497
      vertex -8.831359550078043 -9.237461754899575 15.861238565257539
      vertex -8.659853646919142 -9.465109535244906 15.821540263190471
    endloop
  endfacet
  facet normal -0.5000000000000037 -0.49999999999999634 0.7071067811865475
    outer loop
      vertex -7.048341171419286 -9.321364792033313 17.06269454526798
      vertex -8.305300789610508 -10.199321861748777 15.553080477980837
      vertex -8.2471825406948 -10.447182540694799 15.418912319027589
    endloop
  endfacet
  facet normal -0.5000000000000011 -0.499999999999999 0.7071067811865475
    outer loop
      vertex -7.327902416845637 -8.86520911274028 17.18756566697491
      vertex -8.394554596531917 -9.950189515142322 15.666131677558335
      vertex -8.305300789610508 -10.199321861748777 15.553080477980837
    endloop
  endfacet
  facet normal -0.500000000000001 -0.4999999999999991 0.7071067811865475
    outer loop
      vertex -7.327902416845637 -8.86520911274028 17.18756566697491
      vertex -8.513416804076769 -9.704048224398402 15.756131580391601
      vertex -8.394554596531917 -9.950189515142322 15.666131677558335
    endloop
  endfacet
  facet normal -0.5000000000000024 -0.499999999999998 0.7071067811865474
    outer loop
      vertex -7.327902416845637 -8.86520911274028 17.18756566697491
      vertex -8.305300789610508 -10.199321861748777 15.553080477980837
      vertex -7.048341171419286 -9.321364792033313 17.06269454526798
    endloop
  endfacet
  facet normal -0.5000000000000007 -0.4999999999999994 0.7071067811865474
    outer loop
      vertex -7.655322777421717 -8.430608804808278 17.263353334557497
      vertex -8.513416804076769 -9.704048224398402 15.756131580391601
      vertex -7.327902416845637 -8.86520911274028 17.18756566697491
    endloop
  endfacet
  facet normal -0.4999999999999985 -0.5000000000000009 0.7071067811865479
    outer loop
      vertex -8.430608804808278 -7.655322777421717 17.263353334557497
      vertex -9.237461754899575 -8.831359550078043 15.86123856525754
      vertex -8.025 -8.025 17.288760800011087
    endloop
  endfacet
  facet normal -0.5000000000000013 -0.4999999999999988 0.7071067811865475
    outer loop
      vertex -7.655322777421717 -8.430608804808278 17.263353334557497
      vertex -8.025 -8.025 17.288760800011087
      vertex -8.831359550078043 -9.237461754899575 15.861238565257539
    endloop
  endfacet
  facet normal -0.5000000000000008 -0.49999999999999944 0.7071067811865474
    outer loop
      vertex -9.79127089254443 -6.82142241156093 16.890876548949926
      vertex -10.447182540694799 -8.2471825406948 15.418912319027589
      vertex -9.321364792033313 -7.048341171419286 17.06269454526798
    endloop
  endfacet
  facet normal -0.4130404522896312 0.8553291425086345 0.3127453320959735
    outer loop
      vertex -12.065147018273704 -6.577582565792921 15.455424129334602
      vertex -11.646964229922338 -6.503035770077664 15.803836559519338
      vertex -5.143928459844673 4.440892098500626e-16 6.607155176878143
    endloop
  endfacet
  facet normal -0.3101526846998811 0.8657229177194804 0.392847479193549
    outer loop
      vertex -11.646964229922338 -6.503035770077664 15.803836559519338
      vertex -11.202740211628798 -6.490461786534577 16.126841524250484
      vertex -4.712278425094222 0 6.947942439668976
    endloop
  endfacet
  facet normal -0.2019581186843362 0.8613039337844074 0.4662278970042319
    outer loop
      vertex -11.202740211628798 -6.490461786534577 16.126841524250484
      vertex -10.740075759508251 -6.540075759508251 16.418912319027587
      vertex -4.712278425094222 0 6.947942439668976
    endloop
  endfacet
  facet normal -0.09030799326474227 0.842147800743719 0.531631026234373
    outer loop
      vertex -10.740075759508251 -6.540075759508251 16.418912319027587
      vertex -10.266887190611302 -6.651028780165514 16.6750515315747
      vertex -4.2 0 7.1698484809835
    endloop
  endfacet
  facet normal 0.0228873269577214 0.8085822853448237 0.5879378012096794
    outer loop
      vertex -10.266887190611302 -6.651028780165514 16.6750515315747
      vertex -9.79127089254443 -6.82142241156093 16.890876548949926
      vertex -3.615858410445788 4.440892098500626e-16 7.269076426930848
    endloop
  endfacet
  facet normal 0.13569103867037136 0.7611817028623166 0.6341847973991335
    outer loop
      vertex -9.79127089254443 -6.82142241156093 16.890876548949926
      vertex -9.321364792033313 -7.048341171419286 17.06269454526798
      vertex -2.9698484809835 0 7.243928459844674
    endloop
  endfacet
  facet normal 0.24617303909071228 0.7007570904043945 0.6695807158758456
    outer loop
      vertex -9.321364792033313 -7.048341171419286 17.06269454526798
      vertex -8.86520911274028 -7.327902416845637 17.18756566697491
      vertex -2.2730236206140275 0 7.094834868414159
    endloop
  endfacet
  facet normal 0.3524429505601383 0.6283423298430906 0.6935199226610729
    outer loop
      vertex -8.430608804808278 -7.655322777421717 17.263353334557497
      vertex -1.5373066958946424 0 6.82434668532523
      vertex -8.86520911274028 -7.327902416845637 17.18756566697491
    endloop
  endfacet
  facet normal 0.8553291425086345 -0.4130404522896312 0.3127453320959735
    outer loop
      vertex -6.577582565792921 -12.065147018273704 15.455424129334602
      vertex 2.015186649860438e-16 -5.143928459844673 6.607155176878142
      vertex -6.503035770077664 -11.646964229922338 15.803836559519338
    endloop
  endfacet
  facet normal 0.8657229177194804 -0.3101526846998811 0.392847479193549
    outer loop
      vertex -6.503035770077664 -11.646964229922338 15.803836559519338
      vertex 0 -4.712278425094221 6.947942439668976
      vertex -6.490461786534577 -11.202740211628798 16.126841524250484
    endloop
  endfacet
  facet normal 0.8613039337844075 -0.2019581186843362 0.4662278970042319
    outer loop
      vertex -6.490461786534577 -11.202740211628798 16.126841524250484
      vertex 0 -4.712278425094221 6.947942439668976
      vertex -6.540075759508251 -10.740075759508251 16.418912319027587
    endloop
  endfacet
  facet normal 0.8421478007437191 -0.09030799326474227 0.531631026234373
    outer loop
      vertex -6.540075759508251 -10.740075759508251 16.418912319027587
      vertex -2.803446166619468e-16 -4.200000000000001 7.169848480983501
      vertex -6.651028780165514 -10.266887190611302 16.6750515315747
    endloop
  endfacet
  facet normal 0.8085822853448237 0.02288732695772144 0.5879378012096793
    outer loop
      vertex -6.651028780165514 -10.266887190611302 16.6750515315747
      vertex -3.229069425739923e-16 -3.6158584104457874 7.269076426930846
      vertex -6.82142241156093 -9.79127089254443 16.890876548949926
    endloop
  endfacet
  facet normal 0.7611817028623166 0.13569103867037133 0.6341847973991335
    outer loop
      vertex -7.048341171419286 -9.321364792033313 17.06269454526798
      vertex -6.82142241156093 -9.79127089254443 16.890876548949926
      vertex -3.6999657836868093e-16 -2.9698484809834995 7.243928459844674
    endloop
  endfacet
  facet normal 0.7007570904043945 0.24617303909071225 0.6695807158758456
    outer loop
      vertex -7.327902416845637 -8.86520911274028 17.18756566697491
      vertex -7.048341171419286 -9.321364792033313 17.06269454526798
      vertex 0 -2.2730236206140275 7.094834868414159
    endloop
  endfacet
  facet normal 0.6283423298430906 0.3524429505601383 0.6935199226610729
    outer loop
      vertex -7.655322777421717 -8.430608804808278 17.263353334557497
      vertex -7.327902416845637 -8.86520911274028 17.18756566697491
      vertex 0 -1.537306695894642 6.82434668532523
    endloop
  endfacet
  facet normal -0.20195811868433805 -0.8613039337844076 -0.46622789700423084
    outer loop
      vertex 2.9698484809835 -7.1698484809835 2.9698484809835
      vertex 9.047259788371205 -13.759538213465428 12.510983113804695
      vertex 2.5567980018366274 -7.269076426930848 3.3320840292231875
    endloop
  endfacet
  facet normal -0.3101526846998783 -0.8657229177194805 -0.39284747919355095
    outer loop
      vertex 2.1 -7.243928459844675 3.637306695894642
      vertex 2.5567980018366274 -7.269076426930848 3.3320840292231875
      vertex 8.603035770077664 -13.746964229922337 12.833988078535839
    endloop
  endfacet
  facet normal 0.45268246542984747 -0.545176457808756 -0.7055928112895232
    outer loop
      vertex 4.200000000000001 -4.2 2.0921395353219987e-17
      vertex 11.819391195191724 -12.594677222578284 11.37447130349768
      vertex 4.164068417770004 -4.939354445156564 0.5482100073242152
    endloop
  endfacet
  facet normal 0.5451764578087562 -0.45268246542984725 -0.7055928112895231
    outer loop
      vertex 4.200000000000001 -4.2 2.0921395353219987e-17
      vertex 4.939354445156566 -4.164068417770004 0.5482100073242167
      vertex 12.225000000000001 -12.225000000000001 11.349063838044088
    endloop
  endfacet
  facet normal 0.13569103867037413 -0.7611817028623151 -0.6341847973991345
    outer loop
      vertex 3.6373066958946425 -6.607155176878143 2.099999999999999
      vertex 3.8802940365474043 -6.153317657161431 1.6072704159333768
      vertex 10.458729107455573 -13.428577588439074 11.746948089105251
    endloop
  endfacet
  facet normal 0.24617303909070815 -0.700757090404397 -0.6695807158758444
    outer loop
      vertex 4.056888470414087 -5.5941951663087295 1.0870399894305867
      vertex 10.92863520796669 -13.201658828580717 11.575130092787198
      vertex 3.8802940365474043 -6.153317657161431 1.6072704159333768
    endloop
  endfacet
  facet normal 0.352442950560144 -0.6283423298430865 -0.6935199226610737
    outer loop
      vertex 4.056888470414087 -5.5941951663087295 1.0870399894305867
      vertex 4.164068417770004 -4.939354445156564 0.5482100073242152
      vertex 11.384790887259722 -12.922097583154365 11.450258971080267
    endloop
  endfacet
  facet normal -0.09030799326474159 -0.8421478007437189 -0.5316310262343732
    outer loop
      vertex 2.9698484809835 -7.1698484809835 2.9698484809835
      vertex 3.332084029223188 -6.947942439668975 2.556798001836627
      vertex 9.50992424049175 -13.70992424049175 12.218912319027588
    endloop
  endfacet
  facet normal 0.02288732695771989 -0.8085822853448242 -0.5879378012096786
    outer loop
      vertex 3.6373066958946425 -6.607155176878143 2.099999999999999
      vertex 9.9831128093887 -13.598971219834489 11.962773106480478
      vertex 3.332084029223188 -6.947942439668975 2.556798001836627
    endloop
  endfacet
  facet normal 0.6283423298430864 -0.3524429505601441 -0.6935199226610739
    outer loop
      vertex 4.939354445156566 -4.164068417770004 0.5482100073242167
      vertex 5.59419516630873 -4.056888470414087 1.087039989430587
      vertex 12.594677222578284 -11.819391195191724 11.37447130349768
    endloop
  endfacet
  facet normal 0.7007570904043974 -0.2461730390907075 -0.6695807158758443
    outer loop
      vertex 5.59419516630873 -4.056888470414087 1.087039989430587
      vertex 6.153317657161431 -3.8802940365474043 1.607270415933377
      vertex 13.201658828580717 -10.92863520796669 11.575130092787198
    endloop
  endfacet
  facet normal 0.7611817028623153 -0.13569103867037335 -0.6341847973991341
    outer loop
      vertex 6.153317657161431 -3.8802940365474043 1.607270415933377
      vertex 6.607155176878143 -3.637306695894642 2.1
      vertex 13.428577588439074 -10.458729107455573 11.746948089105251
    endloop
  endfacet
  facet normal 0.8085822853448237 -0.02288732695772152 -0.5879378012096793
    outer loop
      vertex 6.607155176878143 -3.637306695894642 2.1
      vertex 6.947942439668976 -3.3320840292231875 2.5567980018366274
      vertex 13.598971219834489 -9.9831128093887 11.962773106480478
    endloop
  endfacet
  facet normal 0.8421478007437192 0.0903079932647425 -0.5316310262343729
    outer loop
      vertex 6.947942439668976 -3.3320840292231875 2.5567980018366274
      vertex 7.1698484809835 -2.9698484809835 2.9698484809835
      vertex 13.598971219834489 -9.9831128093887 11.962773106480478
    endloop
  endfacet
  facet normal 0.8613039337844076 0.20195811868433813 -0.4662278970042306
    outer loop
      vertex 7.1698484809835 -2.9698484809835 2.9698484809835
      vertex 7.269076426930848 -2.556798001836627 3.332084029223188
      vertex 13.70992424049175 -9.50992424049175 12.218912319027588
    endloop
  endfacet
  facet normal 0.8553291425086342 0.41304045228963326 -0.3127453320959716
    outer loop
      vertex 7.243928459844675 -2.1 3.637306695894642
      vertex 7.094834868414159 -1.607270415933377 3.8802940365474043
      vertex 13.746964229922337 -8.603035770077664 12.833988078535839
    endloop
  endfacet
  facet normal 0.8657229177194804 0.31015268469987833 -0.3928474791935512
    outer loop
      vertex 7.269076426930848 -2.556798001836627 3.332084029223188
      vertex 7.243928459844675 -2.1 3.637306695894642
      vertex 13.759538213465428 -9.047259788371205 12.510983113804695
    endloop
  endfacet
  facet normal -0.6728912466744517 -0.7382943759045946 -0.04624699618945373
    outer loop
      vertex 0 -5.939696961967 4.200000000000001
      vertex 7.454663988132202 -13.343546019192017 13.931269305334308
      vertex 7.1551515190165 -13.094848480983499 14.318912319027588
    endloop
  endfacet
  facet normal -0.7382943759045943 -0.672891246674452 0.0462469961894538
    outer loop
      vertex -7.744238740483383e-17 -5.888882031059815 4.939354445156566
      vertex 7.1551515190165 -13.094848480983499 14.318912319027588
      vertex 6.906453980807985 -12.7953360118678 14.70655533272087
    endloop
  endfacet
  facet normal -0.7910650836691379 -0.5959747616530096 0.1379496896414719
    outer loop
      vertex 0 -5.7373066958946435 5.594195166308729
      vertex 6.906453980807985 -12.7953360118678 14.70655533272087
      vertex 6.712826657337387 -12.45013335323203 15.087565666974909
    endloop
  endfacet
  facet normal -0.2019581186843344 -0.8613039337844076 -0.4662278970042323
    outer loop
      vertex 2.9698484809835 -7.1698484809835 2.9698484809835
      vertex 9.50992424049175 -13.70992424049175 12.218912319027588
      vertex 9.047259788371205 -13.759538213465428 12.510983113804695
    endloop
  endfacet
  facet normal 0.35244295056014063 -0.628342329843089 -0.6935199226610732
    outer loop
      vertex 4.164068417770004 -4.939354445156564 0.5482100073242152
      vertex 11.819391195191724 -12.594677222578284 11.37447130349768
      vertex 11.384790887259722 -12.922097583154365 11.450258971080267
    endloop
  endfacet
  facet normal 0.24617303909071042 -0.7007570904043955 -0.6695807158758453
    outer loop
      vertex 4.056888470414087 -5.5941951663087295 1.0870399894305867
      vertex 11.384790887259722 -12.922097583154365 11.450258971080267
      vertex 10.92863520796669 -13.201658828580717 11.575130092787198
    endloop
  endfacet
  facet normal -0.0903079932647435 -0.8421478007437191 -0.5316310262343726
    outer loop
      vertex 3.332084029223188 -6.947942439668975 2.556798001836627
      vertex 9.9831128093887 -13.598971219834489 11.962773106480478
      vertex 9.50992424049175 -13.70992424049175 12.218912319027588
    endloop
  endfacet
  facet normal 0.02288732695771852 -0.8085822853448243 -0.5879378012096785
    outer loop
      vertex 3.6373066958946425 -6.607155176878143 2.099999999999999
      vertex 10.458729107455573 -13.428577588439074 11.746948089105251
      vertex 9.9831128093887 -13.598971219834489 11.962773106480478
    endloop
  endfacet
  facet normal 0.13569103867037577 -0.7611817028623146 -0.6341847973991348
    outer loop
      vertex 3.8802940365474043 -6.153317657161431 1.6072704159333768
      vertex 10.92863520796669 -13.201658828580717 11.575130092787198
      vertex 10.458729107455573 -13.428577588439074 11.746948089105251
    endloop
  endfacet
  facet normal -0.5088609832242661 -0.8303004485274246 -0.22729202565684237
    outer loop
      vertex 1.6072704159333775 -7.094834868414161 3.880294036547404
      vertex 8.1848529817263 -13.672417434207082 13.182400508720574
      vertex 7.799866646767973 -13.537173342662616 13.550258971080268
    endloop
  endfacet
  facet normal -0.5959747616530091 -0.7910650836691382 -0.1379496896414719
    outer loop
      vertex 1.087039989430587 -6.824346685325231 4.056888470414087
      vertex 7.799866646767973 -13.537173342662616 13.550258971080268
      vertex 7.454663988132202 -13.343546019192017 13.931269305334308
    endloop
  endfacet
  facet normal -0.3101526846998823 -0.8657229177194805 -0.39284747919354795
    outer loop
      vertex 2.5567980018366274 -7.269076426930848 3.3320840292231875
      vertex 9.047259788371205 -13.759538213465428 12.510983113804695
      vertex 8.603035770077664 -13.746964229922337 12.833988078535839
    endloop
  endfacet
  facet normal -0.41304045228963004 -0.8553291425086347 -0.3127453320959745
    outer loop
      vertex 2.1 -7.243928459844675 3.637306695894642
      vertex 8.603035770077664 -13.746964229922337 12.833988078535839
      vertex 8.1848529817263 -13.672417434207082 13.182400508720574
    endloop
  endfacet
  facet normal -0.8303004485274255 -0.5088609832242647 0.22729202565684242
    outer loop
      vertex -1.6237822437272329e-16 -5.487564452480782 6.153317657161433
      vertex 6.712826657337387 -12.45013335323203 15.087565666974909
      vertex 6.577582565792921 -12.065147018273704 15.455424129334602
    endloop
  endfacet
  facet normal 0.49999999999999617 -0.5000000000000034 0.7071067811865479
    outer loop
      vertex 7.454663988132202 -13.343546019192017 13.931269305334308
      vertex 7.799866646767973 -13.537173342662616 13.550258971080268
      vertex 6.577582565792921 -12.065147018273704 15.455424129334602
    endloop
  endfacet
  facet normal 0.4999999999999863 -0.5000000000000118 0.7071067811865489
    outer loop
      vertex 7.454663988132202 -13.343546019192017 13.931269305334308
      vertex 6.577582565792921 -12.065147018273704 15.455424129334602
      vertex 7.1551515190165 -13.094848480983499 14.318912319027588
    endloop
  endfacet
  facet normal 0.49999999999999767 -0.5000000000000023 0.7071067811865476
    outer loop
      vertex 9.9831128093887 -13.598971219834489 11.962773106480478
      vertex 10.458729107455573 -13.428577588439074 11.746948089105251
      vertex 8.907073005449892 -11.912328893775658 13.916284374864706
    endloop
  endfacet
  facet normal 0.5000000000000034 -0.4999999999999964 0.7071067811865476
    outer loop
      vertex 8.603035770077664 -13.746964229922337 12.833988078535839
      vertex 6.503035770077664 -11.646964229922338 15.803836559519338
      vertex 8.1848529817263 -13.672417434207082 13.182400508720574
    endloop
  endfacet
  facet normal 0.499999999999995 -0.5000000000000048 0.7071067811865477
    outer loop
      vertex 8.603035770077664 -13.746964229922337 12.833988078535839
      vertex 9.047259788371205 -13.759538213465428 12.510983113804695
      vertex 6.490461786534577 -11.202740211628798 16.126841524250484
    endloop
  endfacet
  facet normal 0.4999999999999993 -0.5000000000000009 0.7071067811865475
    outer loop
      vertex 9.50992424049175 -13.70992424049175 12.218912319027588
      vertex 9.9831128093887 -13.598971219834489 11.962773106480478
      vertex 6.651028780165514 -10.266887190611302 16.6750515315747
    endloop
  endfacet
  facet normal 0.5000000000000054 -0.49999999999999445 0.7071067811865476
    outer loop
      vertex 9.047259788371205 -13.759538213465428 12.510983113804695
      vertex 9.50992424049175 -13.70992424049175 12.218912319027588
      vertex 6.540075759508251 -10.740075759508251 16.418912319027587
    endloop
  endfacet
  facet normal 0.49999999999999767 -0.5000000000000021 0.7071067811865478
    outer loop
      vertex 8.1848529817263 -13.672417434207082 13.182400508720574
      vertex 6.577582565792921 -12.065147018273704 15.455424129334602
      vertex 7.799866646767973 -13.537173342662616 13.550258971080268
    endloop
  endfacet
  facet normal 0.4999999999999982 -0.5000000000000017 0.7071067811865477
    outer loop
      vertex 9.9831128093887 -13.598971219834489 11.962773106480478
      vertex 8.907073005449892 -11.912328893775658 13.916284374864706
      vertex 8.726252565212107 -11.81090505767201 14.115861216616823
    endloop
  endfacet
  facet normal 0.4999999999999963 -0.5000000000000034 0.7071067811865478
    outer loop
      vertex 10.458729107455573 -13.428577588439074 11.746948089105251
      vertex 9.327780641469255 -12.02221935853075 13.541094859722387
      vertex 9.108732514237586 -11.983171036965615 13.723596608866773
    endloop
  endfacet
  facet normal 0.5000000000000063 -0.49999999999999445 0.707106781186547
    outer loop
      vertex 10.458729107455573 -13.428577588439074 11.746948089105251
      vertex 9.560469412956344 -12.028805730862842 13.371901782958455
      vertex 9.327780641469255 -12.02221935853075 13.541094859722387
    endloop
  endfacet
  facet normal 0.4999999999999982 -0.5000000000000014 0.707106781186548
    outer loop
      vertex 10.458729107455573 -13.428577588439074 11.746948089105251
      vertex 9.108732514237586 -11.983171036965615 13.723596608866773
      vertex 8.907073005449892 -11.912328893775658 13.916284374864706
    endloop
  endfacet
  facet normal 0.5000000000000012 -0.49999999999999956 0.707106781186547
    outer loop
      vertex 9.9831128093887 -13.598971219834489 11.962773106480478
      vertex 8.569365081389597 -11.680634918610407 14.318912319027588
      vertex 6.82142241156093 -9.79127089254443 16.890876548949926
    endloop
  endfacet
  facet normal 0.4999999999999882 -0.5000000000000098 0.707106781186549
    outer loop
      vertex 9.9831128093887 -13.598971219834489 11.962773106480478
      vertex 8.726252565212107 -11.81090505767201 14.115861216616823
      vertex 8.569365081389597 -11.680634918610407 14.318912319027588
    endloop
  endfacet
  facet normal 0.5000000000000151 -0.49999999999998995 0.707106781186544
    outer loop
      vertex 7.1551515190165 -13.094848480983499 14.318912319027588
      vertex 6.577582565792921 -12.065147018273704 15.455424129334602
      vertex 6.906453980807985 -12.7953360118678 14.70655533272087
    endloop
  endfacet
  facet normal 0.4999999999999999 -0.5000000000000002 0.7071067811865475
    outer loop
      vertex 6.906453980807985 -12.7953360118678 14.70655533272087
      vertex 6.577582565792921 -12.065147018273704 15.455424129334602
      vertex 6.712826657337387 -12.45013335323203 15.087565666974909
    endloop
  endfacet
  facet normal 0.5000000000000011 -0.49999999999999856 0.7071067811865478
    outer loop
      vertex 8.1848529817263 -13.672417434207082 13.182400508720574
      vertex 6.503035770077664 -11.646964229922338 15.803836559519338
      vertex 6.577582565792921 -12.065147018273704 15.455424129334602
    endloop
  endfacet
  facet normal 0.49999999999999695 -0.500000000000003 0.7071067811865475
    outer loop
      vertex 8.603035770077664 -13.746964229922337 12.833988078535839
      vertex 6.490461786534577 -11.202740211628798 16.126841524250484
      vertex 6.503035770077664 -11.646964229922338 15.803836559519338
    endloop
  endfacet
  facet normal 0.5000000000000046 -0.49999999999999534 0.7071067811865477
    outer loop
      vertex 9.047259788371205 -13.759538213465428 12.510983113804695
      vertex 6.540075759508251 -10.740075759508251 16.418912319027587
      vertex 6.490461786534577 -11.202740211628798 16.126841524250484
    endloop
  endfacet
  facet normal 0.4999999999999971 -0.5000000000000028 0.7071067811865476
    outer loop
      vertex 9.50992424049175 -13.70992424049175 12.218912319027588
      vertex 6.651028780165514 -10.266887190611302 16.6750515315747
      vertex 6.540075759508251 -10.740075759508251 16.418912319027587
    endloop
  endfacet
  facet normal 0.49999999999999956 -0.5000000000000006 0.7071067811865475
    outer loop
      vertex 9.9831128093887 -13.598971219834489 11.962773106480478
      vertex 6.82142241156093 -9.79127089254443 16.890876548949926
      vertex 6.651028780165514 -10.266887190611302 16.6750515315747
    endloop
  endfacet
  facet normal 0.4999999999999692 -0.5000000000000333 0.7071067811865457
    outer loop
      vertex 6.82142241156093 -9.79127089254443 16.890876548949926
      vertex 8.569365081389597 -11.680634918610407 14.318912319027588
      vertex 8.439094942327994 -11.523747434787897 14.521963421438354
    endloop
  endfacet
  facet normal 0.4999999999999991 -0.5000000000000006 0.7071067811865477
    outer loop
      vertex 6.82142241156093 -9.79127089254443 16.890876548949926
      vertex 8.337671106224345 -11.342926994550112 14.721540263190471
      vertex 8.266828963034389 -11.141267485762416 14.914228029188406
    endloop
  endfacet
  facet normal 0.5000000000000029 -0.4999999999999974 0.7071067811865474
    outer loop
      vertex 6.82142241156093 -9.79127089254443 16.890876548949926
      vertex 8.439094942327994 -11.523747434787897 14.521963421438354
      vertex 8.337671106224345 -11.342926994550112 14.721540263190471
    endloop
  endfacet
  facet normal 0.4999999999999991 -0.5000000000000014 0.707106781186547
    outer loop
      vertex 6.82142241156093 -9.79127089254443 16.890876548949926
      vertex 8.266828963034389 -11.141267485762416 14.914228029188406
      vertex 8.227780641469254 -10.922219358530748 15.096729778332792
    endloop
  endfacet
  facet normal 0.499999999999994 -0.5000000000000067 0.707106781186547
    outer loop
      vertex 6.82142241156093 -9.79127089254443 16.890876548949926
      vertex 8.227780641469254 -10.922219358530748 15.096729778332792
      vertex 8.221194269137161 -10.68953058704366 15.265922855096724
    endloop
  endfacet
  facet normal 0.5000000000000061 -0.49999999999999417 0.7071067811865472
    outer loop
      vertex 7.048341171419286 -9.321364792033313 17.06269454526798
      vertex 8.221194269137161 -10.68953058704366 15.265922855096724
      vertex 8.2471825406948 -10.447182540694799 15.418912319027589
    endloop
  endfacet
  facet normal -0.7382943759045947 -0.6728912466744515 0.046246996189454374
    outer loop
      vertex 0 -5.939696961967 4.200000000000001
      vertex 7.1551515190165 -13.094848480983499 14.318912319027588
      vertex -7.744238740483383e-17 -5.888882031059815 4.939354445156566
    endloop
  endfacet
  facet normal -0.7910650836691377 -0.5959747616530097 0.1379496896414713
    outer loop
      vertex -7.744238740483383e-17 -5.888882031059815 4.939354445156566
      vertex 6.906453980807985 -12.7953360118678 14.70655533272087
      vertex 0 -5.7373066958946435 5.594195166308729
    endloop
  endfacet
  facet normal -0.8303004485274255 -0.5088609832242641 0.2272920256568434
    outer loop
      vertex 0 -5.7373066958946435 5.594195166308729
      vertex 6.712826657337387 -12.45013335323203 15.087565666974909
      vertex -1.6237822437272329e-16 -5.487564452480782 6.153317657161433
    endloop
  endfacet
  facet normal -0.8553291425086346 -0.41304045228963143 0.3127453320959734
    outer loop
      vertex -1.6237822437272329e-16 -5.487564452480782 6.153317657161433
      vertex 6.577582565792921 -12.065147018273704 15.455424129334602
      vertex 2.015186649860438e-16 -5.143928459844673 6.607155176878142
    endloop
  endfacet
  facet normal -0.59597476165301 -0.7910650836691376 -0.13794968964147114
    outer loop
      vertex 0.5482100073242167 -6.437092038384032 4.164068417770004
      vertex 1.087039989430587 -6.824346685325231 4.056888470414087
      vertex 7.454663988132202 -13.343546019192017 13.931269305334308
    endloop
  endfacet
  facet normal -0.5088609832242651 -0.8303004485274251 -0.22729202565684245
    outer loop
      vertex 1.087039989430587 -6.824346685325231 4.056888470414087
      vertex 1.6072704159333775 -7.094834868414161 3.880294036547404
      vertex 7.799866646767973 -13.537173342662616 13.550258971080268
    endloop
  endfacet
  facet normal -0.6728912466744517 -0.7382943759045947 -0.0462469961894542
    outer loop
      vertex 0.5482100073242167 -6.437092038384032 4.164068417770004
      vertex 7.454663988132202 -13.343546019192017 13.931269305334308
      vertex 0 -5.939696961967 4.200000000000001
    endloop
  endfacet
  facet normal -0.41304045228963127 -0.8553291425086346 -0.3127453320959734
    outer loop
      vertex 2.1 -7.243928459844675 3.637306695894642
      vertex 8.1848529817263 -13.672417434207082 13.182400508720574
      vertex 1.6072704159333775 -7.094834868414161 3.880294036547404
    endloop
  endfacet
  facet normal -0.8657229177194807 -0.3101526846998787 0.3928474791935501
    outer loop
      vertex 6.503035770077664 -11.646964229922338 15.803836559519338
      vertex 0 -4.712278425094221 6.947942439668976
      vertex 2.015186649860438e-16 -5.143928459844673 6.607155176878142
    endloop
  endfacet
  facet normal -0.8613039337844076 -0.20195811868433816 0.46622789700423084
    outer loop
      vertex 6.540075759508251 -10.740075759508251 16.418912319027587
      vertex -2.803446166619468e-16 -4.200000000000001 7.169848480983501
      vertex 0 -4.712278425094221 6.947942439668976
    endloop
  endfacet
  facet normal -0.8421478007437189 -0.0903079932647401 0.5316310262343736
    outer loop
      vertex 6.651028780165514 -10.266887190611302 16.6750515315747
      vertex -3.229069425739923e-16 -3.6158584104457874 7.269076426930846
      vertex -2.803446166619468e-16 -4.200000000000001 7.169848480983501
    endloop
  endfacet
  facet normal -0.808582285344824 0.022887326957720912 0.5879378012096791
    outer loop
      vertex -3.229069425739923e-16 -3.6158584104457874 7.269076426930846
      vertex 6.82142241156093 -9.79127089254443 16.890876548949926
      vertex -3.6999657836868093e-16 -2.9698484809834995 7.243928459844674
    endloop
  endfacet
  facet normal -0.7611817028623162 0.135691038670372 0.6341847973991337
    outer loop
      vertex -3.6999657836868093e-16 -2.9698484809834995 7.243928459844674
      vertex 7.048341171419286 -9.321364792033313 17.06269454526798
      vertex 0 -2.2730236206140275 7.094834868414159
    endloop
  endfacet
  facet normal -0.7007570904043962 0.2461730390907094 0.6695807158758448
    outer loop
      vertex 0 -2.2730236206140275 7.094834868414159
      vertex 7.327902416845637 -8.86520911274028 17.18756566697491
      vertex 0 -1.537306695894642 6.82434668532523
    endloop
  endfacet
  facet normal -0.5451764578087552 0.45268246542984847 0.7055928112895233
    outer loop
      vertex 0 -0.7752860273865609 6.437092038384033
      vertex 8.025 -8.025 17.288760800011087
      vertex 0 0 5.939696961967
    endloop
  endfacet
  facet normal -0.4526824654298482 0.5451764578087552 0.7055928112895233
    outer loop
      vertex 8.025 -8.025 17.288760800011087
      vertex 0.7752860273865609 0 6.437092038384032
      vertex 0 0 5.939696961967
    endloop
  endfacet
  facet normal -0.6283423298430877 0.3524429505601424 0.6935199226610734
    outer loop
      vertex 0 -0.7752860273865609 6.437092038384033
      vertex 0 -1.537306695894642 6.82434668532523
      vertex 7.655322777421717 -8.430608804808278 17.263353334557497
    endloop
  endfacet
  facet normal -0.35244295056014363 0.6283423298430877 0.693519922661073
    outer loop
      vertex 8.430608804808278 -7.655322777421717 17.263353334557497
      vertex 1.5373066958946424 0 6.82434668532523
      vertex 0.7752860273865609 0 6.437092038384032
    endloop
  endfacet
  facet normal -0.24617303909071003 0.7007570904043957 0.6695807158758454
    outer loop
      vertex 8.86520911274028 -7.327902416845637 17.18756566697491
      vertex 2.2730236206140275 0 7.094834868414159
      vertex 1.5373066958946424 0 6.82434668532523
    endloop
  endfacet
  facet normal -0.13569103867037274 0.7611817028623159 0.6341847973991338
    outer loop
      vertex 9.321364792033313 -7.048341171419286 17.06269454526798
      vertex 2.9698484809835 0 7.243928459844674
      vertex 2.2730236206140275 0 7.094834868414159
    endloop
  endfacet
  facet normal 0.4526824654298492 -0.5451764578087542 -0.7055928112895234
    outer loop
      vertex 4.200000000000001 -4.2 2.0921395353219987e-17
      vertex 12.225000000000001 -12.225000000000001 11.349063838044088
      vertex 11.819391195191724 -12.594677222578284 11.37447130349768
    endloop
  endfacet
  facet normal 0.5451764578087545 -0.4526824654298489 -0.7055928112895236
    outer loop
      vertex 4.939354445156566 -4.164068417770004 0.5482100073242167
      vertex 12.594677222578284 -11.819391195191724 11.37447130349768
      vertex 12.225000000000001 -12.225000000000001 11.349063838044088
    endloop
  endfacet
  facet normal 0.7382943759045947 0.6728912466744515 -0.04624699618945425
    outer loop
      vertex 6.437092038384032 -0.5482100073242167 4.164068417770004
      vertex 5.939696961967 0 4.2
      vertex 13.343546019192017 -7.454663988132202 13.931269305334308
    endloop
  endfacet
  facet normal 0.8303004485274258 0.5088609832242633 -0.22729202565684423
    outer loop
      vertex 7.094834868414159 -1.607270415933377 3.8802940365474043
      vertex 6.824346685325231 -1.087039989430587 4.056888470414087
      vertex 13.672417434207082 -8.1848529817263 13.182400508720574
    endloop
  endfacet
  facet normal 0.7910650836691377 0.59597476165301 -0.13794968964147106
    outer loop
      vertex 6.824346685325231 -1.087039989430587 4.056888470414087
      vertex 6.437092038384032 -0.5482100073242167 4.164068417770004
      vertex 13.537173342662616 -7.799866646767973 13.550258971080268
    endloop
  endfacet
  facet normal 0.6728912466744522 0.7382943759045941 0.046246996189453916
    outer loop
      vertex 13.094848480983499 -7.1551515190165 14.318912319027588
      vertex 5.939696961967 0 4.2
      vertex 5.888882031059815 4.440892098500626e-16 4.9393544451565665
    endloop
  endfacet
  facet normal 0.5959747616530094 0.791065083669138 0.13794968964147117
    outer loop
      vertex 12.7953360118678 -6.906453980807985 14.70655533272087
      vertex 5.888882031059815 4.440892098500626e-16 4.9393544451565665
      vertex 5.7373066958946435 0 5.5941951663087295
    endloop
  endfacet
  facet normal 0.5088609832242639 0.8303004485274256 0.22729202565684348
    outer loop
      vertex 12.45013335323203 -6.712826657337387 15.087565666974909
      vertex 5.7373066958946435 0 5.5941951663087295
      vertex 5.4875644524807825 0 6.153317657161433
    endloop
  endfacet
  facet normal 0.41304045228963165 0.8553291425086345 0.31274533209597316
    outer loop
      vertex 12.065147018273704 -6.577582565792921 15.455424129334602
      vertex 5.4875644524807825 0 6.153317657161433
      vertex 5.143928459844673 4.440892098500626e-16 6.607155176878143
    endloop
  endfacet
  facet normal -0.022887326957723105 0.8085822853448231 0.5879378012096802
    outer loop
      vertex 9.79127089254443 -6.82142241156093 16.890876548949926
      vertex 3.615858410445788 4.440892098500626e-16 7.269076426930848
      vertex 2.9698484809835 0 7.243928459844674
    endloop
  endfacet
  facet normal 0.09030799326474287 0.8421478007437194 0.5316310262343722
    outer loop
      vertex 10.266887190611302 -6.651028780165514 16.6750515315747
      vertex 4.2 0 7.1698484809835
      vertex 3.615858410445788 4.440892098500626e-16 7.269076426930848
    endloop
  endfacet
  facet normal 0.31015268469987906 0.8657229177194805 0.3928474791935505
    outer loop
      vertex 11.646964229922338 -6.503035770077664 15.803836559519338
      vertex 5.143928459844673 4.440892098500626e-16 6.607155176878143
      vertex 4.712278425094222 0 6.947942439668976
    endloop
  endfacet
  facet normal 0.20195811868433772 0.8613039337844077 0.46622789700423056
    outer loop
      vertex 10.740075759508251 -6.540075759508251 16.418912319027587
      vertex 4.712278425094222 0 6.947942439668976
      vertex 4.2 0 7.1698484809835
    endloop
  endfacet
  facet normal -0.8553291425086346 -0.4130404522896312 0.3127453320959735
    outer loop
      vertex 6.577582565792921 -12.065147018273704 15.455424129334602
      vertex 6.503035770077664 -11.646964229922338 15.803836559519338
      vertex 2.015186649860438e-16 -5.143928459844673 6.607155176878142
    endloop
  endfacet
  facet normal -0.8657229177194804 -0.31015268469988105 0.3928474791935489
    outer loop
      vertex 6.503035770077664 -11.646964229922338 15.803836559519338
      vertex 6.490461786534577 -11.202740211628798 16.126841524250484
      vertex 0 -4.712278425094221 6.947942439668976
    endloop
  endfacet
  facet normal -0.8613039337844075 -0.2019581186843362 0.4662278970042319
    outer loop
      vertex 6.490461786534577 -11.202740211628798 16.126841524250484
      vertex 6.540075759508251 -10.740075759508251 16.418912319027587
      vertex 0 -4.712278425094221 6.947942439668976
    endloop
  endfacet
  facet normal -0.8421478007437191 -0.09030799326474227 0.531631026234373
    outer loop
      vertex 6.540075759508251 -10.740075759508251 16.418912319027587
      vertex 6.651028780165514 -10.266887190611302 16.6750515315747
      vertex -2.803446166619468e-16 -4.200000000000001 7.169848480983501
    endloop
  endfacet
  facet normal -0.8085822853448237 0.02288732695772145 0.5879378012096793
    outer loop
      vertex 6.651028780165514 -10.266887190611302 16.6750515315747
      vertex 6.82142241156093 -9.79127089254443 16.890876548949926
      vertex -3.229069425739923e-16 -3.6158584104457874 7.269076426930846
    endloop
  endfacet
  facet normal -0.7611817028623166 0.13569103867037105 0.6341847973991336
    outer loop
      vertex -3.6999657836868093e-16 -2.9698484809834995 7.243928459844674
      vertex 6.82142241156093 -9.79127089254443 16.890876548949926
      vertex 7.048341171419286 -9.321364792033313 17.06269454526798
    endloop
  endfacet
  facet normal -0.7007570904043944 0.2461730390907122 0.6695807158758459
    outer loop
      vertex 0 -2.2730236206140275 7.094834868414159
      vertex 7.048341171419286 -9.321364792033313 17.06269454526798
      vertex 7.327902416845637 -8.86520911274028 17.18756566697491
    endloop
  endfacet
  facet normal -0.6283423298430911 0.3524429505601377 0.6935199226610729
    outer loop
      vertex 0 -1.537306695894642 6.82434668532523
      vertex 7.327902416845637 -8.86520911274028 17.18756566697491
      vertex 7.655322777421717 -8.430608804808278 17.263353334557497
    endloop
  endfacet
  facet normal -0.5451764578087529 0.45268246542985124 0.7055928112895233
    outer loop
      vertex 0 -0.7752860273865609 6.437092038384033
      vertex 7.655322777421717 -8.430608804808278 17.263353334557497
      vertex 8.025 -8.025 17.288760800011087
    endloop
  endfacet
  facet normal -0.4526824654298511 0.5451764578087528 0.7055928112895233
    outer loop
      vertex 8.025 -8.025 17.288760800011087
      vertex 8.430608804808278 -7.655322777421717 17.263353334557497
      vertex 0.7752860273865609 0 6.437092038384032
    endloop
  endfacet
  facet normal 0.49999999999999883 -0.5000000000000008 0.7071067811865479
    outer loop
      vertex 6.82142241156093 -9.79127089254443 16.890876548949926
      vertex 8.221194269137161 -10.68953058704366 15.265922855096724
      vertex 7.048341171419286 -9.321364792033313 17.06269454526798
    endloop
  endfacet
  facet normal 0.5000000000000036 -0.49999999999999645 0.7071067811865477
    outer loop
      vertex 7.048341171419286 -9.321364792033313 17.06269454526798
      vertex 8.2471825406948 -10.447182540694799 15.418912319027589
      vertex 8.305300789610508 -10.199321861748777 15.553080477980837
    endloop
  endfacet
  facet normal 0.5000000000000013 -0.4999999999999992 0.707106781186547
    outer loop
      vertex 7.048341171419286 -9.321364792033313 17.06269454526798
      vertex 8.305300789610508 -10.199321861748777 15.553080477980837
      vertex 8.394554596531917 -9.950189515142322 15.666131677558335
    endloop
  endfacet
  facet normal 0.500000000000001 -0.4999999999999992 0.7071067811865476
    outer loop
      vertex 7.327902416845637 -8.86520911274028 17.18756566697491
      vertex 8.394554596531917 -9.950189515142322 15.666131677558335
      vertex 8.513416804076769 -9.704048224398402 15.756131580391601
    endloop
  endfacet
  facet normal 0.5000000000000023 -0.49999999999999756 0.7071067811865477
    outer loop
      vertex 7.327902416845637 -8.86520911274028 17.18756566697491
      vertex 8.513416804076769 -9.704048224398402 15.756131580391601
      vertex 8.659853646919142 -9.465109535244906 15.821540263190471
    endloop
  endfacet
  facet normal 0.49999999999999933 -0.5000000000000011 0.7071067811865474
    outer loop
      vertex 7.655322777421717 -8.430608804808278 17.263353334557497
      vertex 8.659853646919142 -9.465109535244906 15.821540263190471
      vertex 8.831359550078043 -9.237461754899575 15.861238565257539
    endloop
  endfacet
  facet normal 0.49999999999999944 -0.5000000000000009 0.7071067811865471
    outer loop
      vertex 7.655322777421717 -8.430608804808278 17.263353334557497
      vertex 8.831359550078043 -9.237461754899575 15.861238565257539
      vertex 9.025 -9.025 15.874547237637993
    endloop
  endfacet
  facet normal 0.5000000000000022 -0.4999999999999979 0.7071067811865474
    outer loop
      vertex 7.048341171419286 -9.321364792033313 17.06269454526798
      vertex 8.394554596531917 -9.950189515142322 15.666131677558335
      vertex 7.327902416845637 -8.86520911274028 17.18756566697491
    endloop
  endfacet
  facet normal 0.5000000000000009 -0.4999999999999996 0.7071067811865471
    outer loop
      vertex 7.327902416845637 -8.86520911274028 17.18756566697491
      vertex 8.659853646919142 -9.465109535244906 15.821540263190471
      vertex 7.655322777421717 -8.430608804808278 17.263353334557497
    endloop
  endfacet
  facet normal 0.500000000000001 -0.49999999999999856 0.7071067811865478
    outer loop
      vertex 7.655322777421717 -8.430608804808278 17.263353334557497
      vertex 9.025 -9.025 15.874547237637993
      vertex 8.025 -8.025 17.288760800011087
    endloop
  endfacet
  facet normal 0.4999999999999985 -0.5000000000000009 0.7071067811865479
    outer loop
      vertex 8.025 -8.025 17.288760800011087
      vertex 9.237461754899575 -8.831359550078043 15.86123856525754
      vertex 8.430608804808278 -7.655322777421717 17.263353334557497
    endloop
  endfacet
  facet normal 0.49999999999999756 -0.5000000000000023 0.7071067811865477
    outer loop
      vertex 8.86520911274028 -7.327902416845637 17.18756566697491
      vertex 9.465109535244906 -8.659853646919142 15.821540263190471
      vertex 9.704048224398402 -8.513416804076769 15.756131580391601
    endloop
  endfacet
  facet normal 0.49999999999999756 -0.500000000000002 0.7071067811865478
    outer loop
      vertex 8.025 -8.025 17.288760800011087
      vertex 9.025 -9.025 15.874547237637993
      vertex 9.237461754899575 -8.831359550078043 15.86123856525754
    endloop
  endfacet
  facet normal 0.5000000000000041 -0.4999999999999961 0.7071067811865474
    outer loop
      vertex 8.430608804808278 -7.655322777421717 17.263353334557497
      vertex 9.237461754899575 -8.831359550078043 15.86123856525754
      vertex 9.465109535244906 -8.659853646919142 15.821540263190471
    endloop
  endfacet
  facet normal 0.4999999999999992 -0.500000000000001 0.7071067811865476
    outer loop
      vertex 8.86520911274028 -7.327902416845637 17.18756566697491
      vertex 9.704048224398402 -8.513416804076769 15.756131580391601
      vertex 9.950189515142322 -8.394554596531917 15.666131677558335
    endloop
  endfacet
  facet normal 0.4999999999999992 -0.5000000000000013 0.707106781186547
    outer loop
      vertex 9.321364792033313 -7.048341171419286 17.06269454526798
      vertex 9.950189515142322 -8.394554596531917 15.666131677558335
      vertex 10.199321861748777 -8.305300789610508 15.553080477980837
    endloop
  endfacet
  facet normal 0.49999999999999645 -0.5000000000000036 0.7071067811865477
    outer loop
      vertex 9.321364792033313 -7.048341171419286 17.06269454526798
      vertex 10.199321861748777 -8.305300789610508 15.553080477980837
      vertex 10.447182540694799 -8.2471825406948 15.418912319027589
    endloop
  endfacet
  facet normal 0.4999999999999996 -0.5000000000000009 0.7071067811865471
    outer loop
      vertex 8.430608804808278 -7.655322777421717 17.263353334557497
      vertex 9.465109535244906 -8.659853646919142 15.821540263190471
      vertex 8.86520911274028 -7.327902416845637 17.18756566697491
    endloop
  endfacet
  facet normal 0.4999999999999979 -0.5000000000000022 0.7071067811865474
    outer loop
      vertex 8.86520911274028 -7.327902416845637 17.18756566697491
      vertex 9.950189515142322 -8.394554596531917 15.666131677558335
      vertex 9.321364792033313 -7.048341171419286 17.06269454526798
    endloop
  endfacet
  facet normal 0.5000000000000008 -0.4999999999999994 0.7071067811865474
    outer loop
      vertex 9.321364792033313 -7.048341171419286 17.06269454526798
      vertex 10.689530587043658 -8.22119426913716 15.265922855096724
      vertex 9.79127089254443 -6.82142241156093 16.890876548949926
    endloop
  endfacet
  facet normal -0.3524429505601383 0.6283423298430906 0.6935199226610729
    outer loop
      vertex 8.430608804808278 -7.655322777421717 17.263353334557497
      vertex 8.86520911274028 -7.327902416845637 17.18756566697491
      vertex 1.5373066958946424 0 6.82434668532523
    endloop
  endfacet
  facet normal -0.24617303909071228 0.7007570904043945 0.6695807158758456
    outer loop
      vertex 8.86520911274028 -7.327902416845637 17.18756566697491
      vertex 9.321364792033313 -7.048341171419286 17.06269454526798
      vertex 2.2730236206140275 0 7.094834868414159
    endloop
  endfacet
  facet normal -0.13569103867037136 0.7611817028623165 0.6341847973991335
    outer loop
      vertex 9.321364792033313 -7.048341171419286 17.06269454526798
      vertex 9.79127089254443 -6.82142241156093 16.890876548949926
      vertex 2.9698484809835 0 7.243928459844674
    endloop
  endfacet
  facet normal 0.4130404522896312 0.8553291425086345 0.31274533209597355
    outer loop
      vertex 11.646964229922338 -6.503035770077664 15.803836559519338
      vertex 12.065147018273704 -6.577582565792921 15.455424129334602
      vertex 5.143928459844673 4.440892098500626e-16 6.607155176878143
    endloop
  endfacet
  facet normal 0.3101526846998811 0.8657229177194804 0.39284747919354895
    outer loop
      vertex 11.646964229922338 -6.503035770077664 15.803836559519338
      vertex 4.712278425094222 0 6.947942439668976
      vertex 11.202740211628798 -6.490461786534577 16.126841524250484
    endloop
  endfacet
  facet normal 0.2019581186843362 0.8613039337844075 0.4662278970042319
    outer loop
      vertex 11.202740211628798 -6.490461786534577 16.126841524250484
      vertex 4.712278425094222 0 6.947942439668976
      vertex 10.740075759508251 -6.540075759508251 16.418912319027587
    endloop
  endfacet
  facet normal -0.02288732695772138 0.8085822853448237 0.5879378012096794
    outer loop
      vertex 9.79127089254443 -6.82142241156093 16.890876548949926
      vertex 10.266887190611302 -6.651028780165514 16.6750515315747
      vertex 3.615858410445788 4.440892098500626e-16 7.269076426930848
    endloop
  endfacet
  facet normal 0.09030799326474227 0.842147800743719 0.531631026234373
    outer loop
      vertex 10.740075759508251 -6.540075759508251 16.418912319027587
      vertex 4.2 0 7.1698484809835
      vertex 10.266887190611302 -6.651028780165514 16.6750515315747
    endloop
  endfacet
  facet normal 0.5000000000000032 -0.499999999999997 0.7071067811865476
    outer loop
      vertex 10.92863520796669 -13.201658828580717 11.575130092787198
      vertex 11.384790887259722 -12.922097583154365 11.450258971080267
      vertex 10.29981048485768 -11.855445403468085 12.97169296049684
    endloop
  endfacet
  facet normal 0.49999999999999817 -0.5000000000000016 0.7071067811865478
    outer loop
      vertex 11.384790887259722 -12.922097583154365 11.450258971080267
      vertex 11.819391195191724 -12.594677222578284 11.37447130349768
      vertex 10.784890464755094 -11.59014635308086 12.816284374864704
    endloop
  endfacet
  facet normal 0.5 -0.5000000000000006 0.7071067811865471
    outer loop
      vertex 11.819391195191724 -12.594677222578284 11.37447130349768
      vertex 12.225000000000001 -12.225000000000001 11.349063838044088
      vertex 11.012538245100426 -11.41864044992196 12.776586072797638
    endloop
  endfacet
  facet normal 0.5000000000000001 -0.4999999999999997 0.7071067811865478
    outer loop
      vertex 12.225000000000001 -12.225000000000001 11.349063838044088
      vertex 12.594677222578284 -11.819391195191724 11.37447130349768
      vertex 11.225000000000001 -11.225000000000001 12.763277400417183
    endloop
  endfacet
  facet normal 0.5000000000000012 -0.49999999999999806 0.707106781186548
    outer loop
      vertex 12.594677222578284 -11.819391195191724 11.37447130349768
      vertex 12.922097583154365 -11.384790887259722 11.450258971080267
      vertex 11.590146353080858 -10.784890464755094 12.816284374864704
    endloop
  endfacet
  facet normal 0.499999999999997 -0.5000000000000032 0.7071067811865476
    outer loop
      vertex 12.922097583154365 -11.384790887259722 11.450258971080267
      vertex 13.201658828580717 -10.92863520796669 11.575130092787198
      vertex 11.855445403468085 -10.29981048485768 12.97169296049684
    endloop
  endfacet
  facet normal 0.5000000000000002 -0.49999999999999956 0.7071067811865478
    outer loop
      vertex 10.458729107455573 -13.428577588439074 11.746948089105251
      vertex 10.92863520796669 -13.201658828580717 11.575130092787198
      vertex 9.560469412956344 -12.028805730862842 13.371901782958455
    endloop
  endfacet
  facet normal 0.5000000000000023 -0.4999999999999976 0.7071067811865476
    outer loop
      vertex 10.92863520796669 -13.201658828580717 11.575130092787198
      vertex 10.050678138251225 -11.944699210389494 13.08474416007434
      vertex 9.802817459305205 -12.002817459305204 13.218912319027588
    endloop
  endfacet
  facet normal 0.5000000000000027 -0.49999999999999717 0.7071067811865477
    outer loop
      vertex 10.92863520796669 -13.201658828580717 11.575130092787198
      vertex 10.29981048485768 -11.855445403468085 12.97169296049684
      vertex 10.050678138251225 -11.944699210389494 13.08474416007434
    endloop
  endfacet
  facet normal 0.4999999999999999 -0.5000000000000002 0.7071067811865474
    outer loop
      vertex 11.384790887259722 -12.922097583154365 11.450258971080267
      vertex 10.784890464755094 -11.59014635308086 12.816284374864704
      vertex 10.5459517756016 -11.736583195923233 12.881693057663574
    endloop
  endfacet
  facet normal 0.4999999999999992 -0.500000000000001 0.7071067811865476
    outer loop
      vertex 11.384790887259722 -12.922097583154365 11.450258971080267
      vertex 10.5459517756016 -11.736583195923233 12.881693057663574
      vertex 10.29981048485768 -11.855445403468085 12.97169296049684
    endloop
  endfacet
  facet normal 0.49999999999999567 -0.5000000000000041 0.7071067811865478
    outer loop
      vertex 11.819391195191724 -12.594677222578284 11.37447130349768
      vertex 11.012538245100426 -11.41864044992196 12.776586072797638
      vertex 10.784890464755094 -11.59014635308086 12.816284374864704
    endloop
  endfacet
  facet normal 0.4999999999999989 -0.5000000000000012 0.7071067811865476
    outer loop
      vertex 10.92863520796669 -13.201658828580717 11.575130092787198
      vertex 9.802817459305205 -12.002817459305204 13.218912319027588
      vertex 9.560469412956344 -12.028805730862842 13.371901782958455
    endloop
  endfacet
  facet normal 0.5000000000000038 -0.49999999999999584 0.7071067811865478
    outer loop
      vertex 12.225000000000001 -12.225000000000001 11.349063838044088
      vertex 11.225000000000001 -11.225000000000001 12.763277400417183
      vertex 11.012538245100426 -11.41864044992196 12.776586072797638
    endloop
  endfacet
  facet normal 0.4999999999999991 -0.5000000000000008 0.7071067811865476
    outer loop
      vertex 12.594677222578284 -11.819391195191724 11.37447130349768
      vertex 11.41864044992196 -11.012538245100426 12.776586072797636
      vertex 11.225000000000001 -11.225000000000001 12.763277400417183
    endloop
  endfacet
  facet normal 0.5000000000000029 -0.49999999999999645 0.7071067811865481
    outer loop
      vertex 12.594677222578284 -11.819391195191724 11.37447130349768
      vertex 11.590146353080858 -10.784890464755094 12.816284374864704
      vertex 11.41864044992196 -11.012538245100426 12.776586072797636
    endloop
  endfacet
  facet normal 0.49999999999999817 -0.5000000000000023 0.7071067811865471
    outer loop
      vertex 12.922097583154365 -11.384790887259722 11.450258971080267
      vertex 11.736583195923233 -10.5459517756016 12.881693057663574
      vertex 11.590146353080858 -10.784890464755094 12.816284374864704
    endloop
  endfacet
  facet normal 0.500000000000001 -0.4999999999999992 0.7071067811865476
    outer loop
      vertex 12.922097583154365 -11.384790887259722 11.450258971080267
      vertex 11.855445403468085 -10.29981048485768 12.97169296049684
      vertex 11.736583195923233 -10.5459517756016 12.881693057663574
    endloop
  endfacet
  facet normal 0.49999999999999717 -0.5000000000000027 0.7071067811865477
    outer loop
      vertex 13.201658828580717 -10.92863520796669 11.575130092787198
      vertex 11.944699210389494 -10.050678138251225 13.08474416007434
      vertex 11.855445403468085 -10.29981048485768 12.97169296049684
    endloop
  endfacet
  facet normal 0.4999999999999976 -0.5000000000000023 0.7071067811865476
    outer loop
      vertex 13.201658828580717 -10.92863520796669 11.575130092787198
      vertex 12.002817459305204 -9.802817459305205 13.218912319027588
      vertex 11.944699210389494 -10.050678138251225 13.08474416007434
    endloop
  endfacet
  facet normal 0.499999999999999 -0.5000000000000009 0.7071067811865476
    outer loop
      vertex 13.201658828580717 -10.92863520796669 11.575130092787198
      vertex 12.028805730862844 -9.560469412956346 13.371901782958453
      vertex 12.002817459305204 -9.802817459305205 13.218912319027588
    endloop
  endfacet
  facet normal 0.4999999999999996 -0.5000000000000002 0.7071067811865476
    outer loop
      vertex 13.201658828580717 -10.92863520796669 11.575130092787198
      vertex 13.428577588439074 -10.458729107455573 11.746948089105251
      vertex 12.028805730862844 -9.560469412956346 13.371901782958453
    endloop
  endfacet
  facet normal 0.6283423298430901 -0.3524429505601392 -0.6935199226610731
    outer loop
      vertex 5.59419516630873 -4.056888470414087 1.087039989430587
      vertex 12.922097583154365 -11.384790887259722 11.450258971080267
      vertex 12.594677222578284 -11.819391195191724 11.37447130349768
    endloop
  endfacet
  facet normal 0.7007570904043955 -0.2461730390907098 -0.6695807158758454
    outer loop
      vertex 5.59419516630873 -4.056888470414087 1.087039989430587
      vertex 13.201658828580717 -10.92863520796669 11.575130092787198
      vertex 12.922097583154365 -11.384790887259722 11.450258971080267
    endloop
  endfacet
  facet normal 0.7611817028623146 -0.13569103867037577 -0.6341847973991348
    outer loop
      vertex 6.153317657161431 -3.8802940365474043 1.607270415933377
      vertex 13.428577588439074 -10.458729107455573 11.746948089105251
      vertex 13.201658828580717 -10.92863520796669 11.575130092787198
    endloop
  endfacet
  facet normal 0.8085822853448243 -0.02288732695771852 -0.5879378012096785
    outer loop
      vertex 6.607155176878143 -3.637306695894642 2.1
      vertex 13.598971219834489 -9.9831128093887 11.962773106480478
      vertex 13.428577588439074 -10.458729107455573 11.746948089105251
    endloop
  endfacet
  facet normal 0.842147800743719 0.0903079932647419 -0.5316310262343733
    outer loop
      vertex 7.1698484809835 -2.9698484809835 2.9698484809835
      vertex 13.70992424049175 -9.50992424049175 12.218912319027588
      vertex 13.598971219834489 -9.9831128093887 11.962773106480478
    endloop
  endfacet
  facet normal 0.8613039337844073 0.2019581186843345 -0.46622789700423284
    outer loop
      vertex 7.269076426930848 -2.556798001836627 3.332084029223188
      vertex 13.759538213465428 -9.047259788371205 12.510983113804695
      vertex 13.70992424049175 -9.50992424049175 12.218912319027588
    endloop
  endfacet
  facet normal 0.7910650836691383 0.5959747616530089 -0.13794968964147208
    outer loop
      vertex 6.437092038384032 -0.5482100073242167 4.164068417770004
      vertex 13.343546019192017 -7.454663988132202 13.931269305334308
      vertex 13.537173342662616 -7.799866646767973 13.550258971080268
    endloop
  endfacet
  facet normal 0.8657229177194802 0.31015268469988294 -0.39284747919354807
    outer loop
      vertex 7.243928459844675 -2.1 3.637306695894642
      vertex 13.746964229922337 -8.603035770077664 12.833988078535839
      vertex 13.759538213465428 -9.047259788371205 12.510983113804695
    endloop
  endfacet
  facet normal 0.8553291425086349 0.41304045228962977 -0.3127453320959745
    outer loop
      vertex 7.094834868414159 -1.607270415933377 3.8802940365474043
      vertex 13.672417434207082 -8.1848529817263 13.182400508720574
      vertex 13.746964229922337 -8.603035770077664 12.833988078535839
    endloop
  endfacet
  facet normal 0.8303004485274247 0.5088609832242659 -0.22729202565684234
    outer loop
      vertex 6.824346685325231 -1.087039989430587 4.056888470414087
      vertex 13.537173342662616 -7.799866646767973 13.550258971080268
      vertex 13.672417434207082 -8.1848529817263 13.182400508720574
    endloop
  endfacet
  facet normal 0.6728912466744521 0.7382943759045943 0.046246996189453715
    outer loop
      vertex 13.094848480983499 -7.1551515190165 14.318912319027588
      vertex 5.888882031059815 4.440892098500626e-16 4.9393544451565665
      vertex 12.7953360118678 -6.906453980807985 14.70655533272087
    endloop
  endfacet
  facet normal 0.7382943759045942 0.6728912466744521 -0.04624699618945354
    outer loop
      vertex 13.094848480983499 -7.1551515190165 14.318912319027588
      vertex 13.343546019192017 -7.454663988132202 13.931269305334308
      vertex 5.939696961967 0 4.2
    endloop
  endfacet
  facet normal 0.595974761653009 0.7910650836691382 0.13794968964147222
    outer loop
      vertex 12.45013335323203 -6.712826657337387 15.087565666974909
      vertex 12.7953360118678 -6.906453980807985 14.70655533272087
      vertex 5.7373066958946435 0 5.5941951663087295
    endloop
  endfacet
  facet normal 0.5000000000000018 -0.4999999999999977 0.7071067811865479
    outer loop
      vertex 13.428577588439074 -10.458729107455573 11.746948089105251
      vertex 12.022219358530748 -9.327780641469253 13.541094859722387
      vertex 12.028805730862844 -9.560469412956346 13.371901782958453
    endloop
  endfacet
  facet normal 0.49999999999999 -0.5000000000000103 0.7071067811865474
    outer loop
      vertex 13.428577588439074 -10.458729107455573 11.746948089105251
      vertex 11.983171036965615 -9.108732514237587 13.723596608866773
      vertex 12.022219358530748 -9.327780641469253 13.541094859722387
    endloop
  endfacet
  facet normal 0.5000000000000088 -0.49999999999999106 0.7071067811865477
    outer loop
      vertex 13.428577588439074 -10.458729107455573 11.746948089105251
      vertex 11.912328893775658 -8.907073005449892 13.916284374864706
      vertex 11.983171036965615 -9.108732514237587 13.723596608866773
    endloop
  endfacet
  facet normal 0.5000000000000031 -0.499999999999997 0.7071067811865475
    outer loop
      vertex 13.428577588439074 -10.458729107455573 11.746948089105251
      vertex 11.81090505767201 -8.726252565212107 14.115861216616823
      vertex 11.912328893775658 -8.907073005449892 13.916284374864706
    endloop
  endfacet
  facet normal 0.5000000000000024 -0.4999999999999977 0.7071067811865476
    outer loop
      vertex 13.428577588439074 -10.458729107455573 11.746948089105251
      vertex 13.598971219834489 -9.9831128093887 11.962773106480478
      vertex 10.266887190611302 -6.651028780165514 16.6750515315747
    endloop
  endfacet
  facet normal 0.4999999999999989 -0.5000000000000003 0.7071067811865481
    outer loop
      vertex 13.428577588439074 -10.458729107455573 11.746948089105251
      vertex 10.266887190611302 -6.651028780165514 16.6750515315747
      vertex 11.81090505767201 -8.726252565212107 14.115861216616823
    endloop
  endfacet
  facet normal 0.5000000000000007 -0.49999999999999917 0.7071067811865475
    outer loop
      vertex 13.598971219834489 -9.9831128093887 11.962773106480478
      vertex 13.70992424049175 -9.50992424049175 12.218912319027588
      vertex 10.740075759508251 -6.540075759508251 16.418912319027587
    endloop
  endfacet
  facet normal 0.4999999999999942 -0.5000000000000056 0.7071067811865476
    outer loop
      vertex 13.70992424049175 -9.50992424049175 12.218912319027588
      vertex 13.759538213465428 -9.047259788371205 12.510983113804695
      vertex 11.202740211628798 -6.490461786534577 16.126841524250484
    endloop
  endfacet
  facet normal 0.5000000000000048 -0.499999999999995 0.7071067811865477
    outer loop
      vertex 13.746964229922337 -8.603035770077664 12.833988078535839
      vertex 11.202740211628798 -6.490461786534577 16.126841524250484
      vertex 13.759538213465428 -9.047259788371205 12.510983113804695
    endloop
  endfacet
  facet normal 0.4999999999999964 -0.5000000000000034 0.7071067811865476
    outer loop
      vertex 13.746964229922337 -8.603035770077664 12.833988078535839
      vertex 13.672417434207082 -8.1848529817263 13.182400508720574
      vertex 11.646964229922338 -6.503035770077664 15.803836559519338
    endloop
  endfacet
  facet normal 0.5000000000000021 -0.49999999999999767 0.7071067811865478
    outer loop
      vertex 13.672417434207082 -8.1848529817263 13.182400508720574
      vertex 13.537173342662616 -7.799866646767973 13.550258971080268
      vertex 12.065147018273704 -6.577582565792921 15.455424129334602
    endloop
  endfacet
  facet normal 0.5000000000000037 -0.4999999999999962 0.7071067811865478
    outer loop
      vertex 13.537173342662616 -7.799866646767973 13.550258971080268
      vertex 13.343546019192017 -7.454663988132202 13.931269305334308
      vertex 12.065147018273704 -6.577582565792921 15.455424129334602
    endloop
  endfacet
  facet normal 0.5000000000000117 -0.49999999999998623 0.707106781186549
    outer loop
      vertex 13.094848480983499 -7.1551515190165 14.318912319027588
      vertex 12.065147018273704 -6.577582565792921 15.455424129334602
      vertex 13.343546019192017 -7.454663988132202 13.931269305334308
    endloop
  endfacet
  facet normal 0.4999999999999907 -0.5000000000000067 0.7071067811865493
    outer loop
      vertex 10.266887190611302 -6.651028780165514 16.6750515315747
      vertex 11.523747434787897 -8.439094942327994 14.521963421438354
      vertex 11.680634918610407 -8.569365081389597 14.31891231902759
    endloop
  endfacet
  facet normal 0.4999999999999988 -0.5000000000000016 0.7071067811865474
    outer loop
      vertex 10.266887190611302 -6.651028780165514 16.6750515315747
      vertex 11.342926994550112 -8.337671106224345 14.721540263190471
      vertex 11.523747434787897 -8.439094942327994 14.521963421438354
    endloop
  endfacet
  facet normal 0.5000000000000175 -0.4999999999999836 0.7071067811865467
    outer loop
      vertex 9.79127089254443 -6.82142241156093 16.890876548949926
      vertex 10.92221935853075 -8.227780641469256 15.096729778332792
      vertex 11.141267485762416 -8.266828963034389 14.914228029188404
    endloop
  endfacet
  facet normal 0.5000000000000006 -0.49999999999999967 0.7071067811865472
    outer loop
      vertex 9.321364792033313 -7.048341171419286 17.06269454526798
      vertex 10.447182540694799 -8.2471825406948 15.418912319027589
      vertex 10.689530587043658 -8.22119426913716 15.265922855096724
    endloop
  endfacet
  facet normal 0.4999999999999924 -0.500000000000006 0.7071067811865487
    outer loop
      vertex 9.79127089254443 -6.82142241156093 16.890876548949926
      vertex 10.689530587043658 -8.22119426913716 15.265922855096724
      vertex 10.92221935853075 -8.227780641469256 15.096729778332792
    endloop
  endfacet
  facet normal 0.4999999999999909 -0.500000000000009 0.7071067811865477
    outer loop
      vertex 9.79127089254443 -6.82142241156093 16.890876548949926
      vertex 11.141267485762416 -8.266828963034389 14.914228029188404
      vertex 11.342926994550112 -8.337671106224345 14.721540263190471
    endloop
  endfacet
  facet normal 0.5000000000000495 -0.4999999999999561 0.7071067811865437
    outer loop
      vertex 10.266887190611302 -6.651028780165514 16.6750515315747
      vertex 11.680634918610407 -8.569365081389597 14.31891231902759
      vertex 11.81090505767201 -8.726252565212107 14.115861216616823
    endloop
  endfacet
  facet normal 0.5000000000000027 -0.4999999999999974 0.7071067811865475
    outer loop
      vertex 13.598971219834489 -9.9831128093887 11.962773106480478
      vertex 10.740075759508251 -6.540075759508251 16.418912319027587
      vertex 10.266887190611302 -6.651028780165514 16.6750515315747
    endloop
  endfacet
  facet normal 0.49999999999999556 -0.5000000000000047 0.7071067811865476
    outer loop
      vertex 13.70992424049175 -9.50992424049175 12.218912319027588
      vertex 11.202740211628798 -6.490461786534577 16.126841524250484
      vertex 10.740075759508251 -6.540075759508251 16.418912319027587
    endloop
  endfacet
  facet normal 0.500000000000003 -0.49999999999999695 0.7071067811865475
    outer loop
      vertex 13.746964229922337 -8.603035770077664 12.833988078535839
      vertex 11.646964229922338 -6.503035770077664 15.803836559519338
      vertex 11.202740211628798 -6.490461786534577 16.126841524250484
    endloop
  endfacet
  facet normal 0.49999999999999856 -0.5000000000000011 0.7071067811865478
    outer loop
      vertex 13.672417434207082 -8.1848529817263 13.182400508720574
      vertex 12.065147018273704 -6.577582565792921 15.455424129334602
      vertex 11.646964229922338 -6.503035770077664 15.803836559519338
    endloop
  endfacet
  facet normal 0.5000000000000004 -0.4999999999999997 0.7071067811865475
    outer loop
      vertex 12.45013335323203 -6.712826657337387 15.087565666974909
      vertex 12.065147018273704 -6.577582565792921 15.455424129334602
      vertex 12.7953360118678 -6.906453980807985 14.70655533272087
    endloop
  endfacet
  facet normal 0.5000000000000004 -0.49999999999999967 0.7071067811865475
    outer loop
      vertex 9.79127089254443 -6.82142241156093 16.890876548949926
      vertex 11.342926994550112 -8.337671106224345 14.721540263190471
      vertex 10.266887190611302 -6.651028780165514 16.6750515315747
    endloop
  endfacet
  facet normal 0.49999999999998995 -0.5000000000000151 0.707106781186544
    outer loop
      vertex 13.094848480983499 -7.1551515190165 14.318912319027588
      vertex 12.7953360118678 -6.906453980807985 14.70655533272087
      vertex 12.065147018273704 -6.577582565792921 15.455424129334602
    endloop
  endfacet
  facet normal 0.5088609832242653 0.8303004485274251 0.22729202565684226
    outer loop
      vertex 12.45013335323203 -6.712826657337387 15.087565666974909
      vertex 5.4875644524807825 0 6.153317657161433
      vertex 12.065147018273704 -6.577582565792921 15.455424129334602
    endloop
  endfacet
  facet normal 1 0 0
    outer loop
      vertex 5 -1.7453773486407176 -1.3392751438191854
      vertex 5 -1.7453773486407176 1.3392751438191854
      vertex 5 -1.905255888325765 -1.1
    endloop
  endfacet
  facet normal 1 0 0
    outer loop
      vertex 5 -1.7453773486407176 -1.3392751438191854
      vertex 5 -1.5556349186104048 -1.5556349186104048
      vertex 5 -1.5556349186104048 1.5556349186104048
    endloop
  endfacet
  facet normal 1 0 0
    outer loop
      vertex 5 -1.3392751438191854 -1.7453773486407176
      vertex 5 -1.3392751438191854 1.7453773486407176
      vertex 5 -1.5556349186104048 -1.5556349186104048
    endloop
  endfacet
  facet normal 1 0 0
    outer loop
      vertex 5 -2.032534971524831 -0.8419035512031976
      vertex 5 -2.032534971524831 0.8419035512031976
      vertex 5 -2.1250368178359507 -0.5694018992255456
    endloop
  endfacet
  facet normal 1 0 0
    outer loop
      vertex 5 -2.032534971524831 -0.8419035512031976
      vertex 5 -1.905255888325765 -1.1
      vertex 5 -1.905255888325765 1.1
    endloop
  endfacet
  facet normal 1 0 0
    outer loop
      vertex 5 -2.1250368178359507 -0.5694018992255456
      vertex 5 -2.1250368178359507 0.5694018992255456
      vertex 5 -2.181178695022383 -0.2871576228841135
    endloop
  endfacet
  facet normal 1 0 0
    outer loop
      vertex 5 -2.181178695022383 -0.2871576228841135
      vertex 5 -2.181178695022383 0.2871576228841135
      vertex 5 -2.2 0
    endloop
  endfacet
  facet normal 1 0 0
    outer loop
      vertex 5 -2.181178695022383 -0.2871576228841135
      vertex 5 -2.1250368178359507 0.5694018992255456
      vertex 5 -2.181178695022383 0.2871576228841135
    endloop
  endfacet
  facet normal 1 0 0
    outer loop
      vertex 5 -2.1250368178359507 -0.5694018992255456
      vertex 5 -2.032534971524831 0.8419035512031976
      vertex 5 -2.1250368178359507 0.5694018992255456
    endloop
  endfacet
  facet normal 1 0 0
    outer loop
      vertex 5 -0.8419035512031976 -2.032534971524831
      vertex 5 -0.5694018992255456 -2.1250368178359507
      vertex 5 -0.5694018992255456 2.1250368178359507
    endloop
  endfacet
  facet normal 1 0 0
    outer loop
      vertex 5 -1.3392751438191854 -1.7453773486407176
      vertex 5 -1.1 -1.905255888325765
      vertex 5 -1.1 1.905255888325765
    endloop
  endfacet
  facet normal 1 0 0
    outer loop
      vertex 5 -1.1 -1.905255888325765
      vertex 5 -0.8419035512031976 -2.032534971524831
      vertex 5 -0.8419035512031976 2.032534971524831
    endloop
  endfacet
  facet normal 1 0 0
    outer loop
      vertex 5 -0.5694018992255456 -2.1250368178359507
      vertex 5 -0.2871576228841135 -2.181178695022383
      vertex 5 -0.2871576228841135 2.181178695022383
    endloop
  endfacet
  facet normal 1 0 0
    outer loop
      vertex 5 -0.2871576228841135 -2.181178695022383
      vertex 5 0 -2.2
      vertex 5 0 2.2
    endloop
  endfacet
  facet normal 1 0 0
    outer loop
      vertex 5 -2.032534971524831 -0.8419035512031976
      vertex 5 -1.905255888325765 1.1
      vertex 5 -2.032534971524831 0.8419035512031976
    endloop
  endfacet
  facet normal 1 0 0
    outer loop
      vertex 5 -1.905255888325765 -1.1
      vertex 5 -1.7453773486407176 1.3392751438191854
      vertex 5 -1.905255888325765 1.1
    endloop
  endfacet
  facet normal 1 0 0
    outer loop
      vertex 5 -1.7453773486407176 -1.3392751438191854
      vertex 5 -1.5556349186104048 1.5556349186104048
      vertex 5 -1.7453773486407176 1.3392751438191854
    endloop
  endfacet
  facet normal 1 0 0
    outer loop
      vertex 5 -1.5556349186104048 -1.5556349186104048
      vertex 5 -1.3392751438191854 1.7453773486407176
      vertex 5 -1.5556349186104048 1.5556349186104048
    endloop
  endfacet
  facet normal 1 0 0
    outer loop
      vertex 5 -1.3392751438191854 -1.7453773486407176
      vertex 5 -1.1 1.905255888325765
      vertex 5 -1.3392751438191854 1.7453773486407176
    endloop
  endfacet
  facet normal 1 0 0
    outer loop
      vertex 5 -1.1 -1.905255888325765
      vertex 5 -0.8419035512031976 2.032534971524831
      vertex 5 -1.1 1.905255888325765
    endloop
  endfacet
  facet normal 1 0 0
    outer loop
      vertex 5 -0.8419035512031976 -2.032534971524831
      vertex 5 -0.5694018992255456 2.1250368178359507
      vertex 5 -0.8419035512031976 2.032534971524831
    endloop
  endfacet
  facet normal 1 0 0
    outer loop
      vertex 5 -0.5694018992255456 -2.1250368178359507
      vertex 5 -0.2871576228841135 2.181178695022383
      vertex 5 -0.5694018992255456 2.1250368178359507
    endloop
  endfacet
  facet normal 1 0 0
    outer loop
      vertex 5 -0.2871576228841135 -2.181178695022383
      vertex 5 0 2.2
      vertex 5 -0.2871576228841135 2.181178695022383
    endloop
  endfacet
  facet normal 0 0.5555702330196018 0.8314696123025453
    outer loop
      vertex 5 -1.3392751438191854 -1.7453773486407176
      vertex 20 -1.3392751438191854 -1.7453773486407176
      vertex 5 -1.1 -1.905255888325765
    endloop
  endfacet
  facet normal 0 0.7518398074789778 0.6593458151000685
    outer loop
      vertex 5 -1.7453773486407176 -1.3392751438191854
      vertex 20 -1.7453773486407176 -1.3392751438191854
      vertex 5 -1.5556349186104048 -1.5556349186104048
    endloop
  endfacet
  facet normal 7.960794238144185e-19 0.6593458151000685 0.7518398074789778
    outer loop
      vertex 5 -1.3392751438191854 -1.7453773486407176
      vertex 5 -1.5556349186104048 -1.5556349186104048
      vertex 20 -1.5556349186104048 -1.5556349186104048
    endloop
  endfacet
  facet normal 2.863398765906944e-19 0.8314696123025453 0.5555702330196018
    outer loop
      vertex 5 -1.7453773486407176 -1.3392751438191854
      vertex 5 -1.905255888325765 -1.1
      vertex 20 -1.905255888325765 -1.1
    endloop
  endfacet
  facet normal 0 0.3214394653031628 0.9469301294951052
    outer loop
      vertex 5 -0.8419035512031976 -2.032534971524831
      vertex 20 -0.8419035512031976 -2.032534971524831
      vertex 5 -0.5694018992255456 -2.1250368178359507
    endloop
  endfacet
  facet normal 0 0.44228869021900113 0.8968727415326884
    outer loop
      vertex 5 -1.1 -1.905255888325765
      vertex 20 -1.1 -1.905255888325765
      vertex 5 -0.8419035512031976 -2.032534971524831
    endloop
  endfacet
  facet normal 0 0.19509032201612653 0.9807852804032307
    outer loop
      vertex 5 -0.5694018992255456 -2.1250368178359507
      vertex 20 -0.5694018992255456 -2.1250368178359507
      vertex 5 -0.2871576228841135 -2.181178695022383
    endloop
  endfacet
  facet normal 0 0.06540312923014398 0.9978589232386034
    outer loop
      vertex 5 -0.2871576228841135 -2.181178695022383
      vertex 20 -0.2871576228841135 -2.181178695022383
      vertex 5 0 -2.2
    endloop
  endfacet
  facet normal 0 0.8968727415326884 0.44228869021900113
    outer loop
      vertex 5 -2.032534971524831 -0.8419035512031976
      vertex 20 -2.032534971524831 -0.8419035512031976
      vertex 5 -1.905255888325765 -1.1
    endloop
  endfacet
  facet normal 1.6797105792443364e-19 0.9469301294951052 0.3214394653031628
    outer loop
      vertex 5 -2.032534971524831 -0.8419035512031976
      vertex 5 -2.1250368178359507 -0.5694018992255456
      vertex 20 -2.1250368178359507 -0.5694018992255456
    endloop
  endfacet
  facet normal 1.9472395120611948e-19 0.9807852804032307 0.19509032201612653
    outer loop
      vertex 5 -2.1250368178359507 -0.5694018992255456
      vertex 5 -2.181178695022383 -0.2871576228841135
      vertex 20 -2.181178695022383 -0.2871576228841135
    endloop
  endfacet
  facet normal -7.742917175452885e-20 0.9978589232386034 0.06540312923014398
    outer loop
      vertex 5 -2.181178695022383 -0.2871576228841135
      vertex 5 -2.2 0
      vertex 20 -2.2 0
    endloop
  endfacet
  facet normal 7.742917175452885e-20 0.9978589232386034 -0.06540312923014398
    outer loop
      vertex 5 -2.2 0
      vertex 5 -2.181178695022383 0.2871576228841135
      vertex 20 -2.181178695022383 0.2871576228841135
    endloop
  endfacet
  facet normal -1.9472395120611948e-19 0.9807852804032307 -0.19509032201612653
    outer loop
      vertex 5 -2.181178695022383 0.2871576228841135
      vertex 5 -2.1250368178359507 0.5694018992255456
      vertex 20 -2.1250368178359507 0.5694018992255456
    endloop
  endfacet
  facet normal -1.6797105792443364e-19 0.9469301294951052 -0.3214394653031628
    outer loop
      vertex 5 -2.1250368178359507 0.5694018992255456
      vertex 5 -2.032534971524831 0.8419035512031976
      vertex 20 -2.032534971524831 0.8419035512031976
    endloop
  endfacet
  facet normal -1.4070590650549096e-19 0.8968727415326884 -0.44228869021900113
    outer loop
      vertex 5 -2.032534971524831 0.8419035512031976
      vertex 5 -1.905255888325765 1.1
      vertex 20 -1.905255888325765 1.1
    endloop
  endfacet
  facet normal -2.863398765906944e-19 0.8314696123025453 -0.5555702330196018
    outer loop
      vertex 5 -1.905255888325765 1.1
      vertex 5 -1.7453773486407176 1.3392751438191854
      vertex 20 -1.7453773486407176 1.3392751438191854
    endloop
  endfacet
  facet normal -7.960794238144185e-19 0.7518398074789778 -0.6593458151000685
    outer loop
      vertex 5 -1.7453773486407176 1.3392751438191854
      vertex 5 -1.5556349186104048 1.5556349186104048
      vertex 20 -1.5556349186104048 1.5556349186104048
    endloop
  endfacet
  facet normal 0 0.6593458151000685 0.7518398074789778
    outer loop
      vertex 5 -1.3392751438191854 -1.7453773486407176
      vertex 20 -1.5556349186104048 -1.5556349186104048
      vertex 20 -1.3392751438191854 -1.7453773486407176
    endloop
  endfacet
  facet normal 0 0.8968727415326884 0.44228869021900113
    outer loop
      vertex 5 -1.905255888325765 -1.1
      vertex 20 -2.032534971524831 -0.8419035512031976
      vertex 20 -1.905255888325765 -1.1
    endloop
  endfacet
  facet normal 0 0.7518398074789778 0.6593458151000685
    outer loop
      vertex 5 -1.5556349186104048 -1.5556349186104048
      vertex 20 -1.7453773486407176 -1.3392751438191854
      vertex 20 -1.5556349186104048 -1.5556349186104048
    endloop
  endfacet
  facet normal 0 0.8314696123025453 0.5555702330196018
    outer loop
      vertex 5 -1.7453773486407176 -1.3392751438191854
      vertex 20 -1.905255888325765 -1.1
      vertex 20 -1.7453773486407176 -1.3392751438191854
    endloop
  endfacet
  facet normal 0 0.44228869021900113 0.8968727415326884
    outer loop
      vertex 5 -0.8419035512031976 -2.032534971524831
      vertex 20 -1.1 -1.905255888325765
      vertex 20 -0.8419035512031976 -2.032534971524831
    endloop
  endfacet
  facet normal 0 0.3214394653031628 0.9469301294951052
    outer loop
      vertex 5 -0.5694018992255456 -2.1250368178359507
      vertex 20 -0.8419035512031976 -2.032534971524831
      vertex 20 -0.5694018992255456 -2.1250368178359507
    endloop
  endfacet
  facet normal 0 0.5555702330196018 0.8314696123025453
    outer loop
      vertex 5 -1.1 -1.905255888325765
      vertex 20 -1.3392751438191854 -1.7453773486407176
      vertex 20 -1.1 -1.905255888325765
    endloop
  endfacet
  facet normal 0 0.19509032201612653 0.9807852804032307
    outer loop
      vertex 5 -0.2871576228841135 -2.181178695022383
      vertex 20 -0.5694018992255456 -2.1250368178359507
      vertex 20 -0.2871576228841135 -2.181178695022383
    endloop
  endfacet
  facet normal 0 0.06540312923014398 0.9978589232386034
    outer loop
      vertex 5 0 -2.2
      vertex 20 -0.2871576228841135 -2.181178695022383
      vertex 20 0 -2.2
    endloop
  endfacet
  facet normal 0 0.9469301294951052 0.3214394653031628
    outer loop
      vertex 5 -2.032534971524831 -0.8419035512031976
      vertex 20 -2.1250368178359507 -0.5694018992255456
      vertex 20 -2.032534971524831 -0.8419035512031976
    endloop
  endfacet
  facet normal 0 0.9807852804032307 0.19509032201612653
    outer loop
      vertex 5 -2.1250368178359507 -0.5694018992255456
      vertex 20 -2.181178695022383 -0.2871576228841135
      vertex 20 -2.1250368178359507 -0.5694018992255456
    endloop
  endfacet
  facet normal 0 0.9978589232386034 0.06540312923014398
    outer loop
      vertex 5 -2.181178695022383 -0.2871576228841135
      vertex 20 -2.2 0
      vertex 20 -2.181178695022383 -0.2871576228841135
    endloop
  endfacet
  facet normal 0 0.9978589232386034 -0.06540312923014398
    outer loop
      vertex 5 -2.2 0
      vertex 20 -2.181178695022383 0.2871576228841135
      vertex 20 -2.2 0
    endloop
  endfacet
  facet normal 0 0.9807852804032307 -0.19509032201612653
    outer loop
      vertex 5 -2.181178695022383 0.2871576228841135
      vertex 20 -2.1250368178359507 0.5694018992255456
      vertex 20 -2.181178695022383 0.2871576228841135
    endloop
  endfacet
  facet normal 0 0.9469301294951052 -0.3214394653031628
    outer loop
      vertex 5 -2.1250368178359507 0.5694018992255456
      vertex 20 -2.032534971524831 0.8419035512031976
      vertex 20 -2.1250368178359507 0.5694018992255456
    endloop
  endfacet
  facet normal 0 0.8968727415326884 -0.44228869021900113
    outer loop
      vertex 5 -2.032534971524831 0.8419035512031976
      vertex 20 -1.905255888325765 1.1
      vertex 20 -2.032534971524831 0.8419035512031976
    endloop
  endfacet
  facet normal 0 0.8314696123025453 -0.5555702330196018
    outer loop
      vertex 5 -1.905255888325765 1.1
      vertex 20 -1.7453773486407176 1.3392751438191854
      vertex 20 -1.905255888325765 1.1
    endloop
  endfacet
  facet normal 0 0.7518398074789778 -0.6593458151000685
    outer loop
      vertex 5 -1.7453773486407176 1.3392751438191854
      vertex 20 -1.5556349186104048 1.5556349186104048
      vertex 20 -1.7453773486407176 1.3392751438191854
    endloop
  endfacet
  facet normal 0 0.6593458151000685 -0.7518398074789778
    outer loop
      vertex 5 -1.5556349186104048 1.5556349186104048
      vertex 20 -1.3392751438191854 1.7453773486407176
      vertex 20 -1.5556349186104048 1.5556349186104048
    endloop
  endfacet
  facet normal -7.960794238144185e-19 0.6593458151000685 -0.7518398074789778
    outer loop
      vertex 5 -1.5556349186104048 1.5556349186104048
      vertex 5 -1.3392751438191854 1.7453773486407176
      vertex 20 -1.3392751438191854 1.7453773486407176
    endloop
  endfacet
  facet normal -2.863398765906944e-19 0.5555702330196018 -0.8314696123025453
    outer loop
      vertex 5 -1.3392751438191854 1.7453773486407176
      vertex 5 -1.1 1.905255888325765
      vertex 20 -1.1 1.905255888325765
    endloop
  endfacet
  facet normal -1.4070590650549096e-19 0.44228869021900113 -0.8968727415326884
    outer loop
      vertex 5 -1.1 1.905255888325765
      vertex 5 -0.8419035512031976 2.032534971524831
      vertex 20 -0.8419035512031976 2.032534971524831
    endloop
  endfacet
  facet normal -1.6797105792443364e-19 0.3214394653031628 -0.9469301294951052
    outer loop
      vertex 5 -0.8419035512031976 2.032534971524831
      vertex 5 -0.5694018992255456 2.1250368178359507
      vertex 20 -0.5694018992255456 2.1250368178359507
    endloop
  endfacet
  facet normal -1.9472395120611948e-19 0.19509032201612653 -0.9807852804032307
    outer loop
      vertex 5 -0.5694018992255456 2.1250368178359507
      vertex 5 -0.2871576228841135 2.181178695022383
      vertex 20 -0.2871576228841135 2.181178695022383
    endloop
  endfacet
  facet normal 7.742917175452885e-20 0.06540312923014398 -0.9978589232386034
    outer loop
      vertex 5 -0.2871576228841135 2.181178695022383
      vertex 5 0 2.2
      vertex 20 0 2.2
    endloop
  endfacet
  facet normal 0 0.5555702330196018 -0.8314696123025453
    outer loop
      vertex 5 -1.3392751438191854 1.7453773486407176
      vertex 20 -1.1 1.905255888325765
      vertex 20 -1.3392751438191854 1.7453773486407176
    endloop
  endfacet
  facet normal 0 0.44228869021900113 -0.8968727415326884
    outer loop
      vertex 5 -1.1 1.905255888325765
      vertex 20 -0.8419035512031976 2.032534971524831
      vertex 20 -1.1 1.905255888325765
    endloop
  endfacet
  facet normal 0 0.3214394653031628 -0.9469301294951052
    outer loop
      vertex 5 -0.8419035512031976 2.032534971524831
      vertex 20 -0.5694018992255456 2.1250368178359507
      vertex 20 -0.8419035512031976 2.032534971524831
    endloop
  endfacet
  facet normal 0 0.19509032201612653 -0.9807852804032307
    outer loop
      vertex 5 -0.5694018992255456 2.1250368178359507
      vertex 20 -0.2871576228841135 2.181178695022383
      vertex 20 -0.5694018992255456 2.1250368178359507
    endloop
  endfacet
  facet normal 0 0.06540312923014398 -0.9978589232386034
    outer loop
      vertex 5 -0.2871576228841135 2.181178695022383
      vertex 20 0 2.2
      vertex 20 -0.2871576228841135 2.181178695022383
    endloop
  endfacet
  facet normal 1 0 0
    outer loop
      vertex 5 0 -2.2
      vertex 5 0.2871576228841135 -2.181178695022383
      vertex 5 0.2871576228841135 2.181178695022383
    endloop
  endfacet
  facet normal 1 0 0
    outer loop
      vertex 5 0.2871576228841135 -2.181178695022383
      vertex 5 0.5694018992255456 -2.1250368178359507
      vertex 5 0.5694018992255456 2.1250368178359507
    endloop
  endfacet
  facet normal 1 0 0
    outer loop
      vertex 5 0.5694018992255456 -2.1250368178359507
      vertex 5 0.8419035512031976 -2.032534971524831
      vertex 5 0.8419035512031976 2.032534971524831
    endloop
  endfacet
  facet normal 1 0 0
    outer loop
      vertex 5 0.8419035512031976 -2.032534971524831
      vertex 5 1.1 -1.905255888325765
      vertex 5 1.1 1.905255888325765
    endloop
  endfacet
  facet normal 1 0 0
    outer loop
      vertex 5 1.1 -1.905255888325765
      vertex 5 1.3392751438191854 -1.7453773486407176
      vertex 5 1.3392751438191854 1.7453773486407176
    endloop
  endfacet
  facet normal 1 0 0
    outer loop
      vertex 5 1.3392751438191854 -1.7453773486407176
      vertex 5 1.5556349186104048 -1.5556349186104048
      vertex 5 1.5556349186104048 1.5556349186104048
    endloop
  endfacet
  facet normal 1 0 0
    outer loop
      vertex 5 1.5556349186104048 -1.5556349186104048
      vertex 5 1.7453773486407176 -1.3392751438191854
      vertex 5 1.7453773486407176 1.3392751438191854
    endloop
  endfacet
  facet normal 1 0 0
    outer loop
      vertex 5 1.7453773486407176 -1.3392751438191854
      vertex 5 1.905255888325765 -1.1
      vertex 5 1.905255888325765 1.1
    endloop
  endfacet
  facet normal 1 0 0
    outer loop
      vertex 5 1.905255888325765 -1.1
      vertex 5 2.032534971524831 -0.8419035512031976
      vertex 5 2.032534971524831 0.8419035512031976
    endloop
  endfacet
  facet normal 1 0 0
    outer loop
      vertex 5 2.032534971524831 -0.8419035512031976
      vertex 5 2.1250368178359507 -0.5694018992255456
      vertex 5 2.1250368178359507 0.5694018992255456
    endloop
  endfacet
  facet normal 1 0 0
    outer loop
      vertex 5 2.1250368178359507 -0.5694018992255456
      vertex 5 2.181178695022383 -0.2871576228841135
      vertex 5 2.181178695022383 0.2871576228841135
    endloop
  endfacet
  facet normal 1 0 0
    outer loop
      vertex 5 2.181178695022383 -0.2871576228841135
      vertex 5 2.2 0
      vertex 5 2.181178695022383 0.2871576228841135
    endloop
  endfacet
  facet normal 1 0 0
    outer loop
      vertex 5 2.1250368178359507 -0.5694018992255456
      vertex 5 2.181178695022383 0.2871576228841135
      vertex 5 2.1250368178359507 0.5694018992255456
    endloop
  endfacet
  facet normal 1 0 0
    outer loop
      vertex 5 1.905255888325765 -1.1
      vertex 5 2.032534971524831 0.8419035512031976
      vertex 5 1.905255888325765 1.1
    endloop
  endfacet
  facet normal 1 0 0
    outer loop
      vertex 5 2.032534971524831 -0.8419035512031976
      vertex 5 2.1250368178359507 0.5694018992255456
      vertex 5 2.032534971524831 0.8419035512031976
    endloop
  endfacet
  facet normal 1 0 0
    outer loop
      vertex 5 0 -2.2
      vertex 5 0.2871576228841135 2.181178695022383
      vertex 5 0 2.2
    endloop
  endfacet
  facet normal 1 0 0
    outer loop
      vertex 5 0.2871576228841135 -2.181178695022383
      vertex 5 0.5694018992255456 2.1250368178359507
      vertex 5 0.2871576228841135 2.181178695022383
    endloop
  endfacet
  facet normal 1 0 0
    outer loop
      vertex 5 0.8419035512031976 -2.032534971524831
      vertex 5 1.1 1.905255888325765
      vertex 5 0.8419035512031976 2.032534971524831
    endloop
  endfacet
  facet normal 1 0 0
    outer loop
      vertex 5 1.1 -1.905255888325765
      vertex 5 1.3392751438191854 1.7453773486407176
      vertex 5 1.1 1.905255888325765
    endloop
  endfacet
  facet normal 1 0 0
    outer loop
      vertex 5 0.5694018992255456 -2.1250368178359507
      vertex 5 0.8419035512031976 2.032534971524831
      vertex 5 0.5694018992255456 2.1250368178359507
    endloop
  endfacet
  facet normal 1 0 0
    outer loop
      vertex 5 1.3392751438191854 -1.7453773486407176
      vertex 5 1.5556349186104048 1.5556349186104048
      vertex 5 1.3392751438191854 1.7453773486407176
    endloop
  endfacet
  facet normal 1 0 0
    outer loop
      vertex 5 1.5556349186104048 -1.5556349186104048
      vertex 5 1.7453773486407176 1.3392751438191854
      vertex 5 1.5556349186104048 1.5556349186104048
    endloop
  endfacet
  facet normal 1 0 0
    outer loop
      vertex 5 1.7453773486407176 -1.3392751438191854
      vertex 5 1.905255888325765 1.1
      vertex 5 1.7453773486407176 1.3392751438191854
    endloop
  endfacet
  facet normal 0 -0.06540312923014398 0.9978589232386034
    outer loop
      vertex 5 0 -2.2
      vertex 20 0 -2.2
      vertex 5 0.2871576228841135 -2.181178695022383
    endloop
  endfacet
  facet normal 0 -0.19509032201612653 0.9807852804032307
    outer loop
      vertex 5 0.2871576228841135 -2.181178695022383
      vertex 20 0.2871576228841135 -2.181178695022383
      vertex 5 0.5694018992255456 -2.1250368178359507
    endloop
  endfacet
  facet normal 0 -0.3214394653031628 0.9469301294951052
    outer loop
      vertex 5 0.5694018992255456 -2.1250368178359507
      vertex 20 0.5694018992255456 -2.1250368178359507
      vertex 5 0.8419035512031976 -2.032534971524831
    endloop
  endfacet
  facet normal 0 -0.44228869021900113 0.8968727415326884
    outer loop
      vertex 5 0.8419035512031976 -2.032534971524831
      vertex 20 0.8419035512031976 -2.032534971524831
      vertex 5 1.1 -1.905255888325765
    endloop
  endfacet
  facet normal 0 -0.5555702330196018 0.8314696123025453
    outer loop
      vertex 5 1.1 -1.905255888325765
      vertex 20 1.1 -1.905255888325765
      vertex 5 1.3392751438191854 -1.7453773486407176
    endloop
  endfacet
  facet normal 0 -0.6593458151000685 0.7518398074789778
    outer loop
      vertex 5 1.3392751438191854 -1.7453773486407176
      vertex 20 1.3392751438191854 -1.7453773486407176
      vertex 5 1.5556349186104048 -1.5556349186104048
    endloop
  endfacet
  facet normal 0 -0.7518398074789778 0.6593458151000685
    outer loop
      vertex 5 1.5556349186104048 -1.5556349186104048
      vertex 20 1.5556349186104048 -1.5556349186104048
      vertex 5 1.7453773486407176 -1.3392751438191854
    endloop
  endfacet
  facet normal 0 -0.8314696123025453 0.5555702330196018
    outer loop
      vertex 5 1.7453773486407176 -1.3392751438191854
      vertex 20 1.7453773486407176 -1.3392751438191854
      vertex 5 1.905255888325765 -1.1
    endloop
  endfacet
  facet normal 0 -0.8968727415326884 0.44228869021900113
    outer loop
      vertex 5 1.905255888325765 -1.1
      vertex 20 1.905255888325765 -1.1
      vertex 5 2.032534971524831 -0.8419035512031976
    endloop
  endfacet
  facet normal 0 -0.9469301294951052 0.3214394653031628
    outer loop
      vertex 5 2.032534971524831 -0.8419035512031976
      vertex 20 2.032534971524831 -0.8419035512031976
      vertex 5 2.1250368178359507 -0.5694018992255456
    endloop
  endfacet
  facet normal 0 -0.9807852804032307 0.19509032201612653
    outer loop
      vertex 5 2.1250368178359507 -0.5694018992255456
      vertex 20 2.1250368178359507 -0.5694018992255456
      vertex 5 2.181178695022383 -0.2871576228841135
    endloop
  endfacet
  facet normal 0 -0.9978589232386034 0.06540312923014398
    outer loop
      vertex 5 2.181178695022383 -0.2871576228841135
      vertex 20 2.181178695022383 -0.2871576228841135
      vertex 5 2.2 0
    endloop
  endfacet
  facet normal 0 -0.9978589232386034 -0.06540312923014398
    outer loop
      vertex 5 2.2 0
      vertex 20 2.2 0
      vertex 5 2.181178695022383 0.2871576228841135
    endloop
  endfacet
  facet normal 1.9472395120611948e-19 -0.9807852804032307 -0.19509032201612653
    outer loop
      vertex 5 2.1250368178359507 0.5694018992255456
      vertex 5 2.181178695022383 0.2871576228841135
      vertex 20 2.181178695022383 0.2871576228841135
    endloop
  endfacet
  facet normal 0 -0.9469301294951052 -0.3214394653031628
    outer loop
      vertex 5 2.1250368178359507 0.5694018992255456
      vertex 20 2.1250368178359507 0.5694018992255456
      vertex 5 2.032534971524831 0.8419035512031976
    endloop
  endfacet
  facet normal 1.4070590650549096e-19 -0.8968727415326884 -0.44228869021900113
    outer loop
      vertex 5 1.905255888325765 1.1
      vertex 5 2.032534971524831 0.8419035512031976
      vertex 20 2.032534971524831 0.8419035512031976
    endloop
  endfacet
  facet normal 2.863398765906944e-19 -0.8314696123025453 -0.5555702330196018
    outer loop
      vertex 5 1.7453773486407176 1.3392751438191854
      vertex 5 1.905255888325765 1.1
      vertex 20 1.905255888325765 1.1
    endloop
  endfacet
  facet normal 0 -0.6593458151000685 -0.7518398074789778
    outer loop
      vertex 5 1.5556349186104048 1.5556349186104048
      vertex 20 1.5556349186104048 1.5556349186104048
      vertex 5 1.3392751438191854 1.7453773486407176
    endloop
  endfacet
  facet normal 7.960794238144185e-19 -0.7518398074789778 -0.6593458151000685
    outer loop
      vertex 5 1.5556349186104048 1.5556349186104048
      vertex 5 1.7453773486407176 1.3392751438191854
      vertex 20 1.7453773486407176 1.3392751438191854
    endloop
  endfacet
  facet normal 0 -0.06540312923014398 0.9978589232386034
    outer loop
      vertex 5 0.2871576228841135 -2.181178695022383
      vertex 20 0 -2.2
      vertex 20 0.2871576228841135 -2.181178695022383
    endloop
  endfacet
  facet normal 0 -0.19509032201612653 0.9807852804032307
    outer loop
      vertex 5 0.5694018992255456 -2.1250368178359507
      vertex 20 0.2871576228841135 -2.181178695022383
      vertex 20 0.5694018992255456 -2.1250368178359507
    endloop
  endfacet
  facet normal 0 -0.3214394653031628 0.9469301294951052
    outer loop
      vertex 5 0.8419035512031976 -2.032534971524831
      vertex 20 0.5694018992255456 -2.1250368178359507
      vertex 20 0.8419035512031976 -2.032534971524831
    endloop
  endfacet
  facet normal 0 -0.44228869021900113 0.8968727415326884
    outer loop
      vertex 5 1.1 -1.905255888325765
      vertex 20 0.8419035512031976 -2.032534971524831
      vertex 20 1.1 -1.905255888325765
    endloop
  endfacet
  facet normal 0 -0.5555702330196018 0.8314696123025453
    outer loop
      vertex 5 1.3392751438191854 -1.7453773486407176
      vertex 20 1.1 -1.905255888325765
      vertex 20 1.3392751438191854 -1.7453773486407176
    endloop
  endfacet
  facet normal 0 -0.6593458151000685 0.7518398074789778
    outer loop
      vertex 5 1.5556349186104048 -1.5556349186104048
      vertex 20 1.3392751438191854 -1.7453773486407176
      vertex 20 1.5556349186104048 -1.5556349186104048
    endloop
  endfacet
  facet normal 0 -0.7518398074789778 0.6593458151000685
    outer loop
      vertex 5 1.7453773486407176 -1.3392751438191854
      vertex 20 1.5556349186104048 -1.5556349186104048
      vertex 20 1.7453773486407176 -1.3392751438191854
    endloop
  endfacet
  facet normal 0 -0.8314696123025453 0.5555702330196018
    outer loop
      vertex 5 1.905255888325765 -1.1
      vertex 20 1.7453773486407176 -1.3392751438191854
      vertex 20 1.905255888325765 -1.1
    endloop
  endfacet
  facet normal 0 -0.8968727415326884 0.44228869021900113
    outer loop
      vertex 5 2.032534971524831 -0.8419035512031976
      vertex 20 1.905255888325765 -1.1
      vertex 20 2.032534971524831 -0.8419035512031976
    endloop
  endfacet
  facet normal 0 -0.9469301294951052 0.3214394653031628
    outer loop
      vertex 5 2.1250368178359507 -0.5694018992255456
      vertex 20 2.032534971524831 -0.8419035512031976
      vertex 20 2.1250368178359507 -0.5694018992255456
    endloop
  endfacet
  facet normal 0 -0.9807852804032307 0.19509032201612653
    outer loop
      vertex 5 2.181178695022383 -0.2871576228841135
      vertex 20 2.1250368178359507 -0.5694018992255456
      vertex 20 2.181178695022383 -0.2871576228841135
    endloop
  endfacet
  facet normal 0 -0.9978589232386034 0.06540312923014398
    outer loop
      vertex 5 2.2 0
      vertex 20 2.181178695022383 -0.2871576228841135
      vertex 20 2.2 0
    endloop
  endfacet
  facet normal 0 -0.9978589232386034 -0.06540312923014398
    outer loop
      vertex 5 2.181178695022383 0.2871576228841135
      vertex 20 2.2 0
      vertex 20 2.181178695022383 0.2871576228841135
    endloop
  endfacet
  facet normal 0 -0.9807852804032307 -0.19509032201612653
    outer loop
      vertex 5 2.1250368178359507 0.5694018992255456
      vertex 20 2.181178695022383 0.2871576228841135
      vertex 20 2.1250368178359507 0.5694018992255456
    endloop
  endfacet
  facet normal 0 -0.9469301294951052 -0.3214394653031628
    outer loop
      vertex 5 2.032534971524831 0.8419035512031976
      vertex 20 2.1250368178359507 0.5694018992255456
      vertex 20 2.032534971524831 0.8419035512031976
    endloop
  endfacet
  facet normal 0 -0.8314696123025453 -0.5555702330196018
    outer loop
      vertex 5 1.7453773486407176 1.3392751438191854
      vertex 20 1.905255888325765 1.1
      vertex 20 1.7453773486407176 1.3392751438191854
    endloop
  endfacet
  facet normal 0 -0.7518398074789778 -0.6593458151000685
    outer loop
      vertex 5 1.5556349186104048 1.5556349186104048
      vertex 20 1.7453773486407176 1.3392751438191854
      vertex 20 1.5556349186104048 1.5556349186104048
    endloop
  endfacet
  facet normal 0 -0.8968727415326884 -0.44228869021900113
    outer loop
      vertex 5 1.905255888325765 1.1
      vertex 20 2.032534971524831 0.8419035512031976
      vertex 20 1.905255888325765 1.1
    endloop
  endfacet
  facet normal -7.742917175452885e-20 -0.06540312923014398 -0.9978589232386034
    outer loop
      vertex 5 0 2.2
      vertex 5 0.2871576228841135 2.181178695022383
      vertex 20 0.2871576228841135 2.181178695022383
    endloop
  endfacet
  facet normal 1.9472395120611948e-19 -0.19509032201612653 -0.9807852804032307
    outer loop
      vertex 5 0.2871576228841135 2.181178695022383
      vertex 5 0.5694018992255456 2.1250368178359507
      vertex 20 0.5694018992255456 2.1250368178359507
    endloop
  endfacet
  facet normal 0 -0.44228869021900113 -0.8968727415326884
    outer loop
      vertex 5 1.1 1.905255888325765
      vertex 20 1.1 1.905255888325765
      vertex 5 0.8419035512031976 2.032534971524831
    endloop
  endfacet
  facet normal 1.6797105792443364e-19 -0.3214394653031628 -0.9469301294951052
    outer loop
      vertex 5 0.5694018992255456 2.1250368178359507
      vertex 5 0.8419035512031976 2.032534971524831
      vertex 20 0.8419035512031976 2.032534971524831
    endloop
  endfacet
  facet normal 2.863398765906944e-19 -0.5555702330196018 -0.8314696123025453
    outer loop
      vertex 5 1.1 1.905255888325765
      vertex 5 1.3392751438191854 1.7453773486407176
      vertex 20 1.3392751438191854 1.7453773486407176
    endloop
  endfacet
  facet normal 0 -0.06540312923014398 -0.9978589232386034
    outer loop
      vertex 5 0 2.2
      vertex 20 0.2871576228841135 2.181178695022383
      vertex 20 0 2.2
    endloop
  endfacet
  facet normal 0 -0.19509032201612653 -0.9807852804032307
    outer loop
      vertex 5 0.2871576228841135 2.181178695022383
      vertex 20 0.5694018992255456 2.1250368178359507
      vertex 20 0.2871576228841135 2.181178695022383
    endloop
  endfacet
  facet normal 0 -0.5555702330196018 -0.8314696123025453
    outer loop
      vertex 5 1.1 1.905255888325765
      vertex 20 1.3392751438191854 1.7453773486407176
      vertex 20 1.1 1.905255888325765
    endloop
  endfacet
  facet normal 0 -0.3214394653031628 -0.9469301294951052
    outer loop
      vertex 5 0.5694018992255456 2.1250368178359507
      vertex 20 0.8419035512031976 2.032534971524831
      vertex 20 0.5694018992255456 2.1250368178359507
    endloop
  endfacet
  facet normal 0 -0.44228869021900113 -0.8968727415326884
    outer loop
      vertex 5 0.8419035512031976 2.032534971524831
      vertex 20 1.1 1.905255888325765
      vertex 20 0.8419035512031976 2.032534971524831
    endloop
  endfacet
  facet normal 0 -0.6593458151000685 -0.7518398074789778
    outer loop
      vertex 5 1.3392751438191854 1.7453773486407176
      vertex 20 1.5556349186104048 1.5556349186104048
      vertex 20 1.3392751438191854 1.7453773486407176
    endloop
  endfacet
  facet normal 0 1 0
    outer loop
      vertex -0.5694018992255456 5 -2.1250368178359507
      vertex 0.5694018992255456 5 -2.1250368178359507
      vertex -0.2871576228841135 5 -2.181178695022383
    endloop
  endfacet
  facet normal 0 1 0
    outer loop
      vertex -0.8419035512031976 5 -2.032534971524831
      vertex 0.8419035512031976 5 -2.032534971524831
      vertex -0.5694018992255456 5 -2.1250368178359507
    endloop
  endfacet
  facet normal 0 1 0
    outer loop
      vertex -1.3392751438191854 5 -1.7453773486407176
      vertex 1.3392751438191854 5 -1.7453773486407176
      vertex -1.1 5 -1.905255888325765
    endloop
  endfacet
  facet normal 0 1 0
    outer loop
      vertex -1.1 5 -1.905255888325765
      vertex 1.1 5 -1.905255888325765
      vertex -0.8419035512031976 5 -2.032534971524831
    endloop
  endfacet
  facet normal 0 1 0
    outer loop
      vertex -1.3392751438191854 5 -1.7453773486407176
      vertex -1.5556349186104048 5 -1.5556349186104048
      vertex 1.5556349186104048 5 -1.5556349186104048
    endloop
  endfacet
  facet normal 0 1 0
    outer loop
      vertex -1.7453773486407176 5 -1.3392751438191854
      vertex 1.7453773486407176 5 -1.3392751438191854
      vertex -1.5556349186104048 5 -1.5556349186104048
    endloop
  endfacet
  facet normal 0 1 0
    outer loop
      vertex -1.7453773486407176 5 -1.3392751438191854
      vertex -1.905255888325765 5 -1.1
      vertex 1.905255888325765 5 -1.1
    endloop
  endfacet
  facet normal 0 1 0
    outer loop
      vertex -2.032534971524831 5 -0.8419035512031976
      vertex 2.032534971524831 5 -0.8419035512031976
      vertex -1.905255888325765 5 -1.1
    endloop
  endfacet
  facet normal 0 1 0
    outer loop
      vertex -2.032534971524831 5 -0.8419035512031976
      vertex -2.1250368178359507 5 -0.5694018992255456
      vertex 2.1250368178359507 5 -0.5694018992255456
    endloop
  endfacet
  facet normal 0 1 0
    outer loop
      vertex -2.1250368178359507 5 -0.5694018992255456
      vertex -2.181178695022383 5 -0.2871576228841135
      vertex 2.181178695022383 5 -0.2871576228841135
    endloop
  endfacet
  facet normal 0 1 0
    outer loop
      vertex -2.181178695022383 5 -0.2871576228841135
      vertex -2.2 5 0
      vertex 2.2 5 0
    endloop
  endfacet
  facet normal 0 1 0
    outer loop
      vertex -2.2 5 0
      vertex -2.181178695022383 5 0.2871576228841135
      vertex 2.181178695022383 5 0.2871576228841135
    endloop
  endfacet
  facet normal 0 1 0
    outer loop
      vertex -2.181178695022383 5 0.2871576228841135
      vertex -2.1250368178359507 5 0.5694018992255456
      vertex 2.1250368178359507 5 0.5694018992255456
    endloop
  endfacet
  facet normal 0 1 0
    outer loop
      vertex -2.1250368178359507 5 0.5694018992255456
      vertex -2.032534971524831 5 0.8419035512031976
      vertex 2.032534971524831 5 0.8419035512031976
    endloop
  endfacet
  facet normal 0 1 0
    outer loop
      vertex -2.032534971524831 5 0.8419035512031976
      vertex -1.905255888325765 5 1.1
      vertex 1.905255888325765 5 1.1
    endloop
  endfacet
  facet normal 0 1 0
    outer loop
      vertex -1.905255888325765 5 1.1
      vertex -1.7453773486407176 5 1.3392751438191854
      vertex 1.7453773486407176 5 1.3392751438191854
    endloop
  endfacet
  facet normal 0 1 0
    outer loop
      vertex -1.7453773486407176 5 1.3392751438191854
      vertex -1.5556349186104048 5 1.5556349186104048
      vertex 1.5556349186104048 5 1.5556349186104048
    endloop
  endfacet
  facet normal 0 1 0
    outer loop
      vertex -1.5556349186104048 5 1.5556349186104048
      vertex -1.3392751438191854 5 1.7453773486407176
      vertex 1.3392751438191854 5 1.7453773486407176
    endloop
  endfacet
  facet normal 0 1 0
    outer loop
      vertex -1.3392751438191854 5 1.7453773486407176
      vertex -1.1 5 1.905255888325765
      vertex 1.1 5 1.905255888325765
    endloop
  endfacet
  facet normal 0 1 0
    outer loop
      vertex -1.1 5 1.905255888325765
      vertex -0.8419035512031976 5 2.032534971524831
      vertex 0.8419035512031976 5 2.032534971524831
    endloop
  endfacet
  facet normal 0 1 0
    outer loop
      vertex -0.8419035512031976 5 2.032534971524831
      vertex -0.5694018992255456 5 2.1250368178359507
      vertex 0.5694018992255456 5 2.1250368178359507
    endloop
  endfacet
  facet normal 0 1 0
    outer loop
      vertex -0.5694018992255456 5 2.1250368178359507
      vertex -0.2871576228841135 5 2.181178695022383
      vertex 0.2871576228841135 5 2.181178695022383
    endloop
  endfacet
  facet normal 0.6593458151000685 0 0.7518398074789778
    outer loop
      vertex -1.3392751438191854 5 -1.7453773486407176
      vertex -1.3392751438191854 20 -1.7453773486407176
      vertex -1.5556349186104048 5 -1.5556349186104048
    endloop
  endfacet
  facet normal 0.8968727415326884 1.4070590650549096e-19 0.44228869021900113
    outer loop
      vertex -2.032534971524831 5 -0.8419035512031976
      vertex -1.905255888325765 5 -1.1
      vertex -1.905255888325765 20 -1.1
    endloop
  endfacet
  facet normal 0.7518398074789778 7.960794238144185e-19 0.6593458151000685
    outer loop
      vertex -1.7453773486407176 5 -1.3392751438191854
      vertex -1.5556349186104048 5 -1.5556349186104048
      vertex -1.5556349186104048 20 -1.5556349186104048
    endloop
  endfacet
  facet normal 0.8314696123025453 0 0.5555702330196018
    outer loop
      vertex -1.7453773486407176 5 -1.3392751438191854
      vertex -1.7453773486407176 20 -1.3392751438191854
      vertex -1.905255888325765 5 -1.1
    endloop
  endfacet
  facet normal 0.44228869021900113 1.4070590650549096e-19 0.8968727415326884
    outer loop
      vertex -1.1 5 -1.905255888325765
      vertex -0.8419035512031976 5 -2.032534971524831
      vertex -0.8419035512031976 20 -2.032534971524831
    endloop
  endfacet
  facet normal 0.3214394653031628 1.6797105792443364e-19 0.9469301294951052
    outer loop
      vertex -0.8419035512031976 5 -2.032534971524831
      vertex -0.5694018992255456 5 -2.1250368178359507
      vertex -0.5694018992255456 20 -2.1250368178359507
    endloop
  endfacet
  facet normal 0.5555702330196018 2.863398765906944e-19 0.8314696123025453
    outer loop
      vertex -1.3392751438191854 5 -1.7453773486407176
      vertex -1.1 5 -1.905255888325765
      vertex -1.1 20 -1.905255888325765
    endloop
  endfacet
  facet normal 0.19509032201612653 1.9472395120611948e-19 0.9807852804032307
    outer loop
      vertex -0.5694018992255456 5 -2.1250368178359507
      vertex -0.2871576228841135 5 -2.181178695022383
      vertex -0.2871576228841135 20 -2.181178695022383
    endloop
  endfacet
  facet normal 0.06540312923014398 -7.742917175452885e-20 0.9978589232386034
    outer loop
      vertex -0.2871576228841135 5 -2.181178695022383
      vertex 0 5 -2.2
      vertex 0 20 -2.2
    endloop
  endfacet
  facet normal 0.9469301294951052 0 0.3214394653031628
    outer loop
      vertex -2.032534971524831 5 -0.8419035512031976
      vertex -2.032534971524831 20 -0.8419035512031976
      vertex -2.1250368178359507 5 -0.5694018992255456
    endloop
  endfacet
  facet normal 0.9807852804032307 0 0.19509032201612653
    outer loop
      vertex -2.1250368178359507 5 -0.5694018992255456
      vertex -2.1250368178359507 20 -0.5694018992255456
      vertex -2.181178695022383 5 -0.2871576228841135
    endloop
  endfacet
  facet normal 0.9978589232386034 0 0.06540312923014398
    outer loop
      vertex -2.181178695022383 5 -0.2871576228841135
      vertex -2.181178695022383 20 -0.2871576228841135
      vertex -2.2 5 0
    endloop
  endfacet
  facet normal 0.9978589232386034 0 -0.06540312923014398
    outer loop
      vertex -2.2 5 0
      vertex -2.2 20 0
      vertex -2.181178695022383 5 0.2871576228841135
    endloop
  endfacet
  facet normal 0.9807852804032307 0 -0.19509032201612653
    outer loop
      vertex -2.181178695022383 5 0.2871576228841135
      vertex -2.181178695022383 20 0.2871576228841135
      vertex -2.1250368178359507 5 0.5694018992255456
    endloop
  endfacet
  facet normal 0.9469301294951052 0 -0.3214394653031628
    outer loop
      vertex -2.1250368178359507 5 0.5694018992255456
      vertex -2.1250368178359507 20 0.5694018992255456
      vertex -2.032534971524831 5 0.8419035512031976
    endloop
  endfacet
  facet normal 0.8968727415326884 0 -0.44228869021900113
    outer loop
      vertex -2.032534971524831 5 0.8419035512031976
      vertex -2.032534971524831 20 0.8419035512031976
      vertex -1.905255888325765 5 1.1
    endloop
  endfacet
  facet normal 0.8314696123025453 0 -0.5555702330196018
    outer loop
      vertex -1.905255888325765 5 1.1
      vertex -1.905255888325765 20 1.1
      vertex -1.7453773486407176 5 1.3392751438191854
    endloop
  endfacet
  facet normal 0.7518398074789778 0 -0.6593458151000685
    outer loop
      vertex -1.7453773486407176 5 1.3392751438191854
      vertex -1.7453773486407176 20 1.3392751438191854
      vertex -1.5556349186104048 5 1.5556349186104048
    endloop
  endfacet
  facet normal 0.6593458151000685 0 -0.7518398074789778
    outer loop
      vertex -1.5556349186104048 5 1.5556349186104048
      vertex -1.5556349186104048 20 1.5556349186104048
      vertex -1.3392751438191854 5 1.7453773486407176
    endloop
  endfacet
  facet normal 0.5555702330196018 0 0.8314696123025453
    outer loop
      vertex -1.3392751438191854 5 -1.7453773486407176
      vertex -1.1 20 -1.905255888325765
      vertex -1.3392751438191854 20 -1.7453773486407176
    endloop
  endfacet
  facet normal 0.7518398074789778 0 0.6593458151000685
    outer loop
      vertex -1.7453773486407176 5 -1.3392751438191854
      vertex -1.5556349186104048 20 -1.5556349186104048
      vertex -1.7453773486407176 20 -1.3392751438191854
    endloop
  endfacet
  facet normal 0.6593458151000685 0 0.7518398074789778
    outer loop
      vertex -1.5556349186104048 5 -1.5556349186104048
      vertex -1.3392751438191854 20 -1.7453773486407176
      vertex -1.5556349186104048 20 -1.5556349186104048
    endloop
  endfacet
  facet normal 0.8314696123025453 0 0.5555702330196018
    outer loop
      vertex -1.905255888325765 5 -1.1
      vertex -1.7453773486407176 20 -1.3392751438191854
      vertex -1.905255888325765 20 -1.1
    endloop
  endfacet
  facet normal 0.3214394653031628 0 0.9469301294951052
    outer loop
      vertex -0.8419035512031976 5 -2.032534971524831
      vertex -0.5694018992255456 20 -2.1250368178359507
      vertex -0.8419035512031976 20 -2.032534971524831
    endloop
  endfacet
  facet normal 0.44228869021900113 0 0.8968727415326884
    outer loop
      vertex -1.1 5 -1.905255888325765
      vertex -0.8419035512031976 20 -2.032534971524831
      vertex -1.1 20 -1.905255888325765
    endloop
  endfacet
  facet normal 0.19509032201612653 0 0.9807852804032307
    outer loop
      vertex -0.5694018992255456 5 -2.1250368178359507
      vertex -0.2871576228841135 20 -2.181178695022383
      vertex -0.5694018992255456 20 -2.1250368178359507
    endloop
  endfacet
  facet normal 0.06540312923014398 0 0.9978589232386034
    outer loop
      vertex -0.2871576228841135 5 -2.181178695022383
      vertex 0 20 -2.2
      vertex -0.2871576228841135 20 -2.181178695022383
    endloop
  endfacet
  facet normal 0.8968727415326884 0 0.44228869021900113
    outer loop
      vertex -2.032534971524831 5 -0.8419035512031976
      vertex -1.905255888325765 20 -1.1
      vertex -2.032534971524831 20 -0.8419035512031976
    endloop
  endfacet
  facet normal 0.9469301294951052 0 0.3214394653031628
    outer loop
      vertex -2.1250368178359507 5 -0.5694018992255456
      vertex -2.032534971524831 20 -0.8419035512031976
      vertex -2.1250368178359507 20 -0.5694018992255456
    endloop
  endfacet
  facet normal 0.9807852804032307 0 0.19509032201612653
    outer loop
      vertex -2.181178695022383 5 -0.2871576228841135
      vertex -2.1250368178359507 20 -0.5694018992255456
      vertex -2.181178695022383 20 -0.2871576228841135
    endloop
  endfacet
  facet normal 0.9978589232386034 0 0.06540312923014398
    outer loop
      vertex -2.2 5 0
      vertex -2.181178695022383 20 -0.2871576228841135
      vertex -2.2 20 0
    endloop
  endfacet
  facet normal 0.9978589232386034 0 -0.06540312923014398
    outer loop
      vertex -2.181178695022383 5 0.2871576228841135
      vertex -2.2 20 0
      vertex -2.181178695022383 20 0.2871576228841135
    endloop
  endfacet
  facet normal 0.9807852804032307 0 -0.19509032201612653
    outer loop
      vertex -2.1250368178359507 5 0.5694018992255456
      vertex -2.181178695022383 20 0.2871576228841135
      vertex -2.1250368178359507 20 0.5694018992255456
    endloop
  endfacet
  facet normal 0.9469301294951052 0 -0.3214394653031628
    outer loop
      vertex -2.032534971524831 5 0.8419035512031976
      vertex -2.1250368178359507 20 0.5694018992255456
      vertex -2.032534971524831 20 0.8419035512031976
    endloop
  endfacet
  facet normal 0.8968727415326884 0 -0.44228869021900113
    outer loop
      vertex -1.905255888325765 5 1.1
      vertex -2.032534971524831 20 0.8419035512031976
      vertex -1.905255888325765 20 1.1
    endloop
  endfacet
  facet normal 0.8314696123025453 0 -0.5555702330196018
    outer loop
      vertex -1.7453773486407176 5 1.3392751438191854
      vertex -1.905255888325765 20 1.1
      vertex -1.7453773486407176 20 1.3392751438191854
    endloop
  endfacet
  facet normal 0.7518398074789778 0 -0.6593458151000685
    outer loop
      vertex -1.5556349186104048 5 1.5556349186104048
      vertex -1.7453773486407176 20 1.3392751438191854
      vertex -1.5556349186104048 20 1.5556349186104048
    endloop
  endfacet
  facet normal 0.5555702330196018 0 -0.8314696123025453
    outer loop
      vertex -1.3392751438191854 5 1.7453773486407176
      vertex -1.3392751438191854 20 1.7453773486407176
      vertex -1.1 5 1.905255888325765
    endloop
  endfacet
  facet normal 0.44228869021900113 0 -0.8968727415326884
    outer loop
      vertex -1.1 5 1.905255888325765
      vertex -1.1 20 1.905255888325765
      vertex -0.8419035512031976 5 2.032534971524831
    endloop
  endfacet
  facet normal 0.3214394653031628 0 -0.9469301294951052
    outer loop
      vertex -0.8419035512031976 5 2.032534971524831
      vertex -0.8419035512031976 20 2.032534971524831
      vertex -0.5694018992255456 5 2.1250368178359507
    endloop
  endfacet
  facet normal 0.19509032201612653 0 -0.9807852804032307
    outer loop
      vertex -0.5694018992255456 5 2.1250368178359507
      vertex -0.5694018992255456 20 2.1250368178359507
      vertex -0.2871576228841135 5 2.181178695022383
    endloop
  endfacet
  facet normal 0.06540312923014398 0 -0.9978589232386034
    outer loop
      vertex -0.2871576228841135 5 2.181178695022383
      vertex -0.2871576228841135 20 2.181178695022383
      vertex 0 5 2.2
    endloop
  endfacet
  facet normal 0.6593458151000685 0 -0.7518398074789778
    outer loop
      vertex -1.3392751438191854 5 1.7453773486407176
      vertex -1.5556349186104048 20 1.5556349186104048
      vertex -1.3392751438191854 20 1.7453773486407176
    endloop
  endfacet
  facet normal 0.5555702330196018 0 -0.8314696123025453
    outer loop
      vertex -1.1 5 1.905255888325765
      vertex -1.3392751438191854 20 1.7453773486407176
      vertex -1.1 20 1.905255888325765
    endloop
  endfacet
  facet normal 0.44228869021900113 0 -0.8968727415326884
    outer loop
      vertex -0.8419035512031976 5 2.032534971524831
      vertex -1.1 20 1.905255888325765
      vertex -0.8419035512031976 20 2.032534971524831
    endloop
  endfacet
  facet normal 0.3214394653031628 0 -0.9469301294951052
    outer loop
      vertex -0.5694018992255456 5 2.1250368178359507
      vertex -0.8419035512031976 20 2.032534971524831
      vertex -0.5694018992255456 20 2.1250368178359507
    endloop
  endfacet
  facet normal 0.19509032201612653 0 -0.9807852804032307
    outer loop
      vertex -0.2871576228841135 5 2.181178695022383
      vertex -0.5694018992255456 20 2.1250368178359507
      vertex -0.2871576228841135 20 2.181178695022383
    endloop
  endfacet
  facet normal 0.06540312923014398 0 -0.9978589232386034
    outer loop
      vertex 0 5 2.2
      vertex -0.2871576228841135 20 2.181178695022383
      vertex 0 20 2.2
    endloop
  endfacet
  facet normal 0 1 0
    outer loop
      vertex -0.2871576228841135 5 -2.181178695022383
      vertex 0.2871576228841135 5 -2.181178695022383
      vertex 0 5 -2.2
    endloop
  endfacet
  facet normal 0 1 0
    outer loop
      vertex -0.2871576228841135 5 -2.181178695022383
      vertex 0.5694018992255456 5 -2.1250368178359507
      vertex 0.2871576228841135 5 -2.181178695022383
    endloop
  endfacet
  facet normal 0 1 0
    outer loop
      vertex -0.5694018992255456 5 -2.1250368178359507
      vertex 0.8419035512031976 5 -2.032534971524831
      vertex 0.5694018992255456 5 -2.1250368178359507
    endloop
  endfacet
  facet normal 0 1 0
    outer loop
      vertex -0.8419035512031976 5 -2.032534971524831
      vertex 1.1 5 -1.905255888325765
      vertex 0.8419035512031976 5 -2.032534971524831
    endloop
  endfacet
  facet normal 0 1 0
    outer loop
      vertex -1.1 5 -1.905255888325765
      vertex 1.3392751438191854 5 -1.7453773486407176
      vertex 1.1 5 -1.905255888325765
    endloop
  endfacet
  facet normal 0 1 0
    outer loop
      vertex -1.3392751438191854 5 -1.7453773486407176
      vertex 1.5556349186104048 5 -1.5556349186104048
      vertex 1.3392751438191854 5 -1.7453773486407176
    endloop
  endfacet
  facet normal 0 1 0
    outer loop
      vertex -1.5556349186104048 5 -1.5556349186104048
      vertex 1.7453773486407176 5 -1.3392751438191854
      vertex 1.5556349186104048 5 -1.5556349186104048
    endloop
  endfacet
  facet normal 0 1 0
    outer loop
      vertex -1.7453773486407176 5 -1.3392751438191854
      vertex 1.905255888325765 5 -1.1
      vertex 1.7453773486407176 5 -1.3392751438191854
    endloop
  endfacet
  facet normal 0 1 0
    outer loop
      vertex -1.905255888325765 5 -1.1
      vertex 2.032534971524831 5 -0.8419035512031976
      vertex 1.905255888325765 5 -1.1
    endloop
  endfacet
  facet normal 0 1 0
    outer loop
      vertex -2.032534971524831 5 -0.8419035512031976
      vertex 2.1250368178359507 5 -0.5694018992255456
      vertex 2.032534971524831 5 -0.8419035512031976
    endloop
  endfacet
  facet normal 0 1 0
    outer loop
      vertex -2.1250368178359507 5 -0.5694018992255456
      vertex 2.181178695022383 5 -0.2871576228841135
      vertex 2.1250368178359507 5 -0.5694018992255456
    endloop
  endfacet
  facet normal 0 1 0
    outer loop
      vertex -2.181178695022383 5 -0.2871576228841135
      vertex 2.2 5 0
      vertex 2.181178695022383 5 -0.2871576228841135
    endloop
  endfacet
  facet normal 0 1 0
    outer loop
      vertex -2.2 5 0
      vertex 2.181178695022383 5 0.2871576228841135
      vertex 2.2 5 0
    endloop
  endfacet
  facet normal 0 1 0
    outer loop
      vertex -2.181178695022383 5 0.2871576228841135
      vertex 2.1250368178359507 5 0.5694018992255456
      vertex 2.181178695022383 5 0.2871576228841135
    endloop
  endfacet
  facet normal 0 1 0
    outer loop
      vertex -2.1250368178359507 5 0.5694018992255456
      vertex 2.032534971524831 5 0.8419035512031976
      vertex 2.1250368178359507 5 0.5694018992255456
    endloop
  endfacet
  facet normal 0 1 0
    outer loop
      vertex -2.032534971524831 5 0.8419035512031976
      vertex 1.905255888325765 5 1.1
      vertex 2.032534971524831 5 0.8419035512031976
    endloop
  endfacet
  facet normal 0 1 0
    outer loop
      vertex -1.905255888325765 5 1.1
      vertex 1.7453773486407176 5 1.3392751438191854
      vertex 1.905255888325765 5 1.1
    endloop
  endfacet
  facet normal 0 1 0
    outer loop
      vertex -1.7453773486407176 5 1.3392751438191854
      vertex 1.5556349186104048 5 1.5556349186104048
      vertex 1.7453773486407176 5 1.3392751438191854
    endloop
  endfacet
  facet normal 0 1 0
    outer loop
      vertex -1.5556349186104048 5 1.5556349186104048
      vertex 1.3392751438191854 5 1.7453773486407176
      vertex 1.5556349186104048 5 1.5556349186104048
    endloop
  endfacet
  facet normal 0 1 0
    outer loop
      vertex -1.1 5 1.905255888325765
      vertex 0.8419035512031976 5 2.032534971524831
      vertex 1.1 5 1.905255888325765
    endloop
  endfacet
  facet normal 0 1 0
    outer loop
      vertex -1.3392751438191854 5 1.7453773486407176
      vertex 1.1 5 1.905255888325765
      vertex 1.3392751438191854 5 1.7453773486407176
    endloop
  endfacet
  facet normal 0 1 0
    outer loop
      vertex -0.8419035512031976 5 2.032534971524831
      vertex 0.5694018992255456 5 2.1250368178359507
      vertex 0.8419035512031976 5 2.032534971524831
    endloop
  endfacet
  facet normal 0 1 0
    outer loop
      vertex -0.2871576228841135 5 2.181178695022383
      vertex 0 5 2.2
      vertex 0.2871576228841135 5 2.181178695022383
    endloop
  endfacet
  facet normal 0 1 0
    outer loop
      vertex -0.5694018992255456 5 2.1250368178359507
      vertex 0.2871576228841135 5 2.181178695022383
      vertex 0.5694018992255456 5 2.1250368178359507
    endloop
  endfacet
  facet normal -0.06540312923014398 7.742917175452885e-20 0.9978589232386034
    outer loop
      vertex 0 5 -2.2
      vertex 0.2871576228841135 5 -2.181178695022383
      vertex 0.2871576228841135 20 -2.181178695022383
    endloop
  endfacet
  facet normal -0.19509032201612653 -1.9472395120611948e-19 0.9807852804032307
    outer loop
      vertex 0.2871576228841135 5 -2.181178695022383
      vertex 0.5694018992255456 5 -2.1250368178359507
      vertex 0.5694018992255456 20 -2.1250368178359507
    endloop
  endfacet
  facet normal -0.3214394653031628 -1.6797105792443364e-19 0.9469301294951052
    outer loop
      vertex 0.5694018992255456 5 -2.1250368178359507
      vertex 0.8419035512031976 5 -2.032534971524831
      vertex 0.8419035512031976 20 -2.032534971524831
    endloop
  endfacet
  facet normal -0.44228869021900113 -1.4070590650549096e-19 0.8968727415326884
    outer loop
      vertex 0.8419035512031976 5 -2.032534971524831
      vertex 1.1 5 -1.905255888325765
      vertex 1.1 20 -1.905255888325765
    endloop
  endfacet
  facet normal -0.5555702330196018 -2.863398765906944e-19 0.8314696123025453
    outer loop
      vertex 1.1 5 -1.905255888325765
      vertex 1.3392751438191854 5 -1.7453773486407176
      vertex 1.3392751438191854 20 -1.7453773486407176
    endloop
  endfacet
  facet normal -0.6593458151000685 -7.960794238144185e-19 0.7518398074789778
    outer loop
      vertex 1.3392751438191854 5 -1.7453773486407176
      vertex 1.5556349186104048 5 -1.5556349186104048
      vertex 1.5556349186104048 20 -1.5556349186104048
    endloop
  endfacet
  facet normal -0.7518398074789778 -7.960794238144185e-19 0.6593458151000685
    outer loop
      vertex 1.5556349186104048 5 -1.5556349186104048
      vertex 1.7453773486407176 5 -1.3392751438191854
      vertex 1.7453773486407176 20 -1.3392751438191854
    endloop
  endfacet
  facet normal -0.8314696123025453 -2.863398765906944e-19 0.5555702330196018
    outer loop
      vertex 1.7453773486407176 5 -1.3392751438191854
      vertex 1.905255888325765 5 -1.1
      vertex 1.905255888325765 20 -1.1
    endloop
  endfacet
  facet normal -0.8968727415326884 -1.4070590650549096e-19 0.44228869021900113
    outer loop
      vertex 1.905255888325765 5 -1.1
      vertex 2.032534971524831 5 -0.8419035512031976
      vertex 2.032534971524831 20 -0.8419035512031976
    endloop
  endfacet
  facet normal -0.9469301294951052 -1.6797105792443364e-19 0.3214394653031628
    outer loop
      vertex 2.032534971524831 5 -0.8419035512031976
      vertex 2.1250368178359507 5 -0.5694018992255456
      vertex 2.1250368178359507 20 -0.5694018992255456
    endloop
  endfacet
  facet normal -0.9807852804032307 -1.9472395120611948e-19 0.19509032201612653
    outer loop
      vertex 2.1250368178359507 5 -0.5694018992255456
      vertex 2.181178695022383 5 -0.2871576228841135
      vertex 2.181178695022383 20 -0.2871576228841135
    endloop
  endfacet
  facet normal -0.9978589232386034 7.742917175452885e-20 0.06540312923014398
    outer loop
      vertex 2.181178695022383 5 -0.2871576228841135
      vertex 2.2 5 0
      vertex 2.2 20 0
    endloop
  endfacet
  facet normal -0.9978589232386034 -7.742917175452885e-20 -0.06540312923014398
    outer loop
      vertex 2.2 5 0
      vertex 2.181178695022383 5 0.2871576228841135
      vertex 2.181178695022383 20 0.2871576228841135
    endloop
  endfacet
  facet normal -0.9807852804032307 0 -0.19509032201612653
    outer loop
      vertex 2.1250368178359507 5 0.5694018992255456
      vertex 2.1250368178359507 20 0.5694018992255456
      vertex 2.181178695022383 5 0.2871576228841135
    endloop
  endfacet
  facet normal -0.9469301294951052 1.6797105792443364e-19 -0.3214394653031628
    outer loop
      vertex 2.1250368178359507 5 0.5694018992255456
      vertex 2.032534971524831 5 0.8419035512031976
      vertex 2.032534971524831 20 0.8419035512031976
    endloop
  endfacet
  facet normal -0.8314696123025453 0 -0.5555702330196018
    outer loop
      vertex 1.7453773486407176 5 1.3392751438191854
      vertex 1.7453773486407176 20 1.3392751438191854
      vertex 1.905255888325765 5 1.1
    endloop
  endfacet
  facet normal -0.7518398074789778 0 -0.6593458151000685
    outer loop
      vertex 1.5556349186104048 5 1.5556349186104048
      vertex 1.5556349186104048 20 1.5556349186104048
      vertex 1.7453773486407176 5 1.3392751438191854
    endloop
  endfacet
  facet normal -0.8968727415326884 0 -0.44228869021900113
    outer loop
      vertex 1.905255888325765 5 1.1
      vertex 1.905255888325765 20 1.1
      vertex 2.032534971524831 5 0.8419035512031976
    endloop
  endfacet
  facet normal -0.06540312923014398 0 0.9978589232386034
    outer loop
      vertex 0 5 -2.2
      vertex 0.2871576228841135 20 -2.181178695022383
      vertex 0 20 -2.2
    endloop
  endfacet
  facet normal -0.19509032201612653 0 0.9807852804032307
    outer loop
      vertex 0.2871576228841135 5 -2.181178695022383
      vertex 0.5694018992255456 20 -2.1250368178359507
      vertex 0.2871576228841135 20 -2.181178695022383
    endloop
  endfacet
  facet normal -0.3214394653031628 0 0.9469301294951052
    outer loop
      vertex 0.5694018992255456 5 -2.1250368178359507
      vertex 0.8419035512031976 20 -2.032534971524831
      vertex 0.5694018992255456 20 -2.1250368178359507
    endloop
  endfacet
  facet normal -0.44228869021900113 0 0.8968727415326884
    outer loop
      vertex 0.8419035512031976 5 -2.032534971524831
      vertex 1.1 20 -1.905255888325765
      vertex 0.8419035512031976 20 -2.032534971524831
    endloop
  endfacet
  facet normal -0.5555702330196018 0 0.8314696123025453
    outer loop
      vertex 1.1 5 -1.905255888325765
      vertex 1.3392751438191854 20 -1.7453773486407176
      vertex 1.1 20 -1.905255888325765
    endloop
  endfacet
  facet normal -0.6593458151000685 0 0.7518398074789778
    outer loop
      vertex 1.3392751438191854 5 -1.7453773486407176
      vertex 1.5556349186104048 20 -1.5556349186104048
      vertex 1.3392751438191854 20 -1.7453773486407176
    endloop
  endfacet
  facet normal -0.7518398074789778 0 0.6593458151000685
    outer loop
      vertex 1.5556349186104048 5 -1.5556349186104048
      vertex 1.7453773486407176 20 -1.3392751438191854
      vertex 1.5556349186104048 20 -1.5556349186104048
    endloop
  endfacet
  facet normal -0.8314696123025453 0 0.5555702330196018
    outer loop
      vertex 1.7453773486407176 5 -1.3392751438191854
      vertex 1.905255888325765 20 -1.1
      vertex 1.7453773486407176 20 -1.3392751438191854
    endloop
  endfacet
  facet normal -0.8968727415326884 0 0.44228869021900113
    outer loop
      vertex 1.905255888325765 5 -1.1
      vertex 2.032534971524831 20 -0.8419035512031976
      vertex 1.905255888325765 20 -1.1
    endloop
  endfacet
  facet normal -0.9469301294951052 0 0.3214394653031628
    outer loop
      vertex 2.032534971524831 5 -0.8419035512031976
      vertex 2.1250368178359507 20 -0.5694018992255456
      vertex 2.032534971524831 20 -0.8419035512031976
    endloop
  endfacet
  facet normal -0.9807852804032307 0 0.19509032201612653
    outer loop
      vertex 2.1250368178359507 5 -0.5694018992255456
      vertex 2.181178695022383 20 -0.2871576228841135
      vertex 2.1250368178359507 20 -0.5694018992255456
    endloop
  endfacet
  facet normal -0.9978589232386034 0 0.06540312923014398
    outer loop
      vertex 2.181178695022383 5 -0.2871576228841135
      vertex 2.2 20 0
      vertex 2.181178695022383 20 -0.2871576228841135
    endloop
  endfacet
  facet normal -0.9978589232386034 0 -0.06540312923014398
    outer loop
      vertex 2.2 5 0
      vertex 2.181178695022383 20 0.2871576228841135
      vertex 2.2 20 0
    endloop
  endfacet
  facet normal -0.9807852804032307 0 -0.19509032201612653
    outer loop
      vertex 2.181178695022383 5 0.2871576228841135
      vertex 2.1250368178359507 20 0.5694018992255456
      vertex 2.181178695022383 20 0.2871576228841135
    endloop
  endfacet
  facet normal -0.9469301294951052 0 -0.3214394653031628
    outer loop
      vertex 2.1250368178359507 5 0.5694018992255456
      vertex 2.032534971524831 20 0.8419035512031976
      vertex 2.1250368178359507 20 0.5694018992255456
    endloop
  endfacet
  facet normal -0.8968727415326884 0 -0.44228869021900113
    outer loop
      vertex 2.032534971524831 5 0.8419035512031976
      vertex 1.905255888325765 20 1.1
      vertex 2.032534971524831 20 0.8419035512031976
    endloop
  endfacet
  facet normal -0.8314696123025453 0 -0.5555702330196018
    outer loop
      vertex 1.905255888325765 5 1.1
      vertex 1.7453773486407176 20 1.3392751438191854
      vertex 1.905255888325765 20 1.1
    endloop
  endfacet
  facet normal -0.6593458151000685 0 -0.7518398074789778
    outer loop
      vertex 1.5556349186104048 5 1.5556349186104048
      vertex 1.3392751438191854 20 1.7453773486407176
      vertex 1.5556349186104048 20 1.5556349186104048
    endloop
  endfacet
  facet normal -0.7518398074789778 0 -0.6593458151000685
    outer loop
      vertex 1.7453773486407176 5 1.3392751438191854
      vertex 1.5556349186104048 20 1.5556349186104048
      vertex 1.7453773486407176 20 1.3392751438191854
    endloop
  endfacet
  facet normal -0.06540312923014398 0 -0.9978589232386034
    outer loop
      vertex 0 5 2.2
      vertex 0 20 2.2
      vertex 0.2871576228841135 5 2.181178695022383
    endloop
  endfacet
  facet normal -0.19509032201612653 0 -0.9807852804032307
    outer loop
      vertex 0.2871576228841135 5 2.181178695022383
      vertex 0.2871576228841135 20 2.181178695022383
      vertex 0.5694018992255456 5 2.1250368178359507
    endloop
  endfacet
  facet normal -0.5555702330196018 0 -0.8314696123025453
    outer loop
      vertex 1.1 5 1.905255888325765
      vertex 1.1 20 1.905255888325765
      vertex 1.3392751438191854 5 1.7453773486407176
    endloop
  endfacet
  facet normal -0.3214394653031628 0 -0.9469301294951052
    outer loop
      vertex 0.5694018992255456 5 2.1250368178359507
      vertex 0.5694018992255456 20 2.1250368178359507
      vertex 0.8419035512031976 5 2.032534971524831
    endloop
  endfacet
  facet normal -0.44228869021900113 1.4070590650549096e-19 -0.8968727415326884
    outer loop
      vertex 1.1 5 1.905255888325765
      vertex 0.8419035512031976 5 2.032534971524831
      vertex 0.8419035512031976 20 2.032534971524831
    endloop
  endfacet
  facet normal -0.6593458151000685 7.960794238144185e-19 -0.7518398074789778
    outer loop
      vertex 1.5556349186104048 5 1.5556349186104048
      vertex 1.3392751438191854 5 1.7453773486407176
      vertex 1.3392751438191854 20 1.7453773486407176
    endloop
  endfacet
  facet normal -0.06540312923014398 0 -0.9978589232386034
    outer loop
      vertex 0.2871576228841135 5 2.181178695022383
      vertex 0 20 2.2
      vertex 0.2871576228841135 20 2.181178695022383
    endloop
  endfacet
  facet normal -0.19509032201612653 0 -0.9807852804032307
    outer loop
      vertex 0.5694018992255456 5 2.1250368178359507
      vertex 0.2871576228841135 20 2.181178695022383
      vertex 0.5694018992255456 20 2.1250368178359507
    endloop
  endfacet
  facet normal -0.44228869021900113 0 -0.8968727415326884
    outer loop
      vertex 1.1 5 1.905255888325765
      vertex 0.8419035512031976 20 2.032534971524831
      vertex 1.1 20 1.905255888325765
    endloop
  endfacet
  facet normal -0.3214394653031628 0 -0.9469301294951052
    outer loop
      vertex 0.8419035512031976 5 2.032534971524831
      vertex 0.5694018992255456 20 2.1250368178359507
      vertex 0.8419035512031976 20 2.032534971524831
    endloop
  endfacet
  facet normal -0.5555702330196018 0 -0.8314696123025453
    outer loop
      vertex 1.3392751438191854 5 1.7453773486407176
      vertex 1.1 20 1.905255888325765
      vertex 1.3392751438191854 20 1.7453773486407176
    endloop
  endfacet
  facet normal 0 0.5555702330196018 0.8314696123025453
    outer loop
      vertex -5 -1.3392751438191854 -1.7453773486407176
      vertex -20 -1.1 -1.905255888325765
      vertex -20 -1.3392751438191854 -1.7453773486407176
    endloop
  endfacet
  facet normal 0 0.7518398074789778 0.6593458151000685
    outer loop
      vertex -5 -1.7453773486407176 -1.3392751438191854
      vertex -20 -1.5556349186104048 -1.5556349186104048
      vertex -20 -1.7453773486407176 -1.3392751438191854
    endloop
  endfacet
  facet normal 0 0.6593458151000685 0.7518398074789778
    outer loop
      vertex -5 -1.5556349186104048 -1.5556349186104048
      vertex -20 -1.3392751438191854 -1.7453773486407176
      vertex -20 -1.5556349186104048 -1.5556349186104048
    endloop
  endfacet
  facet normal 0 0.8314696123025453 0.5555702330196018
    outer loop
      vertex -5 -1.905255888325765 -1.1
      vertex -20 -1.7453773486407176 -1.3392751438191854
      vertex -20 -1.905255888325765 -1.1
    endloop
  endfacet
  facet normal 0 0.3214394653031628 0.9469301294951052
    outer loop
      vertex -5 -0.8419035512031976 -2.032534971524831
      vertex -20 -0.5694018992255456 -2.1250368178359507
      vertex -20 -0.8419035512031976 -2.032534971524831
    endloop
  endfacet
  facet normal 0 0.44228869021900113 0.8968727415326884
    outer loop
      vertex -5 -1.1 -1.905255888325765
      vertex -20 -0.8419035512031976 -2.032534971524831
      vertex -20 -1.1 -1.905255888325765
    endloop
  endfacet
  facet normal 0 0.19509032201612653 0.9807852804032307
    outer loop
      vertex -5 -0.5694018992255456 -2.1250368178359507
      vertex -20 -0.2871576228841135 -2.181178695022383
      vertex -20 -0.5694018992255456 -2.1250368178359507
    endloop
  endfacet
  facet normal 0 0.06540312923014398 0.9978589232386034
    outer loop
      vertex -5 -0.2871576228841135 -2.181178695022383
      vertex -20 0 -2.2
      vertex -20 -0.2871576228841135 -2.181178695022383
    endloop
  endfacet
  facet normal 0 0.8968727415326884 0.44228869021900113
    outer loop
      vertex -5 -2.032534971524831 -0.8419035512031976
      vertex -20 -1.905255888325765 -1.1
      vertex -20 -2.032534971524831 -0.8419035512031976
    endloop
  endfacet
  facet normal 0 0.9469301294951052 0.3214394653031628
    outer loop
      vertex -5 -2.1250368178359507 -0.5694018992255456
      vertex -20 -2.032534971524831 -0.8419035512031976
      vertex -20 -2.1250368178359507 -0.5694018992255456
    endloop
  endfacet
  facet normal 0 0.9807852804032307 0.19509032201612653
    outer loop
      vertex -5 -2.181178695022383 -0.2871576228841135
      vertex -20 -2.1250368178359507 -0.5694018992255456
      vertex -20 -2.181178695022383 -0.2871576228841135
    endloop
  endfacet
  facet normal 0 0.9978589232386034 0.06540312923014398
    outer loop
      vertex -5 -2.2 0
      vertex -20 -2.181178695022383 -0.2871576228841135
      vertex -20 -2.2 0
    endloop
  endfacet
  facet normal 0 0.9978589232386034 -0.06540312923014398
    outer loop
      vertex -5 -2.181178695022383 0.2871576228841135
      vertex -20 -2.2 0
      vertex -20 -2.181178695022383 0.2871576228841135
    endloop
  endfacet
  facet normal 0 0.9807852804032307 -0.19509032201612653
    outer loop
      vertex -5 -2.1250368178359507 0.5694018992255456
      vertex -20 -2.181178695022383 0.2871576228841135
      vertex -20 -2.1250368178359507 0.5694018992255456
    endloop
  endfacet
  facet normal 0 0.9469301294951052 -0.3214394653031628
    outer loop
      vertex -5 -2.032534971524831 0.8419035512031976
      vertex -20 -2.1250368178359507 0.5694018992255456
      vertex -20 -2.032534971524831 0.8419035512031976
    endloop
  endfacet
  facet normal 0 0.8968727415326884 -0.44228869021900113
    outer loop
      vertex -5 -1.905255888325765 1.1
      vertex -20 -2.032534971524831 0.8419035512031976
      vertex -20 -1.905255888325765 1.1
    endloop
  endfacet
  facet normal 0 0.8314696123025453 -0.5555702330196018
    outer loop
      vertex -5 -1.7453773486407176 1.3392751438191854
      vertex -20 -1.905255888325765 1.1
      vertex -20 -1.7453773486407176 1.3392751438191854
    endloop
  endfacet
  facet normal 0 0.7518398074789778 -0.6593458151000685
    outer loop
      vertex -5 -1.5556349186104048 1.5556349186104048
      vertex -20 -1.7453773486407176 1.3392751438191854
      vertex -20 -1.5556349186104048 1.5556349186104048
    endloop
  endfacet
  facet normal 0 0.6593458151000685 -0.7518398074789778
    outer loop
      vertex -5 -1.3392751438191854 1.7453773486407176
      vertex -20 -1.5556349186104048 1.5556349186104048
      vertex -20 -1.3392751438191854 1.7453773486407176
    endloop
  endfacet
  facet normal 0 0.5555702330196018 -0.8314696123025453
    outer loop
      vertex -5 -1.1 1.905255888325765
      vertex -20 -1.3392751438191854 1.7453773486407176
      vertex -20 -1.1 1.905255888325765
    endloop
  endfacet
  facet normal 0 0.44228869021900113 -0.8968727415326884
    outer loop
      vertex -5 -0.8419035512031976 2.032534971524831
      vertex -20 -1.1 1.905255888325765
      vertex -20 -0.8419035512031976 2.032534971524831
    endloop
  endfacet
  facet normal 0 0.3214394653031628 -0.9469301294951052
    outer loop
      vertex -5 -0.5694018992255456 2.1250368178359507
      vertex -20 -0.8419035512031976 2.032534971524831
      vertex -20 -0.5694018992255456 2.1250368178359507
    endloop
  endfacet
  facet normal 0 0.19509032201612653 -0.9807852804032307
    outer loop
      vertex -5 -0.2871576228841135 2.181178695022383
      vertex -20 -0.5694018992255456 2.1250368178359507
      vertex -20 -0.2871576228841135 2.181178695022383
    endloop
  endfacet
  facet normal 0 0.06540312923014398 -0.9978589232386034
    outer loop
      vertex -5 0 2.2
      vertex -20 -0.2871576228841135 2.181178695022383
      vertex -20 0 2.2
    endloop
  endfacet
  facet normal 0 0.6593458151000685 0.7518398074789778
    outer loop
      vertex -5 -1.3392751438191854 -1.7453773486407176
      vertex -20 -1.3392751438191854 -1.7453773486407176
      vertex -5 -1.5556349186104048 -1.5556349186104048
    endloop
  endfacet
  facet normal 1.4070590650549096e-19 0.8968727415326884 0.44228869021900113
    outer loop
      vertex -5 -2.032534971524831 -0.8419035512031976
      vertex -5 -1.905255888325765 -1.1
      vertex -20 -1.905255888325765 -1.1
    endloop
  endfacet
  facet normal 7.960794238144185e-19 0.7518398074789778 0.6593458151000685
    outer loop
      vertex -5 -1.7453773486407176 -1.3392751438191854
      vertex -5 -1.5556349186104048 -1.5556349186104048
      vertex -20 -1.5556349186104048 -1.5556349186104048
    endloop
  endfacet
  facet normal 0 0.8314696123025453 0.5555702330196018
    outer loop
      vertex -5 -1.7453773486407176 -1.3392751438191854
      vertex -20 -1.7453773486407176 -1.3392751438191854
      vertex -5 -1.905255888325765 -1.1
    endloop
  endfacet
  facet normal 1.4070590650549096e-19 0.44228869021900113 0.8968727415326884
    outer loop
      vertex -5 -1.1 -1.905255888325765
      vertex -5 -0.8419035512031976 -2.032534971524831
      vertex -20 -0.8419035512031976 -2.032534971524831
    endloop
  endfacet
  facet normal 1.6797105792443364e-19 0.3214394653031628 0.9469301294951052
    outer loop
      vertex -5 -0.8419035512031976 -2.032534971524831
      vertex -5 -0.5694018992255456 -2.1250368178359507
      vertex -20 -0.5694018992255456 -2.1250368178359507
    endloop
  endfacet
  facet normal 2.863398765906944e-19 0.5555702330196018 0.8314696123025453
    outer loop
      vertex -5 -1.3392751438191854 -1.7453773486407176
      vertex -5 -1.1 -1.905255888325765
      vertex -20 -1.1 -1.905255888325765
    endloop
  endfacet
  facet normal 1.9472395120611948e-19 0.19509032201612653 0.9807852804032307
    outer loop
      vertex -5 -0.5694018992255456 -2.1250368178359507
      vertex -5 -0.2871576228841135 -2.181178695022383
      vertex -20 -0.2871576228841135 -2.181178695022383
    endloop
  endfacet
  facet normal -7.742917175452885e-20 0.06540312923014398 0.9978589232386034
    outer loop
      vertex -5 -0.2871576228841135 -2.181178695022383
      vertex -5 0 -2.2
      vertex -20 0 -2.2
    endloop
  endfacet
  facet normal 0 0.9469301294951052 0.3214394653031628
    outer loop
      vertex -5 -2.032534971524831 -0.8419035512031976
      vertex -20 -2.032534971524831 -0.8419035512031976
      vertex -5 -2.1250368178359507 -0.5694018992255456
    endloop
  endfacet
  facet normal 0 0.9807852804032307 0.19509032201612653
    outer loop
      vertex -5 -2.1250368178359507 -0.5694018992255456
      vertex -20 -2.1250368178359507 -0.5694018992255456
      vertex -5 -2.181178695022383 -0.2871576228841135
    endloop
  endfacet
  facet normal 0 0.9978589232386034 0.06540312923014398
    outer loop
      vertex -5 -2.181178695022383 -0.2871576228841135
      vertex -20 -2.181178695022383 -0.2871576228841135
      vertex -5 -2.2 0
    endloop
  endfacet
  facet normal 0 0.9978589232386034 -0.06540312923014398
    outer loop
      vertex -5 -2.2 0
      vertex -20 -2.2 0
      vertex -5 -2.181178695022383 0.2871576228841135
    endloop
  endfacet
  facet normal 0 0.9807852804032307 -0.19509032201612653
    outer loop
      vertex -5 -2.181178695022383 0.2871576228841135
      vertex -20 -2.181178695022383 0.2871576228841135
      vertex -5 -2.1250368178359507 0.5694018992255456
    endloop
  endfacet
  facet normal 0 0.9469301294951052 -0.3214394653031628
    outer loop
      vertex -5 -2.1250368178359507 0.5694018992255456
      vertex -20 -2.1250368178359507 0.5694018992255456
      vertex -5 -2.032534971524831 0.8419035512031976
    endloop
  endfacet
  facet normal 0 0.8968727415326884 -0.44228869021900113
    outer loop
      vertex -5 -2.032534971524831 0.8419035512031976
      vertex -20 -2.032534971524831 0.8419035512031976
      vertex -5 -1.905255888325765 1.1
    endloop
  endfacet
  facet normal 0 0.8314696123025453 -0.5555702330196018
    outer loop
      vertex -5 -1.905255888325765 1.1
      vertex -20 -1.905255888325765 1.1
      vertex -5 -1.7453773486407176 1.3392751438191854
    endloop
  endfacet
  facet normal 0 0.7518398074789778 -0.6593458151000685
    outer loop
      vertex -5 -1.7453773486407176 1.3392751438191854
      vertex -20 -1.7453773486407176 1.3392751438191854
      vertex -5 -1.5556349186104048 1.5556349186104048
    endloop
  endfacet
  facet normal 0 0.6593458151000685 -0.7518398074789778
    outer loop
      vertex -5 -1.5556349186104048 1.5556349186104048
      vertex -20 -1.5556349186104048 1.5556349186104048
      vertex -5 -1.3392751438191854 1.7453773486407176
    endloop
  endfacet
  facet normal -1 0 0
    outer loop
      vertex -5 -2.032534971524831 -0.8419035512031976
      vertex -5 -2.032534971524831 0.8419035512031976
      vertex -5 -1.905255888325765 -1.1
    endloop
  endfacet
  facet normal -1 0 0
    outer loop
      vertex -5 -1.7453773486407176 -1.3392751438191854
      vertex -5 -1.7453773486407176 1.3392751438191854
      vertex -5 -1.5556349186104048 -1.5556349186104048
    endloop
  endfacet
  facet normal -1 0 0
    outer loop
      vertex -5 -1.7453773486407176 -1.3392751438191854
      vertex -5 -1.905255888325765 -1.1
      vertex -5 -1.905255888325765 1.1
    endloop
  endfacet
  facet normal -1 0 0
    outer loop
      vertex -5 -1.3392751438191854 -1.7453773486407176
      vertex -5 -1.5556349186104048 -1.5556349186104048
      vertex -5 -1.5556349186104048 1.5556349186104048
    endloop
  endfacet
  facet normal -1 0 0
    outer loop
      vertex -5 -1.3392751438191854 -1.7453773486407176
      vertex -5 -1.3392751438191854 1.7453773486407176
      vertex -5 -1.1 -1.905255888325765
    endloop
  endfacet
  facet normal -1 0 0
    outer loop
      vertex -5 -2.032534971524831 -0.8419035512031976
      vertex -5 -2.1250368178359507 -0.5694018992255456
      vertex -5 -2.1250368178359507 0.5694018992255456
    endloop
  endfacet
  facet normal -1 0 0
    outer loop
      vertex -5 -2.1250368178359507 -0.5694018992255456
      vertex -5 -2.181178695022383 -0.2871576228841135
      vertex -5 -2.181178695022383 0.2871576228841135
    endloop
  endfacet
  facet normal -1 0 0
    outer loop
      vertex -5 -2.181178695022383 -0.2871576228841135
      vertex -5 -2.2 0
      vertex -5 -2.181178695022383 0.2871576228841135
    endloop
  endfacet
  facet normal -1 0 0
    outer loop
      vertex -5 -2.1250368178359507 -0.5694018992255456
      vertex -5 -2.181178695022383 0.2871576228841135
      vertex -5 -2.1250368178359507 0.5694018992255456
    endloop
  endfacet
  facet normal -1 0 0
    outer loop
      vertex -5 -2.032534971524831 -0.8419035512031976
      vertex -5 -2.1250368178359507 0.5694018992255456
      vertex -5 -2.032534971524831 0.8419035512031976
    endloop
  endfacet
  facet normal -1 0 0
    outer loop
      vertex -5 -1.905255888325765 -1.1
      vertex -5 -2.032534971524831 0.8419035512031976
      vertex -5 -1.905255888325765 1.1
    endloop
  endfacet
  facet normal -1 0 0
    outer loop
      vertex -5 -1.1 -1.905255888325765
      vertex -5 -1.1 1.905255888325765
      vertex -5 -0.8419035512031976 -2.032534971524831
    endloop
  endfacet
  facet normal -1 0 0
    outer loop
      vertex -5 -0.8419035512031976 -2.032534971524831
      vertex -5 -0.8419035512031976 2.032534971524831
      vertex -5 -0.5694018992255456 -2.1250368178359507
    endloop
  endfacet
  facet normal -1 0 0
    outer loop
      vertex -5 -0.5694018992255456 -2.1250368178359507
      vertex -5 -0.5694018992255456 2.1250368178359507
      vertex -5 -0.2871576228841135 -2.181178695022383
    endloop
  endfacet
  facet normal -1 0 0
    outer loop
      vertex -5 -0.2871576228841135 -2.181178695022383
      vertex -5 -0.2871576228841135 2.181178695022383
      vertex -5 0 -2.2
    endloop
  endfacet
  facet normal -1 0 0
    outer loop
      vertex -5 -1.7453773486407176 -1.3392751438191854
      vertex -5 -1.905255888325765 1.1
      vertex -5 -1.7453773486407176 1.3392751438191854
    endloop
  endfacet
  facet normal -1 0 0
    outer loop
      vertex -5 -1.7453773486407176 1.3392751438191854
      vertex -5 -1.5556349186104048 1.5556349186104048
      vertex -5 -1.5556349186104048 -1.5556349186104048
    endloop
  endfacet
  facet normal -1 0 0
    outer loop
      vertex -5 -1.3392751438191854 -1.7453773486407176
      vertex -5 -1.5556349186104048 1.5556349186104048
      vertex -5 -1.3392751438191854 1.7453773486407176
    endloop
  endfacet
  facet normal -1 0 0
    outer loop
      vertex -5 -1.1 -1.905255888325765
      vertex -5 -1.3392751438191854 1.7453773486407176
      vertex -5 -1.1 1.905255888325765
    endloop
  endfacet
  facet normal -1 0 0
    outer loop
      vertex -5 -0.8419035512031976 -2.032534971524831
      vertex -5 -1.1 1.905255888325765
      vertex -5 -0.8419035512031976 2.032534971524831
    endloop
  endfacet
  facet normal -1 0 0
    outer loop
      vertex -5 -0.5694018992255456 -2.1250368178359507
      vertex -5 -0.8419035512031976 2.032534971524831
      vertex -5 -0.5694018992255456 2.1250368178359507
    endloop
  endfacet
  facet normal -1 0 0
    outer loop
      vertex -5 -0.2871576228841135 -2.181178695022383
      vertex -5 -0.5694018992255456 2.1250368178359507
      vertex -5 -0.2871576228841135 2.181178695022383
    endloop
  endfacet
  facet normal -1 0 0
    outer loop
      vertex -5 -0.2871576228841135 2.181178695022383
      vertex -5 0 2.2
      vertex -5 0 -2.2
    endloop
  endfacet
  facet normal 0 0.5555702330196018 -0.8314696123025453
    outer loop
      vertex -5 -1.3392751438191854 1.7453773486407176
      vertex -20 -1.3392751438191854 1.7453773486407176
      vertex -5 -1.1 1.905255888325765
    endloop
  endfacet
  facet normal 0 0.44228869021900113 -0.8968727415326884
    outer loop
      vertex -5 -1.1 1.905255888325765
      vertex -20 -1.1 1.905255888325765
      vertex -5 -0.8419035512031976 2.032534971524831
    endloop
  endfacet
  facet normal 0 0.3214394653031628 -0.9469301294951052
    outer loop
      vertex -5 -0.8419035512031976 2.032534971524831
      vertex -20 -0.8419035512031976 2.032534971524831
      vertex -5 -0.5694018992255456 2.1250368178359507
    endloop
  endfacet
  facet normal 0 0.19509032201612653 -0.9807852804032307
    outer loop
      vertex -5 -0.5694018992255456 2.1250368178359507
      vertex -20 -0.5694018992255456 2.1250368178359507
      vertex -5 -0.2871576228841135 2.181178695022383
    endloop
  endfacet
  facet normal 0 0.06540312923014398 -0.9978589232386034
    outer loop
      vertex -5 -0.2871576228841135 2.181178695022383
      vertex -20 -0.2871576228841135 2.181178695022383
      vertex -5 0 2.2
    endloop
  endfacet
  facet normal 0 -0.06540312923014398 0.9978589232386034
    outer loop
      vertex -5 0 -2.2
      vertex -20 0.2871576228841135 -2.181178695022383
      vertex -20 0 -2.2
    endloop
  endfacet
  facet normal 0 -0.19509032201612653 0.9807852804032307
    outer loop
      vertex -5 0.2871576228841135 -2.181178695022383
      vertex -20 0.5694018992255456 -2.1250368178359507
      vertex -20 0.2871576228841135 -2.181178695022383
    endloop
  endfacet
  facet normal 0 -0.3214394653031628 0.9469301294951052
    outer loop
      vertex -5 0.5694018992255456 -2.1250368178359507
      vertex -20 0.8419035512031976 -2.032534971524831
      vertex -20 0.5694018992255456 -2.1250368178359507
    endloop
  endfacet
  facet normal 0 -0.44228869021900113 0.8968727415326884
    outer loop
      vertex -5 0.8419035512031976 -2.032534971524831
      vertex -20 1.1 -1.905255888325765
      vertex -20 0.8419035512031976 -2.032534971524831
    endloop
  endfacet
  facet normal 0 -0.5555702330196018 0.8314696123025453
    outer loop
      vertex -5 1.1 -1.905255888325765
      vertex -20 1.3392751438191854 -1.7453773486407176
      vertex -20 1.1 -1.905255888325765
    endloop
  endfacet
  facet normal 0 -0.6593458151000685 0.7518398074789778
    outer loop
      vertex -5 1.3392751438191854 -1.7453773486407176
      vertex -20 1.5556349186104048 -1.5556349186104048
      vertex -20 1.3392751438191854 -1.7453773486407176
    endloop
  endfacet
  facet normal 0 -0.7518398074789778 0.6593458151000685
    outer loop
      vertex -5 1.5556349186104048 -1.5556349186104048
      vertex -20 1.7453773486407176 -1.3392751438191854
      vertex -20 1.5556349186104048 -1.5556349186104048
    endloop
  endfacet
  facet normal 0 -0.8314696123025453 0.5555702330196018
    outer loop
      vertex -5 1.7453773486407176 -1.3392751438191854
      vertex -20 1.905255888325765 -1.1
      vertex -20 1.7453773486407176 -1.3392751438191854
    endloop
  endfacet
  facet normal 0 -0.8968727415326884 0.44228869021900113
    outer loop
      vertex -5 1.905255888325765 -1.1
      vertex -20 2.032534971524831 -0.8419035512031976
      vertex -20 1.905255888325765 -1.1
    endloop
  endfacet
  facet normal 0 -0.9469301294951052 0.3214394653031628
    outer loop
      vertex -5 2.032534971524831 -0.8419035512031976
      vertex -20 2.1250368178359507 -0.5694018992255456
      vertex -20 2.032534971524831 -0.8419035512031976
    endloop
  endfacet
  facet normal 0 -0.9807852804032307 0.19509032201612653
    outer loop
      vertex -5 2.1250368178359507 -0.5694018992255456
      vertex -20 2.181178695022383 -0.2871576228841135
      vertex -20 2.1250368178359507 -0.5694018992255456
    endloop
  endfacet
  facet normal 0 -0.9978589232386034 0.06540312923014398
    outer loop
      vertex -5 2.181178695022383 -0.2871576228841135
      vertex -20 2.2 0
      vertex -20 2.181178695022383 -0.2871576228841135
    endloop
  endfacet
  facet normal 0 -0.9978589232386034 -0.06540312923014398
    outer loop
      vertex -5 2.2 0
      vertex -20 2.181178695022383 0.2871576228841135
      vertex -20 2.2 0
    endloop
  endfacet
  facet normal 0 -0.9807852804032307 -0.19509032201612653
    outer loop
      vertex -5 2.181178695022383 0.2871576228841135
      vertex -20 2.1250368178359507 0.5694018992255456
      vertex -20 2.181178695022383 0.2871576228841135
    endloop
  endfacet
  facet normal 0 -0.9469301294951052 -0.3214394653031628
    outer loop
      vertex -5 2.1250368178359507 0.5694018992255456
      vertex -20 2.032534971524831 0.8419035512031976
      vertex -20 2.1250368178359507 0.5694018992255456
    endloop
  endfacet
  facet normal 0 -0.8968727415326884 -0.44228869021900113
    outer loop
      vertex -5 2.032534971524831 0.8419035512031976
      vertex -20 1.905255888325765 1.1
      vertex -20 2.032534971524831 0.8419035512031976
    endloop
  endfacet
  facet normal 0 -0.8314696123025453 -0.5555702330196018
    outer loop
      vertex -5 1.905255888325765 1.1
      vertex -20 1.7453773486407176 1.3392751438191854
      vertex -20 1.905255888325765 1.1
    endloop
  endfacet
  facet normal 0 -0.6593458151000685 -0.7518398074789778
    outer loop
      vertex -5 1.5556349186104048 1.5556349186104048
      vertex -20 1.3392751438191854 1.7453773486407176
      vertex -20 1.5556349186104048 1.5556349186104048
    endloop
  endfacet
  facet normal 0 -0.7518398074789778 -0.6593458151000685
    outer loop
      vertex -5 1.7453773486407176 1.3392751438191854
      vertex -20 1.5556349186104048 1.5556349186104048
      vertex -20 1.7453773486407176 1.3392751438191854
    endloop
  endfacet
  facet normal 0 -0.06540312923014398 -0.9978589232386034
    outer loop
      vertex -5 0.2871576228841135 2.181178695022383
      vertex -20 0 2.2
      vertex -20 0.2871576228841135 2.181178695022383
    endloop
  endfacet
  facet normal 0 -0.19509032201612653 -0.9807852804032307
    outer loop
      vertex -5 0.5694018992255456 2.1250368178359507
      vertex -20 0.2871576228841135 2.181178695022383
      vertex -20 0.5694018992255456 2.1250368178359507
    endloop
  endfacet
  facet normal 0 -0.44228869021900113 -0.8968727415326884
    outer loop
      vertex -5 1.1 1.905255888325765
      vertex -20 0.8419035512031976 2.032534971524831
      vertex -20 1.1 1.905255888325765
    endloop
  endfacet
  facet normal 0 -0.3214394653031628 -0.9469301294951052
    outer loop
      vertex -5 0.8419035512031976 2.032534971524831
      vertex -20 0.5694018992255456 2.1250368178359507
      vertex -20 0.8419035512031976 2.032534971524831
    endloop
  endfacet
  facet normal 0 -0.5555702330196018 -0.8314696123025453
    outer loop
      vertex -5 1.3392751438191854 1.7453773486407176
      vertex -20 1.1 1.905255888325765
      vertex -20 1.3392751438191854 1.7453773486407176
    endloop
  endfacet
  facet normal 7.742917175452885e-20 -0.06540312923014398 0.9978589232386034
    outer loop
      vertex -5 0 -2.2
      vertex -5 0.2871576228841135 -2.181178695022383
      vertex -20 0.2871576228841135 -2.181178695022383
    endloop
  endfacet
  facet normal -1.9472395120611948e-19 -0.19509032201612653 0.9807852804032307
    outer loop
      vertex -5 0.2871576228841135 -2.181178695022383
      vertex -5 0.5694018992255456 -2.1250368178359507
      vertex -20 0.5694018992255456 -2.1250368178359507
    endloop
  endfacet
  facet normal -1.6797105792443364e-19 -0.3214394653031628 0.9469301294951052
    outer loop
      vertex -5 0.5694018992255456 -2.1250368178359507
      vertex -5 0.8419035512031976 -2.032534971524831
      vertex -20 0.8419035512031976 -2.032534971524831
    endloop
  endfacet
  facet normal -1.4070590650549096e-19 -0.44228869021900113 0.8968727415326884
    outer loop
      vertex -5 0.8419035512031976 -2.032534971524831
      vertex -5 1.1 -1.905255888325765
      vertex -20 1.1 -1.905255888325765
    endloop
  endfacet
  facet normal -2.863398765906944e-19 -0.5555702330196018 0.8314696123025453
    outer loop
      vertex -5 1.1 -1.905255888325765
      vertex -5 1.3392751438191854 -1.7453773486407176
      vertex -20 1.3392751438191854 -1.7453773486407176
    endloop
  endfacet
  facet normal -7.960794238144185e-19 -0.6593458151000685 0.7518398074789778
    outer loop
      vertex -5 1.3392751438191854 -1.7453773486407176
      vertex -5 1.5556349186104048 -1.5556349186104048
      vertex -20 1.5556349186104048 -1.5556349186104048
    endloop
  endfacet
  facet normal -7.960794238144185e-19 -0.7518398074789778 0.6593458151000685
    outer loop
      vertex -5 1.5556349186104048 -1.5556349186104048
      vertex -5 1.7453773486407176 -1.3392751438191854
      vertex -20 1.7453773486407176 -1.3392751438191854
    endloop
  endfacet
  facet normal -2.863398765906944e-19 -0.8314696123025453 0.5555702330196018
    outer loop
      vertex -5 1.7453773486407176 -1.3392751438191854
      vertex -5 1.905255888325765 -1.1
      vertex -20 1.905255888325765 -1.1
    endloop
  endfacet
  facet normal -1.4070590650549096e-19 -0.8968727415326884 0.44228869021900113
    outer loop
      vertex -5 1.905255888325765 -1.1
      vertex -5 2.032534971524831 -0.8419035512031976
      vertex -20 2.032534971524831 -0.8419035512031976
    endloop
  endfacet
  facet normal -1.6797105792443364e-19 -0.9469301294951052 0.3214394653031628
    outer loop
      vertex -5 2.032534971524831 -0.8419035512031976
      vertex -5 2.1250368178359507 -0.5694018992255456
      vertex -20 2.1250368178359507 -0.5694018992255456
    endloop
  endfacet
  facet normal -1.9472395120611948e-19 -0.9807852804032307 0.19509032201612653
    outer loop
      vertex -5 2.1250368178359507 -0.5694018992255456
      vertex -5 2.181178695022383 -0.2871576228841135
      vertex -20 2.181178695022383 -0.2871576228841135
    endloop
  endfacet
  facet normal 7.742917175452885e-20 -0.9978589232386034 0.06540312923014398
    outer loop
      vertex -5 2.181178695022383 -0.2871576228841135
      vertex -5 2.2 0
      vertex -20 2.2 0
    endloop
  endfacet
  facet normal -7.742917175452885e-20 -0.9978589232386034 -0.06540312923014398
    outer loop
      vertex -5 2.2 0
      vertex -5 2.181178695022383 0.2871576228841135
      vertex -20 2.181178695022383 0.2871576228841135
    endloop
  endfacet
  facet normal 0 -0.9807852804032307 -0.19509032201612653
    outer loop
      vertex -5 2.1250368178359507 0.5694018992255456
      vertex -20 2.1250368178359507 0.5694018992255456
      vertex -5 2.181178695022383 0.2871576228841135
    endloop
  endfacet
  facet normal 1.6797105792443364e-19 -0.9469301294951052 -0.3214394653031628
    outer loop
      vertex -5 2.1250368178359507 0.5694018992255456
      vertex -5 2.032534971524831 0.8419035512031976
      vertex -20 2.032534971524831 0.8419035512031976
    endloop
  endfacet
  facet normal 0 -0.8314696123025453 -0.5555702330196018
    outer loop
      vertex -5 1.7453773486407176 1.3392751438191854
      vertex -20 1.7453773486407176 1.3392751438191854
      vertex -5 1.905255888325765 1.1
    endloop
  endfacet
  facet normal 0 -0.7518398074789778 -0.6593458151000685
    outer loop
      vertex -5 1.5556349186104048 1.5556349186104048
      vertex -20 1.5556349186104048 1.5556349186104048
      vertex -5 1.7453773486407176 1.3392751438191854
    endloop
  endfacet
  facet normal 0 -0.8968727415326884 -0.44228869021900113
    outer loop
      vertex -5 1.905255888325765 1.1
      vertex -20 1.905255888325765 1.1
      vertex -5 2.032534971524831 0.8419035512031976
    endloop
  endfacet
  facet normal -1 0 0
    outer loop
      vertex -5 0 -2.2
      vertex -5 0 2.2
      vertex -5 0.2871576228841135 -2.181178695022383
    endloop
  endfacet
  facet normal -1 0 0
    outer loop
      vertex -5 0.2871576228841135 -2.181178695022383
      vertex -5 0.2871576228841135 2.181178695022383
      vertex -5 0.5694018992255456 -2.1250368178359507
    endloop
  endfacet
  facet normal -1 0 0
    outer loop
      vertex -5 0.5694018992255456 -2.1250368178359507
      vertex -5 0.5694018992255456 2.1250368178359507
      vertex -5 0.8419035512031976 -2.032534971524831
    endloop
  endfacet
  facet normal -1 0 0
    outer loop
      vertex -5 0.8419035512031976 -2.032534971524831
      vertex -5 0.8419035512031976 2.032534971524831
      vertex -5 1.1 -1.905255888325765
    endloop
  endfacet
  facet normal -1 0 0
    outer loop
      vertex -5 1.1 -1.905255888325765
      vertex -5 1.1 1.905255888325765
      vertex -5 1.3392751438191854 -1.7453773486407176
    endloop
  endfacet
  facet normal -1 0 0
    outer loop
      vertex -5 1.3392751438191854 -1.7453773486407176
      vertex -5 1.3392751438191854 1.7453773486407176
      vertex -5 1.5556349186104048 -1.5556349186104048
    endloop
  endfacet
  facet normal -1 0 0
    outer loop
      vertex -5 1.5556349186104048 -1.5556349186104048
      vertex -5 1.5556349186104048 1.5556349186104048
      vertex -5 1.7453773486407176 -1.3392751438191854
    endloop
  endfacet
  facet normal -1 0 0
    outer loop
      vertex -5 1.7453773486407176 -1.3392751438191854
      vertex -5 1.7453773486407176 1.3392751438191854
      vertex -5 1.905255888325765 -1.1
    endloop
  endfacet
  facet normal -1 0 0
    outer loop
      vertex -5 1.905255888325765 -1.1
      vertex -5 1.905255888325765 1.1
      vertex -5 2.032534971524831 -0.8419035512031976
    endloop
  endfacet
  facet normal -1 0 0
    outer loop
      vertex -5 2.032534971524831 -0.8419035512031976
      vertex -5 2.032534971524831 0.8419035512031976
      vertex -5 2.1250368178359507 -0.5694018992255456
    endloop
  endfacet
  facet normal -1 0 0
    outer loop
      vertex -5 2.1250368178359507 -0.5694018992255456
      vertex -5 2.1250368178359507 0.5694018992255456
      vertex -5 2.181178695022383 -0.2871576228841135
    endloop
  endfacet
  facet normal -1 0 0
    outer loop
      vertex -5 2.181178695022383 -0.2871576228841135
      vertex -5 2.181178695022383 0.2871576228841135
      vertex -5 2.2 0
    endloop
  endfacet
  facet normal -1 0 0
    outer loop
      vertex -5 2.181178695022383 -0.2871576228841135
      vertex -5 2.1250368178359507 0.5694018992255456
      vertex -5 2.181178695022383 0.2871576228841135
    endloop
  endfacet
  facet normal -1 0 0
    outer loop
      vertex -5 2.1250368178359507 -0.5694018992255456
      vertex -5 2.032534971524831 0.8419035512031976
      vertex -5 2.1250368178359507 0.5694018992255456
    endloop
  endfacet
  facet normal -1 0 0
    outer loop
      vertex -5 0.2871576228841135 -2.181178695022383
      vertex -5 0 2.2
      vertex -5 0.2871576228841135 2.181178695022383
    endloop
  endfacet
  facet normal -1 0 0
    outer loop
      vertex -5 0.5694018992255456 -2.1250368178359507
      vertex -5 0.2871576228841135 2.181178695022383
      vertex -5 0.5694018992255456 2.1250368178359507
    endloop
  endfacet
  facet normal -1 0 0
    outer loop
      vertex -5 0.8419035512031976 -2.032534971524831
      vertex -5 0.5694018992255456 2.1250368178359507
      vertex -5 0.8419035512031976 2.032534971524831
    endloop
  endfacet
  facet normal -1 0 0
    outer loop
      vertex -5 1.1 -1.905255888325765
      vertex -5 0.8419035512031976 2.032534971524831
      vertex -5 1.1 1.905255888325765
    endloop
  endfacet
  facet normal -1 0 0
    outer loop
      vertex -5 1.3392751438191854 -1.7453773486407176
      vertex -5 1.1 1.905255888325765
      vertex -5 1.3392751438191854 1.7453773486407176
    endloop
  endfacet
  facet normal -1 0 0
    outer loop
      vertex -5 1.5556349186104048 -1.5556349186104048
      vertex -5 1.3392751438191854 1.7453773486407176
      vertex -5 1.5556349186104048 1.5556349186104048
    endloop
  endfacet
  facet normal -1 0 0
    outer loop
      vertex -5 1.905255888325765 -1.1
      vertex -5 1.7453773486407176 1.3392751438191854
      vertex -5 1.905255888325765 1.1
    endloop
  endfacet
  facet normal -1 0 0
    outer loop
      vertex -5 1.5556349186104048 1.5556349186104048
      vertex -5 1.7453773486407176 1.3392751438191854
      vertex -5 1.7453773486407176 -1.3392751438191854
    endloop
  endfacet
  facet normal -1 0 0
    outer loop
      vertex -5 2.032534971524831 -0.8419035512031976
      vertex -5 1.905255888325765 1.1
      vertex -5 2.032534971524831 0.8419035512031976
    endloop
  endfacet
  facet normal 0 -0.06540312923014398 -0.9978589232386034
    outer loop
      vertex -5 0 2.2
      vertex -20 0 2.2
      vertex -5 0.2871576228841135 2.181178695022383
    endloop
  endfacet
  facet normal 0 -0.19509032201612653 -0.9807852804032307
    outer loop
      vertex -5 0.2871576228841135 2.181178695022383
      vertex -20 0.2871576228841135 2.181178695022383
      vertex -5 0.5694018992255456 2.1250368178359507
    endloop
  endfacet
  facet normal 0 -0.5555702330196018 -0.8314696123025453
    outer loop
      vertex -5 1.1 1.905255888325765
      vertex -20 1.1 1.905255888325765
      vertex -5 1.3392751438191854 1.7453773486407176
    endloop
  endfacet
  facet normal 0 -0.3214394653031628 -0.9469301294951052
    outer loop
      vertex -5 0.5694018992255456 2.1250368178359507
      vertex -20 0.5694018992255456 2.1250368178359507
      vertex -5 0.8419035512031976 2.032534971524831
    endloop
  endfacet
  facet normal 1.4070590650549096e-19 -0.44228869021900113 -0.8968727415326884
    outer loop
      vertex -5 1.1 1.905255888325765
      vertex -5 0.8419035512031976 2.032534971524831
      vertex -20 0.8419035512031976 2.032534971524831
    endloop
  endfacet
  facet normal 7.960794238144185e-19 -0.6593458151000685 -0.7518398074789778
    outer loop
      vertex -5 1.5556349186104048 1.5556349186104048
      vertex -5 1.3392751438191854 1.7453773486407176
      vertex -20 1.3392751438191854 1.7453773486407176
    endloop
  endfacet
  facet normal 0.6593458151000685 0 0.7518398074789778
    outer loop
      vertex -1.3392751438191854 -5 -1.7453773486407176
      vertex -1.5556349186104048 -20 -1.5556349186104048
      vertex -1.3392751438191854 -20 -1.7453773486407176
    endloop
  endfacet
  facet normal 0.8968727415326884 0 0.44228869021900113
    outer loop
      vertex -1.905255888325765 -5 -1.1
      vertex -2.032534971524831 -20 -0.8419035512031976
      vertex -1.905255888325765 -20 -1.1
    endloop
  endfacet
  facet normal 0.7518398074789778 0 0.6593458151000685
    outer loop
      vertex -1.5556349186104048 -5 -1.5556349186104048
      vertex -1.7453773486407176 -20 -1.3392751438191854
      vertex -1.5556349186104048 -20 -1.5556349186104048
    endloop
  endfacet
  facet normal 0.8314696123025453 0 0.5555702330196018
    outer loop
      vertex -1.7453773486407176 -5 -1.3392751438191854
      vertex -1.905255888325765 -20 -1.1
      vertex -1.7453773486407176 -20 -1.3392751438191854
    endloop
  endfacet
  facet normal 0.44228869021900113 0 0.8968727415326884
    outer loop
      vertex -0.8419035512031976 -5 -2.032534971524831
      vertex -1.1 -20 -1.905255888325765
      vertex -0.8419035512031976 -20 -2.032534971524831
    endloop
  endfacet
  facet normal 0.3214394653031628 0 0.9469301294951052
    outer loop
      vertex -0.5694018992255456 -5 -2.1250368178359507
      vertex -0.8419035512031976 -20 -2.032534971524831
      vertex -0.5694018992255456 -20 -2.1250368178359507
    endloop
  endfacet
  facet normal 0.5555702330196018 0 0.8314696123025453
    outer loop
      vertex -1.1 -5 -1.905255888325765
      vertex -1.3392751438191854 -20 -1.7453773486407176
      vertex -1.1 -20 -1.905255888325765
    endloop
  endfacet
  facet normal 0.19509032201612653 0 0.9807852804032307
    outer loop
      vertex -0.2871576228841135 -5 -2.181178695022383
      vertex -0.5694018992255456 -20 -2.1250368178359507
      vertex -0.2871576228841135 -20 -2.181178695022383
    endloop
  endfacet
  facet normal 0.06540312923014398 0 0.9978589232386034
    outer loop
      vertex 0 -5 -2.2
      vertex -0.2871576228841135 -20 -2.181178695022383
      vertex 0 -20 -2.2
    endloop
  endfacet
  facet normal 0.9469301294951052 0 0.3214394653031628
    outer loop
      vertex -2.032534971524831 -5 -0.8419035512031976
      vertex -2.1250368178359507 -20 -0.5694018992255456
      vertex -2.032534971524831 -20 -0.8419035512031976
    endloop
  endfacet
  facet normal 0.9807852804032307 0 0.19509032201612653
    outer loop
      vertex -2.1250368178359507 -5 -0.5694018992255456
      vertex -2.181178695022383 -20 -0.2871576228841135
      vertex -2.1250368178359507 -20 -0.5694018992255456
    endloop
  endfacet
  facet normal 0.9978589232386034 0 0.06540312923014398
    outer loop
      vertex -2.181178695022383 -5 -0.2871576228841135
      vertex -2.2 -20 0
      vertex -2.181178695022383 -20 -0.2871576228841135
    endloop
  endfacet
  facet normal 0.9978589232386034 0 -0.06540312923014398
    outer loop
      vertex -2.2 -5 0
      vertex -2.181178695022383 -20 0.2871576228841135
      vertex -2.2 -20 0
    endloop
  endfacet
  facet normal 0.9807852804032307 0 -0.19509032201612653
    outer loop
      vertex -2.181178695022383 -5 0.2871576228841135
      vertex -2.1250368178359507 -20 0.5694018992255456
      vertex -2.181178695022383 -20 0.2871576228841135
    endloop
  endfacet
  facet normal 0.9469301294951052 0 -0.3214394653031628
    outer loop
      vertex -2.1250368178359507 -5 0.5694018992255456
      vertex -2.032534971524831 -20 0.8419035512031976
      vertex -2.1250368178359507 -20 0.5694018992255456
    endloop
  endfacet
  facet normal 0.8968727415326884 0 -0.44228869021900113
    outer loop
      vertex -2.032534971524831 -5 0.8419035512031976
      vertex -1.905255888325765 -20 1.1
      vertex -2.032534971524831 -20 0.8419035512031976
    endloop
  endfacet
  facet normal 0.8314696123025453 0 -0.5555702330196018
    outer loop
      vertex -1.905255888325765 -5 1.1
      vertex -1.7453773486407176 -20 1.3392751438191854
      vertex -1.905255888325765 -20 1.1
    endloop
  endfacet
  facet normal 0.7518398074789778 0 -0.6593458151000685
    outer loop
      vertex -1.7453773486407176 -5 1.3392751438191854
      vertex -1.5556349186104048 -20 1.5556349186104048
      vertex -1.7453773486407176 -20 1.3392751438191854
    endloop
  endfacet
  facet normal 0.6593458151000685 0 -0.7518398074789778
    outer loop
      vertex -1.5556349186104048 -5 1.5556349186104048
      vertex -1.3392751438191854 -20 1.7453773486407176
      vertex -1.5556349186104048 -20 1.5556349186104048
    endloop
  endfacet
  facet normal 0.5555702330196018 0 -0.8314696123025453
    outer loop
      vertex -1.3392751438191854 -5 1.7453773486407176
      vertex -1.1 -20 1.905255888325765
      vertex -1.3392751438191854 -20 1.7453773486407176
    endloop
  endfacet
  facet normal 0.44228869021900113 0 -0.8968727415326884
    outer loop
      vertex -1.1 -5 1.905255888325765
      vertex -0.8419035512031976 -20 2.032534971524831
      vertex -1.1 -20 1.905255888325765
    endloop
  endfacet
  facet normal 0.3214394653031628 0 -0.9469301294951052
    outer loop
      vertex -0.8419035512031976 -5 2.032534971524831
      vertex -0.5694018992255456 -20 2.1250368178359507
      vertex -0.8419035512031976 -20 2.032534971524831
    endloop
  endfacet
  facet normal 0.19509032201612653 0 -0.9807852804032307
    outer loop
      vertex -0.5694018992255456 -5 2.1250368178359507
      vertex -0.2871576228841135 -20 2.181178695022383
      vertex -0.5694018992255456 -20 2.1250368178359507
    endloop
  endfacet
  facet normal 0.06540312923014398 0 -0.9978589232386034
    outer loop
      vertex -0.2871576228841135 -5 2.181178695022383
      vertex 0 -20 2.2
      vertex -0.2871576228841135 -20 2.181178695022383
    endloop
  endfacet
  facet normal 0.5555702330196018 0 0.8314696123025453
    outer loop
      vertex -1.3392751438191854 -5 -1.7453773486407176
      vertex -1.3392751438191854 -20 -1.7453773486407176
      vertex -1.1 -5 -1.905255888325765
    endloop
  endfacet
  facet normal 0.7518398074789778 0 0.6593458151000685
    outer loop
      vertex -1.7453773486407176 -5 -1.3392751438191854
      vertex -1.7453773486407176 -20 -1.3392751438191854
      vertex -1.5556349186104048 -5 -1.5556349186104048
    endloop
  endfacet
  facet normal 0.6593458151000685 7.960794238144185e-19 0.7518398074789778
    outer loop
      vertex -1.3392751438191854 -5 -1.7453773486407176
      vertex -1.5556349186104048 -5 -1.5556349186104048
      vertex -1.5556349186104048 -20 -1.5556349186104048
    endloop
  endfacet
  facet normal 0.8314696123025453 2.863398765906944e-19 0.5555702330196018
    outer loop
      vertex -1.7453773486407176 -5 -1.3392751438191854
      vertex -1.905255888325765 -5 -1.1
      vertex -1.905255888325765 -20 -1.1
    endloop
  endfacet
  facet normal 0.3214394653031628 0 0.9469301294951052
    outer loop
      vertex -0.8419035512031976 -5 -2.032534971524831
      vertex -0.8419035512031976 -20 -2.032534971524831
      vertex -0.5694018992255456 -5 -2.1250368178359507
    endloop
  endfacet
  facet normal 0.44228869021900113 0 0.8968727415326884
    outer loop
      vertex -1.1 -5 -1.905255888325765
      vertex -1.1 -20 -1.905255888325765
      vertex -0.8419035512031976 -5 -2.032534971524831
    endloop
  endfacet
  facet normal 0.19509032201612653 0 0.9807852804032307
    outer loop
      vertex -0.5694018992255456 -5 -2.1250368178359507
      vertex -0.5694018992255456 -20 -2.1250368178359507
      vertex -0.2871576228841135 -5 -2.181178695022383
    endloop
  endfacet
  facet normal 0.06540312923014398 0 0.9978589232386034
    outer loop
      vertex -0.2871576228841135 -5 -2.181178695022383
      vertex -0.2871576228841135 -20 -2.181178695022383
      vertex 0 -5 -2.2
    endloop
  endfacet
  facet normal 0.8968727415326884 0 0.44228869021900113
    outer loop
      vertex -2.032534971524831 -5 -0.8419035512031976
      vertex -2.032534971524831 -20 -0.8419035512031976
      vertex -1.905255888325765 -5 -1.1
    endloop
  endfacet
  facet normal 0.9469301294951052 1.6797105792443364e-19 0.3214394653031628
    outer loop
      vertex -2.032534971524831 -5 -0.8419035512031976
      vertex -2.1250368178359507 -5 -0.5694018992255456
      vertex -2.1250368178359507 -20 -0.5694018992255456
    endloop
  endfacet
  facet normal 0.9807852804032307 1.9472395120611948e-19 0.19509032201612653
    outer loop
      vertex -2.1250368178359507 -5 -0.5694018992255456
      vertex -2.181178695022383 -5 -0.2871576228841135
      vertex -2.181178695022383 -20 -0.2871576228841135
    endloop
  endfacet
  facet normal 0.9978589232386034 -7.742917175452885e-20 0.06540312923014398
    outer loop
      vertex -2.181178695022383 -5 -0.2871576228841135
      vertex -2.2 -5 0
      vertex -2.2 -20 0
    endloop
  endfacet
  facet normal 0.9978589232386034 7.742917175452885e-20 -0.06540312923014398
    outer loop
      vertex -2.2 -5 0
      vertex -2.181178695022383 -5 0.2871576228841135
      vertex -2.181178695022383 -20 0.2871576228841135
    endloop
  endfacet
  facet normal 0.9807852804032307 -1.9472395120611948e-19 -0.19509032201612653
    outer loop
      vertex -2.181178695022383 -5 0.2871576228841135
      vertex -2.1250368178359507 -5 0.5694018992255456
      vertex -2.1250368178359507 -20 0.5694018992255456
    endloop
  endfacet
  facet normal 0.9469301294951052 -1.6797105792443364e-19 -0.3214394653031628
    outer loop
      vertex -2.1250368178359507 -5 0.5694018992255456
      vertex -2.032534971524831 -5 0.8419035512031976
      vertex -2.032534971524831 -20 0.8419035512031976
    endloop
  endfacet
  facet normal 0.8968727415326884 -1.4070590650549096e-19 -0.44228869021900113
    outer loop
      vertex -2.032534971524831 -5 0.8419035512031976
      vertex -1.905255888325765 -5 1.1
      vertex -1.905255888325765 -20 1.1
    endloop
  endfacet
  facet normal 0.8314696123025453 -2.863398765906944e-19 -0.5555702330196018
    outer loop
      vertex -1.905255888325765 -5 1.1
      vertex -1.7453773486407176 -5 1.3392751438191854
      vertex -1.7453773486407176 -20 1.3392751438191854
    endloop
  endfacet
  facet normal 0.7518398074789778 -7.960794238144185e-19 -0.6593458151000685
    outer loop
      vertex -1.7453773486407176 -5 1.3392751438191854
      vertex -1.5556349186104048 -5 1.5556349186104048
      vertex -1.5556349186104048 -20 1.5556349186104048
    endloop
  endfacet
  facet normal 0 -1 0
    outer loop
      vertex -1.1 -5 -1.905255888325765
      vertex -0.8419035512031976 -5 -2.032534971524831
      vertex 0.8419035512031976 -5 -2.032534971524831
    endloop
  endfacet
  facet normal 0 -1 0
    outer loop
      vertex -0.5694018992255456 -5 -2.1250368178359507
      vertex -0.2871576228841135 -5 -2.181178695022383
      vertex 0.2871576228841135 -5 -2.181178695022383
    endloop
  endfacet
  facet normal 0 -1 0
    outer loop
      vertex -0.8419035512031976 -5 -2.032534971524831
      vertex -0.5694018992255456 -5 -2.1250368178359507
      vertex 0.5694018992255456 -5 -2.1250368178359507
    endloop
  endfacet
  facet normal 0 -1 0
    outer loop
      vertex -1.3392751438191854 -5 -1.7453773486407176
      vertex -1.1 -5 -1.905255888325765
      vertex 1.1 -5 -1.905255888325765
    endloop
  endfacet
  facet normal 0 -1 0
    outer loop
      vertex -1.3392751438191854 -5 -1.7453773486407176
      vertex 1.3392751438191854 -5 -1.7453773486407176
      vertex -1.5556349186104048 -5 -1.5556349186104048
    endloop
  endfacet
  facet normal 0 -1 0
    outer loop
      vertex -1.7453773486407176 -5 -1.3392751438191854
      vertex 1.7453773486407176 -5 -1.3392751438191854
      vertex -1.905255888325765 -5 -1.1
    endloop
  endfacet
  facet normal 0 -1 0
    outer loop
      vertex -2.032534971524831 -5 -0.8419035512031976
      vertex -1.905255888325765 -5 -1.1
      vertex 1.905255888325765 -5 -1.1
    endloop
  endfacet
  facet normal 0 -1 0
    outer loop
      vertex -1.7453773486407176 -5 -1.3392751438191854
      vertex -1.5556349186104048 -5 -1.5556349186104048
      vertex 1.5556349186104048 -5 -1.5556349186104048
    endloop
  endfacet
  facet normal 0 -1 0
    outer loop
      vertex -2.032534971524831 -5 -0.8419035512031976
      vertex 2.032534971524831 -5 -0.8419035512031976
      vertex -2.1250368178359507 -5 -0.5694018992255456
    endloop
  endfacet
  facet normal 0 -1 0
    outer loop
      vertex -2.1250368178359507 -5 -0.5694018992255456
      vertex 2.1250368178359507 -5 -0.5694018992255456
      vertex -2.181178695022383 -5 -0.2871576228841135
    endloop
  endfacet
  facet normal 0 -1 0
    outer loop
      vertex -2.181178695022383 -5 -0.2871576228841135
      vertex 2.181178695022383 -5 -0.2871576228841135
      vertex -2.2 -5 0
    endloop
  endfacet
  facet normal 0 -1 0
    outer loop
      vertex -2.2 -5 0
      vertex 2.2 -5 0
      vertex -2.181178695022383 -5 0.2871576228841135
    endloop
  endfacet
  facet normal 0 -1 0
    outer loop
      vertex -2.181178695022383 -5 0.2871576228841135
      vertex 2.181178695022383 -5 0.2871576228841135
      vertex -2.1250368178359507 -5 0.5694018992255456
    endloop
  endfacet
  facet normal 0 -1 0
    outer loop
      vertex -2.1250368178359507 -5 0.5694018992255456
      vertex 2.1250368178359507 -5 0.5694018992255456
      vertex -2.032534971524831 -5 0.8419035512031976
    endloop
  endfacet
  facet normal 0 -1 0
    outer loop
      vertex -2.032534971524831 -5 0.8419035512031976
      vertex 2.032534971524831 -5 0.8419035512031976
      vertex -1.905255888325765 -5 1.1
    endloop
  endfacet
  facet normal 0 -1 0
    outer loop
      vertex -1.905255888325765 -5 1.1
      vertex 1.905255888325765 -5 1.1
      vertex -1.7453773486407176 -5 1.3392751438191854
    endloop
  endfacet
  facet normal 0 -1 0
    outer loop
      vertex -1.7453773486407176 -5 1.3392751438191854
      vertex 1.7453773486407176 -5 1.3392751438191854
      vertex -1.5556349186104048 -5 1.5556349186104048
    endloop
  endfacet
  facet normal 0 -1 0
    outer loop
      vertex -1.5556349186104048 -5 1.5556349186104048
      vertex 1.5556349186104048 -5 1.5556349186104048
      vertex -1.3392751438191854 -5 1.7453773486407176
    endloop
  endfacet
  facet normal 0.6593458151000685 -7.960794238144185e-19 -0.7518398074789778
    outer loop
      vertex -1.5556349186104048 -5 1.5556349186104048
      vertex -1.3392751438191854 -5 1.7453773486407176
      vertex -1.3392751438191854 -20 1.7453773486407176
    endloop
  endfacet
  facet normal 0.5555702330196018 -2.863398765906944e-19 -0.8314696123025453
    outer loop
      vertex -1.3392751438191854 -5 1.7453773486407176
      vertex -1.1 -5 1.905255888325765
      vertex -1.1 -20 1.905255888325765
    endloop
  endfacet
  facet normal 0.44228869021900113 -1.4070590650549096e-19 -0.8968727415326884
    outer loop
      vertex -1.1 -5 1.905255888325765
      vertex -0.8419035512031976 -5 2.032534971524831
      vertex -0.8419035512031976 -20 2.032534971524831
    endloop
  endfacet
  facet normal 0.3214394653031628 -1.6797105792443364e-19 -0.9469301294951052
    outer loop
      vertex -0.8419035512031976 -5 2.032534971524831
      vertex -0.5694018992255456 -5 2.1250368178359507
      vertex -0.5694018992255456 -20 2.1250368178359507
    endloop
  endfacet
  facet normal 0.19509032201612653 -1.9472395120611948e-19 -0.9807852804032307
    outer loop
      vertex -0.5694018992255456 -5 2.1250368178359507
      vertex -0.2871576228841135 -5 2.181178695022383
      vertex -0.2871576228841135 -20 2.181178695022383
    endloop
  endfacet
  facet normal 0.06540312923014398 7.742917175452885e-20 -0.9978589232386034
    outer loop
      vertex -0.2871576228841135 -5 2.181178695022383
      vertex 0 -5 2.2
      vertex 0 -20 2.2
    endloop
  endfacet
  facet normal 0 -1 0
    outer loop
      vertex -1.3392751438191854 -5 1.7453773486407176
      vertex 1.3392751438191854 -5 1.7453773486407176
      vertex -1.1 -5 1.905255888325765
    endloop
  endfacet
  facet normal 0 -1 0
    outer loop
      vertex -1.1 -5 1.905255888325765
      vertex 1.1 -5 1.905255888325765
      vertex -0.8419035512031976 -5 2.032534971524831
    endloop
  endfacet
  facet normal 0 -1 0
    outer loop
      vertex -0.8419035512031976 -5 2.032534971524831
      vertex 0.8419035512031976 -5 2.032534971524831
      vertex -0.5694018992255456 -5 2.1250368178359507
    endloop
  endfacet
  facet normal 0 -1 0
    outer loop
      vertex -0.5694018992255456 -5 2.1250368178359507
      vertex 0.5694018992255456 -5 2.1250368178359507
      vertex -0.2871576228841135 -5 2.181178695022383
    endloop
  endfacet
  facet normal -0.06540312923014398 0 0.9978589232386034
    outer loop
      vertex 0.2871576228841135 -5 -2.181178695022383
      vertex 0 -20 -2.2
      vertex 0.2871576228841135 -20 -2.181178695022383
    endloop
  endfacet
  facet normal -0.19509032201612653 0 0.9807852804032307
    outer loop
      vertex 0.5694018992255456 -5 -2.1250368178359507
      vertex 0.2871576228841135 -20 -2.181178695022383
      vertex 0.5694018992255456 -20 -2.1250368178359507
    endloop
  endfacet
  facet normal -0.3214394653031628 0 0.9469301294951052
    outer loop
      vertex 0.8419035512031976 -5 -2.032534971524831
      vertex 0.5694018992255456 -20 -2.1250368178359507
      vertex 0.8419035512031976 -20 -2.032534971524831
    endloop
  endfacet
  facet normal -0.44228869021900113 0 0.8968727415326884
    outer loop
      vertex 1.1 -5 -1.905255888325765
      vertex 0.8419035512031976 -20 -2.032534971524831
      vertex 1.1 -20 -1.905255888325765
    endloop
  endfacet
  facet normal -0.5555702330196018 0 0.8314696123025453
    outer loop
      vertex 1.3392751438191854 -5 -1.7453773486407176
      vertex 1.1 -20 -1.905255888325765
      vertex 1.3392751438191854 -20 -1.7453773486407176
    endloop
  endfacet
  facet normal -0.6593458151000685 0 0.7518398074789778
    outer loop
      vertex 1.5556349186104048 -5 -1.5556349186104048
      vertex 1.3392751438191854 -20 -1.7453773486407176
      vertex 1.5556349186104048 -20 -1.5556349186104048
    endloop
  endfacet
  facet normal -0.7518398074789778 0 0.6593458151000685
    outer loop
      vertex 1.7453773486407176 -5 -1.3392751438191854
      vertex 1.5556349186104048 -20 -1.5556349186104048
      vertex 1.7453773486407176 -20 -1.3392751438191854
    endloop
  endfacet
  facet normal -0.8314696123025453 0 0.5555702330196018
    outer loop
      vertex 1.905255888325765 -5 -1.1
      vertex 1.7453773486407176 -20 -1.3392751438191854
      vertex 1.905255888325765 -20 -1.1
    endloop
  endfacet
  facet normal -0.8968727415326884 0 0.44228869021900113
    outer loop
      vertex 2.032534971524831 -5 -0.8419035512031976
      vertex 1.905255888325765 -20 -1.1
      vertex 2.032534971524831 -20 -0.8419035512031976
    endloop
  endfacet
  facet normal -0.9469301294951052 0 0.3214394653031628
    outer loop
      vertex 2.1250368178359507 -5 -0.5694018992255456
      vertex 2.032534971524831 -20 -0.8419035512031976
      vertex 2.1250368178359507 -20 -0.5694018992255456
    endloop
  endfacet
  facet normal -0.9807852804032307 0 0.19509032201612653
    outer loop
      vertex 2.181178695022383 -5 -0.2871576228841135
      vertex 2.1250368178359507 -20 -0.5694018992255456
      vertex 2.181178695022383 -20 -0.2871576228841135
    endloop
  endfacet
  facet normal -0.9978589232386034 0 0.06540312923014398
    outer loop
      vertex 2.2 -5 0
      vertex 2.181178695022383 -20 -0.2871576228841135
      vertex 2.2 -20 0
    endloop
  endfacet
  facet normal -0.9978589232386034 0 -0.06540312923014398
    outer loop
      vertex 2.181178695022383 -5 0.2871576228841135
      vertex 2.2 -20 0
      vertex 2.181178695022383 -20 0.2871576228841135
    endloop
  endfacet
  facet normal -0.9807852804032307 0 -0.19509032201612653
    outer loop
      vertex 2.1250368178359507 -5 0.5694018992255456
      vertex 2.181178695022383 -20 0.2871576228841135
      vertex 2.1250368178359507 -20 0.5694018992255456
    endloop
  endfacet
  facet normal -0.9469301294951052 0 -0.3214394653031628
    outer loop
      vertex 2.032534971524831 -5 0.8419035512031976
      vertex 2.1250368178359507 -20 0.5694018992255456
      vertex 2.032534971524831 -20 0.8419035512031976
    endloop
  endfacet
  facet normal -0.8314696123025453 0 -0.5555702330196018
    outer loop
      vertex 1.7453773486407176 -5 1.3392751438191854
      vertex 1.905255888325765 -20 1.1
      vertex 1.7453773486407176 -20 1.3392751438191854
    endloop
  endfacet
  facet normal -0.7518398074789778 0 -0.6593458151000685
    outer loop
      vertex 1.5556349186104048 -5 1.5556349186104048
      vertex 1.7453773486407176 -20 1.3392751438191854
      vertex 1.5556349186104048 -20 1.5556349186104048
    endloop
  endfacet
  facet normal -0.8968727415326884 0 -0.44228869021900113
    outer loop
      vertex 1.905255888325765 -5 1.1
      vertex 2.032534971524831 -20 0.8419035512031976
      vertex 1.905255888325765 -20 1.1
    endloop
  endfacet
  facet normal -0.06540312923014398 0 -0.9978589232386034
    outer loop
      vertex 0 -5 2.2
      vertex 0.2871576228841135 -20 2.181178695022383
      vertex 0 -20 2.2
    endloop
  endfacet
  facet normal -0.19509032201612653 0 -0.9807852804032307
    outer loop
      vertex 0.2871576228841135 -5 2.181178695022383
      vertex 0.5694018992255456 -20 2.1250368178359507
      vertex 0.2871576228841135 -20 2.181178695022383
    endloop
  endfacet
  facet normal -0.5555702330196018 0 -0.8314696123025453
    outer loop
      vertex 1.1 -5 1.905255888325765
      vertex 1.3392751438191854 -20 1.7453773486407176
      vertex 1.1 -20 1.905255888325765
    endloop
  endfacet
  facet normal -0.3214394653031628 0 -0.9469301294951052
    outer loop
      vertex 0.5694018992255456 -5 2.1250368178359507
      vertex 0.8419035512031976 -20 2.032534971524831
      vertex 0.5694018992255456 -20 2.1250368178359507
    endloop
  endfacet
  facet normal -0.44228869021900113 0 -0.8968727415326884
    outer loop
      vertex 0.8419035512031976 -5 2.032534971524831
      vertex 1.1 -20 1.905255888325765
      vertex 0.8419035512031976 -20 2.032534971524831
    endloop
  endfacet
  facet normal -0.6593458151000685 0 -0.7518398074789778
    outer loop
      vertex 1.3392751438191854 -5 1.7453773486407176
      vertex 1.5556349186104048 -20 1.5556349186104048
      vertex 1.3392751438191854 -20 1.7453773486407176
    endloop
  endfacet
  facet normal -0.06540312923014398 0 0.9978589232386034
    outer loop
      vertex 0 -5 -2.2
      vertex 0 -20 -2.2
      vertex 0.2871576228841135 -5 -2.181178695022383
    endloop
  endfacet
  facet normal -0.19509032201612653 0 0.9807852804032307
    outer loop
      vertex 0.2871576228841135 -5 -2.181178695022383
      vertex 0.2871576228841135 -20 -2.181178695022383
      vertex 0.5694018992255456 -5 -2.1250368178359507
    endloop
  endfacet
  facet normal -0.3214394653031628 0 0.9469301294951052
    outer loop
      vertex 0.5694018992255456 -5 -2.1250368178359507
      vertex 0.5694018992255456 -20 -2.1250368178359507
      vertex 0.8419035512031976 -5 -2.032534971524831
    endloop
  endfacet
  facet normal -0.44228869021900113 0 0.8968727415326884
    outer loop
      vertex 0.8419035512031976 -5 -2.032534971524831
      vertex 0.8419035512031976 -20 -2.032534971524831
      vertex 1.1 -5 -1.905255888325765
    endloop
  endfacet
  facet normal -0.5555702330196018 0 0.8314696123025453
    outer loop
      vertex 1.1 -5 -1.905255888325765
      vertex 1.1 -20 -1.905255888325765
      vertex 1.3392751438191854 -5 -1.7453773486407176
    endloop
  endfacet
  facet normal -0.6593458151000685 0 0.7518398074789778
    outer loop
      vertex 1.3392751438191854 -5 -1.7453773486407176
      vertex 1.3392751438191854 -20 -1.7453773486407176
      vertex 1.5556349186104048 -5 -1.5556349186104048
    endloop
  endfacet
  facet normal -0.7518398074789778 0 0.6593458151000685
    outer loop
      vertex 1.5556349186104048 -5 -1.5556349186104048
      vertex 1.5556349186104048 -20 -1.5556349186104048
      vertex 1.7453773486407176 -5 -1.3392751438191854
    endloop
  endfacet
  facet normal -0.8314696123025453 0 0.5555702330196018
    outer loop
      vertex 1.7453773486407176 -5 -1.3392751438191854
      vertex 1.7453773486407176 -20 -1.3392751438191854
      vertex 1.905255888325765 -5 -1.1
    endloop
  endfacet
  facet normal -0.8968727415326884 0 0.44228869021900113
    outer loop
      vertex 1.905255888325765 -5 -1.1
      vertex 1.905255888325765 -20 -1.1
      vertex 2.032534971524831 -5 -0.8419035512031976
    endloop
  endfacet
  facet normal -0.9469301294951052 0 0.3214394653031628
    outer loop
      vertex 2.032534971524831 -5 -0.8419035512031976
      vertex 2.032534971524831 -20 -0.8419035512031976
      vertex 2.1250368178359507 -5 -0.5694018992255456
    endloop
  endfacet
  facet normal -0.9807852804032307 0 0.19509032201612653
    outer loop
      vertex 2.1250368178359507 -5 -0.5694018992255456
      vertex 2.1250368178359507 -20 -0.5694018992255456
      vertex 2.181178695022383 -5 -0.2871576228841135
    endloop
  endfacet
  facet normal -0.9978589232386034 0 0.06540312923014398
    outer loop
      vertex 2.181178695022383 -5 -0.2871576228841135
      vertex 2.181178695022383 -20 -0.2871576228841135
      vertex 2.2 -5 0
    endloop
  endfacet
  facet normal -0.9978589232386034 0 -0.06540312923014398
    outer loop
      vertex 2.2 -5 0
      vertex 2.2 -20 0
      vertex 2.181178695022383 -5 0.2871576228841135
    endloop
  endfacet
  facet normal -0.9807852804032307 1.9472395120611948e-19 -0.19509032201612653
    outer loop
      vertex 2.1250368178359507 -5 0.5694018992255456
      vertex 2.181178695022383 -5 0.2871576228841135
      vertex 2.181178695022383 -20 0.2871576228841135
    endloop
  endfacet
  facet normal -0.9469301294951052 0 -0.3214394653031628
    outer loop
      vertex 2.1250368178359507 -5 0.5694018992255456
      vertex 2.1250368178359507 -20 0.5694018992255456
      vertex 2.032534971524831 -5 0.8419035512031976
    endloop
  endfacet
  facet normal -0.8968727415326884 1.4070590650549096e-19 -0.44228869021900113
    outer loop
      vertex 1.905255888325765 -5 1.1
      vertex 2.032534971524831 -5 0.8419035512031976
      vertex 2.032534971524831 -20 0.8419035512031976
    endloop
  endfacet
  facet normal -0.8314696123025453 2.863398765906944e-19 -0.5555702330196018
    outer loop
      vertex 1.7453773486407176 -5 1.3392751438191854
      vertex 1.905255888325765 -5 1.1
      vertex 1.905255888325765 -20 1.1
    endloop
  endfacet
  facet normal -0.6593458151000685 0 -0.7518398074789778
    outer loop
      vertex 1.5556349186104048 -5 1.5556349186104048
      vertex 1.5556349186104048 -20 1.5556349186104048
      vertex 1.3392751438191854 -5 1.7453773486407176
    endloop
  endfacet
  facet normal -0.7518398074789778 7.960794238144185e-19 -0.6593458151000685
    outer loop
      vertex 1.5556349186104048 -5 1.5556349186104048
      vertex 1.7453773486407176 -5 1.3392751438191854
      vertex 1.7453773486407176 -20 1.3392751438191854
    endloop
  endfacet
  facet normal 0 -1 0
    outer loop
      vertex -0.2871576228841135 -5 -2.181178695022383
      vertex 0 -5 -2.2
      vertex 0.2871576228841135 -5 -2.181178695022383
    endloop
  endfacet
  facet normal 0 -1 0
    outer loop
      vertex -0.5694018992255456 -5 -2.1250368178359507
      vertex 0.2871576228841135 -5 -2.181178695022383
      vertex 0.5694018992255456 -5 -2.1250368178359507
    endloop
  endfacet
  facet normal 0 -1 0
    outer loop
      vertex -0.8419035512031976 -5 -2.032534971524831
      vertex 0.5694018992255456 -5 -2.1250368178359507
      vertex 0.8419035512031976 -5 -2.032534971524831
    endloop
  endfacet
  facet normal 0 -1 0
    outer loop
      vertex -1.1 -5 -1.905255888325765
      vertex 0.8419035512031976 -5 -2.032534971524831
      vertex 1.1 -5 -1.905255888325765
    endloop
  endfacet
  facet normal 0 -1 0
    outer loop
      vertex -1.3392751438191854 -5 -1.7453773486407176
      vertex 1.1 -5 -1.905255888325765
      vertex 1.3392751438191854 -5 -1.7453773486407176
    endloop
  endfacet
  facet normal 0 -1 0
    outer loop
      vertex -1.5556349186104048 -5 -1.5556349186104048
      vertex 1.3392751438191854 -5 -1.7453773486407176
      vertex 1.5556349186104048 -5 -1.5556349186104048
    endloop
  endfacet
  facet normal 0 -1 0
    outer loop
      vertex -1.7453773486407176 -5 -1.3392751438191854
      vertex 1.5556349186104048 -5 -1.5556349186104048
      vertex 1.7453773486407176 -5 -1.3392751438191854
    endloop
  endfacet
  facet normal 0 -1 0
    outer loop
      vertex -1.905255888325765 -5 -1.1
      vertex 1.7453773486407176 -5 -1.3392751438191854
      vertex 1.905255888325765 -5 -1.1
    endloop
  endfacet
  facet normal 0 -1 0
    outer loop
      vertex -2.032534971524831 -5 -0.8419035512031976
      vertex 1.905255888325765 -5 -1.1
      vertex 2.032534971524831 -5 -0.8419035512031976
    endloop
  endfacet
  facet normal 0 -1 0
    outer loop
      vertex -2.1250368178359507 -5 -0.5694018992255456
      vertex 2.032534971524831 -5 -0.8419035512031976
      vertex 2.1250368178359507 -5 -0.5694018992255456
    endloop
  endfacet
  facet normal 0 -1 0
    outer loop
      vertex -2.181178695022383 -5 -0.2871576228841135
      vertex 2.1250368178359507 -5 -0.5694018992255456
      vertex 2.181178695022383 -5 -0.2871576228841135
    endloop
  endfacet
  facet normal 0 -1 0
    outer loop
      vertex -2.2 -5 0
      vertex 2.181178695022383 -5 -0.2871576228841135
      vertex 2.2 -5 0
    endloop
  endfacet
  facet normal 0 -1 0
    outer loop
      vertex -2.181178695022383 -5 0.2871576228841135
      vertex 2.2 -5 0
      vertex 2.181178695022383 -5 0.2871576228841135
    endloop
  endfacet
  facet normal 0 -1 0
    outer loop
      vertex -2.1250368178359507 -5 0.5694018992255456
      vertex 2.181178695022383 -5 0.2871576228841135
      vertex 2.1250368178359507 -5 0.5694018992255456
    endloop
  endfacet
  facet normal 0 -1 0
    outer loop
      vertex -2.032534971524831 -5 0.8419035512031976
      vertex 2.1250368178359507 -5 0.5694018992255456
      vertex 2.032534971524831 -5 0.8419035512031976
    endloop
  endfacet
  facet normal 0 -1 0
    outer loop
      vertex -1.5556349186104048 -5 1.5556349186104048
      vertex 1.7453773486407176 -5 1.3392751438191854
      vertex 1.5556349186104048 -5 1.5556349186104048
    endloop
  endfacet
  facet normal 0 -1 0
    outer loop
      vertex -1.905255888325765 -5 1.1
      vertex 2.032534971524831 -5 0.8419035512031976
      vertex 1.905255888325765 -5 1.1
    endloop
  endfacet
  facet normal 0 -1 0
    outer loop
      vertex -1.7453773486407176 -5 1.3392751438191854
      vertex 1.905255888325765 -5 1.1
      vertex 1.7453773486407176 -5 1.3392751438191854
    endloop
  endfacet
  facet normal -0.06540312923014398 -7.742917175452885e-20 -0.9978589232386034
    outer loop
      vertex 0 -5 2.2
      vertex 0.2871576228841135 -5 2.181178695022383
      vertex 0.2871576228841135 -20 2.181178695022383
    endloop
  endfacet
  facet normal -0.19509032201612653 1.9472395120611948e-19 -0.9807852804032307
    outer loop
      vertex 0.2871576228841135 -5 2.181178695022383
      vertex 0.5694018992255456 -5 2.1250368178359507
      vertex 0.5694018992255456 -20 2.1250368178359507
    endloop
  endfacet
  facet normal -0.44228869021900113 0 -0.8968727415326884
    outer loop
      vertex 1.1 -5 1.905255888325765
      vertex 1.1 -20 1.905255888325765
      vertex 0.8419035512031976 -5 2.032534971524831
    endloop
  endfacet
  facet normal -0.3214394653031628 1.6797105792443364e-19 -0.9469301294951052
    outer loop
      vertex 0.5694018992255456 -5 2.1250368178359507
      vertex 0.8419035512031976 -5 2.032534971524831
      vertex 0.8419035512031976 -20 2.032534971524831
    endloop
  endfacet
  facet normal -0.5555702330196018 2.863398765906944e-19 -0.8314696123025453
    outer loop
      vertex 1.1 -5 1.905255888325765
      vertex 1.3392751438191854 -5 1.7453773486407176
      vertex 1.3392751438191854 -20 1.7453773486407176
    endloop
  endfacet
  facet normal 0 -1 0
    outer loop
      vertex -1.3392751438191854 -5 1.7453773486407176
      vertex 1.5556349186104048 -5 1.5556349186104048
      vertex 1.3392751438191854 -5 1.7453773486407176
    endloop
  endfacet
  facet normal 0 -1 0
    outer loop
      vertex -1.1 -5 1.905255888325765
      vertex 1.3392751438191854 -5 1.7453773486407176
      vertex 1.1 -5 1.905255888325765
    endloop
  endfacet
  facet normal 0 -1 0
    outer loop
      vertex -0.5694018992255456 -5 2.1250368178359507
      vertex 0.8419035512031976 -5 2.032534971524831
      vertex 0.5694018992255456 -5 2.1250368178359507
    endloop
  endfacet
  facet normal 0 -1 0
    outer loop
      vertex -0.2871576228841135 -5 2.181178695022383
      vertex 0.2871576228841135 -5 2.181178695022383
      vertex 0 -5 2.2
    endloop
  endfacet
  facet normal 0 -1 0
    outer loop
      vertex -0.2871576228841135 -5 2.181178695022383
      vertex 0.5694018992255456 -5 2.1250368178359507
      vertex 0.2871576228841135 -5 2.181178695022383
    endloop
  endfacet
  facet normal 0 -1 0
    outer loop
      vertex -0.8419035512031976 -5 2.032534971524831
      vertex 1.1 -5 1.905255888325765
      vertex 0.8419035512031976 -5 2.032534971524831
    endloop
  endfacet
  facet normal 0.5000000000000012 0.4999999999999988 0.7071067811865475
    outer loop
      vertex 1.5250000000000001 1.5250000000000001 5.267945519839779
      vertex 3.512538245100426 3.918640449921958 2.1699843549994235
      vertex 1.331359550078043 1.737461754899575 5.254636847459326
    endloop
  endfacet
  facet normal 0.4999999999999988 0.5000000000000011 0.7071067811865476
    outer loop
      vertex 1.5250000000000001 1.5250000000000001 5.267945519839779
      vertex 1.737461754899575 1.331359550078043 5.254636847459326
      vertex 3.7250000000000005 3.7250000000000005 2.15667568261897
    endloop
  endfacet
  facet normal 0.49999999999999845 0.5000000000000016 0.7071067811865475
    outer loop
      vertex 0.7211942691371591 3.189530587043656 4.65932113729851
      vertex 1.8277806414692521 4.522219358530748 2.934493141924172
      vertex 0.727780641469252 3.4222193585307483 4.490128060534577
    endloop
  endfacet
  facet normal 0.5000000000000008 0.499999999999999 0.7071067811865476
    outer loop
      vertex 0.7471825406947976 2.947182540694798 4.812310601229375
      vertex 2.060469412956345 4.5288057308628415 2.76530006516024
      vertex 0.7211942691371591 3.189530587043656 4.65932113729851
    endloop
  endfacet
  facet normal 0.4999999999999983 0.5000000000000013 0.7071067811865478
    outer loop
      vertex 0.7668289630343872 3.6412674857624157 4.307626311390192
      vertex 1.226252565212106 4.3109050576720085 3.5092594988186088
      vertex 1.0693650813895956 4.180634918610405 3.7123106012293747
    endloop
  endfacet
  facet normal 0.5000000000000016 0.49999999999999883 0.7071067811865474
    outer loop
      vertex 1.4070730054498903 4.412328893775656 3.3096826570664923
      vertex 1.226252565212106 4.3109050576720085 3.5092594988186088
      vertex 0.7668289630343872 3.6412674857624157 4.307626311390192
    endloop
  endfacet
  facet normal 0.4999999999999968 0.5000000000000027 0.7071067811865478
    outer loop
      vertex 0.7668289630343872 3.6412674857624157 4.307626311390192
      vertex 1.0693650813895956 4.180634918610405 3.7123106012293747
      vertex 0.9390949423279922 4.023747434787895 3.9153617036401407
    endloop
  endfacet
  facet normal 0.5000000000000024 0.4999999999999986 0.7071067811865468
    outer loop
      vertex 0.7668289630343872 3.6412674857624157 4.307626311390192
      vertex 0.9390949423279922 4.023747434787895 3.9153617036401407
      vertex 0.8376711062243447 3.8429269945501106 4.114938545392257
    endloop
  endfacet
  facet normal 0.5000000000000018 0.499999999999998 0.7071067811865478
    outer loop
      vertex 0.7668289630343872 3.6412674857624157 4.307626311390192
      vertex 0.727780641469252 3.4222193585307483 4.490128060534577
      vertex 1.6087325142375852 4.483171036965614 3.116994891068558
    endloop
  endfacet
  facet normal 0.4999999999999995 0.5000000000000003 0.7071067811865477
    outer loop
      vertex 1.1598536469191423 1.9651095352449075 5.214938545392258
      vertex 3.2848904647550934 4.090146353080859 2.209682657066492
      vertex 3.045951775601599 4.236583195923233 2.2750913398653605
    endloop
  endfacet
  facet normal 0.5000000000000011 0.4999999999999985 0.7071067811865476
    outer loop
      vertex 1.013416804076768 2.2040482243984014 5.149529862593389
      vertex 3.045951775601599 4.236583195923233 2.2750913398653605
      vertex 2.799810484857681 4.355445403468086 2.3650912426986266
    endloop
  endfacet
  facet normal 0.4999999999999996 0.5000000000000004 0.7071067811865476
    outer loop
      vertex 1.1598536469191423 1.9651095352449075 5.214938545392258
      vertex 3.045951775601599 4.236583195923233 2.2750913398653605
      vertex 1.013416804076768 2.2040482243984014 5.149529862593389
    endloop
  endfacet
  facet normal 0.5000000000000008 0.4999999999999991 0.7071067811865477
    outer loop
      vertex 1.013416804076768 2.2040482243984014 5.149529862593389
      vertex 2.799810484857681 4.355445403468086 2.3650912426986266
      vertex 0.8945545965319152 2.45018951514232 5.059529959760123
    endloop
  endfacet
  facet normal 0.4999999999999978 0.5000000000000021 0.7071067811865476
    outer loop
      vertex 0.7471825406947976 2.947182540694798 4.812310601229375
      vertex 0.8053007896105069 2.6993218617487766 4.9464787601826234
      vertex 2.3028174593052024 4.502817459305203 2.6123106012293746
    endloop
  endfacet
  facet normal 0.5000000000000011 0.499999999999999 0.7071067811865475
    outer loop
      vertex 0.8945545965319152 2.45018951514232 5.059529959760123
      vertex 2.5506781382512242 4.444699210389494 2.4781424422761265
      vertex 0.8053007896105069 2.6993218617487766 4.9464787601826234
    endloop
  endfacet
  facet normal 0.49999999999999906 0.5000000000000009 0.7071067811865476
    outer loop
      vertex 1.1598536469191423 1.9651095352449075 5.214938545392258
      vertex 1.331359550078043 1.737461754899575 5.254636847459326
      vertex 3.2848904647550934 4.090146353080859 2.209682657066492
    endloop
  endfacet
  facet normal 0.49999999999999517 0.5000000000000044 0.7071067811865478
    outer loop
      vertex 1.4070730054498903 4.412328893775656 3.3096826570664923
      vertex 0.7668289630343872 3.6412674857624157 4.307626311390192
      vertex 1.6087325142375852 4.483171036965614 3.116994891068558
    endloop
  endfacet
  facet normal 0.500000000000006 0.49999999999999417 0.7071067811865474
    outer loop
      vertex 0.727780641469252 3.4222193585307483 4.490128060534577
      vertex 1.8277806414692521 4.522219358530748 2.934493141924172
      vertex 1.6087325142375852 4.483171036965614 3.116994891068558
    endloop
  endfacet
  facet normal 0.49999999999999606 0.5000000000000033 0.7071067811865478
    outer loop
      vertex 0.7211942691371591 3.189530587043656 4.65932113729851
      vertex 2.060469412956345 4.5288057308628415 2.76530006516024
      vertex 1.8277806414692521 4.522219358530748 2.934493141924172
    endloop
  endfacet
  facet normal 0.5000000000000009 0.4999999999999986 0.7071067811865479
    outer loop
      vertex 0.7471825406947976 2.947182540694798 4.812310601229375
      vertex 2.3028174593052024 4.502817459305203 2.6123106012293746
      vertex 2.060469412956345 4.5288057308628415 2.76530006516024
    endloop
  endfacet
  facet normal 0.49999999999999983 0.5000000000000001 0.7071067811865476
    outer loop
      vertex 0.8053007896105069 2.6993218617487766 4.9464787601826234
      vertex 2.5506781382512242 4.444699210389494 2.4781424422761265
      vertex 2.3028174593052024 4.502817459305203 2.6123106012293746
    endloop
  endfacet
  facet normal 0.49999999999999895 0.5000000000000008 0.7071067811865476
    outer loop
      vertex 0.8945545965319152 2.45018951514232 5.059529959760123
      vertex 2.799810484857681 4.355445403468086 2.3650912426986266
      vertex 2.5506781382512242 4.444699210389494 2.4781424422761265
    endloop
  endfacet
  facet normal 0.5000000000000016 0.49999999999999845 0.7071067811865475
    outer loop
      vertex 3.189530587043656 0.7211942691371591 4.65932113729851
      vertex 3.4222193585307483 0.727780641469252 4.490128060534577
      vertex 4.522219358530748 1.8277806414692521 2.934493141924172
    endloop
  endfacet
  facet normal 0.5000000000000003 0.4999999999999994 0.7071067811865477
    outer loop
      vertex 2.2040482243984014 1.013416804076768 5.149529862593389
      vertex 4.236583195923233 3.045951775601599 2.2750913398653605
      vertex 4.090146353080859 3.2848904647550934 2.209682657066492
    endloop
  endfacet
  facet normal 0.49999999999999845 0.5000000000000016 0.7071067811865475
    outer loop
      vertex 2.45018951514232 0.8945545965319152 5.059529959760123
      vertex 4.355445403468086 2.799810484857681 2.3650912426986266
      vertex 4.236583195923233 3.045951775601599 2.2750913398653605
    endloop
  endfacet
  facet normal 0.5000000000000003 0.4999999999999996 0.7071067811865476
    outer loop
      vertex 1.9651095352449075 1.1598536469191423 5.214938545392258
      vertex 2.2040482243984014 1.013416804076768 5.149529862593389
      vertex 4.090146353080859 3.2848904647550934 2.209682657066492
    endloop
  endfacet
  facet normal 0.49999999999999917 0.5000000000000009 0.7071067811865477
    outer loop
      vertex 2.2040482243984014 1.013416804076768 5.149529862593389
      vertex 2.45018951514232 0.8945545965319152 5.059529959760123
      vertex 4.236583195923233 3.045951775601599 2.2750913398653605
    endloop
  endfacet
  facet normal 0.5000000000000009 0.499999999999999 0.7071067811865475
    outer loop
      vertex 1.737461754899575 1.331359550078043 5.254636847459326
      vertex 1.9651095352449075 1.1598536469191423 5.214938545392258
      vertex 3.918640449921958 3.512538245100426 2.1699843549994235
    endloop
  endfacet
  facet normal 0.499999999999999 0.5000000000000009 0.7071067811865477
    outer loop
      vertex 2.45018951514232 0.8945545965319152 5.059529959760123
      vertex 2.6993218617487766 0.8053007896105069 4.9464787601826234
      vertex 4.355445403468086 2.799810484857681 2.3650912426986266
    endloop
  endfacet
  facet normal 0.5000000000000021 0.49999999999999795 0.7071067811865475
    outer loop
      vertex 2.947182540694798 0.7471825406947976 4.812310601229375
      vertex 4.444699210389494 2.5506781382512242 2.4781424422761265
      vertex 2.6993218617487766 0.8053007896105069 4.9464787601826234
    endloop
  endfacet
  facet normal 0.49999999999999906 0.5000000000000009 0.7071067811865476
    outer loop
      vertex 2.947182540694798 0.7471825406947976 4.812310601229375
      vertex 3.189530587043656 0.7211942691371591 4.65932113729851
      vertex 4.502817459305203 2.3028174593052024 2.6123106012293746
    endloop
  endfacet
  facet normal 0.5000000000000013 0.4999999999999983 0.7071067811865478
    outer loop
      vertex 3.6412674857624157 0.7668289630343872 4.307626311390192
      vertex 4.180634918610405 1.0693650813895956 3.7123106012293747
      vertex 4.3109050576720085 1.226252565212106 3.5092594988186088
    endloop
  endfacet
  facet normal 0.49999999999999883 0.5000000000000016 0.7071067811865474
    outer loop
      vertex 4.412328893775656 1.4070730054498903 3.3096826570664923
      vertex 3.6412674857624157 0.7668289630343872 4.307626311390192
      vertex 4.3109050576720085 1.226252565212106 3.5092594988186088
    endloop
  endfacet
  facet normal 0.5000000000000027 0.4999999999999968 0.7071067811865478
    outer loop
      vertex 3.6412674857624157 0.7668289630343872 4.307626311390192
      vertex 4.023747434787895 0.9390949423279922 3.9153617036401407
      vertex 4.180634918610405 1.0693650813895956 3.7123106012293747
    endloop
  endfacet
  facet normal 0.4999999999999986 0.5000000000000024 0.7071067811865468
    outer loop
      vertex 3.6412674857624157 0.7668289630343872 4.307626311390192
      vertex 3.8429269945501106 0.8376711062243447 4.114938545392257
      vertex 4.023747434787895 0.9390949423279922 3.9153617036401407
    endloop
  endfacet
  facet normal 0.499999999999998 0.5000000000000018 0.7071067811865478
    outer loop
      vertex 3.6412674857624157 0.7668289630343872 4.307626311390192
      vertex 4.483171036965614 1.6087325142375852 3.116994891068558
      vertex 3.4222193585307483 0.727780641469252 4.490128060534577
    endloop
  endfacet
  facet normal 0.5000000000000001 0.4999999999999996 0.7071067811865476
    outer loop
      vertex 2.947182540694798 0.7471825406947976 4.812310601229375
      vertex 4.502817459305203 2.3028174593052024 2.6123106012293746
      vertex 4.444699210389494 2.5506781382512242 2.4781424422761265
    endloop
  endfacet
  facet normal 0.5000000000000044 0.49999999999999517 0.7071067811865478
    outer loop
      vertex 4.412328893775656 1.4070730054498903 3.3096826570664923
      vertex 4.483171036965614 1.6087325142375852 3.116994891068558
      vertex 3.6412674857624157 0.7668289630343872 4.307626311390192
    endloop
  endfacet
  facet normal 0.49999999999999417 0.500000000000006 0.7071067811865474
    outer loop
      vertex 3.4222193585307483 0.727780641469252 4.490128060534577
      vertex 4.483171036965614 1.6087325142375852 3.116994891068558
      vertex 4.522219358530748 1.8277806414692521 2.934493141924172
    endloop
  endfacet
  facet normal 0.5000000000000033 0.49999999999999606 0.7071067811865478
    outer loop
      vertex 3.189530587043656 0.7211942691371591 4.65932113729851
      vertex 4.522219358530748 1.8277806414692521 2.934493141924172
      vertex 4.5288057308628415 2.060469412956345 2.76530006516024
    endloop
  endfacet
  facet normal 0.4999999999999989 0.5000000000000009 0.7071067811865476
    outer loop
      vertex 3.189530587043656 0.7211942691371591 4.65932113729851
      vertex 4.5288057308628415 2.060469412956345 2.76530006516024
      vertex 4.502817459305203 2.3028174593052024 2.6123106012293746
    endloop
  endfacet
  facet normal 0.5000000000000016 0.4999999999999989 0.7071067811865474
    outer loop
      vertex 2.6993218617487766 0.8053007896105069 4.9464787601826234
      vertex 4.444699210389494 2.5506781382512242 2.4781424422761265
      vertex 4.355445403468086 2.799810484857681 2.3650912426986266
    endloop
  endfacet
  facet normal 0.5000000000000009 0.49999999999999883 0.7071067811865477
    outer loop
      vertex 1.5250000000000001 1.5250000000000001 5.267945519839779
      vertex 3.7250000000000005 3.7250000000000005 2.15667568261897
      vertex 3.512538245100426 3.918640449921958 2.1699843549994235
    endloop
  endfacet
  facet normal 0.5000000000000002 0.4999999999999999 0.7071067811865474
    outer loop
      vertex 1.331359550078043 1.737461754899575 5.254636847459326
      vertex 3.512538245100426 3.918640449921958 2.1699843549994235
      vertex 3.2848904647550934 4.090146353080859 2.209682657066492
    endloop
  endfacet
  facet normal 0.4999999999999997 0.5000000000000004 0.7071067811865474
    outer loop
      vertex 1.9651095352449075 1.1598536469191423 5.214938545392258
      vertex 4.090146353080859 3.2848904647550934 2.209682657066492
      vertex 3.918640449921958 3.512538245100426 2.1699843549994235
    endloop
  endfacet
  facet normal 0.49999999999999983 0.5000000000000002 0.7071067811865474
    outer loop
      vertex 1.737461754899575 1.331359550078043 5.254636847459326
      vertex 3.918640449921958 3.512538245100426 2.1699843549994235
      vertex 3.7250000000000005 3.7250000000000005 2.15667568261897
    endloop
  endfacet
  facet normal 0.0903079932647416 -0.8421478007437189 0.5316310262343732
    outer loop
      vertex 2.3028174593052024 4.502817459305203 2.6123106012293746
      vertex 2.5506781382512242 4.444699210389494 2.4781424422761265
      vertex 10.050678138251225 11.944699210389494 13.08474416007434
    endloop
  endfacet
  facet normal 0.508860983224265 -0.8303004485274253 0.22729202565684267
    outer loop
      vertex 1.4070730054498903 4.412328893775656 3.3096826570664923
      vertex 1.6087325142375852 4.483171036965614 3.116994891068558
      vertex 9.108732514237586 11.983171036965615 13.723596608866773
    endloop
  endfacet
  facet normal 0.4130404522896311 -0.8553291425086346 0.31274533209597355
    outer loop
      vertex 1.8277806414692521 4.522219358530748 2.934493141924172
      vertex 9.327780641469255 12.02221935853075 13.541094859722387
      vertex 1.6087325142375852 4.483171036965614 3.116994891068558
    endloop
  endfacet
  facet normal 0.31015268469987894 -0.8657229177194805 0.3928474791935506
    outer loop
      vertex 1.8277806414692521 4.522219358530748 2.934493141924172
      vertex 2.060469412956345 4.5288057308628415 2.76530006516024
      vertex 9.560469412956344 12.028805730862842 13.371901782958455
    endloop
  endfacet
  facet normal 0.2019581186843397 -0.8613039337844077 0.4662278970042296
    outer loop
      vertex 2.060469412956345 4.5288057308628415 2.76530006516024
      vertex 2.3028174593052024 4.502817459305203 2.6123106012293746
      vertex 9.802817459305205 12.002817459305204 13.218912319027588
    endloop
  endfacet
  facet normal -0.8421478007437189 0.09030799326474166 0.5316310262343732
    outer loop
      vertex 4.502817459305203 2.3028174593052024 2.6123106012293746
      vertex 12.002817459305204 9.802817459305205 13.218912319027588
      vertex 4.444699210389494 2.5506781382512242 2.4781424422761265
    endloop
  endfacet
  facet normal -0.8303004485274252 0.508860983224265 0.22729202565684276
    outer loop
      vertex 4.412328893775656 1.4070730054498903 3.3096826570664923
      vertex 11.912328893775658 8.907073005449892 13.916284374864706
      vertex 4.483171036965614 1.6087325142375852 3.116994891068558
    endloop
  endfacet
  facet normal -0.8553291425086347 0.41304045228963115 0.3127453320959736
    outer loop
      vertex 4.522219358530748 1.8277806414692521 2.934493141924172
      vertex 4.483171036965614 1.6087325142375852 3.116994891068558
      vertex 11.983171036965615 9.108732514237587 13.723596608866773
    endloop
  endfacet
  facet normal -0.8613039337844077 0.20195811868433977 0.46622789700422973
    outer loop
      vertex 4.5288057308628415 2.060469412956345 2.76530006516024
      vertex 12.028805730862844 9.560469412956346 13.371901782958453
      vertex 4.502817459305203 2.3028174593052024 2.6123106012293746
    endloop
  endfacet
  facet normal -0.8657229177194805 0.3101526846998789 0.39284747919355045
    outer loop
      vertex 4.522219358530748 1.8277806414692521 2.934493141924172
      vertex 12.022219358530748 9.327780641469253 13.541094859722387
      vertex 4.5288057308628415 2.060469412956345 2.76530006516024
    endloop
  endfacet
  facet normal -0.13569103867037413 -0.7611817028623152 0.6341847973991342
    outer loop
      vertex 3.045951775601599 4.236583195923233 2.2750913398653605
      vertex 10.29981048485768 11.855445403468085 12.97169296049684
      vertex 2.799810484857681 4.355445403468086 2.3650912426986266
    endloop
  endfacet
  facet normal -0.022887326957720257 -0.8085822853448241 0.5879378012096786
    outer loop
      vertex 2.5506781382512242 4.444699210389494 2.4781424422761265
      vertex 2.799810484857681 4.355445403468086 2.3650912426986266
      vertex 10.29981048485768 11.855445403468085 12.97169296049684
    endloop
  endfacet
  facet normal -0.35244295056014635 -0.6283423298430848 0.6935199226610742
    outer loop
      vertex 3.2848904647550934 4.090146353080859 2.209682657066492
      vertex 3.512538245100426 3.918640449921958 2.1699843549994235
      vertex 11.012538245100426 11.41864044992196 12.776586072797638
    endloop
  endfacet
  facet normal -0.2461730390907075 -0.7007570904043975 0.6695807158758443
    outer loop
      vertex 3.045951775601599 4.236583195923233 2.2750913398653605
      vertex 3.2848904647550934 4.090146353080859 2.209682657066492
      vertex 10.784890464755094 11.59014635308086 12.816284374864704
    endloop
  endfacet
  facet normal -0.45268246542984664 -0.5451764578087567 0.7055928112895231
    outer loop
      vertex 3.7250000000000005 3.7250000000000005 2.15667568261897
      vertex 11.225000000000001 11.225000000000001 12.763277400417183
      vertex 3.512538245100426 3.918640449921958 2.1699843549994235
    endloop
  endfacet
  facet normal -0.7611817028623152 -0.13569103867037413 0.6341847973991342
    outer loop
      vertex 4.236583195923233 3.045951775601599 2.2750913398653605
      vertex 4.355445403468086 2.799810484857681 2.3650912426986266
      vertex 11.855445403468085 10.29981048485768 12.97169296049684
    endloop
  endfacet
  facet normal -0.6283423298430849 -0.35244295056014635 0.6935199226610742
    outer loop
      vertex 4.090146353080859 3.2848904647550934 2.209682657066492
      vertex 11.590146353080858 10.784890464755094 12.816284374864704
      vertex 3.918640449921958 3.512538245100426 2.1699843549994235
    endloop
  endfacet
  facet normal -0.5451764578087567 -0.45268246542984675 0.7055928112895231
    outer loop
      vertex 3.7250000000000005 3.7250000000000005 2.15667568261897
      vertex 3.918640449921958 3.512538245100426 2.1699843549994235
      vertex 11.41864044992196 11.012538245100426 12.776586072797636
    endloop
  endfacet
  facet normal -0.7007570904043975 -0.24617303909070756 0.6695807158758443
    outer loop
      vertex 4.236583195923233 3.045951775601599 2.2750913398653605
      vertex 11.736583195923233 10.5459517756016 12.881693057663574
      vertex 4.090146353080859 3.2848904647550934 2.209682657066492
    endloop
  endfacet
  facet normal -0.8085822853448241 -0.022887326957720236 0.5879378012096788
    outer loop
      vertex 4.444699210389494 2.5506781382512242 2.4781424422761265
      vertex 11.944699210389494 10.050678138251225 13.08474416007434
      vertex 4.355445403468086 2.799810484857681 2.3650912426986266
    endloop
  endfacet
  facet normal 0.7611817028623153 0.13569103867037338 -0.6341847973991341
    outer loop
      vertex 1.013416804076768 2.2040482243984014 5.149529862593389
      vertex 0.8945545965319152 2.45018951514232 5.059529959760123
      vertex 8.394554596531917 9.950189515142322 15.666131677558335
    endloop
  endfacet
  facet normal 0.7007570904043969 0.24617303909070828 -0.6695807158758446
    outer loop
      vertex 1.1598536469191423 1.9651095352449075 5.214938545392258
      vertex 1.013416804076768 2.2040482243984014 5.149529862593389
      vertex 8.513416804076769 9.704048224398402 15.756131580391601
    endloop
  endfacet
  facet normal 0.6283423298430855 0.3524429505601455 -0.6935199226610741
    outer loop
      vertex 1.1598536469191423 1.9651095352449075 5.214938545392258
      vertex 8.659853646919142 9.465109535244906 15.821540263190471
      vertex 1.331359550078043 1.737461754899575 5.254636847459326
    endloop
  endfacet
  facet normal 0.24617303909070837 0.700757090404397 -0.6695807158758446
    outer loop
      vertex 1.9651095352449075 1.1598536469191423 5.214938545392258
      vertex 9.465109535244906 8.659853646919142 15.821540263190471
      vertex 2.2040482243984014 1.013416804076768 5.149529862593389
    endloop
  endfacet
  facet normal 0.13569103867037344 0.7611817028623155 -0.634184797399134
    outer loop
      vertex 2.2040482243984014 1.013416804076768 5.149529862593389
      vertex 9.704048224398402 8.513416804076769 15.756131580391601
      vertex 2.45018951514232 0.8945545965319152 5.059529959760123
    endloop
  endfacet
  facet normal 0.5451764578087566 0.452682465429847 -0.7055928112895232
    outer loop
      vertex 1.5250000000000001 1.5250000000000001 5.267945519839779
      vertex 1.331359550078043 1.737461754899575 5.254636847459326
      vertex 9.025 9.025 15.874547237637993
    endloop
  endfacet
  facet normal 0.452682465429847 0.5451764578087566 -0.7055928112895232
    outer loop
      vertex 1.5250000000000001 1.5250000000000001 5.267945519839779
      vertex 9.025 9.025 15.874547237637993
      vertex 1.737461754899575 1.331359550078043 5.254636847459326
    endloop
  endfacet
  facet normal 0.3524429505601454 0.6283423298430854 -0.693519922661074
    outer loop
      vertex 1.737461754899575 1.331359550078043 5.254636847459326
      vertex 9.237461754899575 8.831359550078043 15.86123856525754
      vertex 1.9651095352449075 1.1598536469191423 5.214938545392258
    endloop
  endfacet
  facet normal 0.8657229177194804 -0.3101526846998787 -0.3928474791935508
    outer loop
      vertex 0.7211942691371591 3.189530587043656 4.65932113729851
      vertex 0.727780641469252 3.4222193585307483 4.490128060534577
      vertex 8.227780641469254 10.922219358530748 15.096729778332792
    endloop
  endfacet
  facet normal 0.8553291425086342 -0.413040452289633 -0.31274533209597216
    outer loop
      vertex 0.7668289630343872 3.6412674857624157 4.307626311390192
      vertex 8.266828963034389 11.141267485762416 14.914228029188406
      vertex 0.727780641469252 3.4222193585307483 4.490128060534577
    endloop
  endfacet
  facet normal 0.672891246674451 -0.7382943759045952 0.04624699618945509
    outer loop
      vertex 1.0693650813895956 4.180634918610405 3.7123106012293747
      vertex 1.226252565212106 4.3109050576720085 3.5092594988186088
      vertex 8.726252565212107 11.81090505767201 14.115861216616823
    endloop
  endfacet
  facet normal 0.7382943759045952 -0.672891246674451 -0.04624699618945507
    outer loop
      vertex 1.0693650813895956 4.180634918610405 3.7123106012293747
      vertex 8.569365081389597 11.680634918610407 14.318912319027588
      vertex 0.9390949423279922 4.023747434787895 3.9153617036401407
    endloop
  endfacet
  facet normal 0.7910650836691371 -0.595974761653011 -0.13794968964146997
    outer loop
      vertex 0.8376711062243447 3.8429269945501106 4.114938545392257
      vertex 0.9390949423279922 4.023747434787895 3.9153617036401407
      vertex 8.439094942327994 11.523747434787897 14.521963421438354
    endloop
  endfacet
  facet normal 0.8303004485274258 -0.5088609832242633 -0.22729202565684412
    outer loop
      vertex 0.7668289630343872 3.6412674857624157 4.307626311390192
      vertex 0.8376711062243447 3.8429269945501106 4.114938545392257
      vertex 8.337671106224345 11.342926994550112 14.721540263190471
    endloop
  endfacet
  facet normal 0.5959747616530103 -0.7910650836691374 0.13794968964147078
    outer loop
      vertex 1.4070730054498903 4.412328893775656 3.3096826570664923
      vertex 8.907073005449892 11.912328893775658 13.916284374864706
      vertex 1.226252565212106 4.3109050576720085 3.5092594988186088
    endloop
  endfacet
  facet normal 0.8613039337844078 -0.20195811868433894 -0.46622789700423034
    outer loop
      vertex 0.7471825406947976 2.947182540694798 4.812310601229375
      vertex 0.7211942691371591 3.189530587043656 4.65932113729851
      vertex 8.221194269137161 10.68953058704366 15.265922855096724
    endloop
  endfacet
  facet normal 0.8421478007437188 -0.09030799326474138 -0.5316310262343735
    outer loop
      vertex 0.7471825406947976 2.947182540694798 4.812310601229375
      vertex 8.2471825406948 10.447182540694799 15.418912319027589
      vertex 0.8053007896105069 2.6993218617487766 4.9464787601826234
    endloop
  endfacet
  facet normal 0.808582285344824 0.022887326957720475 -0.587937801209679
    outer loop
      vertex 0.8945545965319152 2.45018951514232 5.059529959760123
      vertex 0.8053007896105069 2.6993218617487766 4.9464787601826234
      vertex 8.305300789610508 10.199321861748777 15.553080477980837
    endloop
  endfacet
  facet normal -0.5088609832242634 0.8303004485274258 -0.22729202565684423
    outer loop
      vertex 3.6412674857624157 0.7668289630343872 4.307626311390192
      vertex 11.141267485762416 8.266828963034389 14.914228029188404
      vertex 3.8429269945501106 0.8376711062243447 4.114938545392257
    endloop
  endfacet
  facet normal -0.31015268469987867 0.8657229177194804 -0.3928474791935507
    outer loop
      vertex 3.189530587043656 0.7211942691371591 4.65932113729851
      vertex 10.689530587043658 8.22119426913716 15.265922855096724
      vertex 3.4222193585307483 0.727780641469252 4.490128060534577
    endloop
  endfacet
  facet normal -0.41304045228963304 0.8553291425086341 -0.3127453320959722
    outer loop
      vertex 3.6412674857624157 0.7668289630343872 4.307626311390192
      vertex 3.4222193585307483 0.727780641469252 4.490128060534577
      vertex 10.92221935853075 8.227780641469256 15.096729778332792
    endloop
  endfacet
  facet normal -0.7382943759045952 0.6728912466744511 0.046246996189455124
    outer loop
      vertex 4.180634918610405 1.0693650813895956 3.7123106012293747
      vertex 11.680634918610407 8.569365081389597 14.31891231902759
      vertex 4.3109050576720085 1.226252565212106 3.5092594988186088
    endloop
  endfacet
  facet normal -0.6728912466744511 0.7382943759045952 -0.0462469961894551
    outer loop
      vertex 4.180634918610405 1.0693650813895956 3.7123106012293747
      vertex 4.023747434787895 0.9390949423279922 3.9153617036401407
      vertex 11.523747434787897 8.439094942327994 14.521963421438354
    endloop
  endfacet
  facet normal -0.5959747616530109 0.7910650836691371 -0.1379496896414699
    outer loop
      vertex 3.8429269945501106 0.8376711062243447 4.114938545392257
      vertex 11.342926994550112 8.337671106224345 14.721540263190471
      vertex 4.023747434787895 0.9390949423279922 3.9153617036401407
    endloop
  endfacet
  facet normal -0.7910650836691374 0.5959747616530102 0.13794968964147072
    outer loop
      vertex 4.412328893775656 1.4070730054498903 3.3096826570664923
      vertex 4.3109050576720085 1.226252565212106 3.5092594988186088
      vertex 11.81090505767201 8.726252565212107 14.115861216616823
    endloop
  endfacet
  facet normal -0.09030799326474138 0.842147800743719 -0.5316310262343735
    outer loop
      vertex 2.947182540694798 0.7471825406947976 4.812310601229375
      vertex 2.6993218617487766 0.8053007896105069 4.9464787601826234
      vertex 10.199321861748777 8.305300789610508 15.553080477980837
    endloop
  endfacet
  facet normal -0.20195811868433894 0.8613039337844078 -0.46622789700423034
    outer loop
      vertex 2.947182540694798 0.7471825406947976 4.812310601229375
      vertex 10.447182540694799 8.2471825406948 15.418912319027589
      vertex 3.189530587043656 0.7211942691371591 4.65932113729851
    endloop
  endfacet
  facet normal 0.02288732695772042 0.808582285344824 -0.587937801209679
    outer loop
      vertex 2.45018951514232 0.8945545965319152 5.059529959760123
      vertex 9.950189515142322 8.394554596531917 15.666131677558335
      vertex 2.6993218617487766 0.8053007896105069 4.9464787601826234
    endloop
  endfacet
  facet normal -0.13569103867036897 -0.7611817028623176 0.6341847973991325
    outer loop
      vertex 3.045951775601599 4.236583195923233 2.2750913398653605
      vertex 10.5459517756016 11.736583195923233 12.881693057663574
      vertex 10.29981048485768 11.855445403468085 12.97169296049684
    endloop
  endfacet
  facet normal -0.35244295056014924 -0.6283423298430828 0.6935199226610744
    outer loop
      vertex 3.2848904647550934 4.090146353080859 2.209682657066492
      vertex 11.012538245100426 11.41864044992196 12.776586072797638
      vertex 10.784890464755094 11.59014635308086 12.816284374864704
    endloop
  endfacet
  facet normal -0.24617303909070498 -0.7007570904043989 0.6695807158758438
    outer loop
      vertex 3.045951775601599 4.236583195923233 2.2750913398653605
      vertex 10.784890464755094 11.59014635308086 12.816284374864704
      vertex 10.5459517756016 11.736583195923233 12.881693057663574
    endloop
  endfacet
  facet normal -0.452682465429844 -0.5451764578087601 0.7055928112895223
    outer loop
      vertex 3.512538245100426 3.918640449921958 2.1699843549994235
      vertex 11.225000000000001 11.225000000000001 12.763277400417183
      vertex 11.012538245100426 11.41864044992196 12.776586072797638
    endloop
  endfacet
  facet normal -0.7611817028623176 -0.13569103867036897 0.6341847973991325
    outer loop
      vertex 4.236583195923233 3.045951775601599 2.2750913398653605
      vertex 11.855445403468085 10.29981048485768 12.97169296049684
      vertex 11.736583195923233 10.5459517756016 12.881693057663574
    endloop
  endfacet
  facet normal -0.6283423298430867 -0.3524429505601432 0.6935199226610742
    outer loop
      vertex 3.918640449921958 3.512538245100426 2.1699843549994235
      vertex 11.590146353080858 10.784890464755094 12.816284374864704
      vertex 11.41864044992196 11.012538245100426 12.776586072797636
    endloop
  endfacet
  facet normal -0.5451764578087565 -0.4526824654298473 0.7055928112895229
    outer loop
      vertex 3.7250000000000005 3.7250000000000005 2.15667568261897
      vertex 11.41864044992196 11.012538245100426 12.776586072797636
      vertex 11.225000000000001 11.225000000000001 12.763277400417183
    endloop
  endfacet
  facet normal -0.7007570904043949 -0.24617303909071203 0.6695807158758452
    outer loop
      vertex 4.090146353080859 3.2848904647550934 2.209682657066492
      vertex 11.736583195923233 10.5459517756016 12.881693057663574
      vertex 11.590146353080858 10.784890464755094 12.816284374864704
    endloop
  endfacet
  facet normal 0.6728912466744496 -0.7382943759045965 0.04624699618945718
    outer loop
      vertex 1.0693650813895956 4.180634918610405 3.7123106012293747
      vertex 8.726252565212107 11.81090505767201 14.115861216616823
      vertex 8.569365081389597 11.680634918610407 14.318912319027588
    endloop
  endfacet
  facet normal 0.09030799326474004 -0.8421478007437179 0.5316310262343752
    outer loop
      vertex 2.3028174593052024 4.502817459305203 2.6123106012293746
      vertex 10.050678138251225 11.944699210389494 13.08474416007434
      vertex 9.802817459305205 12.002817459305204 13.218912319027588
    endloop
  endfacet
  facet normal 0.2019581186843404 -0.8613039337844072 0.4662278970042303
    outer loop
      vertex 2.060469412956345 4.5288057308628415 2.76530006516024
      vertex 9.802817459305205 12.002817459305204 13.218912319027588
      vertex 9.560469412956344 12.028805730862842 13.371901782958455
    endloop
  endfacet
  facet normal 0.3101526846998794 -0.865722917719481 0.3928474791935491
    outer loop
      vertex 1.8277806414692521 4.522219358530748 2.934493141924172
      vertex 9.560469412956344 12.028805730862842 13.371901782958455
      vertex 9.327780641469255 12.02221935853075 13.541094859722387
    endloop
  endfacet
  facet normal 0.5959747616530128 -0.7910650836691361 0.13794968964146773
    outer loop
      vertex 1.226252565212106 4.3109050576720085 3.5092594988186088
      vertex 8.907073005449892 11.912328893775658 13.916284374864706
      vertex 8.726252565212107 11.81090505767201 14.115861216616823
    endloop
  endfacet
  facet normal 0.5088609832242623 -0.830300448527426 0.2272920256568464
    outer loop
      vertex 1.4070730054498903 4.412328893775656 3.3096826570664923
      vertex 9.108732514237586 11.983171036965615 13.723596608866773
      vertex 8.907073005449892 11.912328893775658 13.916284374864706
    endloop
  endfacet
  facet normal 0.4130404522896308 -0.8553291425086346 0.3127453320959736
    outer loop
      vertex 1.6087325142375852 4.483171036965614 3.116994891068558
      vertex 9.327780641469255 12.02221935853075 13.541094859722387
      vertex 9.108732514237586 11.983171036965615 13.723596608866773
    endloop
  endfacet
  facet normal 0.8303004485274265 -0.5088609832242613 -0.22729202565684645
    outer loop
      vertex 0.7668289630343872 3.6412674857624157 4.307626311390192
      vertex 8.337671106224345 11.342926994550112 14.721540263190471
      vertex 8.266828963034389 11.141267485762416 14.914228029188406
    endloop
  endfacet
  facet normal 0.842147800743719 -0.09030799326474391 -0.5316310262343726
    outer loop
      vertex 0.8053007896105069 2.6993218617487766 4.9464787601826234
      vertex 8.2471825406948 10.447182540694799 15.418912319027589
      vertex 8.305300789610508 10.199321861748777 15.553080477980837
    endloop
  endfacet
  facet normal 0.8613039337844076 -0.2019581186843386 -0.4662278970042306
    outer loop
      vertex 0.7471825406947976 2.947182540694798 4.812310601229375
      vertex 8.221194269137161 10.68953058704366 15.265922855096724
      vertex 8.2471825406948 10.447182540694799 15.418912319027589
    endloop
  endfacet
  facet normal 0.8657229177194802 -0.31015268469988116 -0.3928474791935497
    outer loop
      vertex 0.7211942691371591 3.189530587043656 4.65932113729851
      vertex 8.227780641469254 10.922219358530748 15.096729778332792
      vertex 8.221194269137161 10.68953058704366 15.265922855096724
    endloop
  endfacet
  facet normal 0.8553291425086343 -0.41304045228963254 -0.3127453320959726
    outer loop
      vertex 0.727780641469252 3.4222193585307483 4.490128060534577
      vertex 8.266828963034389 11.141267485762416 14.914228029188406
      vertex 8.227780641469254 10.922219358530748 15.096729778332792
    endloop
  endfacet
  facet normal 0.7382943759045972 -0.6728912466744487 -0.0462469961894564
    outer loop
      vertex 0.9390949423279922 4.023747434787895 3.9153617036401407
      vertex 8.569365081389597 11.680634918610407 14.318912319027588
      vertex 8.439094942327994 11.523747434787897 14.521963421438354
    endloop
  endfacet
  facet normal 0.7910650836691359 -0.5959747616530129 -0.13794968964146864
    outer loop
      vertex 0.8376711062243447 3.8429269945501106 4.114938545392257
      vertex 8.439094942327994 11.523747434787897 14.521963421438354
      vertex 8.337671106224345 11.342926994550112 14.721540263190471
    endloop
  endfacet
  facet normal -0.7382943759045971 0.6728912466744486 0.04624699618945724
    outer loop
      vertex 4.3109050576720085 1.226252565212106 3.5092594988186088
      vertex 11.680634918610407 8.569365081389597 14.31891231902759
      vertex 11.81090505767201 8.726252565212107 14.115861216616823
    endloop
  endfacet
  facet normal -0.8553291425086346 0.4130404522896307 0.3127453320959743
    outer loop
      vertex 4.522219358530748 1.8277806414692521 2.934493141924172
      vertex 11.983171036965615 9.108732514237587 13.723596608866773
      vertex 12.022219358530748 9.327780641469253 13.541094859722387
    endloop
  endfacet
  facet normal -0.8421478007437186 0.0903079932647398 0.5316310262343742
    outer loop
      vertex 4.444699210389494 2.5506781382512242 2.4781424422761265
      vertex 12.002817459305204 9.802817459305205 13.218912319027588
      vertex 11.944699210389494 10.050678138251225 13.08474416007434
    endloop
  endfacet
  facet normal -0.8613039337844072 0.20195811868433286 0.46622789700423356
    outer loop
      vertex 4.502817459305203 2.3028174593052024 2.6123106012293746
      vertex 12.028805730862844 9.560469412956346 13.371901782958453
      vertex 12.002817459305204 9.802817459305205 13.218912319027588
    endloop
  endfacet
  facet normal -0.8657229177194803 0.31015268469988794 0.3928474791935441
    outer loop
      vertex 4.5288057308628415 2.060469412956345 2.76530006516024
      vertex 12.022219358530748 9.327780641469253 13.541094859722387
      vertex 12.028805730862844 9.560469412956346 13.371901782958453
    endloop
  endfacet
  facet normal -0.8303004485274266 0.5088609832242607 0.22729202565684709
    outer loop
      vertex 4.483171036965614 1.6087325142375852 3.116994891068558
      vertex 11.912328893775658 8.907073005449892 13.916284374864706
      vertex 11.983171036965615 9.108732514237587 13.723596608866773
    endloop
  endfacet
  facet normal -0.7910650836691361 0.5959747616530129 0.13794968964146717
    outer loop
      vertex 4.412328893775656 1.4070730054498903 3.3096826570664923
      vertex 11.81090505767201 8.726252565212107 14.115861216616823
      vertex 11.912328893775658 8.907073005449892 13.916284374864706
    endloop
  endfacet
  facet normal 0.022887326957726165 0.8085822853448225 -0.5879378012096809
    outer loop
      vertex 2.6993218617487766 0.8053007896105069 4.9464787601826234
      vertex 9.950189515142322 8.394554596531917 15.666131677558335
      vertex 10.199321861748777 8.305300789610508 15.553080477980837
    endloop
  endfacet
  facet normal -0.20195811868433247 0.8613039337844068 -0.4662278970042346
    outer loop
      vertex 3.189530587043656 0.7211942691371591 4.65932113729851
      vertex 10.447182540694799 8.2471825406948 15.418912319027589
      vertex 10.689530587043658 8.22119426913716 15.265922855096724
    endloop
  endfacet
  facet normal -0.09030799326474388 0.8421478007437192 -0.5316310262343724
    outer loop
      vertex 2.947182540694798 0.7471825406947976 4.812310601229375
      vertex 10.199321861748777 8.305300789610508 15.553080477980837
      vertex 10.447182540694799 8.2471825406948 15.418912319027589
    endloop
  endfacet
  facet normal -0.3101526846998851 0.8657229177194806 -0.3928474791935457
    outer loop
      vertex 3.4222193585307483 0.727780641469252 4.490128060534577
      vertex 10.689530587043658 8.22119426913716 15.265922855096724
      vertex 10.92221935853075 8.227780641469256 15.096729778332792
    endloop
  endfacet
  facet normal -0.4130404522896313 0.8553291425086342 -0.3127453320959746
    outer loop
      vertex 3.6412674857624157 0.7668289630343872 4.307626311390192
      vertex 10.92221935853075 8.227780641469256 15.096729778332792
      vertex 11.141267485762416 8.266828963034389 14.914228029188404
    endloop
  endfacet
  facet normal -0.5959747616530134 0.7910650836691356 -0.13794968964146778
    outer loop
      vertex 4.023747434787895 0.9390949423279922 3.9153617036401407
      vertex 11.342926994550112 8.337671106224345 14.721540263190471
      vertex 11.523747434787897 8.439094942327994 14.521963421438354
    endloop
  endfacet
  facet normal -0.6728912466744498 0.738294375904596 -0.0462469961894561
    outer loop
      vertex 4.180634918610405 1.0693650813895956 3.7123106012293747
      vertex 11.523747434787897 8.439094942327994 14.521963421438354
      vertex 11.680634918610407 8.569365081389597 14.31891231902759
    endloop
  endfacet
  facet normal -0.508860983224261 0.8303004485274268 -0.22729202565684634
    outer loop
      vertex 3.8429269945501106 0.8376711062243447 4.114938545392257
      vertex 11.141267485762416 8.266828963034389 14.914228029188404
      vertex 11.342926994550112 8.337671106224345 14.721540263190471
    endloop
  endfacet
  facet normal -0.02288732695772397 -0.8085822853448228 0.5879378012096803
    outer loop
      vertex 2.5506781382512242 4.444699210389494 2.4781424422761265
      vertex 10.29981048485768 11.855445403468085 12.97169296049684
      vertex 10.050678138251225 11.944699210389494 13.08474416007434
    endloop
  endfacet
  facet normal -0.8085822853448237 -0.022887326957721044 0.5879378012096793
    outer loop
      vertex 4.355445403468086 2.799810484857681 2.3650912426986266
      vertex 11.944699210389494 10.050678138251225 13.08474416007434
      vertex 11.855445403468085 10.29981048485768 12.97169296049684
    endloop
  endfacet
  facet normal 0.7007570904044016 0.24617303909070232 -0.669580715875842
    outer loop
      vertex 1.1598536469191423 1.9651095352449075 5.214938545392258
      vertex 8.513416804076769 9.704048224398402 15.756131580391601
      vertex 8.659853646919142 9.465109535244906 15.821540263190471
    endloop
  endfacet
  facet normal 0.761181702862317 0.1356910386703712 -0.634184797399133
    outer loop
      vertex 1.013416804076768 2.2040482243984014 5.149529862593389
      vertex 8.394554596531917 9.950189515142322 15.666131677558335
      vertex 8.513416804076769 9.704048224398402 15.756131580391601
    endloop
  endfacet
  facet normal 0.35244295056014574 0.6283423298430862 -0.6935199226610731
    outer loop
      vertex 1.9651095352449075 1.1598536469191423 5.214938545392258
      vertex 9.237461754899575 8.831359550078043 15.86123856525754
      vertex 9.465109535244906 8.659853646919142 15.821540263190471
    endloop
  endfacet
  facet normal 0.246173039090706 0.700757090404398 -0.669580715875844
    outer loop
      vertex 2.2040482243984014 1.013416804076768 5.149529862593389
      vertex 9.465109535244906 8.659853646919142 15.821540263190471
      vertex 9.704048224398402 8.513416804076769 15.756131580391601
    endloop
  endfacet
  facet normal 0.13569103867037055 0.7611817028623169 -0.6341847973991332
    outer loop
      vertex 2.45018951514232 0.8945545965319152 5.059529959760123
      vertex 9.704048224398402 8.513416804076769 15.756131580391601
      vertex 9.950189515142322 8.394554596531917 15.666131677558335
    endloop
  endfacet
  facet normal 0.5451764578087575 0.45268246542984536 -0.7055928112895232
    outer loop
      vertex 1.331359550078043 1.737461754899575 5.254636847459326
      vertex 8.831359550078043 9.237461754899575 15.861238565257539
      vertex 9.025 9.025 15.874547237637993
    endloop
  endfacet
  facet normal 0.6283423298430857 0.35244295056014446 -0.6935199226610742
    outer loop
      vertex 1.331359550078043 1.737461754899575 5.254636847459326
      vertex 8.659853646919142 9.465109535244906 15.821540263190471
      vertex 8.831359550078043 9.237461754899575 15.861238565257539
    endloop
  endfacet
  facet normal 0.45268246542984536 0.5451764578087575 -0.7055928112895232
    outer loop
      vertex 1.737461754899575 1.331359550078043 5.254636847459326
      vertex 9.025 9.025 15.874547237637993
      vertex 9.237461754899575 8.831359550078043 15.86123856525754
    endloop
  endfacet
  facet normal 0.808582285344822 0.022887326957726523 -0.5879378012096814
    outer loop
      vertex 0.8945545965319152 2.45018951514232 5.059529959760123
      vertex 8.305300789610508 10.199321861748777 15.553080477980837
      vertex 8.394554596531917 9.950189515142322 15.666131677558335
    endloop
  endfacet
  facet normal 0.8421478007437189 0.09030799326474162 0.5316310262343732
    outer loop
      vertex -4.502817459305203 2.3028174593052024 2.6123106012293746
      vertex -4.444699210389494 2.5506781382512242 2.4781424422761265
      vertex -11.944699210389494 10.050678138251225 13.08474416007434
    endloop
  endfacet
  facet normal 0.8303004485274253 0.5088609832242649 0.2272920256568426
    outer loop
      vertex -4.412328893775656 1.4070730054498903 3.3096826570664923
      vertex -4.483171036965614 1.6087325142375852 3.116994891068558
      vertex -11.983171036965615 9.108732514237587 13.723596608866773
    endloop
  endfacet
  facet normal 0.8553291425086347 0.41304045228963115 0.31274533209597355
    outer loop
      vertex -4.522219358530748 1.8277806414692521 2.934493141924172
      vertex -12.022219358530748 9.327780641469253 13.541094859722387
      vertex -4.483171036965614 1.6087325142375852 3.116994891068558
    endloop
  endfacet
  facet normal 0.8657229177194804 0.310152684699879 0.3928474791935506
    outer loop
      vertex -4.522219358530748 1.8277806414692521 2.934493141924172
      vertex -4.5288057308628415 2.060469412956345 2.76530006516024
      vertex -12.028805730862844 9.560469412956346 13.371901782958453
    endloop
  endfacet
  facet normal 0.8613039337844077 0.2019581186843397 0.4662278970042296
    outer loop
      vertex -4.5288057308628415 2.060469412956345 2.76530006516024
      vertex -4.502817459305203 2.3028174593052024 2.6123106012293746
      vertex -12.002817459305204 9.802817459305205 13.218912319027588
    endloop
  endfacet
  facet normal 0.8085822853448241 -0.022887326957720267 0.5879378012096788
    outer loop
      vertex -4.444699210389494 2.5506781382512242 2.4781424422761265
      vertex -4.355445403468086 2.799810484857681 2.3650912426986266
      vertex -11.855445403468085 10.29981048485768 12.97169296049684
    endloop
  endfacet
  facet normal 0.7611817028623152 -0.1356910386703741 0.6341847973991342
    outer loop
      vertex -4.355445403468086 2.799810484857681 2.3650912426986266
      vertex -4.236583195923233 3.045951775601599 2.2750913398653605
      vertex -11.855445403468085 10.29981048485768 12.97169296049684
    endloop
  endfacet
  facet normal 0.7007570904043975 -0.24617303909070756 0.6695807158758443
    outer loop
      vertex -4.236583195923233 3.045951775601599 2.2750913398653605
      vertex -4.090146353080859 3.2848904647550934 2.209682657066492
      vertex -11.590146353080858 10.784890464755094 12.816284374864704
    endloop
  endfacet
  facet normal 0.6283423298430848 -0.35244295056014624 0.6935199226610743
    outer loop
      vertex -4.090146353080859 3.2848904647550934 2.209682657066492
      vertex -3.918640449921958 3.512538245100426 2.1699843549994235
      vertex -11.41864044992196 11.012538245100426 12.776586072797636
    endloop
  endfacet
  facet normal 0.5451764578087567 -0.45268246542984664 0.7055928112895231
    outer loop
      vertex -3.918640449921958 3.512538245100426 2.1699843549994235
      vertex -3.7250000000000005 3.7250000000000005 2.15667568261897
      vertex -11.225000000000001 11.225000000000001 12.763277400417183
    endloop
  endfacet
  facet normal 0.4526824654298467 -0.5451764578087567 0.7055928112895231
    outer loop
      vertex -3.7250000000000005 3.7250000000000005 2.15667568261897
      vertex -3.512538245100426 3.918640449921958 2.1699843549994235
      vertex -11.012538245100426 11.41864044992196 12.776586072797638
    endloop
  endfacet
  facet normal 0.35244295056014624 -0.6283423298430848 0.6935199226610742
    outer loop
      vertex -3.512538245100426 3.918640449921958 2.1699843549994235
      vertex -3.2848904647550934 4.090146353080859 2.209682657066492
      vertex -10.784890464755094 11.59014635308086 12.816284374864704
    endloop
  endfacet
  facet normal 0.2461730390907075 -0.7007570904043974 0.6695807158758443
    outer loop
      vertex -3.2848904647550934 4.090146353080859 2.209682657066492
      vertex -3.045951775601599 4.236583195923233 2.2750913398653605
      vertex -10.5459517756016 11.736583195923233 12.881693057663574
    endloop
  endfacet
  facet normal 0.1356910386703741 -0.7611817028623153 0.6341847973991342
    outer loop
      vertex -3.045951775601599 4.236583195923233 2.2750913398653605
      vertex -2.799810484857681 4.355445403468086 2.3650912426986266
      vertex -10.29981048485768 11.855445403468085 12.97169296049684
    endloop
  endfacet
  facet normal 0.022887326957720243 -0.8085822853448242 0.5879378012096788
    outer loop
      vertex -2.799810484857681 4.355445403468086 2.3650912426986266
      vertex -2.5506781382512242 4.444699210389494 2.4781424422761265
      vertex -10.050678138251225 11.944699210389494 13.08474416007434
    endloop
  endfacet
  facet normal -0.5000000000000006 0.4999999999999988 0.7071067811865479
    outer loop
      vertex -4.180634918610405 1.0693650813895956 3.7123106012293747
      vertex -4.023747434787895 0.9390949423279922 3.9153617036401407
      vertex -4.483171036965614 1.6087325142375852 3.116994891068558
    endloop
  endfacet
  facet normal -0.5000000000000027 0.4999999999999971 0.7071067811865477
    outer loop
      vertex -4.023747434787895 0.9390949423279922 3.9153617036401407
      vertex -3.8429269945501106 0.8376711062243447 4.114938545392257
      vertex -4.483171036965614 1.6087325142375852 3.116994891068558
    endloop
  endfacet
  facet normal -0.500000000000001 0.49999999999999867 0.7071067811865478
    outer loop
      vertex -3.6412674857624157 0.7668289630343872 4.307626311390192
      vertex -4.483171036965614 1.6087325142375852 3.116994891068558
      vertex -3.8429269945501106 0.8376711062243447 4.114938545392257
    endloop
  endfacet
  facet normal -0.4999999999999976 0.5000000000000023 0.7071067811865475
    outer loop
      vertex -3.6412674857624157 0.7668289630343872 4.307626311390192
      vertex -3.4222193585307483 0.727780641469252 4.490128060534577
      vertex -4.522219358530748 1.8277806414692521 2.934493141924172
    endloop
  endfacet
  facet normal -0.5000000000000182 0.49999999999998673 0.707106781186544
    outer loop
      vertex -4.412328893775656 1.4070730054498903 3.3096826570664923
      vertex -4.3109050576720085 1.226252565212106 3.5092594988186088
      vertex -4.483171036965614 1.6087325142375852 3.116994891068558
    endloop
  endfacet
  facet normal -0.5000000000000037 0.4999999999999968 0.7071067811865472
    outer loop
      vertex -3.4222193585307483 0.727780641469252 4.490128060534577
      vertex -4.5288057308628415 2.060469412956345 2.76530006516024
      vertex -4.522219358530748 1.8277806414692521 2.934493141924172
    endloop
  endfacet
  facet normal -0.5000000000000016 0.4999999999999983 0.7071067811865478
    outer loop
      vertex -4.3109050576720085 1.226252565212106 3.5092594988186088
      vertex -4.180634918610405 1.0693650813895956 3.7123106012293747
      vertex -4.483171036965614 1.6087325142375852 3.116994891068558
    endloop
  endfacet
  facet normal -0.4999999999999935 0.5000000000000061 0.7071067811865478
    outer loop
      vertex -3.6412674857624157 0.7668289630343872 4.307626311390192
      vertex -4.522219358530748 1.8277806414692521 2.934493141924172
      vertex -4.483171036965614 1.6087325142375852 3.116994891068558
    endloop
  endfacet
  facet normal -0.499999999999999 0.5000000000000011 0.7071067811865475
    outer loop
      vertex -3.189530587043656 0.7211942691371591 4.65932113729851
      vertex -4.502817459305203 2.3028174593052024 2.6123106012293746
      vertex -4.5288057308628415 2.060469412956345 2.76530006516024
    endloop
  endfacet
  facet normal -0.5000000000000002 0.49999999999999967 0.7071067811865476
    outer loop
      vertex -4.502817459305203 2.3028174593052024 2.6123106012293746
      vertex -2.947182540694798 0.7471825406947976 4.812310601229375
      vertex -4.444699210389494 2.5506781382512242 2.4781424422761265
    endloop
  endfacet
  facet normal -0.5000000000000012 0.4999999999999988 0.7071067811865475
    outer loop
      vertex -4.444699210389494 2.5506781382512242 2.4781424422761265
      vertex -2.6993218617487766 0.8053007896105069 4.9464787601826234
      vertex -4.355445403468086 2.799810484857681 2.3650912426986266
    endloop
  endfacet
  facet normal -0.5000000000000017 0.49999999999999817 0.7071067811865476
    outer loop
      vertex -3.4222193585307483 0.727780641469252 4.490128060534577
      vertex -3.189530587043656 0.7211942691371591 4.65932113729851
      vertex -4.5288057308628415 2.060469412956345 2.76530006516024
    endloop
  endfacet
  facet normal -0.49999999999999856 0.5000000000000013 0.7071067811865477
    outer loop
      vertex -4.355445403468086 2.799810484857681 2.3650912426986266
      vertex -2.45018951514232 0.8945545965319152 5.059529959760123
      vertex -4.236583195923233 3.045951775601599 2.2750913398653605
    endloop
  endfacet
  facet normal -0.5000000000000006 0.4999999999999996 0.7071067811865476
    outer loop
      vertex -4.236583195923233 3.045951775601599 2.2750913398653605
      vertex -2.2040482243984014 1.013416804076768 5.149529862593389
      vertex -4.090146353080859 3.2848904647550934 2.209682657066492
    endloop
  endfacet
  facet normal -0.49999999999999906 0.5000000000000008 0.7071067811865476
    outer loop
      vertex -3.189530587043656 0.7211942691371591 4.65932113729851
      vertex -2.947182540694798 0.7471825406947976 4.812310601229375
      vertex -4.502817459305203 2.3028174593052024 2.6123106012293746
    endloop
  endfacet
  facet normal -0.5000000000000017 0.4999999999999982 0.7071067811865477
    outer loop
      vertex -4.444699210389494 2.5506781382512242 2.4781424422761265
      vertex -2.947182540694798 0.7471825406947976 4.812310601229375
      vertex -2.6993218617487766 0.8053007896105069 4.9464787601826234
    endloop
  endfacet
  facet normal -0.4999999999999994 0.5000000000000008 0.7071067811865475
    outer loop
      vertex -4.355445403468086 2.799810484857681 2.3650912426986266
      vertex -2.6993218617487766 0.8053007896105069 4.9464787601826234
      vertex -2.45018951514232 0.8945545965319152 5.059529959760123
    endloop
  endfacet
  facet normal -0.49999999999999895 0.5000000000000011 0.7071067811865476
    outer loop
      vertex -4.236583195923233 3.045951775601599 2.2750913398653605
      vertex -2.45018951514232 0.8945545965319152 5.059529959760123
      vertex -2.2040482243984014 1.013416804076768 5.149529862593389
    endloop
  endfacet
  facet normal -0.500000000000001 0.4999999999999991 0.7071067811865476
    outer loop
      vertex -4.090146353080859 3.2848904647550934 2.209682657066492
      vertex -2.2040482243984014 1.013416804076768 5.149529862593389
      vertex -1.9651095352449075 1.1598536469191423 5.214938545392258
    endloop
  endfacet
  facet normal -0.5000000000000008 0.4999999999999994 0.7071067811865472
    outer loop
      vertex -3.918640449921958 3.512538245100426 2.1699843549994235
      vertex -1.9651095352449075 1.1598536469191423 5.214938545392258
      vertex -1.737461754899575 1.331359550078043 5.254636847459326
    endloop
  endfacet
  facet normal -0.49999999999999983 0.5000000000000001 0.7071067811865476
    outer loop
      vertex -4.090146353080859 3.2848904647550934 2.209682657066492
      vertex -1.9651095352449075 1.1598536469191423 5.214938545392258
      vertex -3.918640449921958 3.512538245100426 2.1699843549994235
    endloop
  endfacet
  facet normal -0.4999999999999999 0.5000000000000001 0.7071067811865475
    outer loop
      vertex -3.918640449921958 3.512538245100426 2.1699843549994235
      vertex -1.737461754899575 1.331359550078043 5.254636847459326
      vertex -3.7250000000000005 3.7250000000000005 2.15667568261897
    endloop
  endfacet
  facet normal -0.5000000000000001 0.4999999999999999 0.7071067811865476
    outer loop
      vertex -3.7250000000000005 3.7250000000000005 2.15667568261897
      vertex -1.5250000000000001 1.5250000000000001 5.267945519839779
      vertex -3.512538245100426 3.918640449921958 2.1699843549994235
    endloop
  endfacet
  facet normal -0.5000000000000001 0.49999999999999983 0.7071067811865475
    outer loop
      vertex -3.512538245100426 3.918640449921958 2.1699843549994235
      vertex -1.331359550078043 1.737461754899575 5.254636847459326
      vertex -3.2848904647550934 4.090146353080859 2.209682657066492
    endloop
  endfacet
  facet normal -0.49999999999999956 0.5000000000000009 0.7071067811865472
    outer loop
      vertex -3.7250000000000005 3.7250000000000005 2.15667568261897
      vertex -1.737461754899575 1.331359550078043 5.254636847459326
      vertex -1.5250000000000001 1.5250000000000001 5.267945519839779
    endloop
  endfacet
  facet normal -0.5000000000000013 0.4999999999999985 0.7071067811865475
    outer loop
      vertex -3.512538245100426 3.918640449921958 2.1699843549994235
      vertex -1.5250000000000001 1.5250000000000001 5.267945519839779
      vertex -1.331359550078043 1.737461754899575 5.254636847459326
    endloop
  endfacet
  facet normal -0.49999999999999944 0.5000000000000003 0.7071067811865476
    outer loop
      vertex -3.2848904647550934 4.090146353080859 2.209682657066492
      vertex -1.1598536469191423 1.9651095352449075 5.214938545392258
      vertex -3.045951775601599 4.236583195923233 2.2750913398653605
    endloop
  endfacet
  facet normal -0.5000000000000013 0.4999999999999985 0.7071067811865477
    outer loop
      vertex -1.013416804076768 2.2040482243984014 5.149529862593389
      vertex -2.799810484857681 4.355445403468086 2.3650912426986266
      vertex -3.045951775601599 4.236583195923233 2.2750913398653605
    endloop
  endfacet
  facet normal -0.4999999999999988 0.5000000000000007 0.7071067811865479
    outer loop
      vertex -3.2848904647550934 4.090146353080859 2.209682657066492
      vertex -1.331359550078043 1.737461754899575 5.254636847459326
      vertex -1.1598536469191423 1.9651095352449075 5.214938545392258
    endloop
  endfacet
  facet normal -0.4999999999999996 0.5000000000000004 0.7071067811865476
    outer loop
      vertex -1.1598536469191423 1.9651095352449075 5.214938545392258
      vertex -1.013416804076768 2.2040482243984014 5.149529862593389
      vertex -3.045951775601599 4.236583195923233 2.2750913398653605
    endloop
  endfacet
  facet normal -0.5000000000000008 0.4999999999999991 0.7071067811865476
    outer loop
      vertex -1.013416804076768 2.2040482243984014 5.149529862593389
      vertex -0.8945545965319152 2.45018951514232 5.059529959760123
      vertex -2.799810484857681 4.355445403468086 2.3650912426986266
    endloop
  endfacet
  facet normal -0.5000000000000011 0.499999999999999 0.7071067811865475
    outer loop
      vertex -0.8945545965319152 2.45018951514232 5.059529959760123
      vertex -0.8053007896105069 2.6993218617487766 4.9464787601826234
      vertex -2.5506781382512242 4.444699210389494 2.4781424422761265
    endloop
  endfacet
  facet normal -0.4999999999999978 0.5000000000000021 0.7071067811865476
    outer loop
      vertex -0.8053007896105069 2.6993218617487766 4.9464787601826234
      vertex -0.7471825406947976 2.947182540694798 4.812310601229375
      vertex -2.3028174593052024 4.502817459305203 2.6123106012293746
    endloop
  endfacet
  facet normal -0.49999999999999867 0.500000000000001 0.7071067811865478
    outer loop
      vertex -0.8945545965319152 2.45018951514232 5.059529959760123
      vertex -2.5506781382512242 4.444699210389494 2.4781424422761265
      vertex -2.799810484857681 4.355445403468086 2.3650912426986266
    endloop
  endfacet
  facet normal -0.4999999999999996 0.5000000000000003 0.7071067811865476
    outer loop
      vertex -0.8053007896105069 2.6993218617487766 4.9464787601826234
      vertex -2.3028174593052024 4.502817459305203 2.6123106012293746
      vertex -2.5506781382512242 4.444699210389494 2.4781424422761265
    endloop
  endfacet
  facet normal -0.5000000000000012 0.49999999999999906 0.7071067811865474
    outer loop
      vertex -0.7471825406947976 2.947182540694798 4.812310601229375
      vertex -2.060469412956345 4.5288057308628415 2.76530006516024
      vertex -2.3028174593052024 4.502817459305203 2.6123106012293746
    endloop
  endfacet
  facet normal -0.4999999999999964 0.5000000000000037 0.7071067811865476
    outer loop
      vertex -2.060469412956345 4.5288057308628415 2.76530006516024
      vertex -0.727780641469252 3.4222193585307483 4.490128060534577
      vertex -1.8277806414692521 4.522219358530748 2.934493141924172
    endloop
  endfacet
  facet normal -0.5000000000000063 0.49999999999999334 0.7071067811865478
    outer loop
      vertex -1.8277806414692521 4.522219358530748 2.934493141924172
      vertex -0.7668289630343872 3.6412674857624157 4.307626311390192
      vertex -1.6087325142375852 4.483171036965614 3.116994891068558
    endloop
  endfacet
  facet normal -0.49999999999999806 0.5000000000000017 0.7071067811865478
    outer loop
      vertex -1.6087325142375852 4.483171036965614 3.116994891068558
      vertex -1.0693650813895956 4.180634918610405 3.7123106012293747
      vertex -1.226252565212106 4.3109050576720085 3.5092594988186088
    endloop
  endfacet
  facet normal -0.49999999999998673 0.5000000000000183 0.7071067811865439
    outer loop
      vertex -1.6087325142375852 4.483171036965614 3.116994891068558
      vertex -1.226252565212106 4.3109050576720085 3.5092594988186088
      vertex -1.4070730054498903 4.412328893775656 3.3096826570664923
    endloop
  endfacet
  facet normal -0.4999999999999981 0.500000000000002 0.7071067811865475
    outer loop
      vertex -2.060469412956345 4.5288057308628415 2.76530006516024
      vertex -0.7211942691371591 3.189530587043656 4.65932113729851
      vertex -0.727780641469252 3.4222193585307483 4.490128060534577
    endloop
  endfacet
  facet normal -0.5000000000000008 0.4999999999999991 0.7071067811865476
    outer loop
      vertex -0.7471825406947976 2.947182540694798 4.812310601229375
      vertex -0.7211942691371591 3.189530587043656 4.65932113729851
      vertex -2.060469412956345 4.5288057308628415 2.76530006516024
    endloop
  endfacet
  facet normal -0.49999999999999856 0.5000000000000012 0.7071067811865476
    outer loop
      vertex -1.6087325142375852 4.483171036965614 3.116994891068558
      vertex -0.7668289630343872 3.6412674857624157 4.307626311390192
      vertex -0.8376711062243447 3.8429269945501106 4.114938545392257
    endloop
  endfacet
  facet normal -0.49999999999999695 0.5000000000000026 0.7071067811865479
    outer loop
      vertex -1.6087325142375852 4.483171036965614 3.116994891068558
      vertex -0.8376711062243447 3.8429269945501106 4.114938545392257
      vertex -0.9390949423279922 4.023747434787895 3.9153617036401407
    endloop
  endfacet
  facet normal -0.499999999999999 0.5000000000000007 0.7071067811865477
    outer loop
      vertex -1.6087325142375852 4.483171036965614 3.116994891068558
      vertex -0.9390949423279922 4.023747434787895 3.9153617036401407
      vertex -1.0693650813895956 4.180634918610405 3.7123106012293747
    endloop
  endfacet
  facet normal -0.5000000000000023 0.4999999999999977 0.7071067811865475
    outer loop
      vertex -1.8277806414692521 4.522219358530748 2.934493141924172
      vertex -0.727780641469252 3.4222193585307483 4.490128060534577
      vertex -0.7668289630343872 3.6412674857624157 4.307626311390192
    endloop
  endfacet
  facet normal -0.09030799326474166 -0.8421478007437189 0.5316310262343732
    outer loop
      vertex -2.5506781382512242 4.444699210389494 2.4781424422761265
      vertex -2.3028174593052024 4.502817459305203 2.6123106012293746
      vertex -9.802817459305205 12.002817459305204 13.218912319027588
    endloop
  endfacet
  facet normal -0.20195811868433974 -0.8613039337844077 0.4662278970042297
    outer loop
      vertex -2.3028174593052024 4.502817459305203 2.6123106012293746
      vertex -2.060469412956345 4.5288057308628415 2.76530006516024
      vertex -9.560469412956344 12.028805730862842 13.371901782958455
    endloop
  endfacet
  facet normal -0.310152684699879 -0.8657229177194805 0.39284747919355056
    outer loop
      vertex -2.060469412956345 4.5288057308628415 2.76530006516024
      vertex -1.8277806414692521 4.522219358530748 2.934493141924172
      vertex -9.327780641469255 12.02221935853075 13.541094859722387
    endloop
  endfacet
  facet normal -0.41304045228963115 -0.8553291425086347 0.3127453320959736
    outer loop
      vertex -1.8277806414692521 4.522219358530748 2.934493141924172
      vertex -1.6087325142375852 4.483171036965614 3.116994891068558
      vertex -9.108732514237586 11.983171036965615 13.723596608866773
    endloop
  endfacet
  facet normal -0.508860983224265 -0.8303004485274252 0.22729202565684276
    outer loop
      vertex -1.6087325142375852 4.483171036965614 3.116994891068558
      vertex -1.4070730054498903 4.412328893775656 3.3096826570664923
      vertex -8.907073005449892 11.912328893775658 13.916284374864706
    endloop
  endfacet
  facet normal 0.7382943759045952 0.672891246674451 0.046246996189455096
    outer loop
      vertex -4.3109050576720085 1.226252565212106 3.5092594988186088
      vertex -11.81090505767201 8.726252565212107 14.115861216616823
      vertex -4.180634918610405 1.0693650813895956 3.7123106012293747
    endloop
  endfacet
  facet normal 0.6728912466744509 0.7382943759045952 -0.046246996189455075
    outer loop
      vertex -4.180634918610405 1.0693650813895956 3.7123106012293747
      vertex -11.680634918610407 8.569365081389597 14.31891231902759
      vertex -4.023747434787895 0.9390949423279922 3.9153617036401407
    endloop
  endfacet
  facet normal 0.595974761653011 0.7910650836691371 -0.13794968964146995
    outer loop
      vertex -4.023747434787895 0.9390949423279922 3.9153617036401407
      vertex -11.523747434787897 8.439094942327994 14.521963421438354
      vertex -3.8429269945501106 0.8376711062243447 4.114938545392257
    endloop
  endfacet
  facet normal 0.5088609832242634 0.8303004485274258 -0.22729202565684417
    outer loop
      vertex -3.6412674857624157 0.7668289630343872 4.307626311390192
      vertex -3.8429269945501106 0.8376711062243447 4.114938545392257
      vertex -11.342926994550112 8.337671106224345 14.721540263190471
    endloop
  endfacet
  facet normal 0.7910650836691374 0.5959747616530103 0.13794968964147075
    outer loop
      vertex -4.412328893775656 1.4070730054498903 3.3096826570664923
      vertex -11.912328893775658 8.907073005449892 13.916284374864706
      vertex -4.3109050576720085 1.226252565212106 3.5092594988186088
    endloop
  endfacet
  facet normal 0.413040452289633 0.8553291425086342 -0.31274533209597216
    outer loop
      vertex -3.6412674857624157 0.7668289630343872 4.307626311390192
      vertex -11.141267485762416 8.266828963034389 14.914228029188404
      vertex -3.4222193585307483 0.727780641469252 4.490128060534577
    endloop
  endfacet
  facet normal 0.3101526846998788 0.8657229177194804 -0.3928474791935508
    outer loop
      vertex -3.4222193585307483 0.727780641469252 4.490128060534577
      vertex -10.92221935853075 8.227780641469256 15.096729778332792
      vertex -3.189530587043656 0.7211942691371591 4.65932113729851
    endloop
  endfacet
  facet normal 0.20195811868433886 0.8613039337844078 -0.46622789700423023
    outer loop
      vertex -3.189530587043656 0.7211942691371591 4.65932113729851
      vertex -10.689530587043658 8.22119426913716 15.265922855096724
      vertex -2.947182540694798 0.7471825406947976 4.812310601229375
    endloop
  endfacet
  facet normal 0.09030799326474137 0.8421478007437189 -0.5316310262343735
    outer loop
      vertex -2.947182540694798 0.7471825406947976 4.812310601229375
      vertex -10.447182540694799 8.2471825406948 15.418912319027589
      vertex -2.6993218617487766 0.8053007896105069 4.9464787601826234
    endloop
  endfacet
  facet normal -0.022887326957720475 0.8085822853448241 -0.587937801209679
    outer loop
      vertex -2.6993218617487766 0.8053007896105069 4.9464787601826234
      vertex -10.199321861748777 8.305300789610508 15.553080477980837
      vertex -2.45018951514232 0.8945545965319152 5.059529959760123
    endloop
  endfacet
  facet normal 0.7611817028623166 -0.13569103867036952 0.6341847973991336
    outer loop
      vertex -4.236583195923233 3.045951775601599 2.2750913398653605
      vertex -11.736583195923233 10.5459517756016 12.881693057663574
      vertex -11.855445403468085 10.29981048485768 12.97169296049684
    endloop
  endfacet
  facet normal 0.7007570904043975 -0.24617303909070648 0.6695807158758444
    outer loop
      vertex -4.236583195923233 3.045951775601599 2.2750913398653605
      vertex -11.590146353080858 10.784890464755094 12.816284374864704
      vertex -11.736583195923233 10.5459517756016 12.881693057663574
    endloop
  endfacet
  facet normal 0.6283423298430888 -0.3524429505601417 0.693519922661073
    outer loop
      vertex -4.090146353080859 3.2848904647550934 2.209682657066492
      vertex -11.41864044992196 11.012538245100426 12.776586072797636
      vertex -11.590146353080858 10.784890464755094 12.816284374864704
    endloop
  endfacet
  facet normal 0.5451764578087578 -0.4526824654298466 0.7055928112895223
    outer loop
      vertex -3.918640449921958 3.512538245100426 2.1699843549994235
      vertex -11.225000000000001 11.225000000000001 12.763277400417183
      vertex -11.41864044992196 11.012538245100426 12.776586072797636
    endloop
  endfacet
  facet normal 0.4526824654298473 -0.5451764578087561 0.7055928112895232
    outer loop
      vertex -3.7250000000000005 3.7250000000000005 2.15667568261897
      vertex -11.012538245100426 11.41864044992196 12.776586072797638
      vertex -11.225000000000001 11.225000000000001 12.763277400417183
    endloop
  endfacet
  facet normal 0.35244295056014907 -0.6283423298430826 0.6935199226610749
    outer loop
      vertex -3.512538245100426 3.918640449921958 2.1699843549994235
      vertex -10.784890464755094 11.59014635308086 12.816284374864704
      vertex -11.012538245100426 11.41864044992196 12.776586072797638
    endloop
  endfacet
  facet normal 0.24617303909070753 -0.7007570904043969 0.669580715875845
    outer loop
      vertex -3.2848904647550934 4.090146353080859 2.209682657066492
      vertex -10.5459517756016 11.736583195923233 12.881693057663574
      vertex -10.784890464755094 11.59014635308086 12.816284374864704
    endloop
  endfacet
  facet normal 0.13569103867036952 -0.7611817028623166 0.6341847973991336
    outer loop
      vertex -3.045951775601599 4.236583195923233 2.2750913398653605
      vertex -10.29981048485768 11.855445403468085 12.97169296049684
      vertex -10.5459517756016 11.736583195923233 12.881693057663574
    endloop
  endfacet
  facet normal 0.7382943759045962 0.6728912466744499 0.0462469961894564
    outer loop
      vertex -4.180634918610405 1.0693650813895956 3.7123106012293747
      vertex -11.81090505767201 8.726252565212107 14.115861216616823
      vertex -11.680634918610407 8.569365081389597 14.31891231902759
    endloop
  endfacet
  facet normal 0.8421478007437186 0.09030799326473764 0.5316310262343745
    outer loop
      vertex -4.502817459305203 2.3028174593052024 2.6123106012293746
      vertex -11.944699210389494 10.050678138251225 13.08474416007434
      vertex -12.002817459305204 9.802817459305205 13.218912319027588
    endloop
  endfacet
  facet normal 0.8613039337844073 0.2019581186843341 0.4662278970042327
    outer loop
      vertex -4.5288057308628415 2.060469412956345 2.76530006516024
      vertex -12.002817459305204 9.802817459305205 13.218912319027588
      vertex -12.028805730862844 9.560469412956346 13.371901782958453
    endloop
  endfacet
  facet normal 0.8657229177194801 0.31015268469988805 0.3928474791935447
    outer loop
      vertex -4.522219358530748 1.8277806414692521 2.934493141924172
      vertex -12.028805730862844 9.560469412956346 13.371901782958453
      vertex -12.022219358530748 9.327780641469253 13.541094859722387
    endloop
  endfacet
  facet normal 0.8303004485274278 0.5088609832242584 0.22729202565684772
    outer loop
      vertex -4.412328893775656 1.4070730054498903 3.3096826570664923
      vertex -11.983171036965615 9.108732514237587 13.723596608866773
      vertex -11.912328893775658 8.907073005449892 13.916284374864706
    endloop
  endfacet
  facet normal 0.855329142508635 0.41304045228962993 0.31274533209597394
    outer loop
      vertex -4.483171036965614 1.6087325142375852 3.116994891068558
      vertex -12.022219358530748 9.327780641469253 13.541094859722387
      vertex -11.983171036965615 9.108732514237587 13.723596608866773
    endloop
  endfacet
  facet normal 0.7910650836691356 0.595974761653013 0.13794968964146845
    outer loop
      vertex -4.3109050576720085 1.226252565212106 3.5092594988186088
      vertex -11.912328893775658 8.907073005449892 13.916284374864706
      vertex -11.81090505767201 8.726252565212107 14.115861216616823
    endloop
  endfacet
  facet normal 0.6728912466744507 0.7382943759045955 -0.04624699618945715
    outer loop
      vertex -4.023747434787895 0.9390949423279922 3.9153617036401407
      vertex -11.680634918610407 8.569365081389597 14.31891231902759
      vertex -11.523747434787897 8.439094942327994 14.521963421438354
    endloop
  endfacet
  facet normal 0.5959747616530129 0.791065083669136 -0.13794968964146748
    outer loop
      vertex -3.8429269945501106 0.8376711062243447 4.114938545392257
      vertex -11.523747434787897 8.439094942327994 14.521963421438354
      vertex -11.342926994550112 8.337671106224345 14.721540263190471
    endloop
  endfacet
  facet normal 0.5088609832242621 0.8303004485274257 -0.22729202565684764
    outer loop
      vertex -3.6412674857624157 0.7668289630343872 4.307626311390192
      vertex -11.342926994550112 8.337671106224345 14.721540263190471
      vertex -11.141267485762416 8.266828963034389 14.914228029188404
    endloop
  endfacet
  facet normal 0.4130404522896331 0.8553291425086338 -0.31274533209597294
    outer loop
      vertex -3.4222193585307483 0.727780641469252 4.490128060534577
      vertex -11.141267485762416 8.266828963034389 14.914228029188404
      vertex -10.92221935853075 8.227780641469256 15.096729778332792
    endloop
  endfacet
  facet normal 0.31015268469988455 0.8657229177194807 -0.3928474791935456
    outer loop
      vertex -3.189530587043656 0.7211942691371591 4.65932113729851
      vertex -10.92221935853075 8.227780641469256 15.096729778332792
      vertex -10.689530587043658 8.22119426913716 15.265922855096724
    endloop
  endfacet
  facet normal 0.20195811868433353 0.8613039337844068 -0.46622789700423417
    outer loop
      vertex -2.947182540694798 0.7471825406947976 4.812310601229375
      vertex -10.689530587043658 8.22119426913716 15.265922855096724
      vertex -10.447182540694799 8.2471825406948 15.418912319027589
    endloop
  endfacet
  facet normal 0.09030799326474402 0.8421478007437188 -0.531631026234373
    outer loop
      vertex -2.6993218617487766 0.8053007896105069 4.9464787601826234
      vertex -10.447182540694799 8.2471825406948 15.418912319027589
      vertex -10.199321861748777 8.305300789610508 15.553080477980837
    endloop
  endfacet
  facet normal 0.8085822853448237 -0.02288732695772213 0.5879378012096792
    outer loop
      vertex -4.444699210389494 2.5506781382512242 2.4781424422761265
      vertex -11.855445403468085 10.29981048485768 12.97169296049684
      vertex -11.944699210389494 10.050678138251225 13.08474416007434
    endloop
  endfacet
  facet normal 0.02288732695772179 -0.808582285344823 0.5879378012096803
    outer loop
      vertex -2.799810484857681 4.355445403468086 2.3650912426986266
      vertex -10.050678138251225 11.944699210389494 13.08474416007434
      vertex -10.29981048485768 11.855445403468085 12.97169296049684
    endloop
  endfacet
  facet normal -0.09030799326473785 -0.8421478007437178 0.5316310262343756
    outer loop
      vertex -2.5506781382512242 4.444699210389494 2.4781424422761265
      vertex -9.802817459305205 12.002817459305204 13.218912319027588
      vertex -10.050678138251225 11.944699210389494 13.08474416007434
    endloop
  endfacet
  facet normal -0.2019581186843392 -0.8613039337844078 0.4662278970042298
    outer loop
      vertex -2.3028174593052024 4.502817459305203 2.6123106012293746
      vertex -9.560469412956344 12.028805730862842 13.371901782958455
      vertex -9.802817459305205 12.002817459305204 13.218912319027588
    endloop
  endfacet
  facet normal -0.3101526846998799 -0.8657229177194804 0.3928474791935498
    outer loop
      vertex -2.060469412956345 4.5288057308628415 2.76530006516024
      vertex -9.327780641469255 12.02221935853075 13.541094859722387
      vertex -9.560469412956344 12.028805730862842 13.371901782958455
    endloop
  endfacet
  facet normal -0.41304045228963165 -0.855329142508634 0.3127453320959747
    outer loop
      vertex -1.8277806414692521 4.522219358530748 2.934493141924172
      vertex -9.108732514237586 11.983171036965615 13.723596608866773
      vertex -9.327780641469255 12.02221935853075 13.541094859722387
    endloop
  endfacet
  facet normal -0.5088609832242631 -0.8303004485274258 0.227292025656845
    outer loop
      vertex -1.6087325142375852 4.483171036965614 3.116994891068558
      vertex -8.907073005449892 11.912328893775658 13.916284374864706
      vertex -9.108732514237586 11.983171036965615 13.723596608866773
    endloop
  endfacet
  facet normal -0.5959747616530142 -0.7910650836691351 0.1379496896414678
    outer loop
      vertex -1.4070730054498903 4.412328893775656 3.3096826570664923
      vertex -8.726252565212107 11.81090505767201 14.115861216616823
      vertex -8.907073005449892 11.912328893775658 13.916284374864706
    endloop
  endfacet
  facet normal -0.6728912466744507 -0.7382943759045953 0.046246996189456074
    outer loop
      vertex -1.226252565212106 4.3109050576720085 3.5092594988186088
      vertex -8.569365081389597 11.680634918610407 14.318912319027588
      vertex -8.726252565212107 11.81090505767201 14.115861216616823
    endloop
  endfacet
  facet normal -0.808582285344823 0.022887326957726346 -0.5879378012096801
    outer loop
      vertex -0.8053007896105069 2.6993218617487766 4.9464787601826234
      vertex -8.394554596531917 9.950189515142322 15.666131677558335
      vertex -8.305300789610508 10.199321861748777 15.553080477980837
    endloop
  endfacet
  facet normal -0.8613039337844073 -0.20195811868433763 -0.46622789700423173
    outer loop
      vertex -0.7211942691371591 3.189530587043656 4.65932113729851
      vertex -8.2471825406948 10.447182540694799 15.418912319027589
      vertex -8.221194269137161 10.68953058704366 15.265922855096724
    endloop
  endfacet
  facet normal -0.8421478007437194 -0.09030799326474385 -0.531631026234372
    outer loop
      vertex -0.7471825406947976 2.947182540694798 4.812310601229375
      vertex -8.305300789610508 10.199321861748777 15.553080477980837
      vertex -8.2471825406948 10.447182540694799 15.418912319027589
    endloop
  endfacet
  facet normal -0.8657229177194802 -0.3101526846998804 -0.3928474791935497
    outer loop
      vertex -0.727780641469252 3.4222193585307483 4.490128060534577
      vertex -8.221194269137161 10.68953058704366 15.265922855096724
      vertex -8.227780641469254 10.922219358530748 15.096729778332792
    endloop
  endfacet
  facet normal -0.8553291425086345 -0.41304045228963115 -0.3127453320959738
    outer loop
      vertex -0.7668289630343872 3.6412674857624157 4.307626311390192
      vertex -8.227780641469254 10.922219358530748 15.096729778332792
      vertex -8.266828963034389 11.141267485762416 14.914228029188406
    endloop
  endfacet
  facet normal -0.7382943759045962 -0.6728912466744496 -0.04624699618945739
    outer loop
      vertex -1.0693650813895956 4.180634918610405 3.7123106012293747
      vertex -8.439094942327994 11.523747434787897 14.521963421438354
      vertex -8.569365081389597 11.680634918610407 14.318912319027588
    endloop
  endfacet
  facet normal -0.7910650836691355 -0.5959747616530136 -0.1379496896414672
    outer loop
      vertex -0.9390949423279922 4.023747434787895 3.9153617036401407
      vertex -8.337671106224345 11.342926994550112 14.721540263190471
      vertex -8.439094942327994 11.523747434787897 14.521963421438354
    endloop
  endfacet
  facet normal -0.8303004485274272 -0.5088609832242602 -0.22729202565684653
    outer loop
      vertex -0.8376711062243447 3.8429269945501106 4.114938545392257
      vertex -8.266828963034389 11.141267485762416 14.914228029188406
      vertex -8.337671106224345 11.342926994550112 14.721540263190471
    endloop
  endfacet
  facet normal -0.13569103867037338 0.7611817028623153 -0.6341847973991341
    outer loop
      vertex -2.45018951514232 0.8945545965319152 5.059529959760123
      vertex -9.950189515142322 8.394554596531917 15.666131677558335
      vertex -2.2040482243984014 1.013416804076768 5.149529862593389
    endloop
  endfacet
  facet normal -0.2461730390907083 0.700757090404397 -0.6695807158758446
    outer loop
      vertex -2.2040482243984014 1.013416804076768 5.149529862593389
      vertex -9.704048224398402 8.513416804076769 15.756131580391601
      vertex -1.9651095352449075 1.1598536469191423 5.214938545392258
    endloop
  endfacet
  facet normal -0.3524429505601455 0.6283423298430855 -0.6935199226610741
    outer loop
      vertex -1.9651095352449075 1.1598536469191423 5.214938545392258
      vertex -9.465109535244906 8.659853646919142 15.821540263190471
      vertex -1.737461754899575 1.331359550078043 5.254636847459326
    endloop
  endfacet
  facet normal -0.452682465429847 0.5451764578087566 -0.7055928112895232
    outer loop
      vertex -1.737461754899575 1.331359550078043 5.254636847459326
      vertex -9.237461754899575 8.831359550078043 15.86123856525754
      vertex -1.5250000000000001 1.5250000000000001 5.267945519839779
    endloop
  endfacet
  facet normal -0.5451764578087566 0.452682465429847 -0.7055928112895232
    outer loop
      vertex -1.5250000000000001 1.5250000000000001 5.267945519839779
      vertex -9.025 9.025 15.874547237637993
      vertex -1.331359550078043 1.737461754899575 5.254636847459326
    endloop
  endfacet
  facet normal -0.6283423298430854 0.3524429505601454 -0.693519922661074
    outer loop
      vertex -1.331359550078043 1.737461754899575 5.254636847459326
      vertex -8.831359550078043 9.237461754899575 15.861238565257539
      vertex -1.1598536469191423 1.9651095352449075 5.214938545392258
    endloop
  endfacet
  facet normal -0.7007570904043972 0.24617303909070837 -0.6695807158758444
    outer loop
      vertex -1.1598536469191423 1.9651095352449075 5.214938545392258
      vertex -8.659853646919142 9.465109535244906 15.821540263190471
      vertex -1.013416804076768 2.2040482243984014 5.149529862593389
    endloop
  endfacet
  facet normal -0.7611817028623156 0.13569103867037344 -0.6341847973991341
    outer loop
      vertex -1.013416804076768 2.2040482243984014 5.149529862593389
      vertex -8.513416804076769 9.704048224398402 15.756131580391601
      vertex -0.8945545965319152 2.45018951514232 5.059529959760123
    endloop
  endfacet
  facet normal -0.5959747616530102 -0.7910650836691374 0.1379496896414707
    outer loop
      vertex -1.4070730054498903 4.412328893775656 3.3096826570664923
      vertex -1.226252565212106 4.3109050576720085 3.5092594988186088
      vertex -8.726252565212107 11.81090505767201 14.115861216616823
    endloop
  endfacet
  facet normal -0.8303004485274259 -0.5088609832242634 -0.22729202565684414
    outer loop
      vertex -0.8376711062243447 3.8429269945501106 4.114938545392257
      vertex -0.7668289630343872 3.6412674857624157 4.307626311390192
      vertex -8.266828963034389 11.141267485762416 14.914228029188406
    endloop
  endfacet
  facet normal -0.8657229177194804 -0.3101526846998787 -0.3928474791935508
    outer loop
      vertex -0.7211942691371591 3.189530587043656 4.65932113729851
      vertex -8.221194269137161 10.68953058704366 15.265922855096724
      vertex -0.727780641469252 3.4222193585307483 4.490128060534577
    endloop
  endfacet
  facet normal -0.8553291425086342 -0.41304045228963304 -0.31274533209597216
    outer loop
      vertex -0.7668289630343872 3.6412674857624157 4.307626311390192
      vertex -0.727780641469252 3.4222193585307483 4.490128060534577
      vertex -8.227780641469254 10.922219358530748 15.096729778332792
    endloop
  endfacet
  facet normal -0.672891246674451 -0.7382943759045951 0.04624699618945513
    outer loop
      vertex -1.226252565212106 4.3109050576720085 3.5092594988186088
      vertex -1.0693650813895956 4.180634918610405 3.7123106012293747
      vertex -8.569365081389597 11.680634918610407 14.318912319027588
    endloop
  endfacet
  facet normal -0.7382943759045953 -0.672891246674451 -0.04624699618945508
    outer loop
      vertex -1.0693650813895956 4.180634918610405 3.7123106012293747
      vertex -0.9390949423279922 4.023747434787895 3.9153617036401407
      vertex -8.439094942327994 11.523747434787897 14.521963421438354
    endloop
  endfacet
  facet normal -0.791065083669137 -0.5959747616530109 -0.1379496896414699
    outer loop
      vertex -0.8376711062243447 3.8429269945501106 4.114938545392257
      vertex -8.337671106224345 11.342926994550112 14.721540263190471
      vertex -0.9390949423279922 4.023747434787895 3.9153617036401407
    endloop
  endfacet
  facet normal -0.842147800743719 -0.0903079932647414 -0.5316310262343735
    outer loop
      vertex -0.8053007896105069 2.6993218617487766 4.9464787601826234
      vertex -8.305300789610508 10.199321861748777 15.553080477980837
      vertex -0.7471825406947976 2.947182540694798 4.812310601229375
    endloop
  endfacet
  facet normal -0.8613039337844077 -0.2019581186843389 -0.46622789700423034
    outer loop
      vertex -0.7471825406947976 2.947182540694798 4.812310601229375
      vertex -8.2471825406948 10.447182540694799 15.418912319027589
      vertex -0.7211942691371591 3.189530587043656 4.65932113729851
    endloop
  endfacet
  facet normal -0.808582285344824 0.02288732695772042 -0.5879378012096791
    outer loop
      vertex -0.8945545965319152 2.45018951514232 5.059529959760123
      vertex -8.394554596531917 9.950189515142322 15.666131677558335
      vertex -0.8053007896105069 2.6993218617487766 4.9464787601826234
    endloop
  endfacet
  facet normal -0.02288732695772599 0.8085822853448221 -0.5879378012096812
    outer loop
      vertex -2.45018951514232 0.8945545965319152 5.059529959760123
      vertex -10.199321861748777 8.305300789610508 15.553080477980837
      vertex -9.950189515142322 8.394554596531917 15.666131677558335
    endloop
  endfacet
  facet normal -0.1356910386703705 0.7611817028623171 -0.6341847973991329
    outer loop
      vertex -2.2040482243984014 1.013416804076768 5.149529862593389
      vertex -9.950189515142322 8.394554596531917 15.666131677558335
      vertex -9.704048224398402 8.513416804076769 15.756131580391601
    endloop
  endfacet
  facet normal -0.2461730390907037 0.7007570904043996 -0.6695807158758436
    outer loop
      vertex -1.9651095352449075 1.1598536469191423 5.214938545392258
      vertex -9.704048224398402 8.513416804076769 15.756131580391601
      vertex -9.465109535244906 8.659853646919142 15.821540263190471
    endloop
  endfacet
  facet normal -0.3524429505601462 0.6283423298430848 -0.6935199226610742
    outer loop
      vertex -1.737461754899575 1.331359550078043 5.254636847459326
      vertex -9.465109535244906 8.659853646919142 15.821540263190471
      vertex -9.237461754899575 8.831359550078043 15.86123856525754
    endloop
  endfacet
  facet normal -0.45268246542984875 0.5451764578087545 -0.7055928112895234
    outer loop
      vertex -1.5250000000000001 1.5250000000000001 5.267945519839779
      vertex -9.237461754899575 8.831359550078043 15.86123856525754
      vertex -9.025 9.025 15.874547237637993
    endloop
  endfacet
  facet normal -0.5451764578087581 0.4526824654298458 -0.7055928112895226
    outer loop
      vertex -1.331359550078043 1.737461754899575 5.254636847459326
      vertex -9.025 9.025 15.874547237637993
      vertex -8.831359550078043 9.237461754899575 15.861238565257539
    endloop
  endfacet
  facet normal -0.6283423298430837 0.35244295056014774 -0.6935199226610745
    outer loop
      vertex -1.1598536469191423 1.9651095352449075 5.214938545392258
      vertex -8.831359550078043 9.237461754899575 15.861238565257539
      vertex -8.659853646919142 9.465109535244906 15.821540263190471
    endloop
  endfacet
  facet normal -0.7007570904043986 0.24617303909070695 -0.6695807158758433
    outer loop
      vertex -1.013416804076768 2.2040482243984014 5.149529862593389
      vertex -8.659853646919142 9.465109535244906 15.821540263190471
      vertex -8.513416804076769 9.704048224398402 15.756131580391601
    endloop
  endfacet
  facet normal -0.761181702862317 0.13569103867037108 -0.6341847973991327
    outer loop
      vertex -0.8945545965319152 2.45018951514232 5.059529959760123
      vertex -8.513416804076769 9.704048224398402 15.756131580391601
      vertex -8.394554596531917 9.950189515142322 15.666131677558335
    endloop
  endfacet
  facet normal 0.8085822853448242 0.022887326957720232 0.5879378012096788
    outer loop
      vertex -4.355445403468086 -2.799810484857681 2.3650912426986266
      vertex -4.444699210389494 -2.5506781382512242 2.4781424422761265
      vertex -11.944699210389494 -10.050678138251225 13.08474416007434
    endloop
  endfacet
  facet normal 0.7007570904043975 0.24617303909070756 0.6695807158758443
    outer loop
      vertex -4.090146353080859 -3.2848904647550934 2.209682657066492
      vertex -4.236583195923233 -3.045951775601599 2.2750913398653605
      vertex -11.736583195923233 -10.5459517756016 12.881693057663574
    endloop
  endfacet
  facet normal 0.5451764578087567 0.4526824654298468 0.7055928112895232
    outer loop
      vertex -3.918640449921958 -3.512538245100426 2.1699843549994235
      vertex -11.41864044992196 -11.012538245100426 12.776586072797636
      vertex -3.7250000000000005 -3.7250000000000005 2.15667568261897
    endloop
  endfacet
  facet normal 0.6283423298430848 0.35244295056014635 0.6935199226610742
    outer loop
      vertex -3.918640449921958 -3.512538245100426 2.1699843549994235
      vertex -4.090146353080859 -3.2848904647550934 2.209682657066492
      vertex -11.590146353080858 -10.784890464755094 12.816284374864704
    endloop
  endfacet
  facet normal 0.7611817028623152 0.1356910386703741 0.6341847973991342
    outer loop
      vertex -4.355445403468086 -2.799810484857681 2.3650912426986266
      vertex -11.855445403468085 -10.29981048485768 12.97169296049684
      vertex -4.236583195923233 -3.045951775601599 2.2750913398653605
    endloop
  endfacet
  facet normal 0.45268246542984664 0.5451764578087567 0.7055928112895231
    outer loop
      vertex -3.512538245100426 -3.918640449921958 2.1699843549994235
      vertex -3.7250000000000005 -3.7250000000000005 2.15667568261897
      vertex -11.225000000000001 -11.225000000000001 12.763277400417183
    endloop
  endfacet
  facet normal 0.24617303909070756 0.7007570904043975 0.6695807158758444
    outer loop
      vertex -3.2848904647550934 -4.090146353080859 2.209682657066492
      vertex -10.784890464755094 -11.59014635308086 12.816284374864704
      vertex -3.045951775601599 -4.236583195923233 2.2750913398653605
    endloop
  endfacet
  facet normal 0.35244295056014635 0.6283423298430848 0.6935199226610742
    outer loop
      vertex -3.512538245100426 -3.918640449921958 2.1699843549994235
      vertex -11.012538245100426 -11.41864044992196 12.776586072797638
      vertex -3.2848904647550934 -4.090146353080859 2.209682657066492
    endloop
  endfacet
  facet normal 0.022887326957720264 0.8085822853448241 0.5879378012096786
    outer loop
      vertex -2.799810484857681 -4.355445403468086 2.3650912426986266
      vertex -10.29981048485768 -11.855445403468085 12.97169296049684
      vertex -2.5506781382512242 -4.444699210389494 2.4781424422761265
    endloop
  endfacet
  facet normal 0.1356910386703741 0.7611817028623152 0.6341847973991342
    outer loop
      vertex -2.799810484857681 -4.355445403468086 2.3650912426986266
      vertex -3.045951775601599 -4.236583195923233 2.2750913398653605
      vertex -10.29981048485768 -11.855445403468085 12.97169296049684
    endloop
  endfacet
  facet normal 0.8421478007437189 -0.09030799326474163 0.5316310262343732
    outer loop
      vertex -4.444699210389494 -2.5506781382512242 2.4781424422761265
      vertex -4.502817459305203 -2.3028174593052024 2.6123106012293746
      vertex -12.002817459305204 -9.802817459305205 13.218912319027588
    endloop
  endfacet
  facet normal 0.8613039337844076 -0.20195811868433977 0.46622789700422973
    outer loop
      vertex -4.502817459305203 -2.3028174593052024 2.6123106012293746
      vertex -4.5288057308628415 -2.060469412956345 2.76530006516024
      vertex -12.028805730862844 -9.560469412956346 13.371901782958453
    endloop
  endfacet
  facet normal 0.8657229177194805 -0.3101526846998789 0.39284747919355045
    outer loop
      vertex -4.5288057308628415 -2.060469412956345 2.76530006516024
      vertex -4.522219358530748 -1.8277806414692521 2.934493141924172
      vertex -12.022219358530748 -9.327780641469253 13.541094859722387
    endloop
  endfacet
  facet normal 0.8553291425086347 -0.41304045228963115 0.3127453320959736
    outer loop
      vertex -4.522219358530748 -1.8277806414692521 2.934493141924172
      vertex -4.483171036965614 -1.6087325142375852 3.116994891068558
      vertex -11.983171036965615 -9.108732514237587 13.723596608866773
    endloop
  endfacet
  facet normal 0.8303004485274252 -0.508860983224265 0.22729202565684276
    outer loop
      vertex -4.483171036965614 -1.6087325142375852 3.116994891068558
      vertex -4.412328893775656 -1.4070730054498903 3.3096826570664923
      vertex -11.912328893775658 -8.907073005449892 13.916284374864706
    endloop
  endfacet
  facet normal -0.09030799326474162 0.8421478007437189 0.5316310262343732
    outer loop
      vertex -2.5506781382512242 -4.444699210389494 2.4781424422761265
      vertex -10.050678138251225 -11.944699210389494 13.08474416007434
      vertex -2.3028174593052024 -4.502817459305203 2.6123106012293746
    endloop
  endfacet
  facet normal -0.20195811868433972 0.8613039337844077 0.4662278970042296
    outer loop
      vertex -2.3028174593052024 -4.502817459305203 2.6123106012293746
      vertex -9.802817459305205 -12.002817459305204 13.218912319027588
      vertex -2.060469412956345 -4.5288057308628415 2.76530006516024
    endloop
  endfacet
  facet normal -0.31015268469987894 0.8657229177194804 0.3928474791935506
    outer loop
      vertex -2.060469412956345 -4.5288057308628415 2.76530006516024
      vertex -9.560469412956344 -12.028805730862842 13.371901782958455
      vertex -1.8277806414692521 -4.522219358530748 2.934493141924172
    endloop
  endfacet
  facet normal -0.4130404522896311 0.8553291425086346 0.31274533209597355
    outer loop
      vertex -1.8277806414692521 -4.522219358530748 2.934493141924172
      vertex -9.327780641469255 -12.02221935853075 13.541094859722387
      vertex -1.6087325142375852 -4.483171036965614 3.116994891068558
    endloop
  endfacet
  facet normal -0.508860983224265 0.8303004485274253 0.2272920256568427
    outer loop
      vertex -1.6087325142375852 -4.483171036965614 3.116994891068558
      vertex -9.108732514237586 -11.983171036965615 13.723596608866773
      vertex -1.4070730054498903 -4.412328893775656 3.3096826570664923
    endloop
  endfacet
  facet normal -0.4999999999999999 -0.5000000000000001 0.7071067811865475
    outer loop
      vertex -3.918640449921958 -3.512538245100426 2.1699843549994235
      vertex -3.7250000000000005 -3.7250000000000005 2.15667568261897
      vertex -1.737461754899575 -1.331359550078043 5.254636847459326
    endloop
  endfacet
  facet normal -0.49999999999999983 -0.5000000000000001 0.7071067811865476
    outer loop
      vertex -3.918640449921958 -3.512538245100426 2.1699843549994235
      vertex -1.9651095352449075 -1.1598536469191423 5.214938545392258
      vertex -4.090146353080859 -3.2848904647550934 2.209682657066492
    endloop
  endfacet
  facet normal -0.5000000000000001 -0.49999999999999983 0.7071067811865475
    outer loop
      vertex -3.512538245100426 -3.918640449921958 2.1699843549994235
      vertex -3.2848904647550934 -4.090146353080859 2.209682657066492
      vertex -1.331359550078043 -1.737461754899575 5.254636847459326
    endloop
  endfacet
  facet normal -0.5000000000000001 -0.49999999999999983 0.7071067811865476
    outer loop
      vertex -3.512538245100426 -3.918640449921958 2.1699843549994235
      vertex -1.5250000000000001 -1.5250000000000001 5.267945519839779
      vertex -3.7250000000000005 -3.7250000000000005 2.15667568261897
    endloop
  endfacet
  facet normal -0.5000000000000187 -0.4999999999999867 0.7071067811865437
    outer loop
      vertex -4.483171036965614 -1.6087325142375852 3.116994891068558
      vertex -4.3109050576720085 -1.226252565212106 3.5092594988186088
      vertex -4.412328893775656 -1.4070730054498903 3.3096826570664923
    endloop
  endfacet
  facet normal -0.5000000000000013 -0.4999999999999988 0.7071067811865475
    outer loop
      vertex -4.355445403468086 -2.799810484857681 2.3650912426986266
      vertex -2.6993218617487766 -0.8053007896105069 4.9464787601826234
      vertex -4.444699210389494 -2.5506781382512242 2.4781424422761265
    endloop
  endfacet
  facet normal -0.4999999999999988 -0.5000000000000011 0.7071067811865476
    outer loop
      vertex -4.502817459305203 -2.3028174593052024 2.6123106012293746
      vertex -3.189530587043656 -0.7211942691371591 4.65932113729851
      vertex -4.5288057308628415 -2.060469412956345 2.76530006516024
    endloop
  endfacet
  facet normal -0.5000000000000038 -0.4999999999999964 0.7071067811865475
    outer loop
      vertex -4.5288057308628415 -2.060469412956345 2.76530006516024
      vertex -3.4222193585307483 -0.727780641469252 4.490128060534577
      vertex -4.522219358530748 -1.8277806414692521 2.934493141924172
    endloop
  endfacet
  facet normal -0.5000000000000016 -0.4999999999999984 0.7071067811865478
    outer loop
      vertex -4.483171036965614 -1.6087325142375852 3.116994891068558
      vertex -4.180634918610405 -1.0693650813895956 3.7123106012293747
      vertex -4.3109050576720085 -1.226252565212106 3.5092594988186088
    endloop
  endfacet
  facet normal -0.4999999999999933 -0.5000000000000064 0.7071067811865477
    outer loop
      vertex -4.522219358530748 -1.8277806414692521 2.934493141924172
      vertex -3.6412674857624157 -0.7668289630343872 4.307626311390192
      vertex -4.483171036965614 -1.6087325142375852 3.116994891068558
    endloop
  endfacet
  facet normal -0.5000000000000001 -0.49999999999999967 0.7071067811865476
    outer loop
      vertex -4.444699210389494 -2.5506781382512242 2.4781424422761265
      vertex -2.947182540694798 -0.7471825406947976 4.812310601229375
      vertex -4.502817459305203 -2.3028174593052024 2.6123106012293746
    endloop
  endfacet
  facet normal -0.5000000000000004 -0.499999999999999 0.7071067811865478
    outer loop
      vertex -4.483171036965614 -1.6087325142375852 3.116994891068558
      vertex -4.023747434787895 -0.9390949423279922 3.9153617036401407
      vertex -4.180634918610405 -1.0693650813895956 3.7123106012293747
    endloop
  endfacet
  facet normal -0.5000000000000029 -0.49999999999999706 0.7071067811865475
    outer loop
      vertex -4.483171036965614 -1.6087325142375852 3.116994891068558
      vertex -3.8429269945501106 -0.8376711062243447 4.114938545392257
      vertex -4.023747434787895 -0.9390949423279922 3.9153617036401407
    endloop
  endfacet
  facet normal -0.5000000000000011 -0.4999999999999985 0.7071067811865477
    outer loop
      vertex -4.483171036965614 -1.6087325142375852 3.116994891068558
      vertex -3.6412674857624157 -0.7668289630343872 4.307626311390192
      vertex -3.8429269945501106 -0.8376711062243447 4.114938545392257
    endloop
  endfacet
  facet normal -0.49999999999999795 -0.5000000000000023 0.7071067811865475
    outer loop
      vertex -4.522219358530748 -1.8277806414692521 2.934493141924172
      vertex -3.4222193585307483 -0.727780641469252 4.490128060534577
      vertex -3.6412674857624157 -0.7668289630343872 4.307626311390192
    endloop
  endfacet
  facet normal -0.49999999999999856 -0.5000000000000012 0.7071067811865476
    outer loop
      vertex -4.355445403468086 -2.799810484857681 2.3650912426986266
      vertex -4.236583195923233 -3.045951775601599 2.2750913398653605
      vertex -2.45018951514232 -0.8945545965319152 5.059529959760123
    endloop
  endfacet
  facet normal -0.5000000000000006 -0.4999999999999995 0.7071067811865476
    outer loop
      vertex -4.090146353080859 -3.2848904647550934 2.209682657066492
      vertex -2.2040482243984014 -1.013416804076768 5.149529862593389
      vertex -4.236583195923233 -3.045951775601599 2.2750913398653605
    endloop
  endfacet
  facet normal -0.49999999999999895 -0.5000000000000009 0.7071067811865476
    outer loop
      vertex -4.502817459305203 -2.3028174593052024 2.6123106012293746
      vertex -2.947182540694798 -0.7471825406947976 4.812310601229375
      vertex -3.189530587043656 -0.7211942691371591 4.65932113729851
    endloop
  endfacet
  facet normal -0.5000000000000026 -0.4999999999999977 0.7071067811865472
    outer loop
      vertex -4.444699210389494 -2.5506781382512242 2.4781424422761265
      vertex -2.6993218617487766 -0.8053007896105069 4.9464787601826234
      vertex -2.947182540694798 -0.7471825406947976 4.812310601229375
    endloop
  endfacet
  facet normal -0.4999999999999989 -0.5000000000000011 0.7071067811865476
    outer loop
      vertex -4.355445403468086 -2.799810484857681 2.3650912426986266
      vertex -2.45018951514232 -0.8945545965319152 5.059529959760123
      vertex -2.6993218617487766 -0.8053007896105069 4.9464787601826234
    endloop
  endfacet
  facet normal -0.5000000000000011 -0.49999999999999917 0.7071067811865474
    outer loop
      vertex -3.918640449921958 -3.512538245100426 2.1699843549994235
      vertex -1.737461754899575 -1.331359550078043 5.254636847459326
      vertex -1.9651095352449075 -1.1598536469191423 5.214938545392258
    endloop
  endfacet
  facet normal -0.4999999999999987 -0.500000000000001 0.7071067811865477
    outer loop
      vertex -4.236583195923233 -3.045951775601599 2.2750913398653605
      vertex -2.2040482243984014 -1.013416804076768 5.149529862593389
      vertex -2.45018951514232 -0.8945545965319152 5.059529959760123
    endloop
  endfacet
  facet normal -0.5000000000000003 -0.4999999999999991 0.7071067811865478
    outer loop
      vertex -4.090146353080859 -3.2848904647550934 2.209682657066492
      vertex -1.9651095352449075 -1.1598536469191423 5.214938545392258
      vertex -2.2040482243984014 -1.013416804076768 5.149529862593389
    endloop
  endfacet
  facet normal -0.5000000000000014 -0.4999999999999987 0.7071067811865475
    outer loop
      vertex -4.5288057308628415 -2.060469412956345 2.76530006516024
      vertex -3.189530587043656 -0.7211942691371591 4.65932113729851
      vertex -3.4222193585307483 -0.727780641469252 4.490128060534577
    endloop
  endfacet
  facet normal -0.49999999999999883 -0.500000000000001 0.7071067811865476
    outer loop
      vertex -2.799810484857681 -4.355445403468086 2.3650912426986266
      vertex -2.5506781382512242 -4.444699210389494 2.4781424422761265
      vertex -0.8945545965319152 -2.45018951514232 5.059529959760123
    endloop
  endfacet
  facet normal -0.4999999999999996 -0.5000000000000004 0.7071067811865474
    outer loop
      vertex -2.5506781382512242 -4.444699210389494 2.4781424422761265
      vertex -2.3028174593052024 -4.502817459305203 2.6123106012293746
      vertex -0.8053007896105069 -2.6993218617487766 4.9464787601826234
    endloop
  endfacet
  facet normal -0.4999999999999867 -0.5000000000000187 0.7071067811865437
    outer loop
      vertex -1.6087325142375852 -4.483171036965614 3.116994891068558
      vertex -1.4070730054498903 -4.412328893775656 3.3096826570664923
      vertex -1.226252565212106 -4.3109050576720085 3.5092594988186088
    endloop
  endfacet
  facet normal -0.500000000000001 -0.4999999999999988 0.7071067811865476
    outer loop
      vertex -2.3028174593052024 -4.502817459305203 2.6123106012293746
      vertex -2.060469412956345 -4.5288057308628415 2.76530006516024
      vertex -0.7471825406947976 -2.947182540694798 4.812310601229375
    endloop
  endfacet
  facet normal -0.4999999999999964 -0.5000000000000038 0.7071067811865475
    outer loop
      vertex -2.060469412956345 -4.5288057308628415 2.76530006516024
      vertex -1.8277806414692521 -4.522219358530748 2.934493141924172
      vertex -0.727780641469252 -3.4222193585307483 4.490128060534577
    endloop
  endfacet
  facet normal -0.4999999999999984 -0.5000000000000016 0.7071067811865478
    outer loop
      vertex -1.6087325142375852 -4.483171036965614 3.116994891068558
      vertex -1.226252565212106 -4.3109050576720085 3.5092594988186088
      vertex -1.0693650813895956 -4.180634918610405 3.7123106012293747
    endloop
  endfacet
  facet normal -0.5000000000000064 -0.4999999999999933 0.7071067811865477
    outer loop
      vertex -1.8277806414692521 -4.522219358530748 2.934493141924172
      vertex -1.6087325142375852 -4.483171036965614 3.116994891068558
      vertex -0.7668289630343872 -3.6412674857624157 4.307626311390192
    endloop
  endfacet
  facet normal -0.49999999999999944 -0.5000000000000003 0.7071067811865476
    outer loop
      vertex -3.2848904647550934 -4.090146353080859 2.209682657066492
      vertex -3.045951775601599 -4.236583195923233 2.2750913398653605
      vertex -1.1598536469191423 -1.9651095352449075 5.214938545392258
    endloop
  endfacet
  facet normal -0.5000000000000012 -0.4999999999999985 0.7071067811865476
    outer loop
      vertex -2.799810484857681 -4.355445403468086 2.3650912426986266
      vertex -1.013416804076768 -2.2040482243984014 5.149529862593389
      vertex -3.045951775601599 -4.236583195923233 2.2750913398653605
    endloop
  endfacet
  facet normal -0.4999999999999989 -0.5000000000000012 0.7071067811865474
    outer loop
      vertex -3.2848904647550934 -4.090146353080859 2.209682657066492
      vertex -1.1598536469191423 -1.9651095352449075 5.214938545392258
      vertex -1.331359550078043 -1.737461754899575 5.254636847459326
    endloop
  endfacet
  facet normal -0.5000000000000008 -0.49999999999999906 0.7071067811865476
    outer loop
      vertex -2.5506781382512242 -4.444699210389494 2.4781424422761265
      vertex -0.8053007896105069 -2.6993218617487766 4.9464787601826234
      vertex -0.8945545965319152 -2.45018951514232 5.059529959760123
    endloop
  endfacet
  facet normal -0.49999999999999795 -0.5000000000000021 0.7071067811865476
    outer loop
      vertex -2.3028174593052024 -4.502817459305203 2.6123106012293746
      vertex -0.7471825406947976 -2.947182540694798 4.812310601229375
      vertex -0.8053007896105069 -2.6993218617487766 4.9464787601826234
    endloop
  endfacet
  facet normal -0.5000000000000012 -0.4999999999999987 0.7071067811865476
    outer loop
      vertex -2.799810484857681 -4.355445403468086 2.3650912426986266
      vertex -0.8945545965319152 -2.45018951514232 5.059529959760123
      vertex -1.013416804076768 -2.2040482243984014 5.149529862593389
    endloop
  endfacet
  facet normal -0.4999999999999994 -0.5000000000000006 0.7071067811865476
    outer loop
      vertex -3.045951775601599 -4.236583195923233 2.2750913398653605
      vertex -1.013416804076768 -2.2040482243984014 5.149529862593389
      vertex -1.1598536469191423 -1.9651095352449075 5.214938545392258
    endloop
  endfacet
  facet normal -0.499999999999999 -0.5000000000000004 0.7071067811865478
    outer loop
      vertex -1.6087325142375852 -4.483171036965614 3.116994891068558
      vertex -1.0693650813895956 -4.180634918610405 3.7123106012293747
      vertex -0.9390949423279922 -4.023747434787895 3.9153617036401407
    endloop
  endfacet
  facet normal -0.49999999999999706 -0.5000000000000029 0.7071067811865475
    outer loop
      vertex -1.6087325142375852 -4.483171036965614 3.116994891068558
      vertex -0.9390949423279922 -4.023747434787895 3.9153617036401407
      vertex -0.8376711062243447 -3.8429269945501106 4.114938545392257
    endloop
  endfacet
  facet normal -0.4999999999999985 -0.5000000000000011 0.7071067811865477
    outer loop
      vertex -1.6087325142375852 -4.483171036965614 3.116994891068558
      vertex -0.8376711062243447 -3.8429269945501106 4.114938545392257
      vertex -0.7668289630343872 -3.6412674857624157 4.307626311390192
    endloop
  endfacet
  facet normal -0.5000000000000023 -0.49999999999999795 0.7071067811865475
    outer loop
      vertex -1.8277806414692521 -4.522219358530748 2.934493141924172
      vertex -0.7668289630343872 -3.6412674857624157 4.307626311390192
      vertex -0.727780641469252 -3.4222193585307483 4.490128060534577
    endloop
  endfacet
  facet normal -0.4999999999999987 -0.5000000000000014 0.7071067811865475
    outer loop
      vertex -2.060469412956345 -4.5288057308628415 2.76530006516024
      vertex -0.727780641469252 -3.4222193585307483 4.490128060534577
      vertex -0.7211942691371591 -3.189530587043656 4.65932113729851
    endloop
  endfacet
  facet normal -0.5000000000000009 -0.4999999999999991 0.7071067811865475
    outer loop
      vertex -2.060469412956345 -4.5288057308628415 2.76530006516024
      vertex -0.7211942691371591 -3.189530587043656 4.65932113729851
      vertex -0.7471825406947976 -2.947182540694798 4.812310601229375
    endloop
  endfacet
  facet normal -0.4999999999999993 -0.5000000000000007 0.7071067811865477
    outer loop
      vertex -3.7250000000000005 -3.7250000000000005 2.15667568261897
      vertex -1.5250000000000001 -1.5250000000000001 5.267945519839779
      vertex -1.737461754899575 -1.331359550078043 5.254636847459326
    endloop
  endfacet
  facet normal -0.5000000000000016 -0.49999999999999856 0.7071067811865475
    outer loop
      vertex -3.512538245100426 -3.918640449921958 2.1699843549994235
      vertex -1.331359550078043 -1.737461754899575 5.254636847459326
      vertex -1.5250000000000001 -1.5250000000000001 5.267945519839779
    endloop
  endfacet
  facet normal 0.7007570904043949 0.24617303909071203 0.6695807158758452
    outer loop
      vertex -4.090146353080859 -3.2848904647550934 2.209682657066492
      vertex -11.736583195923233 -10.5459517756016 12.881693057663574
      vertex -11.590146353080858 -10.784890464755094 12.816284374864704
    endloop
  endfacet
  facet normal 0.5451764578087565 0.4526824654298473 0.7055928112895229
    outer loop
      vertex -3.7250000000000005 -3.7250000000000005 2.15667568261897
      vertex -11.41864044992196 -11.012538245100426 12.776586072797636
      vertex -11.225000000000001 -11.225000000000001 12.763277400417183
    endloop
  endfacet
  facet normal 0.6283423298430867 0.3524429505601432 0.6935199226610742
    outer loop
      vertex -3.918640449921958 -3.512538245100426 2.1699843549994235
      vertex -11.590146353080858 -10.784890464755094 12.816284374864704
      vertex -11.41864044992196 -11.012538245100426 12.776586072797636
    endloop
  endfacet
  facet normal 0.7611817028623176 0.13569103867036897 0.6341847973991325
    outer loop
      vertex -4.236583195923233 -3.045951775601599 2.2750913398653605
      vertex -11.855445403468085 -10.29981048485768 12.97169296049684
      vertex -11.736583195923233 -10.5459517756016 12.881693057663574
    endloop
  endfacet
  facet normal 0.452682465429844 0.5451764578087601 0.7055928112895223
    outer loop
      vertex -3.512538245100426 -3.918640449921958 2.1699843549994235
      vertex -11.225000000000001 -11.225000000000001 12.763277400417183
      vertex -11.012538245100426 -11.41864044992196 12.776586072797638
    endloop
  endfacet
  facet normal 0.24617303909070498 0.7007570904043989 0.6695807158758438
    outer loop
      vertex -3.045951775601599 -4.236583195923233 2.2750913398653605
      vertex -10.784890464755094 -11.59014635308086 12.816284374864704
      vertex -10.5459517756016 -11.736583195923233 12.881693057663574
    endloop
  endfacet
  facet normal 0.35244295056014924 0.6283423298430828 0.6935199226610744
    outer loop
      vertex -3.2848904647550934 -4.090146353080859 2.209682657066492
      vertex -11.012538245100426 -11.41864044992196 12.776586072797638
      vertex -10.784890464755094 -11.59014635308086 12.816284374864704
    endloop
  endfacet
  facet normal 0.13569103867036897 0.7611817028623176 0.6341847973991325
    outer loop
      vertex -3.045951775601599 -4.236583195923233 2.2750913398653605
      vertex -10.5459517756016 -11.736583195923233 12.881693057663574
      vertex -10.29981048485768 -11.855445403468085 12.97169296049684
    endloop
  endfacet
  facet normal 0.8085822853448237 0.022887326957721044 0.5879378012096793
    outer loop
      vertex -4.355445403468086 -2.799810484857681 2.3650912426986266
      vertex -11.944699210389494 -10.050678138251225 13.08474416007434
      vertex -11.855445403468085 -10.29981048485768 12.97169296049684
    endloop
  endfacet
  facet normal 0.02288732695772397 0.8085822853448228 0.5879378012096803
    outer loop
      vertex -2.5506781382512242 -4.444699210389494 2.4781424422761265
      vertex -10.29981048485768 -11.855445403468085 12.97169296049684
      vertex -10.050678138251225 -11.944699210389494 13.08474416007434
    endloop
  endfacet
  facet normal 0.8421478007437186 -0.0903079932647398 0.5316310262343742
    outer loop
      vertex -4.444699210389494 -2.5506781382512242 2.4781424422761265
      vertex -12.002817459305204 -9.802817459305205 13.218912319027588
      vertex -11.944699210389494 -10.050678138251225 13.08474416007434
    endloop
  endfacet
  facet normal 0.8613039337844072 -0.20195811868433286 0.46622789700423356
    outer loop
      vertex -4.502817459305203 -2.3028174593052024 2.6123106012293746
      vertex -12.028805730862844 -9.560469412956346 13.371901782958453
      vertex -12.002817459305204 -9.802817459305205 13.218912319027588
    endloop
  endfacet
  facet normal 0.8657229177194803 -0.31015268469988794 0.3928474791935441
    outer loop
      vertex -4.5288057308628415 -2.060469412956345 2.76530006516024
      vertex -12.022219358530748 -9.327780641469253 13.541094859722387
      vertex -12.028805730862844 -9.560469412956346 13.371901782958453
    endloop
  endfacet
  facet normal 0.8553291425086346 -0.4130404522896307 0.3127453320959743
    outer loop
      vertex -4.522219358530748 -1.8277806414692521 2.934493141924172
      vertex -11.983171036965615 -9.108732514237587 13.723596608866773
      vertex -12.022219358530748 -9.327780641469253 13.541094859722387
    endloop
  endfacet
  facet normal 0.8303004485274266 -0.5088609832242607 0.22729202565684709
    outer loop
      vertex -4.483171036965614 -1.6087325142375852 3.116994891068558
      vertex -11.912328893775658 -8.907073005449892 13.916284374864706
      vertex -11.983171036965615 -9.108732514237587 13.723596608866773
    endloop
  endfacet
  facet normal 0.7910650836691361 -0.5959747616530129 0.13794968964146717
    outer loop
      vertex -4.412328893775656 -1.4070730054498903 3.3096826570664923
      vertex -11.81090505767201 -8.726252565212107 14.115861216616823
      vertex -11.912328893775658 -8.907073005449892 13.916284374864706
    endloop
  endfacet
  facet normal 0.7382943759045971 -0.6728912466744486 0.04624699618945724
    outer loop
      vertex -4.3109050576720085 -1.226252565212106 3.5092594988186088
      vertex -11.680634918610407 -8.569365081389597 14.31891231902759
      vertex -11.81090505767201 -8.726252565212107 14.115861216616823
    endloop
  endfacet
  facet normal 0.6728912466744498 -0.738294375904596 -0.0462469961894561
    outer loop
      vertex -4.180634918610405 -1.0693650813895956 3.7123106012293747
      vertex -11.523747434787897 -8.439094942327994 14.521963421438354
      vertex -11.680634918610407 -8.569365081389597 14.31891231902759
    endloop
  endfacet
  facet normal 0.5959747616530134 -0.7910650836691356 -0.13794968964146778
    outer loop
      vertex -4.023747434787895 -0.9390949423279922 3.9153617036401407
      vertex -11.342926994550112 -8.337671106224345 14.721540263190471
      vertex -11.523747434787897 -8.439094942327994 14.521963421438354
    endloop
  endfacet
  facet normal 0.508860983224261 -0.8303004485274268 -0.22729202565684634
    outer loop
      vertex -3.8429269945501106 -0.8376711062243447 4.114938545392257
      vertex -11.141267485762416 -8.266828963034389 14.914228029188404
      vertex -11.342926994550112 -8.337671106224345 14.721540263190471
    endloop
  endfacet
  facet normal 0.4130404522896313 -0.8553291425086342 -0.3127453320959746
    outer loop
      vertex -3.6412674857624157 -0.7668289630343872 4.307626311390192
      vertex -10.92221935853075 -8.227780641469256 15.096729778332792
      vertex -11.141267485762416 -8.266828963034389 14.914228029188404
    endloop
  endfacet
  facet normal 0.3101526846998851 -0.8657229177194806 -0.3928474791935457
    outer loop
      vertex -3.4222193585307483 -0.727780641469252 4.490128060534577
      vertex -10.689530587043658 -8.22119426913716 15.265922855096724
      vertex -10.92221935853075 -8.227780641469256 15.096729778332792
    endloop
  endfacet
  facet normal 0.20195811868433247 -0.8613039337844068 -0.4662278970042346
    outer loop
      vertex -3.189530587043656 -0.7211942691371591 4.65932113729851
      vertex -10.447182540694799 -8.2471825406948 15.418912319027589
      vertex -10.689530587043658 -8.22119426913716 15.265922855096724
    endloop
  endfacet
  facet normal 0.09030799326474388 -0.8421478007437192 -0.5316310262343724
    outer loop
      vertex -2.947182540694798 -0.7471825406947976 4.812310601229375
      vertex -10.199321861748777 -8.305300789610508 15.553080477980837
      vertex -10.447182540694799 -8.2471825406948 15.418912319027589
    endloop
  endfacet
  facet normal -0.022887326957726165 -0.8085822853448225 -0.5879378012096809
    outer loop
      vertex -2.6993218617487766 -0.8053007896105069 4.9464787601826234
      vertex -9.950189515142322 -8.394554596531917 15.666131677558335
      vertex -10.199321861748777 -8.305300789610508 15.553080477980837
    endloop
  endfacet
  facet normal -0.09030799326474004 0.8421478007437179 0.5316310262343752
    outer loop
      vertex -2.3028174593052024 -4.502817459305203 2.6123106012293746
      vertex -10.050678138251225 -11.944699210389494 13.08474416007434
      vertex -9.802817459305205 -12.002817459305204 13.218912319027588
    endloop
  endfacet
  facet normal -0.2019581186843404 0.8613039337844072 0.4662278970042303
    outer loop
      vertex -2.060469412956345 -4.5288057308628415 2.76530006516024
      vertex -9.802817459305205 -12.002817459305204 13.218912319027588
      vertex -9.560469412956344 -12.028805730862842 13.371901782958455
    endloop
  endfacet
  facet normal -0.3101526846998794 0.865722917719481 0.3928474791935491
    outer loop
      vertex -1.8277806414692521 -4.522219358530748 2.934493141924172
      vertex -9.560469412956344 -12.028805730862842 13.371901782958455
      vertex -9.327780641469255 -12.02221935853075 13.541094859722387
    endloop
  endfacet
  facet normal -0.4130404522896308 0.8553291425086346 0.3127453320959736
    outer loop
      vertex -1.6087325142375852 -4.483171036965614 3.116994891068558
      vertex -9.327780641469255 -12.02221935853075 13.541094859722387
      vertex -9.108732514237586 -11.983171036965615 13.723596608866773
    endloop
  endfacet
  facet normal -0.5088609832242623 0.830300448527426 0.2272920256568464
    outer loop
      vertex -1.4070730054498903 -4.412328893775656 3.3096826570664923
      vertex -9.108732514237586 -11.983171036965615 13.723596608866773
      vertex -8.907073005449892 -11.912328893775658 13.916284374864706
    endloop
  endfacet
  facet normal -0.5959747616530128 0.7910650836691361 0.13794968964146773
    outer loop
      vertex -1.226252565212106 -4.3109050576720085 3.5092594988186088
      vertex -8.907073005449892 -11.912328893775658 13.916284374864706
      vertex -8.726252565212107 -11.81090505767201 14.115861216616823
    endloop
  endfacet
  facet normal -0.6728912466744496 0.7382943759045965 0.04624699618945718
    outer loop
      vertex -1.0693650813895956 -4.180634918610405 3.7123106012293747
      vertex -8.726252565212107 -11.81090505767201 14.115861216616823
      vertex -8.569365081389597 -11.680634918610407 14.318912319027588
    endloop
  endfacet
  facet normal -0.7382943759045972 0.6728912466744487 -0.0462469961894564
    outer loop
      vertex -0.9390949423279922 -4.023747434787895 3.9153617036401407
      vertex -8.569365081389597 -11.680634918610407 14.318912319027588
      vertex -8.439094942327994 -11.523747434787897 14.521963421438354
    endloop
  endfacet
  facet normal -0.7910650836691359 0.5959747616530129 -0.13794968964146864
    outer loop
      vertex -0.8376711062243447 -3.8429269945501106 4.114938545392257
      vertex -8.439094942327994 -11.523747434787897 14.521963421438354
      vertex -8.337671106224345 -11.342926994550112 14.721540263190471
    endloop
  endfacet
  facet normal -0.8303004485274265 0.5088609832242613 -0.22729202565684645
    outer loop
      vertex -0.7668289630343872 -3.6412674857624157 4.307626311390192
      vertex -8.337671106224345 -11.342926994550112 14.721540263190471
      vertex -8.266828963034389 -11.141267485762416 14.914228029188406
    endloop
  endfacet
  facet normal -0.8553291425086343 0.41304045228963254 -0.3127453320959726
    outer loop
      vertex -0.727780641469252 -3.4222193585307483 4.490128060534577
      vertex -8.266828963034389 -11.141267485762416 14.914228029188406
      vertex -8.227780641469254 -10.922219358530748 15.096729778332792
    endloop
  endfacet
  facet normal -0.8657229177194802 0.31015268469988116 -0.3928474791935497
    outer loop
      vertex -0.7211942691371591 -3.189530587043656 4.65932113729851
      vertex -8.227780641469254 -10.922219358530748 15.096729778332792
      vertex -8.221194269137161 -10.68953058704366 15.265922855096724
    endloop
  endfacet
  facet normal -0.8613039337844076 0.2019581186843386 -0.4662278970042306
    outer loop
      vertex -0.7471825406947976 -2.947182540694798 4.812310601229375
      vertex -8.221194269137161 -10.68953058704366 15.265922855096724
      vertex -8.2471825406948 -10.447182540694799 15.418912319027589
    endloop
  endfacet
  facet normal -0.842147800743719 0.09030799326474391 -0.5316310262343726
    outer loop
      vertex -0.8053007896105069 -2.6993218617487766 4.9464787601826234
      vertex -8.2471825406948 -10.447182540694799 15.418912319027589
      vertex -8.305300789610508 -10.199321861748777 15.553080477980837
    endloop
  endfacet
  facet normal 0.7910650836691374 -0.5959747616530102 0.13794968964147072
    outer loop
      vertex -4.412328893775656 -1.4070730054498903 3.3096826570664923
      vertex -4.3109050576720085 -1.226252565212106 3.5092594988186088
      vertex -11.81090505767201 -8.726252565212107 14.115861216616823
    endloop
  endfacet
  facet normal 0.7382943759045952 -0.6728912466744509 0.046246996189455096
    outer loop
      vertex -4.3109050576720085 -1.226252565212106 3.5092594988186088
      vertex -4.180634918610405 -1.0693650813895956 3.7123106012293747
      vertex -11.680634918610407 -8.569365081389597 14.31891231902759
    endloop
  endfacet
  facet normal 0.6728912466744511 -0.7382943759045952 -0.0462469961894551
    outer loop
      vertex -4.180634918610405 -1.0693650813895956 3.7123106012293747
      vertex -4.023747434787895 -0.9390949423279922 3.9153617036401407
      vertex -11.523747434787897 -8.439094942327994 14.521963421438354
    endloop
  endfacet
  facet normal 0.595974761653011 -0.7910650836691371 -0.13794968964146992
    outer loop
      vertex -4.023747434787895 -0.9390949423279922 3.9153617036401407
      vertex -3.8429269945501106 -0.8376711062243447 4.114938545392257
      vertex -11.342926994550112 -8.337671106224345 14.721540263190471
    endloop
  endfacet
  facet normal 0.5088609832242634 -0.8303004485274258 -0.22729202565684417
    outer loop
      vertex -3.8429269945501106 -0.8376711062243447 4.114938545392257
      vertex -3.6412674857624157 -0.7668289630343872 4.307626311390192
      vertex -11.141267485762416 -8.266828963034389 14.914228029188404
    endloop
  endfacet
  facet normal 0.41304045228963304 -0.8553291425086341 -0.3127453320959722
    outer loop
      vertex -3.6412674857624157 -0.7668289630343872 4.307626311390192
      vertex -3.4222193585307483 -0.727780641469252 4.490128060534577
      vertex -10.92221935853075 -8.227780641469256 15.096729778332792
    endloop
  endfacet
  facet normal 0.31015268469987867 -0.8657229177194804 -0.39284747919355073
    outer loop
      vertex -3.4222193585307483 -0.727780641469252 4.490128060534577
      vertex -3.189530587043656 -0.7211942691371591 4.65932113729851
      vertex -10.689530587043658 -8.22119426913716 15.265922855096724
    endloop
  endfacet
  facet normal 0.2019581186843389 -0.8613039337844077 -0.46622789700423034
    outer loop
      vertex -3.189530587043656 -0.7211942691371591 4.65932113729851
      vertex -2.947182540694798 -0.7471825406947976 4.812310601229375
      vertex -10.447182540694799 -8.2471825406948 15.418912319027589
    endloop
  endfacet
  facet normal 0.09030799326474136 -0.842147800743719 -0.5316310262343735
    outer loop
      vertex -2.6993218617487766 -0.8053007896105069 4.9464787601826234
      vertex -10.199321861748777 -8.305300789610508 15.553080477980837
      vertex -2.947182540694798 -0.7471825406947976 4.812310601229375
    endloop
  endfacet
  facet normal -0.022887326957720423 -0.808582285344824 -0.587937801209679
    outer loop
      vertex -2.6993218617487766 -0.8053007896105069 4.9464787601826234
      vertex -2.45018951514232 -0.8945545965319152 5.059529959760123
      vertex -9.950189515142322 -8.394554596531917 15.666131677558335
    endloop
  endfacet
  facet normal -0.5959747616530103 0.7910650836691374 0.13794968964147078
    outer loop
      vertex -1.4070730054498903 -4.412328893775656 3.3096826570664923
      vertex -8.907073005449892 -11.912328893775658 13.916284374864706
      vertex -1.226252565212106 -4.3109050576720085 3.5092594988186088
    endloop
  endfacet
  facet normal -0.672891246674451 0.7382943759045952 0.04624699618945511
    outer loop
      vertex -1.226252565212106 -4.3109050576720085 3.5092594988186088
      vertex -8.726252565212107 -11.81090505767201 14.115861216616823
      vertex -1.0693650813895956 -4.180634918610405 3.7123106012293747
    endloop
  endfacet
  facet normal -0.7382943759045952 0.672891246674451 -0.04624699618945507
    outer loop
      vertex -1.0693650813895956 -4.180634918610405 3.7123106012293747
      vertex -8.569365081389597 -11.680634918610407 14.318912319027588
      vertex -0.9390949423279922 -4.023747434787895 3.9153617036401407
    endloop
  endfacet
  facet normal -0.791065083669137 0.595974761653011 -0.13794968964146997
    outer loop
      vertex -0.9390949423279922 -4.023747434787895 3.9153617036401407
      vertex -8.439094942327994 -11.523747434787897 14.521963421438354
      vertex -0.8376711062243447 -3.8429269945501106 4.114938545392257
    endloop
  endfacet
  facet normal -0.8303004485274259 0.5088609832242634 -0.22729202565684412
    outer loop
      vertex -0.8376711062243447 -3.8429269945501106 4.114938545392257
      vertex -8.337671106224345 -11.342926994550112 14.721540263190471
      vertex -0.7668289630343872 -3.6412674857624157 4.307626311390192
    endloop
  endfacet
  facet normal -0.8553291425086342 0.413040452289633 -0.31274533209597216
    outer loop
      vertex -0.7668289630343872 -3.6412674857624157 4.307626311390192
      vertex -8.266828963034389 -11.141267485762416 14.914228029188406
      vertex -0.727780641469252 -3.4222193585307483 4.490128060534577
    endloop
  endfacet
  facet normal -0.8657229177194804 0.3101526846998787 -0.3928474791935508
    outer loop
      vertex -0.727780641469252 -3.4222193585307483 4.490128060534577
      vertex -8.227780641469254 -10.922219358530748 15.096729778332792
      vertex -0.7211942691371591 -3.189530587043656 4.65932113729851
    endloop
  endfacet
  facet normal -0.8613039337844078 0.2019581186843389 -0.46622789700423034
    outer loop
      vertex -0.7211942691371591 -3.189530587043656 4.65932113729851
      vertex -8.221194269137161 -10.68953058704366 15.265922855096724
      vertex -0.7471825406947976 -2.947182540694798 4.812310601229375
    endloop
  endfacet
  facet normal -0.8421478007437189 0.0903079932647414 -0.5316310262343735
    outer loop
      vertex -0.8053007896105069 -2.6993218617487766 4.9464787601826234
      vertex -0.7471825406947976 -2.947182540694798 4.812310601229375
      vertex -8.2471825406948 -10.447182540694799 15.418912319027589
    endloop
  endfacet
  facet normal -0.8085822853448241 -0.022887326957720482 -0.587937801209679
    outer loop
      vertex -0.8053007896105069 -2.6993218617487766 4.9464787601826234
      vertex -8.305300789610508 -10.199321861748777 15.553080477980837
      vertex -0.8945545965319152 -2.45018951514232 5.059529959760123
    endloop
  endfacet
  facet normal -0.3524429505601455 -0.6283423298430856 -0.6935199226610741
    outer loop
      vertex -1.9651095352449075 -1.1598536469191423 5.214938545392258
      vertex -1.737461754899575 -1.331359550078043 5.254636847459326
      vertex -9.237461754899575 -8.831359550078043 15.86123856525754
    endloop
  endfacet
  facet normal -0.45268246542984697 -0.5451764578087565 -0.705592811289523
    outer loop
      vertex -1.737461754899575 -1.331359550078043 5.254636847459326
      vertex -1.5250000000000001 -1.5250000000000001 5.267945519839779
      vertex -9.025 -9.025 15.874547237637993
    endloop
  endfacet
  facet normal -0.5451764578087565 -0.45268246542984697 -0.705592811289523
    outer loop
      vertex -1.331359550078043 -1.737461754899575 5.254636847459326
      vertex -9.025 -9.025 15.874547237637993
      vertex -1.5250000000000001 -1.5250000000000001 5.267945519839779
    endloop
  endfacet
  facet normal -0.13569103867037338 -0.7611817028623153 -0.6341847973991341
    outer loop
      vertex -2.45018951514232 -0.8945545965319152 5.059529959760123
      vertex -2.2040482243984014 -1.013416804076768 5.149529862593389
      vertex -9.704048224398402 -8.513416804076769 15.756131580391601
    endloop
  endfacet
  facet normal -0.2461730390907083 -0.700757090404397 -0.6695807158758446
    outer loop
      vertex -2.2040482243984014 -1.013416804076768 5.149529862593389
      vertex -1.9651095352449075 -1.1598536469191423 5.214938545392258
      vertex -9.465109535244906 -8.659853646919142 15.821540263190471
    endloop
  endfacet
  facet normal -0.6283423298430855 -0.35244295056014546 -0.6935199226610741
    outer loop
      vertex -1.331359550078043 -1.737461754899575 5.254636847459326
      vertex -1.1598536469191423 -1.9651095352449075 5.214938545392258
      vertex -8.659853646919142 -9.465109535244906 15.821540263190471
    endloop
  endfacet
  facet normal -0.700757090404397 -0.24617303909070828 -0.6695807158758446
    outer loop
      vertex -1.013416804076768 -2.2040482243984014 5.149529862593389
      vertex -8.513416804076769 -9.704048224398402 15.756131580391601
      vertex -1.1598536469191423 -1.9651095352449075 5.214938545392258
    endloop
  endfacet
  facet normal -0.7611817028623155 -0.1356910386703734 -0.6341847973991342
    outer loop
      vertex -0.8945545965319152 -2.45018951514232 5.059529959760123
      vertex -8.394554596531917 -9.950189515142322 15.666131677558335
      vertex -1.013416804076768 -2.2040482243984014 5.149529862593389
    endloop
  endfacet
  facet normal -0.808582285344822 -0.022887326957726523 -0.5879378012096814
    outer loop
      vertex -0.8945545965319152 -2.45018951514232 5.059529959760123
      vertex -8.305300789610508 -10.199321861748777 15.553080477980837
      vertex -8.394554596531917 -9.950189515142322 15.666131677558335
    endloop
  endfacet
  facet normal -0.45268246542984536 -0.5451764578087575 -0.7055928112895232
    outer loop
      vertex -1.737461754899575 -1.331359550078043 5.254636847459326
      vertex -9.025 -9.025 15.874547237637993
      vertex -9.237461754899575 -8.831359550078043 15.86123856525754
    endloop
  endfacet
  facet normal -0.6283423298430857 -0.35244295056014446 -0.6935199226610742
    outer loop
      vertex -1.331359550078043 -1.737461754899575 5.254636847459326
      vertex -8.659853646919142 -9.465109535244906 15.821540263190471
      vertex -8.831359550078043 -9.237461754899575 15.861238565257539
    endloop
  endfacet
  facet normal -0.5451764578087575 -0.45268246542984536 -0.7055928112895232
    outer loop
      vertex -1.331359550078043 -1.737461754899575 5.254636847459326
      vertex -8.831359550078043 -9.237461754899575 15.861238565257539
      vertex -9.025 -9.025 15.874547237637993
    endloop
  endfacet
  facet normal -0.13569103867037055 -0.7611817028623169 -0.6341847973991332
    outer loop
      vertex -2.45018951514232 -0.8945545965319152 5.059529959760123
      vertex -9.704048224398402 -8.513416804076769 15.756131580391601
      vertex -9.950189515142322 -8.394554596531917 15.666131677558335
    endloop
  endfacet
  facet normal -0.246173039090706 -0.700757090404398 -0.669580715875844
    outer loop
      vertex -2.2040482243984014 -1.013416804076768 5.149529862593389
      vertex -9.465109535244906 -8.659853646919142 15.821540263190471
      vertex -9.704048224398402 -8.513416804076769 15.756131580391601
    endloop
  endfacet
  facet normal -0.35244295056014574 -0.6283423298430862 -0.6935199226610731
    outer loop
      vertex -1.9651095352449075 -1.1598536469191423 5.214938545392258
      vertex -9.237461754899575 -8.831359550078043 15.86123856525754
      vertex -9.465109535244906 -8.659853646919142 15.821540263190471
    endloop
  endfacet
  facet normal -0.761181702862317 -0.1356910386703712 -0.634184797399133
    outer loop
      vertex -1.013416804076768 -2.2040482243984014 5.149529862593389
      vertex -8.394554596531917 -9.950189515142322 15.666131677558335
      vertex -8.513416804076769 -9.704048224398402 15.756131580391601
    endloop
  endfacet
  facet normal -0.7007570904044016 -0.24617303909070232 -0.669580715875842
    outer loop
      vertex -1.1598536469191423 -1.9651095352449075 5.214938545392258
      vertex -8.513416804076769 -9.704048224398402 15.756131580391601
      vertex -8.659853646919142 -9.465109535244906 15.821540263190471
    endloop
  endfacet
  facet normal 0.09030799326474163 0.8421478007437189 0.5316310262343732
    outer loop
      vertex 2.3028174593052024 -4.502817459305203 2.6123106012293746
      vertex 9.802817459305205 -12.002817459305204 13.218912319027588
      vertex 2.5506781382512242 -4.444699210389494 2.4781424422761265
    endloop
  endfacet
  facet normal 0.508860983224265 0.8303004485274253 0.22729202565684273
    outer loop
      vertex 1.4070730054498903 -4.412328893775656 3.3096826570664923
      vertex 8.907073005449892 -11.912328893775658 13.916284374864706
      vertex 1.6087325142375852 -4.483171036965614 3.116994891068558
    endloop
  endfacet
  facet normal 0.41304045228963115 0.8553291425086347 0.3127453320959736
    outer loop
      vertex 1.8277806414692521 -4.522219358530748 2.934493141924172
      vertex 1.6087325142375852 -4.483171036965614 3.116994891068558
      vertex 9.108732514237586 -11.983171036965615 13.723596608866773
    endloop
  endfacet
  facet normal 0.2019581186843397 0.8613039337844077 0.4662278970042296
    outer loop
      vertex 2.060469412956345 -4.5288057308628415 2.76530006516024
      vertex 9.560469412956344 -12.028805730862842 13.371901782958455
      vertex 2.3028174593052024 -4.502817459305203 2.6123106012293746
    endloop
  endfacet
  facet normal 0.31015268469987894 0.8657229177194805 0.39284747919355056
    outer loop
      vertex 1.8277806414692521 -4.522219358530748 2.934493141924172
      vertex 9.327780641469255 -12.02221935853075 13.541094859722387
      vertex 2.060469412956345 -4.5288057308628415 2.76530006516024
    endloop
  endfacet
  facet normal 0.5000000000000013 -0.4999999999999989 0.7071067811865472
    outer loop
      vertex 1.4070730054498903 -4.412328893775656 3.3096826570664923
      vertex 0.7668289630343872 -3.6412674857624157 4.307626311390192
      vertex 1.226252565212106 -4.3109050576720085 3.5092594988186088
    endloop
  endfacet
  facet normal 0.4999999999999984 -0.5000000000000014 0.7071067811865478
    outer loop
      vertex 0.7668289630343872 -3.6412674857624157 4.307626311390192
      vertex 1.0693650813895956 -4.180634918610405 3.7123106012293747
      vertex 1.226252565212106 -4.3109050576720085 3.5092594988186088
    endloop
  endfacet
  facet normal 0.49999999999999645 -0.5000000000000028 0.7071067811865481
    outer loop
      vertex 0.7668289630343872 -3.6412674857624157 4.307626311390192
      vertex 0.9390949423279922 -4.023747434787895 3.9153617036401407
      vertex 1.0693650813895956 -4.180634918610405 3.7123106012293747
    endloop
  endfacet
  facet normal 0.5000000000000024 -0.49999999999999856 0.7071067811865468
    outer loop
      vertex 0.7668289630343872 -3.6412674857624157 4.307626311390192
      vertex 0.8376711062243447 -3.8429269945501106 4.114938545392257
      vertex 0.9390949423279922 -4.023747434787895 3.9153617036401407
    endloop
  endfacet
  facet normal 0.5000000000000018 -0.499999999999998 0.7071067811865478
    outer loop
      vertex 0.7668289630343872 -3.6412674857624157 4.307626311390192
      vertex 1.6087325142375852 -4.483171036965614 3.116994891068558
      vertex 0.727780641469252 -3.4222193585307483 4.490128060534577
    endloop
  endfacet
  facet normal 0.49999999999999845 -0.5000000000000016 0.7071067811865475
    outer loop
      vertex 0.727780641469252 -3.4222193585307483 4.490128060534577
      vertex 1.8277806414692521 -4.522219358530748 2.934493141924172
      vertex 0.7211942691371591 -3.189530587043656 4.65932113729851
    endloop
  endfacet
  facet normal 0.5000000000000008 -0.499999999999999 0.7071067811865475
    outer loop
      vertex 0.7211942691371591 -3.189530587043656 4.65932113729851
      vertex 2.060469412956345 -4.5288057308628415 2.76530006516024
      vertex 0.7471825406947976 -2.947182540694798 4.812310601229375
    endloop
  endfacet
  facet normal 0.49999999999999517 -0.5000000000000044 0.7071067811865477
    outer loop
      vertex 1.4070730054498903 -4.412328893775656 3.3096826570664923
      vertex 1.6087325142375852 -4.483171036965614 3.116994891068558
      vertex 0.7668289630343872 -3.6412674857624157 4.307626311390192
    endloop
  endfacet
  facet normal 0.500000000000006 -0.49999999999999384 0.7071067811865477
    outer loop
      vertex 0.727780641469252 -3.4222193585307483 4.490128060534577
      vertex 1.6087325142375852 -4.483171036965614 3.116994891068558
      vertex 1.8277806414692521 -4.522219358530748 2.934493141924172
    endloop
  endfacet
  facet normal 0.4999999999999965 -0.5000000000000034 0.7071067811865475
    outer loop
      vertex 0.7211942691371591 -3.189530587043656 4.65932113729851
      vertex 1.8277806414692521 -4.522219358530748 2.934493141924172
      vertex 2.060469412956345 -4.5288057308628415 2.76530006516024
    endloop
  endfacet
  facet normal 0.5000000000000011 -0.4999999999999989 0.7071067811865476
    outer loop
      vertex 2.060469412956345 -4.5288057308628415 2.76530006516024
      vertex 2.3028174593052024 -4.502817459305203 2.6123106012293746
      vertex 0.7471825406947976 -2.947182540694798 4.812310601229375
    endloop
  endfacet
  facet normal 0.4999999999999997 -0.5000000000000004 0.7071067811865475
    outer loop
      vertex 2.3028174593052024 -4.502817459305203 2.6123106012293746
      vertex 2.5506781382512242 -4.444699210389494 2.4781424422761265
      vertex 0.8053007896105069 -2.6993218617487766 4.9464787601826234
    endloop
  endfacet
  facet normal 0.49999999999999883 -0.5000000000000011 0.7071067811865476
    outer loop
      vertex 2.5506781382512242 -4.444699210389494 2.4781424422761265
      vertex 2.799810484857681 -4.355445403468086 2.3650912426986266
      vertex 0.8945545965319152 -2.45018951514232 5.059529959760123
    endloop
  endfacet
  facet normal 0.4999999999999995 -0.5000000000000004 0.7071067811865476
    outer loop
      vertex 3.045951775601599 -4.236583195923233 2.2750913398653605
      vertex 3.2848904647550934 -4.090146353080859 2.209682657066492
      vertex 1.1598536469191423 -1.9651095352449075 5.214938545392258
    endloop
  endfacet
  facet normal 0.5000000000000012 -0.4999999999999985 0.7071067811865476
    outer loop
      vertex 2.799810484857681 -4.355445403468086 2.3650912426986266
      vertex 3.045951775601599 -4.236583195923233 2.2750913398653605
      vertex 1.013416804076768 -2.2040482243984014 5.149529862593389
    endloop
  endfacet
  facet normal 0.49999999999999745 -0.5000000000000024 0.7071067811865476
    outer loop
      vertex 2.3028174593052024 -4.502817459305203 2.6123106012293746
      vertex 0.8053007896105069 -2.6993218617487766 4.9464787601826234
      vertex 0.7471825406947976 -2.947182540694798 4.812310601229375
    endloop
  endfacet
  facet normal 0.5000000000000007 -0.49999999999999956 0.7071067811865474
    outer loop
      vertex 2.5506781382512242 -4.444699210389494 2.4781424422761265
      vertex 0.8945545965319152 -2.45018951514232 5.059529959760123
      vertex 0.8053007896105069 -2.6993218617487766 4.9464787601826234
    endloop
  endfacet
  facet normal 0.5000000000000008 -0.4999999999999986 0.707106781186548
    outer loop
      vertex 2.799810484857681 -4.355445403468086 2.3650912426986266
      vertex 1.013416804076768 -2.2040482243984014 5.149529862593389
      vertex 0.8945545965319152 -2.45018951514232 5.059529959760123
    endloop
  endfacet
  facet normal 0.4999999999999992 -0.5000000000000003 0.7071067811865478
    outer loop
      vertex 3.045951775601599 -4.236583195923233 2.2750913398653605
      vertex 1.1598536469191423 -1.9651095352449075 5.214938545392258
      vertex 1.013416804076768 -2.2040482243984014 5.149529862593389
    endloop
  endfacet
  facet normal 0.49999999999999906 -0.5000000000000009 0.7071067811865476
    outer loop
      vertex 1.1598536469191423 -1.9651095352449075 5.214938545392258
      vertex 3.2848904647550934 -4.090146353080859 2.209682657066492
      vertex 1.331359550078043 -1.737461754899575 5.254636847459326
    endloop
  endfacet
  facet normal 0.5000000000000012 -0.4999999999999988 0.7071067811865475
    outer loop
      vertex 1.331359550078043 -1.737461754899575 5.254636847459326
      vertex 3.512538245100426 -3.918640449921958 2.1699843549994235
      vertex 1.5250000000000001 -1.5250000000000001 5.267945519839779
    endloop
  endfacet
  facet normal 0.4999999999999988 -0.5000000000000012 0.7071067811865476
    outer loop
      vertex 1.5250000000000001 -1.5250000000000001 5.267945519839779
      vertex 3.7250000000000005 -3.7250000000000005 2.15667568261897
      vertex 1.737461754899575 -1.331359550078043 5.254636847459326
    endloop
  endfacet
  facet normal 0.5000000000000001 -0.5000000000000002 0.7071067811865472
    outer loop
      vertex 1.331359550078043 -1.737461754899575 5.254636847459326
      vertex 3.2848904647550934 -4.090146353080859 2.209682657066492
      vertex 3.512538245100426 -3.918640449921958 2.1699843549994235
    endloop
  endfacet
  facet normal 0.500000000000001 -0.4999999999999992 0.7071067811865472
    outer loop
      vertex 1.5250000000000001 -1.5250000000000001 5.267945519839779
      vertex 3.512538245100426 -3.918640449921958 2.1699843549994235
      vertex 3.7250000000000005 -3.7250000000000005 2.15667568261897
    endloop
  endfacet
  facet normal 0.49999999999999983 -0.5000000000000002 0.7071067811865475
    outer loop
      vertex 1.737461754899575 -1.331359550078043 5.254636847459326
      vertex 3.7250000000000005 -3.7250000000000005 2.15667568261897
      vertex 3.918640449921958 -3.512538245100426 2.1699843549994235
    endloop
  endfacet
  facet normal 0.49999999999999956 -0.49999999999999983 0.7071067811865479
    outer loop
      vertex 1.9651095352449075 -1.1598536469191423 5.214938545392258
      vertex 3.918640449921958 -3.512538245100426 2.1699843549994235
      vertex 4.090146353080859 -3.2848904647550934 2.209682657066492
    endloop
  endfacet
  facet normal 0.5000000000000004 -0.4999999999999995 0.7071067811865477
    outer loop
      vertex 2.2040482243984014 -1.013416804076768 5.149529862593389
      vertex 4.090146353080859 -3.2848904647550934 2.209682657066492
      vertex 4.236583195923233 -3.045951775601599 2.2750913398653605
    endloop
  endfacet
  facet normal 0.4999999999999988 -0.5000000000000011 0.7071067811865476
    outer loop
      vertex 2.45018951514232 -0.8945545965319152 5.059529959760123
      vertex 4.236583195923233 -3.045951775601599 2.2750913398653605
      vertex 4.355445403468086 -2.799810484857681 2.3650912426986266
    endloop
  endfacet
  facet normal 0.5000000000000009 -0.4999999999999991 0.7071067811865475
    outer loop
      vertex 1.737461754899575 -1.331359550078043 5.254636847459326
      vertex 3.918640449921958 -3.512538245100426 2.1699843549994235
      vertex 1.9651095352449075 -1.1598536469191423 5.214938545392258
    endloop
  endfacet
  facet normal 0.5000000000000003 -0.4999999999999996 0.7071067811865476
    outer loop
      vertex 1.9651095352449075 -1.1598536469191423 5.214938545392258
      vertex 4.090146353080859 -3.2848904647550934 2.209682657066492
      vertex 2.2040482243984014 -1.013416804076768 5.149529862593389
    endloop
  endfacet
  facet normal 0.49999999999999917 -0.5000000000000009 0.7071067811865477
    outer loop
      vertex 2.2040482243984014 -1.013416804076768 5.149529862593389
      vertex 4.236583195923233 -3.045951775601599 2.2750913398653605
      vertex 2.45018951514232 -0.8945545965319152 5.059529959760123
    endloop
  endfacet
  facet normal 0.499999999999999 -0.5000000000000009 0.7071067811865476
    outer loop
      vertex 2.45018951514232 -0.8945545965319152 5.059529959760123
      vertex 4.355445403468086 -2.799810484857681 2.3650912426986266
      vertex 2.6993218617487766 -0.8053007896105069 4.9464787601826234
    endloop
  endfacet
  facet normal 0.5000000000000021 -0.49999999999999795 0.7071067811865475
    outer loop
      vertex 2.6993218617487766 -0.8053007896105069 4.9464787601826234
      vertex 4.444699210389494 -2.5506781382512242 2.4781424422761265
      vertex 2.947182540694798 -0.7471825406947976 4.812310601229375
    endloop
  endfacet
  facet normal 0.49999999999999906 -0.5000000000000008 0.7071067811865476
    outer loop
      vertex 2.947182540694798 -0.7471825406947976 4.812310601229375
      vertex 4.502817459305203 -2.3028174593052024 2.6123106012293746
      vertex 3.189530587043656 -0.7211942691371591 4.65932113729851
    endloop
  endfacet
  facet normal 0.5000000000000016 -0.49999999999999833 0.7071067811865477
    outer loop
      vertex 4.522219358530748 -1.8277806414692521 2.934493141924172
      vertex 3.4222193585307483 -0.727780641469252 4.490128060534577
      vertex 3.189530587043656 -0.7211942691371591 4.65932113729851
    endloop
  endfacet
  facet normal 0.5000000000000016 -0.4999999999999986 0.7071067811865475
    outer loop
      vertex 2.6993218617487766 -0.8053007896105069 4.9464787601826234
      vertex 4.355445403468086 -2.799810484857681 2.3650912426986266
      vertex 4.444699210389494 -2.5506781382512242 2.4781424422761265
    endloop
  endfacet
  facet normal 0.5000000000000001 -0.49999999999999944 0.7071067811865478
    outer loop
      vertex 2.947182540694798 -0.7471825406947976 4.812310601229375
      vertex 4.444699210389494 -2.5506781382512242 2.4781424422761265
      vertex 4.502817459305203 -2.3028174593052024 2.6123106012293746
    endloop
  endfacet
  facet normal 0.4999999999999988 -0.5000000000000011 0.7071067811865476
    outer loop
      vertex 4.502817459305203 -2.3028174593052024 2.6123106012293746
      vertex 4.5288057308628415 -2.060469412956345 2.76530006516024
      vertex 3.189530587043656 -0.7211942691371591 4.65932113729851
    endloop
  endfacet
  facet normal 0.5000000000000034 -0.49999999999999645 0.7071067811865477
    outer loop
      vertex 4.5288057308628415 -2.060469412956345 2.76530006516024
      vertex 4.522219358530748 -1.8277806414692521 2.934493141924172
      vertex 3.189530587043656 -0.7211942691371591 4.65932113729851
    endloop
  endfacet
  facet normal 0.49999999999999406 -0.500000000000006 0.7071067811865476
    outer loop
      vertex 4.522219358530748 -1.8277806414692521 2.934493141924172
      vertex 4.483171036965614 -1.6087325142375852 3.116994891068558
      vertex 3.4222193585307483 -0.727780641469252 4.490128060534577
    endloop
  endfacet
  facet normal 0.5000000000000046 -0.49999999999999517 0.7071067811865478
    outer loop
      vertex 4.483171036965614 -1.6087325142375852 3.116994891068558
      vertex 4.412328893775656 -1.4070730054498903 3.3096826570664923
      vertex 3.6412674857624157 -0.7668289630343872 4.307626311390192
    endloop
  endfacet
  facet normal 0.5000000000000014 -0.4999999999999984 0.7071067811865478
    outer loop
      vertex 3.6412674857624157 -0.7668289630343872 4.307626311390192
      vertex 4.3109050576720085 -1.226252565212106 3.5092594988186088
      vertex 4.180634918610405 -1.0693650813895956 3.7123106012293747
    endloop
  endfacet
  facet normal 0.4999999999999989 -0.5000000000000013 0.7071067811865472
    outer loop
      vertex 4.412328893775656 -1.4070730054498903 3.3096826570664923
      vertex 4.3109050576720085 -1.226252565212106 3.5092594988186088
      vertex 3.6412674857624157 -0.7668289630343872 4.307626311390192
    endloop
  endfacet
  facet normal 0.49999999999999767 -0.5000000000000017 0.7071067811865479
    outer loop
      vertex 4.483171036965614 -1.6087325142375852 3.116994891068558
      vertex 3.6412674857624157 -0.7668289630343872 4.307626311390192
      vertex 3.4222193585307483 -0.727780641469252 4.490128060534577
    endloop
  endfacet
  facet normal 0.5000000000000028 -0.49999999999999645 0.7071067811865481
    outer loop
      vertex 3.6412674857624157 -0.7668289630343872 4.307626311390192
      vertex 4.180634918610405 -1.0693650813895956 3.7123106012293747
      vertex 4.023747434787895 -0.9390949423279922 3.9153617036401407
    endloop
  endfacet
  facet normal 0.4999999999999986 -0.5000000000000022 0.7071067811865468
    outer loop
      vertex 3.8429269945501106 -0.8376711062243447 4.114938545392257
      vertex 3.6412674857624157 -0.7668289630343872 4.307626311390192
      vertex 4.023747434787895 -0.9390949423279922 3.9153617036401407
    endloop
  endfacet
  facet normal -0.02288732695772024 0.8085822853448242 0.5879378012096788
    outer loop
      vertex 2.5506781382512242 -4.444699210389494 2.4781424422761265
      vertex 10.050678138251225 -11.944699210389494 13.08474416007434
      vertex 2.799810484857681 -4.355445403468086 2.3650912426986266
    endloop
  endfacet
  facet normal -0.1356910386703741 0.7611817028623152 0.6341847973991342
    outer loop
      vertex 2.799810484857681 -4.355445403468086 2.3650912426986266
      vertex 10.29981048485768 -11.855445403468085 12.97169296049684
      vertex 3.045951775601599 -4.236583195923233 2.2750913398653605
    endloop
  endfacet
  facet normal -0.24617303909070756 0.7007570904043975 0.6695807158758443
    outer loop
      vertex 3.045951775601599 -4.236583195923233 2.2750913398653605
      vertex 10.5459517756016 -11.736583195923233 12.881693057663574
      vertex 3.2848904647550934 -4.090146353080859 2.209682657066492
    endloop
  endfacet
  facet normal -0.3524429505601463 0.6283423298430848 0.6935199226610742
    outer loop
      vertex 3.2848904647550934 -4.090146353080859 2.209682657066492
      vertex 10.784890464755094 -11.59014635308086 12.816284374864704
      vertex 3.512538245100426 -3.918640449921958 2.1699843549994235
    endloop
  endfacet
  facet normal -0.45268246542984675 0.5451764578087568 0.7055928112895231
    outer loop
      vertex 3.512538245100426 -3.918640449921958 2.1699843549994235
      vertex 11.012538245100426 -11.41864044992196 12.776586072797638
      vertex 3.7250000000000005 -3.7250000000000005 2.15667568261897
    endloop
  endfacet
  facet normal -0.5451764578087567 0.4526824654298467 0.7055928112895231
    outer loop
      vertex 3.7250000000000005 -3.7250000000000005 2.15667568261897
      vertex 11.225000000000001 -11.225000000000001 12.763277400417183
      vertex 3.918640449921958 -3.512538245100426 2.1699843549994235
    endloop
  endfacet
  facet normal -0.6283423298430848 0.35244295056014624 0.6935199226610742
    outer loop
      vertex 3.918640449921958 -3.512538245100426 2.1699843549994235
      vertex 11.41864044992196 -11.012538245100426 12.776586072797636
      vertex 4.090146353080859 -3.2848904647550934 2.209682657066492
    endloop
  endfacet
  facet normal -0.7007570904043975 0.24617303909070756 0.6695807158758443
    outer loop
      vertex 4.090146353080859 -3.2848904647550934 2.209682657066492
      vertex 11.590146353080858 -10.784890464755094 12.816284374864704
      vertex 4.236583195923233 -3.045951775601599 2.2750913398653605
    endloop
  endfacet
  facet normal -0.7611817028623153 0.1356910386703741 0.6341847973991342
    outer loop
      vertex 4.236583195923233 -3.045951775601599 2.2750913398653605
      vertex 11.855445403468085 -10.29981048485768 12.97169296049684
      vertex 4.355445403468086 -2.799810484857681 2.3650912426986266
    endloop
  endfacet
  facet normal -0.8085822853448241 0.022887326957720264 0.5879378012096786
    outer loop
      vertex 4.355445403468086 -2.799810484857681 2.3650912426986266
      vertex 11.855445403468085 -10.29981048485768 12.97169296049684
      vertex 4.444699210389494 -2.5506781382512242 2.4781424422761265
    endloop
  endfacet
  facet normal -0.8421478007437189 -0.09030799326474162 0.5316310262343732
    outer loop
      vertex 4.444699210389494 -2.5506781382512242 2.4781424422761265
      vertex 11.944699210389494 -10.050678138251225 13.08474416007434
      vertex 4.502817459305203 -2.3028174593052024 2.6123106012293746
    endloop
  endfacet
  facet normal -0.8613039337844077 -0.20195811868433972 0.4662278970042296
    outer loop
      vertex 4.502817459305203 -2.3028174593052024 2.6123106012293746
      vertex 12.002817459305204 -9.802817459305205 13.218912319027588
      vertex 4.5288057308628415 -2.060469412956345 2.76530006516024
    endloop
  endfacet
  facet normal -0.8657229177194804 -0.31015268469987906 0.39284747919355073
    outer loop
      vertex 4.5288057308628415 -2.060469412956345 2.76530006516024
      vertex 12.028805730862844 -9.560469412956346 13.371901782958453
      vertex 4.522219358530748 -1.8277806414692521 2.934493141924172
    endloop
  endfacet
  facet normal -0.8553291425086347 -0.41304045228963115 0.31274533209597355
    outer loop
      vertex 4.522219358530748 -1.8277806414692521 2.934493141924172
      vertex 12.022219358530748 -9.327780641469253 13.541094859722387
      vertex 4.483171036965614 -1.6087325142375852 3.116994891068558
    endloop
  endfacet
  facet normal -0.8303004485274253 -0.508860983224265 0.22729202565684267
    outer loop
      vertex 4.483171036965614 -1.6087325142375852 3.116994891068558
      vertex 11.983171036965615 -9.108732514237587 13.723596608866773
      vertex 4.412328893775656 -1.4070730054498903 3.3096826570664923
    endloop
  endfacet
  facet normal 0.6728912466744511 0.7382943759045952 0.04624699618945511
    outer loop
      vertex 1.0693650813895956 -4.180634918610405 3.7123106012293747
      vertex 8.569365081389597 -11.680634918610407 14.318912319027588
      vertex 1.226252565212106 -4.3109050576720085 3.5092594988186088
    endloop
  endfacet
  facet normal 0.7382943759045953 0.672891246674451 -0.04624699618945508
    outer loop
      vertex 1.0693650813895956 -4.180634918610405 3.7123106012293747
      vertex 0.9390949423279922 -4.023747434787895 3.9153617036401407
      vertex 8.439094942327994 -11.523747434787897 14.521963421438354
    endloop
  endfacet
  facet normal 0.7910650836691371 0.5959747616530109 -0.13794968964146995
    outer loop
      vertex 0.9390949423279922 -4.023747434787895 3.9153617036401407
      vertex 0.8376711062243447 -3.8429269945501106 4.114938545392257
      vertex 8.337671106224345 -11.342926994550112 14.721540263190471
    endloop
  endfacet
  facet normal 0.8303004485274258 0.5088609832242635 -0.22729202565684423
    outer loop
      vertex 0.7668289630343872 -3.6412674857624157 4.307626311390192
      vertex 8.266828963034389 -11.141267485762416 14.914228029188406
      vertex 0.8376711062243447 -3.8429269945501106 4.114938545392257
    endloop
  endfacet
  facet normal 0.8553291425086342 0.41304045228963304 -0.31274533209597216
    outer loop
      vertex 0.7668289630343872 -3.6412674857624157 4.307626311390192
      vertex 0.727780641469252 -3.4222193585307483 4.490128060534577
      vertex 8.227780641469254 -10.922219358530748 15.096729778332792
    endloop
  endfacet
  facet normal 0.8657229177194805 0.3101526846998788 -0.39284747919355084
    outer loop
      vertex 0.727780641469252 -3.4222193585307483 4.490128060534577
      vertex 0.7211942691371591 -3.189530587043656 4.65932113729851
      vertex 8.221194269137161 -10.68953058704366 15.265922855096724
    endloop
  endfacet
  facet normal 0.5959747616530102 0.7910650836691374 0.1379496896414707
    outer loop
      vertex 1.4070730054498903 -4.412328893775656 3.3096826570664923
      vertex 1.226252565212106 -4.3109050576720085 3.5092594988186088
      vertex 8.726252565212107 -11.81090505767201 14.115861216616823
    endloop
  endfacet
  facet normal 0.8613039337844078 0.20195811868433894 -0.46622789700423034
    outer loop
      vertex 0.7211942691371591 -3.189530587043656 4.65932113729851
      vertex 0.7471825406947976 -2.947182540694798 4.812310601229375
      vertex 8.2471825406948 -10.447182540694799 15.418912319027589
    endloop
  endfacet
  facet normal 0.842147800743719 0.09030799326474137 -0.5316310262343735
    outer loop
      vertex 0.7471825406947976 -2.947182540694798 4.812310601229375
      vertex 0.8053007896105069 -2.6993218617487766 4.9464787601826234
      vertex 8.305300789610508 -10.199321861748777 15.553080477980837
    endloop
  endfacet
  facet normal 0.808582285344824 -0.022887326957720413 -0.587937801209679
    outer loop
      vertex 0.8053007896105069 -2.6993218617487766 4.9464787601826234
      vertex 0.8945545965319152 -2.45018951514232 5.059529959760123
      vertex 8.394554596531917 -9.950189515142322 15.666131677558335
    endloop
  endfacet
  facet normal 0.7611817028623156 -0.13569103867037344 -0.6341847973991341
    outer loop
      vertex 0.8945545965319152 -2.45018951514232 5.059529959760123
      vertex 1.013416804076768 -2.2040482243984014 5.149529862593389
      vertex 8.513416804076769 -9.704048224398402 15.756131580391601
    endloop
  endfacet
  facet normal 0.700757090404397 -0.24617303909070837 -0.6695807158758446
    outer loop
      vertex 1.013416804076768 -2.2040482243984014 5.149529862593389
      vertex 1.1598536469191423 -1.9651095352449075 5.214938545392258
      vertex 8.659853646919142 -9.465109535244906 15.821540263190471
    endloop
  endfacet
  facet normal 0.6283423298430855 -0.35244295056014546 -0.6935199226610741
    outer loop
      vertex 1.1598536469191423 -1.9651095352449075 5.214938545392258
      vertex 1.331359550078043 -1.737461754899575 5.254636847459326
      vertex 8.831359550078043 -9.237461754899575 15.861238565257539
    endloop
  endfacet
  facet normal 0.5451764578087566 -0.452682465429847 -0.7055928112895232
    outer loop
      vertex 1.331359550078043 -1.737461754899575 5.254636847459326
      vertex 1.5250000000000001 -1.5250000000000001 5.267945519839779
      vertex 9.025 -9.025 15.874547237637993
    endloop
  endfacet
  facet normal 0.45268246542984697 -0.5451764578087565 -0.705592811289523
    outer loop
      vertex 1.5250000000000001 -1.5250000000000001 5.267945519839779
      vertex 1.737461754899575 -1.331359550078043 5.254636847459326
      vertex 9.237461754899575 -8.831359550078043 15.86123856525754
    endloop
  endfacet
  facet normal 0.35244295056014546 -0.6283423298430855 -0.6935199226610741
    outer loop
      vertex 1.737461754899575 -1.331359550078043 5.254636847459326
      vertex 1.9651095352449075 -1.1598536469191423 5.214938545392258
      vertex 9.465109535244906 -8.659853646919142 15.821540263190471
    endloop
  endfacet
  facet normal 0.24617303909070828 -0.700757090404397 -0.6695807158758446
    outer loop
      vertex 1.9651095352449075 -1.1598536469191423 5.214938545392258
      vertex 2.2040482243984014 -1.013416804076768 5.149529862593389
      vertex 9.704048224398402 -8.513416804076769 15.756131580391601
    endloop
  endfacet
  facet normal 0.1356910386703734 -0.7611817028623155 -0.6341847973991341
    outer loop
      vertex 2.2040482243984014 -1.013416804076768 5.149529862593389
      vertex 2.45018951514232 -0.8945545965319152 5.059529959760123
      vertex 9.950189515142322 -8.394554596531917 15.666131677558335
    endloop
  endfacet
  facet normal -0.13569103867036952 0.7611817028623166 0.6341847973991336
    outer loop
      vertex 3.045951775601599 -4.236583195923233 2.2750913398653605
      vertex 10.29981048485768 -11.855445403468085 12.97169296049684
      vertex 10.5459517756016 -11.736583195923233 12.881693057663574
    endloop
  endfacet
  facet normal -0.24617303909070753 0.7007570904043969 0.669580715875845
    outer loop
      vertex 3.2848904647550934 -4.090146353080859 2.209682657066492
      vertex 10.5459517756016 -11.736583195923233 12.881693057663574
      vertex 10.784890464755094 -11.59014635308086 12.816284374864704
    endloop
  endfacet
  facet normal -0.35244295056014907 0.6283423298430826 0.6935199226610749
    outer loop
      vertex 3.512538245100426 -3.918640449921958 2.1699843549994235
      vertex 10.784890464755094 -11.59014635308086 12.816284374864704
      vertex 11.012538245100426 -11.41864044992196 12.776586072797638
    endloop
  endfacet
  facet normal -0.4526824654298473 0.5451764578087561 0.7055928112895232
    outer loop
      vertex 3.7250000000000005 -3.7250000000000005 2.15667568261897
      vertex 11.012538245100426 -11.41864044992196 12.776586072797638
      vertex 11.225000000000001 -11.225000000000001 12.763277400417183
    endloop
  endfacet
  facet normal -0.5451764578087578 0.4526824654298466 0.7055928112895223
    outer loop
      vertex 3.918640449921958 -3.512538245100426 2.1699843549994235
      vertex 11.225000000000001 -11.225000000000001 12.763277400417183
      vertex 11.41864044992196 -11.012538245100426 12.776586072797636
    endloop
  endfacet
  facet normal -0.6283423298430888 0.3524429505601417 0.693519922661073
    outer loop
      vertex 4.090146353080859 -3.2848904647550934 2.209682657066492
      vertex 11.41864044992196 -11.012538245100426 12.776586072797636
      vertex 11.590146353080858 -10.784890464755094 12.816284374864704
    endloop
  endfacet
  facet normal -0.7007570904043975 0.24617303909070648 0.6695807158758444
    outer loop
      vertex 4.236583195923233 -3.045951775601599 2.2750913398653605
      vertex 11.590146353080858 -10.784890464755094 12.816284374864704
      vertex 11.736583195923233 -10.5459517756016 12.881693057663574
    endloop
  endfacet
  facet normal -0.7611817028623166 0.13569103867036952 0.6341847973991336
    outer loop
      vertex 4.236583195923233 -3.045951775601599 2.2750913398653605
      vertex 11.736583195923233 -10.5459517756016 12.881693057663574
      vertex 11.855445403468085 -10.29981048485768 12.97169296049684
    endloop
  endfacet
  facet normal 0.6728912466744507 0.7382943759045953 0.046246996189456074
    outer loop
      vertex 1.226252565212106 -4.3109050576720085 3.5092594988186088
      vertex 8.569365081389597 -11.680634918610407 14.318912319027588
      vertex 8.726252565212107 -11.81090505767201 14.115861216616823
    endloop
  endfacet
  facet normal 0.41304045228963165 0.855329142508634 0.3127453320959747
    outer loop
      vertex 1.8277806414692521 -4.522219358530748 2.934493141924172
      vertex 9.108732514237586 -11.983171036965615 13.723596608866773
      vertex 9.327780641469255 -12.02221935853075 13.541094859722387
    endloop
  endfacet
  facet normal 0.09030799326473785 0.8421478007437178 0.5316310262343756
    outer loop
      vertex 2.5506781382512242 -4.444699210389494 2.4781424422761265
      vertex 9.802817459305205 -12.002817459305204 13.218912319027588
      vertex 10.050678138251225 -11.944699210389494 13.08474416007434
    endloop
  endfacet
  facet normal 0.2019581186843392 0.8613039337844078 0.4662278970042298
    outer loop
      vertex 2.3028174593052024 -4.502817459305203 2.6123106012293746
      vertex 9.560469412956344 -12.028805730862842 13.371901782958455
      vertex 9.802817459305205 -12.002817459305204 13.218912319027588
    endloop
  endfacet
  facet normal 0.3101526846998799 0.8657229177194804 0.3928474791935498
    outer loop
      vertex 2.060469412956345 -4.5288057308628415 2.76530006516024
      vertex 9.327780641469255 -12.02221935853075 13.541094859722387
      vertex 9.560469412956344 -12.028805730862842 13.371901782958455
    endloop
  endfacet
  facet normal 0.5088609832242631 0.8303004485274258 0.227292025656845
    outer loop
      vertex 1.6087325142375852 -4.483171036965614 3.116994891068558
      vertex 8.907073005449892 -11.912328893775658 13.916284374864706
      vertex 9.108732514237586 -11.983171036965615 13.723596608866773
    endloop
  endfacet
  facet normal 0.5959747616530142 0.7910650836691351 0.1379496896414678
    outer loop
      vertex 1.4070730054498903 -4.412328893775656 3.3096826570664923
      vertex 8.726252565212107 -11.81090505767201 14.115861216616823
      vertex 8.907073005449892 -11.912328893775658 13.916284374864706
    endloop
  endfacet
  facet normal 0.7910650836691355 0.5959747616530136 -0.1379496896414672
    outer loop
      vertex 0.9390949423279922 -4.023747434787895 3.9153617036401407
      vertex 8.337671106224345 -11.342926994550112 14.721540263190471
      vertex 8.439094942327994 -11.523747434787897 14.521963421438354
    endloop
  endfacet
  facet normal 0.7382943759045962 0.6728912466744496 -0.04624699618945739
    outer loop
      vertex 1.0693650813895956 -4.180634918610405 3.7123106012293747
      vertex 8.439094942327994 -11.523747434787897 14.521963421438354
      vertex 8.569365081389597 -11.680634918610407 14.318912319027588
    endloop
  endfacet
  facet normal 0.8303004485274272 0.5088609832242602 -0.22729202565684653
    outer loop
      vertex 0.8376711062243447 -3.8429269945501106 4.114938545392257
      vertex 8.266828963034389 -11.141267485762416 14.914228029188406
      vertex 8.337671106224345 -11.342926994550112 14.721540263190471
    endloop
  endfacet
  facet normal 0.8553291425086345 0.41304045228963115 -0.3127453320959738
    outer loop
      vertex 0.7668289630343872 -3.6412674857624157 4.307626311390192
      vertex 8.227780641469254 -10.922219358530748 15.096729778332792
      vertex 8.266828963034389 -11.141267485762416 14.914228029188406
    endloop
  endfacet
  facet normal 0.8657229177194802 0.3101526846998804 -0.3928474791935497
    outer loop
      vertex 0.727780641469252 -3.4222193585307483 4.490128060534577
      vertex 8.221194269137161 -10.68953058704366 15.265922855096724
      vertex 8.227780641469254 -10.922219358530748 15.096729778332792
    endloop
  endfacet
  facet normal 0.8613039337844073 0.20195811868433763 -0.46622789700423173
    outer loop
      vertex 0.7211942691371591 -3.189530587043656 4.65932113729851
      vertex 8.2471825406948 -10.447182540694799 15.418912319027589
      vertex 8.221194269137161 -10.68953058704366 15.265922855096724
    endloop
  endfacet
  facet normal 0.8421478007437194 0.09030799326474385 -0.531631026234372
    outer loop
      vertex 0.7471825406947976 -2.947182540694798 4.812310601229375
      vertex 8.305300789610508 -10.199321861748777 15.553080477980837
      vertex 8.2471825406948 -10.447182540694799 15.418912319027589
    endloop
  endfacet
  facet normal 0.808582285344823 -0.022887326957726346 -0.5879378012096801
    outer loop
      vertex 0.8053007896105069 -2.6993218617487766 4.9464787601826234
      vertex 8.394554596531917 -9.950189515142322 15.666131677558335
      vertex 8.305300789610508 -10.199321861748777 15.553080477980837
    endloop
  endfacet
  facet normal -0.02288732695772179 0.808582285344823 0.5879378012096803
    outer loop
      vertex 2.799810484857681 -4.355445403468086 2.3650912426986266
      vertex 10.050678138251225 -11.944699210389494 13.08474416007434
      vertex 10.29981048485768 -11.855445403468085 12.97169296049684
    endloop
  endfacet
  facet normal -0.8085822853448237 0.02288732695772213 0.5879378012096792
    outer loop
      vertex 4.444699210389494 -2.5506781382512242 2.4781424422761265
      vertex 11.855445403468085 -10.29981048485768 12.97169296049684
      vertex 11.944699210389494 -10.050678138251225 13.08474416007434
    endloop
  endfacet
  facet normal -0.8421478007437186 -0.09030799326473764 0.5316310262343745
    outer loop
      vertex 4.502817459305203 -2.3028174593052024 2.6123106012293746
      vertex 11.944699210389494 -10.050678138251225 13.08474416007434
      vertex 12.002817459305204 -9.802817459305205 13.218912319027588
    endloop
  endfacet
  facet normal -0.8613039337844073 -0.2019581186843341 0.4662278970042327
    outer loop
      vertex 4.5288057308628415 -2.060469412956345 2.76530006516024
      vertex 12.002817459305204 -9.802817459305205 13.218912319027588
      vertex 12.028805730862844 -9.560469412956346 13.371901782958453
    endloop
  endfacet
  facet normal -0.8657229177194801 -0.31015268469988805 0.3928474791935447
    outer loop
      vertex 4.522219358530748 -1.8277806414692521 2.934493141924172
      vertex 12.028805730862844 -9.560469412956346 13.371901782958453
      vertex 12.022219358530748 -9.327780641469253 13.541094859722387
    endloop
  endfacet
  facet normal -0.7910650836691356 -0.595974761653013 0.13794968964146845
    outer loop
      vertex 4.3109050576720085 -1.226252565212106 3.5092594988186088
      vertex 11.912328893775658 -8.907073005449892 13.916284374864706
      vertex 11.81090505767201 -8.726252565212107 14.115861216616823
    endloop
  endfacet
  facet normal -0.855329142508635 -0.41304045228962993 0.31274533209597394
    outer loop
      vertex 4.483171036965614 -1.6087325142375852 3.116994891068558
      vertex 12.022219358530748 -9.327780641469253 13.541094859722387
      vertex 11.983171036965615 -9.108732514237587 13.723596608866773
    endloop
  endfacet
  facet normal -0.8303004485274278 -0.5088609832242584 0.22729202565684772
    outer loop
      vertex 4.412328893775656 -1.4070730054498903 3.3096826570664923
      vertex 11.983171036965615 -9.108732514237587 13.723596608866773
      vertex 11.912328893775658 -8.907073005449892 13.916284374864706
    endloop
  endfacet
  facet normal -0.7382943759045962 -0.6728912466744499 0.0462469961894564
    outer loop
      vertex 4.180634918610405 -1.0693650813895956 3.7123106012293747
      vertex 11.81090505767201 -8.726252565212107 14.115861216616823
      vertex 11.680634918610407 -8.569365081389597 14.31891231902759
    endloop
  endfacet
  facet normal -0.5088609832242621 -0.8303004485274257 -0.22729202565684764
    outer loop
      vertex 3.6412674857624157 -0.7668289630343872 4.307626311390192
      vertex 11.342926994550112 -8.337671106224345 14.721540263190471
      vertex 11.141267485762416 -8.266828963034389 14.914228029188404
    endloop
  endfacet
  facet normal -0.09030799326474402 -0.8421478007437188 -0.531631026234373
    outer loop
      vertex 2.6993218617487766 -0.8053007896105069 4.9464787601826234
      vertex 10.447182540694799 -8.2471825406948 15.418912319027589
      vertex 10.199321861748777 -8.305300789610508 15.553080477980837
    endloop
  endfacet
  facet normal -0.20195811868433353 -0.8613039337844068 -0.46622789700423417
    outer loop
      vertex 2.947182540694798 -0.7471825406947976 4.812310601229375
      vertex 10.689530587043658 -8.22119426913716 15.265922855096724
      vertex 10.447182540694799 -8.2471825406948 15.418912319027589
    endloop
  endfacet
  facet normal -0.31015268469988455 -0.8657229177194807 -0.3928474791935456
    outer loop
      vertex 3.189530587043656 -0.7211942691371591 4.65932113729851
      vertex 10.92221935853075 -8.227780641469256 15.096729778332792
      vertex 10.689530587043658 -8.22119426913716 15.265922855096724
    endloop
  endfacet
  facet normal -0.4130404522896331 -0.8553291425086338 -0.31274533209597294
    outer loop
      vertex 3.4222193585307483 -0.727780641469252 4.490128060534577
      vertex 11.141267485762416 -8.266828963034389 14.914228029188404
      vertex 10.92221935853075 -8.227780641469256 15.096729778332792
    endloop
  endfacet
  facet normal -0.6728912466744507 -0.7382943759045955 -0.04624699618945715
    outer loop
      vertex 4.023747434787895 -0.9390949423279922 3.9153617036401407
      vertex 11.680634918610407 -8.569365081389597 14.31891231902759
      vertex 11.523747434787897 -8.439094942327994 14.521963421438354
    endloop
  endfacet
  facet normal -0.5959747616530129 -0.791065083669136 -0.13794968964146748
    outer loop
      vertex 3.8429269945501106 -0.8376711062243447 4.114938545392257
      vertex 11.523747434787897 -8.439094942327994 14.521963421438354
      vertex 11.342926994550112 -8.337671106224345 14.721540263190471
    endloop
  endfacet
  facet normal -0.31015268469987883 -0.8657229177194804 -0.3928474791935509
    outer loop
      vertex 3.189530587043656 -0.7211942691371591 4.65932113729851
      vertex 3.4222193585307483 -0.727780641469252 4.490128060534577
      vertex 10.92221935853075 -8.227780641469256 15.096729778332792
    endloop
  endfacet
  facet normal -0.413040452289633 -0.8553291425086342 -0.31274533209597216
    outer loop
      vertex 3.6412674857624157 -0.7668289630343872 4.307626311390192
      vertex 11.141267485762416 -8.266828963034389 14.914228029188404
      vertex 3.4222193585307483 -0.727780641469252 4.490128060534577
    endloop
  endfacet
  facet normal -0.7910650836691374 -0.5959747616530103 0.13794968964147075
    outer loop
      vertex 4.412328893775656 -1.4070730054498903 3.3096826570664923
      vertex 11.912328893775658 -8.907073005449892 13.916284374864706
      vertex 4.3109050576720085 -1.226252565212106 3.5092594988186088
    endloop
  endfacet
  facet normal -0.7382943759045952 -0.6728912466744511 0.04624699618945512
    outer loop
      vertex 4.180634918610405 -1.0693650813895956 3.7123106012293747
      vertex 4.3109050576720085 -1.226252565212106 3.5092594988186088
      vertex 11.81090505767201 -8.726252565212107 14.115861216616823
    endloop
  endfacet
  facet normal -0.6728912466744509 -0.7382943759045952 -0.046246996189455075
    outer loop
      vertex 4.180634918610405 -1.0693650813895956 3.7123106012293747
      vertex 11.680634918610407 -8.569365081389597 14.31891231902759
      vertex 4.023747434787895 -0.9390949423279922 3.9153617036401407
    endloop
  endfacet
  facet normal -0.595974761653011 -0.7910650836691371 -0.13794968964146997
    outer loop
      vertex 3.8429269945501106 -0.8376711062243447 4.114938545392257
      vertex 4.023747434787895 -0.9390949423279922 3.9153617036401407
      vertex 11.523747434787897 -8.439094942327994 14.521963421438354
    endloop
  endfacet
  facet normal -0.5088609832242634 -0.8303004485274259 -0.22729202565684412
    outer loop
      vertex 3.8429269945501106 -0.8376711062243447 4.114938545392257
      vertex 11.342926994550112 -8.337671106224345 14.721540263190471
      vertex 3.6412674857624157 -0.7668289630343872 4.307626311390192
    endloop
  endfacet
  facet normal -0.20195811868433888 -0.8613039337844077 -0.46622789700423023
    outer loop
      vertex 2.947182540694798 -0.7471825406947976 4.812310601229375
      vertex 3.189530587043656 -0.7211942691371591 4.65932113729851
      vertex 10.689530587043658 -8.22119426913716 15.265922855096724
    endloop
  endfacet
  facet normal -0.09030799326474138 -0.8421478007437189 -0.5316310262343735
    outer loop
      vertex 2.6993218617487766 -0.8053007896105069 4.9464787601826234
      vertex 2.947182540694798 -0.7471825406947976 4.812310601229375
      vertex 10.447182540694799 -8.2471825406948 15.418912319027589
    endloop
  endfacet
  facet normal 0.02288732695772047 -0.808582285344824 -0.587937801209679
    outer loop
      vertex 2.45018951514232 -0.8945545965319152 5.059529959760123
      vertex 2.6993218617487766 -0.8053007896105069 4.9464787601826234
      vertex 10.199321861748777 -8.305300789610508 15.553080477980837
    endloop
  endfacet
  facet normal 0.761181702862317 -0.13569103867037108 -0.6341847973991327
    outer loop
      vertex 0.8945545965319152 -2.45018951514232 5.059529959760123
      vertex 8.513416804076769 -9.704048224398402 15.756131580391601
      vertex 8.394554596531917 -9.950189515142322 15.666131677558335
    endloop
  endfacet
  facet normal 0.7007570904043986 -0.24617303909070695 -0.6695807158758433
    outer loop
      vertex 1.013416804076768 -2.2040482243984014 5.149529862593389
      vertex 8.659853646919142 -9.465109535244906 15.821540263190471
      vertex 8.513416804076769 -9.704048224398402 15.756131580391601
    endloop
  endfacet
  facet normal 0.6283423298430837 -0.35244295056014774 -0.6935199226610745
    outer loop
      vertex 1.1598536469191423 -1.9651095352449075 5.214938545392258
      vertex 8.831359550078043 -9.237461754899575 15.861238565257539
      vertex 8.659853646919142 -9.465109535244906 15.821540263190471
    endloop
  endfacet
  facet normal 0.5451764578087581 -0.4526824654298458 -0.7055928112895226
    outer loop
      vertex 1.331359550078043 -1.737461754899575 5.254636847459326
      vertex 9.025 -9.025 15.874547237637993
      vertex 8.831359550078043 -9.237461754899575 15.861238565257539
    endloop
  endfacet
  facet normal 0.45268246542984875 -0.5451764578087545 -0.7055928112895234
    outer loop
      vertex 1.5250000000000001 -1.5250000000000001 5.267945519839779
      vertex 9.237461754899575 -8.831359550078043 15.86123856525754
      vertex 9.025 -9.025 15.874547237637993
    endloop
  endfacet
  facet normal 0.3524429505601462 -0.6283423298430848 -0.6935199226610742
    outer loop
      vertex 1.737461754899575 -1.331359550078043 5.254636847459326
      vertex 9.465109535244906 -8.659853646919142 15.821540263190471
      vertex 9.237461754899575 -8.831359550078043 15.86123856525754
    endloop
  endfacet
  facet normal 0.2461730390907037 -0.7007570904043996 -0.6695807158758436
    outer loop
      vertex 1.9651095352449075 -1.1598536469191423 5.214938545392258
      vertex 9.704048224398402 -8.513416804076769 15.756131580391601
      vertex 9.465109535244906 -8.659853646919142 15.821540263190471
    endloop
  endfacet
  facet normal 0.1356910386703705 -0.7611817028623171 -0.6341847973991329
    outer loop
      vertex 2.2040482243984014 -1.013416804076768 5.149529862593389
      vertex 9.950189515142322 -8.394554596531917 15.666131677558335
      vertex 9.704048224398402 -8.513416804076769 15.756131580391601
    endloop
  endfacet
  facet normal 0.02288732695772599 -0.8085822853448221 -0.5879378012096812
    outer loop
      vertex 2.45018951514232 -0.8945545965319152 5.059529959760123
      vertex 10.199321861748777 -8.305300789610508 15.553080477980837
      vertex 9.950189515142322 -8.394554596531917 15.666131677558335
    endloop
  endfacet
  facet normal 0 0 -1
    outer loop
      vertex -2.1558334160619284 -2.1558334160619284 -3.6000000000000014
      vertex -20 -2.1558334160619284 -3.6000000000000014
      vertex -20 2.1558334160619284 -3.6000000000000014
    endloop
  endfacet
  facet normal 0 0 -1
    outer loop
      vertex -2.1558334160619284 -20 -3.6000000000000014
      vertex -2.1558334160619284 -2.1558334160619284 -3.6000000000000014
      vertex 2.1558334160619284 -2.1558334160619284 -3.6000000000000014
    endloop
  endfacet
  facet normal 0 0 -1
    outer loop
      vertex -2.1558334160619284 -2.1558334160619284 -3.6000000000000014
      vertex -2.1558334160619284 2.1558334160619284 -3.6000000000000014
      vertex 2.1558334160619284 -2.1558334160619284 -3.6000000000000014
    endloop
  endfacet
  facet normal 0 0 -1
    outer loop
      vertex -2.1558334160619284 -2.1558334160619284 -3.6000000000000014
      vertex -20 2.1558334160619284 -3.6000000000000014
      vertex -2.1558334160619284 2.1558334160619284 -3.6000000000000014
    endloop
  endfacet
  facet normal 0 0 -1
    outer loop
      vertex -2.1558334160619284 2.1558334160619284 -3.6000000000000014
      vertex -2.1558334160619284 20 -3.6000000000000014
      vertex 2.1558334160619284 20 -3.6000000000000014
    endloop
  endfacet
  facet normal 0 0 -1
    outer loop
      vertex 2.1558334160619284 -20 -3.6000000000000014
      vertex -2.1558334160619284 -20 -3.6000000000000014
      vertex 2.1558334160619284 -2.1558334160619284 -3.6000000000000014
    endloop
  endfacet
  facet normal 0 0 -1
    outer loop
      vertex 20 -2.1558334160619284 -3.6000000000000014
      vertex 2.1558334160619284 -2.1558334160619284 -3.6000000000000014
      vertex 2.1558334160619284 2.1558334160619284 -3.6000000000000014
    endloop
  endfacet
  facet normal 0 0 -1
    outer loop
      vertex 2.1558334160619284 2.1558334160619284 -3.6000000000000014
      vertex 2.1558334160619284 -2.1558334160619284 -3.6000000000000014
      vertex -2.1558334160619284 2.1558334160619284 -3.6000000000000014
    endloop
  endfacet
  facet normal 0 0 -1
    outer loop
      vertex 2.1558334160619284 20 -3.6000000000000014
      vertex 2.1558334160619284 2.1558334160619284 -3.6000000000000014
      vertex -2.1558334160619284 2.1558334160619284 -3.6000000000000014
    endloop
  endfacet
  facet normal 0 0 -1
    outer loop
      vertex 20 -2.1558334160619284 -3.6000000000000014
      vertex 2.1558334160619284 2.1558334160619284 -3.6000000000000014
      vertex 20 2.1558334160619284 -3.6000000000000014
    endloop
  endfacet
endsolid OpenSCAD_Model
