solid OpenSCAD_Model
  facet normal -0.7863779155172934 -0.19509032201612783 -0.5861309923919054
    outer loop
      vertex -0.99618064528725 -0.4764206016031882 -4.7188522665083985
      vertex 6.341736363959483 -0.4764206016031882 -14.56370940061484
      vertex -0.7922668240574877 -0.7486181131089769 -4.901832226456435
    endloop
  endfacet
  facet normal -0.800067288646596 -0.06540312923014296 -0.5963344399953684
    outer loop
      vertex -1.1137768724233303 -0.27478989624470684 -4.583194135609341
      vertex -1.3085799833275737 0 -4.351975764812376
      vertex 6.302790392018467 0 -14.56370940061484
    endloop
  endfacet
  facet normal -0.8000672886465962 -0.06540312923014162 -0.5963344399953685
    outer loop
      vertex -1.1137768724233303 -0.27478989624470684 -4.583194135609341
      vertex 6.341736363959483 -0.4764206016031882 -14.56370940061484
      vertex -0.99618064528725 -0.4764206016031882 -4.7188522665083985
    endloop
  endfacet
  facet normal -0.7863779155172934 0.19509032201612866 -0.5861309923919054
    outer loop
      vertex -0.9961806452872497 0.4764206016031882 -4.7188522665083985
      vertex -0.7922668240574872 0.7486181131089766 -4.901832226456435
      vertex 6.341736363959482 0.4764206016031882 -14.56370940061484
    endloop
  endfacet
  facet normal -0.800067288646596 0.06540312923014159 -0.5963344399953685
    outer loop
      vertex -1.1137768724233301 0.27478989624470734 -4.583194135609342
      vertex 6.302790392018467 0 -14.56370940061484
      vertex -1.3085799833275737 0 -4.351975764812376
    endloop
  endfacet
  facet normal -0.8000672886465958 0.06540312923014478 -0.5963344399953685
    outer loop
      vertex -1.1137768724233301 0.27478989624470734 -4.583194135609342
      vertex -0.9961806452872497 0.4764206016031882 -4.7188522665083985
      vertex 6.302790392018467 0 -14.56370940061484
    endloop
  endfacet
  facet normal -0.800067288646596 -0.06540312923014208 -0.5963344399953685
    outer loop
      vertex -1.1137768724233303 -0.27478989624470684 -4.583194135609341
      vertex 6.302790392018467 0 -14.56370940061484
      vertex 6.341736363959483 -0.4764206016031882 -14.56370940061484
    endloop
  endfacet
  facet normal -0.7863779155172939 -0.19509032201612556 -0.5861309923919056
    outer loop
      vertex -0.7922668240574877 -0.7486181131089769 -4.901832226456435
      vertex 6.341736363959483 -0.4764206016031882 -14.56370940061484
      vertex 6.457907903404758 -0.9446895146242007 -14.56370940061484
    endloop
  endfacet
  facet normal -0.6666590064133402 -0.5555702330196038 -0.4968978620909142
    outer loop
      vertex 0.23157468923147081 -2.059292792190634 -5.3380882632096815
      vertex 6.912689435506471 -1.825 -14.56370940061484
      vertex 7.243517990059386 -2.2219792158818303 -14.56370940061484
    endloop
  endfacet
  facet normal -0.7190981869964371 -0.44228869021900274 -0.5359836862841967
    outer loop
      vertex -0.11373907543688264 -1.6484431568813291 -5.282451340552207
      vertex 6.64931728310555 -1.3967945281325778 -14.56370940061484
      vertex 6.912689435506471 -1.825 -14.56370940061484
    endloop
  endfacet
  facet normal -0.7592333982283421 -0.32143946530316103 -0.5658986810024047
    outer loop
      vertex -0.4569885757109221 -1.2090755880022728 -5.136218845510019
      vertex 6.457907903404758 -0.9446895146242007 -14.56370940061484
      vertex 6.64931728310555 -1.3967945281325778 -14.56370940061484
    endloop
  endfacet
  facet normal -0.6028131053977163 -0.6593458151000694 -0.4493099777111423
    outer loop
      vertex 0.5730244662579385 -2.4346472284930822 -5.302213137083746
      vertex 7.243517990059386 -2.2219792158818303 -14.56370940061484
      vertex 7.63614237847289 -2.5809397513308987 -14.56370940061484
    endloop
  endfacet
  facet normal -0.528652905017369 -0.7518398074789778 -0.39403427504047184
    outer loop
      vertex 0.9047565261411853 -2.7681142859372394 -5.175460240535017
      vertex 7.63614237847289 -2.5809397513308987 -14.56370940061484
      vertex 8.083844688605181 -2.895739692063008 -14.56370940061484
    endloop
  endfacet
  facet normal -0.44544730686189926 -0.8314696123025452 -0.33201653667691905
    outer loop
      vertex 1.2210891063036489 -3.054003424224962 -4.960008609913836
      vertex 8.083844688605181 -2.895739692063008 -14.56370940061484
      vertex 8.578964609803366 -3.1609927238132007 -14.56370940061484
    endloop
  endfacet
  facet normal -0.35461998178469706 -0.8968727415326881 -0.2643179033184496
    outer loop
      vertex 1.3362278331046804 -3.1609927238132007 -4.846550057345467
      vertex 8.578964609803366 -3.1609927238132007 -14.56370940061484
      vertex 9.113030502942568 -3.3721602936661963 -14.56370940061484
    endloop
  endfacet
  facet normal -0.1564202928306252 -0.9807852804032305 -0.11658870329126193
    outer loop
      vertex 1.8793204177047322 -3.525629265955099 -4.10214384560435
      vertex 9.676904352520136 -3.525629265955099 -14.56370940061484
      vertex 10.260938120634433 -3.618773744014408 -14.56370940061484
    endloop
  endfacet
  facet normal -0.0524391805830969 -0.9978589232386035 -0.03908582419328255
    outer loop
      vertex 2.104553318602792 -3.618773744014408 -3.620761557839836
      vertex 10.260938120634433 -3.618773744014408 -14.56370940061484
      vertex 10.855138827588267 -3.65 -14.56370940061484
    endloop
  endfacet
  facet normal 0.052439180583096726 -0.9978589232386036 0.039085824193282416
    outer loop
      vertex 2.3966717504765196 -3.6309830215565833 -2.729972906831632
      vertex 10.855138827588267 -3.65 -14.56370940061484
      vertex 11.449339534542101 -3.618773744014408 -14.56370940061484
    endloop
  endfacet
  facet normal -0.25772501049992463 -0.9469301294951055 -0.19209671735143355
    outer loop
      vertex 1.62173518485749 -3.3721602936661963 -4.5130734963095
      vertex 9.113030502942568 -3.3721602936661963 -14.56370940061484
      vertex 9.676904352520136 -3.525629265955099 -14.56370940061484
    endloop
  endfacet
  facet normal -0.7190981869964371 -0.44228869021900274 -0.5359836862841967
    outer loop
      vertex -0.11373907543688264 -1.6484431568813291 -5.282451340552207
      vertex 6.912689435506471 -1.825 -14.56370940061484
      vertex 0.018137932796004674 -1.825 -5.313690020129754
    endloop
  endfacet
  facet normal -0.6666590064133413 -0.555570233019602 -0.496897862090915
    outer loop
      vertex 0.018137932796004674 -1.825 -5.313690020129754
      vertex 6.912689435506471 -1.825 -14.56370940061484
      vertex 0.23157468923147081 -2.059292792190634 -5.3380882632096815
    endloop
  endfacet
  facet normal -0.719098186996437 -0.44228869021900313 -0.5359836862841966
    outer loop
      vertex -0.3272186785992049 -1.3967945281325778 -5.203696232383356
      vertex 6.64931728310555 -1.3967945281325778 -14.56370940061484
      vertex -0.11373907543688264 -1.6484431568813291 -5.282451340552207
    endloop
  endfacet
  facet normal -0.7863779155172933 -0.19509032201612994 -0.5861309923919051
    outer loop
      vertex -0.6672358351150793 -0.9446895146242007 -5.00431780797244
      vertex -0.7922668240574877 -0.7486181131089769 -4.901832226456435
      vertex 6.457907903404758 -0.9446895146242007 -14.56370940061484
    endloop
  endfacet
  facet normal -0.7592333982283428 -0.3214394653031591 -0.5658986810024051
    outer loop
      vertex -0.3272186785992049 -1.3967945281325778 -5.203696232383356
      vertex -0.4569885757109221 -1.2090755880022728 -5.136218845510019
      vertex 6.64931728310555 -1.3967945281325778 -14.56370940061484
    endloop
  endfacet
  facet normal -0.7592333982283422 -0.321439465303161 -0.5658986810024047
    outer loop
      vertex -0.6672358351150793 -0.9446895146242007 -5.00431780797244
      vertex 6.457907903404758 -0.9446895146242007 -14.56370940061484
      vertex -0.4569885757109221 -1.2090755880022728 -5.136218845510019
    endloop
  endfacet
  facet normal -0.6666590064133407 -0.555570233019603 -0.4968978620909145
    outer loop
      vertex 0.23157468923147081 -2.059292792190634 -5.3380882632096815
      vertex 7.243517990059386 -2.2219792158818303 -14.56370940061484
      vertex 0.3629740189706484 -2.2219792158818303 -5.332483111880946
    endloop
  endfacet
  facet normal -0.6028131053977168 -0.6593458151000684 -0.4493099777111427
    outer loop
      vertex 0.3629740189706484 -2.2219792158818303 -5.332483111880946
      vertex 7.243517990059386 -2.2219792158818303 -14.56370940061484
      vertex 0.5730244662579385 -2.4346472284930822 -5.302213137083746
    endloop
  endfacet
  facet normal -0.5286529050173687 -0.751839807478978 -0.3940342750404718
    outer loop
      vertex 0.7014180977954882 -2.5809397513308987 -5.259792536788602
      vertex 7.63614237847289 -2.5809397513308987 -14.56370940061484
      vertex 0.9047565261411853 -2.7681142859372394 -5.175460240535017
    endloop
  endfacet
  facet normal -0.6028131053977177 -0.6593458151000672 -0.44930997771114356
    outer loop
      vertex 0.5730244662579385 -2.4346472284930822 -5.302213137083746
      vertex 7.63614237847289 -2.5809397513308987 -14.56370940061484
      vertex 0.7014180977954882 -2.5809397513308987 -5.259792536788602
    endloop
  endfacet
  facet normal -0.528652905017369 -0.7518398074789777 -0.39403427504047184
    outer loop
      vertex 1.027694942523732 -2.895739692063008 -5.096883041104902
      vertex 0.9047565261411853 -2.7681142859372394 -5.175460240535017
      vertex 8.083844688605181 -2.895739692063008 -14.56370940061484
    endloop
  endfacet
  facet normal -0.44544730686189893 -0.8314696123025456 -0.3320165366769188
    outer loop
      vertex 1.027694942523732 -2.895739692063008 -5.096883041104902
      vertex 8.083844688605181 -2.895739692063008 -14.56370940061484
      vertex 1.2210891063036489 -3.054003424224962 -4.960008609913836
    endloop
  endfacet
  facet normal -0.44544730686189943 -0.8314696123025452 -0.33201653667691916
    outer loop
      vertex 1.2210891063036489 -3.054003424224962 -4.960008609913836
      vertex 8.578964609803366 -3.1609927238132007 -14.56370940061484
      vertex 1.3362278331046804 -3.1609927238132007 -4.846550057345467
    endloop
  endfacet
  facet normal -0.35461998178469517 -0.8968727415326891 -0.2643179033184481
    outer loop
      vertex 1.3362278331046804 -3.1609927238132007 -4.846550057345467
      vertex 9.113030502942568 -3.3721602936661963 -14.56370940061484
      vertex 1.5166084179201667 -3.2874263099037915 -4.659546919621019
    endloop
  endfacet
  facet normal -0.35461998178469734 -0.8968727415326877 -0.2643179033184497
    outer loop
      vertex 1.5166084179201667 -3.2874263099037915 -4.659546919621019
      vertex 9.113030502942568 -3.3721602936661963 -14.56370940061484
      vertex 1.62173518485749 -3.3721602936661963 -4.5130734963095
    endloop
  endfacet
  facet normal -0.2577250104999245 -0.9469301294951055 -0.1920967173514335
    outer loop
      vertex 1.62173518485749 -3.3721602936661963 -4.5130734963095
      vertex 9.676904352520136 -3.525629265955099 -14.56370940061484
      vertex 1.786261027276675 -3.464381118726834 -4.279210815201656
    endloop
  endfacet
  facet normal -0.15642029283062545 -0.9807852804032304 -0.11658870329126213
    outer loop
      vertex 1.8793204177047322 -3.525629265955099 -4.10214384560435
      vertex 10.260938120634433 -3.618773744014408 -14.56370940061484
      vertex 2.025440926151985 -3.5818194080137213 -3.825493959256388
    endloop
  endfacet
  facet normal -0.15642029283062553 -0.9807852804032304 -0.11658870329126222
    outer loop
      vertex 2.025440926151985 -3.5818194080137213 -3.825493959256388
      vertex 10.260938120634433 -3.618773744014408 -14.56370940061484
      vertex 2.104553318602792 -3.618773744014408 -3.620761557839836
    endloop
  endfacet
  facet normal -0.2577250104999249 -0.9469301294951054 -0.19209671735143383
    outer loop
      vertex 1.786261027276675 -3.464381118726834 -4.279210815201656
      vertex 9.676904352520136 -3.525629265955099 -14.56370940061484
      vertex 1.8793204177047322 -3.525629265955099 -4.10214384560435
    endloop
  endfacet
  facet normal -0.05243918058309738 -0.9978589232386034 -0.039085824193282936
    outer loop
      vertex 2.104553318602792 -3.618773744014408 -3.620761557839836
      vertex 10.855138827588267 -3.65 -14.56370940061484
      vertex 2.2300700596984475 -3.637693731480106 -3.306133850186029
    endloop
  endfacet
  facet normal -0.052439180583095636 -0.9978589232386035 -0.0390858241932816
    outer loop
      vertex 2.2300700596984475 -3.637693731480106 -3.306133850186029
      vertex 10.855138827588267 -3.65 -14.56370940061484
      vertex 2.293540414620757 -3.65 -3.077109987042289
    endloop
  endfacet
  facet normal 0.05243918058309683 -0.9978589232386034 0.03908582419328248
    outer loop
      vertex 2.293540414620757 -3.65 -3.077109987042289
      vertex 10.855138827588267 -3.65 -14.56370940061484
      vertex 2.3966717504765196 -3.6309830215565833 -2.729972906831632
    endloop
  endfacet
  facet normal 0.052439180583096455 -0.9978589232386035 0.03908582419328221
    outer loop
      vertex 2.3966717504765196 -3.6309830215565833 -2.729972906831632
      vertex 11.449339534542101 -3.618773744014408 -14.56370940061484
      vertex 2.442980297339299 -3.618773744014408 -2.480400216691075
    endloop
  endfacet
  facet normal 0.15642029283062536 -0.9807852804032305 0.11658870329126207
    outer loop
      vertex 2.442980297339299 -3.618773744014408 -2.480400216691075
      vertex 12.033373302656395 -3.525629265955099 -14.56370940061484
      vertex 2.522437845780711 -3.561689792637854 -2.1067934689279477
    endloop
  endfacet
  facet normal 0.1564202928306258 -0.9807852804032303 0.11658870329126238
    outer loop
      vertex 2.522437845780711 -3.561689792637854 -2.1067934689279477
      vertex 12.033373302656395 -3.525629265955099 -14.56370940061484
      vertex 2.550195520406093 -3.525629265955099 -1.8406804639370133
    endloop
  endfacet
  facet normal 0.25772501049992425 -0.9469301294951056 0.19209671735143327
    outer loop
      vertex 2.550195520406093 -3.525629265955099 -1.8406804639370133
      vertex 12.597247152233964 -3.3721602936661963 -14.56370940061484
      vertex 2.6052940588711966 -3.430794345284402 -1.4471194840864232
    endloop
  endfacet
  facet normal 0.2577250104999249 -0.9469301294951054 0.1920967173514338
    outer loop
      vertex 2.6052940588711966 -3.430794345284402 -1.4471194840864232
      vertex 12.597247152233964 -3.3721602936661963 -14.56370940061484
      vertex 2.613118921840107 -3.3721602936661963 -1.168584338152926
    endloop
  endfacet
  facet normal 0.35461998178469717 -0.8968727415326881 0.2643179033184496
    outer loop
      vertex 2.613118921840107 -3.3721602936661963 -1.168584338152926
      vertex 13.131313045373163 -3.1609927238132007 -14.56370940061484
      vertex 2.643979805497839 -3.240120667669412 -0.761957113856916
    endloop
  endfacet
  facet normal 0.15642029283062592 -0.9807852804032304 0.1165887032912625
    outer loop
      vertex 2.442980297339299 -3.618773744014408 -2.480400216691075
      vertex 11.449339534542101 -3.618773744014408 -14.56370940061484
      vertex 12.033373302656395 -3.525629265955099 -14.56370940061484
    endloop
  endfacet
  facet normal 0.25772501049992447 -0.9469301294951055 0.1920967173514335
    outer loop
      vertex 2.550195520406093 -3.525629265955099 -1.8406804639370133
      vertex 12.033373302656395 -3.525629265955099 -14.56370940061484
      vertex 12.597247152233964 -3.3721602936661963 -14.56370940061484
    endloop
  endfacet
  facet normal 0.35461998178469833 -0.8968727415326873 0.2643179033184505
    outer loop
      vertex 2.613118921840107 -3.3721602936661963 -1.168584338152926
      vertex 12.597247152233964 -3.3721602936661963 -14.56370940061484
      vertex 13.131313045373163 -3.1609927238132007 -14.56370940061484
    endloop
  endfacet
  facet normal 0.44544730686189726 -0.831469612302547 0.3320165366769175
    outer loop
      vertex 2.6301593402257692 -3.1609927238132007 -0.47492128265256556
      vertex 13.131313045373163 -3.1609927238132007 -14.56370940061484
      vertex 13.626432966571352 -2.895739692063008 -14.56370940061484
    endloop
  endfacet
  facet normal 0.5286529050173684 -0.7518398074789784 0.3940342750404715
    outer loop
      vertex 2.59960193670094 -2.895739692063008 0.2303494575337721
      vertex 13.626432966571352 -2.895739692063008 -14.56370940061484
      vertex 14.074135276703643 -2.5809397513308987 -14.56370940061484
    endloop
  endfacet
  facet normal 0.6028131053977179 -0.659345815100067 0.44930997771114356
    outer loop
      vertex 2.5159071245386824 -2.5809397513308987 0.9432941179697943
      vertex 14.074135276703643 -2.5809397513308987 -14.56370940061484
      vertex 14.466759665117145 -2.2219792158818303 -14.56370940061484
    endloop
  endfacet
  facet normal 0.6666590064133424 -0.5555702330195995 0.4968978620909159
    outer loop
      vertex 2.321757665438244 -2.2219792158818303 1.7305345148733444
      vertex 14.466759665117145 -2.2219792158818303 -14.56370940061484
      vertex 14.797588219670057 -1.825 -14.56370940061484
    endloop
  endfacet
  facet normal 0.7190981869964368 -0.44228869021900363 0.5359836862841965
    outer loop
      vertex 2.534433294202372 -1.825 1.8890534341935674
      vertex 14.797588219670057 -1.825 -14.56370940061484
      vertex 15.06096037207098 -1.3967945281325778 -14.56370940061484
    endloop
  endfacet
  facet normal 0.7592333982283412 -0.3214394653031642 0.5658986810024041
    outer loop
      vertex 2.7037440666250374 -1.3967945281325778 2.0152501255101796
      vertex 15.06096037207098 -1.3967945281325778 -14.56370940061484
      vertex 15.252369751771774 -0.9446895146242007 -14.56370940061484
    endloop
  endfacet
  facet normal 0.7863779155172937 -0.19509032201612586 0.5861309923919056
    outer loop
      vertex 2.826793028448273 -0.9446895146242007 2.1069653284464205
      vertex 15.252369751771774 -0.9446895146242007 -14.56370940061484
      vertex 15.36854129121705 -0.4764206016031882 -14.56370940061484
    endloop
  endfacet
  facet normal 0.800067288646596 -0.06540312923014084 0.5963344399953685
    outer loop
      vertex 2.901474777819666 -0.4764206016031882 2.162629770451793
      vertex 15.36854129121705 -0.4764206016031882 -14.56370940061484
      vertex 15.407487263158066 0 -14.56370940061484
    endloop
  endfacet
  facet normal 0.3546199817846962 -0.8968727415326886 0.2643179033184489
    outer loop
      vertex 2.643979805497839 -3.240120667669412 -0.761957113856916
      vertex 13.131313045373163 -3.1609927238132007 -14.56370940061484
      vertex 2.6301593402257692 -3.1609927238132007 -0.47492128265256556
    endloop
  endfacet
  facet normal 0.44544730686189915 -0.8314696123025455 0.33201653667691905
    outer loop
      vertex 2.6301593402257692 -3.1609927238132007 -0.47492128265256556
      vertex 13.626432966571352 -2.895739692063008 -14.56370940061484
      vertex 2.638208083652204 -2.991939291406452 -0.062358998286539985
    endloop
  endfacet
  facet normal 0.4454473068618987 -0.8314696123025459 0.33201653667691866
    outer loop
      vertex 2.638208083652204 -2.991939291406452 -0.062358998286539985
      vertex 13.626432966571352 -2.895739692063008 -14.56370940061484
      vertex 2.59960193670094 -2.895739692063008 0.2303494575337721
    endloop
  endfacet
  facet normal 0.5286529050173691 -0.7518398074789777 0.39403427504047195
    outer loop
      vertex 2.59960193670094 -2.895739692063008 0.2303494575337721
      vertex 14.074135276703643 -2.5809397513308987 -14.56370940061484
      vertex 2.5892656378523773 -2.687353552431513 0.6418296758437092
    endloop
  endfacet
  facet normal 0.5286529050173686 -0.7518398074789783 0.39403427504047156
    outer loop
      vertex 2.5892656378523773 -2.687353552431513 0.6418296758437092
      vertex 14.074135276703643 -2.5809397513308987 -14.56370940061484
      vertex 2.5159071245386824 -2.5809397513308987 0.9432941179697943
    endloop
  endfacet
  facet normal 0.602813105397717 -0.6593458151000682 0.44930997771114295
    outer loop
      vertex 2.5159071245386824 -2.5809397513308987 0.9432941179697943
      vertex 14.466759665117145 -2.2219792158818303 -14.56370940061484
      vertex 2.505029140801209 -2.3129509210413643 1.3511521981213814
    endloop
  endfacet
  facet normal 0.6028131053977169 -0.6593458151000684 0.44930997771114267
    outer loop
      vertex 2.505029140801209 -2.3129509210413643 1.3511521981213814
      vertex 14.466759665117145 -2.2219792158818303 -14.56370940061484
      vertex 2.308293683916431 -2.241127426700662 1.720499064112071
    endloop
  endfacet
  facet normal 0.6028131053977157 -0.6593458151000702 0.44930997771114184
    outer loop
      vertex 2.308293683916431 -2.241127426700662 1.720499064112071
      vertex 14.466759665117145 -2.2219792158818303 -14.56370940061484
      vertex 2.321757665438244 -2.2219792158818303 1.7305345148733444
    endloop
  endfacet
  facet normal 0.6666590064133412 -0.5555702330196021 0.4968978620909149
    outer loop
      vertex 2.321757665438244 -2.2219792158818303 1.7305345148733444
      vertex 14.797588219670057 -1.825 -14.56370940061484
      vertex 2.534433294202372 -1.825 1.8890534341935674
    endloop
  endfacet
  facet normal 0.7190981869964375 -0.44228869021900186 0.535983686284197
    outer loop
      vertex 2.534433294202372 -1.825 1.8890534341935674
      vertex 15.06096037207098 -1.3967945281325778 -14.56370940061484
      vertex 2.623893478155189 -1.5987454047682663 1.9557330615904456
    endloop
  endfacet
  facet normal 0.7190981869964368 -0.44228869021900363 0.5359836862841965
    outer loop
      vertex 2.623893478155189 -1.5987454047682663 1.9557330615904456
      vertex 15.06096037207098 -1.3967945281325778 -14.56370940061484
      vertex 2.688017309346778 -1.5519275171377358 1.9083355209482495
    endloop
  endfacet
  facet normal 0.7190981869964387 -0.4422886902189986 0.535983686284198
    outer loop
      vertex 2.669623582083044 -1.483088967491555 1.9898182395545123
      vertex 2.688017309346778 -1.5519275171377358 1.9083355209482495
      vertex 15.06096037207098 -1.3967945281325778 -14.56370940061484
    endloop
  endfacet
  facet normal 0.7190981869964372 -0.4422886902190026 0.5359836862841969
    outer loop
      vertex 2.669623582083044 -1.483088967491555 1.9898182395545123
      vertex 15.06096037207098 -1.3967945281325778 -14.56370940061484
      vertex 2.7037440666250374 -1.3967945281325778 2.0152501255101796
    endloop
  endfacet
  facet normal 0.7592333982283425 -0.32143946530316 0.5658986810024051
    outer loop
      vertex 2.7037440666250374 -1.3967945281325778 2.0152501255101796
      vertex 15.252369751771774 -0.9446895146242007 -14.56370940061484
      vertex 2.734447751747153 -1.3021236332440986 2.0278313505215477
    endloop
  endfacet
  facet normal 0.7592333982283419 -0.3214394653031619 0.5658986810024046
    outer loop
      vertex 2.84808006395571 -1.1797133892148872 1.9449084444721023
      vertex 2.734447751747153 -1.3021236332440986 2.0278313505215477
      vertex 15.252369751771774 -0.9446895146242007 -14.56370940061484
    endloop
  endfacet
  facet normal 0.7592333982283421 -0.3214394653031612 0.5658986810024048
    outer loop
      vertex 2.84808006395571 -1.1797133892148872 1.9449084444721023
      vertex 15.252369751771774 -0.9446895146242007 -14.56370940061484
      vertex 2.8435669660869607 -1.0443862958668009 2.0278313505215477
    endloop
  endfacet
  facet normal 0.7592333982283419 -0.32143946530316214 0.5658986810024046
    outer loop
      vertex 2.8435669660869607 -1.0443862958668009 2.0278313505215477
      vertex 15.252369751771774 -0.9446895146242007 -14.56370940061484
      vertex 2.826793028448273 -0.9446895146242007 2.1069653284464205
    endloop
  endfacet
  facet normal 0.7863779155172936 -0.1950903220161276 0.5861309923919055
    outer loop
      vertex 2.826793028448273 -0.9446895146242007 2.1069653284464205
      vertex 15.36854129121705 -0.4764206016031882 -14.56370940061484
      vertex 2.908493368792802 -0.8531192812085081 2.0278313505215477
    endloop
  endfacet
  facet normal 0.7863779155172933 -0.19509032201613002 0.5861309923919052
    outer loop
      vertex 2.954337200160091 -0.7916122669521204 1.9867975992874478
      vertex 2.908493368792802 -0.8531192812085081 2.0278313505215477
      vertex 15.36854129121705 -0.4764206016031882 -14.56370940061484
    endloop
  endfacet
  facet normal 0.7863779155172939 -0.19509032201612542 0.5861309923919058
    outer loop
      vertex 2.954337200160091 -0.7916122669521204 1.9867975992874478
      vertex 15.36854129121705 -0.4764206016031882 -14.56370940061484
      vertex 2.956451471573807 -0.659807831889288 2.0278313505215477
    endloop
  endfacet
  facet normal 0.8000672886465962 -0.06540312923014001 0.5963344399953685
    outer loop
      vertex 3.0102365671340716 -0.39630516239210906 2.0254970744738245
      vertex 15.407487263158066 0 -14.56370940061484
      vertex 3.0104752011568734 -0.3721024599534315 2.0278313505215477
    endloop
  endfacet
  facet normal 0.8000672886465949 -0.06540312923017139 0.5963344399953668
    outer loop
      vertex 3.0102365671340716 -0.39630516239210906 2.0254970744738245
      vertex 3.0082394509619275 -0.39945207789399134 2.0278313505215477
      vertex 15.407487263158066 0 -14.56370940061484
    endloop
  endfacet
  facet normal 0.7863779155172933 -0.19509032201612936 0.5861309923919052
    outer loop
      vertex 2.901474777819666 -0.4764206016031882 2.162629770451793
      vertex 2.956451471573807 -0.659807831889288 2.0278313505215477
      vertex 15.36854129121705 -0.4764206016031882 -14.56370940061484
    endloop
  endfacet
  facet normal 0.800067288646596 -0.06540312923014373 0.5963344399953684
    outer loop
      vertex 2.901474777819666 -0.4764206016031882 2.162629770451793
      vertex 15.407487263158066 0 -14.56370940061484
      vertex 3.0082394509619275 -0.39945207789399134 2.0278313505215477
    endloop
  endfacet
  facet normal 0.800067288646596 -0.06540312923014306 0.5963344399953685
    outer loop
      vertex 3.0104752011568734 -0.3721024599534315 2.0278313505215477
      vertex 15.407487263158066 0 -14.56370940061484
      vertex 2.926511489301779 0 2.1812910174904863
    endloop
  endfacet
  facet normal -0.5976139773946785 1.9126118316383828e-14 0.801783969671702
    outer loop
      vertex 2.308293683916431 -2.241127426700662 1.720499064112071
      vertex 2.321757665438244 -2.2219792158818303 1.7305345148733444
      vertex 2.385203789304798 -2.1035509065855926 1.7778244232132303
    endloop
  endfacet
  facet normal -0.5976139773946554 9.024846085933498e-16 0.8017839696717192
    outer loop
      vertex 2.385203789304798 -2.1035509065855926 1.7778244232132303
      vertex 2.487357629401953 -1.9086166377954876 1.8539653352242222
      vertex 2.38074486329782 -2.0996185055528445 1.7745009388249982
    endloop
  endfacet
  facet normal -0.5976139757266509 -1.3614415416142383e-9 0.8017839709149753
    outer loop
      vertex 2.321757665438244 -2.2219792158818303 1.7305345148733444
      vertex 2.534433294202372 -1.825 1.8890534341935674
      vertex 2.385203789304798 -2.1035509065855926 1.7778244232132303
    endloop
  endfacet
  facet normal -0.5976139773946048 -4.0610546306329665e-14 0.801783969671757
    outer loop
      vertex 2.385203789304798 -2.1035509065855926 1.7778244232132303
      vertex 2.534433294202372 -1.825 1.8890534341935674
      vertex 2.487357629401953 -1.9086166377954876 1.8539653352242222
    endloop
  endfacet
  facet normal -0.5976139773946456 -4.64822480798016e-15 0.8017839696717267
    outer loop
      vertex 2.487357629401953 -1.9086166377954876 1.8539653352242222
      vertex 2.534433294202372 -1.825 1.8890534341935674
      vertex 2.623893478155189 -1.5987454047682663 1.9557330615904456
    endloop
  endfacet
  facet normal -0.5976139773946548 1.4947195463909914e-15 0.8017839696717197
    outer loop
      vertex 2.669623582083044 -1.483088967491555 1.9898182395545123
      vertex 2.7037440666250374 -1.3967945281325778 2.0152501255101796
      vertex 2.7206235656235798 -1.3301563095984676 2.0278313505215477
    endloop
  endfacet
  facet normal -0.5976139773946463 -1.7441893369480015e-15 0.801783969671726
    outer loop
      vertex 2.7037440666250374 -1.3967945281325778 2.0152501255101796
      vertex 2.7335989934790743 -1.2871019154632752 2.0375026551901785
      vertex 2.7206235656235798 -1.3301563095984676 2.0278313505215477
    endloop
  endfacet
  facet normal 0.7592333982283457 -0.32143946530316053 0.5658986810024006
    outer loop
      vertex 2.7037440666250374 -1.3967945281325778 2.0152501255101796
      vertex 2.734447751747153 -1.3021236332440986 2.0278313505215477
      vertex 2.7335989934790743 -1.2871019154632752 2.0375026551901785
    endloop
  endfacet
  facet normal 0.7592333982283415 -0.32143946530316253 0.565898681002405
    outer loop
      vertex 2.7891783375341848 -1.0828929589430294 2.0789290170509176
      vertex 2.8435669660869607 -1.0443862958668009 2.0278313505215477
      vertex 2.826793028448273 -0.9446895146242007 2.1069653284464205
    endloop
  endfacet
  facet normal -0.597613977394656 1.0214698488477014e-15 0.8017839696717187
    outer loop
      vertex 2.7891783375341848 -1.0828929589430294 2.0789290170509176
      vertex 2.826793028448273 -0.9446895146242007 2.1069653284464205
      vertex 2.8522251705924115 -0.7852250985135427 2.125921311847595
    endloop
  endfacet
  facet normal 0.7863779155172935 -0.19509032201612744 0.5861309923919055
    outer loop
      vertex 2.826793028448273 -0.9446895146242007 2.1069653284464205
      vertex 2.908493368792802 -0.8531192812085081 2.0278313505215477
      vertex 2.8522251705924115 -0.7852250985135427 2.125921311847595
    endloop
  endfacet
  facet normal 0.7863779155172946 -0.1950903220161279 0.5861309923919038
    outer loop
      vertex 2.860298590234525 -0.7346032066591579 2.131938878431615
      vertex 2.956451471573807 -0.659807831889288 2.0278313505215477
      vertex 2.901474777819666 -0.4764206016031882 2.162629770451793
    endloop
  endfacet
  facet normal -0.597613977394652 -8.121444727637099e-16 0.8017839696717217
    outer loop
      vertex 2.860298590234525 -0.7346032066591579 2.131938878431615
      vertex 2.901474777819666 -0.4764206016031882 2.162629770451793
      vertex 2.9045864150241343 -0.3823960559963476 2.1649490459129037
    endloop
  endfacet
  facet normal 0.8000672886465953 -0.06540312923014319 0.5963344399953694
    outer loop
      vertex 2.901474777819666 -0.4764206016031882 2.162629770451793
      vertex 2.996347489802782 -0.3944766306722603 2.044331787657101
      vertex 2.926511489301779 0 2.1812910174904863
    endloop
  endfacet
  facet normal -0.5976139773945554 -5.7836201759709204e-15 0.8017839696717937
    outer loop
      vertex 2.901474777819666 -0.4764206016031882 2.162629770451793
      vertex 2.920530853545146 0 2.1768333185877085
      vertex 2.9045864150241343 -0.3823960559963476 2.1649490459129037
    endloop
  endfacet
  facet normal -0.5976139773946755 1.692608076436153e-15 0.8017839696717043
    outer loop
      vertex 2.901474777819666 -0.4764206016031882 2.162629770451793
      vertex 2.926511489301779 0 2.1812910174904863
      vertex 2.920530853545146 0 2.1768333185877085
    endloop
  endfacet
  facet normal 0.8000672886465983 -0.06540312923015397 0.5963344399953642
    outer loop
      vertex 2.901474777819666 -0.4764206016031882 2.162629770451793
      vertex 3.0082394509619275 -0.39945207789399134 2.0278313505215477
      vertex 2.996347489802782 -0.3944766306722603 2.044331787657101
    endloop
  endfacet
  facet normal 0.8000672886465987 -0.06540312923014106 0.5963344399953651
    outer loop
      vertex 2.996347489802782 -0.3944766306722603 2.044331787657101
      vertex 3.0104752011568734 -0.3721024599534315 2.0278313505215477
      vertex 2.926511489301779 0 2.1812910174904863
    endloop
  endfacet
  facet normal -0.8000672886465963 0.06540312923013859 -0.5963344399953686
    outer loop
      vertex -0.9961806452872497 0.4764206016031882 -4.7188522665083985
      vertex 6.341736363959482 0.4764206016031882 -14.56370940061484
      vertex 6.302790392018467 0 -14.56370940061484
    endloop
  endfacet
  facet normal -0.7863779155172935 0.19509032201612794 -0.5861309923919054
    outer loop
      vertex -0.6672358351150788 0.9446895146242007 -5.00431780797244
      vertex 6.457907903404759 0.9446895146242007 -14.56370940061484
      vertex 6.341736363959482 0.4764206016031882 -14.56370940061484
    endloop
  endfacet
  facet normal -0.7592333982283413 0.32143946530316436 -0.5658986810024041
    outer loop
      vertex -0.3272186785992035 1.3967945281325778 -5.203696232383355
      vertex 6.649317283105552 1.3967945281325778 -14.56370940061484
      vertex 6.457907903404759 0.9446895146242007 -14.56370940061484
    endloop
  endfacet
  facet normal -0.7190981869964383 0.44228869021899964 -0.5359836862841977
    outer loop
      vertex 0.018137932796004758 1.825 -5.313690020129754
      vertex 6.912689435506472 1.825 -14.56370940061484
      vertex 6.649317283105552 1.3967945281325778 -14.56370940061484
    endloop
  endfacet
  facet normal -0.666659006413342 0.5555702330196004 -0.49689786209091547
    outer loop
      vertex 0.2315746892314714 2.0592927921906345 -5.3380882632096815
      vertex 7.243517990059385 2.2219792158818303 -14.56370940061484
      vertex 6.912689435506472 1.825 -14.56370940061484
    endloop
  endfacet
  facet normal -0.6028131053977165 0.6593458151000691 -0.44930997771114234
    outer loop
      vertex 0.7014180977954881 2.5809397513308987 -5.259792536788602
      vertex 7.636142378472889 2.5809397513308987 -14.56370940061484
      vertex 7.243517990059385 2.2219792158818303 -14.56370940061484
    endloop
  endfacet
  facet normal -0.5286529050173701 0.7518398074789767 -0.3940342750404726
    outer loop
      vertex 1.0276949425237325 2.895739692063008 -5.096883041104902
      vertex 8.08384468860518 2.895739692063008 -14.56370940061484
      vertex 7.636142378472889 2.5809397513308987 -14.56370940061484
    endloop
  endfacet
  facet normal -0.44544730686189926 0.8314696123025452 -0.332016536676919
    outer loop
      vertex 1.3362278331046809 3.1609927238132007 -4.846550057345467
      vertex 8.578964609803364 3.1609927238132007 -14.56370940061484
      vertex 8.08384468860518 2.895739692063008 -14.56370940061484
    endloop
  endfacet
  facet normal -0.35461998178469495 0.8968727415326893 -0.26431790331844796
    outer loop
      vertex 1.516608417920167 3.2874263099037915 -4.65954691962102
      vertex 9.11303050294257 3.3721602936661963 -14.56370940061484
      vertex 8.578964609803364 3.1609927238132007 -14.56370940061484
    endloop
  endfacet
  facet normal -0.2577250104999246 0.9469301294951054 -0.19209671735143358
    outer loop
      vertex 1.7862610272766755 3.464381118726834 -4.279210815201657
      vertex 9.676904352520138 3.525629265955099 -14.56370940061484
      vertex 9.11303050294257 3.3721602936661963 -14.56370940061484
    endloop
  endfacet
  facet normal -0.15642029283062608 0.9807852804032302 -0.11658870329126264
    outer loop
      vertex 2.025440926151986 3.581819408013722 -3.825493959256388
      vertex 10.26093812063443 3.618773744014408 -14.56370940061484
      vertex 9.676904352520138 3.525629265955099 -14.56370940061484
    endloop
  endfacet
  facet normal -0.05243918058309669 0.9978589232386035 -0.039085824193282374
    outer loop
      vertex 2.1045533186027923 3.618773744014408 -3.620761557839837
      vertex 10.855138827588267 3.65 -14.56370940061484
      vertex 10.26093812063443 3.618773744014408 -14.56370940061484
    endloop
  endfacet
  facet normal 0.05243918058309673 0.9978589232386036 0.039085824193282416
    outer loop
      vertex 2.3966717504765196 3.6309830215565833 -2.7299729068316325
      vertex 11.449339534542101 3.618773744014408 -14.56370940061484
      vertex 10.855138827588267 3.65 -14.56370940061484
    endloop
  endfacet
  facet normal -0.719098186996439 0.4422886902189979 -0.5359836862841981
    outer loop
      vertex -0.3272186785992035 1.3967945281325778 -5.203696232383355
      vertex -0.11373907543688208 1.6484431568813294 -5.282451340552208
      vertex 6.649317283105552 1.3967945281325778 -14.56370940061484
    endloop
  endfacet
  facet normal -0.7190981869964367 0.44228869021900374 -0.5359836862841966
    outer loop
      vertex -0.11373907543688208 1.6484431568813294 -5.282451340552208
      vertex 0.018137932796004758 1.825 -5.313690020129754
      vertex 6.649317283105552 1.3967945281325778 -14.56370940061484
    endloop
  endfacet
  facet normal -0.7863779155172933 0.19509032201612966 -0.5861309923919051
    outer loop
      vertex -0.7922668240574872 0.7486181131089766 -4.901832226456435
      vertex -0.6672358351150788 0.9446895146242007 -5.00431780797244
      vertex 6.341736363959482 0.4764206016031882 -14.56370940061484
    endloop
  endfacet
  facet normal -0.7592333982283423 0.3214394653031607 -0.5658986810024049
    outer loop
      vertex -0.6672358351150788 0.9446895146242007 -5.00431780797244
      vertex -0.45698857571092166 1.2090755880022728 -5.136218845510019
      vertex 6.457907903404759 0.9446895146242007 -14.56370940061484
    endloop
  endfacet
  facet normal -0.7592333982283411 0.32143946530316475 -0.565898681002404
    outer loop
      vertex -0.45698857571092166 1.2090755880022728 -5.136218845510019
      vertex -0.3272186785992035 1.3967945281325778 -5.203696232383355
      vertex 6.457907903404759 0.9446895146242007 -14.56370940061484
    endloop
  endfacet
  facet normal -0.6666590064133411 0.5555702330196022 -0.4968978620909149
    outer loop
      vertex 0.018137932796004758 1.825 -5.313690020129754
      vertex 0.2315746892314714 2.0592927921906345 -5.3380882632096815
      vertex 6.912689435506472 1.825 -14.56370940061484
    endloop
  endfacet
  facet normal -0.6666590064133423 0.5555702330196 -0.4968978620909157
    outer loop
      vertex 0.2315746892314714 2.0592927921906345 -5.3380882632096815
      vertex 0.36297401897064824 2.2219792158818303 -5.332483111880947
      vertex 7.243517990059385 2.2219792158818303 -14.56370940061484
    endloop
  endfacet
  facet normal -0.6028131053977168 0.6593458151000684 -0.44930997771114267
    outer loop
      vertex 0.36297401897064824 2.2219792158818303 -5.332483111880947
      vertex 0.5730244662579388 2.4346472284930827 -5.302213137083747
      vertex 7.243517990059385 2.2219792158818303 -14.56370940061484
    endloop
  endfacet
  facet normal -0.6028131053977166 0.6593458151000688 -0.4493099777111425
    outer loop
      vertex 0.5730244662579388 2.4346472284930827 -5.302213137083747
      vertex 0.7014180977954881 2.5809397513308987 -5.259792536788602
      vertex 7.243517990059385 2.2219792158818303 -14.56370940061484
    endloop
  endfacet
  facet normal -0.5286529050173687 0.751839807478978 -0.3940342750404717
    outer loop
      vertex 0.7014180977954881 2.5809397513308987 -5.259792536788602
      vertex 0.9047565261411858 2.7681142859372394 -5.175460240535018
      vertex 7.636142378472889 2.5809397513308987 -14.56370940061484
    endloop
  endfacet
  facet normal -0.528652905017368 0.7518398074789788 -0.3940342750404711
    outer loop
      vertex 0.9047565261411858 2.7681142859372394 -5.175460240535018
      vertex 1.0276949425237325 2.895739692063008 -5.096883041104902
      vertex 7.636142378472889 2.5809397513308987 -14.56370940061484
    endloop
  endfacet
  facet normal -0.44544730686189976 0.8314696123025449 -0.3320165366769194
    outer loop
      vertex 1.0276949425237325 2.895739692063008 -5.096883041104902
      vertex 1.2210891063036502 3.054003424224963 -4.960008609913836
      vertex 8.08384468860518 2.895739692063008 -14.56370940061484
    endloop
  endfacet
  facet normal -0.44544730686189826 0.8314696123025462 -0.3320165366769182
    outer loop
      vertex 1.2210891063036502 3.054003424224963 -4.960008609913836
      vertex 1.3362278331046809 3.1609927238132007 -4.846550057345467
      vertex 8.08384468860518 2.895739692063008 -14.56370940061484
    endloop
  endfacet
  facet normal -0.3546199817846958 0.8968727415326888 -0.26431790331844857
    outer loop
      vertex 1.3362278331046809 3.1609927238132007 -4.846550057345467
      vertex 1.516608417920167 3.2874263099037915 -4.65954691962102
      vertex 8.578964609803364 3.1609927238132007 -14.56370940061484
    endloop
  endfacet
  facet normal -0.3546199817846982 0.8968727415326875 -0.26431790331845045
    outer loop
      vertex 1.516608417920167 3.2874263099037915 -4.65954691962102
      vertex 1.6217351848574904 3.3721602936661963 -4.513073496309501
      vertex 9.11303050294257 3.3721602936661963 -14.56370940061484
    endloop
  endfacet
  facet normal -0.257725010499924 0.9469301294951058 -0.19209671735143322
    outer loop
      vertex 1.6217351848574904 3.3721602936661963 -4.513073496309501
      vertex 1.7862610272766755 3.464381118726834 -4.279210815201657
      vertex 9.11303050294257 3.3721602936661963 -14.56370940061484
    endloop
  endfacet
  facet normal -0.25772501049992447 0.9469301294951056 -0.1920967173514335
    outer loop
      vertex 1.7862610272766755 3.464381118726834 -4.279210815201657
      vertex 1.8793204177047331 3.525629265955099 -4.102143845604351
      vertex 9.676904352520138 3.525629265955099 -14.56370940061484
    endloop
  endfacet
  facet normal -0.1564202928306263 0.9807852804032302 -0.1165887032912628
    outer loop
      vertex 1.8793204177047331 3.525629265955099 -4.102143845604351
      vertex 2.025440926151986 3.581819408013722 -3.825493959256388
      vertex 9.676904352520138 3.525629265955099 -14.56370940061484
    endloop
  endfacet
  facet normal -0.1564202928306245 0.9807852804032307 -0.11658870329126142
    outer loop
      vertex 2.025440926151986 3.581819408013722 -3.825493959256388
      vertex 2.1045533186027923 3.618773744014408 -3.620761557839837
      vertex 10.26093812063443 3.618773744014408 -14.56370940061484
    endloop
  endfacet
  facet normal 0.25772501049992413 0.9469301294951057 0.19209671735143316
    outer loop
      vertex 2.5501955204060933 3.525629265955099 -1.8406804639370142
      vertex 2.605294058871197 3.430794345284402 -1.4471194840864239
      vertex 12.033373302656395 3.525629265955099 -14.56370940061484
    endloop
  endfacet
  facet normal 0.2577250104999249 0.9469301294951052 0.1920967173514338
    outer loop
      vertex 2.605294058871197 3.430794345284402 -1.4471194840864239
      vertex 2.6131189218401074 3.3721602936661963 -1.1685843381529266
      vertex 12.597247152233964 3.3721602936661963 -14.56370940061484
    endloop
  endfacet
  facet normal 0.35461998178469706 0.896872741532688 0.2643179033184496
    outer loop
      vertex 2.6131189218401074 3.3721602936661963 -1.1685843381529266
      vertex 2.6439798054978394 3.240120667669412 -0.7619571138569168
      vertex 12.597247152233964 3.3721602936661963 -14.56370940061484
    endloop
  endfacet
  facet normal -0.05243918058309733 0.9978589232386036 -0.039085824193282895
    outer loop
      vertex 2.1045533186027923 3.618773744014408 -3.620761557839837
      vertex 2.2300700596984484 3.637693731480106 -3.30613385018603
      vertex 10.855138827588267 3.65 -14.56370940061484
    endloop
  endfacet
  facet normal -0.05243918058309564 0.9978589232386035 -0.039085824193281604
    outer loop
      vertex 2.2300700596984484 3.637693731480106 -3.30613385018603
      vertex 2.293540414620758 3.65 -3.0771099870422898
      vertex 10.855138827588267 3.65 -14.56370940061484
    endloop
  endfacet
  facet normal 0.052439180583096906 0.9978589232386036 0.03908582419328255
    outer loop
      vertex 2.293540414620758 3.65 -3.0771099870422898
      vertex 2.3966717504765196 3.6309830215565833 -2.7299729068316325
      vertex 10.855138827588267 3.65 -14.56370940061484
    endloop
  endfacet
  facet normal 0.05243918058309635 0.9978589232386035 0.03908582419328213
    outer loop
      vertex 2.3966717504765196 3.6309830215565833 -2.7299729068316325
      vertex 2.4429802973392993 3.618773744014408 -2.4804002166910752
      vertex 11.449339534542101 3.618773744014408 -14.56370940061484
    endloop
  endfacet
  facet normal 0.1564202928306257 0.9807852804032303 0.11658870329126231
    outer loop
      vertex 2.4429802973392993 3.618773744014408 -2.4804002166910752
      vertex 2.522437845780711 3.561689792637854 -2.1067934689279486
      vertex 11.449339534542101 3.618773744014408 -14.56370940061484
    endloop
  endfacet
  facet normal 0.1564202928306255 0.9807852804032305 0.11658870329126217
    outer loop
      vertex 2.522437845780711 3.561689792637854 -2.1067934689279486
      vertex 2.5501955204060933 3.525629265955099 -1.8406804639370142
      vertex 12.033373302656395 3.525629265955099 -14.56370940061484
    endloop
  endfacet
  facet normal 0.2577250104999244 0.9469301294951056 0.1920967173514334
    outer loop
      vertex 2.605294058871197 3.430794345284402 -1.4471194840864239
      vertex 12.597247152233964 3.3721602936661963 -14.56370940061484
      vertex 12.033373302656395 3.525629265955099 -14.56370940061484
    endloop
  endfacet
  facet normal 0.15642029283062572 0.9807852804032304 0.11658870329126235
    outer loop
      vertex 2.522437845780711 3.561689792637854 -2.1067934689279486
      vertex 12.033373302656395 3.525629265955099 -14.56370940061484
      vertex 11.449339534542101 3.618773744014408 -14.56370940061484
    endloop
  endfacet
  facet normal 0.35461998178469695 0.896872741532688 0.2643179033184495
    outer loop
      vertex 2.6439798054978394 3.240120667669412 -0.7619571138569168
      vertex 13.131313045373165 3.1609927238132007 -14.56370940061484
      vertex 12.597247152233964 3.3721602936661963 -14.56370940061484
    endloop
  endfacet
  facet normal 0.44544730686189843 0.831469612302546 0.33201653667691844
    outer loop
      vertex 2.6382080836522035 2.991939291406453 -0.06235899828654122
      vertex 13.626432966571352 2.895739692063008 -14.56370940061484
      vertex 13.131313045373165 3.1609927238132007 -14.56370940061484
    endloop
  endfacet
  facet normal 0.5286529050173687 0.751839807478978 0.3940342750404717
    outer loop
      vertex 2.589265637852377 2.6873535524315137 0.6418296758437079
      vertex 14.074135276703643 2.5809397513308987 -14.56370940061484
      vertex 13.626432966571352 2.895739692063008 -14.56370940061484
    endloop
  endfacet
  facet normal 0.7190981869964368 0.4422886902190035 0.5359836862841965
    outer loop
      vertex 2.7037440666250374 1.3967945281325778 2.0152501255101796
      vertex 15.06096037207098 1.3967945281325778 -14.56370940061484
      vertex 14.797588219670057 1.825 -14.56370940061484
    endloop
  endfacet
  facet normal 0.7592333982283411 0.3214394653031645 0.565898681002404
    outer loop
      vertex 2.8435669660869607 1.0443862958668009 2.0278313505215477
      vertex 15.252369751771774 0.9446895146242007 -14.56370940061484
      vertex 15.06096037207098 1.3967945281325778 -14.56370940061484
    endloop
  endfacet
  facet normal 0.602813105397717 0.6593458151000682 0.44930997771114284
    outer loop
      vertex 2.321757665438244 2.2219792158818303 1.7305345148733444
      vertex 14.466759665117145 2.2219792158818303 -14.56370940061484
      vertex 14.074135276703643 2.5809397513308987 -14.56370940061484
    endloop
  endfacet
  facet normal 0.6666590064133421 0.5555702330196003 0.4968978620909155
    outer loop
      vertex 2.534433294202372 1.825 1.8890534341935674
      vertex 14.797588219670057 1.825 -14.56370940061484
      vertex 14.466759665117145 2.2219792158818303 -14.56370940061484
    endloop
  endfacet
  facet normal 0.8000672886465962 0.06540312923014165 0.5963344399953685
    outer loop
      vertex 3.0104752011568734 0.3721024599534315 2.0278313505215477
      vertex 15.407487263158066 0 -14.56370940061484
      vertex 15.36854129121705 0.4764206016031882 -14.56370940061484
    endloop
  endfacet
  facet normal 0.7863779155172936 0.19509032201612714 0.5861309923919056
    outer loop
      vertex 2.956451471573807 0.659807831889288 2.0278313505215477
      vertex 15.36854129121705 0.4764206016031882 -14.56370940061484
      vertex 15.252369751771774 0.9446895146242007 -14.56370940061484
    endloop
  endfacet
  facet normal 0.3546199817846964 0.8968727415326884 0.26431790331844907
    outer loop
      vertex 2.630159340225769 3.1609927238132007 -0.47492128265256534
      vertex 13.131313045373165 3.1609927238132007 -14.56370940061484
      vertex 2.6439798054978394 3.240120667669412 -0.7619571138569168
    endloop
  endfacet
  facet normal 0.44544730686189865 0.8314696123025458 0.33201653667691855
    outer loop
      vertex 2.630159340225769 3.1609927238132007 -0.47492128265256534
      vertex 2.6382080836522035 2.991939291406453 -0.06235899828654122
      vertex 13.131313045373165 3.1609927238132007 -14.56370940061484
    endloop
  endfacet
  facet normal 0.4454473068618994 0.8314696123025453 0.3320165366769191
    outer loop
      vertex 2.6382080836522035 2.991939291406453 -0.06235899828654122
      vertex 2.5996019367009398 2.895739692063008 0.23034945753377264
      vertex 13.626432966571352 2.895739692063008 -14.56370940061484
    endloop
  endfacet
  facet normal 0.5286529050173693 0.7518398074789775 0.3940342750404721
    outer loop
      vertex 2.5996019367009398 2.895739692063008 0.23034945753377264
      vertex 2.589265637852377 2.6873535524315137 0.6418296758437079
      vertex 13.626432966571352 2.895739692063008 -14.56370940061484
    endloop
  endfacet
  facet normal 0.5286529050173677 0.7518398074789792 0.394034275040471
    outer loop
      vertex 2.589265637852377 2.6873535524315137 0.6418296758437079
      vertex 2.515907124538681 2.5809397513308987 0.9432941179697965
      vertex 14.074135276703643 2.5809397513308987 -14.56370940061484
    endloop
  endfacet
  facet normal 0.7190981869964375 0.44228869021900175 0.5359836862841969
    outer loop
      vertex 2.534433294202372 1.825 1.8890534341935674
      vertex 2.623893478155189 1.5987454047682663 1.9557330615904456
      vertex 14.797588219670057 1.825 -14.56370940061484
    endloop
  endfacet
  facet normal 0.7190981869964388 0.44228869021899847 0.5359836862841979
    outer loop
      vertex 2.669623582083044 1.483088967491555 1.9898182395545123
      vertex 14.797588219670057 1.825 -14.56370940061484
      vertex 2.688017309346778 1.5519275171377358 1.9083355209482495
    endloop
  endfacet
  facet normal 0.7190981869964368 0.4422886902190035 0.5359836862841965
    outer loop
      vertex 2.623893478155189 1.5987454047682663 1.9557330615904456
      vertex 2.688017309346778 1.5519275171377358 1.9083355209482495
      vertex 14.797588219670057 1.825 -14.56370940061484
    endloop
  endfacet
  facet normal 0.7190981869964372 0.44228869021900247 0.5359836862841968
    outer loop
      vertex 2.669623582083044 1.483088967491555 1.9898182395545123
      vertex 2.7037440666250374 1.3967945281325778 2.0152501255101796
      vertex 14.797588219670057 1.825 -14.56370940061484
    endloop
  endfacet
  facet normal 0.6028131053977183 0.6593458151000664 0.4493099777111437
    outer loop
      vertex 2.5050291408012075 2.3129509210413675 1.351152198121379
      vertex 2.308293683916429 2.2411274267006642 1.7204990641120699
      vertex 14.074135276703643 2.5809397513308987 -14.56370940061484
    endloop
  endfacet
  facet normal 0.6028131053977169 0.6593458151000682 0.4493099777111429
    outer loop
      vertex 2.515907124538681 2.5809397513308987 0.9432941179697965
      vertex 2.5050291408012075 2.3129509210413675 1.351152198121379
      vertex 14.074135276703643 2.5809397513308987 -14.56370940061484
    endloop
  endfacet
  facet normal 0.6028131053977134 0.6593458151000733 0.44930997771114034
    outer loop
      vertex 2.308293683916429 2.2411274267006642 1.7204990641120699
      vertex 2.321757665438244 2.2219792158818303 1.7305345148733444
      vertex 14.074135276703643 2.5809397513308987 -14.56370940061484
    endloop
  endfacet
  facet normal 0.6666590064133412 0.555570233019602 0.49689786209091497
    outer loop
      vertex 2.534433294202372 1.825 1.8890534341935674
      vertex 14.466759665117145 2.2219792158818303 -14.56370940061484
      vertex 2.321757665438244 2.2219792158818303 1.7305345148733444
    endloop
  endfacet
  facet normal 0.8000672886465946 0.06540312923017066 0.5963344399953674
    outer loop
      vertex 3.0102365671340716 0.39630516239210906 2.0254970744738245
      vertex 15.36854129121705 0.4764206016031882 -14.56370940061484
      vertex 3.0082394509619275 0.39945207789399134 2.0278313505215477
    endloop
  endfacet
  facet normal 0.8000672886465963 0.06540312923014001 0.5963344399953686
    outer loop
      vertex 3.0102365671340716 0.39630516239210906 2.0254970744738245
      vertex 3.0104752011568734 0.3721024599534315 2.0278313505215477
      vertex 15.36854129121705 0.4764206016031882 -14.56370940061484
    endloop
  endfacet
  facet normal 0.7863779155172932 0.19509032201612989 0.5861309923919052
    outer loop
      vertex 2.954337200160091 0.7916122669521204 1.9867975992874478
      vertex 15.252369751771774 0.9446895146242007 -14.56370940061484
      vertex 2.908493368792802 0.8531192812085081 2.0278313505215477
    endloop
  endfacet
  facet normal 0.7863779155172939 0.1950903220161254 0.5861309923919057
    outer loop
      vertex 2.954337200160091 0.7916122669521204 1.9867975992874478
      vertex 2.956451471573807 0.659807831889288 2.0278313505215477
      vertex 15.252369751771774 0.9446895146242007 -14.56370940061484
    endloop
  endfacet
  facet normal 0.800067288646596 0.06540312923014305 0.5963344399953684
    outer loop
      vertex 2.926511489301779 0 2.1812910174904863
      vertex 15.407487263158066 0 -14.56370940061484
      vertex 3.0104752011568734 0.3721024599534315 2.0278313505215477
    endloop
  endfacet
  facet normal 0.8000672886465959 0.06540312923014358 0.5963344399953684
    outer loop
      vertex 2.901474777819666 0.4764206016031882 2.162629770451793
      vertex 3.0082394509619275 0.39945207789399134 2.0278313505215477
      vertex 15.36854129121705 0.4764206016031882 -14.56370940061484
    endloop
  endfacet
  facet normal 0.7863779155172933 0.19509032201612936 0.5861309923919052
    outer loop
      vertex 2.901474777819666 0.4764206016031882 2.162629770451793
      vertex 15.36854129121705 0.4764206016031882 -14.56370940061484
      vertex 2.956451471573807 0.659807831889288 2.0278313505215477
    endloop
  endfacet
  facet normal 0.7592333982283419 0.32143946530316203 0.5658986810024046
    outer loop
      vertex 2.84808006395571 1.1797133892148872 1.9449084444721023
      vertex 15.06096037207098 1.3967945281325778 -14.56370940061484
      vertex 2.734447751747153 1.3021236332440986 2.0278313505215477
    endloop
  endfacet
  facet normal 0.7592333982283421 0.32143946530316114 0.5658986810024047
    outer loop
      vertex 2.84808006395571 1.1797133892148872 1.9449084444721023
      vertex 2.8435669660869607 1.0443862958668009 2.0278313505215477
      vertex 15.06096037207098 1.3967945281325778 -14.56370940061484
    endloop
  endfacet
  facet normal 0.7592333982283426 0.32143946530316 0.565898681002405
    outer loop
      vertex 2.734447751747153 1.3021236332440986 2.0278313505215477
      vertex 15.06096037207098 1.3967945281325778 -14.56370940061484
      vertex 2.7037440666250374 1.3967945281325778 2.0152501255101796
    endloop
  endfacet
  facet normal 0.7592333982283419 0.3214394653031621 0.5658986810024045
    outer loop
      vertex 2.8435669660869607 1.0443862958668009 2.0278313505215477
      vertex 2.826793028448273 0.9446895146242007 2.1069653284464205
      vertex 15.252369751771774 0.9446895146242007 -14.56370940061484
    endloop
  endfacet
  facet normal 0.7863779155172936 0.19509032201612764 0.5861309923919056
    outer loop
      vertex 2.908493368792802 0.8531192812085081 2.0278313505215477
      vertex 15.252369751771774 0.9446895146242007 -14.56370940061484
      vertex 2.826793028448273 0.9446895146242007 2.1069653284464205
    endloop
  endfacet
  facet normal -0.5976139773946467 6.239436383133025e-15 0.8017839696717256
    outer loop
      vertex 2.308293683916429 2.2411274267006642 1.7204990641120699
      vertex 2.3852037893047986 2.1035509065855913 1.7778244232132305
      vertex 2.321757665438244 2.2219792158818303 1.7305345148733444
    endloop
  endfacet
  facet normal 0.7592333982283415 0.32143946530316253 0.565898681002405
    outer loop
      vertex 2.7891783375341848 1.0828929589430294 2.0789290170509176
      vertex 2.826793028448273 0.9446895146242007 2.1069653284464205
      vertex 2.8435669660869607 1.0443862958668009 2.0278313505215477
    endloop
  endfacet
  facet normal -0.5976139773946562 -9.933070468850416e-16 0.8017839696717186
    outer loop
      vertex 2.8522251705924115 0.7852250985135427 2.125921311847595
      vertex 2.826793028448273 0.9446895146242007 2.1069653284464205
      vertex 2.7891783375341848 1.0828929589430294 2.0789290170509176
    endloop
  endfacet
  facet normal -0.5976139773946547 -1.4380941581862543e-15 0.8017839696717197
    outer loop
      vertex 2.669623582083044 1.483088967491555 1.9898182395545123
      vertex 2.7206235656235798 1.3301563095984676 2.0278313505215477
      vertex 2.7037440666250374 1.3967945281325778 2.0152501255101796
    endloop
  endfacet
  facet normal -0.5976139773946462 1.9952373366155624e-15 0.801783969671726
    outer loop
      vertex 2.7335989934790743 1.2871019154632752 2.0375026551901785
      vertex 2.7037440666250374 1.3967945281325778 2.0152501255101796
      vertex 2.7206235656235798 1.3301563095984676 2.0278313505215477
    endloop
  endfacet
  facet normal 0.7592333982283457 0.32143946530316037 0.5658986810024004
    outer loop
      vertex 2.7335989934790743 1.2871019154632752 2.0375026551901785
      vertex 2.734447751747153 1.3021236332440986 2.0278313505215477
      vertex 2.7037440666250374 1.3967945281325778 2.0152501255101796
    endloop
  endfacet
  facet normal -0.5976139773946757 -2.0033119877556614e-15 0.8017839696717041
    outer loop
      vertex 2.920530853545146 0 2.1768333185877085
      vertex 2.926511489301779 0 2.1812910174904863
      vertex 2.9045864150241343 0.3823960559963476 2.1649490459129037
    endloop
  endfacet
  facet normal 0.8000672886465953 0.06540312923014319 0.5963344399953694
    outer loop
      vertex 2.901474777819666 0.4764206016031882 2.162629770451793
      vertex 2.926511489301779 0 2.1812910174904863
      vertex 2.996347489802782 0.3944766306722603 2.044331787657101
    endloop
  endfacet
  facet normal -0.597613977394633 1.7970238910867938e-15 0.8017839696717358
    outer loop
      vertex 2.9045864150241343 0.3823960559963476 2.1649490459129037
      vertex 2.926511489301779 0 2.1812910174904863
      vertex 2.901474777819666 0.4764206016031882 2.162629770451793
    endloop
  endfacet
  facet normal 0.8000672886465987 0.06540312923014112 0.5963344399953651
    outer loop
      vertex 2.926511489301779 0 2.1812910174904863
      vertex 3.0104752011568734 0.3721024599534315 2.0278313505215477
      vertex 2.996347489802782 0.3944766306722603 2.044331787657101
    endloop
  endfacet
  facet normal 0.8000672886465983 0.06540312923015429 0.5963344399953642
    outer loop
      vertex 2.901474777819666 0.4764206016031882 2.162629770451793
      vertex 2.996347489802782 0.3944766306722603 2.044331787657101
      vertex 3.0082394509619275 0.39945207789399134 2.0278313505215477
    endloop
  endfacet
  facet normal 0.7863779155172946 0.19509032201612792 0.5861309923919038
    outer loop
      vertex 2.901474777819666 0.4764206016031882 2.162629770451793
      vertex 2.956451471573807 0.659807831889288 2.0278313505215477
      vertex 2.860298590234525 0.7346032066591579 2.131938878431615
    endloop
  endfacet
  facet normal -0.5976139773946519 8.286623869047026e-16 0.8017839696717218
    outer loop
      vertex 2.9045864150241343 0.3823960559963476 2.1649490459129037
      vertex 2.901474777819666 0.4764206016031882 2.162629770451793
      vertex 2.860298590234525 0.7346032066591579 2.131938878431615
    endloop
  endfacet
  facet normal 0.7863779155172935 0.1950903220161275 0.5861309923919056
    outer loop
      vertex 2.908493368792802 0.8531192812085081 2.0278313505215477
      vertex 2.826793028448273 0.9446895146242007 2.1069653284464205
      vertex 2.8522251705924115 0.7852250985135427 2.125921311847595
    endloop
  endfacet
  facet normal -0.5976139773946487 4.82484502523787e-15 0.8017839696717242
    outer loop
      vertex 2.534433294202372 1.825 1.8890534341935674
      vertex 2.3852037893047986 2.1035509065855913 1.7778244232132305
      vertex 2.487357629401953 1.9086166377954878 1.853965335224222
    endloop
  endfacet
  facet normal -0.5976139773946377 1.3081653464895166e-14 0.8017839696717324
    outer loop
      vertex 2.3852037893047986 2.1035509065855913 1.7778244232132305
      vertex 2.3807448632978203 2.099618505552843 1.7745009388249986
      vertex 2.487357629401953 1.9086166377954878 1.853965335224222
    endloop
  endfacet
  facet normal -0.5976139767057626 4.907046039082019e-10 0.8017839701851892
    outer loop
      vertex 2.534433294202372 1.825 1.8890534341935674
      vertex 2.321757665438244 2.2219792158818303 1.7305345148733444
      vertex 2.3852037893047986 2.1035509065855913 1.7778244232132305
    endloop
  endfacet
  facet normal -0.5976139773946538 -3.843667332057093e-16 0.8017839696717205
    outer loop
      vertex 2.534433294202372 1.825 1.8890534341935674
      vertex 2.487357629401953 1.9086166377954878 1.853965335224222
      vertex 2.623893478155189 1.5987454047682663 1.9557330615904456
    endloop
  endfacet
  facet normal -0.8827613551057729 0.016184774700202315 0.46954280209553095
    outer loop
      vertex -3.379244249918085 5.273559366969494e-16 1.4037460133309028
      vertex -12.305356584546603 -23.616223890883976 -14.56370940061484
      vertex -12.31981306788062 -24.404719563785854 -14.56370940061484
    endloop
  endfacet
  facet normal -0.7588458086630353 -0.14280491687954183 0.6354209584122726
    outer loop
      vertex -2.6885550602604726 -0.5976113928679218 2.386834216937572
      vertex -12.262775600069906 -25.14419998253854 -14.56370940061484
      vertex -12.135220108002473 -25.82201243215448 -14.56370940061484
    endloop
  endfacet
  facet normal -0.827886263636533 -0.06385637119743026 0.5572492246198617
    outer loop
      vertex -3.0382546036930345 -0.20314407688334307 1.998896948080666
      vertex -12.31981306788062 -24.404719563785854 -14.56370940061484
      vertex -12.262775600069906 -25.14419998253854 -14.56370940061484
    endloop
  endfacet
  facet normal -0.9465181740301638 0.17407150063072538 0.27166607977215723
    outer loop
      vertex -3.7690572124916235 1.9583013351050325e-15 0.27498434585857595
      vertex -12.064170231219075 -21.946760124278303 -14.56370940061484
      vertex -12.219653504505793 -22.79220434340856 -14.56370940061484
    endloop
  endfacet
  facet normal -0.9543090046367919 0.24921559500848706 0.16488150555384107
    outer loop
      vertex -3.8686328741254905 1.1581527962918706e-15 -0.30134439532236673
      vertex -11.841567126600484 -21.094357018483933 -14.56370940061484
      vertex -12.064170231219075 -21.946760124278303 -14.56370940061484
    endloop
  endfacet
  facet normal -0.922532155041467 0.0959489946154462 0.3738023720454857
    outer loop
      vertex -3.6049919369719445 8.394016591263247e-16 0.8466080286418155
      vertex -12.219653504505793 -22.79220434340856 -14.56370940061484
      vertex -12.305356584546603 -23.616223890883976 -14.56370940061484
    endloop
  endfacet
  facet normal -0.6768212915115147 -0.21931003084083744 0.7027204634342706
    outer loop
      vertex -2.3045024920425363 -0.9352576728544589 2.6715279054384964
      vertex -12.135220108002473 -25.82201243215448 -14.56370940061484
      vertex -11.939329101512664 -26.42655935369563 -14.56370940061484
    endloop
  endfacet
  facet normal -0.5832161744119079 -0.2920626893702253 0.7579962264959966
    outer loop
      vertex -2.230473287054769 -0.9880075062760244 2.7081623510255857
      vertex -11.939329101512664 -26.42655935369563 -14.56370940061484
      vertex -11.67845433003276 -26.947496781722343 -14.56370940061484
    endloop
  endfacet
  facet normal -0.47963206687004784 -0.3598180743094104 0.8003024639661143
    outer loop
      vertex -1.7415998613993238 -1.336376575912118 2.9064079985625786
      vertex -11.67845433003276 -26.947496781722343 -14.56370940061484
      vertex -11.357059433230939 -27.37591133240994 -14.56370940061484
    endloop
  endfacet
  facet normal -0.3678413216849068 -0.4214168722367445 0.8289153043920111
    outer loop
      vertex -1.4806324650610159 -1.4637919610317367 2.992682876014106
      vertex -11.357059433230939 -27.37591133240994 -14.56370940061484
      vertex -10.98064356689898 -27.704472714017207 -14.56370940061484
    endloop
  endfacet
  facet normal -0.2497567095008597 -0.47580511064127534 0.8433451741410197
    outer loop
      vertex -1.1029914228839162 -1.6966349524236923 3.03486408490429
      vertex -10.98064356689898 -27.704472714017207 -14.56370940061484
      vertex -10.555647310872011 -27.927559150210424 -14.56370940061484
    endloop
  endfacet
  facet normal -0.0028608451216628385 -0.5593668149880625 0.828915304392011
    outer loop
      vertex -0.23823372970767287 -1.9778243609550437 3.058423693218836
      vertex -10.089342468921885 -28.04135357021507 -14.56370940061484
      vertex -9.58970764617849 -28.043908919955093 -14.56370940061484
    endloop
  endfacet
  facet normal -0.1273986907716052 -0.5220521916846371 0.8433451741410203
    outer loop
      vertex -0.6897854891784758 -1.8249970354870921 3.0848147107050266
      vertex -10.555647310872011 -27.927559150210424 -14.56370940061484
      vertex -10.089342468921885 -28.04135357021507 -14.56370940061484
    endloop
  endfacet
  facet normal 0.1217259503814948 -0.5871105170012619 0.8003024639661137
    outer loop
      vertex 0.21739427492929694 -2.0968105632505445 2.9797021983864256
      vertex -9.58970764617849 -28.043908919955093 -14.56370940061484
      vertex -9.065291732983908 -27.935181476687966 -14.56370940061484
    endloop
  endfacet
  facet normal 0.2442299811247985 -0.6048085952907815 0.7579962264959978
    outer loop
      vertex 0.6693026032491467 -2.1799197554631116 2.8499971728100997
      vertex -9.065291732983908 -27.935181476687966 -14.56370940061484
      vertex -8.525067631008463 -27.71703159711294 -14.56370940061484
    endloop
  endfacet
  facet normal -0.921051272636317 0.3854985644499411 -0.055275763061721106
    outer loop
      vertex -3.8686328741254905 9.454218213537243e-16 -1.4287606967404882
      vertex -11.211319896001656 -19.426883078380204 -14.56370940061484
      vertex -11.55565299148729 -20.249579879496384 -14.56370940061484
    endloop
  endfacet
  facet normal -0.8805717590445278 0.44430560012172227 -0.16488150555384387
    outer loop
      vertex -3.7690572124916235 1.0887934985386244e-15 -1.9605578514815512
      vertex -10.814459474874507 -18.640343185497137 -14.56370940061484
      vertex -11.211319896001656 -19.426883078380204 -14.56370940061484
    endloop
  endfacet
  facet normal -0.8250254185148697 0.49551044379063597 -0.2716660797721553
    outer loop
      vertex -3.6049919369719445 8.018057095590101e-16 -2.458809317814436
      vertex -10.371862119941827 -17.903418116484477 -14.56370940061484
      vertex -10.814459474874507 -18.640343185497137 -14.56370940061484
    endloop
  endfacet
  facet normal -0.7553626643341687 0.5382369663848386 -0.37380237204548605
    outer loop
      vertex -3.3792442499180844 6.028670356366129e-16 -2.9149898750087826
      vertex -9.891100794657682 -17.22871686358724 -14.56370940061484
      vertex -10.371862119941827 -17.903418116484477 -14.56370940061484
    endloop
  endfacet
  facet normal -0.6727754455406078 0.5717541052567212 -0.46954280209553106
    outer loop
      vertex -3.095676756844618 8.881784197001252e-16 -3.32129414725385
      vertex -9.380401458589905 -16.627783752305042 -14.56370940061484
      vertex -9.891100794657682 -17.22871686358724 -14.56370940061484
    endloop
  endfacet
  facet normal -0.578676852345257 0.5954883728674729 -0.55724922461986
    outer loop
      vertex -2.7591413761777948 6.468929895886467e-16 -3.6707701558027
      vertex -8.848502318971226 -16.110900914782054 -14.56370940061484
      vertex -9.380401458589905 -16.627783752305042 -14.56370940061484
    endloop
  endfacet
  facet normal -0.4746769377667391 0.609033669317896 -0.6354209584122726
    outer loop
      vertex -2.7591413761777948 6.468929895886467e-16 -3.6707701558027
      vertex -8.304504317550816 -15.686912359675286 -14.56370940061484
      vertex -8.848502318971226 -16.110900914782054 -14.56370940061484
    endloop
  endfacet
  facet normal -0.24422998112480307 0.6048085952907821 -0.7579962264959961
    outer loop
      vertex -1.4932365525394333 2.8283125153994915e-16 -4.323889513184328
      vertex -7.217491308982274 -15.144922769139415 -14.56370940061484
      vertex -7.75771541095772 -15.363072648714445 -14.56370940061484
    endloop
  endfacet
  facet normal -0.362555169177737 0.612158230830255 -0.7027204634342697
    outer loop
      vertex -1.951007577347701 2.2058673658570912e-16 -4.176393516713168
      vertex -7.75771541095772 -15.363072648714445 -14.56370940061484
      vertex -8.304504317550816 -15.686912359675286 -14.56370940061484
    endloop
  endfacet
  facet normal -0.9457713435896409 0.32009554146003044 0.05527576306172076
    outer loop
      vertex -3.9020151546954027 8.404207127869379e-16 -0.8725170503508937
      vertex -11.55565299148729 -20.249579879496384 -14.56370940061484
      vertex -11.841567126600484 -21.094357018483933 -14.56370940061484
    endloop
  endfacet
  facet normal -0.6727754455406082 0.5717541052567208 -0.46954280209553084
    outer loop
      vertex -3.095676756844618 8.881784197001252e-16 -3.32129414725385
      vertex -9.891100794657682 -17.22871686358724 -14.56370940061484
      vertex -3.3792442499180844 6.028670356366129e-16 -2.9149898750087826
    endloop
  endfacet
  facet normal -0.7553626643341667 0.5382369663848398 -0.373802372045489
    outer loop
      vertex -3.3792442499180844 6.028670356366129e-16 -2.9149898750087826
      vertex -10.371862119941827 -17.903418116484477 -14.56370940061484
      vertex -3.6049919369719445 8.018057095590101e-16 -2.458809317814436
    endloop
  endfacet
  facet normal -0.8805717590445281 0.44430560012172177 -0.16488150555384387
    outer loop
      vertex -3.8686328741254905 9.454218213537243e-16 -1.4287606967404882
      vertex -3.7690572124916235 1.0887934985386244e-15 -1.9605578514815512
      vertex -11.211319896001656 -19.426883078380204 -14.56370940061484
    endloop
  endfacet
  facet normal -0.9210512726363161 0.3854985644499427 -0.05527576306172321
    outer loop
      vertex -3.8686328741254905 9.454218213537243e-16 -1.4287606967404882
      vertex -11.55565299148729 -20.249579879496384 -14.56370940061484
      vertex -3.9020151546954027 8.404207127869379e-16 -0.8725170503508937
    endloop
  endfacet
  facet normal -0.8250254185148717 0.49551044379063475 -0.27166607977215157
    outer loop
      vertex -3.6049919369719445 8.018057095590101e-16 -2.458809317814436
      vertex -10.814459474874507 -18.640343185497137 -14.56370940061484
      vertex -3.7690572124916235 1.0887934985386244e-15 -1.9605578514815512
    endloop
  endfacet
  facet normal 0.9210512726363165 -0.3854985644499421 0.055275763061722445
    outer loop
      vertex 2.613118921840107 -3.3721602936661963 -1.168584338152926
      vertex -5.071463145964526 -23.653221167447175 -14.56370940061484
      vertex -4.727130050478891 -22.830524366330998 -14.56370940061484
    endloop
  endfacet
  facet normal 0.9457713435896411 -0.32009554146002944 -0.055275763061723465
    outer loop
      vertex 2.550195520406093 -3.525629265955099 -1.8406804639370133
      vertex -4.727130050478891 -22.830524366330998 -14.56370940061484
      vertex -4.4412159153656985 -21.98574722734345 -14.56370940061484
    endloop
  endfacet
  facet normal 0.9465181740301648 -0.17407150063072868 -0.27166607977215174
    outer loop
      vertex 2.3966717504765196 -3.6309830215565833 -2.729972906831632
      vertex -4.21861281074711 -21.13334412154908 -14.56370940061484
      vertex -4.06312953746039 -20.287899902418822 -14.56370940061484
    endloop
  endfacet
  facet normal 0.9225321550414668 -0.09594899461544595 -0.3738023720454864
    outer loop
      vertex 2.2300700596984475 -3.637693731480106 -3.306133850186029
      vertex -4.06312953746039 -20.287899902418822 -14.56370940061484
      vertex -3.977426457419579 -19.46388035494341 -14.56370940061484
    endloop
  endfacet
  facet normal 0.9543090046367916 -0.24921559500848528 -0.16488150555384487
    outer loop
      vertex 2.522437845780711 -3.561689792637854 -2.1067934689279477
      vertex -4.4412159153656985 -21.98574722734345 -14.56370940061484
      vertex -4.21861281074711 -21.13334412154908 -14.56370940061484
    endloop
  endfacet
  facet normal 0.4746769377667416 -0.6090336693178955 0.6354209584122712
    outer loop
      vertex 1.5312270698693855 -2.2334572211240955 2.4473480549173727
      vertex -7.978278724415368 -27.3931918861521 -14.56370940061484
      vertex -7.434280722994958 -26.969203331045332 -14.56370940061484
    endloop
  endfacet
  facet normal 0.5786768523452576 -0.5954883728674727 0.5572492246198598
    outer loop
      vertex 2.0122343680741537 -2.263258584369995 2.0278313505215477
      vertex -7.434280722994958 -26.969203331045332 -14.56370940061484
      vertex -6.902381583376277 -26.45232049352234 -14.56370940061484
    endloop
  endfacet
  facet normal 0.672775445540607 -0.5717541052567222 0.4695428020955307
    outer loop
      vertex 2.308293683916431 -2.241127426700662 1.720499064112071
      vertex -6.902381583376277 -26.45232049352234 -14.56370940061484
      vertex -6.391682247308502 -25.851387382240144 -14.56370940061484
    endloop
  endfacet
  facet normal 0.36255516917773306 -0.6121582308302548 0.702720463434272
    outer loop
      vertex 1.109758978461664 -2.225729916271766 2.6715279054384964
      vertex -8.525067631008463 -27.71703159711294 -14.56370940061484
      vertex -7.978278724415368 -27.3931918861521 -14.56370940061484
    endloop
  endfacet
  facet normal 0.7553626643341651 -0.5382369663848408 0.37380237204549027
    outer loop
      vertex 2.5159071245386824 -2.5809397513308987 0.9432941179697943
      vertex -6.391682247308502 -25.851387382240144 -14.56370940061484
      vertex -5.9109209220243555 -25.17668612934291 -14.56370940061484
    endloop
  endfacet
  facet normal 0.8250254185148729 -0.49551044379063414 0.2716660797721492
    outer loop
      vertex 2.59960193670094 -2.895739692063008 0.2303494575337721
      vertex -5.9109209220243555 -25.17668612934291 -14.56370940061484
      vertex -5.468323567091675 -24.439761060330245 -14.56370940061484
    endloop
  endfacet
  facet normal 0.8805717590445302 -0.4443056001217196 0.1648815055538388
    outer loop
      vertex 2.6301593402257692 -3.1609927238132007 -0.47492128265256556
      vertex -5.468323567091675 -24.439761060330245 -14.56370940061484
      vertex -5.071463145964526 -23.653221167447175 -14.56370940061484
    endloop
  endfacet
  facet normal 0.2497567095008535 0.47580511064127845 -0.8433451741410198
    outer loop
      vertex -0.11373907543688264 -1.6484431568813291 -5.282451340552207
      vertex -5.302139475067203 -15.37563153181017 -14.56370940061484
      vertex -5.7271357310941715 -15.152545095616961 -14.56370940061484
    endloop
  endfacet
  facet normal -0.12172595038148862 0.587110517001262 -0.8003024639661146
    outer loop
      vertex -1.1137768724233303 -0.27478989624470684 -4.583194135609341
      vertex -6.693075395787694 -15.03619532587229 -14.56370940061484
      vertex -7.217491308982274 -15.144922769139415 -14.56370940061484
    endloop
  endfacet
  facet normal 0.0028608451216618975 0.5593668149880628 -0.828915304392011
    outer loop
      vertex -0.7922668240574877 -0.7486181131089769 -4.901832226456435
      vertex -6.193440573044298 -15.038750675612315 -14.56370940061484
      vertex -6.693075395787694 -15.03619532587229 -14.56370940061484
    endloop
  endfacet
  facet normal 0.1273986907716098 0.5220521916846368 -0.8433451741410198
    outer loop
      vertex -0.4569885757109221 -1.2090755880022728 -5.136218845510019
      vertex -5.7271357310941715 -15.152545095616961 -14.56370940061484
      vertex -6.193440573044298 -15.038750675612315 -14.56370940061484
    endloop
  endfacet
  facet normal 0.36784132168491507 0.4214168722367402 -0.8289153043920094
    outer loop
      vertex 0.23157468923147081 -2.059292792190634 -5.3380882632096815
      vertex -4.925723608735244 -15.704192913417446 -14.56370940061484
      vertex -5.302139475067203 -15.37563153181017 -14.56370940061484
    endloop
  endfacet
  facet normal 0.47963206687004173 0.35981807430941337 -0.8003024639661167
    outer loop
      vertex 0.5730244662579385 -2.4346472284930822 -5.302213137083746
      vertex -4.60432871193342 -16.13260746410504 -14.56370940061484
      vertex -4.925723608735244 -15.704192913417446 -14.56370940061484
    endloop
  endfacet
  facet normal 0.6768212915115105 0.21931003084083997 -0.7027204634342741
    outer loop
      vertex 1.2210891063036489 -3.054003424224962 -4.960008609913836
      vertex -4.14756293396371 -17.258091813672905 -14.56370940061484
      vertex -4.343453940453521 -16.65354489213176 -14.56370940061484
    endloop
  endfacet
  facet normal 0.7588458086630356 0.14280491687954355 -0.635420958412272
    outer loop
      vertex 1.5166084179201667 -3.2874263099037915 -4.659546919621019
      vertex -4.020007441896276 -17.93590426328884 -14.56370940061484
      vertex -4.14756293396371 -17.258091813672905 -14.56370940061484
    endloop
  endfacet
  facet normal 0.5832161744119144 0.29206268937022095 -0.7579962264959933
    outer loop
      vertex 0.9047565261411853 -2.7681142859372394 -5.175460240535017
      vertex -4.343453940453521 -16.65354489213176 -14.56370940061484
      vertex -4.60432871193342 -16.13260746410504 -14.56370940061484
    endloop
  endfacet
  facet normal 0.8827613551057731 -0.016184774700201632 -0.46954280209553095
    outer loop
      vertex 2.025440926151985 -3.5818194080137213 -3.825493959256388
      vertex -3.977426457419579 -19.46388035494341 -14.56370940061484
      vertex -3.9629699740855617 -18.675384682041532 -14.56370940061484
    endloop
  endfacet
  facet normal 0.8278862636365347 0.06385637119742742 -0.5572492246198595
    outer loop
      vertex 1.786261027276675 -3.464381118726834 -4.279210815201656
      vertex -3.9629699740855617 -18.675384682041532 -14.56370940061484
      vertex -4.020007441896276 -17.93590426328884 -14.56370940061484
    endloop
  endfacet
  facet normal 0.0028608451216639167 0.5593668149880623 -0.8289153043920112
    outer loop
      vertex -0.99618064528725 -0.4764206016031882 -4.7188522665083985
      vertex -0.7922668240574877 -0.7486181131089769 -4.901832226456435
      vertex -6.693075395787694 -15.03619532587229 -14.56370940061484
    endloop
  endfacet
  facet normal 0.002860845121656426 0.5593668149880645 -0.8289153043920099
    outer loop
      vertex -1.1137768724233303 -0.27478989624470684 -4.583194135609341
      vertex -0.99618064528725 -0.4764206016031882 -4.7188522665083985
      vertex -6.693075395787694 -15.03619532587229 -14.56370940061484
    endloop
  endfacet
  facet normal -0.121725950381487 0.5871105170012615 -0.8003024639661153
    outer loop
      vertex -1.4932365525394333 2.8283125153994915e-16 -4.323889513184328
      vertex -1.3085799833275737 0 -4.351975764812376
      vertex -7.217491308982274 -15.144922769139415 -14.56370940061484
    endloop
  endfacet
  facet normal -0.12172595038148834 0.5871105170012617 -0.8003024639661148
    outer loop
      vertex -1.1137768724233303 -0.27478989624470684 -4.583194135609341
      vertex -7.217491308982274 -15.144922769139415 -14.56370940061484
      vertex -1.3085799833275737 0 -4.351975764812376
    endloop
  endfacet
  facet normal 0.2497567095008583 0.475805110641276 -0.8433451741410198
    outer loop
      vertex -0.3272186785992049 -1.3967945281325778 -5.203696232383356
      vertex -0.11373907543688264 -1.6484431568813291 -5.282451340552207
      vertex -5.7271357310941715 -15.152545095616961 -14.56370940061484
    endloop
  endfacet
  facet normal 0.12739869077160562 0.5220521916846379 -0.8433451741410197
    outer loop
      vertex -0.6672358351150793 -0.9446895146242007 -5.00431780797244
      vertex -0.4569885757109221 -1.2090755880022728 -5.136218845510019
      vertex -6.193440573044298 -15.038750675612315 -14.56370940061484
    endloop
  endfacet
  facet normal 0.12739869077160462 0.5220521916846383 -0.8433451741410196
    outer loop
      vertex -0.6672358351150793 -0.9446895146242007 -5.00431780797244
      vertex -6.193440573044298 -15.038750675612315 -14.56370940061484
      vertex -0.7922668240574877 -0.7486181131089769 -4.901832226456435
    endloop
  endfacet
  facet normal 0.24975670950085796 0.4758051106412762 -0.8433451741410198
    outer loop
      vertex -0.3272186785992049 -1.3967945281325778 -5.203696232383356
      vertex -5.7271357310941715 -15.152545095616961 -14.56370940061484
      vertex -0.4569885757109221 -1.2090755880022728 -5.136218845510019
    endloop
  endfacet
  facet normal -0.5786768523452566 0.5954883728674734 -0.5572492246198597
    outer loop
      vertex -3.095676756844618 8.881784197001252e-16 -3.32129414725385
      vertex -2.7591413761777948 6.468929895886467e-16 -3.6707701558027
      vertex -9.380401458589905 -16.627783752305042 -14.56370940061484
    endloop
  endfacet
  facet normal -0.36255516917773195 0.6121582308302544 -0.7027204634342729
    outer loop
      vertex -2.3753963215860567 5.675864744947144e-16 -3.9574382692560066
      vertex -1.951007577347701 2.2058673658570912e-16 -4.176393516713168
      vertex -8.304504317550816 -15.686912359675286 -14.56370940061484
    endloop
  endfacet
  facet normal -0.4746769377667422 0.6090336693178955 -0.6354209584122708
    outer loop
      vertex -2.3753963215860567 5.675864744947144e-16 -3.9574382692560066
      vertex -8.304504317550816 -15.686912359675286 -14.56370940061484
      vertex -2.7591413761777948 6.468929895886467e-16 -3.6707701558027
    endloop
  endfacet
  facet normal -0.24422998112480523 0.604808595290782 -0.7579962264959954
    outer loop
      vertex -1.951007577347701 2.2058673658570912e-16 -4.176393516713168
      vertex -1.4932365525394333 2.8283125153994915e-16 -4.323889513184328
      vertex -7.75771541095772 -15.363072648714445 -14.56370940061484
    endloop
  endfacet
  facet normal 0.5832161744119089 0.29206268937022534 -0.7579962264959961
    outer loop
      vertex 0.5730244662579385 -2.4346472284930822 -5.302213137083746
      vertex 0.7014180977954882 -2.5809397513308987 -5.259792536788602
      vertex -4.60432871193342 -16.13260746410504 -14.56370940061484
    endloop
  endfacet
  facet normal 0.5832161744119104 0.29206268937022417 -0.7579962264959953
    outer loop
      vertex 0.7014180977954882 -2.5809397513308987 -5.259792536788602
      vertex 0.9047565261411853 -2.7681142859372394 -5.175460240535017
      vertex -4.60432871193342 -16.13260746410504 -14.56370940061484
    endloop
  endfacet
  facet normal 0.6768212915115129 0.21931003084083817 -0.7027204634342721
    outer loop
      vertex 1.027694942523732 -2.895739692063008 -5.096883041104902
      vertex 1.2210891063036489 -3.054003424224962 -4.960008609913836
      vertex -4.343453940453521 -16.65354489213176 -14.56370940061484
    endloop
  endfacet
  facet normal 0.67682129151151 0.21931003084084075 -0.7027204634342741
    outer loop
      vertex 1.027694942523732 -2.895739692063008 -5.096883041104902
      vertex -4.343453940453521 -16.65354489213176 -14.56370940061484
      vertex 0.9047565261411853 -2.7681142859372394 -5.175460240535017
    endloop
  endfacet
  facet normal 0.7588458086630376 0.14280491687954033 -0.6354209584122702
    outer loop
      vertex 1.3362278331046804 -3.1609927238132007 -4.846550057345467
      vertex 1.5166084179201667 -3.2874263099037915 -4.659546919621019
      vertex -4.14756293396371 -17.258091813672905 -14.56370940061484
    endloop
  endfacet
  facet normal 0.8278862636365354 0.06385637119742708 -0.5572492246198585
    outer loop
      vertex 1.5166084179201667 -3.2874263099037915 -4.659546919621019
      vertex 1.62173518485749 -3.3721602936661963 -4.5130734963095
      vertex -4.020007441896276 -17.93590426328884 -14.56370940061484
    endloop
  endfacet
  facet normal 0.8278862636365343 0.0638563711974284 -0.5572492246198598
    outer loop
      vertex 1.62173518485749 -3.3721602936661963 -4.5130734963095
      vertex 1.786261027276675 -3.464381118726834 -4.279210815201656
      vertex -4.020007441896276 -17.93590426328884 -14.56370940061484
    endloop
  endfacet
  facet normal 0.7588458086630362 0.14280491687954197 -0.6354209584122716
    outer loop
      vertex 1.2210891063036489 -3.054003424224962 -4.960008609913836
      vertex 1.3362278331046804 -3.1609927238132007 -4.846550057345467
      vertex -4.14756293396371 -17.258091813672905 -14.56370940061484
    endloop
  endfacet
  facet normal 0.922532155041466 -0.09594899461544466 -0.37380237204548844
    outer loop
      vertex 2.025440926151985 -3.5818194080137213 -3.825493959256388
      vertex 2.104553318602792 -3.618773744014408 -3.620761557839836
      vertex -3.977426457419579 -19.46388035494341 -14.56370940061484
    endloop
  endfacet
  facet normal 0.922532155041466 -0.09594899461544458 -0.37380237204548855
    outer loop
      vertex 2.104553318602792 -3.618773744014408 -3.620761557839836
      vertex 2.2300700596984475 -3.637693731480106 -3.306133850186029
      vertex -3.977426457419579 -19.46388035494341 -14.56370940061484
    endloop
  endfacet
  facet normal 0.9465181740301648 -0.17407150063072996 -0.27166607977215085
    outer loop
      vertex 2.2300700596984475 -3.637693731480106 -3.306133850186029
      vertex 2.293540414620757 -3.65 -3.077109987042289
      vertex -4.06312953746039 -20.287899902418822 -14.56370940061484
    endloop
  endfacet
  facet normal 0.9465181740301645 -0.17407150063072882 -0.27166607977215224
    outer loop
      vertex 2.293540414620757 -3.65 -3.077109987042289
      vertex 2.3966717504765196 -3.6309830215565833 -2.729972906831632
      vertex -4.06312953746039 -20.287899902418822 -14.56370940061484
    endloop
  endfacet
  facet normal 0.8827613551057734 -0.016184774700202485 -0.4695428020955304
    outer loop
      vertex 1.786261027276675 -3.464381118726834 -4.279210815201656
      vertex 1.8793204177047322 -3.525629265955099 -4.10214384560435
      vertex -3.9629699740855617 -18.675384682041532 -14.56370940061484
    endloop
  endfacet
  facet normal 0.8827613551057727 -0.016184774700201344 -0.4695428020955317
    outer loop
      vertex 1.8793204177047322 -3.525629265955099 -4.10214384560435
      vertex 2.025440926151985 -3.5818194080137213 -3.825493959256388
      vertex -3.9629699740855617 -18.675384682041532 -14.56370940061484
    endloop
  endfacet
  facet normal 0.9457713435896407 -0.3200955414600309 -0.05527576306172066
    outer loop
      vertex 2.522437845780711 -3.561689792637854 -2.1067934689279477
      vertex 2.550195520406093 -3.525629265955099 -1.8406804639370133
      vertex -4.4412159153656985 -21.98574722734345 -14.56370940061484
    endloop
  endfacet
  facet normal 0.9543090046367916 -0.2492155950084861 -0.16488150555384426
    outer loop
      vertex 2.3966717504765196 -3.6309830215565833 -2.729972906831632
      vertex 2.442980297339299 -3.618773744014408 -2.480400216691075
      vertex -4.21861281074711 -21.13334412154908 -14.56370940061484
    endloop
  endfacet
  facet normal 0.9543090046367916 -0.2492155950084853 -0.16488150555384537
    outer loop
      vertex 2.442980297339299 -3.618773744014408 -2.480400216691075
      vertex 2.522437845780711 -3.561689792637854 -2.1067934689279477
      vertex -4.21861281074711 -21.13334412154908 -14.56370940061484
    endloop
  endfacet
  facet normal 0.9457713435896411 -0.32009554146002916 -0.05527576306172349
    outer loop
      vertex 2.550195520406093 -3.525629265955099 -1.8406804639370133
      vertex 2.6052940588711966 -3.430794345284402 -1.4471194840864232
      vertex -4.727130050478891 -22.830524366330998 -14.56370940061484
    endloop
  endfacet
  facet normal 0.9210512726363161 -0.38549856444994257 0.05527576306172308
    outer loop
      vertex 2.613118921840107 -3.3721602936661963 -1.168584338152926
      vertex 2.643979805497839 -3.240120667669412 -0.761957113856916
      vertex -5.071463145964526 -23.653221167447175 -14.56370940061484
    endloop
  endfacet
  facet normal 0.9210512726363163 -0.38549856444994257 0.05527576306172313
    outer loop
      vertex 2.6052940588711966 -3.430794345284402 -1.4471194840864232
      vertex 2.613118921840107 -3.3721602936661963 -1.168584338152926
      vertex -4.727130050478891 -22.830524366330998 -14.56370940061484
    endloop
  endfacet
  facet normal 0.3678413216849075 0.42141687223674396 -0.828915304392011
    outer loop
      vertex -0.11373907543688264 -1.6484431568813291 -5.282451340552207
      vertex 0.018137932796004674 -1.825 -5.313690020129754
      vertex -5.302139475067203 -15.37563153181017 -14.56370940061484
    endloop
  endfacet
  facet normal 0.36784132168490924 0.42141687223674296 -0.8289153043920107
    outer loop
      vertex 0.018137932796004674 -1.825 -5.313690020129754
      vertex 0.23157468923147081 -2.059292792190634 -5.3380882632096815
      vertex -5.302139475067203 -15.37563153181017 -14.56370940061484
    endloop
  endfacet
  facet normal 0.4796320668700485 0.3598180743094093 -0.8003024639661144
    outer loop
      vertex 0.23157468923147081 -2.059292792190634 -5.3380882632096815
      vertex 0.3629740189706484 -2.2219792158818303 -5.332483111880946
      vertex -4.925723608735244 -15.704192913417446 -14.56370940061484
    endloop
  endfacet
  facet normal 0.4796320668700485 0.35981807430940915 -0.8003024639661144
    outer loop
      vertex 0.3629740189706484 -2.2219792158818303 -5.332483111880946
      vertex 0.5730244662579385 -2.4346472284930822 -5.302213137083746
      vertex -4.925723608735244 -15.704192913417446 -14.56370940061484
    endloop
  endfacet
  facet normal -0.945771343589641 0.32009554146002944 0.05527576306172306
    outer loop
      vertex -3.9020151546954027 8.404207127869379e-16 -0.8725170503508937
      vertex -11.841567126600484 -21.094357018483933 -14.56370940061484
      vertex -3.8686328741254905 1.1581527962918706e-15 -0.30134439532236673
    endloop
  endfacet
  facet normal -0.9543090046367916 0.24921559500848658 0.16488150555384373
    outer loop
      vertex -3.8686328741254905 1.1581527962918706e-15 -0.30134439532236673
      vertex -12.064170231219075 -21.946760124278303 -14.56370940061484
      vertex -3.7690572124916235 1.9583013351050325e-15 0.27498434585857595
    endloop
  endfacet
  facet normal -0.9465181740301646 0.17407150063072938 0.2716660797721515
    outer loop
      vertex -3.7690572124916235 1.9583013351050325e-15 0.27498434585857595
      vertex -12.219653504505793 -22.79220434340856 -14.56370940061484
      vertex -3.6049919369719445 8.394016591263247e-16 0.8466080286418155
    endloop
  endfacet
  facet normal -0.8827613551057727 0.016184774700201365 0.4695428020955317
    outer loop
      vertex -3.268612584322662 -0.0758721321402903 1.6143537192993547
      vertex -3.379244249918085 5.273559366969494e-16 1.4037460133309028
      vertex -12.31981306788062 -24.404719563785854 -14.56370940061484
    endloop
  endfacet
  facet normal -0.922532155041466 0.09594899461544491 0.3738023720454882
    outer loop
      vertex -3.6049919369719445 8.394016591263247e-16 0.8466080286418155
      vertex -12.305356584546603 -23.616223890883976 -14.56370940061484
      vertex -3.379244249918085 5.273559366969494e-16 1.4037460133309028
    endloop
  endfacet
  facet normal -0.8827613551057734 0.01618477470020242 0.46954280209553045
    outer loop
      vertex -3.268612584322662 -0.0758721321402903 1.6143537192993547
      vertex -12.31981306788062 -24.404719563785854 -14.56370940061484
      vertex -3.192740374051158 4.102849963499981e-16 1.7543815964087375
    endloop
  endfacet
  facet normal -0.7588458086630386 -0.14280491687953942 0.6354209584122692
    outer loop
      vertex -2.6523290227448095 -0.7021079056460627 2.4066122251152513
      vertex -2.6885550602604726 -0.5976113928679218 2.386834216937572
      vertex -12.135220108002473 -25.82201243215448 -14.56370940061484
    endloop
  endfacet
  facet normal -0.7588458086630366 -0.14280491687954158 0.6354209584122713
    outer loop
      vertex -2.6523290227448095 -0.7021079056460627 2.4066122251152513
      vertex -12.135220108002473 -25.82201243215448 -14.56370940061484
      vertex -2.62571431371772 -0.6622777671264769 2.4473480549173727
    endloop
  endfacet
  facet normal -0.827886263636535 -0.06385637119742754 0.557249224619859
    outer loop
      vertex -3.039107983893531 -0.4001061565173785 1.9750588073930038
      vertex -12.262775600069906 -25.14419998253854 -14.56370940061484
      vertex -3.000722448768931 -0.43724259988123937 2.0278313505215477
    endloop
  endfacet
  facet normal -0.8278862636365346 -0.06385637119742799 0.5572492246198595
    outer loop
      vertex -3.039107983893531 -0.4001061565173785 1.9750588073930038
      vertex -3.0382546036930345 -0.20314407688334307 1.998896948080666
      vertex -12.262775600069906 -25.14419998253854 -14.56370940061484
    endloop
  endfacet
  facet normal -0.8278862636365328 -0.06385637119743028 0.5572492246198618
    outer loop
      vertex -3.000722448768931 -0.43724259988123937 2.0278313505215477
      vertex -12.262775600069906 -25.14419998253854 -14.56370940061484
      vertex -2.9689692238164307 -0.39087221357554514 2.080319720307604
    endloop
  endfacet
  facet normal -0.882761355105773 0.01618477470020178 0.46954280209553134
    outer loop
      vertex -3.12863054235394 -0.0871873383915568 1.8779162115159151
      vertex -3.192740374051158 4.102849963499981e-16 1.7543815964087375
      vertex -12.31981306788062 -24.404719563785854 -14.56370940061484
    endloop
  endfacet
  facet normal -0.8278862636365344 -0.0638563711974282 0.5572492246198597
    outer loop
      vertex -3.12863054235394 -0.0871873383915568 1.8779162115159151
      vertex -12.31981306788062 -24.404719563785854 -14.56370940061484
      vertex -3.0382546036930345 -0.20314407688334307 1.998896948080666
    endloop
  endfacet
  facet normal -0.8278862636365362 -0.06385637119742596 0.5572492246198573
    outer loop
      vertex -2.9689692238164307 -0.39087221357554514 2.080319720307604
      vertex -12.262775600069906 -25.14419998253854 -14.56370940061484
      vertex -2.901999435499654 -0.37796610518487445 2.181293400643542
    endloop
  endfacet
  facet normal -0.758845808663037 -0.1428049168795412 0.6354209584122709
    outer loop
      vertex -2.901999435499654 -0.37796610518487445 2.181293400643542
      vertex -12.262775600069906 -25.14419998253854 -14.56370940061484
      vertex -2.6885550602604726 -0.5976113928679218 2.386834216937572
    endloop
  endfacet
  facet normal -0.6768212915115116 -0.2193100308408395 0.702720463434273
    outer loop
      vertex -2.62571431371772 -0.6622777671264769 2.4473480549173727
      vertex -12.135220108002473 -25.82201243215448 -14.56370940061484
      vertex -2.3045024920425363 -0.9352576728544589 2.6715279054384964
    endloop
  endfacet
  facet normal -0.5832161744119075 -0.29206268937022606 0.7579962264959966
    outer loop
      vertex -2.3045024920425363 -0.9352576728544589 2.6715279054384964
      vertex -11.939329101512664 -26.42655935369563 -14.56370940061484
      vertex -2.230473287054769 -0.9880075062760244 2.7081623510255857
    endloop
  endfacet
  facet normal -0.24975670950085707 -0.47580511064127656 0.8433451741410197
    outer loop
      vertex -1.0414693808841546 -1.8038778822186587 2.9925786810169948
      vertex -10.555647310872011 -27.927559150210424 -14.56370940061484
      vertex -0.7844806450173721 -1.8939038126201333 3.0178943689799462
    endloop
  endfacet
  facet normal -0.24975670950086248 -0.47580511064127434 0.8433451741410194
    outer loop
      vertex -0.7844806450173721 -1.8939038126201333 3.0178943689799462
      vertex -10.555647310872011 -27.927559150210424 -14.56370940061484
      vertex -0.7479587666405092 -1.8829965235913357 3.03486408490429
    endloop
  endfacet
  facet normal -0.24975670950086204 -0.4758051106412744 0.8433451741410194
    outer loop
      vertex -0.7479587666405092 -1.8829965235913357 3.03486408490429
      vertex -10.555647310872011 -27.927559150210424 -14.56370940061484
      vertex -0.6897854891784758 -1.8249970354870921 3.0848147107050266
    endloop
  endfacet
  facet normal -0.12739869077160637 -0.5220521916846378 0.8433451741410197
    outer loop
      vertex -0.6589145888019895 -1.9132229489856092 3.03486408490429
      vertex -0.6897854891784758 -1.8249970354870921 3.0848147107050266
      vertex -10.089342468921885 -28.04135357021507 -14.56370940061484
    endloop
  endfacet
  facet normal -0.12739869077160706 -0.5220521916846375 0.8433451741410198
    outer loop
      vertex -0.6589145888019895 -1.9132229489856092 3.03486408490429
      vertex -10.089342468921885 -28.04135357021507 -14.56370940061484
      vertex -0.5405722928953155 -2.0174432622493224 2.9882262542722176
    endloop
  endfacet
  facet normal -0.5832161744119108 -0.29206268937022395 0.757996226495995
    outer loop
      vertex -2.230473287054769 -0.9880075062760244 2.7081623510255857
      vertex -11.67845433003276 -26.947496781722343 -14.56370940061484
      vertex -2.1238271497803414 -1.2261921766379158 2.6984431691376876
    endloop
  endfacet
  facet normal -0.5832161744119082 -0.29206268937022556 0.7579962264959963
    outer loop
      vertex -2.1238271497803414 -1.2261921766379158 2.6984431691376876
      vertex -11.67845433003276 -26.947496781722343 -14.56370940061484
      vertex -2.0507041178124155 -1.2534172719024568 2.744215297298268
    endloop
  endfacet
  facet normal -0.5832161744119099 -0.29206268937022445 0.7579962264959954
    outer loop
      vertex -2.0507041178124155 -1.2534172719024568 2.744215297298268
      vertex -11.67845433003276 -26.947496781722343 -14.56370940061484
      vertex -1.9438599937997056 -1.192235060497486 2.8499971728100997
    endloop
  endfacet
  facet normal -0.4796320668700488 -0.35981807430940915 0.8003024639661142
    outer loop
      vertex -1.9438599937997056 -1.192235060497486 2.8499971728100997
      vertex -11.67845433003276 -26.947496781722343 -14.56370940061484
      vertex -1.7415998613993238 -1.336376575912118 2.9064079985625786
    endloop
  endfacet
  facet normal -0.47963206687005255 -0.35981807430940704 0.8003024639661129
    outer loop
      vertex -1.7415998613993238 -1.336376575912118 2.9064079985625786
      vertex -11.357059433230939 -27.37591133240994 -14.56370940061484
      vertex -1.7182176265180829 -1.3277559148136504 2.9242971591793094
    endloop
  endfacet
  facet normal -0.36784132168490874 -0.4214168722367433 0.8289153043920107
    outer loop
      vertex -1.549957512123154 -1.4288129757053945 2.9797021983864256
      vertex -11.357059433230939 -27.37591133240994 -14.56370940061484
      vertex -1.4806324650610159 -1.4637919610317367 2.992682876014106
    endloop
  endfacet
  facet normal -0.4796320668700474 -0.35981807430941015 0.8003024639661147
    outer loop
      vertex -1.7182176265180829 -1.3277559148136504 2.9242971591793094
      vertex -11.357059433230939 -27.37591133240994 -14.56370940061484
      vertex -1.549957512123154 -1.4288129757053945 2.9797021983864256
    endloop
  endfacet
  facet normal -0.3678413216849092 -0.421416872236743 0.8289153043920107
    outer loop
      vertex -1.4808067075792726 -1.4808067075792726 2.98395533191902
      vertex -1.4806324650610159 -1.4637919610317367 2.992682876014106
      vertex -10.98064356689898 -27.704472714017207 -14.56370940061484
    endloop
  endfacet
  facet normal -0.3678413216849086 -0.42141687223674346 0.8289153043920109
    outer loop
      vertex -1.4808067075792726 -1.4808067075792726 2.98395533191902
      vertex -10.98064356689898 -27.704472714017207 -14.56370940061484
      vertex -1.2776446440658542 -1.6650589176212922 2.9804379784763246
    endloop
  endfacet
  facet normal -0.36784132168490724 -0.42141687223674396 0.828915304392011
    outer loop
      vertex -1.2776446440658542 -1.6650589176212922 2.9804379784763246
      vertex -10.98064356689898 -27.704472714017207 -14.56370940061484
      vertex -1.1705012112538438 -1.6515263539844542 3.03486408490429
    endloop
  endfacet
  facet normal -0.3678413216849104 -0.4214168722367423 0.8289153043920103
    outer loop
      vertex -1.1705012112538438 -1.6515263539844542 3.03486408490429
      vertex -10.98064356689898 -27.704472714017207 -14.56370940061484
      vertex -1.1295348276847672 -1.6409435047571863 3.058423693218836
    endloop
  endfacet
  facet normal -0.2497567095008567 -0.4758051106412768 0.8433451741410198
    outer loop
      vertex -1.1029914228839162 -1.6966349524236923 3.03486408490429
      vertex -1.1295348276847672 -1.6409435047571863 3.058423693218836
      vertex -10.98064356689898 -27.704472714017207 -14.56370940061484
    endloop
  endfacet
  facet normal -0.24975670950085976 -0.47580511064127545 0.8433451741410196
    outer loop
      vertex -1.1029914228839162 -1.6966349524236923 3.03486408490429
      vertex -10.555647310872011 -27.927559150210424 -14.56370940061484
      vertex -1.0414693808841546 -1.8038778822186587 2.9925786810169948
    endloop
  endfacet
  facet normal -0.12739869077160593 -0.5220521916846379 0.8433451741410197
    outer loop
      vertex -0.5405722928953155 -2.0174432622493224 2.9882262542722176
      vertex -10.089342468921885 -28.04135357021507 -14.56370940061484
      vertex -0.26532149851543174 -2.0153168635429908 3.031122903298193
    endloop
  endfacet
  facet normal -0.1273986907716152 -0.5220521916846348 0.8433451741410203
    outer loop
      vertex -0.26532149851543174 -2.0153168635429908 3.031122903298193
      vertex -10.089342468921885 -28.04135357021507 -14.56370940061484
      vertex -0.25877741208184674 -2.0108701828353377 3.03486408490429
    endloop
  endfacet
  facet normal -0.12739869077158686 -0.5220521916846443 0.8433451741410186
    outer loop
      vertex -0.25877741208184674 -2.0108701828353377 3.03486408490429
      vertex -10.089342468921885 -28.04135357021507 -14.56370940061484
      vertex -0.23823372970767287 -1.9778243609550437 3.058423693218836
    endloop
  endfacet
  facet normal -0.002860845121661178 -0.5593668149880631 0.8289153043920107
    outer loop
      vertex -0.22962494546557521 -2.012780936446974 3.03486408490429
      vertex -0.23823372970767287 -1.9778243609550437 3.058423693218836
      vertex -9.58970764617849 -28.043908919955093 -14.56370940061484
    endloop
  endfacet
  facet normal -0.002860845121660399 -0.5593668149880633 0.8289153043920108
    outer loop
      vertex -0.22962494546557521 -2.012780936446974 3.03486408490429
      vertex -9.58970764617849 -28.043908919955093 -14.56370940061484
      vertex 0 -2.1290513704748664 2.95719523187034
    endloop
  endfacet
  facet normal -0.0028608451216609403 -0.5593668149880632 0.8289153043920106
    outer loop
      vertex 0 -2.1290513704748664 2.95719523187034
      vertex -9.58970764617849 -28.043908919955093 -14.56370940061484
      vertex 0.10570180775474394 -2.06764233311793 2.998999954204807
    endloop
  endfacet
  facet normal -0.002860845121664573 -0.5593668149880622 0.8289153043920113
    outer loop
      vertex 0.10570180775474394 -2.06764233311793 2.998999954204807
      vertex -9.58970764617849 -28.043908919955093 -14.56370940061484
      vertex 0.21739427492929694 -2.0968105632505445 2.9797021983864256
    endloop
  endfacet
  facet normal 0.12172595038148971 -0.587110517001262 0.8003024639661145
    outer loop
      vertex 0.21739427492929694 -2.0968105632505445 2.9797021983864256
      vertex -9.065291732983908 -27.935181476687966 -14.56370940061484
      vertex 0.6693026032491467 -2.1799197554631116 2.8499971728100997
    endloop
  endfacet
  facet normal 0.24422998112480426 -0.6048085952907818 0.7579962264959957
    outer loop
      vertex 0.7259346227441011 -2.2896255796427845 2.744215297298268
      vertex 0.6693026032491467 -2.1799197554631116 2.8499971728100997
      vertex -8.525067631008463 -27.71703159711294 -14.56370940061484
    endloop
  endfacet
  facet normal 0.24422998112480523 -0.6048085952907819 0.7579962264959955
    outer loop
      vertex 0.7259346227441011 -2.2896255796427845 2.744215297298268
      vertex -8.525067631008463 -27.71703159711294 -14.56370940061484
      vertex 0.9484400795434661 -2.2897369031320527 2.6724341577417245
    endloop
  endfacet
  facet normal 0.24422998112480468 -0.6048085952907818 0.7579962264959956
    outer loop
      vertex 0.9484400795434661 -2.2897369031320527 2.6724341577417245
      vertex -8.525067631008463 -27.71703159711294 -14.56370940061484
      vertex 1.010409585268695 -2.2153969708666366 2.7117834549430473
    endloop
  endfacet
  facet normal 0.24422998112480584 -0.6048085952907819 0.7579962264959953
    outer loop
      vertex 1.010409585268695 -2.2153969708666366 2.7117834549430473
      vertex -8.525067631008463 -27.71703159711294 -14.56370940061484
      vertex 1.109758978461664 -2.225729916271766 2.6715279054384964
    endloop
  endfacet
  facet normal 0.3625551691777305 -0.6121582308302543 0.7027204634342735
    outer loop
      vertex 1.350908913583809 -2.38701422014928 2.4066122251152513
      vertex 1.2982041272903162 -2.2485555070624414 2.5544192678328868
      vertex -7.978278724415368 -27.3931918861521 -14.56370940061484
    endloop
  endfacet
  facet normal 0.36255516917772923 -0.6121582308302544 0.7027204634342743
    outer loop
      vertex 1.350908913583809 -2.38701422014928 2.4066122251152513
      vertex -7.978278724415368 -27.3931918861521 -14.56370940061484
      vertex 1.3752541562332234 -2.382010071916209 2.398411008076406
    endloop
  endfacet
  facet normal 0.3625551691777368 -0.6121582308302546 0.7027204634342703
    outer loop
      vertex 1.3752541562332234 -2.382010071916209 2.398411008076406
      vertex -7.978278724415368 -27.3931918861521 -14.56370940061484
      vertex 1.3997816264091438 -2.358069000148673 2.4066122251152513
    endloop
  endfacet
  facet normal 0.36255516917772884 -0.6121582308302544 0.7027204634342745
    outer loop
      vertex 1.3997816264091438 -2.358069000148673 2.4066122251152513
      vertex -7.978278724415368 -27.3931918861521 -14.56370940061484
      vertex 1.5312270698693855 -2.2334572211240955 2.4473480549173727
    endloop
  endfacet
  facet normal 0.8250254185148717 -0.49551044379063475 0.27166607977215174
    outer loop
      vertex 2.59960193670094 -2.895739692063008 0.2303494575337721
      vertex 2.5892656378523773 -2.687353552431513 0.6418296758437092
      vertex -5.9109209220243555 -25.17668612934291 -14.56370940061484
    endloop
  endfacet
  facet normal 0.7553626643341673 -0.5382369663848393 0.37380237204548783
    outer loop
      vertex 2.5892656378523773 -2.687353552431513 0.6418296758437092
      vertex 2.5159071245386824 -2.5809397513308987 0.9432941179697943
      vertex -5.9109209220243555 -25.17668612934291 -14.56370940061484
    endloop
  endfacet
  facet normal 0.47467693776674225 -0.6090336693178955 0.6354209584122706
    outer loop
      vertex 1.5826412766979494 -2.2358860880883 2.4066122251152513
      vertex 1.5312270698693855 -2.2334572211240955 2.4473480549173727
      vertex -7.434280722994958 -26.969203331045332 -14.56370940061484
    endloop
  endfacet
  facet normal 0.4746769377667429 -0.6090336693178954 0.6354209584122701
    outer loop
      vertex 1.5826412766979494 -2.2358860880883 2.4066122251152513
      vertex -7.434280722994958 -26.969203331045332 -14.56370940061484
      vertex 1.735372046946719 -2.2615808829003448 2.267890377300466
    endloop
  endfacet
  facet normal 0.5786768523452565 -0.5954883728674735 0.55724922461986
    outer loop
      vertex 2.0122343680741537 -2.263258584369995 2.0278313505215477
      vertex 1.9264954415752935 -2.202969453691664 2.181293400643542
      vertex -7.434280722994958 -26.969203331045332 -14.56370940061484
    endloop
  endfacet
  facet normal 0.4746769377667426 -0.6090336693178956 0.6354209584122704
    outer loop
      vertex 1.735372046946719 -2.2615808829003448 2.267890377300466
      vertex -7.434280722994958 -26.969203331045332 -14.56370940061484
      vertex 1.9264954415752935 -2.202969453691664 2.181293400643542
    endloop
  endfacet
  facet normal 0.7553626643341667 -0.5382369663848398 0.37380237204548883
    outer loop
      vertex 2.5159071245386824 -2.5809397513308987 0.9432941179697943
      vertex 2.505029140801209 -2.3129509210413643 1.3511521981213814
      vertex -6.391682247308502 -25.851387382240144 -14.56370940061484
    endloop
  endfacet
  facet normal 0.6727754455406081 -0.5717541052567208 0.469542802095531
    outer loop
      vertex 2.505029140801209 -2.3129509210413643 1.3511521981213814
      vertex 2.308293683916431 -2.241127426700662 1.720499064112071
      vertex -6.391682247308502 -25.851387382240144 -14.56370940061484
    endloop
  endfacet
  facet normal 0.5786768523452578 -0.5954883728674732 0.5572492246198589
    outer loop
      vertex 2.0122343680741537 -2.263258584369995 2.0278313505215477
      vertex -6.902381583376277 -26.45232049352234 -14.56370940061484
      vertex 2.1855368221510525 -2.1855368221510525 1.9309201113078591
    endloop
  endfacet
  facet normal 0.6727754455406076 -0.5717541052567208 0.46954280209553134
    outer loop
      vertex 2.308293683916431 -2.241127426700662 1.720499064112071
      vertex 2.288800942150403 -2.1347882681280455 1.8779162115159151
      vertex -6.902381583376277 -26.45232049352234 -14.56370940061484
    endloop
  endfacet
  facet normal 0.5786768523452562 -0.5954883728674736 0.5572492246198602
    outer loop
      vertex 2.288800942150403 -2.1347882681280455 1.8779162115159151
      vertex 2.1855368221510525 -2.1855368221510525 1.9309201113078591
      vertex -6.902381583376277 -26.45232049352234 -14.56370940061484
    endloop
  endfacet
  facet normal 0.8805717590445287 -0.4443056001217211 0.16488150555384276
    outer loop
      vertex 2.643979805497839 -3.240120667669412 -0.761957113856916
      vertex 2.6301593402257692 -3.1609927238132007 -0.47492128265256556
      vertex -5.071463145964526 -23.653221167447175 -14.56370940061484
    endloop
  endfacet
  facet normal 0.8805717590445278 -0.44430560012172193 0.16488150555384465
    outer loop
      vertex 2.6301593402257692 -3.1609927238132007 -0.47492128265256556
      vertex 2.638208083652204 -2.991939291406452 -0.062358998286539985
      vertex -5.468323567091675 -24.439761060330245 -14.56370940061484
    endloop
  endfacet
  facet normal 0.8250254185148715 -0.4955104437906348 0.2716660797721518
    outer loop
      vertex 2.638208083652204 -2.991939291406452 -0.062358998286539985
      vertex 2.59960193670094 -2.895739692063008 0.2303494575337721
      vertex -5.468323567091675 -24.439761060330245 -14.56370940061484
    endloop
  endfacet
  facet normal 0.3625551691777323 -0.6121582308302544 0.7027204634342726
    outer loop
      vertex 1.109758978461664 -2.225729916271766 2.6715279054384964
      vertex -7.978278724415368 -27.3931918861521 -14.56370940061484
      vertex 1.2982041272903162 -2.2485555070624414 2.5544192678328868
    endloop
  endfacet
  facet normal -0.8827613551057726 0.016184774700202326 0.469542802095532
    outer loop
      vertex -3.268612584322662 -0.0758721321402903 1.6143537192993547
      vertex -3.2959839734400087 0 1.5602790368641095
      vertex -3.379244249918085 5.273559366969494e-16 1.4037460133309028
    endloop
  endfacet
  facet normal -0.8827613551057703 0.01618477470020987 0.46954280209553595
    outer loop
      vertex -3.12863054235394 -0.0871873383915568 1.8779162115159151
      vertex -3.1802678783051936 4.0245584642661925e-16 1.7778304432382932
      vertex -3.192740374051158 4.102849963499981e-16 1.7543815964087375
    endloop
  endfacet
  facet normal 0.29880786340782756 0.7905696386117289 0.5345217556573066
    outer loop
      vertex -3.0382546036930345 -0.20314407688334307 1.998896948080666
      vertex -3.17946220646368 0 1.7773800573016643
      vertex -3.1802678783051936 4.0245584642661925e-16 1.7778304432382932
    endloop
  endfacet
  facet normal 0.2988078634077792 0.7905696386117269 0.5345217556573367
    outer loop
      vertex -3.12863054235394 -0.0871873383915568 1.8779162115159151
      vertex -3.0382546036930345 -0.20314407688334307 1.998896948080666
      vertex -3.1802678783051936 4.0245584642661925e-16 1.7778304432382932
    endloop
  endfacet
  facet normal -0.8278862636365358 -0.06385637119742898 0.5572492246198576
    outer loop
      vertex -2.9689692238164307 -0.39087221357554514 2.080319720307604
      vertex -2.901999435499654 -0.37796610518487445 2.181293400643542
      vertex -2.9888530937475983 -0.26652862430514873 2.0650277252450873
    endloop
  endfacet
  facet normal 0.29880786340777704 0.7905696386117256 0.5345217556573397
    outer loop
      vertex -2.9888530937475983 -0.26652862430514873 2.0650277252450873
      vertex -2.901999435499654 -0.37796610518487445 2.181293400643542
      vertex -2.8928165472707263 -0.38084652351033804 2.1804201940209005
    endloop
  endfacet
  facet normal 0.2988078634077771 0.7905696386117256 0.5345217556573398
    outer loop
      vertex -2.901999435499654 -0.37796610518487445 2.181293400643542
      vertex -2.6885550602604726 -0.5976113928679218 2.386834216937572
      vertex -2.8928165472707263 -0.38084652351033804 2.1804201940209005
    endloop
  endfacet
  facet normal -0.7588458086630373 -0.1428049168795403 0.6354209584122705
    outer loop
      vertex -2.6523290227448095 -0.7021079056460627 2.4066122251152513
      vertex -2.62571431371772 -0.6622777671264769 2.4473480549173727
      vertex -2.6631686276828597 -0.6237353433374891 2.4112806239649243
    endloop
  endfacet
  facet normal 0.2988078634077877 0.7905696386117275 0.5345217556573308
    outer loop
      vertex -2.6631686276828597 -0.6237353433374891 2.4112806239649243
      vertex -2.62571431371772 -0.6622777671264769 2.4473480549173727
      vertex -2.587577811016381 -0.6933393848145315 2.4719698497105966
    endloop
  endfacet
  facet normal 0.29880786340776705 0.7905696386117204 0.5345217556573534
    outer loop
      vertex -2.587577811016381 -0.6933393848145315 2.4719698497105966
      vertex -2.62571431371772 -0.6622777671264769 2.4473480549173727
      vertex -2.2851511082469 -0.9465405811077744 2.677397786357555
    endloop
  endfacet
  facet normal 0.2988078634077781 0.7905696386117245 0.5345217556573407
    outer loop
      vertex -2.62571431371772 -0.6622777671264769 2.4473480549173727
      vertex -2.3045024920425363 -0.9352576728544589 2.6715279054384964
      vertex -2.2851511082469 -0.9465405811077744 2.677397786357555
    endloop
  endfacet
  facet normal 0.2988078634077723 0.7905696386117189 0.5345217556573524
    outer loop
      vertex -2.3045024920425363 -0.9352576728544589 2.6715279054384964
      vertex -2.230473287054769 -0.9880075062760244 2.7081623510255857
      vertex -2.2851511082469 -0.9465405811077744 2.677397786357555
    endloop
  endfacet
  facet normal -0.5832161744119096 -0.292062689370225 0.7579962264959956
    outer loop
      vertex -2.0507041178124155 -1.2534172719024568 2.744215297298268
      vertex -1.9438599937997056 -1.192235060497486 2.8499971728100997
      vertex -2.023207582923588 -1.1680994426274256 2.7982453532868874
    endloop
  endfacet
  facet normal -0.5832161744119095 -0.2920626893702211 0.757996226495997
    outer loop
      vertex -2.023207582923588 -1.1680994426274256 2.7982453532868874
      vertex -1.9438599937997056 -1.192235060497486 2.8499971728100997
      vertex -2.0540174964361775 -1.1137418507545236 2.7954841054738724
    endloop
  endfacet
  facet normal 0.2988078634078409 0.7905696386117549 0.5345217556572606
    outer loop
      vertex -2.0540174964361775 -1.1137418507545236 2.7954841054738724
      vertex -1.9438599937997056 -1.192235060497486 2.8499971728100997
      vertex -1.9969298916123726 -1.1529280104752138 2.821528251960255
    endloop
  endfacet
  facet normal 0.2988078634077937 0.7905696386117328 0.5345217556573196
    outer loop
      vertex -1.9969298916123726 -1.1529280104752138 2.821528251960255
      vertex -1.9438599937997056 -1.192235060497486 2.8499971728100997
      vertex -1.7321189240805372 -1.3194067925080164 2.9197197111058473
    endloop
  endfacet
  facet normal -0.47963206687004856 -0.3598180743094089 0.8003024639661145
    outer loop
      vertex -1.9438599937997056 -1.192235060497486 2.8499971728100997
      vertex -1.7415998613993238 -1.336376575912118 2.9064079985625786
      vertex -1.7321189240805372 -1.3194067925080164 2.9197197111058473
    endloop
  endfacet
  facet normal 0.29880786340778775 0.7905696386117285 0.5345217556573295
    outer loop
      vertex -1.7182176265180829 -1.3277559148136504 2.9242971591793094
      vertex -1.549957512123154 -1.4288129757053945 2.9797021983864256
      vertex -1.4806324650610159 -1.4637919610317367 2.992682876014106
    endloop
  endfacet
  facet normal 0.2988078634077972 0.7905696386117453 0.5345217556572994
    outer loop
      vertex -1.1783672313467548 -1.6163043879656513 3.0492801337611284
      vertex -1.1295348276847672 -1.6409435047571863 3.058423693218836
      vertex -1.0413225798877614 -1.6778640279711807 3.063717643135883
    endloop
  endfacet
  facet normal -0.36784132168491085 -0.42141687223674146 0.8289153043920108
    outer loop
      vertex -1.1705012112538438 -1.6515263539844542 3.03486408490429
      vertex -1.1295348276847672 -1.6409435047571863 3.058423693218836
      vertex -1.1783672313467548 -1.6163043879656513 3.0492801337611284
    endloop
  endfacet
  facet normal -0.24975670950085366 -0.475805110641276 0.8433451741410213
    outer loop
      vertex -1.1029914228839162 -1.6966349524236923 3.03486408490429
      vertex -1.0413225798877614 -1.6778640279711807 3.063717643135883
      vertex -1.1295348276847672 -1.6409435047571863 3.058423693218836
    endloop
  endfacet
  facet normal -0.2497567095008563 -0.4758051106412794 0.8433451741410184
    outer loop
      vertex -0.7479587666405092 -1.8829965235913357 3.03486408490429
      vertex -0.6897854891784758 -1.8249970354870921 3.0848147107050266
      vertex -0.7563834455231891 -1.8260711725365741 3.0644857079911945
    endloop
  endfacet
  facet normal -0.12739869077160743 -0.522052191684638 0.8433451741410195
    outer loop
      vertex -0.6589145888019895 -1.9132229489856092 3.03486408490429
      vertex -0.5651237569508218 -1.867188697295435 3.0775288350859515
      vertex -0.6897854891784758 -1.8249970354870921 3.0848147107050266
    endloop
  endfacet
  facet normal -0.1273986907716033 -0.522052191684632 0.8433451741410237
    outer loop
      vertex -0.33665281478101816 -1.9445145017167813 3.0641758129718175
      vertex -0.26316630869562513 -1.9989465716054915 3.041582102468783
      vertex -0.23823372970767287 -1.9778243609550437 3.058423693218836
    endloop
  endfacet
  facet normal -0.12739869077159252 -0.5220521916846413 0.8433451741410195
    outer loop
      vertex -0.26316630869562513 -1.9989465716054915 3.041582102468783
      vertex -0.25877741208184674 -2.0108701828353377 3.03486408490429
      vertex -0.23823372970767287 -1.9778243609550437 3.058423693218836
    endloop
  endfacet
  facet normal 0.2988078634077861 0.7905696386117482 0.5345217556573012
    outer loop
      vertex -0.23823372970767287 -1.9778243609550437 3.058423693218836
      vertex -0.17635264922942231 -1.99398446236478 3.047732139785956
      vertex -0.25934184812464706 -1.9698969094945298 3.058498656170409
    endloop
  endfacet
  facet normal -0.002860845121658514 -0.5593668149880626 0.828915304392011
    outer loop
      vertex -0.22962494546557521 -2.012780936446974 3.03486408490429
      vertex -0.17635264922942231 -1.99398446236478 3.047732139785956
      vertex -0.23823372970767287 -1.9778243609550437 3.058423693218836
    endloop
  endfacet
  facet normal 0.29880786340780174 0.7905696386117909 0.5345217556572294
    outer loop
      vertex -0.33665281478101816 -1.9445145017167813 3.0641758129718175
      vertex -0.23823372970767287 -1.9778243609550437 3.058423693218836
      vertex -0.25934184812464706 -1.9698969094945298 3.058498656170409
    endloop
  endfacet
  facet normal -0.24975670950085752 -0.47580511064127246 0.8433451741410222
    outer loop
      vertex -0.8179032186542049 -1.7713743955095007 3.077125882222942
      vertex -0.7563834455231891 -1.8260711725365741 3.0644857079911945
      vertex -0.6897854891784758 -1.8249970354870921 3.0848147107050266
    endloop
  endfacet
  facet normal 0.29880786340777143 0.7905696386117008 0.5345217556573795
    outer loop
      vertex -0.8179032186542049 -1.7713743955095007 3.077125882222942
      vertex -0.6897854891784758 -1.8249970354870921 3.0848147107050266
      vertex -0.7458933467878165 -1.8007458338990046 3.080312004131747
    endloop
  endfacet
  facet normal 0.2988078634077851 0.7905696386117248 0.5345217556573365
    outer loop
      vertex -0.5651237569508218 -1.867188697295435 3.0775288350859515
      vertex -0.7458933467878165 -1.8007458338990046 3.080312004131747
      vertex -0.6897854891784758 -1.8249970354870921 3.0848147107050266
    endloop
  endfacet
  facet normal 0.36255516917772995 -0.6121582308302553 0.7027204634342731
    outer loop
      vertex 1.3997816264091438 -2.358069000148673 2.4066122251152513
      vertex 1.5312270698693855 -2.2334572211240955 2.4473480549173727
      vertex 1.2982041272903162 -2.2485555070624414 2.5544192678328868
    endloop
  endfacet
  facet normal 0.2988078634077793 0.7905696386117375 0.5345217556573211
    outer loop
      vertex 1.5870747641048448 -2.229149587031998 2.409757040696632
      vertex 1.2868309285080473 -2.2288565489269714 2.5771656653974246
      vertex 1.5312270698693855 -2.2334572211240955 2.4473480549173727
    endloop
  endfacet
  facet normal 0.2988078634077874 0.7905696386117153 0.5345217556573492
    outer loop
      vertex 0.10570180775474394 -2.06764233311793 2.998999954204807
      vertex 0.21739427492929694 -2.0968105632505445 2.9797021983864256
      vertex 0.2773273003648862 -2.1065099823175473 2.960544151135691
    endloop
  endfacet
  facet normal 0.2988078634077962 0.7905696386116817 0.534521755657394
    outer loop
      vertex 0.21739427492929694 -2.0968105632505445 2.9797021983864256
      vertex 0.5792541531299632 -2.161805929976306 2.87354522184851
      vertex 0.2773273003648862 -2.1065099823175473 2.960544151135691
    endloop
  endfacet
  facet normal 0.29880786340778287 0.7905696386117427 0.5345217556573111
    outer loop
      vertex 0.21739427492929694 -2.0968105632505445 2.9797021983864256
      vertex 0.6693026032491467 -2.1799197554631116 2.8499971728100997
      vertex 0.5792541531299632 -2.161805929976306 2.87354522184851
    endloop
  endfacet
  facet normal 0.24422998112480676 -0.6048085952907807 0.7579962264959961
    outer loop
      vertex 0.7259346227441011 -2.2896255796427845 2.744215297298268
      vertex 0.8139289286944018 -2.1949617791427896 2.7913957861633336
      vertex 0.6693026032491467 -2.1799197554631116 2.8499971728100997
    endloop
  endfacet
  facet normal 0.29880786340778565 0.7905696386117256 0.5345217556573348
    outer loop
      vertex 0.8139289286944018 -2.1949617791427896 2.7913957861633336
      vertex 0.5792541531299632 -2.161805929976306 2.87354522184851
      vertex 0.6693026032491467 -2.1799197554631116 2.8499971728100997
    endloop
  endfacet
  facet normal 0.36255516917772757 -0.6121582308302639 0.7027204634342668
    outer loop
      vertex 1.109758978461664 -2.225729916271766 2.6715279054384964
      vertex 1.2982041272903162 -2.2485555070624414 2.5544192678328868
      vertex 1.5312270698693855 -2.2334572211240955 2.4473480549173727
    endloop
  endfacet
  facet normal 0.2988078634079028 0.7905696386115286 0.5345217556575609
    outer loop
      vertex 1.109758978461664 -2.225729916271766 2.6715279054384964
      vertex 1.5312270698693855 -2.2334572211240955 2.4473480549173727
      vertex 1.2868309285080473 -2.2288565489269714 2.5771656653974246
    endloop
  endfacet
  facet normal 0.2988078634077854 0.7905696386117261 0.5345217556573342
    outer loop
      vertex 1.010409585268695 -2.2153969708666366 2.7117834549430473
      vertex 1.109758978461664 -2.225729916271766 2.6715279054384964
      vertex 1.2868309285080473 -2.2288565489269714 2.5771656653974246
    endloop
  endfacet
  facet normal 0.6727754455406079 -0.5717541052567209 0.46954280209553134
    outer loop
      vertex 2.308293683916431 -2.241127426700662 1.720499064112071
      vertex 2.385203789304798 -2.1035509065855926 1.7778244232132303
      vertex 2.288800942150403 -2.1347882681280455 1.8779162115159151
    endloop
  endfacet
  facet normal 0.5786768523452562 -0.5954883728674776 0.5572492246198559
    outer loop
      vertex 2.288800942150403 -2.1347882681280455 1.8779162115159151
      vertex 2.1949515869774294 -2.1524494968146577 1.956501144752154
      vertex 2.1855368221510525 -2.1855368221510525 1.9309201113078591
    endloop
  endfacet
  facet normal 0.29880786340777377 0.7905696386117386 0.5345217556573226
    outer loop
      vertex 2.38074486329782 -2.0996185055528445 1.7745009388249982
      vertex 2.1949515869774294 -2.1524494968146577 1.956501144752154
      vertex 2.288800942150403 -2.1347882681280455 1.8779162115159151
    endloop
  endfacet
  facet normal 0.29880786340777954 0.790569638611734 0.534521755657326
    outer loop
      vertex 2.385203789304798 -2.1035509065855926 1.7778244232132303
      vertex 2.38074486329782 -2.0996185055528445 1.7745009388249982
      vertex 2.288800942150403 -2.1347882681280455 1.8779162115159151
    endloop
  endfacet
  facet normal 0.2988078634077854 0.7905696386117261 0.5345217556573343
    outer loop
      vertex 1.7445326122754237 -2.2170045772131823 2.3037723569818067
      vertex 1.9264954415752935 -2.202969453691664 2.181293400643542
      vertex 2.0533863066546014 -2.179090242350497 2.075041097234881
    endloop
  endfacet
  facet normal 0.47467693776674064 -0.6090336693178987 0.635420958412269
    outer loop
      vertex 1.5826412766979494 -2.2358860880883 2.4066122251152513
      vertex 1.5870747641048448 -2.229149587031998 2.409757040696632
      vertex 1.5312270698693855 -2.2334572211240955 2.4473480549173727
    endloop
  endfacet
  facet normal 0.4746769377667423 -0.6090336693178973 0.6354209584122688
    outer loop
      vertex 1.735372046946719 -2.2615808829003448 2.267890377300466
      vertex 1.9264954415752935 -2.202969453691664 2.181293400643542
      vertex 1.7445326122754237 -2.2170045772131823 2.3037723569818067
    endloop
  endfacet
  facet normal 0.5786768523452568 -0.5954883728674731 0.55724922461986
    outer loop
      vertex 2.0122343680741537 -2.263258584369995 2.0278313505215477
      vertex 2.0533863066546014 -2.179090242350497 2.075041097234881
      vertex 1.9264954415752935 -2.202969453691664 2.181293400643542
    endloop
  endfacet
  facet normal -0.9210512726363156 -0.3854985644499436 -0.05527576306172579
    outer loop
      vertex -3.8686328741254905 9.454218213537243e-16 -1.4287606967404882
      vertex -11.555652991487284 20.249579879496384 -14.56370940061484
      vertex -11.21131989600165 19.42688307838021 -14.56370940061484
    endloop
  endfacet
  facet normal -0.8250254185148693 -0.49551044379063636 -0.2716660797721558
    outer loop
      vertex -3.6049919369719445 8.018057095590101e-16 -2.458809317814436
      vertex -10.8144594748745 18.640343185497137 -14.56370940061484
      vertex -10.37186211994182 17.903418116484477 -14.56370940061484
    endloop
  endfacet
  facet normal -0.8805717590445304 -0.4443056001217189 -0.16488150555383865
    outer loop
      vertex -3.7690572124916235 1.0887934985386244e-15 -1.9605578514815512
      vertex -11.21131989600165 19.42688307838021 -14.56370940061484
      vertex -10.8144594748745 18.640343185497137 -14.56370940061484
    endloop
  endfacet
  facet normal -0.6727754455406092 -0.5717541052567207 -0.46954280209552973
    outer loop
      vertex -3.3792442499180844 6.028670356366129e-16 -2.9149898750087826
      vertex -9.891100794657675 17.22871686358724 -14.56370940061484
      vertex -9.3804014585899 16.627783752305042 -14.56370940061484
    endloop
  endfacet
  facet normal -0.7553626643341688 -0.5382369663848383 -0.3738023720454865
    outer loop
      vertex -3.6049919369719445 8.018057095590101e-16 -2.458809317814436
      vertex -10.37186211994182 17.903418116484477 -14.56370940061484
      vertex -9.891100794657675 17.22871686358724 -14.56370940061484
    endloop
  endfacet
  facet normal -0.36255516917773245 -0.6121582308302541 -0.7027204634342726
    outer loop
      vertex -2.3753963215860567 5.675864744947144e-16 -3.9574382692560066
      vertex -8.304504317550808 15.686912359675283 -14.56370940061484
      vertex -7.757715410957714 15.363072648714446 -14.56370940061484
    endloop
  endfacet
  facet normal -0.2442299811248063 -0.6048085952907819 -0.7579962264959952
    outer loop
      vertex -1.951007577347701 2.2058673658570912e-16 -4.176393516713168
      vertex -7.757715410957714 15.363072648714446 -14.56370940061484
      vertex -7.217491308982268 15.144922769139415 -14.56370940061484
    endloop
  endfacet
  facet normal -0.578676852345254 -0.595488372867474 -0.5572492246198617
    outer loop
      vertex -3.095676756844618 8.881784197001252e-16 -3.32129414725385
      vertex -9.3804014585899 16.627783752305042 -14.56370940061484
      vertex -8.848502318971219 16.110900914782054 -14.56370940061484
    endloop
  endfacet
  facet normal -0.47467693776674363 -0.6090336693178952 -0.6354209584122699
    outer loop
      vertex -2.7591413761777948 6.468929895886467e-16 -3.6707701558027
      vertex -8.848502318971219 16.110900914782054 -14.56370940061484
      vertex -8.304504317550808 15.686912359675283 -14.56370940061484
    endloop
  endfacet
  facet normal -0.9457713435896407 -0.3200955414600311 0.055275763061720454
    outer loop
      vertex -3.9020151546954027 8.404207127869379e-16 -0.8725170503508937
      vertex -11.841567126600477 21.094357018483933 -14.56370940061484
      vertex -11.555652991487284 20.249579879496384 -14.56370940061484
    endloop
  endfacet
  facet normal -0.7553626643341669 -0.5382369663848394 -0.37380237204548866
    outer loop
      vertex -3.3792442499180844 6.028670356366129e-16 -2.9149898750087826
      vertex -3.6049919369719445 8.018057095590101e-16 -2.458809317814436
      vertex -9.891100794657675 17.22871686358724 -14.56370940061484
    endloop
  endfacet
  facet normal -0.8805717590445282 -0.44430560012172143 -0.16488150555384415
    outer loop
      vertex -3.8686328741254905 9.454218213537243e-16 -1.4287606967404882
      vertex -11.21131989600165 19.42688307838021 -14.56370940061484
      vertex -3.7690572124916235 1.0887934985386244e-15 -1.9605578514815512
    endloop
  endfacet
  facet normal -0.9210512726363163 -0.3854985644499424 -0.055275763061723354
    outer loop
      vertex -3.8686328741254905 9.454218213537243e-16 -1.4287606967404882
      vertex -3.9020151546954027 8.404207127869379e-16 -0.8725170503508937
      vertex -11.555652991487284 20.249579879496384 -14.56370940061484
    endloop
  endfacet
  facet normal -0.825025418514872 -0.4955104437906343 -0.27166607977215107
    outer loop
      vertex -3.6049919369719445 8.018057095590101e-16 -2.458809317814436
      vertex -3.7690572124916235 1.0887934985386244e-15 -1.9605578514815512
      vertex -10.8144594748745 18.640343185497137 -14.56370940061484
    endloop
  endfacet
  facet normal -0.9543090046367918 -0.24921559500848264 0.16488150555384817
    outer loop
      vertex -3.8686328741254905 1.1581527962918706e-15 -0.30134439532236673
      vertex -12.064170231219064 21.946760124278306 -14.56370940061484
      vertex -11.841567126600477 21.094357018483933 -14.56370940061484
    endloop
  endfacet
  facet normal -0.946518174030165 -0.17407150063073007 0.2716660797721501
    outer loop
      vertex -3.6049919369719445 8.394016591263247e-16 0.8466080286418155
      vertex -12.219653504505784 22.79220434340856 -14.56370940061484
      vertex -12.064170231219064 21.946760124278306 -14.56370940061484
    endloop
  endfacet
  facet normal -0.9225321550414667 -0.09594899461544648 0.3738023720454866
    outer loop
      vertex -3.379244249918085 5.273559366969494e-16 1.4037460133309028
      vertex -12.305356584546596 23.616223890883976 -14.56370940061484
      vertex -12.219653504505784 22.79220434340856 -14.56370940061484
    endloop
  endfacet
  facet normal -0.8827613551057717 -0.016184774700200473 0.46954280209553373
    outer loop
      vertex -3.12863054235394 0.0871873383915576 1.8779162115159151
      vertex -12.319813067880611 24.40471956378585 -14.56370940061484
      vertex -12.305356584546596 23.616223890883976 -14.56370940061484
    endloop
  endfacet
  facet normal -0.8278862636365335 0.06385637119743005 0.5572492246198609
    outer loop
      vertex -2.9019994354996537 0.37796610518487517 2.181293400643542
      vertex -12.262775600069896 25.14419998253854 -14.56370940061484
      vertex -12.319813067880611 24.40471956378585 -14.56370940061484
    endloop
  endfacet
  facet normal -0.7588458086630392 0.14280491687954044 0.6354209584122683
    outer loop
      vertex -2.62571431371772 0.6622777671264776 2.4473480549173727
      vertex -12.135220108002464 25.822012432154484 -14.56370940061484
      vertex -12.262775600069896 25.14419998253854 -14.56370940061484
    endloop
  endfacet
  facet normal -0.6768212915115119 0.21931003084084033 0.7027204634342724
    outer loop
      vertex -2.304502492042536 0.9352576728544594 2.6715279054384964
      vertex -11.939329101512653 26.42655935369563 -14.56370940061484
      vertex -12.135220108002464 25.822012432154484 -14.56370940061484
    endloop
  endfacet
  facet normal -0.5832161744119111 0.29206268937022506 0.7579962264959944
    outer loop
      vertex -1.9438599937997052 1.1922350604974865 2.8499971728100997
      vertex -11.678454330032752 26.947496781722343 -14.56370940061484
      vertex -11.939329101512653 26.42655935369563 -14.56370940061484
    endloop
  endfacet
  facet normal -0.47963206687004856 0.35981807430941015 0.8003024639661138
    outer loop
      vertex -1.5499575121231535 1.4288129757053947 2.9797021983864256
      vertex -11.35705943323093 27.37591133240994 -14.56370940061484
      vertex -11.678454330032752 26.947496781722343 -14.56370940061484
    endloop
  endfacet
  facet normal -0.3678413216849102 0.42141687223674357 0.82891530439201
    outer loop
      vertex -1.1705012112538433 1.6515263539844545 3.03486408490429
      vertex -10.98064356689897 27.70447271401721 -14.56370940061484
      vertex -11.35705943323093 27.37591133240994 -14.56370940061484
    endloop
  endfacet
  facet normal -0.24975670950085918 0.4758051106412761 0.8433451741410195
    outer loop
      vertex -0.6897854891784754 1.8249970354870921 3.0848147107050266
      vertex -10.555647310872004 27.927559150210428 -14.56370940061484
      vertex -10.98064356689897 27.70447271401721 -14.56370940061484
    endloop
  endfacet
  facet normal -0.1273986907716008 0.5220521916846399 0.8433451741410192
    outer loop
      vertex -0.2587774120818425 2.010870182835338 3.03486408490429
      vertex -10.089342468921876 28.04135357021507 -14.56370940061484
      vertex -10.555647310872004 27.927559150210428 -14.56370940061484
    endloop
  endfacet
  facet normal -0.0028608451216614377 0.5593668149880618 0.8289153043920116
    outer loop
      vertex 0.10570180775474791 2.067642333117931 2.9989999542048067
      vertex -9.589707646178478 28.043908919955093 -14.56370940061484
      vertex -10.089342468921876 28.04135357021507 -14.56370940061484
    endloop
  endfacet
  facet normal 0.12172595038149316 0.5871105170012625 0.8003024639661136
    outer loop
      vertex 0.2173942749292974 2.0968105632505445 2.9797021983864256
      vertex -9.0652917329839 27.935181476687966 -14.56370940061484
      vertex -9.589707646178478 28.043908919955093 -14.56370940061484
    endloop
  endfacet
  facet normal 0.24422998112480052 0.6048085952907809 0.7579962264959978
    outer loop
      vertex 1.0104095852686978 2.215396970866636 2.7117834549430464
      vertex -8.525067631008453 27.71703159711294 -14.56370940061484
      vertex -9.0652917329839 27.935181476687966 -14.56370940061484
    endloop
  endfacet
  facet normal -0.12172595038148688 -0.5871105170012614 -0.8003024639661154
    outer loop
      vertex -1.4932365525394333 2.8283125153994915e-16 -4.323889513184328
      vertex -7.217491308982268 15.144922769139415 -14.56370940061484
      vertex -6.693075395787688 15.036195325872292 -14.56370940061484
    endloop
  endfacet
  facet normal 0.002860845121657952 -0.5593668149880637 -0.8289153043920102
    outer loop
      vertex -0.9961806452872497 0.4764206016031882 -4.7188522665083985
      vertex -6.693075395787688 15.036195325872292 -14.56370940061484
      vertex -6.193440573044293 15.038750675612313 -14.56370940061484
    endloop
  endfacet
  facet normal 0.12739869077160937 -0.5220521916846373 -0.8433451741410195
    outer loop
      vertex -0.6672358351150788 0.9446895146242007 -5.00431780797244
      vertex -6.193440573044293 15.038750675612313 -14.56370940061484
      vertex -5.727135731094165 15.15254509561696 -14.56370940061484
    endloop
  endfacet
  facet normal 0.2497567095008596 -0.47580511064127573 -0.8433451741410195
    outer loop
      vertex -0.11373907543688208 1.6484431568813294 -5.282451340552208
      vertex -5.727135731094165 15.15254509561696 -14.56370940061484
      vertex -5.302139475067198 15.375631531810173 -14.56370940061484
    endloop
  endfacet
  facet normal 0.36784132168490896 -0.42141687223674357 -0.8289153043920106
    outer loop
      vertex 0.018137932796004758 1.825 -5.313690020129754
      vertex -5.302139475067198 15.375631531810173 -14.56370940061484
      vertex -4.925723608735237 15.704192913417442 -14.56370940061484
    endloop
  endfacet
  facet normal 0.47963206687004567 -0.35981807430941115 -0.8003024639661152
    outer loop
      vertex 0.36297401897064824 2.2219792158818303 -5.332483111880947
      vertex -4.925723608735237 15.704192913417442 -14.56370940061484
      vertex -4.604328711933415 16.13260746410504 -14.56370940061484
    endloop
  endfacet
  facet normal 0.5832161744119122 -0.29206268937022345 -0.7579962264959942
    outer loop
      vertex 0.7014180977954881 2.5809397513308987 -5.259792536788602
      vertex -4.604328711933415 16.13260746410504 -14.56370940061484
      vertex -4.3434539404535135 16.653544892131755 -14.56370940061484
    endloop
  endfacet
  facet normal 0.6768212915115128 -0.2193100308408394 -0.7027204634342721
    outer loop
      vertex 1.0276949425237325 2.895739692063008 -5.096883041104902
      vertex -4.3434539404535135 16.653544892131755 -14.56370940061484
      vertex -4.1475629339637035 17.258091813672902 -14.56370940061484
    endloop
  endfacet
  facet normal 0.7588458086630362 -0.1428049168795415 -0.6354209584122716
    outer loop
      vertex 1.3362278331046809 3.1609927238132007 -4.846550057345467
      vertex -4.1475629339637035 17.258091813672902 -14.56370940061484
      vertex -4.020007441896271 17.935904263288844 -14.56370940061484
    endloop
  endfacet
  facet normal 0.8278862636365341 -0.06385637119742878 -0.55724922461986
    outer loop
      vertex 1.6217351848574904 3.3721602936661963 -4.513073496309501
      vertex -4.020007441896271 17.935904263288844 -14.56370940061484
      vertex -3.962969974085556 18.675384682041532 -14.56370940061484
    endloop
  endfacet
  facet normal 0.882761355105773 0.01618477470020137 -0.46954280209553134
    outer loop
      vertex 1.8793204177047331 3.525629265955099 -4.102143845604351
      vertex -3.962969974085556 18.675384682041532 -14.56370940061484
      vertex -3.977426457419573 19.463880354943406 -14.56370940061484
    endloop
  endfacet
  facet normal -0.12172595038148872 -0.5871105170012617 -0.8003024639661148
    outer loop
      vertex -1.4932365525394333 2.8283125153994915e-16 -4.323889513184328
      vertex -6.693075395787688 15.036195325872292 -14.56370940061484
      vertex -1.3085799833275737 0 -4.351975764812376
    endloop
  endfacet
  facet normal -0.12172595038148981 -0.5871105170012619 -0.8003024639661145
    outer loop
      vertex -1.1137768724233301 0.27478989624470734 -4.583194135609342
      vertex -1.3085799833275737 0 -4.351975764812376
      vertex -6.693075395787688 15.036195325872292 -14.56370940061484
    endloop
  endfacet
  facet normal 0.0028608451216586965 -0.5593668149880637 -0.8289153043920103
    outer loop
      vertex -1.1137768724233301 0.27478989624470734 -4.583194135609342
      vertex -6.693075395787688 15.036195325872292 -14.56370940061484
      vertex -0.9961806452872497 0.4764206016031882 -4.7188522665083985
    endloop
  endfacet
  facet normal 0.24975670950085477 -0.47580511064127773 -0.8433451741410198
    outer loop
      vertex -0.3272186785992035 1.3967945281325778 -5.203696232383355
      vertex -5.727135731094165 15.15254509561696 -14.56370940061484
      vertex -0.11373907543688208 1.6484431568813294 -5.282451340552208
    endloop
  endfacet
  facet normal 0.002860845121663636 -0.5593668149880625 -0.8289153043920112
    outer loop
      vertex -0.9961806452872497 0.4764206016031882 -4.7188522665083985
      vertex -6.193440573044293 15.038750675612313 -14.56370940061484
      vertex -0.7922668240574872 0.7486181131089766 -4.901832226456435
    endloop
  endfacet
  facet normal 0.1273986907716053 -0.5220521916846381 -0.8433451741410196
    outer loop
      vertex -0.7922668240574872 0.7486181131089766 -4.901832226456435
      vertex -6.193440573044293 15.038750675612313 -14.56370940061484
      vertex -0.6672358351150788 0.9446895146242007 -5.00431780797244
    endloop
  endfacet
  facet normal 0.12739869077160565 -0.5220521916846379 -0.8433451741410197
    outer loop
      vertex -0.6672358351150788 0.9446895146242007 -5.00431780797244
      vertex -5.727135731094165 15.15254509561696 -14.56370940061484
      vertex -0.45698857571092166 1.2090755880022728 -5.136218845510019
    endloop
  endfacet
  facet normal 0.24975670950086065 -0.47580511064127523 -0.8433451741410196
    outer loop
      vertex -0.45698857571092166 1.2090755880022728 -5.136218845510019
      vertex -5.727135731094165 15.15254509561696 -14.56370940061484
      vertex -0.3272186785992035 1.3967945281325778 -5.203696232383355
    endloop
  endfacet
  facet normal -0.5786768523452572 -0.5954883728674731 -0.5572492246198595
    outer loop
      vertex -3.095676756844618 8.881784197001252e-16 -3.32129414725385
      vertex -8.848502318971219 16.110900914782054 -14.56370940061484
      vertex -2.7591413761777948 6.468929895886467e-16 -3.6707701558027
    endloop
  endfacet
  facet normal -0.6727754455406078 -0.5717541052567208 -0.46954280209553145
    outer loop
      vertex -3.095676756844618 8.881784197001252e-16 -3.32129414725385
      vertex -3.3792442499180844 6.028670356366129e-16 -2.9149898750087826
      vertex -9.3804014585899 16.627783752305042 -14.56370940061484
    endloop
  endfacet
  facet normal -0.47467693776674236 -0.6090336693178955 -0.6354209584122706
    outer loop
      vertex -2.3753963215860567 5.675864744947144e-16 -3.9574382692560066
      vertex -2.7591413761777948 6.468929895886467e-16 -3.6707701558027
      vertex -8.304504317550808 15.686912359675283 -14.56370940061484
    endloop
  endfacet
  facet normal -0.3625551691777327 -0.6121582308302543 -0.7027204634342723
    outer loop
      vertex -2.3753963215860567 5.675864744947144e-16 -3.9574382692560066
      vertex -7.757715410957714 15.363072648714446 -14.56370940061484
      vertex -1.951007577347701 2.2058673658570912e-16 -4.176393516713168
    endloop
  endfacet
  facet normal -0.2442299811248051 -0.6048085952907818 -0.7579962264959955
    outer loop
      vertex -1.951007577347701 2.2058673658570912e-16 -4.176393516713168
      vertex -7.217491308982268 15.144922769139415 -14.56370940061484
      vertex -1.4932365525394333 2.8283125153994915e-16 -4.323889513184328
    endloop
  endfacet
  facet normal 0.3678413216849113 -0.421416872236742 -0.8289153043920103
    outer loop
      vertex -0.11373907543688208 1.6484431568813294 -5.282451340552208
      vertex -5.302139475067198 15.375631531810173 -14.56370940061484
      vertex 0.018137932796004758 1.825 -5.313690020129754
    endloop
  endfacet
  facet normal 0.3678413216849093 -0.421416872236743 -0.8289153043920107
    outer loop
      vertex 0.018137932796004758 1.825 -5.313690020129754
      vertex -4.925723608735237 15.704192913417442 -14.56370940061484
      vertex 0.2315746892314714 2.0592927921906345 -5.3380882632096815
    endloop
  endfacet
  facet normal 0.47963206687004645 -0.35981807430941076 -0.8003024639661149
    outer loop
      vertex 0.2315746892314714 2.0592927921906345 -5.3380882632096815
      vertex -4.925723608735237 15.704192913417442 -14.56370940061484
      vertex 0.36297401897064824 2.2219792158818303 -5.332483111880947
    endloop
  endfacet
  facet normal 0.4796320668700485 -0.35981807430940954 -0.8003024639661143
    outer loop
      vertex 0.36297401897064824 2.2219792158818303 -5.332483111880947
      vertex -4.604328711933415 16.13260746410504 -14.56370940061484
      vertex 0.5730244662579388 2.4346472284930827 -5.302213137083747
    endloop
  endfacet
  facet normal 0.583216174411912 -0.2920626893702231 -0.7579962264959943
    outer loop
      vertex 0.5730244662579388 2.4346472284930827 -5.302213137083747
      vertex -4.604328711933415 16.13260746410504 -14.56370940061484
      vertex 0.7014180977954881 2.5809397513308987 -5.259792536788602
    endloop
  endfacet
  facet normal 0.5832161744119077 -0.2920626893702262 -0.7579962264959966
    outer loop
      vertex 0.7014180977954881 2.5809397513308987 -5.259792536788602
      vertex -4.3434539404535135 16.653544892131755 -14.56370940061484
      vertex 0.9047565261411858 2.7681142859372394 -5.175460240535018
    endloop
  endfacet
  facet normal 0.6768212915115126 -0.21931003084083894 -0.7027204634342723
    outer loop
      vertex 0.9047565261411858 2.7681142859372394 -5.175460240535018
      vertex -4.3434539404535135 16.653544892131755 -14.56370940061484
      vertex 1.0276949425237325 2.895739692063008 -5.096883041104902
    endloop
  endfacet
  facet normal 0.6768212915115122 -0.2193100308408393 -0.7027204634342727
    outer loop
      vertex 1.0276949425237325 2.895739692063008 -5.096883041104902
      vertex -4.1475629339637035 17.258091813672902 -14.56370940061484
      vertex 1.2210891063036502 3.054003424224963 -4.960008609913836
    endloop
  endfacet
  facet normal 0.7588458086630379 -0.14280491687954047 -0.6354209584122699
    outer loop
      vertex 1.2210891063036502 3.054003424224963 -4.960008609913836
      vertex -4.1475629339637035 17.258091813672902 -14.56370940061484
      vertex 1.3362278331046809 3.1609927238132007 -4.846550057345467
    endloop
  endfacet
  facet normal 0.7588458086630365 -0.14280491687954175 -0.6354209584122712
    outer loop
      vertex 1.3362278331046809 3.1609927238132007 -4.846550057345467
      vertex -4.020007441896271 17.935904263288844 -14.56370940061484
      vertex 1.516608417920167 3.2874263099037915 -4.65954691962102
    endloop
  endfacet
  facet normal 0.8278862636365341 -0.06385637119742878 -0.55724922461986
    outer loop
      vertex 1.516608417920167 3.2874263099037915 -4.65954691962102
      vertex -4.020007441896271 17.935904263288844 -14.56370940061484
      vertex 1.6217351848574904 3.3721602936661963 -4.513073496309501
    endloop
  endfacet
  facet normal 0.8278862636365353 -0.06385637119742749 -0.5572492246198586
    outer loop
      vertex 1.6217351848574904 3.3721602936661963 -4.513073496309501
      vertex -3.962969974085556 18.675384682041532 -14.56370940061484
      vertex 1.7862610272766755 3.464381118726834 -4.279210815201657
    endloop
  endfacet
  facet normal 0.8827613551057727 0.01618477470020107 -0.46954280209553173
    outer loop
      vertex 1.7862610272766755 3.464381118726834 -4.279210815201657
      vertex -3.962969974085556 18.675384682041532 -14.56370940061484
      vertex 1.8793204177047331 3.525629265955099 -4.102143845604351
    endloop
  endfacet
  facet normal 0.8827613551057732 0.016184774700202017 -0.46954280209553056
    outer loop
      vertex 1.8793204177047331 3.525629265955099 -4.102143845604351
      vertex -3.977426457419573 19.463880354943406 -14.56370940061484
      vertex 2.025440926151986 3.581819408013722 -3.825493959256388
    endloop
  endfacet
  facet normal 0.9225321550414662 0.09594899461544483 -0.373802372045488
    outer loop
      vertex 2.025440926151986 3.581819408013722 -3.825493959256388
      vertex -4.063129537460384 20.287899902418822 -14.56370940061484
      vertex 2.1045533186027923 3.618773744014408 -3.620761557839837
    endloop
  endfacet
  facet normal 0.9225321550414658 0.09594899461544351 -0.3738023720454897
    outer loop
      vertex 2.1045533186027923 3.618773744014408 -3.620761557839837
      vertex -4.063129537460384 20.287899902418822 -14.56370940061484
      vertex 2.2300700596984484 3.637693731480106 -3.30613385018603
    endloop
  endfacet
  facet normal 0.9465181740301647 0.17407150063072965 -0.27166607977215085
    outer loop
      vertex 2.2300700596984484 3.637693731480106 -3.30613385018603
      vertex -4.218612810747103 21.133344121549076 -14.56370940061484
      vertex 2.293540414620758 3.65 -3.0771099870422898
    endloop
  endfacet
  facet normal 0.946518174030165 0.17407150063073062 -0.27166607977214957
    outer loop
      vertex 2.293540414620758 3.65 -3.0771099870422898
      vertex -4.218612810747103 21.133344121549076 -14.56370940061484
      vertex 2.3966717504765196 3.6309830215565833 -2.7299729068316325
    endloop
  endfacet
  facet normal 0.9543090046367916 0.24921559500848461 -0.16488150555384606
    outer loop
      vertex 2.3966717504765196 3.6309830215565833 -2.7299729068316325
      vertex -4.441215915365692 21.985747227343452 -14.56370940061484
      vertex 2.4429802973392993 3.618773744014408 -2.4804002166910752
    endloop
  endfacet
  facet normal 0.9543090046367917 0.24921559500848567 -0.16488150555384443
    outer loop
      vertex 2.4429802973392993 3.618773744014408 -2.4804002166910752
      vertex -4.441215915365692 21.985747227343452 -14.56370940061484
      vertex 2.522437845780711 3.561689792637854 -2.1067934689279486
    endloop
  endfacet
  facet normal 0.945771343589641 0.3200955414600295 -0.05527576306172246
    outer loop
      vertex 2.522437845780711 3.561689792637854 -2.1067934689279486
      vertex -4.727130050478883 22.830524366330994 -14.56370940061484
      vertex 2.5501955204060933 3.525629265955099 -1.8406804639370142
    endloop
  endfacet
  facet normal 0.9457713435896412 0.3200955414600289 -0.055275763061723555
    outer loop
      vertex 2.5501955204060933 3.525629265955099 -1.8406804639370142
      vertex -4.727130050478883 22.830524366330994 -14.56370940061484
      vertex 2.605294058871197 3.430794345284402 -1.4471194840864239
    endloop
  endfacet
  facet normal 0.9210512726363165 0.3854985644499422 0.055275763061723035
    outer loop
      vertex 2.605294058871197 3.430794345284402 -1.4471194840864239
      vertex -5.071463145964518 23.653221167447178 -14.56370940061484
      vertex 2.6131189218401074 3.3721602936661963 -1.1685843381529266
    endloop
  endfacet
  facet normal 0.9210512726363165 0.38549856444994224 0.05527576306172297
    outer loop
      vertex 2.6131189218401074 3.3721602936661963 -1.1685843381529266
      vertex -5.071463145964518 23.653221167447178 -14.56370940061484
      vertex 2.6439798054978394 3.240120667669412 -0.7619571138569168
    endloop
  endfacet
  facet normal 0.9225321550414665 0.095948994615446 -0.3738023720454873
    outer loop
      vertex 2.025440926151986 3.581819408013722 -3.825493959256388
      vertex -3.977426457419573 19.463880354943406 -14.56370940061484
      vertex -4.063129537460384 20.287899902418822 -14.56370940061484
    endloop
  endfacet
  facet normal 0.9465181740301645 0.1740715006307288 -0.27166607977215196
    outer loop
      vertex 2.2300700596984484 3.637693731480106 -3.30613385018603
      vertex -4.063129537460384 20.287899902418822 -14.56370940061484
      vertex -4.218612810747103 21.133344121549076 -14.56370940061484
    endloop
  endfacet
  facet normal 0.9543090046367914 0.2492155950084854 -0.16488150555384648
    outer loop
      vertex 2.3966717504765196 3.6309830215565833 -2.7299729068316325
      vertex -4.218612810747103 21.133344121549076 -14.56370940061484
      vertex -4.441215915365692 21.985747227343452 -14.56370940061484
    endloop
  endfacet
  facet normal 0.9210512726363183 0.38549856444993846 0.055275763061717886
    outer loop
      vertex 2.605294058871197 3.430794345284402 -1.4471194840864239
      vertex -4.727130050478883 22.830524366330994 -14.56370940061484
      vertex -5.071463145964518 23.653221167447178 -14.56370940061484
    endloop
  endfacet
  facet normal 0.9457713435896411 0.3200955414600294 -0.05527576306172235
    outer loop
      vertex 2.522437845780711 3.561689792637854 -2.1067934689279486
      vertex -4.441215915365692 21.985747227343452 -14.56370940061484
      vertex -4.727130050478883 22.830524366330994 -14.56370940061484
    endloop
  endfacet
  facet normal 0.3625551691777352 0.6121582308302543 0.7027204634342711
    outer loop
      vertex 1.3997816264091452 2.358069000148672 2.4066122251152513
      vertex -7.978278724415358 27.3931918861521 -14.56370940061484
      vertex -8.525067631008453 27.71703159711294 -14.56370940061484
    endloop
  endfacet
  facet normal 0.47467693776674064 0.6090336693178963 0.6354209584122712
    outer loop
      vertex 1.7353720469467198 2.261580882900345 2.267890377300465
      vertex -7.4342807229949495 26.969203331045332 -14.56370940061484
      vertex -7.978278724415358 27.3931918861521 -14.56370940061484
    endloop
  endfacet
  facet normal 0.5786768523452563 0.5954883728674734 0.5572492246198602
    outer loop
      vertex 2.2888009421504036 2.1347882681280446 1.8779162115159151
      vertex -6.902381583376267 26.45232049352234 -14.56370940061484
      vertex -7.4342807229949495 26.969203331045332 -14.56370940061484
    endloop
  endfacet
  facet normal 0.880571759044527 0.44430560012172277 0.16488150555384698
    outer loop
      vertex 2.6439798054978394 3.240120667669412 -0.7619571138569168
      vertex -5.071463145964518 23.653221167447178 -14.56370940061484
      vertex -5.468323567091668 24.43976106033024 -14.56370940061484
    endloop
  endfacet
  facet normal 0.7553626643341678 0.5382369663848398 0.3738023720454866
    outer loop
      vertex 2.589265637852377 2.6873535524315137 0.6418296758437079
      vertex -5.9109209220243475 25.176686129342905 -14.56370940061484
      vertex -6.391682247308493 25.85138738224014 -14.56370940061484
    endloop
  endfacet
  facet normal 0.825025418514871 0.4955104437906353 0.2716660797721531
    outer loop
      vertex 2.6382080836522035 2.991939291406453 -0.06235899828654122
      vertex -5.468323567091668 24.43976106033024 -14.56370940061484
      vertex -5.9109209220243475 25.176686129342905 -14.56370940061484
    endloop
  endfacet
  facet normal 0.6727754455406121 0.5717541052567185 0.46954280209552807
    outer loop
      vertex 2.5050291408012075 2.3129509210413675 1.351152198121379
      vertex -6.391682247308493 25.85138738224014 -14.56370940061484
      vertex -6.902381583376267 26.45232049352234 -14.56370940061484
    endloop
  endfacet
  facet normal -0.9457713435896412 -0.320095541460029 0.05527576306172344
    outer loop
      vertex -3.9020151546954027 8.404207127869379e-16 -0.8725170503508937
      vertex -3.8686328741254905 1.1581527962918706e-15 -0.30134439532236673
      vertex -11.841567126600477 21.094357018483933 -14.56370940061484
    endloop
  endfacet
  facet normal -0.9543090046367917 -0.24921559500848564 0.16488150555384445
    outer loop
      vertex -3.8686328741254905 1.1581527962918706e-15 -0.30134439532236673
      vertex -3.7690572124916235 1.9583013351050325e-15 0.27498434585857595
      vertex -12.064170231219064 21.946760124278306 -14.56370940061484
    endloop
  endfacet
  facet normal -0.9465181740301647 -0.17407150063072957 0.2716660797721509
    outer loop
      vertex -3.7690572124916235 1.9583013351050325e-15 0.27498434585857595
      vertex -3.6049919369719445 8.394016591263247e-16 0.8466080286418155
      vertex -12.064170231219064 21.946760124278306 -14.56370940061484
    endloop
  endfacet
  facet normal -0.9225321550414662 -0.09594899461544465 0.37380237204548816
    outer loop
      vertex -3.6049919369719445 8.394016591263247e-16 0.8466080286418155
      vertex -3.379244249918085 5.273559366969494e-16 1.4037460133309028
      vertex -12.219653504505784 22.79220434340856 -14.56370940061484
    endloop
  endfacet
  facet normal -0.8827613551057725 -0.016184774700200962 0.46954280209553184
    outer loop
      vertex -3.379244249918085 5.273559366969494e-16 1.4037460133309028
      vertex -3.2959839734400087 0 1.5602790368641095
      vertex -12.305356584546596 23.616223890883976 -14.56370940061484
    endloop
  endfacet
  facet normal -0.8827613551057729 -0.016184774700201385 0.46954280209553134
    outer loop
      vertex -3.2959839734400087 0 1.5602790368641095
      vertex -3.268612584322662 0.07587213214029233 1.6143537192993547
      vertex -12.305356584546596 23.616223890883976 -14.56370940061484
    endloop
  endfacet
  facet normal -0.8827613551057734 -0.01618477470020224 0.46954280209553045
    outer loop
      vertex -3.268612584322662 0.07587213214029233 1.6143537192993547
      vertex -3.192740374051158 4.102849963499981e-16 1.7543815964087375
      vertex -12.305356584546596 23.616223890883976 -14.56370940061484
    endloop
  endfacet
  facet normal -0.8827613551057707 -0.01618477470019745 0.46954280209553584
    outer loop
      vertex -3.192740374051158 4.102849963499981e-16 1.7543815964087375
      vertex -3.1802678783051936 4.0245584642661925e-16 1.7778304432382932
      vertex -12.305356584546596 23.616223890883976 -14.56370940061484
    endloop
  endfacet
  facet normal -0.8827613551057731 -0.01618477470020221 0.46954280209553045
    outer loop
      vertex -3.1802678783051936 4.0245584642661925e-16 1.7778304432382932
      vertex -3.12863054235394 0.0871873383915576 1.8779162115159151
      vertex -12.305356584546596 23.616223890883976 -14.56370940061484
    endloop
  endfacet
  facet normal -0.8278862636365338 0.06385637119742925 0.5572492246198604
    outer loop
      vertex -3.12863054235394 0.0871873383915576 1.8779162115159151
      vertex -3.038254603693036 0.2031440768833419 1.9988969480806638
      vertex -12.319813067880611 24.40471956378585 -14.56370940061484
    endloop
  endfacet
  facet normal -0.8278862636365358 0.06385637119742672 0.5572492246198579
    outer loop
      vertex -3.038254603693036 0.2031440768833419 1.9988969480806638
      vertex -3.039107983893531 0.4001061565173785 1.9750588073930038
      vertex -12.319813067880611 24.40471956378585 -14.56370940061484
    endloop
  endfacet
  facet normal -0.8278862636365353 0.06385637119742728 0.5572492246198584
    outer loop
      vertex -3.039107983893531 0.4001061565173785 1.9750588073930038
      vertex -3.000722448768931 0.43724259988124026 2.0278313505215477
      vertex -12.319813067880611 24.40471956378585 -14.56370940061484
    endloop
  endfacet
  facet normal -0.8278862636365307 0.06385637119743318 0.5572492246198645
    outer loop
      vertex -3.000722448768931 0.43724259988124026 2.0278313505215477
      vertex -2.96896922381643 0.39087221357554497 2.0803197203076054
      vertex -12.319813067880611 24.40471956378585 -14.56370940061484
    endloop
  endfacet
  facet normal -0.8278862636365344 0.06385637119742854 0.5572492246198597
    outer loop
      vertex -2.96896922381643 0.39087221357554497 2.0803197203076054
      vertex -2.9019994354996537 0.37796610518487517 2.181293400643542
      vertex -12.319813067880611 24.40471956378585 -14.56370940061484
    endloop
  endfacet
  facet normal -0.7588458086630382 0.14280491687954006 0.6354209584122694
    outer loop
      vertex -2.9019994354996537 0.37796610518487517 2.181293400643542
      vertex -2.6885550602604655 0.59761139286793 2.3868342169375794
      vertex -12.262775600069896 25.14419998253854 -14.56370940061484
    endloop
  endfacet
  facet normal -0.7588458086630347 0.14280491687954375 0.6354209584122729
    outer loop
      vertex -2.6885550602604655 0.59761139286793 2.3868342169375794
      vertex -2.65232902274481 0.7021079056460597 2.4066122251152513
      vertex -12.262775600069896 25.14419998253854 -14.56370940061484
    endloop
  endfacet
  facet normal -0.7588458086630439 0.1428049168795341 0.6354209584122641
    outer loop
      vertex -2.65232902274481 0.7021079056460597 2.4066122251152513
      vertex -2.62571431371772 0.6622777671264776 2.4473480549173727
      vertex -12.262775600069896 25.14419998253854 -14.56370940061484
    endloop
  endfacet
  facet normal -0.6768212915115112 0.21931003084084016 0.7027204634342732
    outer loop
      vertex -2.62571431371772 0.6622777671264776 2.4473480549173727
      vertex -2.304502492042536 0.9352576728544594 2.6715279054384964
      vertex -12.135220108002464 25.822012432154484 -14.56370940061484
    endloop
  endfacet
  facet normal -0.5832161744119105 0.29206268937022406 0.7579962264959951
    outer loop
      vertex -2.304502492042536 0.9352576728544594 2.6715279054384964
      vertex -2.230473287054765 0.9880075062760275 2.708162351025588
      vertex -11.939329101512653 26.42655935369563 -14.56370940061484
    endloop
  endfacet
  facet normal -0.5832161744119096 0.2920626893702249 0.7579962264959956
    outer loop
      vertex -2.230473287054765 0.9880075062760275 2.708162351025588
      vertex -2.1238271497803445 1.2261921766379174 2.6984431691376844
      vertex -11.939329101512653 26.42655935369563 -14.56370940061484
    endloop
  endfacet
  facet normal 0.36255516917773073 0.6121582308302542 0.7027204634342736
    outer loop
      vertex 1.350908913583809 2.38701422014928 2.4066122251152513
      vertex 1.3752541562332234 2.3820100719162096 2.3984110080764056
      vertex -8.525067631008453 27.71703159711294 -14.56370940061484
    endloop
  endfacet
  facet normal 0.3625551691777306 0.6121582308302542 0.7027204634342736
    outer loop
      vertex 1.350908913583809 2.38701422014928 2.4066122251152513
      vertex -8.525067631008453 27.71703159711294 -14.56370940061484
      vertex 1.298204127290316 2.248555507062441 2.554419267832887
    endloop
  endfacet
  facet normal -0.5832161744119085 0.2920626893702256 0.7579962264959961
    outer loop
      vertex -2.1238271497803445 1.2261921766379174 2.6984431691376844
      vertex -2.050704117812414 1.2534172719024592 2.744215297298268
      vertex -11.939329101512653 26.42655935369563 -14.56370940061484
    endloop
  endfacet
  facet normal -0.5832161744119092 0.29206268937022517 0.7579962264959957
    outer loop
      vertex -2.050704117812414 1.2534172719024592 2.744215297298268
      vertex -1.9438599937997052 1.1922350604974865 2.8499971728100997
      vertex -11.939329101512653 26.42655935369563 -14.56370940061484
    endloop
  endfacet
  facet normal -0.47963206687004906 0.3598180743094092 0.800302463966114
    outer loop
      vertex -1.9438599937997052 1.1922350604974865 2.8499971728100997
      vertex -1.7415998613993238 1.336376575912118 2.9064079985625786
      vertex -11.678454330032752 26.947496781722343 -14.56370940061484
    endloop
  endfacet
  facet normal -0.47963206687004584 0.35981807430941115 0.8003024639661152
    outer loop
      vertex -1.7415998613993238 1.336376575912118 2.9064079985625786
      vertex -1.7182176265180822 1.3277559148136509 2.9242971591793094
      vertex -11.678454330032752 26.947496781722343 -14.56370940061484
    endloop
  endfacet
  facet normal -0.47963206687004756 0.35981807430941015 0.8003024639661146
    outer loop
      vertex -1.7182176265180822 1.3277559148136509 2.9242971591793094
      vertex -1.5499575121231535 1.4288129757053947 2.9797021983864256
      vertex -11.678454330032752 26.947496781722343 -14.56370940061484
    endloop
  endfacet
  facet normal -0.3678413216849096 0.42141687223674296 0.8289153043920107
    outer loop
      vertex -1.5499575121231535 1.4288129757053947 2.9797021983864256
      vertex -1.4806324650610159 1.4637919610317367 2.992682876014106
      vertex -11.35705943323093 27.37591133240994 -14.56370940061484
    endloop
  endfacet
  facet normal -0.36784132168490685 0.4214168722367444 0.8289153043920111
    outer loop
      vertex -1.480806707579273 1.480806707579273 2.9839553319190197
      vertex -11.35705943323093 27.37591133240994 -14.56370940061484
      vertex -1.4806324650610159 1.4637919610317367 2.992682876014106
    endloop
  endfacet
  facet normal -0.3678413216849087 0.42141687223674346 0.8289153043920109
    outer loop
      vertex -1.480806707579273 1.480806707579273 2.9839553319190197
      vertex -1.2776446440658542 1.6650589176212922 2.9804379784763246
      vertex -11.35705943323093 27.37591133240994 -14.56370940061484
    endloop
  endfacet
  facet normal -0.36784132168490663 0.4214168722367444 0.8289153043920112
    outer loop
      vertex -1.2776446440658542 1.6650589176212922 2.9804379784763246
      vertex -1.1705012112538433 1.6515263539844545 3.03486408490429
      vertex -11.35705943323093 27.37591133240994 -14.56370940061484
    endloop
  endfacet
  facet normal -0.36784132168491046 0.4214168722367425 0.8289153043920104
    outer loop
      vertex -1.1705012112538433 1.6515263539844545 3.03486408490429
      vertex -1.1295348276847668 1.6409435047571865 3.058423693218836
      vertex -10.98064356689897 27.70447271401721 -14.56370940061484
    endloop
  endfacet
  facet normal -0.24975670950085946 0.47580511064127573 0.8433451741410196
    outer loop
      vertex -1.102991422883916 1.6966349524236926 3.03486408490429
      vertex -1.0414693808841546 1.8038778822186587 2.9925786810169948
      vertex -10.98064356689897 27.70447271401721 -14.56370940061484
    endloop
  endfacet
  facet normal -0.24975670950085785 0.4758051106412764 0.8433451741410197
    outer loop
      vertex -1.1295348276847668 1.6409435047571865 3.058423693218836
      vertex -1.102991422883916 1.6966349524236926 3.03486408490429
      vertex -10.98064356689897 27.70447271401721 -14.56370940061484
    endloop
  endfacet
  facet normal -0.24975670950085707 0.47580511064127656 0.8433451741410196
    outer loop
      vertex -1.0414693808841546 1.8038778822186587 2.9925786810169948
      vertex -0.7844806450173721 1.8939038126201333 3.0178943689799462
      vertex -10.98064356689897 27.70447271401721 -14.56370940061484
    endloop
  endfacet
  facet normal -0.249756709500864 0.4758051106412737 0.8433451741410194
    outer loop
      vertex -0.7844806450173721 1.8939038126201333 3.0178943689799462
      vertex -0.747958766640509 1.882996523591336 3.03486408490429
      vertex -10.98064356689897 27.70447271401721 -14.56370940061484
    endloop
  endfacet
  facet normal -0.24975670950085746 0.47580511064127645 0.8433451741410197
    outer loop
      vertex -0.6897854891784754 1.8249970354870921 3.0848147107050266
      vertex -10.98064356689897 27.70447271401721 -14.56370940061484
      vertex -0.747958766640509 1.882996523591336 3.03486408490429
    endloop
  endfacet
  facet normal -0.12739869077160723 0.5220521916846375 0.8433451741410198
    outer loop
      vertex -0.6589145888019893 1.9132229489856092 3.03486408490429
      vertex -0.5405722928953155 2.0174432622493224 2.9882262542722176
      vertex -10.555647310872004 27.927559150210428 -14.56370940061484
    endloop
  endfacet
  facet normal -0.12739869077160676 0.5220521916846375 0.8433451741410197
    outer loop
      vertex -0.6897854891784754 1.8249970354870921 3.0848147107050266
      vertex -0.6589145888019893 1.9132229489856092 3.03486408490429
      vertex -10.555647310872004 27.927559150210428 -14.56370940061484
    endloop
  endfacet
  facet normal -0.12739869077160518 0.522052191684638 0.8433451741410197
    outer loop
      vertex -0.5405722928953155 2.0174432622493224 2.9882262542722176
      vertex -0.26532149851543213 2.015316863542994 3.031122903298191
      vertex -10.555647310872004 27.927559150210428 -14.56370940061484
    endloop
  endfacet
  facet normal -0.12739869077159321 0.5220521916846422 0.8433451741410188
    outer loop
      vertex -0.26532149851543213 2.015316863542994 3.031122903298191
      vertex -0.2587774120818425 2.010870182835338 3.03486408490429
      vertex -10.555647310872004 27.927559150210428 -14.56370940061484
    endloop
  endfacet
  facet normal -0.002860845121660395 0.5593668149880633 0.8289153043920106
    outer loop
      vertex -0.22962494546557471 2.012780936446974 3.03486408490429
      vertex 0 2.1290513704748664 2.95719523187034
      vertex -10.089342468921876 28.04135357021507 -14.56370940061484
    endloop
  endfacet
  facet normal -0.12739869077160176 0.5220521916846392 0.8433451741410194
    outer loop
      vertex -0.2587774120818425 2.010870182835338 3.03486408490429
      vertex -0.23823372970767231 1.9778243609550434 3.058423693218836
      vertex -10.089342468921876 28.04135357021507 -14.56370940061484
    endloop
  endfacet
  facet normal -0.002860845121666941 0.5593668149880616 0.8289153043920118
    outer loop
      vertex -0.22962494546557471 2.012780936446974 3.03486408490429
      vertex -10.089342468921876 28.04135357021507 -14.56370940061484
      vertex -0.23823372970767231 1.9778243609550434 3.058423693218836
    endloop
  endfacet
  facet normal -0.0028608451216654163 0.559366814988062 0.8289153043920114
    outer loop
      vertex 0 2.1290513704748664 2.95719523187034
      vertex 0.10570180775474791 2.067642333117931 2.9989999542048067
      vertex -10.089342468921876 28.04135357021507 -14.56370940061484
    endloop
  endfacet
  facet normal -0.0028608451216615666 0.5593668149880631 0.8289153043920108
    outer loop
      vertex 0.10570180775474791 2.067642333117931 2.9989999542048067
      vertex 0.2173942749292974 2.0968105632505445 2.9797021983864256
      vertex -9.589707646178478 28.043908919955093 -14.56370940061484
    endloop
  endfacet
  facet normal 0.12172595038149024 0.5871105170012622 0.8003024639661144
    outer loop
      vertex 0.2173942749292974 2.0968105632505445 2.9797021983864256
      vertex 0.6693026032491471 2.179919755463111 2.8499971728100997
      vertex -9.0652917329839 27.935181476687966 -14.56370940061484
    endloop
  endfacet
  facet normal 0.24422998112480615 0.604808595290782 0.7579962264959952
    outer loop
      vertex 0.7259346227440925 2.2896255796427876 2.744215297298268
      vertex 0.948440079543467 2.289736903132055 2.672434157741722
      vertex -9.0652917329839 27.935181476687966 -14.56370940061484
    endloop
  endfacet
  facet normal 0.24422998112479863 0.604808595290781 0.7579962264959982
    outer loop
      vertex 0.948440079543467 2.289736903132055 2.672434157741722
      vertex 1.0104095852686978 2.215396970866636 2.7117834549430464
      vertex -9.0652917329839 27.935181476687966 -14.56370940061484
    endloop
  endfacet
  facet normal 0.24422998112480493 0.6048085952907819 0.7579962264959955
    outer loop
      vertex 0.7259346227440925 2.2896255796427876 2.744215297298268
      vertex -9.0652917329839 27.935181476687966 -14.56370940061484
      vertex 0.6693026032491471 2.179919755463111 2.8499971728100997
    endloop
  endfacet
  facet normal 0.24422998112480518 0.6048085952907818 0.7579962264959956
    outer loop
      vertex 1.0104095852686978 2.215396970866636 2.7117834549430464
      vertex 1.1097589784616644 2.2257299162717654 2.6715279054384964
      vertex -8.525067631008453 27.71703159711294 -14.56370940061484
    endloop
  endfacet
  facet normal 0.3625551691777322 0.6121582308302543 0.7027204634342729
    outer loop
      vertex 1.1097589784616644 2.2257299162717654 2.6715279054384964
      vertex 1.298204127290316 2.248555507062441 2.554419267832887
      vertex -8.525067631008453 27.71703159711294 -14.56370940061484
    endloop
  endfacet
  facet normal 0.8250254185148718 0.4955104437906346 0.27166607977215157
    outer loop
      vertex 2.6382080836522035 2.991939291406453 -0.06235899828654122
      vertex -5.9109209220243475 25.176686129342905 -14.56370940061484
      vertex 2.5996019367009398 2.895739692063008 0.23034945753377264
    endloop
  endfacet
  facet normal 0.7553626643341679 0.538236966384839 0.3738023720454874
    outer loop
      vertex 2.589265637852377 2.6873535524315137 0.6418296758437079
      vertex -6.391682247308493 25.85138738224014 -14.56370940061484
      vertex 2.515907124538681 2.5809397513308987 0.9432941179697965
    endloop
  endfacet
  facet normal 0.8250254185148715 0.4955104437906347 0.27166607977215185
    outer loop
      vertex 2.5996019367009398 2.895739692063008 0.23034945753377264
      vertex -5.9109209220243475 25.176686129342905 -14.56370940061484
      vertex 2.589265637852377 2.6873535524315137 0.6418296758437079
    endloop
  endfacet
  facet normal 0.5786768523452577 0.5954883728674729 0.557249224619859
    outer loop
      vertex 2.01223436807415 2.263258584369998 2.0278313505215477
      vertex 2.1855368221510534 2.1855368221510534 1.930920111307857
      vertex -7.4342807229949495 26.969203331045332 -14.56370940061484
    endloop
  endfacet
  facet normal 0.5786768523452563 0.5954883728674732 0.5572492246198603
    outer loop
      vertex 2.01223436807415 2.263258584369998 2.0278313505215477
      vertex -7.4342807229949495 26.969203331045332 -14.56370940061484
      vertex 1.926495441575294 2.2029694536916633 2.181293400643542
    endloop
  endfacet
  facet normal 0.47467693776674397 0.6090336693178953 0.6354209584122698
    outer loop
      vertex 1.7353720469467198 2.261580882900345 2.267890377300465
      vertex 1.926495441575294 2.2029694536916633 2.181293400643542
      vertex -7.4342807229949495 26.969203331045332 -14.56370940061484
    endloop
  endfacet
  facet normal 0.6727754455406079 0.5717541052567207 0.4695428020955313
    outer loop
      vertex 2.5050291408012075 2.3129509210413675 1.351152198121379
      vertex -6.902381583376267 26.45232049352234 -14.56370940061484
      vertex 2.308293683916429 2.2411274267006642 1.7204990641120699
    endloop
  endfacet
  facet normal 0.7553626643341669 0.5382369663848394 0.3738023720454887
    outer loop
      vertex 2.515907124538681 2.5809397513308987 0.9432941179697965
      vertex -6.391682247308493 25.85138738224014 -14.56370940061484
      vertex 2.5050291408012075 2.3129509210413675 1.351152198121379
    endloop
  endfacet
  facet normal 0.5786768523452568 0.5954883728674732 0.5572492246198599
    outer loop
      vertex 2.2888009421504036 2.1347882681280446 1.8779162115159151
      vertex -7.4342807229949495 26.969203331045332 -14.56370940061484
      vertex 2.1855368221510534 2.1855368221510534 1.930920111307857
    endloop
  endfacet
  facet normal 0.6727754455406096 0.5717541052567201 0.46954280209552957
    outer loop
      vertex 2.308293683916429 2.2411274267006642 1.7204990641120699
      vertex -6.902381583376267 26.45232049352234 -14.56370940061484
      vertex 2.2888009421504036 2.1347882681280446 1.8779162115159151
    endloop
  endfacet
  facet normal 0.3625551691777376 0.6121582308302546 0.7027204634342699
    outer loop
      vertex 1.3752541562332234 2.3820100719162096 2.3984110080764056
      vertex 1.3997816264091452 2.358069000148672 2.4066122251152513
      vertex -8.525067631008453 27.71703159711294 -14.56370940061484
    endloop
  endfacet
  facet normal 0.3625551691777298 0.6121582308302543 0.7027204634342741
    outer loop
      vertex 1.3997816264091452 2.358069000148672 2.4066122251152513
      vertex 1.5312270698693857 2.233457221124095 2.4473480549173727
      vertex -7.978278724415358 27.3931918861521 -14.56370940061484
    endloop
  endfacet
  facet normal 0.474676937766743 0.6090336693178953 0.6354209584122702
    outer loop
      vertex 1.582641276697946 2.2358860880883022 2.4066122251152513
      vertex -7.978278724415358 27.3931918861521 -14.56370940061484
      vertex 1.5312270698693857 2.233457221124095 2.4473480549173727
    endloop
  endfacet
  facet normal 0.47467693776674197 0.6090336693178954 0.6354209584122709
    outer loop
      vertex 1.582641276697946 2.2358860880883022 2.4066122251152513
      vertex 1.7353720469467198 2.261580882900345 2.267890377300465
      vertex -7.978278724415358 27.3931918861521 -14.56370940061484
    endloop
  endfacet
  facet normal 0.8805717590445278 0.444305600121722 0.16488150555384512
    outer loop
      vertex 2.630159340225769 3.1609927238132007 -0.47492128265256534
      vertex 2.6439798054978394 3.240120667669412 -0.7619571138569168
      vertex -5.468323567091668 24.43976106033024 -14.56370940061484
    endloop
  endfacet
  facet normal 0.8805717590445282 0.4443056001217215 0.1648815055538441
    outer loop
      vertex 2.630159340225769 3.1609927238132007 -0.47492128265256534
      vertex -5.468323567091668 24.43976106033024 -14.56370940061484
      vertex 2.6382080836522035 2.991939291406453 -0.06235899828654122
    endloop
  endfacet
  facet normal 0.2988078634072401 -0.7905696386117367 0.5345217556576233
    outer loop
      vertex -3.1802678783051936 4.0245584642661925e-16 1.7778304432382932
      vertex -3.17946220646368 0 1.7773800573016643
      vertex -3.12863054235394 0.0871873383915576 1.8779162115159151
    endloop
  endfacet
  facet normal 0.29880786340775733 -0.7905696386117251 0.5345217556573515
    outer loop
      vertex -3.17946220646368 0 1.7773800573016643
      vertex -3.038254603693036 0.2031440768833419 1.9988969480806638
      vertex -3.12863054235394 0.0871873383915576 1.8779162115159151
    endloop
  endfacet
  facet normal -0.8278862636365344 0.06385637119742808 0.5572492246198597
    outer loop
      vertex -2.9888530937475952 0.2665286243051533 2.0650277252450913
      vertex -2.9019994354996537 0.37796610518487517 2.181293400643542
      vertex -2.96896922381643 0.39087221357554497 2.0803197203076054
    endloop
  endfacet
  facet normal 0.2988078634077612 -0.7905696386117246 0.5345217556573503
    outer loop
      vertex -2.9888530937475952 0.2665286243051533 2.0650277252450913
      vertex -2.8928165472707263 0.3808465235103381 2.1804201940209
      vertex -2.9019994354996537 0.37796610518487517 2.181293400643542
    endloop
  endfacet
  facet normal 0.2988078634077605 -0.7905696386117227 0.5345217556573535
    outer loop
      vertex -2.9019994354996537 0.37796610518487517 2.181293400643542
      vertex -2.8928165472707263 0.3808465235103381 2.1804201940209
      vertex -2.6885550602604655 0.59761139286793 2.3868342169375794
    endloop
  endfacet
  facet normal -0.7588458086630389 0.14280491687954172 0.6354209584122683
    outer loop
      vertex -2.6631686276828614 0.6237353433374877 2.4112806239649225
      vertex -2.62571431371772 0.6622777671264776 2.4473480549173727
      vertex -2.65232902274481 0.7021079056460597 2.4066122251152513
    endloop
  endfacet
  facet normal 0.29880786340776966 -0.7905696386117224 0.5345217556573487
    outer loop
      vertex -2.6631686276828614 0.6237353433374877 2.4112806239649225
      vertex -2.5875778110163816 0.6933393848145316 2.471969849710596
      vertex -2.62571431371772 0.6622777671264776 2.4473480549173727
    endloop
  endfacet
  facet normal 0.2988078634077588 -0.7905696386117177 0.5345217556573616
    outer loop
      vertex -2.62571431371772 0.6622777671264776 2.4473480549173727
      vertex -2.5875778110163816 0.6933393848145316 2.471969849710596
      vertex -2.304502492042536 0.9352576728544594 2.6715279054384964
    endloop
  endfacet
  facet normal 0.29880786340779053 -0.7905696386117301 0.5345217556573257
    outer loop
      vertex -2.5875778110163816 0.6933393848145316 2.471969849710596
      vertex -2.2851511082469 0.9465405811077745 2.6773977863575547
      vertex -2.304502492042536 0.9352576728544594 2.6715279054384964
    endloop
  endfacet
  facet normal 0.2988078634077942 -0.7905696386117312 0.5345217556573219
    outer loop
      vertex -2.304502492042536 0.9352576728544594 2.6715279054384964
      vertex -2.2851511082469 0.9465405811077745 2.6773977863575547
      vertex -2.230473287054765 0.9880075062760275 2.708162351025588
    endloop
  endfacet
  facet normal -0.5832161744119083 0.2920626893702267 0.7579962264959957
    outer loop
      vertex -2.050704117812414 1.2534172719024592 2.744215297298268
      vertex -2.0232075829235865 1.168099442627425 2.7982453532868887
      vertex -1.9438599937997052 1.1922350604974865 2.8499971728100997
    endloop
  endfacet
  facet normal -0.5832161744119081 0.29206268937022073 0.7579962264959982
    outer loop
      vertex -2.0540174964361775 1.1137418507545238 2.7954841054738724
      vertex -1.9438599937997052 1.1922350604974865 2.8499971728100997
      vertex -2.0232075829235865 1.168099442627425 2.7982453532868887
    endloop
  endfacet
  facet normal 0.2988078634078057 -0.7905696386117367 0.5345217556573074
    outer loop
      vertex -2.0540174964361775 1.1137418507545238 2.7954841054738724
      vertex -1.9969298916123728 1.1529280104752138 2.821528251960255
      vertex -1.9438599937997052 1.1922350604974865 2.8499971728100997
    endloop
  endfacet
  facet normal 0.2988078634077867 -0.7905696386117278 0.5345217556573311
    outer loop
      vertex -1.9969298916123728 1.1529280104752138 2.821528251960255
      vertex -1.7321189240805372 1.3194067925080166 2.9197197111058473
      vertex -1.9438599937997052 1.1922350604974865 2.8499971728100997
    endloop
  endfacet
  facet normal -0.47963206687004994 0.35981807430941115 0.8003024639661127
    outer loop
      vertex -1.9438599937997052 1.1922350604974865 2.8499971728100997
      vertex -1.7321189240805372 1.3194067925080166 2.9197197111058473
      vertex -1.7415998613993238 1.336376575912118 2.9064079985625786
    endloop
  endfacet
  facet normal 0.29880786340778753 -0.7905696386117288 0.5345217556573293
    outer loop
      vertex -1.7182176265180822 1.3277559148136509 2.9242971591793094
      vertex -1.4806324650610159 1.4637919610317367 2.992682876014106
      vertex -1.5499575121231535 1.4288129757053947 2.9797021983864256
    endloop
  endfacet
  facet normal -0.367841321684911 0.42141687223674124 0.8289153043920109
    outer loop
      vertex -1.1705012112538433 1.6515263539844545 3.03486408490429
      vertex -1.1783672313467546 1.6163043879656513 3.0492801337611284
      vertex -1.1295348276847668 1.6409435047571865 3.058423693218836
    endloop
  endfacet
  facet normal 0.2988078634077922 -0.7905696386117367 0.5345217556573147
    outer loop
      vertex -1.1783672313467546 1.6163043879656513 3.0492801337611284
      vertex -1.0413225798877614 1.6778640279711807 3.063717643135883
      vertex -1.1295348276847668 1.6409435047571865 3.058423693218836
    endloop
  endfacet
  facet normal -0.24975670950085338 0.4758051106412751 0.8433451741410218
    outer loop
      vertex -1.1295348276847668 1.6409435047571865 3.058423693218836
      vertex -1.0413225798877614 1.6778640279711807 3.063717643135883
      vertex -1.102991422883916 1.6966349524236926 3.03486408490429
    endloop
  endfacet
  facet normal -0.24975670950085704 0.47580511064127684 0.8433451741410197
    outer loop
      vertex -0.756383445523189 1.826071172536574 3.0644857079911945
      vertex -0.6897854891784754 1.8249970354870921 3.0848147107050266
      vertex -0.747958766640509 1.882996523591336 3.03486408490429
    endloop
  endfacet
  facet normal -0.12739869077160612 0.5220521916846373 0.84334517414102
    outer loop
      vertex -0.6897854891784754 1.8249970354870921 3.0848147107050266
      vertex -0.5651237569508231 1.8671886972954344 3.0775288350859515
      vertex -0.6589145888019893 1.9132229489856092 3.03486408490429
    endloop
  endfacet
  facet normal 0.2988078634077942 -0.7905696386117665 0.5345217556572697
    outer loop
      vertex -0.3366528147810182 1.944514501716781 3.0641758129718175
      vertex -0.259341848124647 1.9698969094945293 3.058498656170409
      vertex -0.23823372970767231 1.9778243609550434 3.058423693218836
    endloop
  endfacet
  facet normal -0.12739869077160546 0.5220521916846398 0.8433451741410186
    outer loop
      vertex -0.3366528147810182 1.944514501716781 3.0641758129718175
      vertex -0.23823372970767231 1.9778243609550434 3.058423693218836
      vertex -0.26316630869562435 1.9989465716054857 3.041582102468786
    endloop
  endfacet
  facet normal -0.12739869077161214 0.5220521916846339 0.8433451741410212
    outer loop
      vertex -0.26316630869562435 1.9989465716054857 3.041582102468786
      vertex -0.23823372970767231 1.9778243609550434 3.058423693218836
      vertex -0.2587774120818425 2.010870182835338 3.03486408490429
    endloop
  endfacet
  facet normal 0.29880786340778637 -0.7905696386117455 0.5345217556573052
    outer loop
      vertex -0.23823372970767231 1.9778243609550434 3.058423693218836
      vertex -0.259341848124647 1.9698969094945293 3.058498656170409
      vertex -0.17635264922942182 1.9939844623647798 3.047732139785956
    endloop
  endfacet
  facet normal -0.002860845121657543 0.5593668149880602 0.8289153043920129
    outer loop
      vertex -0.22962494546557471 2.012780936446974 3.03486408490429
      vertex -0.23823372970767231 1.9778243609550434 3.058423693218836
      vertex -0.17635264922942182 1.9939844623647798 3.047732139785956
    endloop
  endfacet
  facet normal -0.24975670950085693 0.47580511064127784 0.8433451741410193
    outer loop
      vertex -0.8179032186541878 1.7713743955095078 3.0771258822229433
      vertex -0.6897854891784754 1.8249970354870921 3.0848147107050266
      vertex -0.756383445523189 1.826071172536574 3.0644857079911945
    endloop
  endfacet
  facet normal 0.2988078634077186 -0.7905696386115992 0.5345217556575591
    outer loop
      vertex -0.8179032186541878 1.7713743955095078 3.0771258822229433
      vertex -0.7458933467878164 1.8007458338990043 3.0803120041317475
      vertex -0.6897854891784754 1.8249970354870921 3.0848147107050266
    endloop
  endfacet
  facet normal 0.2988078634077803 -0.7905696386117064 0.5345217556573664
    outer loop
      vertex -0.7458933467878164 1.8007458338990043 3.0803120041317475
      vertex -0.5651237569508231 1.8671886972954344 3.0775288350859515
      vertex -0.6897854891784754 1.8249970354870921 3.0848147107050266
    endloop
  endfacet
  facet normal 0.36255516917773056 0.6121582308302549 0.7027204634342731
    outer loop
      vertex 1.3997816264091452 2.358069000148672 2.4066122251152513
      vertex 1.298204127290316 2.248555507062441 2.554419267832887
      vertex 1.5312270698693857 2.233457221124095 2.4473480549173727
    endloop
  endfacet
  facet normal 0.29880786340778104 -0.7905696386117349 0.5345217556573237
    outer loop
      vertex 1.5870747641048435 2.2291495870319977 2.409757040696633
      vertex 1.5312270698693857 2.233457221124095 2.4473480549173727
      vertex 1.286830928508047 2.228856548926971 2.577165665397425
    endloop
  endfacet
  facet normal 0.2988078634077856 -0.7905696386117296 0.5345217556573292
    outer loop
      vertex 0.10570180775474791 2.067642333117931 2.9989999542048067
      vertex 0.2773273003648862 2.1065099823175473 2.960544151135691
      vertex 0.2173942749292974 2.0968105632505445 2.9797021983864256
    endloop
  endfacet
  facet normal 0.29880786340777993 -0.7905696386117509 0.5345217556573006
    outer loop
      vertex 0.2173942749292974 2.0968105632505445 2.9797021983864256
      vertex 0.2773273003648862 2.1065099823175473 2.960544151135691
      vertex 0.5792541531299631 2.161805929976305 2.87354522184851
    endloop
  endfacet
  facet normal 0.29880786340779314 -0.7905696386116899 0.5345217556573837
    outer loop
      vertex 0.2173942749292974 2.0968105632505445 2.9797021983864256
      vertex 0.5792541531299631 2.161805929976305 2.87354522184851
      vertex 0.6693026032491471 2.179919755463111 2.8499971728100997
    endloop
  endfacet
  facet normal 0.2988078634077888 -0.7905696386117171 0.5345217556573455
    outer loop
      vertex 0.8139289286944008 2.194961779142789 2.7913957861633345
      vertex 0.6693026032491471 2.179919755463111 2.8499971728100997
      vertex 0.5792541531299631 2.161805929976305 2.87354522184851
    endloop
  endfacet
  facet normal 0.24422998112480418 0.6048085952907821 0.7579962264959955
    outer loop
      vertex 0.7259346227440925 2.2896255796427876 2.744215297298268
      vertex 0.6693026032491471 2.179919755463111 2.8499971728100997
      vertex 0.8139289286944008 2.194961779142789 2.7913957861633345
    endloop
  endfacet
  facet normal 0.36255516917772906 0.6121582308302602 0.7027204634342692
    outer loop
      vertex 1.1097589784616644 2.2257299162717654 2.6715279054384964
      vertex 1.5312270698693857 2.233457221124095 2.4473480549173727
      vertex 1.298204127290316 2.248555507062441 2.554419267832887
    endloop
  endfacet
  facet normal 0.2988078634080272 -0.7905696386113202 0.5345217556577996
    outer loop
      vertex 1.1097589784616644 2.2257299162717654 2.6715279054384964
      vertex 1.286830928508047 2.228856548926971 2.577165665397425
      vertex 1.5312270698693857 2.233457221124095 2.4473480549173727
    endloop
  endfacet
  facet normal 0.29880786340779236 -0.7905696386117144 0.5345217556573479
    outer loop
      vertex 1.0104095852686978 2.215396970866636 2.7117834549430464
      vertex 1.286830928508047 2.228856548926971 2.577165665397425
      vertex 1.1097589784616644 2.2257299162717654 2.6715279054384964
    endloop
  endfacet
  facet normal 0.6727754455406083 0.5717541052567213 0.46954280209553023
    outer loop
      vertex 2.308293683916429 2.2411274267006642 1.7204990641120699
      vertex 2.2888009421504036 2.1347882681280446 1.8779162115159151
      vertex 2.3852037893047986 2.1035509065855913 1.7778244232132305
    endloop
  endfacet
  facet normal 0.5786768523452567 0.5954883728674764 0.5572492246198565
    outer loop
      vertex 2.2888009421504036 2.1347882681280446 1.8779162115159151
      vertex 2.1855368221510534 2.1855368221510534 1.930920111307857
      vertex 2.1949515869774316 2.1524494968146564 1.9565011447521528
    endloop
  endfacet
  facet normal 0.29880786340779397 -0.7905696386117191 0.5345217556573398
    outer loop
      vertex 2.3852037893047986 2.1035509065855913 1.7778244232132305
      vertex 2.2888009421504036 2.1347882681280446 1.8779162115159151
      vertex 2.1949515869774316 2.1524494968146564 1.9565011447521528
    endloop
  endfacet
  facet normal 0.29880786340778925 -0.7905696386117234 0.5345217556573362
    outer loop
      vertex 2.3852037893047986 2.1035509065855913 1.7778244232132305
      vertex 2.1949515869774316 2.1524494968146564 1.9565011447521528
      vertex 2.3807448632978203 2.099618505552843 1.7745009388249986
    endloop
  endfacet
  facet normal 0.298807863407787 -0.790569638611725 0.5345217556573352
    outer loop
      vertex 1.7445326122754254 2.2170045772131814 2.3037723569818063
      vertex 2.0533863066545996 2.1790902423504965 2.075041097234883
      vertex 1.926495441575294 2.2029694536916633 2.181293400643542
    endloop
  endfacet
  facet normal 0.4746769377667464 0.6090336693178885 0.6354209584122741
    outer loop
      vertex 1.582641276697946 2.2358860880883022 2.4066122251152513
      vertex 1.5312270698693857 2.233457221124095 2.4473480549173727
      vertex 1.5870747641048435 2.2291495870319977 2.409757040696633
    endloop
  endfacet
  facet normal 0.4746769377667438 0.609033669317897 0.6354209584122681
    outer loop
      vertex 1.7353720469467198 2.261580882900345 2.267890377300465
      vertex 1.7445326122754254 2.2170045772131814 2.3037723569818063
      vertex 1.926495441575294 2.2029694536916633 2.181293400643542
    endloop
  endfacet
  facet normal 0.578676852345257 0.5954883728674724 0.5572492246198604
    outer loop
      vertex 2.01223436807415 2.263258584369998 2.0278313505215477
      vertex 1.926495441575294 2.2029694536916633 2.181293400643542
      vertex 2.0533863066545996 2.1790902423504965 2.075041097234883
    endloop
  endfacet
  facet normal -0.9221903271536547 -0.06044354741637011 0.38198374059632456
    outer loop
      vertex -3.268612584322662 -0.0758721321402903 1.6143537192993547
      vertex -3.273585506594312 0 1.6143537192993547
      vertex -3.2959839734400087 0 1.5602790368641095
    endloop
  endfacet
  facet normal -0.8646336168614392 -0.05667108131556471 0.49919645144535085
    outer loop
      vertex -3.268612584322662 -0.0758721321402903 1.6143537192993547
      vertex -3.192740374051158 4.102849963499981e-16 1.7543815964087375
      vertex -3.273585506594312 0 1.6143537192993547
    endloop
  endfacet
  facet normal -0.8646336168614385 -0.05667108131556419 0.4991964514453522
    outer loop
      vertex -3.0382546036930345 -0.20314407688334307 1.998896948080666
      vertex -3.03486408490429 0 2.0278313505215477
      vertex -3.17946220646368 0 1.7773800573016643
    endloop
  endfacet
  facet normal -0.86463361686144 -0.056671081315562116 0.49919645144534996
    outer loop
      vertex -3.039107983893531 -0.4001061565173785 1.9750588073930038
      vertex -3.0089004019462897 -0.39612925290794826 2.0278313505215477
      vertex -3.0382546036930345 -0.20314407688334307 1.998896948080666
    endloop
  endfacet
  facet normal -0.849839495955213 -0.16904358603318806 0.49919645144534985
    outer loop
      vertex -3.039107983893531 -0.4001061565173785 1.9750588073930038
      vertex -3.000722448768931 -0.43724259988123937 2.0278313505215477
      vertex -3.0089004019462897 -0.39612925290794826 2.0278313505215477
    endloop
  endfacet
  facet normal -0.7922829328905944 -0.05192896695106281 0.6079400765220806
    outer loop
      vertex -3.0089004019462897 -0.39612925290794826 2.0278313505215477
      vertex -2.9888530937475983 -0.26652862430514873 2.0650277252450873
      vertex -3.03486408490429 0 2.0278313505215477
    endloop
  endfacet
  facet normal -0.8646336168614425 -0.05667108131556317 0.4991964514453454
    outer loop
      vertex -3.0382546036930345 -0.20314407688334307 1.998896948080666
      vertex -3.0089004019462897 -0.39612925290794826 2.0278313505215477
      vertex -3.03486408490429 0 2.0278313505215477
    endloop
  endfacet
  facet normal -0.7787267522465087 -0.15489838183122673 0.6079400765220797
    outer loop
      vertex -3.0089004019462897 -0.39612925290794826 2.0278313505215477
      vertex -3.000722448768931 -0.43724259988123937 2.0278313505215477
      vertex -2.9689692238164307 -0.39087221357554514 2.080319720307604
    endloop
  endfacet
  facet normal -0.7922829328905953 -0.05192896695106248 0.6079400765220798
    outer loop
      vertex -3.0089004019462897 -0.39612925290794826 2.0278313505215477
      vertex -2.9689692238164307 -0.39087221357554514 2.080319720307604
      vertex -2.9888530937475983 -0.26652862430514873 2.0650277252450873
    endloop
  endfacet
  facet normal -0.7922829328905986 -0.051928966951064304 0.607940076522075
    outer loop
      vertex -2.9888530937475983 -0.26652862430514873 2.0650277252450873
      vertex -2.8928165472707263 -0.38084652351033804 2.1804201940209005
      vertex -3.03486408490429 0 2.0278313505215477
    endloop
  endfacet
  facet normal -0.7922829328905973 -0.05192896695106299 0.607940076522077
    outer loop
      vertex -2.8928165472707263 -0.38084652351033804 2.1804201940209005
      vertex -2.720738155009771 -0.3581919733883597 2.4066122251152513
      vertex -3.03486408490429 0 2.0278313505215477
    endloop
  endfacet
  facet normal -0.792282932890597 -0.05192896695106269 0.6079400765220773
    outer loop
      vertex -2.720738155009771 -0.3581919733883597 2.4066122251152513
      vertex -2.744215297298268 0 2.4066122251152513
      vertex -3.03486408490429 0 2.0278313505215477
    endloop
  endfacet
  facet normal -0.7787267522465109 -0.15489838183122603 0.607940076522077
    outer loop
      vertex -2.8928165472707263 -0.38084652351033804 2.1804201940209005
      vertex -2.6885550602604726 -0.5976113928679218 2.386834216937572
      vertex -2.720738155009771 -0.3581919733883597 2.4066122251152513
    endloop
  endfacet
  facet normal -0.7787267522465146 -0.15489838183122615 0.6079400765220724
    outer loop
      vertex -2.6523290227448095 -0.7021079056460627 2.4066122251152513
      vertex -2.720738155009771 -0.3581919733883597 2.4066122251152513
      vertex -2.6885550602604726 -0.5976113928679218 2.386834216937572
    endloop
  endfacet
  facet normal -0.6942627593342431 -0.13809744904270763 0.7063485793639707
    outer loop
      vertex -2.6523290227448095 -0.7021079056460627 2.4066122251152513
      vertex -2.6631686276828597 -0.6237353433374891 2.4112806239649243
      vertex -2.720738155009771 -0.3581919733883597 2.4066122251152513
    endloop
  endfacet
  facet normal -0.6942627593342359 -0.13809744904270593 0.706348579363978
    outer loop
      vertex -2.6631686276828597 -0.6237353433374891 2.4112806239649243
      vertex -2.3860233239099076 -0.3141259298945193 2.744215297298268
      vertex -2.720738155009771 -0.3581919733883597 2.4066122251152513
    endloop
  endfacet
  facet normal -0.7063485793639779 -0.046296531846139195 0.7063485793639779
    outer loop
      vertex -2.720738155009771 -0.3581919733883597 2.4066122251152513
      vertex -2.4066122251152513 0 2.744215297298268
      vertex -2.744215297298268 0 2.4066122251152513
    endloop
  endfacet
  facet normal -0.6942627593342359 -0.13809744904270607 0.7063485793639782
    outer loop
      vertex -2.6631686276828597 -0.6237353433374891 2.4112806239649243
      vertex -2.587577811016381 -0.6933393848145315 2.4719698497105966
      vertex -2.3860233239099076 -0.3141259298945193 2.744215297298268
    endloop
  endfacet
  facet normal -0.6702979110062837 -0.2275354805983068 0.7063485793639779
    outer loop
      vertex -2.587577811016381 -0.6933393848145315 2.4719698497105966
      vertex -2.2851511082469 -0.9465405811077744 2.677397786357555
      vertex -2.3246089021018226 -0.622877078036382 2.744215297298268
    endloop
  endfacet
  facet normal -0.6942627593342362 -0.1380974490427057 0.7063485793639779
    outer loop
      vertex -2.587577811016381 -0.6933393848145315 2.4719698497105966
      vertex -2.3246089021018226 -0.622877078036382 2.744215297298268
      vertex -2.3860233239099076 -0.3141259298945193 2.744215297298268
    endloop
  endfacet
  facet normal -0.7063485793639777 -0.046296531846139646 0.7063485793639781
    outer loop
      vertex -2.720738155009771 -0.3581919733883597 2.4066122251152513
      vertex -2.3860233239099076 -0.3141259298945193 2.744215297298268
      vertex -2.4066122251152513 0 2.744215297298268
    endloop
  endfacet
  facet normal -0.634864079579323 -0.31308031699611744 0.7063485793639777
    outer loop
      vertex -2.230473287054769 -0.9880075062760244 2.7081623510255857
      vertex -2.1238271497803414 -1.2261921766379158 2.6984431691376876
      vertex -2.0841873240080018 -1.2033061125576257 2.744215297298268
    endloop
  endfacet
  facet normal -0.6348640795793211 -0.3130803169961186 0.706348579363979
    outer loop
      vertex -2.2851511082469 -0.9465405811077744 2.677397786357555
      vertex -2.230473287054769 -0.9880075062760244 2.7081623510255857
      vertex -2.223419777475426 -0.9209706266788905 2.744215297298268
    endloop
  endfacet
  facet normal -0.6348640795793231 -0.31308031699611755 0.7063485793639775
    outer loop
      vertex -2.230473287054769 -0.9880075062760244 2.7081623510255857
      vertex -2.0841873240080018 -1.2033061125576257 2.744215297298268
      vertex -2.223419777475426 -0.9209706266788905 2.744215297298268
    endloop
  endfacet
  facet normal -0.5885675477331834 -0.3932682623678618 0.7063485793639775
    outer loop
      vertex -2.1238271497803414 -1.2261921766379158 2.6984431691376876
      vertex -2.0507041178124155 -1.2534172719024568 2.744215297298268
      vertex -2.0841873240080018 -1.2033061125576257 2.744215297298268
    endloop
  endfacet
  facet normal -0.5068493954076007 -0.3386659386536718 0.7927225696110696
    outer loop
      vertex -2.0841873240080018 -1.2033061125576257 2.744215297298268
      vertex -2.0507041178124155 -1.2534172719024568 2.744215297298268
      vertex -2.023207582923588 -1.1680994426274256 2.7982453532868874
    endloop
  endfacet
  facet normal -0.546718003974382 -0.2696114829889306 0.7927225696110696
    outer loop
      vertex -2.0841873240080018 -1.2033061125576257 2.744215297298268
      vertex -2.023207582923588 -1.1680994426274256 2.7982453532868874
      vertex -2.0540174964361775 -1.1137418507545236 2.7954841054738724
    endloop
  endfacet
  facet normal -0.5467180039743815 -0.269611482988931 0.7927225696110699
    outer loop
      vertex -2.0841873240080018 -1.2033061125576257 2.744215297298268
      vertex -2.0540174964361775 -1.1137418507545236 2.7954841054738724
      vertex -2.223419777475426 -0.9209706266788905 2.744215297298268
    endloop
  endfacet
  facet normal -0.546718003974382 -0.2696114829889315 0.7927225696110693
    outer loop
      vertex -2.0540174964361775 -1.1137418507545236 2.7954841054738724
      vertex -1.8734718801315788 -0.7760174614751214 3.03486408490429
      vertex -2.223419777475426 -0.9209706266788905 2.744215297298268
    endloop
  endfacet
  facet normal -0.5467180039743813 -0.2696114829889321 0.7927225696110698
    outer loop
      vertex -2.0540174964361775 -1.1137418507545236 2.7954841054738724
      vertex -1.9969298916123726 -1.1529280104752138 2.821528251960255
      vertex -1.8734718801315788 -0.7760174614751214 3.03486408490429
    endloop
  endfacet
  facet normal -0.6702979110062823 -0.22753548059830692 0.7063485793639792
    outer loop
      vertex -2.3246089021018226 -0.622877078036382 2.744215297298268
      vertex -2.2851511082469 -0.9465405811077744 2.677397786357555
      vertex -2.223419777475426 -0.9209706266788905 2.744215297298268
    endloop
  endfacet
  facet normal -0.5772321159142939 -0.1959439000998251 0.7927225696110696
    outer loop
      vertex -2.3246089021018226 -0.622877078036382 2.744215297298268
      vertex -2.223419777475426 -0.9209706266788905 2.744215297298268
      vertex -1.9587346728274033 -0.524841373770942 3.03486408490429
    endloop
  endfacet
  facet normal -0.6082774216426022 -0.03986860856678122 0.7927225696110693
    outer loop
      vertex -2.3860233239099076 -0.3141259298945193 2.744215297298268
      vertex -2.0278313505215477 0 3.03486408490429
      vertex -2.4066122251152513 0 2.744215297298268
    endloop
  endfacet
  facet normal -0.5978696263119353 -0.11892366275409769 0.7927225696110691
    outer loop
      vertex -2.3246089021018226 -0.622877078036382 2.744215297298268
      vertex -2.0104829722073028 -0.2646851046480223 3.03486408490429
      vertex -2.3860233239099076 -0.3141259298945193 2.744215297298268
    endloop
  endfacet
  facet normal -0.6082774216426026 -0.03986860856678063 0.7927225696110691
    outer loop
      vertex -2.3860233239099076 -0.3141259298945193 2.744215297298268
      vertex -2.0104829722073028 -0.2646851046480223 3.03486408490429
      vertex -2.0278313505215477 0 3.03486408490429
    endloop
  endfacet
  facet normal -0.5978696263119346 -0.11892366275409852 0.7927225696110695
    outer loop
      vertex -2.3246089021018226 -0.622877078036382 2.744215297298268
      vertex -1.9587346728274033 -0.524841373770942 3.03486408490429
      vertex -2.0104829722073028 -0.2646851046480223 3.03486408490429
    endloop
  endfacet
  facet normal -0.5772321159142939 -0.19594390009982485 0.7927225696110695
    outer loop
      vertex -2.223419777475426 -0.9209706266788905 2.744215297298268
      vertex -1.8734718801315788 -0.7760174614751214 3.03486408490429
      vertex -1.9587346728274033 -0.524841373770942 3.03486408490429
    endloop
  endfacet
  facet normal -0.5068493954076024 -0.33866593865367006 0.7927225696110692
    outer loop
      vertex -1.9969298916123726 -1.1529280104752138 2.821528251960255
      vertex -1.7321189240805372 -1.3194067925080164 2.9197197111058473
      vertex -1.7561534641421668 -1.0139156752607739 3.03486408490429
    endloop
  endfacet
  facet normal -0.5467180039743823 -0.2696114829889315 0.7927225696110692
    outer loop
      vertex -1.9969298916123726 -1.1529280104752138 2.821528251960255
      vertex -1.7561534641421668 -1.0139156752607739 3.03486408490429
      vertex -1.8734718801315788 -0.7760174614751214 3.03486408490429
    endloop
  endfacet
  facet normal -0.45830845316019425 -0.4019257262121094 0.7927225696110703
    outer loop
      vertex -1.7182176265180829 -1.3277559148136504 2.9242971591793094
      vertex -1.4806324650610159 -1.4637919610317367 2.992682876014106
      vertex -1.6087867754835565 -1.2344655107321814 3.03486408490429
    endloop
  endfacet
  facet normal -0.4583084531601953 -0.40192572621210987 0.7927225696110696
    outer loop
      vertex -1.6087867754835565 -1.2344655107321814 3.03486408490429
      vertex -1.4806324650610159 -1.4637919610317367 2.992682876014106
      vertex -1.4338932990564612 -1.4338932990564612 3.03486408490429
    endloop
  endfacet
  facet normal -0.45830845316020236 -0.40192572621210015 0.7927225696110706
    outer loop
      vertex -1.7415998613993238 -1.336376575912118 2.9064079985625786
      vertex -1.7182176265180829 -1.3277559148136504 2.9242971591793094
      vertex -1.6087867754835565 -1.2344655107321814 3.03486408490429
    endloop
  endfacet
  facet normal -0.5068493954076 -0.33866593865367145 0.7927225696110702
    outer loop
      vertex -1.7415998613993238 -1.336376575912118 2.9064079985625786
      vertex -1.6087867754835565 -1.2344655107321814 3.03486408490429
      vertex -1.7321189240805372 -1.3194067925080164 2.9197197111058473
    endloop
  endfacet
  facet normal -0.5068493954076009 -0.3386659386536702 0.79272256961107
    outer loop
      vertex -1.7321189240805372 -1.3194067925080164 2.9197197111058473
      vertex -1.6087867754835565 -1.2344655107321814 3.03486408490429
      vertex -1.7561534641421668 -1.0139156752607739 3.03486408490429
    endloop
  endfacet
  facet normal -0.40192572621211 -0.4583084531601955 0.7927225696110695
    outer loop
      vertex -1.4808067075792726 -1.4808067075792726 2.98395533191902
      vertex -1.2776446440658542 -1.6650589176212922 2.9804379784763246
      vertex -1.4338932990564612 -1.4338932990564612 3.03486408490429
    endloop
  endfacet
  facet normal -0.4583084531601944 -0.40192572621211115 0.7927225696110695
    outer loop
      vertex -1.4808067075792726 -1.4808067075792726 2.98395533191902
      vertex -1.4338932990564612 -1.4338932990564612 3.03486408490429
      vertex -1.4806324650610159 -1.4637919610317367 2.992682876014106
    endloop
  endfacet
  facet normal -0.40192572621211003 -0.4583084531601954 0.7927225696110695
    outer loop
      vertex -1.4338932990564612 -1.4338932990564612 3.03486408490429
      vertex -1.2776446440658542 -1.6650589176212922 2.9804379784763246
      vertex -1.2344655107321814 -1.6087867754835565 3.03486408490429
    endloop
  endfacet
  facet normal -0.3386659386536711 -0.5068493954076015 0.7927225696110692
    outer loop
      vertex -1.2776446440658542 -1.6650589176212922 2.9804379784763246
      vertex -1.1705012112538438 -1.6515263539844542 3.03486408490429
      vertex -1.2344655107321814 -1.6087867754835565 3.03486408490429
    endloop
  endfacet
  facet normal -0.2782317834462853 -0.4164032904624072 0.8655607282983554
    outer loop
      vertex -1.2344655107321814 -1.6087867754835565 3.03486408490429
      vertex -1.1705012112538438 -1.6515263539844542 3.03486408490429
      vertex -1.1783672313467548 -1.6163043879656513 3.0492801337611284
    endloop
  endfacet
  facet normal -0.4164032904624113 -0.27823178344628763 0.8655607282983527
    outer loop
      vertex -1.7561534641421668 -1.0139156752607739 3.03486408490429
      vertex -1.6087867754835565 -1.2344655107321814 3.03486408490429
      vertex -1.3980713316071338 -0.8071768596496773 3.273585506594312
    endloop
  endfacet
  facet normal -0.4491574378359415 -0.22149993603673476 0.8655607282983526
    outer loop
      vertex -1.8734718801315788 -0.7760174614751214 3.03486408490429
      vertex -1.7561534641421668 -1.0139156752607739 3.03486408490429
      vertex -1.491468359494145 -0.6177864223528258 3.273585506594312
    endloop
  endfacet
  facet normal -0.474226376918131 -0.16097816331020803 0.8655607282983526
    outer loop
      vertex -1.9587346728274033 -0.524841373770942 3.03486408490429
      vertex -1.8734718801315788 -0.7760174614751214 3.03486408490429
      vertex -1.55934595023706 -0.4178254880867618 3.273585506594312
    endloop
  endfacet
  facet normal -0.49118117121085964 -0.09770200957786535 0.8655607282983528
    outer loop
      vertex -1.9587346728274033 -0.524841373770942 3.03486408490429
      vertex -1.600542699439044 -0.21071544387642274 3.273585506594312
      vertex -2.0104829722073028 -0.2646851046480223 3.03486408490429
    endloop
  endfacet
  facet normal -0.4997317194830225 -0.0327541473735303 0.8655607282983526
    outer loop
      vertex -2.0104829722073028 -0.2646851046480223 3.03486408490429
      vertex -1.6143537192993547 0 3.273585506594312
      vertex -2.0278313505215477 0 3.03486408490429
    endloop
  endfacet
  facet normal -0.49118117121085997 -0.09770200957786492 0.8655607282983527
    outer loop
      vertex -1.9587346728274033 -0.524841373770942 3.03486408490429
      vertex -1.55934595023706 -0.4178254880867618 3.273585506594312
      vertex -1.600542699439044 -0.21071544387642274 3.273585506594312
    endloop
  endfacet
  facet normal -0.4997317194830224 -0.03275414737353052 0.8655607282983528
    outer loop
      vertex -2.0104829722073028 -0.2646851046480223 3.03486408490429
      vertex -1.600542699439044 -0.21071544387642274 3.273585506594312
      vertex -1.6143537192993547 0 3.273585506594312
    endloop
  endfacet
  facet normal -0.47422637691813085 -0.16097816331020817 0.8655607282983526
    outer loop
      vertex -1.8734718801315788 -0.7760174614751214 3.03486408490429
      vertex -1.491468359494145 -0.6177864223528258 3.273585506594312
      vertex -1.55934595023706 -0.4178254880867618 3.273585506594312
    endloop
  endfacet
  facet normal -0.4491574378359413 -0.22149993603673485 0.8655607282983527
    outer loop
      vertex -1.7561534641421668 -1.0139156752607739 3.03486408490429
      vertex -1.3980713316071338 -0.8071768596496773 3.273585506594312
      vertex -1.491468359494145 -0.6177864223528258 3.273585506594312
    endloop
  endfacet
  facet normal -0.3765243673402655 -0.3302030079006517 0.8655607282983527
    outer loop
      vertex -1.6087867754835565 -1.2344655107321814 3.03486408490429
      vertex -1.4338932990564612 -1.4338932990564612 3.03486408490429
      vertex -1.280752915617722 -0.9827562770862183 3.273585506594312
    endloop
  endfacet
  facet normal -0.41640329046241104 -0.2782317834462878 0.8655607282983527
    outer loop
      vertex -1.6087867754835565 -1.2344655107321814 3.03486408490429
      vertex -1.280752915617722 -0.9827562770862183 3.273585506594312
      vertex -1.3980713316071338 -0.8071768596496773 3.273585506594312
    endloop
  endfacet
  facet normal -0.37652436734026634 -0.3302030079006513 0.8655607282983526
    outer loop
      vertex -1.4338932990564612 -1.4338932990564612 3.03486408490429
      vertex -1.1415204621502981 -1.1415204621502981 3.273585506594312
      vertex -1.280752915617722 -0.9827562770862183 3.273585506594312
    endloop
  endfacet
  facet normal -0.33020300790065193 -0.3765243673402658 0.8655607282983526
    outer loop
      vertex -1.4338932990564612 -1.4338932990564612 3.03486408490429
      vertex -1.2344655107321814 -1.6087867754835565 3.03486408490429
      vertex -1.1415204621502981 -1.1415204621502981 3.273585506594312
    endloop
  endfacet
  facet normal -0.27823178344628535 -0.41640329046241287 0.8655607282983526
    outer loop
      vertex -1.2344655107321814 -1.6087867754835565 3.03486408490429
      vertex -1.1783672313467548 -1.6163043879656513 3.0492801337611284
      vertex -0.9827562770862183 -1.280752915617722 3.273585506594312
    endloop
  endfacet
  facet normal -0.27823178344628796 -0.4164032904624113 0.8655607282983526
    outer loop
      vertex -1.1783672313467548 -1.6163043879656513 3.0492801337611284
      vertex -1.0413225798877614 -1.6778640279711807 3.063717643135883
      vertex -0.9827562770862183 -1.280752915617722 3.273585506594312
    endloop
  endfacet
  facet normal -0.33020300790065116 -0.376524367340266 0.8655607282983528
    outer loop
      vertex -1.2344655107321814 -1.6087867754835565 3.03486408490429
      vertex -0.9827562770862183 -1.280752915617722 3.273585506594312
      vertex -1.1415204621502981 -1.1415204621502981 3.273585506594312
    endloop
  endfacet
  facet normal -0.2882433267822654 -0.2527826132027758 0.9235890509462896
    outer loop
      vertex -1.280752915617722 -0.9827562770862183 3.273585506594312
      vertex -1.1415204621502981 -1.1415204621502981 3.273585506594312
      vertex -0.9308050182738751 -0.7142318110677938 3.4562949726571355
    endloop
  endfacet
  facet normal -0.3630378280597522 -0.12323473686339291 0.9235890509462897
    outer loop
      vertex -1.491468359494145 -0.6177864223528258 3.273585506594312
      vertex -1.133276386105785 -0.3036604924583063 3.4562949726571355
      vertex -1.55934595023706 -0.4178254880867618 3.273585506594312
    endloop
  endfacet
  facet normal -0.3438466281621314 -0.16956639193444212 0.9235890509462897
    outer loop
      vertex -1.491468359494145 -0.6177864223528258 3.273585506594312
      vertex -1.3980713316071338 -0.8071768596496773 3.273585506594312
      vertex -1.0839454017126144 -0.4489848862613176 3.4562949726571355
    endloop
  endfacet
  facet normal -0.37601735006616915 -0.07479450127748703 0.9235890509462896
    outer loop
      vertex -1.600542699439044 -0.21071544387642274 3.273585506594312
      vertex -1.55934595023706 -0.4178254880867618 3.273585506594312
      vertex -1.1632166973291114 -0.15314038343873937 3.4562949726571355
    endloop
  endfacet
  facet normal -0.38256311096124873 -0.025074511037770492 0.9235890509462896
    outer loop
      vertex -1.600542699439044 -0.21071544387642274 3.273585506594312
      vertex -1.1732540483565397 0 3.4562949726571355
      vertex -1.6143537192993547 0 3.273585506594312
    endloop
  endfacet
  facet normal -0.31877211712436127 -0.21299671902680678 0.9235890509462896
    outer loop
      vertex -1.3980713316071338 -0.8071768596496773 3.273585506594312
      vertex -1.280752915617722 -0.9827562770862183 3.273585506594312
      vertex -1.0160678109696994 -0.5866270241782698 3.4562949726571355
    endloop
  endfacet
  facet normal -0.3760173500661689 -0.07479450127748734 0.9235890509462897
    outer loop
      vertex -1.55934595023706 -0.4178254880867618 3.273585506594312
      vertex -1.133276386105785 -0.3036604924583063 3.4562949726571355
      vertex -1.1632166973291114 -0.15314038343873937 3.4562949726571355
    endloop
  endfacet
  facet normal -0.3825631109612488 -0.025074511037770437 0.9235890509462897
    outer loop
      vertex -1.600542699439044 -0.21071544387642274 3.273585506594312
      vertex -1.1632166973291114 -0.15314038343873937 3.4562949726571355
      vertex -1.1732540483565397 0 3.4562949726571355
    endloop
  endfacet
  facet normal -0.3630378280597522 -0.12323473686339294 0.9235890509462897
    outer loop
      vertex -1.491468359494145 -0.6177864223528258 3.273585506594312
      vertex -1.0839454017126144 -0.4489848862613176 3.4562949726571355
      vertex -1.133276386105785 -0.3036604924583063 3.4562949726571355
    endloop
  endfacet
  facet normal -0.3438466281621316 -0.1695663919344421 0.9235890509462897
    outer loop
      vertex -1.3980713316071338 -0.8071768596496773 3.273585506594312
      vertex -1.0160678109696994 -0.5866270241782698 3.4562949726571355
      vertex -1.0839454017126144 -0.4489848862613176 3.4562949726571355
    endloop
  endfacet
  facet normal -0.3187721171243615 -0.21299671902680672 0.9235890509462897
    outer loop
      vertex -1.280752915617722 -0.9827562770862183 3.273585506594312
      vertex -0.9308050182738751 -0.7142318110677938 3.4562949726571355
      vertex -1.0160678109696994 -0.5866270241782698 3.4562949726571355
    endloop
  endfacet
  facet normal -0.26961148298893 -0.5467180039743811 0.7927225696110705
    outer loop
      vertex -1.0414693808841546 -1.8038778822186587 2.9925786810169948
      vertex -0.7844806450173721 -1.8939038126201333 3.0178943689799462
      vertex -1.0139156752607739 -1.7561534641421668 3.03486408490429
    endloop
  endfacet
  facet normal -0.2696114829889333 -0.546718003974386 0.792722569611066
    outer loop
      vertex -1.0139156752607739 -1.7561534641421668 3.03486408490429
      vertex -0.7844806450173721 -1.8939038126201333 3.0178943689799462
      vertex -0.7760174614751214 -1.8734718801315788 3.03486408490429
    endloop
  endfacet
  facet normal -0.22149993603673404 -0.44915743783594003 0.8655607282983537
    outer loop
      vertex -1.0139156752607739 -1.7561534641421668 3.03486408490429
      vertex -0.7760174614751214 -1.8734718801315788 3.03486408490429
      vertex -0.8179032186542049 -1.7713743955095007 3.077125882222942
    endloop
  endfacet
  facet normal -0.195943900099826 -0.5772321159142986 0.792722569611066
    outer loop
      vertex -0.7844806450173721 -1.8939038126201333 3.0178943689799462
      vertex -0.7479587666405092 -1.8829965235913357 3.03486408490429
      vertex -0.7760174614751214 -1.8734718801315788 3.03486408490429
    endloop
  endfacet
  facet normal -0.16097816331020817 -0.47422637691813235 0.865560728298352
    outer loop
      vertex -0.7760174614751214 -1.8734718801315788 3.03486408490429
      vertex -0.7479587666405092 -1.8829965235913357 3.03486408490429
      vertex -0.7563834455231891 -1.8260711725365741 3.0644857079911945
    endloop
  endfacet
  facet normal -0.22149993603673893 -0.4491574378359412 0.8655607282983518
    outer loop
      vertex -0.7760174614751214 -1.8734718801315788 3.03486408490429
      vertex -0.7563834455231891 -1.8260711725365741 3.0644857079911945
      vertex -0.8179032186542049 -1.7713743955095007 3.077125882222942
    endloop
  endfacet
  facet normal -0.19594390009982388 -0.5772321159142925 0.7927225696110709
    outer loop
      vertex -0.6589145888019895 -1.9132229489856092 3.03486408490429
      vertex -0.5405722928953155 -2.0174432622493224 2.9882262542722176
      vertex -0.524841373770942 -1.9587346728274033 3.03486408490429
    endloop
  endfacet
  facet normal -0.1609781633102079 -0.47422637691813163 0.8655607282983524
    outer loop
      vertex -0.6589145888019895 -1.9132229489856092 3.03486408490429
      vertex -0.524841373770942 -1.9587346728274033 3.03486408490429
      vertex -0.5651237569508218 -1.867188697295435 3.0775288350859515
    endloop
  endfacet
  facet normal -0.11892366275409795 -0.5978696263119331 0.7927225696110709
    outer loop
      vertex -0.5405722928953155 -2.0174432622493224 2.9882262542722176
      vertex -0.26532149851543174 -2.0153168635429908 3.031122903298193
      vertex -0.524841373770942 -1.9587346728274033 3.03486408490429
    endloop
  endfacet
  facet normal -0.11892366275409978 -0.5978696263119408 0.7927225696110648
    outer loop
      vertex -0.524841373770942 -1.9587346728274033 3.03486408490429
      vertex -0.26532149851543174 -2.0153168635429908 3.031122903298193
      vertex -0.2646851046480223 -2.0104829722073028 3.03486408490429
    endloop
  endfacet
  facet normal -0.09770200957786528 -0.4911811712108593 0.8655607282983531
    outer loop
      vertex -0.524841373770942 -1.9587346728274033 3.03486408490429
      vertex -0.2646851046480223 -2.0104829722073028 3.03486408490429
      vertex -0.33665281478101816 -1.9445145017167813 3.0641758129718175
    endloop
  endfacet
  facet normal -0.03986860856677525 -0.6082774216426095 0.7927225696110642
    outer loop
      vertex -0.2646851046480223 -2.0104829722073028 3.03486408490429
      vertex -0.26532149851543174 -2.0153168635429908 3.031122903298193
      vertex -0.25877741208184674 -2.0108701828353377 3.03486408490429
    endloop
  endfacet
  facet normal -0.03275414737352646 -0.49973171948303663 0.8655607282983446
    outer loop
      vertex -0.2646851046480223 -2.0104829722073028 3.03486408490429
      vertex -0.25877741208184674 -2.0108701828353377 3.03486408490429
      vertex -0.26316630869562513 -1.9989465716054915 3.041582102468783
    endloop
  endfacet
  facet normal -0.09770200957787989 -0.49118117121087135 0.8655607282983444
    outer loop
      vertex -0.33665281478101816 -1.9445145017167813 3.0641758129718175
      vertex -0.2646851046480223 -2.0104829722073028 3.03486408490429
      vertex -0.26316630869562513 -1.9989465716054915 3.041582102468783
    endloop
  endfacet
  facet normal -0.1609781633102047 -0.4742263769181308 0.8655607282983535
    outer loop
      vertex -0.5651237569508218 -1.867188697295435 3.0775288350859515
      vertex -0.524841373770942 -1.9587346728274033 3.03486408490429
      vertex -0.6177864223528258 -1.491468359494145 3.273585506594312
    endloop
  endfacet
  facet normal -0.09770200957786516 -0.4911811712108598 0.8655607282983527
    outer loop
      vertex -0.524841373770942 -1.9587346728274033 3.03486408490429
      vertex -0.33665281478101816 -1.9445145017167813 3.0641758129718175
      vertex -0.4178254880867618 -1.55934595023706 3.273585506594312
    endloop
  endfacet
  facet normal -0.09770200957786662 -0.49118117121086 0.8655607282983523
    outer loop
      vertex -0.33665281478101816 -1.9445145017167813 3.0641758129718175
      vertex -0.25934184812464706 -1.9698969094945298 3.058498656170409
      vertex -0.4178254880867618 -1.55934595023706 3.273585506594312
    endloop
  endfacet
  facet normal -0.032754147373528185 -0.49973171948302253 0.8655607282983527
    outer loop
      vertex -0.25934184812464706 -1.9698969094945298 3.058498656170409
      vertex -0.17635264922942231 -1.99398446236478 3.047732139785956
      vertex -0.21071544387642274 -1.600542699439044 3.273585506594312
    endloop
  endfacet
  facet normal -0.3386659386536705 -0.5068493954076003 0.7927225696110705
    outer loop
      vertex -1.1029914228839162 -1.6966349524236923 3.03486408490429
      vertex -1.0414693808841546 -1.8038778822186587 2.9925786810169948
      vertex -1.0139156752607739 -1.7561534641421668 3.03486408490429
    endloop
  endfacet
  facet normal -0.2782317834462874 -0.41640329046241015 0.8655607282983534
    outer loop
      vertex -1.1029914228839162 -1.6966349524236923 3.03486408490429
      vertex -1.0139156752607739 -1.7561534641421668 3.03486408490429
      vertex -1.0413225798877614 -1.6778640279711807 3.063717643135883
    endloop
  endfacet
  facet normal -0.2782317834462901 -0.4164032904624108 0.8655607282983523
    outer loop
      vertex -1.0139156752607739 -1.7561534641421668 3.03486408490429
      vertex -0.9827562770862183 -1.280752915617722 3.273585506594312
      vertex -1.0413225798877614 -1.6778640279711807 3.063717643135883
    endloop
  endfacet
  facet normal -0.22149993603673393 -0.44915743783594186 0.8655607282983526
    outer loop
      vertex -1.0139156752607739 -1.7561534641421668 3.03486408490429
      vertex -0.8179032186542049 -1.7713743955095007 3.077125882222942
      vertex -0.8071768596496773 -1.3980713316071338 3.273585506594312
    endloop
  endfacet
  facet normal -0.2782317834462879 -0.41640329046241115 0.8655607282983527
    outer loop
      vertex -1.0139156752607739 -1.7561534641421668 3.03486408490429
      vertex -0.8071768596496773 -1.3980713316071338 3.273585506594312
      vertex -0.9827562770862183 -1.280752915617722 3.273585506594312
    endloop
  endfacet
  facet normal -0.2527826132027757 -0.2882433267822653 0.9235890509462896
    outer loop
      vertex -1.1415204621502981 -1.1415204621502981 3.273585506594312
      vertex -0.9827562770862183 -1.280752915617722 3.273585506594312
      vertex -0.8296158936474788 -0.8296158936474788 3.4562949726571355
    endloop
  endfacet
  facet normal -0.22149993603673504 -0.44915743783594175 0.8655607282983524
    outer loop
      vertex -0.8179032186542049 -1.7713743955095007 3.077125882222942
      vertex -0.7458933467878165 -1.8007458338990046 3.080312004131747
      vertex -0.8071768596496773 -1.3980713316071338 3.273585506594312
    endloop
  endfacet
  facet normal -0.1609781633102093 -0.4742263769181309 0.8655607282983526
    outer loop
      vertex -0.5651237569508218 -1.867188697295435 3.0775288350859515
      vertex -0.6177864223528258 -1.491468359494145 3.273585506594312
      vertex -0.7458933467878165 -1.8007458338990046 3.080312004131747
    endloop
  endfacet
  facet normal -0.22149993603673512 -0.44915743783594186 0.8655607282983525
    outer loop
      vertex -0.7458933467878165 -1.8007458338990046 3.080312004131747
      vertex -0.6177864223528258 -1.491468359494145 3.273585506594312
      vertex -0.8071768596496773 -1.3980713316071338 3.273585506594312
    endloop
  endfacet
  facet normal -0.2129967190268068 -0.31877211712436127 0.9235890509462896
    outer loop
      vertex -0.9827562770862183 -1.280752915617722 3.273585506594312
      vertex -0.8071768596496773 -1.3980713316071338 3.273585506594312
      vertex -0.7142318110677938 -0.9308050182738751 3.4562949726571355
    endloop
  endfacet
  facet normal -0.16956639193444217 -0.3438466281621315 0.9235890509462897
    outer loop
      vertex -0.8071768596496773 -1.3980713316071338 3.273585506594312
      vertex -0.6177864223528258 -1.491468359494145 3.273585506594312
      vertex -0.5866270241782698 -1.0160678109696994 3.4562949726571355
    endloop
  endfacet
  facet normal -0.28824332678226505 -0.252782613202776 0.9235890509462897
    outer loop
      vertex -1.1415204621502981 -1.1415204621502981 3.273585506594312
      vertex -0.8296158936474788 -0.8296158936474788 3.4562949726571355
      vertex -0.9308050182738751 -0.7142318110677938 3.4562949726571355
    endloop
  endfacet
  facet normal -0.2527826132027761 -0.2882433267822651 0.9235890509462897
    outer loop
      vertex -0.9827562770862183 -1.280752915617722 3.273585506594312
      vertex -0.7142318110677938 -0.9308050182738751 3.4562949726571355
      vertex -0.8296158936474788 -0.8296158936474788 3.4562949726571355
    endloop
  endfacet
  facet normal -0.21299671902680659 -0.3187721171243613 0.9235890509462897
    outer loop
      vertex -0.8071768596496773 -1.3980713316071338 3.273585506594312
      vertex -0.5866270241782698 -1.0160678109696994 3.4562949726571355
      vertex -0.7142318110677938 -0.9308050182738751 3.4562949726571355
    endloop
  endfacet
  facet normal -0.21563089558528337 -0.14407995810549298 0.9657868722142624
    outer loop
      vertex -1.0160678109696994 -0.5866270241782698 3.4562949726571355
      vertex -0.9308050182738751 -0.7142318110677938 3.4562949726571355
      vertex -0.6166790883793557 -0.35603983767943403 3.579866273471791
    endloop
  endfacet
  facet normal -0.2455740881669414 -0.0833611700947585 0.9657868722142625
    outer loop
      vertex -1.0839454017126144 -0.4489848862613176 3.4562949726571355
      vertex -0.6878161488046661 -0.1842997816132952 3.579866273471791
      vertex -1.133276386105785 -0.3036604924583063 3.4562949726571355
    endloop
  endfacet
  facet normal -0.25878181247039156 -0.016961456102913015 0.9657868722142624
    outer loop
      vertex -1.1632166973291114 -0.15314038343873937 3.4562949726571355
      vertex -0.7120796753588681 0 3.579866273471791
      vertex -1.1732540483565397 0 3.4562949726571355
    endloop
  endfacet
  facet normal -0.25435398391114994 -0.05059415309221433 0.9657868722142625
    outer loop
      vertex -1.133276386105785 -0.3036604924583063 3.4562949726571355
      vertex -0.7059877350232808 -0.09294504858188353 3.579866273471791
      vertex -1.1632166973291114 -0.15314038343873937 3.4562949726571355
    endloop
  endfacet
  facet normal -0.23259235168819625 -0.11470185436489858 0.9657868722142625
    outer loop
      vertex -1.0839454017126144 -0.4489848862613176 3.4562949726571355
      vertex -1.0160678109696994 -0.5866270241782698 3.4562949726571355
      vertex -0.6578758375813398 -0.27250109428375047 3.579866273471791
    endloop
  endfacet
  facet normal -0.25435398391115005 -0.05059415309221422 0.9657868722142623
    outer loop
      vertex -1.133276386105785 -0.3036604924583063 3.4562949726571355
      vertex -0.6878161488046661 -0.1842997816132952 3.579866273471791
      vertex -0.7059877350232808 -0.09294504858188353 3.579866273471791
    endloop
  endfacet
  facet normal -0.25878181247039156 -0.016961456102913237 0.9657868722142625
    outer loop
      vertex -1.1632166973291114 -0.15314038343873937 3.4562949726571355
      vertex -0.7059877350232808 -0.09294504858188353 3.579866273471791
      vertex -0.7120796753588681 0 3.579866273471791
    endloop
  endfacet
  facet normal -0.19497993507472722 -0.17099281381639156 0.9657868722142624
    outer loop
      vertex -0.9308050182738751 -0.7142318110677938 3.4562949726571355
      vertex -0.8296158936474788 -0.8296158936474788 3.4562949726571355
      vertex -0.5649307889994564 -0.4334866407395304 3.579866273471791
    endloop
  endfacet
  facet normal -0.1709928138163915 -0.19497993507472716 0.9657868722142624
    outer loop
      vertex -0.8296158936474788 -0.8296158936474788 3.4562949726571355
      vertex -0.7142318110677938 -0.9308050182738751 3.4562949726571355
      vertex -0.5035163671913709 -0.5035163671913709 3.579866273471791
    endloop
  endfacet
  facet normal -0.2156308955852834 -0.14407995810549307 0.9657868722142625
    outer loop
      vertex -0.9308050182738751 -0.7142318110677938 3.4562949726571355
      vertex -0.5649307889994564 -0.4334866407395304 3.579866273471791
      vertex -0.6166790883793557 -0.35603983767943403 3.579866273471791
    endloop
  endfacet
  facet normal -0.19497993507472713 -0.17099281381639153 0.9657868722142623
    outer loop
      vertex -0.8296158936474788 -0.8296158936474788 3.4562949726571355
      vertex -0.5035163671913709 -0.5035163671913709 3.579866273471791
      vertex -0.5649307889994564 -0.4334866407395304 3.579866273471791
    endloop
  endfacet
  facet normal -0.24557408816694146 -0.0833611700947585 0.9657868722142623
    outer loop
      vertex -1.0839454017126144 -0.4489848862613176 3.4562949726571355
      vertex -0.6578758375813398 -0.27250109428375047 3.579866273471791
      vertex -0.6878161488046661 -0.1842997816132952 3.579866273471791
    endloop
  endfacet
  facet normal -0.2325923516881963 -0.11470185436489844 0.9657868722142625
    outer loop
      vertex -1.0160678109696994 -0.5866270241782698 3.4562949726571355
      vertex -0.6166790883793557 -0.35603983767943403 3.579866273471791
      vertex -0.6578758375813398 -0.27250109428375047 3.579866273471791
    endloop
  endfacet
  facet normal -0.16097816331020817 -0.4742263769181309 0.8655607282983526
    outer loop
      vertex -0.524841373770942 -1.9587346728274033 3.03486408490429
      vertex -0.4178254880867618 -1.55934595023706 3.273585506594312
      vertex -0.6177864223528258 -1.491468359494145 3.273585506594312
    endloop
  endfacet
  facet normal -0.12323473686339291 -0.3630378280597522 0.9235890509462897
    outer loop
      vertex -0.6177864223528258 -1.491468359494145 3.273585506594312
      vertex -0.4178254880867618 -1.55934595023706 3.273585506594312
      vertex -0.4489848862613176 -1.0839454017126144 3.4562949726571355
    endloop
  endfacet
  facet normal -0.09770200957786483 -0.49118117121085964 0.865560728298353
    outer loop
      vertex -0.25934184812464706 -1.9698969094945298 3.058498656170409
      vertex -0.21071544387642274 -1.600542699439044 3.273585506594312
      vertex -0.4178254880867618 -1.55934595023706 3.273585506594312
    endloop
  endfacet
  facet normal -0.074794501277487 -0.37601735006616904 0.9235890509462896
    outer loop
      vertex -0.4178254880867618 -1.55934595023706 3.273585506594312
      vertex -0.21071544387642274 -1.600542699439044 3.273585506594312
      vertex -0.3036604924583063 -1.133276386105785 3.4562949726571355
    endloop
  endfacet
  facet normal -0.16956639193444187 -0.3438466281621315 0.9235890509462897
    outer loop
      vertex -0.6177864223528258 -1.491468359494145 3.273585506594312
      vertex -0.4489848862613176 -1.0839454017126144 3.4562949726571355
      vertex -0.5866270241782698 -1.0160678109696994 3.4562949726571355
    endloop
  endfacet
  facet normal -0.11470185436489858 -0.23259235168819625 0.9657868722142623
    outer loop
      vertex -0.5866270241782698 -1.0160678109696994 3.4562949726571355
      vertex -0.4489848862613176 -1.0839454017126144 3.4562949726571355
      vertex -0.35603983767943403 -0.6166790883793557 3.579866273471791
    endloop
  endfacet
  facet normal -0.12323473686339294 -0.36303782805975227 0.9235890509462897
    outer loop
      vertex -0.4178254880867618 -1.55934595023706 3.273585506594312
      vertex -0.3036604924583063 -1.133276386105785 3.4562949726571355
      vertex -0.4489848862613176 -1.0839454017126144 3.4562949726571355
    endloop
  endfacet
  facet normal -0.0833611700947585 -0.2455740881669414 0.9657868722142625
    outer loop
      vertex -0.4489848862613176 -1.0839454017126144 3.4562949726571355
      vertex -0.3036604924583063 -1.133276386105785 3.4562949726571355
      vertex -0.27250109428375047 -0.6578758375813398 3.579866273471791
    endloop
  endfacet
  facet normal -0.07479450127748742 -0.3760173500661691 0.9235890509462895
    outer loop
      vertex -0.21071544387642274 -1.600542699439044 3.273585506594312
      vertex -0.15314038343873937 -1.1632166973291114 3.4562949726571355
      vertex -0.3036604924583063 -1.133276386105785 3.4562949726571355
    endloop
  endfacet
  facet normal -0.05059415309221433 -0.25435398391114994 0.9657868722142623
    outer loop
      vertex -0.3036604924583063 -1.133276386105785 3.4562949726571355
      vertex -0.15314038343873937 -1.1632166973291114 3.4562949726571355
      vertex -0.1842997816132952 -0.6878161488046661 3.579866273471791
    endloop
  endfacet
  facet normal -0.14407995810549298 -0.21563089558528337 0.9657868722142624
    outer loop
      vertex -0.7142318110677938 -0.9308050182738751 3.4562949726571355
      vertex -0.5866270241782698 -1.0160678109696994 3.4562949726571355
      vertex -0.4334866407395304 -0.5649307889994564 3.579866273471791
    endloop
  endfacet
  facet normal -0.17099281381639167 -0.1949799350747272 0.9657868722142623
    outer loop
      vertex -0.7142318110677938 -0.9308050182738751 3.4562949726571355
      vertex -0.4334866407395304 -0.5649307889994564 3.579866273471791
      vertex -0.5035163671913709 -0.5035163671913709 3.579866273471791
    endloop
  endfacet
  facet normal -0.144079958105493 -0.21563089558528334 0.9657868722142625
    outer loop
      vertex -0.5866270241782698 -1.0160678109696994 3.4562949726571355
      vertex -0.35603983767943403 -0.6166790883793557 3.579866273471791
      vertex -0.4334866407395304 -0.5649307889994564 3.579866273471791
    endloop
  endfacet
  facet normal -0.12385985466954016 -0.04204475516977423 0.9914085812438554
    outer loop
      vertex -0.6578758375813398 -0.27250109428375047 3.579866273471791
      vertex -0.23058718649883578 -0.06178565040732772 3.6421850698209024
      vertex -0.6878161488046661 -0.1842997816132952 3.579866273471791
    endloop
  endfacet
  facet normal -0.12828815823775752 -0.02551810126184847 0.9914085812438552
    outer loop
      vertex -0.7059877350232808 -0.09294504858188353 3.579866273471791
      vertex -0.6878161488046661 -0.1842997816132952 3.579866273471791
      vertex -0.23667912683442296 -0.031159398174555823 3.6421850698209024
    endloop
  endfacet
  facet normal -0.13052141585032973 -0.0085548255663784 0.9914085812438552
    outer loop
      vertex -0.7059877350232808 -0.09294504858188353 3.579866273471791
      vertex -0.23872142169002217 0 3.6421850698209024
      vertex -0.7120796753588681 0 3.579866273471791
    endloop
  endfacet
  facet normal -0.11731227464748763 -0.05785201165973658 0.9914085812438554
    outer loop
      vertex -0.6578758375813398 -0.27250109428375047 3.579866273471791
      vertex -0.6166790883793557 -0.35603983767943403 3.579866273471791
      vertex -0.2205498354714074 -0.09135473303141167 3.6421850698209024
    endloop
  endfacet
  facet normal -0.10875744908110929 -0.07266940419059303 0.9914085812438552
    outer loop
      vertex -0.6166790883793557 -0.35603983767943403 3.579866273471791
      vertex -0.5649307889994564 -0.4334866407395304 3.579866273471791
      vertex -0.2067388156110967 -0.11936071084501108 3.6421850698209024
    endloop
  endfacet
  facet normal -0.0983417534076916 -0.08624340306798331 0.9914085812438552
    outer loop
      vertex -0.5035163671913709 -0.5035163671913709 3.579866273471791
      vertex -0.1893904372968516 -0.1453243938030113 3.6421850698209024
      vertex -0.5649307889994564 -0.4334866407395304 3.579866273471791
    endloop
  endfacet
  facet normal -0.1147018543648984 -0.23259235168819628 0.9657868722142623
    outer loop
      vertex -0.4489848862613176 -1.0839454017126144 3.4562949726571355
      vertex -0.27250109428375047 -0.6578758375813398 3.579866273471791
      vertex -0.35603983767943403 -0.6166790883793557 3.579866273471791
    endloop
  endfacet
  facet normal -0.07266940419059303 -0.10875744908110929 0.9914085812438554
    outer loop
      vertex -0.4334866407395304 -0.5649307889994564 3.579866273471791
      vertex -0.35603983767943403 -0.6166790883793557 3.579866273471791
      vertex -0.1453243938030113 -0.1893904372968516 3.6421850698209024
    endloop
  endfacet
  facet normal -0.08336117009475848 -0.2455740881669414 0.9657868722142623
    outer loop
      vertex -0.3036604924583063 -1.133276386105785 3.4562949726571355
      vertex -0.1842997816132952 -0.6878161488046661 3.579866273471791
      vertex -0.27250109428375047 -0.6578758375813398 3.579866273471791
    endloop
  endfacet
  facet normal -0.05785201165973658 -0.11731227464748763 0.9914085812438552
    outer loop
      vertex -0.35603983767943403 -0.6166790883793557 3.579866273471791
      vertex -0.27250109428375047 -0.6578758375813398 3.579866273471791
      vertex -0.11936071084501108 -0.2067388156110967 3.6421850698209024
    endloop
  endfacet
  facet normal -0.08624340306798334 -0.09834175340769163 0.9914085812438554
    outer loop
      vertex -0.5035163671913709 -0.5035163671913709 3.579866273471791
      vertex -0.4334866407395304 -0.5649307889994564 3.579866273471791
      vertex -0.16880153609150805 -0.16880153609150805 3.6421850698209024
    endloop
  endfacet
  facet normal -0.10875744908110915 -0.0726694041905933 0.9914085812438553
    outer loop
      vertex -0.5649307889994564 -0.4334866407395304 3.579866273471791
      vertex -0.1893904372968516 -0.1453243938030113 3.6421850698209024
      vertex -0.2067388156110967 -0.11936071084501108 3.6421850698209024
    endloop
  endfacet
  facet normal -0.12385985466953997 -0.042044755169774496 0.9914085812438553
    outer loop
      vertex -0.6578758375813398 -0.27250109428375047 3.579866273471791
      vertex -0.2205498354714074 -0.09135473303141167 3.6421850698209024
      vertex -0.23058718649883578 -0.06178565040732772 3.6421850698209024
    endloop
  endfacet
  facet normal -0.12828815823775752 -0.02551810126184828 0.9914085812438553
    outer loop
      vertex -0.6878161488046661 -0.1842997816132952 3.579866273471791
      vertex -0.23058718649883578 -0.06178565040732772 3.6421850698209024
      vertex -0.23667912683442296 -0.031159398174555823 3.6421850698209024
    endloop
  endfacet
  facet normal -0.1305214158503297 -0.008554825566378581 0.9914085812438553
    outer loop
      vertex -0.7059877350232808 -0.09294504858188353 3.579866273471791
      vertex -0.23667912683442296 -0.031159398174555823 3.6421850698209024
      vertex -0.23872142169002217 0 3.6421850698209024
    endloop
  endfacet
  facet normal -0.11731227464748775 -0.05785201165973655 0.9914085812438553
    outer loop
      vertex -0.6166790883793557 -0.35603983767943403 3.579866273471791
      vertex -0.2067388156110967 -0.11936071084501108 3.6421850698209024
      vertex -0.2205498354714074 -0.09135473303141167 3.6421850698209024
    endloop
  endfacet
  facet normal -0.09834175340769162 -0.08624340306798316 0.9914085812438553
    outer loop
      vertex -0.5035163671913709 -0.5035163671913709 3.579866273471791
      vertex -0.16880153609150805 -0.16880153609150805 3.6421850698209024
      vertex -0.1893904372968516 -0.1453243938030113 3.6421850698209024
    endloop
  endfacet
  facet normal -0.08624340306798303 -0.09834175340769181 0.9914085812438553
    outer loop
      vertex -0.4334866407395304 -0.5649307889994564 3.579866273471791
      vertex -0.1453243938030113 -0.1893904372968516 3.6421850698209024
      vertex -0.16880153609150805 -0.16880153609150805 3.6421850698209024
    endloop
  endfacet
  facet normal -0.07266940419059316 -0.10875744908110915 0.9914085812438553
    outer loop
      vertex -0.35603983767943403 -0.6166790883793557 3.579866273471791
      vertex -0.11936071084501108 -0.2067388156110967 3.6421850698209024
      vertex -0.1453243938030113 -0.1893904372968516 3.6421850698209024
    endloop
  endfacet
  facet normal 0 0 1
    outer loop
      vertex -0.23058718649883578 -0.06178565040732772 3.6421850698209024
      vertex -0.23667912683442296 0.031159398174555823 3.6421850698209024
      vertex -0.23667912683442296 -0.031159398174555823 3.6421850698209024
    endloop
  endfacet
  facet normal 0 0 1
    outer loop
      vertex -0.23058718649883578 -0.06178565040732772 3.6421850698209024
      vertex -0.2205498354714074 -0.09135473303141167 3.6421850698209024
      vertex -0.23058718649883578 0.06178565040732772 3.6421850698209024
    endloop
  endfacet
  facet normal 0 0 1
    outer loop
      vertex -0.2067388156110967 -0.11936071084501108 3.6421850698209024
      vertex -0.2205498354714074 0.09135473303141167 3.6421850698209024
      vertex -0.2205498354714074 -0.09135473303141167 3.6421850698209024
    endloop
  endfacet
  facet normal 0 0 1
    outer loop
      vertex -0.2067388156110967 -0.11936071084501108 3.6421850698209024
      vertex -0.1893904372968516 -0.1453243938030113 3.6421850698209024
      vertex -0.2067388156110967 0.11936071084501108 3.6421850698209024
    endloop
  endfacet
  facet normal 0.3511696618733944 -0.7121016303436309 0.6079400765220769
    outer loop
      vertex 1.350908913583809 -2.38701422014928 2.4066122251152513
      vertex 1.3752541562332234 -2.382010071916209 2.398411008076406
      vertex 1.372107648649134 -2.3765601609141656 2.4066122251152513
    endloop
  endfacet
  facet normal 0.44111327101720305 -0.6601726633925655 0.6079400765220778
    outer loop
      vertex 1.372107648649134 -2.3765601609141656 2.4066122251152513
      vertex 1.3752541562332234 -2.382010071916209 2.398411008076406
      vertex 1.3997816264091438 -2.358069000148673 2.4066122251152513
    endloop
  endfacet
  facet normal 0.31308031699611577 -0.6348640795793237 0.7063485793639781
    outer loop
      vertex 1.350908913583809 -2.38701422014928 2.4066122251152513
      vertex 1.372107648649134 -2.3765601609141656 2.4066122251152513
      vertex 1.2982041272903162 -2.2485555070624414 2.5544192678328868
    endloop
  endfacet
  facet normal 0.3932682623678625 -0.5885675477331826 0.706348579363978
    outer loop
      vertex 1.372107648649134 -2.3765601609141656 2.4066122251152513
      vertex 1.3997816264091438 -2.358069000148673 2.4066122251152513
      vertex 1.2982041272903162 -2.2485555070624414 2.5544192678328868
    endloop
  endfacet
  facet normal -0.03275414737352952 -0.49973171948301637 0.8655607282983562
    outer loop
      vertex -0.22962494546557521 -2.012780936446974 3.03486408490429
      vertex 0 -2.0278313505215477 3.03486408490429
      vertex -0.17635264922942231 -1.99398446236478 3.047732139785956
    endloop
  endfacet
  facet normal -0.039868608566780164 -0.6082774216426029 0.7927225696110689
    outer loop
      vertex -0.22962494546557521 -2.012780936446974 3.03486408490429
      vertex 0 -2.1290513704748664 2.95719523187034
      vertex 0 -2.0278313505215477 3.03486408490429
    endloop
  endfacet
  facet normal 0.03986860856678494 -0.6082774216426028 0.7927225696110688
    outer loop
      vertex 0 -2.1290513704748664 2.95719523187034
      vertex 0.10570180775474394 -2.06764233311793 2.998999954204807
      vertex 0 -2.0278313505215477 3.03486408490429
    endloop
  endfacet
  facet normal 0.03986860856678104 -0.608277421642609 0.7927225696110641
    outer loop
      vertex 0.10570180775474394 -2.06764233311793 2.998999954204807
      vertex 0.2646851046480223 -2.0104829722073028 3.03486408490429
      vertex 0 -2.0278313505215477 3.03486408490429
    endloop
  endfacet
  facet normal 0.039868608566778624 -0.6082774216426046 0.7927225696110678
    outer loop
      vertex 0.10570180775474394 -2.06764233311793 2.998999954204807
      vertex 0.2773273003648862 -2.1065099823175473 2.960544151135691
      vertex 0.2646851046480223 -2.0104829722073028 3.03486408490429
    endloop
  endfacet
  facet normal 0.11892366275409556 -0.5978696263119374 0.7927225696110679
    outer loop
      vertex 0.2773273003648862 -2.1065099823175473 2.960544151135691
      vertex 0.5792541531299632 -2.161805929976306 2.87354522184851
      vertex 0.2646851046480223 -2.0104829722073028 3.03486408490429
    endloop
  endfacet
  facet normal 0.11892366275409837 -0.5978696263119339 0.79272256961107
    outer loop
      vertex 0.2646851046480223 -2.0104829722073028 3.03486408490429
      vertex 0.5792541531299632 -2.161805929976306 2.87354522184851
      vertex 0.524841373770942 -1.9587346728274033 3.03486408490429
    endloop
  endfacet
  facet normal 0.1959439000998246 -0.5772321159142932 0.79272256961107
    outer loop
      vertex 0.5792541531299632 -2.161805929976306 2.87354522184851
      vertex 0.7760174614751214 -1.8734718801315788 3.03486408490429
      vertex 0.524841373770942 -1.9587346728274033 3.03486408490429
    endloop
  endfacet
  facet normal -0.03275414737353099 -0.4997317194830227 0.8655607282983527
    outer loop
      vertex -0.17635264922942231 -1.99398446236478 3.047732139785956
      vertex 0 -2.0278313505215477 3.03486408490429
      vertex -0.21071544387642274 -1.600542699439044 3.273585506594312
    endloop
  endfacet
  facet normal 0.0327541473735303 -0.4997317194830225 0.8655607282983526
    outer loop
      vertex 0 -2.0278313505215477 3.03486408490429
      vertex 0.2646851046480223 -2.0104829722073028 3.03486408490429
      vertex 0 -1.6143537192993547 3.273585506594312
    endloop
  endfacet
  facet normal 0.09770200957786537 -0.49118117121085975 0.8655607282983526
    outer loop
      vertex 0.2646851046480223 -2.0104829722073028 3.03486408490429
      vertex 0.524841373770942 -1.9587346728274033 3.03486408490429
      vertex 0.4178254880867618 -1.55934595023706 3.273585506594312
    endloop
  endfacet
  facet normal 0.16097816331020803 -0.474226376918131 0.8655607282983527
    outer loop
      vertex 0.524841373770942 -1.9587346728274033 3.03486408490429
      vertex 0.7760174614751214 -1.8734718801315788 3.03486408490429
      vertex 0.6177864223528258 -1.491468359494145 3.273585506594312
    endloop
  endfacet
  facet normal -0.032754147373530544 -0.4997317194830224 0.8655607282983527
    outer loop
      vertex 0 -2.0278313505215477 3.03486408490429
      vertex 0 -1.6143537192993547 3.273585506594312
      vertex -0.21071544387642274 -1.600542699439044 3.273585506594312
    endloop
  endfacet
  facet normal -0.025074511037770492 -0.38256311096124873 0.9235890509462896
    outer loop
      vertex -0.21071544387642274 -1.600542699439044 3.273585506594312
      vertex 0 -1.6143537192993547 3.273585506594312
      vertex -0.15314038343873937 -1.1632166973291114 3.4562949726571355
    endloop
  endfacet
  facet normal 0.03275414737353058 -0.49973171948302236 0.8655607282983528
    outer loop
      vertex 0 -1.6143537192993547 3.273585506594312
      vertex 0.2646851046480223 -2.0104829722073028 3.03486408490429
      vertex 0.21071544387642274 -1.600542699439044 3.273585506594312
    endloop
  endfacet
  facet normal 0.025074511037770492 -0.38256311096124873 0.9235890509462896
    outer loop
      vertex 0 -1.6143537192993547 3.273585506594312
      vertex 0.21071544387642274 -1.600542699439044 3.273585506594312
      vertex 0 -1.1732540483565397 3.4562949726571355
    endloop
  endfacet
  facet normal -0.025074511037770388 -0.38256311096124873 0.9235890509462897
    outer loop
      vertex -0.15314038343873937 -1.1632166973291114 3.4562949726571355
      vertex 0 -1.6143537192993547 3.273585506594312
      vertex 0 -1.1732540483565397 3.4562949726571355
    endloop
  endfacet
  facet normal -0.016961456102913015 -0.25878181247039156 0.9657868722142624
    outer loop
      vertex -0.15314038343873937 -1.1632166973291114 3.4562949726571355
      vertex 0 -1.1732540483565397 3.4562949726571355
      vertex -0.09294504858188353 -0.7059877350232808 3.579866273471791
    endloop
  endfacet
  facet normal 0.025074511037770395 -0.38256311096124884 0.9235890509462897
    outer loop
      vertex 0 -1.1732540483565397 3.4562949726571355
      vertex 0.21071544387642274 -1.600542699439044 3.273585506594312
      vertex 0.15314038343873937 -1.1632166973291114 3.4562949726571355
    endloop
  endfacet
  facet normal 0.016961456102913015 -0.25878181247039156 0.9657868722142624
    outer loop
      vertex 0 -1.1732540483565397 3.4562949726571355
      vertex 0.15314038343873937 -1.1632166973291114 3.4562949726571355
      vertex 0 -0.7120796753588681 3.579866273471791
    endloop
  endfacet
  facet normal 0.07479450127748737 -0.3760173500661691 0.9235890509462895
    outer loop
      vertex 0.15314038343873937 -1.1632166973291114 3.4562949726571355
      vertex 0.21071544387642274 -1.600542699439044 3.273585506594312
      vertex 0.3036604924583063 -1.133276386105785 3.4562949726571355
    endloop
  endfacet
  facet normal 0.05059415309221433 -0.25435398391114994 0.9657868722142623
    outer loop
      vertex 0.15314038343873937 -1.1632166973291114 3.4562949726571355
      vertex 0.3036604924583063 -1.133276386105785 3.4562949726571355
      vertex 0.1842997816132952 -0.6878161488046661 3.579866273471791
    endloop
  endfacet
  facet normal -0.05059415309221421 -0.25435398391115 0.9657868722142625
    outer loop
      vertex -0.15314038343873937 -1.1632166973291114 3.4562949726571355
      vertex -0.09294504858188353 -0.7059877350232808 3.579866273471791
      vertex -0.1842997816132952 -0.6878161488046661 3.579866273471791
    endloop
  endfacet
  facet normal -0.04204475516977422 -0.12385985466954014 0.9914085812438552
    outer loop
      vertex -0.27250109428375047 -0.6578758375813398 3.579866273471791
      vertex -0.1842997816132952 -0.6878161488046661 3.579866273471791
      vertex -0.09135473303141167 -0.2205498354714074 3.6421850698209024
    endloop
  endfacet
  facet normal -0.02551810126184847 -0.12828815823775752 0.9914085812438552
    outer loop
      vertex -0.09294504858188353 -0.7059877350232808 3.579866273471791
      vertex -0.06178565040732772 -0.23058718649883578 3.6421850698209024
      vertex -0.1842997816132952 -0.6878161488046661 3.579866273471791
    endloop
  endfacet
  facet normal -0.01696145610291321 -0.25878181247039156 0.9657868722142623
    outer loop
      vertex 0 -1.1732540483565397 3.4562949726571355
      vertex 0 -0.7120796753588681 3.579866273471791
      vertex -0.09294504858188353 -0.7059877350232808 3.579866273471791
    endloop
  endfacet
  facet normal -0.0085548255663784 -0.13052141585032973 0.9914085812438552
    outer loop
      vertex -0.09294504858188353 -0.7059877350232808 3.579866273471791
      vertex 0 -0.7120796753588681 3.579866273471791
      vertex -0.031159398174555823 -0.23667912683442296 3.6421850698209024
    endloop
  endfacet
  facet normal -0.057852011659736406 -0.1173122746474877 0.9914085812438553
    outer loop
      vertex -0.27250109428375047 -0.6578758375813398 3.579866273471791
      vertex -0.09135473303141167 -0.2205498354714074 3.6421850698209024
      vertex -0.11936071084501108 -0.2067388156110967 3.6421850698209024
    endloop
  endfacet
  facet normal -0.04204475516977461 -0.12385985466954008 0.9914085812438553
    outer loop
      vertex -0.1842997816132952 -0.6878161488046661 3.579866273471791
      vertex -0.06178565040732772 -0.23058718649883578 3.6421850698209024
      vertex -0.09135473303141167 -0.2205498354714074 3.6421850698209024
    endloop
  endfacet
  facet normal 0 0 1
    outer loop
      vertex -0.1893904372968516 -0.1453243938030113 3.6421850698209024
      vertex -0.16880153609150805 -0.16880153609150805 3.6421850698209024
      vertex -0.1893904372968516 0.1453243938030113 3.6421850698209024
    endloop
  endfacet
  facet normal 0 0 1
    outer loop
      vertex -0.16880153609150805 -0.16880153609150805 3.6421850698209024
      vertex -0.1453243938030113 -0.1893904372968516 3.6421850698209024
      vertex -0.16880153609150805 0.16880153609150805 3.6421850698209024
    endloop
  endfacet
  facet normal 0 0 1
    outer loop
      vertex -0.1453243938030113 -0.1893904372968516 3.6421850698209024
      vertex -0.11936071084501108 -0.2067388156110967 3.6421850698209024
      vertex -0.1453243938030113 0.1893904372968516 3.6421850698209024
    endloop
  endfacet
  facet normal 0 0 1
    outer loop
      vertex -0.11936071084501108 -0.2067388156110967 3.6421850698209024
      vertex -0.09135473303141167 -0.2205498354714074 3.6421850698209024
      vertex -0.11936071084501108 0.2067388156110967 3.6421850698209024
    endloop
  endfacet
  facet normal 0 0 1
    outer loop
      vertex -0.09135473303141167 -0.2205498354714074 3.6421850698209024
      vertex -0.06178565040732772 -0.23058718649883578 3.6421850698209024
      vertex -0.09135473303141167 0.2205498354714074 3.6421850698209024
    endloop
  endfacet
  facet normal -0.025518101261848367 -0.12828815823775752 0.9914085812438553
    outer loop
      vertex -0.09294504858188353 -0.7059877350232808 3.579866273471791
      vertex -0.031159398174555823 -0.23667912683442296 3.6421850698209024
      vertex -0.06178565040732772 -0.23058718649883578 3.6421850698209024
    endloop
  endfacet
  facet normal -0.008554825566378675 -0.13052141585032975 0.9914085812438553
    outer loop
      vertex 0 -0.7120796753588681 3.579866273471791
      vertex 0 -0.23872142169002217 3.6421850698209024
      vertex -0.031159398174555823 -0.23667912683442296 3.6421850698209024
    endloop
  endfacet
  facet normal 0 0 1
    outer loop
      vertex -0.031159398174555823 -0.23667912683442296 3.6421850698209024
      vertex -0.06178565040732772 0.23058718649883578 3.6421850698209024
      vertex -0.06178565040732772 -0.23058718649883578 3.6421850698209024
    endloop
  endfacet
  facet normal 0 0 1
    outer loop
      vertex -0.031159398174555823 -0.23667912683442296 3.6421850698209024
      vertex 0 -0.23872142169002217 3.6421850698209024
      vertex -0.031159398174555823 0.23667912683442296 3.6421850698209024
    endloop
  endfacet
  facet normal 0 0 1
    outer loop
      vertex 0 -0.23872142169002217 3.6421850698209024
      vertex 0.031159398174555823 -0.23667912683442296 3.6421850698209024
      vertex 0 0.23872142169002217 3.6421850698209024
    endloop
  endfacet
  facet normal 0.016961456102913223 -0.2587818124703915 0.9657868722142625
    outer loop
      vertex 0.15314038343873937 -1.1632166973291114 3.4562949726571355
      vertex 0.09294504858188353 -0.7059877350232808 3.579866273471791
      vertex 0 -0.7120796753588681 3.579866273471791
    endloop
  endfacet
  facet normal 0.0085548255663784 -0.13052141585032973 0.9914085812438552
    outer loop
      vertex 0 -0.7120796753588681 3.579866273471791
      vertex 0.09294504858188353 -0.7059877350232808 3.579866273471791
      vertex 0 -0.23872142169002217 3.6421850698209024
    endloop
  endfacet
  facet normal 0.025518101261848475 -0.12828815823775755 0.9914085812438552
    outer loop
      vertex 0.09294504858188353 -0.7059877350232808 3.579866273471791
      vertex 0.1842997816132952 -0.6878161488046661 3.579866273471791
      vertex 0.06178565040732772 -0.23058718649883578 3.6421850698209024
    endloop
  endfacet
  facet normal 0.05059415309221415 -0.25435398391115 0.9657868722142625
    outer loop
      vertex 0.15314038343873937 -1.1632166973291114 3.4562949726571355
      vertex 0.1842997816132952 -0.6878161488046661 3.579866273471791
      vertex 0.09294504858188353 -0.7059877350232808 3.579866273471791
    endloop
  endfacet
  facet normal 0.04204475516977421 -0.12385985466954014 0.9914085812438552
    outer loop
      vertex 0.09135473303141167 -0.2205498354714074 3.6421850698209024
      vertex 0.1842997816132952 -0.6878161488046661 3.579866273471791
      vertex 0.27250109428375047 -0.6578758375813398 3.579866273471791
    endloop
  endfacet
  facet normal 0.008554825566378469 -0.13052141585032973 0.9914085812438553
    outer loop
      vertex 0.09294504858188353 -0.7059877350232808 3.579866273471791
      vertex 0.031159398174555823 -0.23667912683442296 3.6421850698209024
      vertex 0 -0.23872142169002217 3.6421850698209024
    endloop
  endfacet
  facet normal 0.02551810126184825 -0.12828815823775755 0.9914085812438553
    outer loop
      vertex 0.09294504858188353 -0.7059877350232808 3.579866273471791
      vertex 0.06178565040732772 -0.23058718649883578 3.6421850698209024
      vertex 0.031159398174555823 -0.23667912683442296 3.6421850698209024
    endloop
  endfacet
  facet normal 0.04204475516977429 -0.12385985466954015 0.9914085812438553
    outer loop
      vertex 0.06178565040732772 -0.23058718649883578 3.6421850698209024
      vertex 0.1842997816132952 -0.6878161488046661 3.579866273471791
      vertex 0.09135473303141167 -0.2205498354714074 3.6421850698209024
    endloop
  endfacet
  facet normal 0 0 1
    outer loop
      vertex 0.031159398174555823 -0.23667912683442296 3.6421850698209024
      vertex 0.06178565040732772 -0.23058718649883578 3.6421850698209024
      vertex 0.031159398174555823 0.23667912683442296 3.6421850698209024
    endloop
  endfacet
  facet normal 0 0 1
    outer loop
      vertex 0.06178565040732772 -0.23058718649883578 3.6421850698209024
      vertex 0.09135473303141167 -0.2205498354714074 3.6421850698209024
      vertex 0.06178565040732772 0.23058718649883578 3.6421850698209024
    endloop
  endfacet
  facet normal 0 0 1
    outer loop
      vertex 0.09135473303141167 -0.2205498354714074 3.6421850698209024
      vertex 0.11936071084501108 -0.2067388156110967 3.6421850698209024
      vertex 0.09135473303141167 0.2205498354714074 3.6421850698209024
    endloop
  endfacet
  facet normal 0 0 1
    outer loop
      vertex 0.11936071084501108 -0.2067388156110967 3.6421850698209024
      vertex 0.1453243938030113 -0.1893904372968516 3.6421850698209024
      vertex 0.11936071084501108 0.2067388156110967 3.6421850698209024
    endloop
  endfacet
  facet normal 0.05785201165973657 -0.11731227464748761 0.9914085812438553
    outer loop
      vertex 0.09135473303141167 -0.2205498354714074 3.6421850698209024
      vertex 0.27250109428375047 -0.6578758375813398 3.579866273471791
      vertex 0.11936071084501108 -0.2067388156110967 3.6421850698209024
    endloop
  endfacet
  facet normal 0.07266940419059312 -0.10875744908110925 0.9914085812438553
    outer loop
      vertex 0.11936071084501108 -0.2067388156110967 3.6421850698209024
      vertex 0.35603983767943403 -0.6166790883793557 3.579866273471791
      vertex 0.1453243938030113 -0.1893904372968516 3.6421850698209024
    endloop
  endfacet
  facet normal 0 0 1
    outer loop
      vertex 0.1453243938030113 -0.1893904372968516 3.6421850698209024
      vertex 0.16880153609150805 -0.16880153609150805 3.6421850698209024
      vertex 0.1453243938030113 0.1893904372968516 3.6421850698209024
    endloop
  endfacet
  facet normal 0 0 1
    outer loop
      vertex 0.16880153609150805 -0.16880153609150805 3.6421850698209024
      vertex 0.1893904372968516 -0.1453243938030113 3.6421850698209024
      vertex 0.16880153609150805 0.16880153609150805 3.6421850698209024
    endloop
  endfacet
  facet normal 0 0 1
    outer loop
      vertex 0.1893904372968516 -0.1453243938030113 3.6421850698209024
      vertex 0.2067388156110967 -0.11936071084501108 3.6421850698209024
      vertex 0.1893904372968516 0.1453243938030113 3.6421850698209024
    endloop
  endfacet
  facet normal 0 0 1
    outer loop
      vertex 0.2067388156110967 -0.11936071084501108 3.6421850698209024
      vertex 0.2205498354714074 -0.09135473303141167 3.6421850698209024
      vertex 0.2067388156110967 0.11936071084501108 3.6421850698209024
    endloop
  endfacet
  facet normal 0 0 1
    outer loop
      vertex 0.2205498354714074 -0.09135473303141167 3.6421850698209024
      vertex 0.23058718649883578 -0.06178565040732772 3.6421850698209024
      vertex 0.2205498354714074 0.09135473303141167 3.6421850698209024
    endloop
  endfacet
  facet normal 0 0 1
    outer loop
      vertex 0.23058718649883578 -0.06178565040732772 3.6421850698209024
      vertex 0.23667912683442296 -0.031159398174555823 3.6421850698209024
      vertex 0.23058718649883578 0.06178565040732772 3.6421850698209024
    endloop
  endfacet
  facet normal 0.0977020095778649 -0.49118117121085964 0.8655607282983527
    outer loop
      vertex 0.2646851046480223 -2.0104829722073028 3.03486408490429
      vertex 0.4178254880867618 -1.55934595023706 3.273585506594312
      vertex 0.21071544387642274 -1.600542699439044 3.273585506594312
    endloop
  endfacet
  facet normal 0.074794501277487 -0.37601735006616904 0.9235890509462896
    outer loop
      vertex 0.21071544387642274 -1.600542699439044 3.273585506594312
      vertex 0.4178254880867618 -1.55934595023706 3.273585506594312
      vertex 0.3036604924583063 -1.133276386105785 3.4562949726571355
    endloop
  endfacet
  facet normal 0.16097816331020812 -0.474226376918131 0.8655607282983526
    outer loop
      vertex 0.524841373770942 -1.9587346728274033 3.03486408490429
      vertex 0.6177864223528258 -1.491468359494145 3.273585506594312
      vertex 0.4178254880867618 -1.55934595023706 3.273585506594312
    endloop
  endfacet
  facet normal 0.12323473686339291 -0.3630378280597522 0.9235890509462897
    outer loop
      vertex 0.4178254880867618 -1.55934595023706 3.273585506594312
      vertex 0.6177864223528258 -1.491468359494145 3.273585506594312
      vertex 0.4489848862613176 -1.0839454017126144 3.4562949726571355
    endloop
  endfacet
  facet normal 0.16956639193444217 -0.3438466281621315 0.9235890509462897
    outer loop
      vertex 0.6177864223528258 -1.491468359494145 3.273585506594312
      vertex 0.8071768596496773 -1.3980713316071338 3.273585506594312
      vertex 0.5866270241782698 -1.0160678109696994 3.4562949726571355
    endloop
  endfacet
  facet normal 0.0833611700947585 -0.2455740881669414 0.9657868722142625
    outer loop
      vertex 0.3036604924583063 -1.133276386105785 3.4562949726571355
      vertex 0.4489848862613176 -1.0839454017126144 3.4562949726571355
      vertex 0.27250109428375047 -0.6578758375813398 3.579866273471791
    endloop
  endfacet
  facet normal 0.123234736863393 -0.36303782805975215 0.9235890509462897
    outer loop
      vertex 0.4178254880867618 -1.55934595023706 3.273585506594312
      vertex 0.4489848862613176 -1.0839454017126144 3.4562949726571355
      vertex 0.3036604924583063 -1.133276386105785 3.4562949726571355
    endloop
  endfacet
  facet normal 0.16956639193444195 -0.34384662816213146 0.9235890509462896
    outer loop
      vertex 0.6177864223528258 -1.491468359494145 3.273585506594312
      vertex 0.5866270241782698 -1.0160678109696994 3.4562949726571355
      vertex 0.4489848862613176 -1.0839454017126144 3.4562949726571355
    endloop
  endfacet
  facet normal 0.11470185436489858 -0.23259235168819625 0.9657868722142623
    outer loop
      vertex 0.4489848862613176 -1.0839454017126144 3.4562949726571355
      vertex 0.5866270241782698 -1.0160678109696994 3.4562949726571355
      vertex 0.35603983767943403 -0.6166790883793557 3.579866273471791
    endloop
  endfacet
  facet normal 0.08336117009475844 -0.2455740881669414 0.9657868722142623
    outer loop
      vertex 0.3036604924583063 -1.133276386105785 3.4562949726571355
      vertex 0.27250109428375047 -0.6578758375813398 3.579866273471791
      vertex 0.1842997816132952 -0.6878161488046661 3.579866273471791
    endloop
  endfacet
  facet normal 0.05785201165973657 -0.11731227464748763 0.9914085812438552
    outer loop
      vertex 0.11936071084501108 -0.2067388156110967 3.6421850698209024
      vertex 0.27250109428375047 -0.6578758375813398 3.579866273471791
      vertex 0.35603983767943403 -0.6166790883793557 3.579866273471791
    endloop
  endfacet
  facet normal 0.07266940419059299 -0.10875744908110932 0.9914085812438554
    outer loop
      vertex 0.1453243938030113 -0.1893904372968516 3.6421850698209024
      vertex 0.35603983767943403 -0.6166790883793557 3.579866273471791
      vertex 0.4334866407395304 -0.5649307889994564 3.579866273471791
    endloop
  endfacet
  facet normal 0.1147018543648984 -0.2325923516881964 0.9657868722142625
    outer loop
      vertex 0.4489848862613176 -1.0839454017126144 3.4562949726571355
      vertex 0.35603983767943403 -0.6166790883793557 3.579866273471791
      vertex 0.27250109428375047 -0.6578758375813398 3.579866273471791
    endloop
  endfacet
  facet normal 0.144079958105493 -0.21563089558528337 0.9657868722142623
    outer loop
      vertex 0.5866270241782698 -1.0160678109696994 3.4562949726571355
      vertex 0.4334866407395304 -0.5649307889994564 3.579866273471791
      vertex 0.35603983767943403 -0.6166790883793557 3.579866273471791
    endloop
  endfacet
  facet normal 0.08624340306798324 -0.09834175340769169 0.9914085812438553
    outer loop
      vertex 0.1453243938030113 -0.1893904372968516 3.6421850698209024
      vertex 0.4334866407395304 -0.5649307889994564 3.579866273471791
      vertex 0.16880153609150805 -0.16880153609150805 3.6421850698209024
    endloop
  endfacet
  facet normal 0.09834175340769169 -0.08624340306798324 0.9914085812438553
    outer loop
      vertex 0.16880153609150805 -0.16880153609150805 3.6421850698209024
      vertex 0.5035163671913709 -0.5035163671913709 3.579866273471791
      vertex 0.1893904372968516 -0.1453243938030113 3.6421850698209024
    endloop
  endfacet
  facet normal 0.10875744908110922 -0.0726694041905931 0.9914085812438553
    outer loop
      vertex 0.1893904372968516 -0.1453243938030113 3.6421850698209024
      vertex 0.5649307889994564 -0.4334866407395304 3.579866273471791
      vertex 0.2067388156110967 -0.11936071084501108 3.6421850698209024
    endloop
  endfacet
  facet normal 0.11731227464748763 -0.05785201165973658 0.9914085812438553
    outer loop
      vertex 0.2067388156110967 -0.11936071084501108 3.6421850698209024
      vertex 0.6166790883793557 -0.35603983767943403 3.579866273471791
      vertex 0.2205498354714074 -0.09135473303141167 3.6421850698209024
    endloop
  endfacet
  facet normal 0.08624340306798337 -0.09834175340769163 0.9914085812438552
    outer loop
      vertex 0.16880153609150805 -0.16880153609150805 3.6421850698209024
      vertex 0.4334866407395304 -0.5649307889994564 3.579866273471791
      vertex 0.5035163671913709 -0.5035163671913709 3.579866273471791
    endloop
  endfacet
  facet normal 0.09834175340769154 -0.08624340306798332 0.9914085812438554
    outer loop
      vertex 0.1893904372968516 -0.1453243938030113 3.6421850698209024
      vertex 0.5035163671913709 -0.5035163671913709 3.579866273471791
      vertex 0.5649307889994564 -0.4334866407395304 3.579866273471791
    endloop
  endfacet
  facet normal 0.12385985466954012 -0.042044755169774274 0.9914085812438553
    outer loop
      vertex 0.2205498354714074 -0.09135473303141167 3.6421850698209024
      vertex 0.6578758375813398 -0.27250109428375047 3.579866273471791
      vertex 0.23058718649883578 -0.06178565040732772 3.6421850698209024
    endloop
  endfacet
  facet normal 0.12828815823775752 -0.025518101261848492 0.9914085812438553
    outer loop
      vertex 0.23058718649883578 -0.06178565040732772 3.6421850698209024
      vertex 0.6878161488046661 -0.1842997816132952 3.579866273471791
      vertex 0.23667912683442296 -0.031159398174555823 3.6421850698209024
    endloop
  endfacet
  facet normal 0.13052141585032973 -0.008554825566378337 0.9914085812438553
    outer loop
      vertex 0.23667912683442296 -0.031159398174555823 3.6421850698209024
      vertex 0.7059877350232808 -0.09294504858188353 3.579866273471791
      vertex 0.23872142169002217 0 3.6421850698209024
    endloop
  endfacet
  facet normal 0.14407995810549298 -0.21563089558528337 0.9657868722142624
    outer loop
      vertex 0.5866270241782698 -1.0160678109696994 3.4562949726571355
      vertex 0.7142318110677938 -0.9308050182738751 3.4562949726571355
      vertex 0.4334866407395304 -0.5649307889994564 3.579866273471791
    endloop
  endfacet
  facet normal 0.17099281381639164 -0.19497993507472713 0.9657868722142625
    outer loop
      vertex 0.4334866407395304 -0.5649307889994564 3.579866273471791
      vertex 0.7142318110677938 -0.9308050182738751 3.4562949726571355
      vertex 0.5035163671913709 -0.5035163671913709 3.579866273471791
    endloop
  endfacet
  facet normal 0.19497993507472708 -0.1709928138163916 0.9657868722142623
    outer loop
      vertex 0.5035163671913709 -0.5035163671913709 3.579866273471791
      vertex 0.8296158936474788 -0.8296158936474788 3.4562949726571355
      vertex 0.5649307889994564 -0.4334866407395304 3.579866273471791
    endloop
  endfacet
  facet normal 0.10875744908110933 -0.07266940419059308 0.9914085812438552
    outer loop
      vertex 0.2067388156110967 -0.11936071084501108 3.6421850698209024
      vertex 0.5649307889994564 -0.4334866407395304 3.579866273471791
      vertex 0.6166790883793557 -0.35603983767943403 3.579866273471791
    endloop
  endfacet
  facet normal 0.11731227464748763 -0.05785201165973661 0.9914085812438554
    outer loop
      vertex 0.2205498354714074 -0.09135473303141167 3.6421850698209024
      vertex 0.6166790883793557 -0.35603983767943403 3.579866273471791
      vertex 0.6578758375813398 -0.27250109428375047 3.579866273471791
    endloop
  endfacet
  facet normal 0.12385985466954016 -0.04204475516977425 0.9914085812438552
    outer loop
      vertex 0.23058718649883578 -0.06178565040732772 3.6421850698209024
      vertex 0.6578758375813398 -0.27250109428375047 3.579866273471791
      vertex 0.6878161488046661 -0.1842997816132952 3.579866273471791
    endloop
  endfacet
  facet normal 0.12828815823775752 -0.025518101261848496 0.9914085812438552
    outer loop
      vertex 0.23667912683442296 -0.031159398174555823 3.6421850698209024
      vertex 0.6878161488046661 -0.1842997816132952 3.579866273471791
      vertex 0.7059877350232808 -0.09294504858188353 3.579866273471791
    endloop
  endfacet
  facet normal 0.13052141585032975 -0.008554825566378401 0.9914085812438552
    outer loop
      vertex 0.7059877350232808 -0.09294504858188353 3.579866273471791
      vertex 0.7120796753588681 0 3.579866273471791
      vertex 0.23872142169002217 0 3.6421850698209024
    endloop
  endfacet
  facet normal 0.19594390009982454 -0.5772321159142929 0.7927225696110706
    outer loop
      vertex 0.7259346227441011 -2.2896255796427845 2.744215297298268
      vertex 0.9209706266788905 -2.223419777475426 2.744215297298268
      vertex 0.8139289286944018 -2.1949617791427896 2.7913957861633336
    endloop
  endfacet
  facet normal 0.2275354805983071 -0.6702979110062837 0.7063485793639777
    outer loop
      vertex 0.7259346227441011 -2.2896255796427845 2.744215297298268
      vertex 0.9484400795434661 -2.2897369031320527 2.6724341577417245
      vertex 0.9209706266788905 -2.223419777475426 2.744215297298268
    endloop
  endfacet
  facet normal 0.3130803169961174 -0.6348640795793229 0.7063485793639778
    outer loop
      vertex 0.9209706266788905 -2.223419777475426 2.744215297298268
      vertex 0.9484400795434661 -2.2897369031320527 2.6724341577417245
      vertex 1.010409585268695 -2.2153969708666366 2.7117834549430473
    endloop
  endfacet
  facet normal 0.31308031699611744 -0.6348640795793229 0.706348579363978
    outer loop
      vertex 0.9209706266788905 -2.223419777475426 2.744215297298268
      vertex 1.010409585268695 -2.2153969708666366 2.7117834549430473
      vertex 1.2033061125576257 -2.0841873240080018 2.744215297298268
    endloop
  endfacet
  facet normal 0.19594390009982665 -0.577232115914294 0.792722569611069
    outer loop
      vertex 0.8139289286944018 -2.1949617791427896 2.7913957861633336
      vertex 0.7760174614751214 -1.8734718801315788 3.03486408490429
      vertex 0.5792541531299632 -2.161805929976306 2.87354522184851
    endloop
  endfacet
  facet normal 0.19594390009982351 -0.5772321159142946 0.7927225696110695
    outer loop
      vertex 0.8139289286944018 -2.1949617791427896 2.7913957861633336
      vertex 0.9209706266788905 -2.223419777475426 2.744215297298268
      vertex 0.7760174614751214 -1.8734718801315788 3.03486408490429
    endloop
  endfacet
  facet normal 0.2696114829889313 -0.5467180039743821 0.7927225696110693
    outer loop
      vertex 0.9209706266788905 -2.223419777475426 2.744215297298268
      vertex 1.2033061125576257 -2.0841873240080018 2.744215297298268
      vertex 1.0139156752607739 -1.7561534641421668 3.03486408490429
    endloop
  endfacet
  facet normal 0.26961148298893134 -0.5467180039743821 0.7927225696110695
    outer loop
      vertex 0.9209706266788905 -2.223419777475426 2.744215297298268
      vertex 1.0139156752607739 -1.7561534641421668 3.03486408490429
      vertex 0.7760174614751214 -1.8734718801315788 3.03486408490429
    endloop
  endfacet
  facet normal 0.3130803169961174 -0.634864079579323 0.7063485793639779
    outer loop
      vertex 1.010409585268695 -2.2153969708666366 2.7117834549430473
      vertex 1.2868309285080473 -2.2288565489269714 2.5771656653974246
      vertex 1.2033061125576257 -2.0841873240080018 2.744215297298268
    endloop
  endfacet
  facet normal 0.39326826236786033 -0.5885675477331841 0.7063485793639779
    outer loop
      vertex 1.2868309285080473 -2.2288565489269714 2.5771656653974246
      vertex 1.4650526972310174 -1.9092938475809067 2.744215297298268
      vertex 1.2033061125576257 -2.0841873240080018 2.744215297298268
    endloop
  endfacet
  facet normal 0.39326826236786033 -0.5885675477331841 0.7063485793639781
    outer loop
      vertex 1.5870747641048448 -2.229149587031998 2.409757040696632
      vertex 1.4650526972310174 -1.9092938475809067 2.744215297298268
      vertex 1.2868309285080473 -2.2288565489269714 2.5771656653974246
    endloop
  endfacet
  facet normal 0.33866593865367095 -0.5068493954076017 0.7927225696110695
    outer loop
      vertex 1.2033061125576257 -2.0841873240080018 2.744215297298268
      vertex 1.4650526972310174 -1.9092938475809067 2.744215297298268
      vertex 1.2344655107321814 -1.6087867754835565 3.03486408490429
    endloop
  endfacet
  facet normal 0.33866593865367073 -0.5068493954076017 0.7927225696110695
    outer loop
      vertex 1.0139156752607739 -1.7561534641421668 3.03486408490429
      vertex 1.2033061125576257 -2.0841873240080018 2.744215297298268
      vertex 1.2344655107321814 -1.6087867754835565 3.03486408490429
    endloop
  endfacet
  facet normal 0.4019257262121097 -0.45830845316019564 0.7927225696110696
    outer loop
      vertex 1.4650526972310174 -1.9092938475809067 2.744215297298268
      vertex 1.7017318240654404 -1.7017318240654404 2.744215297298268
      vertex 1.4338932990564612 -1.4338932990564612 3.03486408490429
    endloop
  endfacet
  facet normal 0.4019257262121101 -0.4583084531601956 0.7927225696110695
    outer loop
      vertex 1.4650526972310174 -1.9092938475809067 2.744215297298268
      vertex 1.4338932990564612 -1.4338932990564612 3.03486408490429
      vertex 1.2344655107321814 -1.6087867754835565 3.03486408490429
    endloop
  endfacet
  facet normal 0.2214999360367349 -0.44915743783594153 0.8655607282983527
    outer loop
      vertex 0.7760174614751214 -1.8734718801315788 3.03486408490429
      vertex 0.8071768596496773 -1.3980713316071338 3.273585506594312
      vertex 0.6177864223528258 -1.491468359494145 3.273585506594312
    endloop
  endfacet
  facet normal 0.2214999360367347 -0.44915743783594136 0.8655607282983526
    outer loop
      vertex 0.7760174614751214 -1.8734718801315788 3.03486408490429
      vertex 1.0139156752607739 -1.7561534641421668 3.03486408490429
      vertex 0.8071768596496773 -1.3980713316071338 3.273585506594312
    endloop
  endfacet
  facet normal 0.2129967190268068 -0.31877211712436127 0.9235890509462896
    outer loop
      vertex 0.8071768596496773 -1.3980713316071338 3.273585506594312
      vertex 0.9827562770862183 -1.280752915617722 3.273585506594312
      vertex 0.7142318110677938 -0.9308050182738751 3.4562949726571355
    endloop
  endfacet
  facet normal 0.27823178344628796 -0.4164032904624112 0.8655607282983527
    outer loop
      vertex 1.0139156752607739 -1.7561534641421668 3.03486408490429
      vertex 0.9827562770862183 -1.280752915617722 3.273585506594312
      vertex 0.8071768596496773 -1.3980713316071338 3.273585506594312
    endloop
  endfacet
  facet normal 0.2782317834462875 -0.4164032904624112 0.8655607282983527
    outer loop
      vertex 1.0139156752607739 -1.7561534641421668 3.03486408490429
      vertex 1.2344655107321814 -1.6087867754835565 3.03486408490429
      vertex 0.9827562770862183 -1.280752915617722 3.273585506594312
    endloop
  endfacet
  facet normal 0.2527826132027757 -0.2882433267822653 0.9235890509462896
    outer loop
      vertex 0.9827562770862183 -1.280752915617722 3.273585506594312
      vertex 1.1415204621502981 -1.1415204621502981 3.273585506594312
      vertex 0.8296158936474788 -0.8296158936474788 3.4562949726571355
    endloop
  endfacet
  facet normal 0.21299671902680667 -0.31877211712436143 0.9235890509462897
    outer loop
      vertex 0.5866270241782698 -1.0160678109696994 3.4562949726571355
      vertex 0.8071768596496773 -1.3980713316071338 3.273585506594312
      vertex 0.7142318110677938 -0.9308050182738751 3.4562949726571355
    endloop
  endfacet
  facet normal 0.2527826132027761 -0.28824332678226516 0.9235890509462897
    outer loop
      vertex 0.7142318110677938 -0.9308050182738751 3.4562949726571355
      vertex 0.9827562770862183 -1.280752915617722 3.273585506594312
      vertex 0.8296158936474788 -0.8296158936474788 3.4562949726571355
    endloop
  endfacet
  facet normal 0.28824332678226494 -0.252782613202776 0.9235890509462897
    outer loop
      vertex 1.1415204621502981 -1.1415204621502981 3.273585506594312
      vertex 0.9308050182738751 -0.7142318110677938 3.4562949726571355
      vertex 0.8296158936474788 -0.8296158936474788 3.4562949726571355
    endloop
  endfacet
  facet normal 0.1709928138163916 -0.1949799350747272 0.9657868722142624
    outer loop
      vertex 0.5035163671913709 -0.5035163671913709 3.579866273471791
      vertex 0.7142318110677938 -0.9308050182738751 3.4562949726571355
      vertex 0.8296158936474788 -0.8296158936474788 3.4562949726571355
    endloop
  endfacet
  facet normal 0.1949799350747272 -0.17099281381639153 0.9657868722142624
    outer loop
      vertex 0.5649307889994564 -0.4334866407395304 3.579866273471791
      vertex 0.8296158936474788 -0.8296158936474788 3.4562949726571355
      vertex 0.9308050182738751 -0.7142318110677938 3.4562949726571355
    endloop
  endfacet
  facet normal 0.21563089558528334 -0.144079958105493 0.9657868722142624
    outer loop
      vertex 0.6166790883793557 -0.35603983767943403 3.579866273471791
      vertex 0.9308050182738751 -0.7142318110677938 3.4562949726571355
      vertex 1.0160678109696994 -0.5866270241782698 3.4562949726571355
    endloop
  endfacet
  facet normal 0.21563089558528337 -0.14407995810549304 0.9657868722142625
    outer loop
      vertex 0.5649307889994564 -0.4334866407395304 3.579866273471791
      vertex 0.9308050182738751 -0.7142318110677938 3.4562949726571355
      vertex 0.6166790883793557 -0.35603983767943403 3.579866273471791
    endloop
  endfacet
  facet normal 0.2325923516881964 -0.11470185436489841 0.9657868722142623
    outer loop
      vertex 0.6166790883793557 -0.35603983767943403 3.579866273471791
      vertex 1.0160678109696994 -0.5866270241782698 3.4562949726571355
      vertex 0.6578758375813398 -0.27250109428375047 3.579866273471791
    endloop
  endfacet
  facet normal 0.2455740881669414 -0.08336117009475846 0.9657868722142623
    outer loop
      vertex 0.6578758375813398 -0.27250109428375047 3.579866273471791
      vertex 1.0839454017126144 -0.4489848862613176 3.4562949726571355
      vertex 0.6878161488046661 -0.1842997816132952 3.579866273471791
    endloop
  endfacet
  facet normal 0.25435398391115 -0.05059415309221419 0.9657868722142623
    outer loop
      vertex 0.6878161488046661 -0.1842997816132952 3.579866273471791
      vertex 1.133276386105785 -0.3036604924583063 3.4562949726571355
      vertex 0.7059877350232808 -0.09294504858188353 3.579866273471791
    endloop
  endfacet
  facet normal 0.25878181247039156 -0.0169614561029132 0.9657868722142625
    outer loop
      vertex 0.7059877350232808 -0.09294504858188353 3.579866273471791
      vertex 1.1632166973291114 -0.15314038343873937 3.4562949726571355
      vertex 0.7120796753588681 0 3.579866273471791
    endloop
  endfacet
  facet normal 0.3187721171243615 -0.21299671902680672 0.9235890509462897
    outer loop
      vertex 0.9308050182738751 -0.7142318110677938 3.4562949726571355
      vertex 1.280752915617722 -0.9827562770862183 3.273585506594312
      vertex 1.0160678109696994 -0.5866270241782698 3.4562949726571355
    endloop
  endfacet
  facet normal 0.23259235168819625 -0.11470185436489852 0.9657868722142625
    outer loop
      vertex 0.6578758375813398 -0.27250109428375047 3.579866273471791
      vertex 1.0160678109696994 -0.5866270241782698 3.4562949726571355
      vertex 1.0839454017126144 -0.4489848862613176 3.4562949726571355
    endloop
  endfacet
  facet normal 0.24557408816694146 -0.08336117009475848 0.9657868722142625
    outer loop
      vertex 0.6878161488046661 -0.1842997816132952 3.579866273471791
      vertex 1.0839454017126144 -0.4489848862613176 3.4562949726571355
      vertex 1.133276386105785 -0.3036604924583063 3.4562949726571355
    endloop
  endfacet
  facet normal 0.25435398391114994 -0.05059415309221429 0.9657868722142625
    outer loop
      vertex 0.7059877350232808 -0.09294504858188353 3.579866273471791
      vertex 1.133276386105785 -0.3036604924583063 3.4562949726571355
      vertex 1.1632166973291114 -0.15314038343873937 3.4562949726571355
    endloop
  endfacet
  facet normal 0.25878181247039156 -0.016961456102913015 0.9657868722142624
    outer loop
      vertex 1.1632166973291114 -0.15314038343873937 3.4562949726571355
      vertex 1.1732540483565397 0 3.4562949726571355
      vertex 0.7120796753588681 0 3.579866273471791
    endloop
  endfacet
  facet normal 0.3302030079006511 -0.376524367340266 0.8655607282983528
    outer loop
      vertex 0.9827562770862183 -1.280752915617722 3.273585506594312
      vertex 1.2344655107321814 -1.6087867754835565 3.03486408490429
      vertex 1.1415204621502981 -1.1415204621502981 3.273585506594312
    endloop
  endfacet
  facet normal 0.330203007900652 -0.3765243673402658 0.8655607282983527
    outer loop
      vertex 1.1415204621502981 -1.1415204621502981 3.273585506594312
      vertex 1.2344655107321814 -1.6087867754835565 3.03486408490429
      vertex 1.4338932990564612 -1.4338932990564612 3.03486408490429
    endloop
  endfacet
  facet normal 0.37652436734026634 -0.3302030079006514 0.8655607282983526
    outer loop
      vertex 1.1415204621502981 -1.1415204621502981 3.273585506594312
      vertex 1.4338932990564612 -1.4338932990564612 3.03486408490429
      vertex 1.280752915617722 -0.9827562770862183 3.273585506594312
    endloop
  endfacet
  facet normal 0.2882433267822654 -0.2527826132027758 0.9235890509462896
    outer loop
      vertex 1.1415204621502981 -1.1415204621502981 3.273585506594312
      vertex 1.280752915617722 -0.9827562770862183 3.273585506594312
      vertex 0.9308050182738751 -0.7142318110677938 3.4562949726571355
    endloop
  endfacet
  facet normal 0.416403290462411 -0.2782317834462878 0.8655607282983528
    outer loop
      vertex 1.6087867754835565 -1.2344655107321814 3.03486408490429
      vertex 1.3980713316071338 -0.8071768596496773 3.273585506594312
      vertex 1.280752915617722 -0.9827562770862183 3.273585506594312
    endloop
  endfacet
  facet normal 0.3765243673402655 -0.3302030079006517 0.8655607282983527
    outer loop
      vertex 1.4338932990564612 -1.4338932990564612 3.03486408490429
      vertex 1.6087867754835565 -1.2344655107321814 3.03486408490429
      vertex 1.280752915617722 -0.9827562770862183 3.273585506594312
    endloop
  endfacet
  facet normal 0.3187721171243612 -0.21299671902680678 0.9235890509462897
    outer loop
      vertex 1.0160678109696994 -0.5866270241782698 3.4562949726571355
      vertex 1.280752915617722 -0.9827562770862183 3.273585506594312
      vertex 1.3980713316071338 -0.8071768596496773 3.273585506594312
    endloop
  endfacet
  facet normal 0.3438466281621314 -0.16956639193444212 0.9235890509462897
    outer loop
      vertex 1.0839454017126144 -0.4489848862613176 3.4562949726571355
      vertex 1.3980713316071338 -0.8071768596496773 3.273585506594312
      vertex 1.491468359494145 -0.6177864223528258 3.273585506594312
    endloop
  endfacet
  facet normal 0.3630378280597522 -0.1232347368633929 0.9235890509462897
    outer loop
      vertex 1.133276386105785 -0.3036604924583063 3.4562949726571355
      vertex 1.491468359494145 -0.6177864223528258 3.273585506594312
      vertex 1.55934595023706 -0.4178254880867618 3.273585506594312
    endloop
  endfacet
  facet normal 0.37601735006616915 -0.07479450127748703 0.9235890509462896
    outer loop
      vertex 1.1632166973291114 -0.15314038343873937 3.4562949726571355
      vertex 1.55934595023706 -0.4178254880867618 3.273585506594312
      vertex 1.600542699439044 -0.21071544387642274 3.273585506594312
    endloop
  endfacet
  facet normal 0.38256311096124873 -0.025074511037770492 0.9235890509462896
    outer loop
      vertex 1.600542699439044 -0.21071544387642274 3.273585506594312
      vertex 1.6143537192993547 0 3.273585506594312
      vertex 1.1732540483565397 0 3.4562949726571355
    endloop
  endfacet
  facet normal 0.3438466281621317 -0.16956639193444198 0.9235890509462897
    outer loop
      vertex 1.0160678109696994 -0.5866270241782698 3.4562949726571355
      vertex 1.3980713316071338 -0.8071768596496773 3.273585506594312
      vertex 1.0839454017126144 -0.4489848862613176 3.4562949726571355
    endloop
  endfacet
  facet normal 0.36303782805975215 -0.123234736863393 0.9235890509462897
    outer loop
      vertex 1.0839454017126144 -0.4489848862613176 3.4562949726571355
      vertex 1.491468359494145 -0.6177864223528258 3.273585506594312
      vertex 1.133276386105785 -0.3036604924583063 3.4562949726571355
    endloop
  endfacet
  facet normal 0.37601735006616893 -0.07479450127748734 0.9235890509462897
    outer loop
      vertex 1.133276386105785 -0.3036604924583063 3.4562949726571355
      vertex 1.55934595023706 -0.4178254880867618 3.273585506594312
      vertex 1.1632166973291114 -0.15314038343873937 3.4562949726571355
    endloop
  endfacet
  facet normal 0.38256311096124884 -0.025074511037770395 0.9235890509462897
    outer loop
      vertex 1.1632166973291114 -0.15314038343873937 3.4562949726571355
      vertex 1.600542699439044 -0.21071544387642274 3.273585506594312
      vertex 1.1732540483565397 0 3.4562949726571355
    endloop
  endfacet
  facet normal -0.9221903271536548 0.06044354741636851 0.3819837405963246
    outer loop
      vertex -3.2959839734400087 0 1.5602790368641095
      vertex -3.273585506594312 0 1.6143537192993547
      vertex -3.268612584322662 0.07587213214029233 1.6143537192993547
    endloop
  endfacet
  facet normal -0.8646336168614395 0.056671081315563226 0.49919645144535074
    outer loop
      vertex -3.273585506594312 0 1.6143537192993547
      vertex -3.192740374051158 4.102849963499981e-16 1.7543815964087375
      vertex -3.268612584322662 0.07587213214029233 1.6143537192993547
    endloop
  endfacet
  facet normal -0.8646336168614385 0.05667108131556435 0.4991964514453522
    outer loop
      vertex -3.17946220646368 0 1.7773800573016643
      vertex -3.03486408490429 0 2.0278313505215477
      vertex -3.038254603693036 0.2031440768833419 1.9988969480806638
    endloop
  endfacet
  facet normal -0.8646336168614428 0.0566710813155632 0.4991964514453449
    outer loop
      vertex -3.038254603693036 0.2031440768833419 1.9988969480806638
      vertex -3.03486408490429 0 2.0278313505215477
      vertex -3.0089004019462897 0.39612925290794826 2.0278313505215477
    endloop
  endfacet
  facet normal -0.86463361686144 0.05667108131556201 0.49919645144534996
    outer loop
      vertex -3.038254603693036 0.2031440768833419 1.9988969480806638
      vertex -3.0089004019462897 0.39612925290794826 2.0278313505215477
      vertex -3.039107983893531 0.4001061565173785 1.9750588073930038
    endloop
  endfacet
  facet normal -0.7922829328905971 0.051928966951063 0.6079400765220772
    outer loop
      vertex -3.03486408490429 0 2.0278313505215477
      vertex -2.9888530937475952 0.2665286243051533 2.0650277252450913
      vertex -3.0089004019462897 0.39612925290794826 2.0278313505215477
    endloop
  endfacet
  facet normal -0.8498394959552136 0.1690435860331846 0.49919645144534996
    outer loop
      vertex -3.039107983893531 0.4001061565173785 1.9750588073930038
      vertex -3.0089004019462897 0.39612925290794826 2.0278313505215477
      vertex -3.000722448768931 0.43724259988124026 2.0278313505215477
    endloop
  endfacet
  facet normal -0.7922829328905959 0.051928966951063596 0.6079400765220787
    outer loop
      vertex -3.0089004019462897 0.39612925290794826 2.0278313505215477
      vertex -2.9888530937475952 0.2665286243051533 2.0650277252450913
      vertex -2.96896922381643 0.39087221357554497 2.0803197203076054
    endloop
  endfacet
  facet normal -0.7787267522465102 0.15489838183122367 0.6079400765220787
    outer loop
      vertex -3.0089004019462897 0.39612925290794826 2.0278313505215477
      vertex -2.96896922381643 0.39087221357554497 2.0803197203076054
      vertex -3.000722448768931 0.43724259988124026 2.0278313505215477
    endloop
  endfacet
  facet normal -0.7922829328905973 0.051928966951063034 0.6079400765220768
    outer loop
      vertex -3.03486408490429 0 2.0278313505215477
      vertex -2.720738155009771 0.3581919733883597 2.4066122251152513
      vertex -2.9888530937475952 0.2665286243051533 2.0650277252450913
    endloop
  endfacet
  facet normal -0.7922829328905975 0.051928966951066156 0.6079400765220764
    outer loop
      vertex -2.9888530937475952 0.2665286243051533 2.0650277252450913
      vertex -2.720738155009771 0.3581919733883597 2.4066122251152513
      vertex -2.8928165472707263 0.3808465235103381 2.1804201940209
    endloop
  endfacet
  facet normal -0.792282932890597 0.05192896695106269 0.6079400765220773
    outer loop
      vertex -3.03486408490429 0 2.0278313505215477
      vertex -2.744215297298268 0 2.4066122251152513
      vertex -2.720738155009771 0.3581919733883597 2.4066122251152513
    endloop
  endfacet
  facet normal -0.7787267522465117 0.15489838183122467 0.6079400765220764
    outer loop
      vertex -2.8928165472707263 0.3808465235103381 2.1804201940209
      vertex -2.720738155009771 0.3581919733883597 2.4066122251152513
      vertex -2.6885550602604655 0.59761139286793 2.3868342169375794
    endloop
  endfacet
  facet normal -0.7787267522465046 0.1548983818312245 0.6079400765220855
    outer loop
      vertex -2.720738155009771 0.3581919733883597 2.4066122251152513
      vertex -2.65232902274481 0.7021079056460597 2.4066122251152513
      vertex -2.6885550602604655 0.59761139286793 2.3868342169375794
    endloop
  endfacet
  facet normal -0.6942627593342282 0.13809744904270496 0.7063485793639859
    outer loop
      vertex -2.720738155009771 0.3581919733883597 2.4066122251152513
      vertex -2.6631686276828614 0.6237353433374877 2.4112806239649225
      vertex -2.65232902274481 0.7021079056460597 2.4066122251152513
    endloop
  endfacet
  facet normal -0.7063485793639779 0.046296531846139195 0.7063485793639779
    outer loop
      vertex -2.744215297298268 0 2.4066122251152513
      vertex -2.4066122251152513 0 2.744215297298268
      vertex -2.720738155009771 0.3581919733883597 2.4066122251152513
    endloop
  endfacet
  facet normal -0.6942627593342356 0.1380974490427067 0.706348579363978
    outer loop
      vertex -2.720738155009771 0.3581919733883597 2.4066122251152513
      vertex -2.3860233239099076 0.3141259298945193 2.744215297298268
      vertex -2.6631686276828614 0.6237353433374877 2.4112806239649225
    endloop
  endfacet
  facet normal -0.7063485793639777 0.04629653184613965 0.7063485793639781
    outer loop
      vertex -2.720738155009771 0.3581919733883597 2.4066122251152513
      vertex -2.4066122251152513 0 2.744215297298268
      vertex -2.3860233239099076 0.3141259298945193 2.744215297298268
    endloop
  endfacet
  facet normal -0.6942627593342366 0.13809744904270382 0.706348579363978
    outer loop
      vertex -2.6631686276828614 0.6237353433374877 2.4112806239649225
      vertex -2.3246089021018226 0.622877078036382 2.744215297298268
      vertex -2.5875778110163816 0.6933393848145316 2.471969849710596
    endloop
  endfacet
  facet normal -0.6942627593342364 0.1380974490427058 0.7063485793639777
    outer loop
      vertex -2.6631686276828614 0.6237353433374877 2.4112806239649225
      vertex -2.3860233239099076 0.3141259298945193 2.744215297298268
      vertex -2.3246089021018226 0.622877078036382 2.744215297298268
    endloop
  endfacet
  facet normal -0.6702979110062834 0.2275354805983077 0.7063485793639779
    outer loop
      vertex -2.5875778110163816 0.6933393848145316 2.471969849710596
      vertex -2.3246089021018226 0.622877078036382 2.744215297298268
      vertex -2.2851511082469 0.9465405811077745 2.6773977863575547
    endloop
  endfacet
  facet normal -0.6702979110062843 0.2275354805983076 0.706348579363977
    outer loop
      vertex -2.3246089021018226 0.622877078036382 2.744215297298268
      vertex -2.223419777475426 0.9209706266788905 2.744215297298268
      vertex -2.2851511082469 0.9465405811077745 2.6773977863575547
    endloop
  endfacet
  facet normal -0.6082774216426022 0.03986860856678122 0.7927225696110693
    outer loop
      vertex -2.4066122251152513 0 2.744215297298268
      vertex -2.0278313505215477 0 3.03486408490429
      vertex -2.3860233239099076 0.3141259298945193 2.744215297298268
    endloop
  endfacet
  facet normal -0.5978696263119353 0.11892366275409769 0.7927225696110691
    outer loop
      vertex -2.3860233239099076 0.3141259298945193 2.744215297298268
      vertex -2.0104829722073028 0.2646851046480223 3.03486408490429
      vertex -2.3246089021018226 0.622877078036382 2.744215297298268
    endloop
  endfacet
  facet normal -0.6082774216426025 0.03986860856678055 0.7927225696110691
    outer loop
      vertex -2.3860233239099076 0.3141259298945193 2.744215297298268
      vertex -2.0278313505215477 0 3.03486408490429
      vertex -2.0104829722073028 0.2646851046480223 3.03486408490429
    endloop
  endfacet
  facet normal -0.5772321159142939 0.1959439000998251 0.7927225696110696
    outer loop
      vertex -2.3246089021018226 0.622877078036382 2.744215297298268
      vertex -1.9587346728274033 0.524841373770942 3.03486408490429
      vertex -2.223419777475426 0.9209706266788905 2.744215297298268
    endloop
  endfacet
  facet normal -0.5978696263119346 0.11892366275409855 0.7927225696110695
    outer loop
      vertex -2.3246089021018226 0.622877078036382 2.744215297298268
      vertex -2.0104829722073028 0.2646851046480223 3.03486408490429
      vertex -1.9587346728274033 0.524841373770942 3.03486408490429
    endloop
  endfacet
  facet normal -0.577232115914294 0.19594390009982482 0.7927225696110693
    outer loop
      vertex -2.223419777475426 0.9209706266788905 2.744215297298268
      vertex -1.9587346728274033 0.524841373770942 3.03486408490429
      vertex -1.8734718801315788 0.7760174614751214 3.03486408490429
    endloop
  endfacet
  facet normal -0.6348640795793242 0.3130803169961172 0.7063485793639771
    outer loop
      vertex -2.223419777475426 0.9209706266788905 2.744215297298268
      vertex -2.230473287054765 0.9880075062760275 2.708162351025588
      vertex -2.2851511082469 0.9465405811077745 2.6773977863575547
    endloop
  endfacet
  facet normal -0.6348640795793231 0.31308031699611755 0.7063485793639775
    outer loop
      vertex -2.223419777475426 0.9209706266788905 2.744215297298268
      vertex -2.0841873240080018 1.2033061125576257 2.744215297298268
      vertex -2.230473287054765 0.9880075062760275 2.708162351025588
    endloop
  endfacet
  facet normal -0.6348640795793209 0.3130803169961155 0.7063485793639807
    outer loop
      vertex -2.230473287054765 0.9880075062760275 2.708162351025588
      vertex -2.0841873240080018 1.2033061125576257 2.744215297298268
      vertex -2.1238271497803445 1.2261921766379174 2.6984431691376844
    endloop
  endfacet
  facet normal -0.5467180039743774 0.2696114829889262 0.7927225696110742
    outer loop
      vertex -2.223419777475426 0.9209706266788905 2.744215297298268
      vertex -2.0540174964361775 1.1137418507545238 2.7954841054738724
      vertex -2.0232075829235865 1.168099442627425 2.7982453532868887
    endloop
  endfacet
  facet normal -0.546718003974383 0.2696114829889317 0.7927225696110685
    outer loop
      vertex -2.223419777475426 0.9209706266788905 2.744215297298268
      vertex -2.0232075829235865 1.168099442627425 2.7982453532868887
      vertex -2.0841873240080018 1.2033061125576257 2.744215297298268
    endloop
  endfacet
  facet normal -0.5885675477331828 0.3932682623678578 0.7063485793639804
    outer loop
      vertex -2.1238271497803445 1.2261921766379174 2.6984431691376844
      vertex -2.0841873240080018 1.2033061125576257 2.744215297298268
      vertex -2.050704117812414 1.2534172719024592 2.744215297298268
    endloop
  endfacet
  facet normal -0.5068493954076031 0.33866593865367045 0.7927225696110686
    outer loop
      vertex -2.0841873240080018 1.2033061125576257 2.744215297298268
      vertex -2.0232075829235865 1.168099442627425 2.7982453532868887
      vertex -2.050704117812414 1.2534172719024592 2.744215297298268
    endloop
  endfacet
  facet normal -0.5467180039743821 0.26961148298893134 0.7927225696110693
    outer loop
      vertex -2.223419777475426 0.9209706266788905 2.744215297298268
      vertex -1.8734718801315788 0.7760174614751214 3.03486408490429
      vertex -2.0540174964361775 1.1137418507545238 2.7954841054738724
    endloop
  endfacet
  facet normal -0.5467180039743819 0.2696114829889315 0.7927225696110696
    outer loop
      vertex -2.0540174964361775 1.1137418507545238 2.7954841054738724
      vertex -1.8734718801315788 0.7760174614751214 3.03486408490429
      vertex -1.9969298916123728 1.1529280104752138 2.821528251960255
    endloop
  endfacet
  facet normal -0.5068493954076022 0.3386659386536698 0.7927225696110693
    outer loop
      vertex -1.9969298916123728 1.1529280104752138 2.821528251960255
      vertex -1.7561534641421668 1.0139156752607739 3.03486408490429
      vertex -1.7321189240805372 1.3194067925080166 2.9197197111058473
    endloop
  endfacet
  facet normal -0.5467180039743821 0.26961148298893134 0.7927225696110693
    outer loop
      vertex -1.9969298916123728 1.1529280104752138 2.821528251960255
      vertex -1.8734718801315788 0.7760174614751214 3.03486408490429
      vertex -1.7561534641421668 1.0139156752607739 3.03486408490429
    endloop
  endfacet
  facet normal -0.5068493954076007 0.33866593865367 0.7927225696110705
    outer loop
      vertex -1.7321189240805372 1.3194067925080166 2.9197197111058473
      vertex -1.7561534641421668 1.0139156752607739 3.03486408490429
      vertex -1.6087867754835565 1.2344655107321814 3.03486408490429
    endloop
  endfacet
  facet normal -0.5068493954075943 0.33866593865367933 0.7927225696110705
    outer loop
      vertex -1.7321189240805372 1.3194067925080166 2.9197197111058473
      vertex -1.6087867754835565 1.2344655107321814 3.03486408490429
      vertex -1.7415998613993238 1.336376575912118 2.9064079985625786
    endloop
  endfacet
  facet normal -0.4583084531601916 0.4019257262121135 0.79272256961107
    outer loop
      vertex -1.7415998613993238 1.336376575912118 2.9064079985625786
      vertex -1.6087867754835565 1.2344655107321814 3.03486408490429
      vertex -1.7182176265180822 1.3277559148136509 2.9242971591793094
    endloop
  endfacet
  facet normal -0.458308453160195 0.40192572621210965 0.79272256961107
    outer loop
      vertex -1.7182176265180822 1.3277559148136509 2.9242971591793094
      vertex -1.6087867754835565 1.2344655107321814 3.03486408490429
      vertex -1.4338932990564612 1.4338932990564612 3.03486408490429
    endloop
  endfacet
  facet normal -0.4583084531601949 0.40192572621211026 0.7927225696110696
    outer loop
      vertex -1.7182176265180822 1.3277559148136509 2.9242971591793094
      vertex -1.4338932990564612 1.4338932990564612 3.03486408490429
      vertex -1.4806324650610159 1.4637919610317367 2.992682876014106
    endloop
  endfacet
  facet normal -0.4583084531601956 0.40192572621210937 0.7927225696110697
    outer loop
      vertex -1.480806707579273 1.480806707579273 2.9839553319190197
      vertex -1.4806324650610159 1.4637919610317367 2.992682876014106
      vertex -1.4338932990564612 1.4338932990564612 3.03486408490429
    endloop
  endfacet
  facet normal -0.40192572621210987 0.4583084531601952 0.7927225696110697
    outer loop
      vertex -1.480806707579273 1.480806707579273 2.9839553319190197
      vertex -1.4338932990564612 1.4338932990564612 3.03486408490429
      vertex -1.2344655107321814 1.6087867754835565 3.03486408490429
    endloop
  endfacet
  facet normal -0.40192572621211 0.4583084531601956 0.7927225696110696
    outer loop
      vertex -1.480806707579273 1.480806707579273 2.9839553319190197
      vertex -1.2344655107321814 1.6087867754835565 3.03486408490429
      vertex -1.2776446440658542 1.6650589176212922 2.9804379784763246
    endloop
  endfacet
  facet normal -0.33866593865367073 0.5068493954076018 0.7927225696110693
    outer loop
      vertex -1.2776446440658542 1.6650589176212922 2.9804379784763246
      vertex -1.2344655107321814 1.6087867754835565 3.03486408490429
      vertex -1.1705012112538433 1.6515263539844545 3.03486408490429
    endloop
  endfacet
  facet normal -0.2782317834462843 0.41640329046240643 0.8655607282983562
    outer loop
      vertex -1.2344655107321814 1.6087867754835565 3.03486408490429
      vertex -1.1783672313467546 1.6163043879656513 3.0492801337611284
      vertex -1.1705012112538433 1.6515263539844545 3.03486408490429
    endloop
  endfacet
  facet normal -0.4997317194830225 0.0327541473735303 0.8655607282983526
    outer loop
      vertex -2.0278313505215477 0 3.03486408490429
      vertex -1.6143537192993547 0 3.273585506594312
      vertex -2.0104829722073028 0.2646851046480223 3.03486408490429
    endloop
  endfacet
  facet normal -0.49118117121085964 0.09770200957786535 0.8655607282983528
    outer loop
      vertex -2.0104829722073028 0.2646851046480223 3.03486408490429
      vertex -1.600542699439044 0.21071544387642274 3.273585506594312
      vertex -1.9587346728274033 0.524841373770942 3.03486408490429
    endloop
  endfacet
  facet normal -0.49973171948302236 0.03275414737353064 0.8655607282983528
    outer loop
      vertex -2.0104829722073028 0.2646851046480223 3.03486408490429
      vertex -1.6143537192993547 0 3.273585506594312
      vertex -1.600542699439044 0.21071544387642274 3.273585506594312
    endloop
  endfacet
  facet normal -0.4911811712108599 0.09770200957786492 0.8655607282983527
    outer loop
      vertex -1.9587346728274033 0.524841373770942 3.03486408490429
      vertex -1.600542699439044 0.21071544387642274 3.273585506594312
      vertex -1.55934595023706 0.4178254880867618 3.273585506594312
    endloop
  endfacet
  facet normal -0.474226376918131 0.16097816331020803 0.8655607282983526
    outer loop
      vertex -1.9587346728274033 0.524841373770942 3.03486408490429
      vertex -1.55934595023706 0.4178254880867618 3.273585506594312
      vertex -1.8734718801315788 0.7760174614751214 3.03486408490429
    endloop
  endfacet
  facet normal -0.4491574378359415 0.22149993603673476 0.8655607282983526
    outer loop
      vertex -1.8734718801315788 0.7760174614751214 3.03486408490429
      vertex -1.491468359494145 0.6177864223528258 3.273585506594312
      vertex -1.7561534641421668 1.0139156752607739 3.03486408490429
    endloop
  endfacet
  facet normal -0.47422637691813085 0.16097816331020812 0.8655607282983526
    outer loop
      vertex -1.8734718801315788 0.7760174614751214 3.03486408490429
      vertex -1.55934595023706 0.4178254880867618 3.273585506594312
      vertex -1.491468359494145 0.6177864223528258 3.273585506594312
    endloop
  endfacet
  facet normal -0.4491574378359414 0.22149993603673487 0.8655607282983527
    outer loop
      vertex -1.491468359494145 0.6177864223528258 3.273585506594312
      vertex -1.3980713316071338 0.8071768596496773 3.273585506594312
      vertex -1.7561534641421668 1.0139156752607739 3.03486408490429
    endloop
  endfacet
  facet normal -0.4164032904624113 0.2782317834462877 0.8655607282983527
    outer loop
      vertex -1.3980713316071338 0.8071768596496773 3.273585506594312
      vertex -1.6087867754835565 1.2344655107321814 3.03486408490429
      vertex -1.7561534641421668 1.0139156752607739 3.03486408490429
    endloop
  endfacet
  facet normal -0.38256311096124873 0.025074511037770492 0.9235890509462896
    outer loop
      vertex -1.6143537192993547 0 3.273585506594312
      vertex -1.1732540483565397 0 3.4562949726571355
      vertex -1.600542699439044 0.21071544387642274 3.273585506594312
    endloop
  endfacet
  facet normal -0.37601735006616915 0.07479450127748703 0.9235890509462896
    outer loop
      vertex -1.600542699439044 0.21071544387642274 3.273585506594312
      vertex -1.1632166973291114 0.15314038343873937 3.4562949726571355
      vertex -1.55934595023706 0.4178254880867618 3.273585506594312
    endloop
  endfacet
  facet normal -0.3630378280597522 0.12323473686339291 0.9235890509462897
    outer loop
      vertex -1.55934595023706 0.4178254880867618 3.273585506594312
      vertex -1.133276386105785 0.3036604924583063 3.4562949726571355
      vertex -1.491468359494145 0.6177864223528258 3.273585506594312
    endloop
  endfacet
  facet normal -0.3438466281621314 0.16956639193444212 0.9235890509462897
    outer loop
      vertex -1.491468359494145 0.6177864223528258 3.273585506594312
      vertex -1.0839454017126144 0.4489848862613176 3.4562949726571355
      vertex -1.3980713316071338 0.8071768596496773 3.273585506594312
    endloop
  endfacet
  facet normal -0.31877211712436127 0.21299671902680678 0.9235890509462896
    outer loop
      vertex -1.3980713316071338 0.8071768596496773 3.273585506594312
      vertex -1.0160678109696994 0.5866270241782698 3.4562949726571355
      vertex -1.280752915617722 0.9827562770862183 3.273585506594312
    endloop
  endfacet
  facet normal -0.3825631109612488 0.025074511037770444 0.9235890509462897
    outer loop
      vertex -1.600542699439044 0.21071544387642274 3.273585506594312
      vertex -1.1732540483565397 0 3.4562949726571355
      vertex -1.1632166973291114 0.15314038343873937 3.4562949726571355
    endloop
  endfacet
  facet normal -0.37601735006616893 0.07479450127748737 0.9235890509462897
    outer loop
      vertex -1.55934595023706 0.4178254880867618 3.273585506594312
      vertex -1.1632166973291114 0.15314038343873937 3.4562949726571355
      vertex -1.133276386105785 0.3036604924583063 3.4562949726571355
    endloop
  endfacet
  facet normal -0.3630378280597521 0.12323473686339294 0.9235890509462897
    outer loop
      vertex -1.491468359494145 0.6177864223528258 3.273585506594312
      vertex -1.133276386105785 0.3036604924583063 3.4562949726571355
      vertex -1.0839454017126144 0.4489848862613176 3.4562949726571355
    endloop
  endfacet
  facet normal -0.3438466281621317 0.16956639193444198 0.9235890509462897
    outer loop
      vertex -1.3980713316071338 0.8071768596496773 3.273585506594312
      vertex -1.0839454017126144 0.4489848862613176 3.4562949726571355
      vertex -1.0160678109696994 0.5866270241782698 3.4562949726571355
    endloop
  endfacet
  facet normal -0.3187721171243615 0.21299671902680672 0.9235890509462897
    outer loop
      vertex -1.0160678109696994 0.5866270241782698 3.4562949726571355
      vertex -0.9308050182738751 0.7142318110677938 3.4562949726571355
      vertex -1.280752915617722 0.9827562770862183 3.273585506594312
    endloop
  endfacet
  facet normal -0.4164032904624111 0.2782317834462878 0.8655607282983527
    outer loop
      vertex -1.3980713316071338 0.8071768596496773 3.273585506594312
      vertex -1.280752915617722 0.9827562770862183 3.273585506594312
      vertex -1.6087867754835565 1.2344655107321814 3.03486408490429
    endloop
  endfacet
  facet normal -0.3765243673402655 0.3302030079006517 0.8655607282983527
    outer loop
      vertex -1.6087867754835565 1.2344655107321814 3.03486408490429
      vertex -1.280752915617722 0.9827562770862183 3.273585506594312
      vertex -1.4338932990564612 1.4338932990564612 3.03486408490429
    endloop
  endfacet
  facet normal -0.3765243673402664 0.3302030079006514 0.8655607282983525
    outer loop
      vertex -1.4338932990564612 1.4338932990564612 3.03486408490429
      vertex -1.280752915617722 0.9827562770862183 3.273585506594312
      vertex -1.1415204621502981 1.1415204621502981 3.273585506594312
    endloop
  endfacet
  facet normal -0.2882433267822654 0.2527826132027758 0.9235890509462896
    outer loop
      vertex -0.9308050182738751 0.7142318110677938 3.4562949726571355
      vertex -1.1415204621502981 1.1415204621502981 3.273585506594312
      vertex -1.280752915617722 0.9827562770862183 3.273585506594312
    endloop
  endfacet
  facet normal -0.33020300790065193 0.3765243673402658 0.8655607282983527
    outer loop
      vertex -1.4338932990564612 1.4338932990564612 3.03486408490429
      vertex -1.1415204621502981 1.1415204621502981 3.273585506594312
      vertex -1.2344655107321814 1.6087867754835565 3.03486408490429
    endloop
  endfacet
  facet normal -0.27823178344628435 0.41640329046241364 0.8655607282983527
    outer loop
      vertex -1.2344655107321814 1.6087867754835565 3.03486408490429
      vertex -0.9827562770862183 1.280752915617722 3.273585506594312
      vertex -1.1783672313467546 1.6163043879656513 3.0492801337611284
    endloop
  endfacet
  facet normal -0.2782317834462883 0.4164032904624112 0.8655607282983526
    outer loop
      vertex -1.1783672313467546 1.6163043879656513 3.0492801337611284
      vertex -0.9827562770862183 1.280752915617722 3.273585506594312
      vertex -1.0413225798877614 1.6778640279711807 3.063717643135883
    endloop
  endfacet
  facet normal -0.3302030079006511 0.376524367340266 0.8655607282983528
    outer loop
      vertex -1.2344655107321814 1.6087867754835565 3.03486408490429
      vertex -1.1415204621502981 1.1415204621502981 3.273585506594312
      vertex -0.9827562770862183 1.280752915617722 3.273585506594312
    endloop
  endfacet
  facet normal -0.3386659386536701 0.5068493954076004 0.7927225696110705
    outer loop
      vertex -1.102991422883916 1.6966349524236926 3.03486408490429
      vertex -1.0139156752607739 1.7561534641421668 3.03486408490429
      vertex -1.0414693808841546 1.8038778822186587 2.9925786810169948
    endloop
  endfacet
  facet normal -0.278231783446287 0.41640329046241015 0.8655607282983536
    outer loop
      vertex -1.102991422883916 1.6966349524236926 3.03486408490429
      vertex -1.0413225798877614 1.6778640279711807 3.063717643135883
      vertex -1.0139156752607739 1.7561534641421668 3.03486408490429
    endloop
  endfacet
  facet normal -0.25878181247039156 0.016961456102913015 0.9657868722142624
    outer loop
      vertex -1.1732540483565397 0 3.4562949726571355
      vertex -0.7120796753588681 0 3.579866273471791
      vertex -1.1632166973291114 0.15314038343873937 3.4562949726571355
    endloop
  endfacet
  facet normal -0.25435398391114994 0.05059415309221433 0.9657868722142625
    outer loop
      vertex -1.1632166973291114 0.15314038343873937 3.4562949726571355
      vertex -0.7059877350232808 0.09294504858188353 3.579866273471791
      vertex -1.133276386105785 0.3036604924583063 3.4562949726571355
    endloop
  endfacet
  facet normal -0.2455740881669414 0.0833611700947585 0.9657868722142625
    outer loop
      vertex -1.133276386105785 0.3036604924583063 3.4562949726571355
      vertex -0.6878161488046661 0.1842997816132952 3.579866273471791
      vertex -1.0839454017126144 0.4489848862613176 3.4562949726571355
    endloop
  endfacet
  facet normal -0.23259235168819625 0.11470185436489858 0.9657868722142625
    outer loop
      vertex -1.0839454017126144 0.4489848862613176 3.4562949726571355
      vertex -0.6578758375813398 0.27250109428375047 3.579866273471791
      vertex -1.0160678109696994 0.5866270241782698 3.4562949726571355
    endloop
  endfacet
  facet normal -0.2587818124703915 0.016961456102913223 0.9657868722142625
    outer loop
      vertex -1.1632166973291114 0.15314038343873937 3.4562949726571355
      vertex -0.7120796753588681 0 3.579866273471791
      vertex -0.7059877350232808 0.09294504858188353 3.579866273471791
    endloop
  endfacet
  facet normal -0.25435398391115 0.05059415309221414 0.9657868722142625
    outer loop
      vertex -1.133276386105785 0.3036604924583063 3.4562949726571355
      vertex -0.7059877350232808 0.09294504858188353 3.579866273471791
      vertex -0.6878161488046661 0.1842997816132952 3.579866273471791
    endloop
  endfacet
  facet normal -0.21563089558528337 0.14407995810549298 0.9657868722142624
    outer loop
      vertex -1.0160678109696994 0.5866270241782698 3.4562949726571355
      vertex -0.6166790883793557 0.35603983767943403 3.579866273471791
      vertex -0.9308050182738751 0.7142318110677938 3.4562949726571355
    endloop
  endfacet
  facet normal -0.24557408816694143 0.08336117009475842 0.9657868722142623
    outer loop
      vertex -1.0839454017126144 0.4489848862613176 3.4562949726571355
      vertex -0.6878161488046661 0.1842997816132952 3.579866273471791
      vertex -0.6578758375813398 0.27250109428375047 3.579866273471791
    endloop
  endfacet
  facet normal -0.23259235168819642 0.11470185436489837 0.9657868722142625
    outer loop
      vertex -1.0160678109696994 0.5866270241782698 3.4562949726571355
      vertex -0.6578758375813398 0.27250109428375047 3.579866273471791
      vertex -0.6166790883793557 0.35603983767943403 3.579866273471791
    endloop
  endfacet
  facet normal -0.19497993507472722 0.17099281381639156 0.9657868722142624
    outer loop
      vertex -0.9308050182738751 0.7142318110677938 3.4562949726571355
      vertex -0.5649307889994564 0.4334866407395304 3.579866273471791
      vertex -0.8296158936474788 0.8296158936474788 3.4562949726571355
    endloop
  endfacet
  facet normal -0.17099281381639156 0.19497993507472722 0.9657868722142624
    outer loop
      vertex -0.8296158936474788 0.8296158936474788 3.4562949726571355
      vertex -0.5035163671913709 0.5035163671913709 3.579866273471791
      vertex -0.7142318110677938 0.9308050182738751 3.4562949726571355
    endloop
  endfacet
  facet normal -0.2156308955852832 0.14407995810549304 0.9657868722142625
    outer loop
      vertex -0.9308050182738751 0.7142318110677938 3.4562949726571355
      vertex -0.6166790883793557 0.35603983767943403 3.579866273471791
      vertex -0.5649307889994564 0.4334866407395304 3.579866273471791
    endloop
  endfacet
  facet normal -0.19497993507472716 0.17099281381639153 0.9657868722142623
    outer loop
      vertex -0.8296158936474788 0.8296158936474788 3.4562949726571355
      vertex -0.5649307889994564 0.4334866407395304 3.579866273471791
      vertex -0.5035163671913709 0.5035163671913709 3.579866273471791
    endloop
  endfacet
  facet normal -0.2527826132027757 0.2882433267822653 0.9235890509462896
    outer loop
      vertex -0.8296158936474788 0.8296158936474788 3.4562949726571355
      vertex -0.9827562770862183 1.280752915617722 3.273585506594312
      vertex -1.1415204621502981 1.1415204621502981 3.273585506594312
    endloop
  endfacet
  facet normal -0.2782317834462902 0.4164032904624107 0.8655607282983521
    outer loop
      vertex -1.0413225798877614 1.6778640279711807 3.063717643135883
      vertex -0.9827562770862183 1.280752915617722 3.273585506594312
      vertex -1.0139156752607739 1.7561534641421668 3.03486408490429
    endloop
  endfacet
  facet normal -0.27823178344628796 0.4164032904624112 0.8655607282983527
    outer loop
      vertex -1.0139156752607739 1.7561534641421668 3.03486408490429
      vertex -0.9827562770862183 1.280752915617722 3.273585506594312
      vertex -0.8071768596496773 1.3980713316071338 3.273585506594312
    endloop
  endfacet
  facet normal -0.22149993603673668 0.4491574378359404 0.8655607282983528
    outer loop
      vertex -1.0139156752607739 1.7561534641421668 3.03486408490429
      vertex -0.8071768596496773 1.3980713316071338 3.273585506594312
      vertex -0.8179032186541878 1.7713743955095078 3.0771258822229433
    endloop
  endfacet
  facet normal -0.2129967190268068 0.31877211712436127 0.9235890509462896
    outer loop
      vertex -0.9827562770862183 1.280752915617722 3.273585506594312
      vertex -0.7142318110677938 0.9308050182738751 3.4562949726571355
      vertex -0.8071768596496773 1.3980713316071338 3.273585506594312
    endloop
  endfacet
  facet normal -0.16956639193444215 0.3438466281621315 0.9235890509462897
    outer loop
      vertex -0.5866270241782698 1.0160678109696994 3.4562949726571355
      vertex -0.6177864223528258 1.491468359494145 3.273585506594312
      vertex -0.8071768596496773 1.3980713316071338 3.273585506594312
    endloop
  endfacet
  facet normal -0.22149993603673454 0.44915743783594064 0.8655607282983532
    outer loop
      vertex -0.8179032186541878 1.7713743955095078 3.0771258822229433
      vertex -0.8071768596496773 1.3980713316071338 3.273585506594312
      vertex -0.6177864223528258 1.491468359494145 3.273585506594312
    endloop
  endfacet
  facet normal -0.22149993603673132 0.44915743783594275 0.865560728298353
    outer loop
      vertex -0.8179032186541878 1.7713743955095078 3.0771258822229433
      vertex -0.6177864223528258 1.491468359494145 3.273585506594312
      vertex -0.7458933467878164 1.8007458338990043 3.0803120041317475
    endloop
  endfacet
  facet normal -0.16097816331020726 0.4742263769181311 0.8655607282983528
    outer loop
      vertex -0.7458933467878164 1.8007458338990043 3.0803120041317475
      vertex -0.6177864223528258 1.491468359494145 3.273585506594312
      vertex -0.5651237569508231 1.8671886972954344 3.0775288350859515
    endloop
  endfacet
  facet normal -0.28824332678226505 0.25278261320277606 0.9235890509462897
    outer loop
      vertex -0.9308050182738751 0.7142318110677938 3.4562949726571355
      vertex -0.8296158936474788 0.8296158936474788 3.4562949726571355
      vertex -1.1415204621502981 1.1415204621502981 3.273585506594312
    endloop
  endfacet
  facet normal -0.2527826132027761 0.28824332678226516 0.9235890509462897
    outer loop
      vertex -0.8296158936474788 0.8296158936474788 3.4562949726571355
      vertex -0.7142318110677938 0.9308050182738751 3.4562949726571355
      vertex -0.9827562770862183 1.280752915617722 3.273585506594312
    endloop
  endfacet
  facet normal -0.21299671902680667 0.31877211712436143 0.9235890509462897
    outer loop
      vertex -0.7142318110677938 0.9308050182738751 3.4562949726571355
      vertex -0.5866270241782698 1.0160678109696994 3.4562949726571355
      vertex -0.8071768596496773 1.3980713316071338 3.273585506594312
    endloop
  endfacet
  facet normal -0.13052141585032973 0.0085548255663784 0.9914085812438552
    outer loop
      vertex -0.7120796753588681 0 3.579866273471791
      vertex -0.23872142169002217 0 3.6421850698209024
      vertex -0.7059877350232808 0.09294504858188353 3.579866273471791
    endloop
  endfacet
  facet normal -0.12828815823775752 0.02551810126184847 0.9914085812438552
    outer loop
      vertex -0.7059877350232808 0.09294504858188353 3.579866273471791
      vertex -0.23667912683442296 0.031159398174555823 3.6421850698209024
      vertex -0.6878161488046661 0.1842997816132952 3.579866273471791
    endloop
  endfacet
  facet normal -0.12385985466954016 0.04204475516977423 0.9914085812438554
    outer loop
      vertex -0.6878161488046661 0.1842997816132952 3.579866273471791
      vertex -0.23058718649883578 0.06178565040732772 3.6421850698209024
      vertex -0.6578758375813398 0.27250109428375047 3.579866273471791
    endloop
  endfacet
  facet normal -0.11731227464748763 0.05785201165973658 0.9914085812438554
    outer loop
      vertex -0.6578758375813398 0.27250109428375047 3.579866273471791
      vertex -0.2205498354714074 0.09135473303141167 3.6421850698209024
      vertex -0.6166790883793557 0.35603983767943403 3.579866273471791
    endloop
  endfacet
  facet normal -0.10875744908110929 0.07266940419059303 0.9914085812438552
    outer loop
      vertex -0.6166790883793557 0.35603983767943403 3.579866273471791
      vertex -0.2067388156110967 0.11936071084501108 3.6421850698209024
      vertex -0.5649307889994564 0.4334866407395304 3.579866273471791
    endloop
  endfacet
  facet normal -0.0983417534076916 0.08624340306798331 0.9914085812438552
    outer loop
      vertex -0.5649307889994564 0.4334866407395304 3.579866273471791
      vertex -0.1893904372968516 0.1453243938030113 3.6421850698209024
      vertex -0.5035163671913709 0.5035163671913709 3.579866273471791
    endloop
  endfacet
  facet normal -0.14407995810549296 0.21563089558528337 0.9657868722142624
    outer loop
      vertex -0.4334866407395304 0.5649307889994564 3.579866273471791
      vertex -0.5866270241782698 1.0160678109696994 3.4562949726571355
      vertex -0.7142318110677938 0.9308050182738751 3.4562949726571355
    endloop
  endfacet
  facet normal -0.17099281381639164 0.19497993507472713 0.9657868722142625
    outer loop
      vertex -0.5035163671913709 0.5035163671913709 3.579866273471791
      vertex -0.4334866407395304 0.5649307889994564 3.579866273471791
      vertex -0.7142318110677938 0.9308050182738751 3.4562949726571355
    endloop
  endfacet
  facet normal -0.14407995810549304 0.21563089558528337 0.9657868722142625
    outer loop
      vertex -0.4334866407395304 0.5649307889994564 3.579866273471791
      vertex -0.35603983767943403 0.6166790883793557 3.579866273471791
      vertex -0.5866270241782698 1.0160678109696994 3.4562949726571355
    endloop
  endfacet
  facet normal -0.13052141585032973 0.008554825566378469 0.9914085812438553
    outer loop
      vertex -0.7059877350232808 0.09294504858188353 3.579866273471791
      vertex -0.23872142169002217 0 3.6421850698209024
      vertex -0.23667912683442296 0.031159398174555823 3.6421850698209024
    endloop
  endfacet
  facet normal -0.12828815823775763 0.025518101261848343 0.9914085812438553
    outer loop
      vertex -0.6878161488046661 0.1842997816132952 3.579866273471791
      vertex -0.23667912683442296 0.031159398174555823 3.6421850698209024
      vertex -0.23058718649883578 0.06178565040732772 3.6421850698209024
    endloop
  endfacet
  facet normal -0.12385985466954004 0.04204475516977455 0.9914085812438553
    outer loop
      vertex -0.6578758375813398 0.27250109428375047 3.579866273471791
      vertex -0.23058718649883578 0.06178565040732772 3.6421850698209024
      vertex -0.2205498354714074 0.09135473303141167 3.6421850698209024
    endloop
  endfacet
  facet normal -0.11731227464748768 0.057852011659736545 0.9914085812438553
    outer loop
      vertex -0.6166790883793557 0.35603983767943403 3.579866273471791
      vertex -0.2205498354714074 0.09135473303141167 3.6421850698209024
      vertex -0.2067388156110967 0.11936071084501108 3.6421850698209024
    endloop
  endfacet
  facet normal -0.08624340306798334 0.09834175340769163 0.9914085812438554
    outer loop
      vertex -0.5035163671913709 0.5035163671913709 3.579866273471791
      vertex -0.16880153609150805 0.16880153609150805 3.6421850698209024
      vertex -0.4334866407395304 0.5649307889994564 3.579866273471791
    endloop
  endfacet
  facet normal -0.10875744908110908 0.07266940419059334 0.9914085812438553
    outer loop
      vertex -0.5649307889994564 0.4334866407395304 3.579866273471791
      vertex -0.2067388156110967 0.11936071084501108 3.6421850698209024
      vertex -0.1893904372968516 0.1453243938030113 3.6421850698209024
    endloop
  endfacet
  facet normal 0 0 1
    outer loop
      vertex -0.23667912683442296 -0.031159398174555823 3.6421850698209024
      vertex -0.23667912683442296 0.031159398174555823 3.6421850698209024
      vertex -0.23872142169002217 0 3.6421850698209024
    endloop
  endfacet
  facet normal 0 0 1
    outer loop
      vertex -0.23058718649883578 -0.06178565040732772 3.6421850698209024
      vertex -0.23058718649883578 0.06178565040732772 3.6421850698209024
      vertex -0.23667912683442296 0.031159398174555823 3.6421850698209024
    endloop
  endfacet
  facet normal 0 0 1
    outer loop
      vertex -0.2205498354714074 -0.09135473303141167 3.6421850698209024
      vertex -0.2205498354714074 0.09135473303141167 3.6421850698209024
      vertex -0.23058718649883578 0.06178565040732772 3.6421850698209024
    endloop
  endfacet
  facet normal 0 0 1
    outer loop
      vertex -0.2067388156110967 -0.11936071084501108 3.6421850698209024
      vertex -0.2067388156110967 0.11936071084501108 3.6421850698209024
      vertex -0.2205498354714074 0.09135473303141167 3.6421850698209024
    endloop
  endfacet
  facet normal 0 0 1
    outer loop
      vertex -0.1893904372968516 -0.1453243938030113 3.6421850698209024
      vertex -0.1893904372968516 0.1453243938030113 3.6421850698209024
      vertex -0.2067388156110967 0.11936071084501108 3.6421850698209024
    endloop
  endfacet
  facet normal -0.09834175340769179 0.08624340306798321 0.9914085812438553
    outer loop
      vertex -0.5035163671913709 0.5035163671913709 3.579866273471791
      vertex -0.1893904372968516 0.1453243938030113 3.6421850698209024
      vertex -0.16880153609150805 0.16880153609150805 3.6421850698209024
    endloop
  endfacet
  facet normal -0.08624340306798305 0.09834175340769173 0.9914085812438554
    outer loop
      vertex -0.4334866407395304 0.5649307889994564 3.579866273471791
      vertex -0.16880153609150805 0.16880153609150805 3.6421850698209024
      vertex -0.1453243938030113 0.1893904372968516 3.6421850698209024
    endloop
  endfacet
  facet normal -0.07266940419059315 0.10875744908110917 0.9914085812438553
    outer loop
      vertex -0.35603983767943403 0.6166790883793557 3.579866273471791
      vertex -0.1453243938030113 0.1893904372968516 3.6421850698209024
      vertex -0.11936071084501108 0.2067388156110967 3.6421850698209024
    endloop
  endfacet
  facet normal -0.07266940419059303 0.10875744908110929 0.9914085812438554
    outer loop
      vertex -0.4334866407395304 0.5649307889994564 3.579866273471791
      vertex -0.1453243938030113 0.1893904372968516 3.6421850698209024
      vertex -0.35603983767943403 0.6166790883793557 3.579866273471791
    endloop
  endfacet
  facet normal -0.11470185436489838 0.2325923516881963 0.9657868722142623
    outer loop
      vertex -0.35603983767943403 0.6166790883793557 3.579866273471791
      vertex -0.27250109428375047 0.6578758375813398 3.579866273471791
      vertex -0.4489848862613176 1.0839454017126144 3.4562949726571355
    endloop
  endfacet
  facet normal -0.05785201165973658 0.11731227464748763 0.9914085812438554
    outer loop
      vertex -0.35603983767943403 0.6166790883793557 3.579866273471791
      vertex -0.11936071084501108 0.2067388156110967 3.6421850698209024
      vertex -0.27250109428375047 0.6578758375813398 3.579866273471791
    endloop
  endfacet
  facet normal -0.08336117009475846 0.2455740881669414 0.9657868722142623
    outer loop
      vertex -0.27250109428375047 0.6578758375813398 3.579866273471791
      vertex -0.1842997816132952 0.6878161488046661 3.579866273471791
      vertex -0.3036604924583063 1.133276386105785 3.4562949726571355
    endloop
  endfacet
  facet normal -0.16097816331020814 0.4742263769181309 0.8655607282983526
    outer loop
      vertex -0.6177864223528258 1.491468359494145 3.273585506594312
      vertex -0.4178254880867618 1.55934595023706 3.273585506594312
      vertex -0.524841373770942 1.9587346728274033 3.03486408490429
    endloop
  endfacet
  facet normal -0.12323473686339291 0.3630378280597522 0.9235890509462897
    outer loop
      vertex -0.6177864223528258 1.491468359494145 3.273585506594312
      vertex -0.4489848862613176 1.0839454017126144 3.4562949726571355
      vertex -0.4178254880867618 1.55934595023706 3.273585506594312
    endloop
  endfacet
  facet normal -0.09770200957786493 0.49118117121086 0.8655607282983526
    outer loop
      vertex -0.4178254880867618 1.55934595023706 3.273585506594312
      vertex -0.21071544387642274 1.600542699439044 3.273585506594312
      vertex -0.3366528147810182 1.944514501716781 3.0641758129718175
    endloop
  endfacet
  facet normal -0.074794501277487 0.37601735006616904 0.9235890509462896
    outer loop
      vertex -0.4178254880867618 1.55934595023706 3.273585506594312
      vertex -0.3036604924583063 1.133276386105785 3.4562949726571355
      vertex -0.21071544387642274 1.600542699439044 3.273585506594312
    endloop
  endfacet
  facet normal -0.16956639193444192 0.3438466281621315 0.9235890509462897
    outer loop
      vertex -0.5866270241782698 1.0160678109696994 3.4562949726571355
      vertex -0.4489848862613176 1.0839454017126144 3.4562949726571355
      vertex -0.6177864223528258 1.491468359494145 3.273585506594312
    endloop
  endfacet
  facet normal -0.11470185436489858 0.23259235168819625 0.9657868722142623
    outer loop
      vertex -0.35603983767943403 0.6166790883793557 3.579866273471791
      vertex -0.4489848862613176 1.0839454017126144 3.4562949726571355
      vertex -0.5866270241782698 1.0160678109696994 3.4562949726571355
    endloop
  endfacet
  facet normal -0.0833611700947585 0.2455740881669414 0.9657868722142625
    outer loop
      vertex -0.4489848862613176 1.0839454017126144 3.4562949726571355
      vertex -0.27250109428375047 0.6578758375813398 3.579866273471791
      vertex -0.3036604924583063 1.133276386105785 3.4562949726571355
    endloop
  endfacet
  facet normal -0.123234736863393 0.36303782805975215 0.9235890509462897
    outer loop
      vertex -0.4489848862613176 1.0839454017126144 3.4562949726571355
      vertex -0.3036604924583063 1.133276386105785 3.4562949726571355
      vertex -0.4178254880867618 1.55934595023706 3.273585506594312
    endloop
  endfacet
  facet normal -0.05059415309221431 0.25435398391114994 0.9657868722142623
    outer loop
      vertex -0.1842997816132952 0.6878161488046661 3.579866273471791
      vertex -0.15314038343873937 1.1632166973291114 3.4562949726571355
      vertex -0.3036604924583063 1.133276386105785 3.4562949726571355
    endloop
  endfacet
  facet normal -0.07479450127748735 0.376017350066169 0.9235890509462895
    outer loop
      vertex -0.3036604924583063 1.133276386105785 3.4562949726571355
      vertex -0.15314038343873937 1.1632166973291114 3.4562949726571355
      vertex -0.21071544387642274 1.600542699439044 3.273585506594312
    endloop
  endfacet
  facet normal -0.26961148298893073 0.5467180039743808 0.7927225696110706
    outer loop
      vertex -1.0414693808841546 1.8038778822186587 2.9925786810169948
      vertex -1.0139156752607739 1.7561534641421668 3.03486408490429
      vertex -0.7760174614751214 1.8734718801315788 3.03486408490429
    endloop
  endfacet
  facet normal -0.2696114829889316 0.546718003974387 0.7927225696110659
    outer loop
      vertex -1.0414693808841546 1.8038778822186587 2.9925786810169948
      vertex -0.7760174614751214 1.8734718801315788 3.03486408490429
      vertex -0.7844806450173721 1.8939038126201333 3.0178943689799462
    endloop
  endfacet
  facet normal -0.22149993603673637 0.44915743783594997 0.865560728298348
    outer loop
      vertex -1.0139156752607739 1.7561534641421668 3.03486408490429
      vertex -0.8179032186541878 1.7713743955095078 3.0771258822229433
      vertex -0.756383445523189 1.826071172536574 3.0644857079911945
    endloop
  endfacet
  facet normal -0.22149993603673462 0.44915743783594125 0.8655607282983531
    outer loop
      vertex -1.0139156752607739 1.7561534641421668 3.03486408490429
      vertex -0.756383445523189 1.826071172536574 3.0644857079911945
      vertex -0.7760174614751214 1.8734718801315788 3.03486408490429
    endloop
  endfacet
  facet normal -0.1609781633102098 0.47422637691812985 0.8655607282983531
    outer loop
      vertex -0.756383445523189 1.826071172536574 3.0644857079911945
      vertex -0.747958766640509 1.882996523591336 3.03486408490429
      vertex -0.7760174614751214 1.8734718801315788 3.03486408490429
    endloop
  endfacet
  facet normal -0.1959439000998287 0.5772321159142975 0.792722569611066
    outer loop
      vertex -0.7844806450173721 1.8939038126201333 3.0178943689799462
      vertex -0.7760174614751214 1.8734718801315788 3.03486408490429
      vertex -0.747958766640509 1.882996523591336 3.03486408490429
    endloop
  endfacet
  facet normal -0.1959439000998242 0.5772321159142924 0.7927225696110709
    outer loop
      vertex -0.6589145888019893 1.9132229489856092 3.03486408490429
      vertex -0.524841373770942 1.9587346728274033 3.03486408490429
      vertex -0.5405722928953155 2.0174432622493224 2.9882262542722176
    endloop
  endfacet
  facet normal -0.16097816331020778 0.4742263769181305 0.865560728298353
    outer loop
      vertex -0.6589145888019893 1.9132229489856092 3.03486408490429
      vertex -0.5651237569508231 1.8671886972954344 3.0775288350859515
      vertex -0.524841373770942 1.9587346728274033 3.03486408490429
    endloop
  endfacet
  facet normal -0.11892366275409823 0.5978696263119331 0.792722569611071
    outer loop
      vertex -0.5405722928953155 2.0174432622493224 2.9882262542722176
      vertex -0.524841373770942 1.9587346728274033 3.03486408490429
      vertex -0.2646851046480223 2.0104829722073028 3.03486408490429
    endloop
  endfacet
  facet normal -0.09770200957786497 0.4911811712108578 0.8655607282983538
    outer loop
      vertex -0.524841373770942 1.9587346728274033 3.03486408490429
      vertex -0.3366528147810182 1.944514501716781 3.0641758129718175
      vertex -0.2646851046480223 2.0104829722073028 3.03486408490429
    endloop
  endfacet
  facet normal -0.11892366275409982 0.5978696263119224 0.7927225696110787
    outer loop
      vertex -0.5405722928953155 2.0174432622493224 2.9882262542722176
      vertex -0.2646851046480223 2.0104829722073028 3.03486408490429
      vertex -0.26532149851543213 2.015316863542994 3.031122903298191
    endloop
  endfacet
  facet normal -0.032754147373539606 0.4997317194830209 0.8655607282983533
    outer loop
      vertex -0.2646851046480223 2.0104829722073028 3.03486408490429
      vertex -0.26316630869562435 1.9989465716054857 3.041582102468786
      vertex -0.2587774120818425 2.010870182835338 3.03486408490429
    endloop
  endfacet
  facet normal -0.03986860856679114 0.6082774216425887 0.7927225696110791
    outer loop
      vertex -0.2646851046480223 2.0104829722073028 3.03486408490429
      vertex -0.2587774120818425 2.010870182835338 3.03486408490429
      vertex -0.26532149851543213 2.015316863542994 3.031122903298191
    endloop
  endfacet
  facet normal -0.09770200957786655 0.49118117121085925 0.8655607282983528
    outer loop
      vertex -0.3366528147810182 1.944514501716781 3.0641758129718175
      vertex -0.26316630869562435 1.9989465716054857 3.041582102468786
      vertex -0.2646851046480223 2.0104829722073028 3.03486408490429
    endloop
  endfacet
  facet normal -0.16097816331020945 0.4742263769181311 0.8655607282983524
    outer loop
      vertex -0.6177864223528258 1.491468359494145 3.273585506594312
      vertex -0.524841373770942 1.9587346728274033 3.03486408490429
      vertex -0.5651237569508231 1.8671886972954344 3.0775288350859515
    endloop
  endfacet
  facet normal -0.0977020095778646 0.4911811712108601 0.8655607282983526
    outer loop
      vertex -0.4178254880867618 1.55934595023706 3.273585506594312
      vertex -0.3366528147810182 1.944514501716781 3.0641758129718175
      vertex -0.524841373770942 1.9587346728274033 3.03486408490429
    endloop
  endfacet
  facet normal -0.09770200957786508 0.4911811712108601 0.8655607282983526
    outer loop
      vertex -0.21071544387642274 1.600542699439044 3.273585506594312
      vertex -0.259341848124647 1.9698969094945293 3.058498656170409
      vertex -0.3366528147810182 1.944514501716781 3.0641758129718175
    endloop
  endfacet
  facet normal -0.03275414737352932 0.4997317194830227 0.8655607282983526
    outer loop
      vertex -0.21071544387642274 1.600542699439044 3.273585506594312
      vertex -0.17635264922942182 1.9939844623647798 3.047732139785956
      vertex -0.259341848124647 1.9698969094945293 3.058498656170409
    endloop
  endfacet
  facet normal 0.35116966187339316 0.7121016303436285 0.6079400765220806
    outer loop
      vertex 1.350908913583809 2.38701422014928 2.4066122251152513
      vertex 1.372107648649134 2.3765601609141656 2.4066122251152513
      vertex 1.3752541562332234 2.3820100719162096 2.3984110080764056
    endloop
  endfacet
  facet normal 0.4411132710172023 0.6601726633925644 0.6079400765220796
    outer loop
      vertex 1.372107648649134 2.3765601609141656 2.4066122251152513
      vertex 1.3997816264091452 2.358069000148672 2.4066122251152513
      vertex 1.3752541562332234 2.3820100719162096 2.3984110080764056
    endloop
  endfacet
  facet normal 0.31308031699611577 0.6348640795793236 0.7063485793639782
    outer loop
      vertex 1.350908913583809 2.38701422014928 2.4066122251152513
      vertex 1.298204127290316 2.248555507062441 2.554419267832887
      vertex 1.372107648649134 2.3765601609141656 2.4066122251152513
    endloop
  endfacet
  facet normal 0.3932682623678624 0.5885675477331825 0.706348579363978
    outer loop
      vertex 1.372107648649134 2.3765601609141656 2.4066122251152513
      vertex 1.298204127290316 2.248555507062441 2.554419267832887
      vertex 1.3997816264091452 2.358069000148672 2.4066122251152513
    endloop
  endfacet
  facet normal 0 0 1
    outer loop
      vertex -0.16880153609150805 -0.16880153609150805 3.6421850698209024
      vertex -0.16880153609150805 0.16880153609150805 3.6421850698209024
      vertex -0.1893904372968516 0.1453243938030113 3.6421850698209024
    endloop
  endfacet
  facet normal 0 0 1
    outer loop
      vertex -0.1453243938030113 -0.1893904372968516 3.6421850698209024
      vertex -0.1453243938030113 0.1893904372968516 3.6421850698209024
      vertex -0.16880153609150805 0.16880153609150805 3.6421850698209024
    endloop
  endfacet
  facet normal 0 0 1
    outer loop
      vertex -0.11936071084501108 -0.2067388156110967 3.6421850698209024
      vertex -0.11936071084501108 0.2067388156110967 3.6421850698209024
      vertex -0.1453243938030113 0.1893904372968516 3.6421850698209024
    endloop
  endfacet
  facet normal 0 0 1
    outer loop
      vertex -0.09135473303141167 -0.2205498354714074 3.6421850698209024
      vertex -0.09135473303141167 0.2205498354714074 3.6421850698209024
      vertex -0.11936071084501108 0.2067388156110967 3.6421850698209024
    endloop
  endfacet
  facet normal -0.05785201165973658 0.11731227464748763 0.9914085812438553
    outer loop
      vertex -0.11936071084501108 0.2067388156110967 3.6421850698209024
      vertex -0.09135473303141167 0.2205498354714074 3.6421850698209024
      vertex -0.27250109428375047 0.6578758375813398 3.579866273471791
    endloop
  endfacet
  facet normal -0.04204475516977428 0.12385985466954014 0.9914085812438553
    outer loop
      vertex -0.09135473303141167 0.2205498354714074 3.6421850698209024
      vertex -0.06178565040732772 0.23058718649883578 3.6421850698209024
      vertex -0.1842997816132952 0.6878161488046661 3.579866273471791
    endloop
  endfacet
  facet normal 0 0 1
    outer loop
      vertex -0.06178565040732772 -0.23058718649883578 3.6421850698209024
      vertex -0.06178565040732772 0.23058718649883578 3.6421850698209024
      vertex -0.09135473303141167 0.2205498354714074 3.6421850698209024
    endloop
  endfacet
  facet normal 0 0 1
    outer loop
      vertex -0.031159398174555823 -0.23667912683442296 3.6421850698209024
      vertex -0.031159398174555823 0.23667912683442296 3.6421850698209024
      vertex -0.06178565040732772 0.23058718649883578 3.6421850698209024
    endloop
  endfacet
  facet normal 0 0 1
    outer loop
      vertex 0 -0.23872142169002217 3.6421850698209024
      vertex 0 0.23872142169002217 3.6421850698209024
      vertex -0.031159398174555823 0.23667912683442296 3.6421850698209024
    endloop
  endfacet
  facet normal 0 0 1
    outer loop
      vertex 0.031159398174555823 -0.23667912683442296 3.6421850698209024
      vertex 0.031159398174555823 0.23667912683442296 3.6421850698209024
      vertex 0 0.23872142169002217 3.6421850698209024
    endloop
  endfacet
  facet normal -0.02551810126184825 0.12828815823775755 0.9914085812438553
    outer loop
      vertex -0.09294504858188353 0.7059877350232808 3.579866273471791
      vertex -0.06178565040732772 0.23058718649883578 3.6421850698209024
      vertex -0.031159398174555823 0.23667912683442296 3.6421850698209024
    endloop
  endfacet
  facet normal -0.008554825566378337 0.13052141585032973 0.9914085812438553
    outer loop
      vertex -0.031159398174555823 0.23667912683442296 3.6421850698209024
      vertex 0 0.23872142169002217 3.6421850698209024
      vertex 0 0.7120796753588681 3.579866273471791
    endloop
  endfacet
  facet normal 0.008554825566378337 0.13052141585032975 0.9914085812438553
    outer loop
      vertex 0 0.23872142169002217 3.6421850698209024
      vertex 0.031159398174555823 0.23667912683442296 3.6421850698209024
      vertex 0 0.7120796753588681 3.579866273471791
    endloop
  endfacet
  facet normal -0.04204475516977421 0.12385985466954014 0.9914085812438552
    outer loop
      vertex -0.09135473303141167 0.2205498354714074 3.6421850698209024
      vertex -0.1842997816132952 0.6878161488046661 3.579866273471791
      vertex -0.27250109428375047 0.6578758375813398 3.579866273471791
    endloop
  endfacet
  facet normal -0.02551810126184847 0.12828815823775752 0.9914085812438552
    outer loop
      vertex -0.1842997816132952 0.6878161488046661 3.579866273471791
      vertex -0.06178565040732772 0.23058718649883578 3.6421850698209024
      vertex -0.09294504858188353 0.7059877350232808 3.579866273471791
    endloop
  endfacet
  facet normal -0.05059415309221419 0.25435398391115 0.9657868722142625
    outer loop
      vertex -0.1842997816132952 0.6878161488046661 3.579866273471791
      vertex -0.09294504858188353 0.7059877350232808 3.579866273471791
      vertex -0.15314038343873937 1.1632166973291114 3.4562949726571355
    endloop
  endfacet
  facet normal -0.0085548255663784 0.13052141585032973 0.9914085812438552
    outer loop
      vertex -0.09294504858188353 0.7059877350232808 3.579866273471791
      vertex -0.031159398174555823 0.23667912683442296 3.6421850698209024
      vertex 0 0.7120796753588681 3.579866273471791
    endloop
  endfacet
  facet normal -0.0169614561029132 0.25878181247039156 0.9657868722142623
    outer loop
      vertex -0.09294504858188353 0.7059877350232808 3.579866273471791
      vertex 0 0.7120796753588681 3.579866273471791
      vertex 0 1.1732540483565397 3.4562949726571355
    endloop
  endfacet
  facet normal 0 0 1
    outer loop
      vertex 0.06178565040732772 -0.23058718649883578 3.6421850698209024
      vertex 0.06178565040732772 0.23058718649883578 3.6421850698209024
      vertex 0.031159398174555823 0.23667912683442296 3.6421850698209024
    endloop
  endfacet
  facet normal 0 0 1
    outer loop
      vertex 0.09135473303141167 -0.2205498354714074 3.6421850698209024
      vertex 0.09135473303141167 0.2205498354714074 3.6421850698209024
      vertex 0.06178565040732772 0.23058718649883578 3.6421850698209024
    endloop
  endfacet
  facet normal 0 0 1
    outer loop
      vertex 0.11936071084501108 -0.2067388156110967 3.6421850698209024
      vertex 0.11936071084501108 0.2067388156110967 3.6421850698209024
      vertex 0.09135473303141167 0.2205498354714074 3.6421850698209024
    endloop
  endfacet
  facet normal 0.025518101261848492 0.12828815823775752 0.9914085812438553
    outer loop
      vertex 0.031159398174555823 0.23667912683442296 3.6421850698209024
      vertex 0.06178565040732772 0.23058718649883578 3.6421850698209024
      vertex 0.09294504858188353 0.7059877350232808 3.579866273471791
    endloop
  endfacet
  facet normal 0.04204475516977429 0.12385985466954015 0.9914085812438553
    outer loop
      vertex 0.06178565040732772 0.23058718649883578 3.6421850698209024
      vertex 0.09135473303141167 0.2205498354714074 3.6421850698209024
      vertex 0.1842997816132952 0.6878161488046661 3.579866273471791
    endloop
  endfacet
  facet normal 0 0 1
    outer loop
      vertex 0.1453243938030113 -0.1893904372968516 3.6421850698209024
      vertex 0.1453243938030113 0.1893904372968516 3.6421850698209024
      vertex 0.11936071084501108 0.2067388156110967 3.6421850698209024
    endloop
  endfacet
  facet normal 0 0 1
    outer loop
      vertex 0.16880153609150805 -0.16880153609150805 3.6421850698209024
      vertex 0.16880153609150805 0.16880153609150805 3.6421850698209024
      vertex 0.1453243938030113 0.1893904372968516 3.6421850698209024
    endloop
  endfacet
  facet normal 0 0 1
    outer loop
      vertex 0.1893904372968516 -0.1453243938030113 3.6421850698209024
      vertex 0.1893904372968516 0.1453243938030113 3.6421850698209024
      vertex 0.16880153609150805 0.16880153609150805 3.6421850698209024
    endloop
  endfacet
  facet normal 0 0 1
    outer loop
      vertex 0.2067388156110967 -0.11936071084501108 3.6421850698209024
      vertex 0.2067388156110967 0.11936071084501108 3.6421850698209024
      vertex 0.1893904372968516 0.1453243938030113 3.6421850698209024
    endloop
  endfacet
  facet normal 0 0 1
    outer loop
      vertex 0.2205498354714074 -0.09135473303141167 3.6421850698209024
      vertex 0.2205498354714074 0.09135473303141167 3.6421850698209024
      vertex 0.2067388156110967 0.11936071084501108 3.6421850698209024
    endloop
  endfacet
  facet normal 0 0 1
    outer loop
      vertex 0.23058718649883578 -0.06178565040732772 3.6421850698209024
      vertex 0.23058718649883578 0.06178565040732772 3.6421850698209024
      vertex 0.2205498354714074 0.09135473303141167 3.6421850698209024
    endloop
  endfacet
  facet normal 0 0 1
    outer loop
      vertex 0.23667912683442296 -0.031159398174555823 3.6421850698209024
      vertex 0.23872142169002217 0 3.6421850698209024
      vertex 0.23667912683442296 0.031159398174555823 3.6421850698209024
    endloop
  endfacet
  facet normal 0 0 1
    outer loop
      vertex 0.23667912683442296 -0.031159398174555823 3.6421850698209024
      vertex 0.23667912683442296 0.031159398174555823 3.6421850698209024
      vertex 0.23058718649883578 0.06178565040732772 3.6421850698209024
    endloop
  endfacet
  facet normal 0.05785201165973657 0.11731227464748761 0.9914085812438553
    outer loop
      vertex 0.09135473303141167 0.2205498354714074 3.6421850698209024
      vertex 0.11936071084501108 0.2067388156110967 3.6421850698209024
      vertex 0.27250109428375047 0.6578758375813398 3.579866273471791
    endloop
  endfacet
  facet normal 0.07266940419059312 0.10875744908110925 0.9914085812438553
    outer loop
      vertex 0.11936071084501108 0.2067388156110967 3.6421850698209024
      vertex 0.1453243938030113 0.1893904372968516 3.6421850698209024
      vertex 0.35603983767943403 0.6166790883793557 3.579866273471791
    endloop
  endfacet
  facet normal 0.008554825566378436 0.13052141585032973 0.9914085812438554
    outer loop
      vertex 0.031159398174555823 0.23667912683442296 3.6421850698209024
      vertex 0.09294504858188353 0.7059877350232808 3.579866273471791
      vertex 0 0.7120796753588681 3.579866273471791
    endloop
  endfacet
  facet normal 0.02551810126184851 0.12828815823775752 0.9914085812438552
    outer loop
      vertex 0.06178565040732772 0.23058718649883578 3.6421850698209024
      vertex 0.1842997816132952 0.6878161488046661 3.579866273471791
      vertex 0.09294504858188353 0.7059877350232808 3.579866273471791
    endloop
  endfacet
  facet normal 0.0169614561029132 0.25878181247039156 0.9657868722142623
    outer loop
      vertex 0 0.7120796753588681 3.579866273471791
      vertex 0.09294504858188353 0.7059877350232808 3.579866273471791
      vertex 0 1.1732540483565397 3.4562949726571355
    endloop
  endfacet
  facet normal 0.04204475516977425 0.12385985466954014 0.9914085812438552
    outer loop
      vertex 0.09135473303141167 0.2205498354714074 3.6421850698209024
      vertex 0.27250109428375047 0.6578758375813398 3.579866273471791
      vertex 0.1842997816132952 0.6878161488046661 3.579866273471791
    endloop
  endfacet
  facet normal 0.05059415309221419 0.25435398391115 0.9657868722142625
    outer loop
      vertex 0.09294504858188353 0.7059877350232808 3.579866273471791
      vertex 0.1842997816132952 0.6878161488046661 3.579866273471791
      vertex 0.15314038343873937 1.1632166973291114 3.4562949726571355
    endloop
  endfacet
  facet normal -0.03275414737353058 0.4997317194830224 0.8655607282983527
    outer loop
      vertex -0.21071544387642274 1.600542699439044 3.273585506594312
      vertex 0 1.6143537192993547 3.273585506594312
      vertex 0 2.0278313505215477 3.03486408490429
    endloop
  endfacet
  facet normal -0.02507451103777046 0.38256311096124873 0.9235890509462896
    outer loop
      vertex -0.15314038343873937 1.1632166973291114 3.4562949726571355
      vertex 0 1.6143537192993547 3.273585506594312
      vertex -0.21071544387642274 1.600542699439044 3.273585506594312
    endloop
  endfacet
  facet normal 0.03275414737353058 0.4997317194830224 0.8655607282983527
    outer loop
      vertex 0 1.6143537192993547 3.273585506594312
      vertex 0.21071544387642274 1.600542699439044 3.273585506594312
      vertex 0 2.0278313505215477 3.03486408490429
    endloop
  endfacet
  facet normal 0.025074511037770548 0.38256311096124873 0.9235890509462896
    outer loop
      vertex 0.15314038343873937 1.1632166973291114 3.4562949726571355
      vertex 0.21071544387642274 1.600542699439044 3.273585506594312
      vertex 0 1.6143537192993547 3.273585506594312
    endloop
  endfacet
  facet normal -0.016961456102912994 0.25878181247039156 0.9657868722142624
    outer loop
      vertex -0.09294504858188353 0.7059877350232808 3.579866273471791
      vertex 0 1.1732540483565397 3.4562949726571355
      vertex -0.15314038343873937 1.1632166973291114 3.4562949726571355
    endloop
  endfacet
  facet normal -0.025074511037770388 0.38256311096124873 0.9235890509462897
    outer loop
      vertex -0.15314038343873937 1.1632166973291114 3.4562949726571355
      vertex 0 1.1732540483565397 3.4562949726571355
      vertex 0 1.6143537192993547 3.273585506594312
    endloop
  endfacet
  facet normal 0.01696145610291302 0.25878181247039156 0.9657868722142624
    outer loop
      vertex 0.09294504858188353 0.7059877350232808 3.579866273471791
      vertex 0.15314038343873937 1.1632166973291114 3.4562949726571355
      vertex 0 1.1732540483565397 3.4562949726571355
    endloop
  endfacet
  facet normal 0.05059415309221433 0.25435398391114994 0.9657868722142625
    outer loop
      vertex 0.15314038343873937 1.1632166973291114 3.4562949726571355
      vertex 0.1842997816132952 0.6878161488046661 3.579866273471791
      vertex 0.3036604924583063 1.133276386105785 3.4562949726571355
    endloop
  endfacet
  facet normal 0.07479450127748735 0.376017350066169 0.9235890509462895
    outer loop
      vertex 0.15314038343873937 1.1632166973291114 3.4562949726571355
      vertex 0.3036604924583063 1.133276386105785 3.4562949726571355
      vertex 0.21071544387642274 1.600542699439044 3.273585506594312
    endloop
  endfacet
  facet normal 0.025074511037770388 0.38256311096124873 0.9235890509462897
    outer loop
      vertex 0 1.1732540483565397 3.4562949726571355
      vertex 0.15314038343873937 1.1632166973291114 3.4562949726571355
      vertex 0 1.6143537192993547 3.273585506594312
    endloop
  endfacet
  facet normal 0.11731227464748761 0.05785201165973657 0.9914085812438553
    outer loop
      vertex 0.2205498354714074 0.09135473303141167 3.6421850698209024
      vertex 0.6166790883793557 0.35603983767943403 3.579866273471791
      vertex 0.2067388156110967 0.11936071084501108 3.6421850698209024
    endloop
  endfacet
  facet normal 0.08624340306798324 0.09834175340769169 0.9914085812438553
    outer loop
      vertex 0.16880153609150805 0.16880153609150805 3.6421850698209024
      vertex 0.4334866407395304 0.5649307889994564 3.579866273471791
      vertex 0.1453243938030113 0.1893904372968516 3.6421850698209024
    endloop
  endfacet
  facet normal 0.0983417534076917 0.08624340306798325 0.9914085812438553
    outer loop
      vertex 0.16880153609150805 0.16880153609150805 3.6421850698209024
      vertex 0.1893904372968516 0.1453243938030113 3.6421850698209024
      vertex 0.5035163671913709 0.5035163671913709 3.579866273471791
    endloop
  endfacet
  facet normal 0.10875744908110922 0.0726694041905931 0.9914085812438553
    outer loop
      vertex 0.1893904372968516 0.1453243938030113 3.6421850698209024
      vertex 0.2067388156110967 0.11936071084501108 3.6421850698209024
      vertex 0.5649307889994564 0.4334866407395304 3.579866273471791
    endloop
  endfacet
  facet normal 0.13052141585032973 0.008554825566378337 0.9914085812438553
    outer loop
      vertex 0.23667912683442296 0.031159398174555823 3.6421850698209024
      vertex 0.23872142169002217 0 3.6421850698209024
      vertex 0.7059877350232808 0.09294504858188353 3.579866273471791
    endloop
  endfacet
  facet normal 0.1282881582377575 0.02551810126184849 0.9914085812438553
    outer loop
      vertex 0.23667912683442296 0.031159398174555823 3.6421850698209024
      vertex 0.6878161488046661 0.1842997816132952 3.579866273471791
      vertex 0.23058718649883578 0.06178565040732772 3.6421850698209024
    endloop
  endfacet
  facet normal 0.12385985466954014 0.04204475516977428 0.9914085812438553
    outer loop
      vertex 0.2205498354714074 0.09135473303141167 3.6421850698209024
      vertex 0.23058718649883578 0.06178565040732772 3.6421850698209024
      vertex 0.6578758375813398 0.27250109428375047 3.579866273471791
    endloop
  endfacet
  facet normal 0.08624340306798331 0.09834175340769159 0.9914085812438552
    outer loop
      vertex 0.16880153609150805 0.16880153609150805 3.6421850698209024
      vertex 0.5035163671913709 0.5035163671913709 3.579866273471791
      vertex 0.4334866407395304 0.5649307889994564 3.579866273471791
    endloop
  endfacet
  facet normal 0.09834175340769155 0.08624340306798338 0.9914085812438554
    outer loop
      vertex 0.1893904372968516 0.1453243938030113 3.6421850698209024
      vertex 0.5649307889994564 0.4334866407395304 3.579866273471791
      vertex 0.5035163671913709 0.5035163671913709 3.579866273471791
    endloop
  endfacet
  facet normal 0.05785201165973656 0.1173122746474876 0.9914085812438552
    outer loop
      vertex 0.11936071084501108 0.2067388156110967 3.6421850698209024
      vertex 0.35603983767943403 0.6166790883793557 3.579866273471791
      vertex 0.27250109428375047 0.6578758375813398 3.579866273471791
    endloop
  endfacet
  facet normal 0.07266940419059299 0.10875744908110932 0.9914085812438554
    outer loop
      vertex 0.1453243938030113 0.1893904372968516 3.6421850698209024
      vertex 0.4334866407395304 0.5649307889994564 3.579866273471791
      vertex 0.35603983767943403 0.6166790883793557 3.579866273471791
    endloop
  endfacet
  facet normal 0.08336117009475846 0.2455740881669414 0.9657868722142623
    outer loop
      vertex 0.1842997816132952 0.6878161488046661 3.579866273471791
      vertex 0.27250109428375047 0.6578758375813398 3.579866273471791
      vertex 0.3036604924583063 1.133276386105785 3.4562949726571355
    endloop
  endfacet
  facet normal 0.11470185436489838 0.2325923516881963 0.9657868722142623
    outer loop
      vertex 0.27250109428375047 0.6578758375813398 3.579866273471791
      vertex 0.35603983767943403 0.6166790883793557 3.579866273471791
      vertex 0.4489848862613176 1.0839454017126144 3.4562949726571355
    endloop
  endfacet
  facet normal 0.14407995810549304 0.21563089558528337 0.9657868722142625
    outer loop
      vertex 0.35603983767943403 0.6166790883793557 3.579866273471791
      vertex 0.4334866407395304 0.5649307889994564 3.579866273471791
      vertex 0.5866270241782698 1.0160678109696994 3.4562949726571355
    endloop
  endfacet
  facet normal 0.13052141585032973 0.008554825566378385 0.9914085812438552
    outer loop
      vertex 0.23872142169002217 0 3.6421850698209024
      vertex 0.7120796753588681 0 3.579866273471791
      vertex 0.7059877350232808 0.09294504858188353 3.579866273471791
    endloop
  endfacet
  facet normal 0.1282881582377575 0.02551810126184848 0.9914085812438552
    outer loop
      vertex 0.23667912683442296 0.031159398174555823 3.6421850698209024
      vertex 0.7059877350232808 0.09294504858188353 3.579866273471791
      vertex 0.6878161488046661 0.1842997816132952 3.579866273471791
    endloop
  endfacet
  facet normal 0.12385985466954016 0.04204475516977424 0.9914085812438554
    outer loop
      vertex 0.23058718649883578 0.06178565040732772 3.6421850698209024
      vertex 0.6878161488046661 0.1842997816132952 3.579866273471791
      vertex 0.6578758375813398 0.27250109428375047 3.579866273471791
    endloop
  endfacet
  facet normal 0.1087574490811093 0.07266940419059305 0.9914085812438554
    outer loop
      vertex 0.2067388156110967 0.11936071084501108 3.6421850698209024
      vertex 0.6166790883793557 0.35603983767943403 3.579866273471791
      vertex 0.5649307889994564 0.4334866407395304 3.579866273471791
    endloop
  endfacet
  facet normal 0.11731227464748763 0.057852011659736594 0.9914085812438554
    outer loop
      vertex 0.2205498354714074 0.09135473303141167 3.6421850698209024
      vertex 0.6578758375813398 0.27250109428375047 3.579866273471791
      vertex 0.6166790883793557 0.35603983767943403 3.579866273471791
    endloop
  endfacet
  facet normal 0.14407995810549296 0.21563089558528342 0.9657868722142624
    outer loop
      vertex 0.4334866407395304 0.5649307889994564 3.579866273471791
      vertex 0.7142318110677938 0.9308050182738751 3.4562949726571355
      vertex 0.5866270241782698 1.0160678109696994 3.4562949726571355
    endloop
  endfacet
  facet normal 0.17099281381639164 0.19497993507472713 0.9657868722142625
    outer loop
      vertex 0.4334866407395304 0.5649307889994564 3.579866273471791
      vertex 0.5035163671913709 0.5035163671913709 3.579866273471791
      vertex 0.7142318110677938 0.9308050182738751 3.4562949726571355
    endloop
  endfacet
  facet normal 0.19497993507472708 0.1709928138163916 0.9657868722142623
    outer loop
      vertex 0.5649307889994564 0.4334866407395304 3.579866273471791
      vertex 0.8296158936474788 0.8296158936474788 3.4562949726571355
      vertex 0.5035163671913709 0.5035163671913709 3.579866273471791
    endloop
  endfacet
  facet normal 0.09770200957786486 0.49118117121085964 0.8655607282983527
    outer loop
      vertex 0.21071544387642274 1.600542699439044 3.273585506594312
      vertex 0.4178254880867618 1.55934595023706 3.273585506594312
      vertex 0.2646851046480223 2.0104829722073028 3.03486408490429
    endloop
  endfacet
  facet normal 0.07479450127748705 0.37601735006616904 0.9235890509462896
    outer loop
      vertex 0.3036604924583063 1.133276386105785 3.4562949726571355
      vertex 0.4178254880867618 1.55934595023706 3.273585506594312
      vertex 0.21071544387642274 1.600542699439044 3.273585506594312
    endloop
  endfacet
  facet normal 0.16956639193444215 0.3438466281621315 0.9235890509462897
    outer loop
      vertex 0.5866270241782698 1.0160678109696994 3.4562949726571355
      vertex 0.8071768596496773 1.3980713316071338 3.273585506594312
      vertex 0.6177864223528258 1.491468359494145 3.273585506594312
    endloop
  endfacet
  facet normal 0.16097816331020814 0.4742263769181309 0.8655607282983526
    outer loop
      vertex 0.4178254880867618 1.55934595023706 3.273585506594312
      vertex 0.6177864223528258 1.491468359494145 3.273585506594312
      vertex 0.524841373770942 1.9587346728274033 3.03486408490429
    endloop
  endfacet
  facet normal 0.12323473686339291 0.3630378280597522 0.9235890509462897
    outer loop
      vertex 0.4178254880867618 1.55934595023706 3.273585506594312
      vertex 0.4489848862613176 1.0839454017126144 3.4562949726571355
      vertex 0.6177864223528258 1.491468359494145 3.273585506594312
    endloop
  endfacet
  facet normal 0.08336117009475852 0.2455740881669414 0.9657868722142625
    outer loop
      vertex 0.27250109428375047 0.6578758375813398 3.579866273471791
      vertex 0.4489848862613176 1.0839454017126144 3.4562949726571355
      vertex 0.3036604924583063 1.133276386105785 3.4562949726571355
    endloop
  endfacet
  facet normal 0.123234736863393 0.36303782805975215 0.9235890509462897
    outer loop
      vertex 0.3036604924583063 1.133276386105785 3.4562949726571355
      vertex 0.4489848862613176 1.0839454017126144 3.4562949726571355
      vertex 0.4178254880867618 1.55934595023706 3.273585506594312
    endloop
  endfacet
  facet normal 0.11470185436489858 0.23259235168819625 0.9657868722142623
    outer loop
      vertex 0.35603983767943403 0.6166790883793557 3.579866273471791
      vertex 0.5866270241782698 1.0160678109696994 3.4562949726571355
      vertex 0.4489848862613176 1.0839454017126144 3.4562949726571355
    endloop
  endfacet
  facet normal 0.16956639193444192 0.3438466281621315 0.9235890509462897
    outer loop
      vertex 0.4489848862613176 1.0839454017126144 3.4562949726571355
      vertex 0.5866270241782698 1.0160678109696994 3.4562949726571355
      vertex 0.6177864223528258 1.491468359494145 3.273585506594312
    endloop
  endfacet
  facet normal -0.03275414737352934 0.49973171948301254 0.8655607282983585
    outer loop
      vertex -0.22962494546557471 2.012780936446974 3.03486408490429
      vertex -0.17635264922942182 1.9939844623647798 3.047732139785956
      vertex 0 2.0278313505215477 3.03486408490429
    endloop
  endfacet
  facet normal -0.039868608566780254 0.6082774216426028 0.7927225696110689
    outer loop
      vertex -0.22962494546557471 2.012780936446974 3.03486408490429
      vertex 0 2.0278313505215477 3.03486408490429
      vertex 0 2.1290513704748664 2.95719523187034
    endloop
  endfacet
  facet normal 0.03986860856677907 0.6082774216426029 0.7927225696110689
    outer loop
      vertex 0 2.1290513704748664 2.95719523187034
      vertex 0 2.0278313505215477 3.03486408490429
      vertex 0.10570180775474791 2.067642333117931 2.9989999542048067
    endloop
  endfacet
  facet normal 0.03986860856678048 0.6082774216426007 0.7927225696110706
    outer loop
      vertex 0.10570180775474791 2.067642333117931 2.9989999542048067
      vertex 0 2.0278313505215477 3.03486408490429
      vertex 0.2646851046480223 2.0104829722073028 3.03486408490429
    endloop
  endfacet
  facet normal 0.039868608566782336 0.6082774216426041 0.7927225696110678
    outer loop
      vertex 0.10570180775474791 2.067642333117931 2.9989999542048067
      vertex 0.2646851046480223 2.0104829722073028 3.03486408490429
      vertex 0.2773273003648862 2.1065099823175473 2.960544151135691
    endloop
  endfacet
  facet normal 0.11892366275409795 0.5978696263119356 0.7927225696110689
    outer loop
      vertex 0.2773273003648862 2.1065099823175473 2.960544151135691
      vertex 0.524841373770942 1.9587346728274033 3.03486408490429
      vertex 0.5792541531299631 2.161805929976305 2.87354522184851
    endloop
  endfacet
  facet normal 0.11892366275409899 0.597869626311937 0.7927225696110678
    outer loop
      vertex 0.2773273003648862 2.1065099823175473 2.960544151135691
      vertex 0.2646851046480223 2.0104829722073028 3.03486408490429
      vertex 0.524841373770942 1.9587346728274033 3.03486408490429
    endloop
  endfacet
  facet normal 0.19594390009982507 0.5772321159142948 0.792722569611069
    outer loop
      vertex 0.5792541531299631 2.161805929976305 2.87354522184851
      vertex 0.524841373770942 1.9587346728274033 3.03486408490429
      vertex 0.7760174614751214 1.8734718801315788 3.03486408490429
    endloop
  endfacet
  facet normal -0.03275414737353174 0.49973171948302286 0.8655607282983524
    outer loop
      vertex -0.21071544387642274 1.600542699439044 3.273585506594312
      vertex 0 2.0278313505215477 3.03486408490429
      vertex -0.17635264922942182 1.9939844623647798 3.047732139785956
    endloop
  endfacet
  facet normal 0.032754147373530294 0.49973171948302236 0.8655607282983527
    outer loop
      vertex 0 2.0278313505215477 3.03486408490429
      vertex 0.21071544387642274 1.600542699439044 3.273585506594312
      vertex 0.2646851046480223 2.0104829722073028 3.03486408490429
    endloop
  endfacet
  facet normal 0.09770200957786536 0.49118117121085975 0.8655607282983526
    outer loop
      vertex 0.4178254880867618 1.55934595023706 3.273585506594312
      vertex 0.524841373770942 1.9587346728274033 3.03486408490429
      vertex 0.2646851046480223 2.0104829722073028 3.03486408490429
    endloop
  endfacet
  facet normal 0.16097816331020806 0.474226376918131 0.8655607282983527
    outer loop
      vertex 0.6177864223528258 1.491468359494145 3.273585506594312
      vertex 0.7760174614751214 1.8734718801315788 3.03486408490429
      vertex 0.524841373770942 1.9587346728274033 3.03486408490429
    endloop
  endfacet
  facet normal 0.4019257262121097 0.45830845316019564 0.7927225696110696
    outer loop
      vertex 1.7017318240654404 1.7017318240654404 2.744215297298268
      vertex 1.4650526972310174 1.9092938475809067 2.744215297298268
      vertex 1.4338932990564612 1.4338932990564612 3.03486408490429
    endloop
  endfacet
  facet normal 0.4019257262121101 0.4583084531601955 0.7927225696110693
    outer loop
      vertex 1.2344655107321814 1.6087867754835565 3.03486408490429
      vertex 1.4338932990564612 1.4338932990564612 3.03486408490429
      vertex 1.4650526972310174 1.9092938475809067 2.744215297298268
    endloop
  endfacet
  facet normal 0.2325923516881964 0.11470185436489841 0.9657868722142623
    outer loop
      vertex 0.6578758375813398 0.27250109428375047 3.579866273471791
      vertex 1.0160678109696994 0.5866270241782698 3.4562949726571355
      vertex 0.6166790883793557 0.35603983767943403 3.579866273471791
    endloop
  endfacet
  facet normal 0.25878181247039156 0.0169614561029132 0.9657868722142625
    outer loop
      vertex 0.7059877350232808 0.09294504858188353 3.579866273471791
      vertex 0.7120796753588681 0 3.579866273471791
      vertex 1.1632166973291114 0.15314038343873937 3.4562949726571355
    endloop
  endfacet
  facet normal 0.25435398391115 0.05059415309221419 0.9657868722142623
    outer loop
      vertex 0.7059877350232808 0.09294504858188353 3.579866273471791
      vertex 1.133276386105785 0.3036604924583063 3.4562949726571355
      vertex 0.6878161488046661 0.1842997816132952 3.579866273471791
    endloop
  endfacet
  facet normal 0.2455740881669414 0.08336117009475846 0.9657868722142623
    outer loop
      vertex 0.6578758375813398 0.27250109428375047 3.579866273471791
      vertex 0.6878161488046661 0.1842997816132952 3.579866273471791
      vertex 1.0839454017126144 0.4489848862613176 3.4562949726571355
    endloop
  endfacet
  facet normal 0.17099281381639153 0.19497993507472713 0.9657868722142624
    outer loop
      vertex 0.5035163671913709 0.5035163671913709 3.579866273471791
      vertex 0.8296158936474788 0.8296158936474788 3.4562949726571355
      vertex 0.7142318110677938 0.9308050182738751 3.4562949726571355
    endloop
  endfacet
  facet normal 0.19497993507472725 0.17099281381639156 0.9657868722142624
    outer loop
      vertex 0.5649307889994564 0.4334866407395304 3.579866273471791
      vertex 0.9308050182738751 0.7142318110677938 3.4562949726571355
      vertex 0.8296158936474788 0.8296158936474788 3.4562949726571355
    endloop
  endfacet
  facet normal 0.21563089558528342 0.14407995810549298 0.9657868722142624
    outer loop
      vertex 0.6166790883793557 0.35603983767943403 3.579866273471791
      vertex 1.0160678109696994 0.5866270241782698 3.4562949726571355
      vertex 0.9308050182738751 0.7142318110677938 3.4562949726571355
    endloop
  endfacet
  facet normal 0.21563089558528337 0.14407995810549304 0.9657868722142625
    outer loop
      vertex 0.5649307889994564 0.4334866407395304 3.579866273471791
      vertex 0.6166790883793557 0.35603983767943403 3.579866273471791
      vertex 0.9308050182738751 0.7142318110677938 3.4562949726571355
    endloop
  endfacet
  facet normal 0.25435398391114994 0.05059415309221435 0.9657868722142625
    outer loop
      vertex 0.7059877350232808 0.09294504858188353 3.579866273471791
      vertex 1.1632166973291114 0.15314038343873937 3.4562949726571355
      vertex 1.133276386105785 0.3036604924583063 3.4562949726571355
    endloop
  endfacet
  facet normal 0.23259235168819625 0.11470185436489859 0.9657868722142625
    outer loop
      vertex 0.6578758375813398 0.27250109428375047 3.579866273471791
      vertex 1.0839454017126144 0.4489848862613176 3.4562949726571355
      vertex 1.0160678109696994 0.5866270241782698 3.4562949726571355
    endloop
  endfacet
  facet normal 0.24557408816694146 0.08336117009475852 0.9657868722142625
    outer loop
      vertex 0.6878161488046661 0.1842997816132952 3.579866273471791
      vertex 1.133276386105785 0.3036604924583063 3.4562949726571355
      vertex 1.0839454017126144 0.4489848862613176 3.4562949726571355
    endloop
  endfacet
  facet normal 0.25878181247039156 0.01696145610291298 0.9657868722142624
    outer loop
      vertex 0.7120796753588681 0 3.579866273471791
      vertex 1.1732540483565397 0 3.4562949726571355
      vertex 1.1632166973291114 0.15314038343873937 3.4562949726571355
    endloop
  endfacet
  facet normal 0.3187721171243615 0.21299671902680672 0.9235890509462897
    outer loop
      vertex 1.0160678109696994 0.5866270241782698 3.4562949726571355
      vertex 1.280752915617722 0.9827562770862183 3.273585506594312
      vertex 0.9308050182738751 0.7142318110677938 3.4562949726571355
    endloop
  endfacet
  facet normal 0.21299671902680675 0.31877211712436127 0.9235890509462896
    outer loop
      vertex 0.7142318110677938 0.9308050182738751 3.4562949726571355
      vertex 0.9827562770862183 1.280752915617722 3.273585506594312
      vertex 0.8071768596496773 1.3980713316071338 3.273585506594312
    endloop
  endfacet
  facet normal 0.22149993603673493 0.44915743783594153 0.8655607282983527
    outer loop
      vertex 0.6177864223528258 1.491468359494145 3.273585506594312
      vertex 0.8071768596496773 1.3980713316071338 3.273585506594312
      vertex 0.7760174614751214 1.8734718801315788 3.03486408490429
    endloop
  endfacet
  facet normal 0.2214999360367347 0.44915743783594136 0.8655607282983526
    outer loop
      vertex 1.0139156752607739 1.7561534641421668 3.03486408490429
      vertex 0.7760174614751214 1.8734718801315788 3.03486408490429
      vertex 0.8071768596496773 1.3980713316071338 3.273585506594312
    endloop
  endfacet
  facet normal 0.2527826132027757 0.2882433267822653 0.9235890509462896
    outer loop
      vertex 0.8296158936474788 0.8296158936474788 3.4562949726571355
      vertex 1.1415204621502981 1.1415204621502981 3.273585506594312
      vertex 0.9827562770862183 1.280752915617722 3.273585506594312
    endloop
  endfacet
  facet normal 0.2782317834462879 0.41640329046241115 0.8655607282983527
    outer loop
      vertex 1.0139156752607739 1.7561534641421668 3.03486408490429
      vertex 0.8071768596496773 1.3980713316071338 3.273585506594312
      vertex 0.9827562770862183 1.280752915617722 3.273585506594312
    endloop
  endfacet
  facet normal 0.2782317834462875 0.4164032904624112 0.8655607282983527
    outer loop
      vertex 1.0139156752607739 1.7561534641421668 3.03486408490429
      vertex 0.9827562770862183 1.280752915617722 3.273585506594312
      vertex 1.2344655107321814 1.6087867754835565 3.03486408490429
    endloop
  endfacet
  facet normal 0.21299671902680667 0.31877211712436143 0.9235890509462897
    outer loop
      vertex 0.5866270241782698 1.0160678109696994 3.4562949726571355
      vertex 0.7142318110677938 0.9308050182738751 3.4562949726571355
      vertex 0.8071768596496773 1.3980713316071338 3.273585506594312
    endloop
  endfacet
  facet normal 0.2527826132027761 0.28824332678226516 0.9235890509462897
    outer loop
      vertex 0.8296158936474788 0.8296158936474788 3.4562949726571355
      vertex 0.9827562770862183 1.280752915617722 3.273585506594312
      vertex 0.7142318110677938 0.9308050182738751 3.4562949726571355
    endloop
  endfacet
  facet normal 0.288243326782265 0.252782613202776 0.9235890509462897
    outer loop
      vertex 0.8296158936474788 0.8296158936474788 3.4562949726571355
      vertex 0.9308050182738751 0.7142318110677938 3.4562949726571355
      vertex 1.1415204621502981 1.1415204621502981 3.273585506594312
    endloop
  endfacet
  facet normal 0.3438466281621314 0.16956639193444212 0.9235890509462897
    outer loop
      vertex 1.0839454017126144 0.4489848862613176 3.4562949726571355
      vertex 1.491468359494145 0.6177864223528258 3.273585506594312
      vertex 1.3980713316071338 0.8071768596496773 3.273585506594312
    endloop
  endfacet
  facet normal 0.31877211712436127 0.2129967190268068 0.9235890509462895
    outer loop
      vertex 1.0160678109696994 0.5866270241782698 3.4562949726571355
      vertex 1.3980713316071338 0.8071768596496773 3.273585506594312
      vertex 1.280752915617722 0.9827562770862183 3.273585506594312
    endloop
  endfacet
  facet normal 0.38256311096124873 0.025074511037770485 0.9235890509462896
    outer loop
      vertex 1.1732540483565397 0 3.4562949726571355
      vertex 1.6143537192993547 0 3.273585506594312
      vertex 1.600542699439044 0.21071544387642274 3.273585506594312
    endloop
  endfacet
  facet normal 0.37601735006616915 0.07479450127748706 0.9235890509462896
    outer loop
      vertex 1.1632166973291114 0.15314038343873937 3.4562949726571355
      vertex 1.600542699439044 0.21071544387642274 3.273585506594312
      vertex 1.55934595023706 0.4178254880867618 3.273585506594312
    endloop
  endfacet
  facet normal 0.36303782805975227 0.12323473686339291 0.9235890509462897
    outer loop
      vertex 1.133276386105785 0.3036604924583063 3.4562949726571355
      vertex 1.55934595023706 0.4178254880867618 3.273585506594312
      vertex 1.491468359494145 0.6177864223528258 3.273585506594312
    endloop
  endfacet
  facet normal 0.38256311096124884 0.025074511037770395 0.9235890509462897
    outer loop
      vertex 1.1732540483565397 0 3.4562949726571355
      vertex 1.600542699439044 0.21071544387642274 3.273585506594312
      vertex 1.1632166973291114 0.15314038343873937 3.4562949726571355
    endloop
  endfacet
  facet normal 0.37601735006616893 0.07479450127748734 0.9235890509462897
    outer loop
      vertex 1.1632166973291114 0.15314038343873937 3.4562949726571355
      vertex 1.55934595023706 0.4178254880867618 3.273585506594312
      vertex 1.133276386105785 0.3036604924583063 3.4562949726571355
    endloop
  endfacet
  facet normal 0.3438466281621317 0.16956639193444198 0.9235890509462897
    outer loop
      vertex 1.0839454017126144 0.4489848862613176 3.4562949726571355
      vertex 1.3980713316071338 0.8071768596496773 3.273585506594312
      vertex 1.0160678109696994 0.5866270241782698 3.4562949726571355
    endloop
  endfacet
  facet normal 0.36303782805975215 0.123234736863393 0.9235890509462897
    outer loop
      vertex 1.0839454017126144 0.4489848862613176 3.4562949726571355
      vertex 1.133276386105785 0.3036604924583063 3.4562949726571355
      vertex 1.491468359494145 0.6177864223528258 3.273585506594312
    endloop
  endfacet
  facet normal 0.37652436734026634 0.3302030079006514 0.8655607282983526
    outer loop
      vertex 1.1415204621502981 1.1415204621502981 3.273585506594312
      vertex 1.280752915617722 0.9827562770862183 3.273585506594312
      vertex 1.4338932990564612 1.4338932990564612 3.03486408490429
    endloop
  endfacet
  facet normal 0.28824332678226544 0.2527826132027758 0.9235890509462896
    outer loop
      vertex 0.9308050182738751 0.7142318110677938 3.4562949726571355
      vertex 1.280752915617722 0.9827562770862183 3.273585506594312
      vertex 1.1415204621502981 1.1415204621502981 3.273585506594312
    endloop
  endfacet
  facet normal 0.3302030079006511 0.376524367340266 0.8655607282983528
    outer loop
      vertex 0.9827562770862183 1.280752915617722 3.273585506594312
      vertex 1.1415204621502981 1.1415204621502981 3.273585506594312
      vertex 1.2344655107321814 1.6087867754835565 3.03486408490429
    endloop
  endfacet
  facet normal 0.330203007900652 0.37652436734026573 0.8655607282983527
    outer loop
      vertex 1.1415204621502981 1.1415204621502981 3.273585506594312
      vertex 1.4338932990564612 1.4338932990564612 3.03486408490429
      vertex 1.2344655107321814 1.6087867754835565 3.03486408490429
    endloop
  endfacet
  facet normal 0.41640329046241104 0.2782317834462878 0.8655607282983527
    outer loop
      vertex 1.3980713316071338 0.8071768596496773 3.273585506594312
      vertex 1.6087867754835565 1.2344655107321814 3.03486408490429
      vertex 1.280752915617722 0.9827562770862183 3.273585506594312
    endloop
  endfacet
  facet normal 0.3765243673402655 0.3302030079006517 0.8655607282983527
    outer loop
      vertex 1.6087867754835565 1.2344655107321814 3.03486408490429
      vertex 1.4338932990564612 1.4338932990564612 3.03486408490429
      vertex 1.280752915617722 0.9827562770862183 3.273585506594312
    endloop
  endfacet
  facet normal 0.19594390009982562 0.5772321159142945 0.7927225696110689
    outer loop
      vertex 0.7259346227440925 2.2896255796427876 2.744215297298268
      vertex 0.8139289286944008 2.194961779142789 2.7913957861633345
      vertex 0.9209706266788905 2.223419777475426 2.744215297298268
    endloop
  endfacet
  facet normal 0.22753548059830808 0.6702979110062849 0.7063485793639764
    outer loop
      vertex 0.7259346227440925 2.2896255796427876 2.744215297298268
      vertex 0.9209706266788905 2.223419777475426 2.744215297298268
      vertex 0.948440079543467 2.289736903132055 2.672434157741722
    endloop
  endfacet
  facet normal 0.31308031699611744 0.6348640795793229 0.7063485793639779
    outer loop
      vertex 0.9209706266788905 2.223419777475426 2.744215297298268
      vertex 1.2033061125576257 2.0841873240080018 2.744215297298268
      vertex 1.0104095852686978 2.215396970866636 2.7117834549430464
    endloop
  endfacet
  facet normal 0.3130803169961171 0.6348640795793247 0.7063485793639764
    outer loop
      vertex 0.9209706266788905 2.223419777475426 2.744215297298268
      vertex 1.0104095852686978 2.215396970866636 2.7117834549430464
      vertex 0.948440079543467 2.289736903132055 2.672434157741722
    endloop
  endfacet
  facet normal 0.19594390009982351 0.5772321159142941 0.7927225696110697
    outer loop
      vertex 0.8139289286944008 2.194961779142789 2.7913957861633345
      vertex 0.5792541531299631 2.161805929976305 2.87354522184851
      vertex 0.7760174614751214 1.8734718801315788 3.03486408490429
    endloop
  endfacet
  facet normal 0.19594390009982618 0.5772321159142936 0.7927225696110696
    outer loop
      vertex 0.8139289286944008 2.194961779142789 2.7913957861633345
      vertex 0.7760174614751214 1.8734718801315788 3.03486408490429
      vertex 0.9209706266788905 2.223419777475426 2.744215297298268
    endloop
  endfacet
  facet normal 0.26961148298893134 0.5467180039743821 0.7927225696110695
    outer loop
      vertex 1.0139156752607739 1.7561534641421668 3.03486408490429
      vertex 1.2033061125576257 2.0841873240080018 2.744215297298268
      vertex 0.9209706266788905 2.223419777475426 2.744215297298268
    endloop
  endfacet
  facet normal 0.26961148298893134 0.5467180039743821 0.7927225696110695
    outer loop
      vertex 1.0139156752607739 1.7561534641421668 3.03486408490429
      vertex 0.9209706266788905 2.223419777475426 2.744215297298268
      vertex 0.7760174614751214 1.8734718801315788 3.03486408490429
    endloop
  endfacet
  facet normal 0.31308031699611755 0.634864079579323 0.7063485793639778
    outer loop
      vertex 1.0104095852686978 2.215396970866636 2.7117834549430464
      vertex 1.2033061125576257 2.0841873240080018 2.744215297298268
      vertex 1.286830928508047 2.228856548926971 2.577165665397425
    endloop
  endfacet
  facet normal 0.39326826236786033 0.5885675477331842 0.7063485793639778
    outer loop
      vertex 1.286830928508047 2.228856548926971 2.577165665397425
      vertex 1.2033061125576257 2.0841873240080018 2.744215297298268
      vertex 1.4650526972310174 1.9092938475809067 2.744215297298268
    endloop
  endfacet
  facet normal 0.39326826236786055 0.5885675477331842 0.7063485793639778
    outer loop
      vertex 1.5870747641048435 2.2291495870319977 2.409757040696633
      vertex 1.286830928508047 2.228856548926971 2.577165665397425
      vertex 1.4650526972310174 1.9092938475809067 2.744215297298268
    endloop
  endfacet
  facet normal 0.33866593865367095 0.5068493954076017 0.7927225696110695
    outer loop
      vertex 1.2344655107321814 1.6087867754835565 3.03486408490429
      vertex 1.4650526972310174 1.9092938475809067 2.744215297298268
      vertex 1.2033061125576257 2.0841873240080018 2.744215297298268
    endloop
  endfacet
  facet normal 0.33866593865367073 0.5068493954076017 0.7927225696110695
    outer loop
      vertex 1.0139156752607739 1.7561534641421668 3.03486408490429
      vertex 1.2344655107321814 1.6087867754835565 3.03486408490429
      vertex 1.2033061125576257 2.0841873240080018 2.744215297298268
    endloop
  endfacet
  facet normal 0.6514607996199836 -0.5713157878291653 0.499196451445352
    outer loop
      vertex 2.38074486329782 -2.0996185055528445 1.7745009388249982
      vertex 2.487357629401953 -1.9086166377954876 1.8539653352242222
      vertex 2.1949515869774294 -2.1524494968146577 1.956501144752154
    endloop
  endfacet
  facet normal 0.44111327101720127 -0.6601726633925676 0.607940076522077
    outer loop
      vertex 1.5826412766979494 -2.2358860880883 2.4066122251152513
      vertex 1.735372046946719 -2.2615808829003448 2.267890377300466
      vertex 1.6705724258908847 -2.177132372589886 2.4066122251152513
    endloop
  endfacet
  facet normal 0.5235093097941971 -0.5969479591364178 0.6079400765220769
    outer loop
      vertex 1.6705724258908847 -2.177132372589886 2.4066122251152513
      vertex 1.735372046946719 -2.2615808829003448 2.267890377300466
      vertex 1.7445326122754237 -2.2170045772131823 2.3037723569818067
    endloop
  endfacet
  facet normal 0.393268262367867 -0.5885675477331938 0.7063485793639662
    outer loop
      vertex 1.5826412766979494 -2.2358860880883 2.4066122251152513
      vertex 1.6705724258908847 -2.177132372589886 2.4066122251152513
      vertex 1.5870747641048448 -2.229149587031998 2.409757040696632
    endloop
  endfacet
  facet normal 0.523509309794199 -0.596947959136416 0.6079400765220774
    outer loop
      vertex 1.7445326122754237 -2.2170045772131823 2.3037723569818067
      vertex 2.0533863066546014 -2.179090242350497 2.075041097234881
      vertex 1.9404532457554629 -1.9404532457554629 2.4066122251152513
    endloop
  endfacet
  facet normal 0.5235093097941989 -0.5969479591364161 0.6079400765220775
    outer loop
      vertex 1.6705724258908847 -2.177132372589886 2.4066122251152513
      vertex 1.7445326122754237 -2.2170045772131823 2.3037723569818067
      vertex 1.9404532457554629 -1.9404532457554629 2.4066122251152513
    endloop
  endfacet
  facet normal 0.5235093097941994 -0.5969479591364164 0.6079400765220764
    outer loop
      vertex 2.0122343680741537 -2.263258584369995 2.0278313505215477
      vertex 2.1459729744153297 -2.1459729744153297 2.0278313505215477
      vertex 2.0533863066546014 -2.179090242350497 2.075041097234881
    endloop
  endfacet
  facet normal 0.5713157878291666 -0.6514607996199836 0.4991964514453505
    outer loop
      vertex 2.0122343680741537 -2.263258584369995 2.0278313505215477
      vertex 2.1855368221510525 -2.1855368221510525 1.9309201113078591
      vertex 2.1459729744153297 -2.1459729744153297 2.0278313505215477
    endloop
  endfacet
  facet normal 0.6514607996199803 -0.5713157878291703 0.4991964514453506
    outer loop
      vertex 2.1459729744153297 -2.1459729744153297 2.0278313505215477
      vertex 2.1855368221510525 -2.1855368221510525 1.9309201113078591
      vertex 2.1949515869774294 -2.1524494968146577 1.956501144752154
    endloop
  endfacet
  facet normal 0.5235093097941995 -0.5969479591364156 0.6079400765220773
    outer loop
      vertex 2.0533863066546014 -2.179090242350497 2.075041097234881
      vertex 2.1459729744153297 -2.1459729744153297 2.0278313505215477
      vertex 1.9404532457554629 -1.9404532457554629 2.4066122251152513
    endloop
  endfacet
  facet normal 0.6514607996199836 -0.5713157878291649 0.4991964514453524
    outer loop
      vertex 2.1459729744153297 -2.1459729744153297 2.0278313505215477
      vertex 2.1949515869774294 -2.1524494968146577 1.956501144752154
      vertex 2.487357629401953 -1.9086166377954876 1.8539653352242222
    endloop
  endfacet
  facet normal 0.6514607996199836 -0.5713157878291659 0.4991964514453511
    outer loop
      vertex 2.1459729744153297 -2.1459729744153297 2.0278313505215477
      vertex 2.487357629401953 -1.9086166377954876 1.8539653352242222
      vertex 2.4077195590887213 -1.847508197173579 2.0278313505215477
    endloop
  endfacet
  facet normal 0.5969479591364164 -0.5235093097941989 0.6079400765220772
    outer loop
      vertex 2.1459729744153297 -2.1459729744153297 2.0278313505215477
      vertex 2.4077195590887213 -1.847508197173579 2.0278313505215477
      vertex 2.177132372589886 -1.6705724258908847 2.4066122251152513
    endloop
  endfacet
  facet normal 0.5969479591364162 -0.5235093097941989 0.6079400765220773
    outer loop
      vertex 2.1459729744153297 -2.1459729744153297 2.0278313505215477
      vertex 2.177132372589886 -1.6705724258908847 2.4066122251152513
      vertex 1.9404532457554629 -1.9404532457554629 2.4066122251152513
    endloop
  endfacet
  facet normal 0.6601726633925675 -0.44111327101720116 0.6079400765220772
    outer loop
      vertex 2.4077195590887213 -1.847508197173579 2.0278313505215477
      vertex 2.6282693945601285 -1.517432042452145 2.0278313505215477
      vertex 2.177132372589886 -1.6705724258908847 2.4066122251152513
    endloop
  endfacet
  facet normal 0.6601726633925676 -0.4411132710172008 0.6079400765220774
    outer loop
      vertex 2.177132372589886 -1.6705724258908847 2.4066122251152513
      vertex 2.6282693945601285 -1.517432042452145 2.0278313505215477
      vertex 2.3765601609141656 -1.372107648649134 2.4066122251152513
    endloop
  endfacet
  facet normal 0.7204591365102461 -0.4813954045099306 0.4991964514453513
    outer loop
      vertex 2.487357629401953 -1.9086166377954876 1.8539653352242222
      vertex 2.623893478155189 -1.5987454047682663 1.9557330615904456
      vertex 2.4077195590887213 -1.847508197173579 2.0278313505215477
    endloop
  endfacet
  facet normal 0.7204591365102456 -0.48139540450992974 0.4991964514453528
    outer loop
      vertex 2.623893478155189 -1.5987454047682663 1.9557330615904456
      vertex 2.6282693945601285 -1.517432042452145 2.0278313505215477
      vertex 2.4077195590887213 -1.847508197173579 2.0278313505215477
    endloop
  endfacet
  facet normal 0.7121016303436303 -0.351169661873395 0.6079400765220773
    outer loop
      vertex 2.3765601609141656 -1.372107648649134 2.4066122251152513
      vertex 2.6282693945601285 -1.517432042452145 2.0278313505215477
      vertex 2.7206235656235798 -1.3301563095984676 2.0278313505215477
    endloop
  endfacet
  facet normal 0.7121016303436297 -0.3511696618733973 0.6079400765220766
    outer loop
      vertex 2.3765601609141656 -1.372107648649134 2.4066122251152513
      vertex 2.7206235656235798 -1.3301563095984676 2.0278313505215477
      vertex 2.7335989934790743 -1.2871019154632752 2.0375026551901785
    endloop
  endfacet
  facet normal 0.7204591365102455 -0.48139540450992974 0.49919645144535285
    outer loop
      vertex 2.623893478155189 -1.5987454047682663 1.9557330615904456
      vertex 2.688017309346778 -1.5519275171377358 1.9083355209482495
      vertex 2.6282693945601285 -1.517432042452145 2.0278313505215477
    endloop
  endfacet
  facet normal 0.7771302178258097 -0.38323821235150485 0.4991964514453528
    outer loop
      vertex 2.669623582083044 -1.483088967491555 1.9898182395545123
      vertex 2.6282693945601285 -1.517432042452145 2.0278313505215477
      vertex 2.688017309346778 -1.5519275171377358 1.9083355209482495
    endloop
  endfacet
  facet normal 0.7771302178258098 -0.38323821235150834 0.4991964514453498
    outer loop
      vertex 2.669623582083044 -1.483088967491555 1.9898182395545123
      vertex 2.7206235656235798 -1.3301563095984676 2.0278313505215477
      vertex 2.6282693945601285 -1.517432042452145 2.0278313505215477
    endloop
  endfacet
  facet normal 0.7771302178258087 -0.38323821235150896 0.4991964514453511
    outer loop
      vertex 2.84808006395571 -1.1797133892148872 1.9449084444721023
      vertex 2.8038488119966694 -1.161392204772711 2.0278313505215477
      vertex 2.734447751747153 -1.3021236332440986 2.0278313505215477
    endloop
  endfacet
  facet normal 0.8205043856531703 -0.2785237081260461 0.4991964514453511
    outer loop
      vertex 2.84808006395571 -1.1797133892148872 1.9449084444721023
      vertex 2.8435669660869607 -1.0443862958668009 2.0278313505215477
      vertex 2.8038488119966694 -1.161392204772711 2.0278313505215477
    endloop
  endfacet
  facet normal 0.7121016303436313 -0.3511696618733966 0.6079400765220754
    outer loop
      vertex 2.7335989934790743 -1.2871019154632752 2.0375026551901785
      vertex 2.734447751747153 -1.3021236332440986 2.0278313505215477
      vertex 2.8038488119966694 -1.161392204772711 2.0278313505215477
    endloop
  endfacet
  facet normal 0.7518463409676402 -0.255217442452311 0.6079400765220796
    outer loop
      vertex 2.7891783375341848 -1.0828929589430294 2.0789290170509176
      vertex 2.8038488119966694 -1.161392204772711 2.0278313505215477
      vertex 2.8435669660869607 -1.0443862958668009 2.0278313505215477
    endloop
  endfacet
  facet normal 0.71210163034363 -0.35116966187339566 0.6079400765220773
    outer loop
      vertex 2.3765601609141656 -1.372107648649134 2.4066122251152513
      vertex 2.7335989934790743 -1.2871019154632752 2.0375026551901785
      vertex 2.8038488119966694 -1.161392204772711 2.0278313505215477
    endloop
  endfacet
  facet normal 0.751846340967643 -0.2552174424523089 0.607940076522077
    outer loop
      vertex 2.5353243459782453 -1.0501657291188864 2.4066122251152513
      vertex 2.8038488119966694 -1.161392204772711 2.0278313505215477
      vertex 2.7891783375341848 -1.0828929589430294 2.0789290170509176
    endloop
  endfacet
  facet normal 0.7518463409676421 -0.25521744245231254 0.6079400765220768
    outer loop
      vertex 2.5353243459782453 -1.0501657291188864 2.4066122251152513
      vertex 2.7891783375341848 -1.0828929589430294 2.0789290170509176
      vertex 2.8522251705924115 -0.7852250985135427 2.125921311847595
    endloop
  endfacet
  facet normal 0.7121016303436299 -0.35116966187339566 0.6079400765220773
    outer loop
      vertex 2.3765601609141656 -1.372107648649134 2.4066122251152513
      vertex 2.8038488119966694 -1.161392204772711 2.0278313505215477
      vertex 2.5353243459782453 -1.0501657291188864 2.4066122251152513
    endloop
  endfacet
  facet normal 0.7518463409676402 -0.25521744245231853 0.6079400765220766
    outer loop
      vertex 2.6507084285579308 -0.7102551828024678 2.4066122251152513
      vertex 2.8522251705924115 -0.7852250985135427 2.125921311847595
      vertex 2.9314535988861934 -0.7854806244708638 2.0278313505215477
    endloop
  endfacet
  facet normal 0.7787267522465113 -0.15489838183122462 0.6079400765220768
    outer loop
      vertex 2.6507084285579308 -0.7102551828024678 2.4066122251152513
      vertex 2.9314535988861934 -0.7854806244708638 2.0278313505215477
      vertex 2.860298590234525 -0.7346032066591579 2.131938878431615
    endloop
  endfacet
  facet normal 0.7518463409676422 -0.2552174424523128 0.6079400765220766
    outer loop
      vertex 2.5353243459782453 -1.0501657291188864 2.4066122251152513
      vertex 2.8522251705924115 -0.7852250985135427 2.125921311847595
      vertex 2.6507084285579308 -0.7102551828024678 2.4066122251152513
    endloop
  endfacet
  facet normal 0.7787267522465111 -0.15489838183122626 0.6079400765220767
    outer loop
      vertex 2.6507084285579308 -0.7102551828024678 2.4066122251152513
      vertex 2.860298590234525 -0.7346032066591579 2.131938878431615
      vertex 2.9045864150241343 -0.3823960559963476 2.1649490459129037
    endloop
  endfacet
  facet normal 0.7787267522465108 -0.15489838183122545 0.6079400765220774
    outer loop
      vertex 2.6507084285579308 -0.7102551828024678 2.4066122251152513
      vertex 2.9045864150241343 -0.3823960559963476 2.1649490459129037
      vertex 2.720738155009771 -0.3581919733883597 2.4066122251152513
    endloop
  endfacet
  facet normal 0.792282932890597 -0.05192896695106269 0.6079400765220772
    outer loop
      vertex 2.720738155009771 -0.3581919733883597 2.4066122251152513
      vertex 2.920530853545146 0 2.1768333185877085
      vertex 2.744215297298268 0 2.4066122251152513
    endloop
  endfacet
  facet normal 0.7518463409676418 -0.2552174424523115 0.6079400765220778
    outer loop
      vertex 2.908493368792802 -0.8531192812085081 2.0278313505215477
      vertex 2.9314535988861934 -0.7854806244708638 2.0278313505215477
      vertex 2.8522251705924115 -0.7852250985135427 2.125921311847595
    endloop
  endfacet
  facet normal 0.820504385653168 -0.2785237081260453 0.49919645144535524
    outer loop
      vertex 2.954337200160091 -0.7916122669521204 1.9867975992874478
      vertex 2.9314535988861934 -0.7854806244708638 2.0278313505215477
      vertex 2.908493368792802 -0.8531192812085081 2.0278313505215477
    endloop
  endfacet
  facet normal 0.8498394959552106 -0.1690435860331843 0.4991964514453552
    outer loop
      vertex 2.954337200160091 -0.7916122669521204 1.9867975992874478
      vertex 2.956451471573807 -0.659807831889288 2.0278313505215477
      vertex 2.9314535988861934 -0.7854806244708638 2.0278313505215477
    endloop
  endfacet
  facet normal 0.7787267522465117 -0.15489838183122429 0.6079400765220767
    outer loop
      vertex 2.860298590234525 -0.7346032066591579 2.131938878431615
      vertex 2.9314535988861934 -0.7854806244708638 2.0278313505215477
      vertex 2.956451471573807 -0.659807831889288 2.0278313505215477
    endloop
  endfacet
  facet normal 0.7787267522465067 -0.15489838183125862 0.6079400765220744
    outer loop
      vertex 3.0089004019462897 -0.39612925290794826 2.0278313505215477
      vertex 2.996347489802782 -0.3944766306722603 2.044331787657101
      vertex 3.0082394509619275 -0.39945207789399134 2.0278313505215477
    endloop
  endfacet
  facet normal 0.7922829328905989 -0.0519289669510589 0.6079400765220752
    outer loop
      vertex 3.0089004019462897 -0.39612925290794826 2.0278313505215477
      vertex 3.0104752011568734 -0.3721024599534315 2.0278313505215477
      vertex 2.996347489802782 -0.3944766306722603 2.044331787657101
    endloop
  endfacet
  facet normal 0.8646336168614447 -0.056671081315558716 0.49919645144534225
    outer loop
      vertex 3.0102365671340716 -0.39630516239210906 2.0254970744738245
      vertex 3.0104752011568734 -0.3721024599534315 2.0278313505215477
      vertex 3.0089004019462897 -0.39612925290794826 2.0278313505215477
    endloop
  endfacet
  facet normal 0.8498394959552116 -0.1690435860332231 0.4991964514453405
    outer loop
      vertex 3.0102365671340716 -0.39630516239210906 2.0254970744738245
      vertex 3.0089004019462897 -0.39612925290794826 2.0278313505215477
      vertex 3.0082394509619275 -0.39945207789399134 2.0278313505215477
    endloop
  endfacet
  facet normal 0.7922829328905969 -0.05192896695106249 0.6079400765220775
    outer loop
      vertex 2.9045864150241343 -0.3823960559963476 2.1649490459129037
      vertex 2.920530853545146 0 2.1768333185877085
      vertex 2.720738155009771 -0.3581919733883597 2.4066122251152513
    endloop
  endfacet
  facet normal 0.3932682623678611 -0.5885675477331836 0.7063485793639779
    outer loop
      vertex 1.5870747641048448 -2.229149587031998 2.409757040696632
      vertex 1.6705724258908847 -2.177132372589886 2.4066122251152513
      vertex 1.4650526972310174 -1.9092938475809067 2.744215297298268
    endloop
  endfacet
  facet normal 0.46672727873592884 -0.5322004619635772 0.7063485793639779
    outer loop
      vertex 1.6705724258908847 -2.177132372589886 2.4066122251152513
      vertex 1.7017318240654404 -1.7017318240654404 2.744215297298268
      vertex 1.4650526972310174 -1.9092938475809067 2.744215297298268
    endloop
  endfacet
  facet normal 0.466727278735929 -0.5322004619635771 0.7063485793639778
    outer loop
      vertex 1.6705724258908847 -2.177132372589886 2.4066122251152513
      vertex 1.9404532457554629 -1.9404532457554629 2.4066122251152513
      vertex 1.7017318240654404 -1.7017318240654404 2.744215297298268
    endloop
  endfacet
  facet normal 0.5322004619635772 -0.46672727873592884 0.7063485793639777
    outer loop
      vertex 1.9404532457554629 -1.9404532457554629 2.4066122251152513
      vertex 1.9092938475809067 -1.4650526972310174 2.744215297298268
      vertex 1.7017318240654404 -1.7017318240654404 2.744215297298268
    endloop
  endfacet
  facet normal 0.4583084531601958 -0.4019257262121098 0.7927225696110695
    outer loop
      vertex 1.7017318240654404 -1.7017318240654404 2.744215297298268
      vertex 1.9092938475809067 -1.4650526972310174 2.744215297298268
      vertex 1.6087867754835565 -1.2344655107321814 3.03486408490429
    endloop
  endfacet
  facet normal 0.4583084531601954 -0.40192572621211 0.7927225696110695
    outer loop
      vertex 1.7017318240654404 -1.7017318240654404 2.744215297298268
      vertex 1.6087867754835565 -1.2344655107321814 3.03486408490429
      vertex 1.4338932990564612 -1.4338932990564612 3.03486408490429
    endloop
  endfacet
  facet normal 0.5068493954076017 -0.3386659386536707 0.7927225696110693
    outer loop
      vertex 1.9092938475809067 -1.4650526972310174 2.744215297298268
      vertex 1.7561534641421668 -1.0139156752607739 3.03486408490429
      vertex 1.6087867754835565 -1.2344655107321814 3.03486408490429
    endloop
  endfacet
  facet normal 0.5068493954076015 -0.3386659386536709 0.7927225696110695
    outer loop
      vertex 1.9092938475809067 -1.4650526972310174 2.744215297298268
      vertex 2.0841873240080018 -1.2033061125576257 2.744215297298268
      vertex 1.7561534641421668 -1.0139156752607739 3.03486408490429
    endloop
  endfacet
  facet normal 0.546718003974382 -0.2696114829889313 0.7927225696110693
    outer loop
      vertex 2.0841873240080018 -1.2033061125576257 2.744215297298268
      vertex 1.8734718801315788 -0.7760174614751214 3.03486408490429
      vertex 1.7561534641421668 -1.0139156752607739 3.03486408490429
    endloop
  endfacet
  facet normal 0.5322004619635771 -0.46672727873592895 0.7063485793639778
    outer loop
      vertex 1.9404532457554629 -1.9404532457554629 2.4066122251152513
      vertex 2.177132372589886 -1.6705724258908847 2.4066122251152513
      vertex 1.9092938475809067 -1.4650526972310174 2.744215297298268
    endloop
  endfacet
  facet normal 0.5885675477331842 -0.3932682623678604 0.7063485793639779
    outer loop
      vertex 1.9092938475809067 -1.4650526972310174 2.744215297298268
      vertex 2.177132372589886 -1.6705724258908847 2.4066122251152513
      vertex 2.0841873240080018 -1.2033061125576257 2.744215297298268
    endloop
  endfacet
  facet normal 0.5885675477331843 -0.39326826236786033 0.7063485793639777
    outer loop
      vertex 2.0841873240080018 -1.2033061125576257 2.744215297298268
      vertex 2.177132372589886 -1.6705724258908847 2.4066122251152513
      vertex 2.3765601609141656 -1.372107648649134 2.4066122251152513
    endloop
  endfacet
  facet normal 0.634864079579323 -0.3130803169961175 0.7063485793639778
    outer loop
      vertex 2.0841873240080018 -1.2033061125576257 2.744215297298268
      vertex 2.3765601609141656 -1.372107648649134 2.4066122251152513
      vertex 2.223419777475426 -0.9209706266788905 2.744215297298268
    endloop
  endfacet
  facet normal 0.6348640795793234 -0.3130803169961172 0.7063485793639775
    outer loop
      vertex 2.3765601609141656 -1.372107648649134 2.4066122251152513
      vertex 2.5353243459782453 -1.0501657291188864 2.4066122251152513
      vertex 2.223419777475426 -0.9209706266788905 2.744215297298268
    endloop
  endfacet
  facet normal 0.5467180039743821 -0.2696114829889313 0.7927225696110693
    outer loop
      vertex 2.0841873240080018 -1.2033061125576257 2.744215297298268
      vertex 2.223419777475426 -0.9209706266788905 2.744215297298268
      vertex 1.8734718801315788 -0.7760174614751214 3.03486408490429
    endloop
  endfacet
  facet normal 0.6702979110062839 -0.22753548059830742 0.7063485793639774
    outer loop
      vertex 2.5353243459782453 -1.0501657291188864 2.4066122251152513
      vertex 2.3246089021018226 -0.622877078036382 2.744215297298268
      vertex 2.223419777475426 -0.9209706266788905 2.744215297298268
    endloop
  endfacet
  facet normal 0.5772321159142939 -0.1959439000998251 0.7927225696110696
    outer loop
      vertex 1.9587346728274033 -0.524841373770942 3.03486408490429
      vertex 2.223419777475426 -0.9209706266788905 2.744215297298268
      vertex 2.3246089021018226 -0.622877078036382 2.744215297298268
    endloop
  endfacet
  facet normal 0.577232115914294 -0.19594390009982487 0.7927225696110693
    outer loop
      vertex 1.8734718801315788 -0.7760174614751214 3.03486408490429
      vertex 2.223419777475426 -0.9209706266788905 2.744215297298268
      vertex 1.9587346728274033 -0.524841373770942 3.03486408490429
    endloop
  endfacet
  facet normal 0.5978696263119346 -0.11892366275409855 0.7927225696110695
    outer loop
      vertex 1.9587346728274033 -0.524841373770942 3.03486408490429
      vertex 2.3246089021018226 -0.622877078036382 2.744215297298268
      vertex 2.0104829722073028 -0.2646851046480223 3.03486408490429
    endloop
  endfacet
  facet normal 0.6082774216426025 -0.03986860856678061 0.7927225696110691
    outer loop
      vertex 2.0104829722073028 -0.2646851046480223 3.03486408490429
      vertex 2.3860233239099076 -0.3141259298945193 2.744215297298268
      vertex 2.0278313505215477 0 3.03486408490429
    endloop
  endfacet
  facet normal 0.5978696263119353 -0.11892366275409769 0.7927225696110691
    outer loop
      vertex 2.0104829722073028 -0.2646851046480223 3.03486408490429
      vertex 2.3246089021018226 -0.622877078036382 2.744215297298268
      vertex 2.3860233239099076 -0.3141259298945193 2.744215297298268
    endloop
  endfacet
  facet normal 0.6082774216426022 -0.03986860856678118 0.7927225696110693
    outer loop
      vertex 2.0278313505215477 0 3.03486408490429
      vertex 2.3860233239099076 -0.3141259298945193 2.744215297298268
      vertex 2.4066122251152513 0 2.744215297298268
    endloop
  endfacet
  facet normal 0.4164032904624113 -0.27823178344628763 0.8655607282983526
    outer loop
      vertex 1.6087867754835565 -1.2344655107321814 3.03486408490429
      vertex 1.7561534641421668 -1.0139156752607739 3.03486408490429
      vertex 1.3980713316071338 -0.8071768596496773 3.273585506594312
    endloop
  endfacet
  facet normal 0.4491574378359414 -0.22149993603673487 0.8655607282983527
    outer loop
      vertex 1.3980713316071338 -0.8071768596496773 3.273585506594312
      vertex 1.7561534641421668 -1.0139156752607739 3.03486408490429
      vertex 1.491468359494145 -0.6177864223528258 3.273585506594312
    endloop
  endfacet
  facet normal 0.47422637691813085 -0.16097816331020812 0.8655607282983526
    outer loop
      vertex 1.491468359494145 -0.6177864223528258 3.273585506594312
      vertex 1.8734718801315788 -0.7760174614751214 3.03486408490429
      vertex 1.55934595023706 -0.4178254880867618 3.273585506594312
    endloop
  endfacet
  facet normal 0.4491574378359415 -0.2214999360367348 0.8655607282983527
    outer loop
      vertex 1.491468359494145 -0.6177864223528258 3.273585506594312
      vertex 1.7561534641421668 -1.0139156752607739 3.03486408490429
      vertex 1.8734718801315788 -0.7760174614751214 3.03486408490429
    endloop
  endfacet
  facet normal 0.4911811712108599 -0.0977020095778649 0.8655607282983527
    outer loop
      vertex 1.55934595023706 -0.4178254880867618 3.273585506594312
      vertex 1.9587346728274033 -0.524841373770942 3.03486408490429
      vertex 1.600542699439044 -0.21071544387642274 3.273585506594312
    endloop
  endfacet
  facet normal 0.49973171948302236 -0.03275414737353058 0.8655607282983528
    outer loop
      vertex 1.600542699439044 -0.21071544387642274 3.273585506594312
      vertex 2.0104829722073028 -0.2646851046480223 3.03486408490429
      vertex 1.6143537192993547 0 3.273585506594312
    endloop
  endfacet
  facet normal 0.474226376918131 -0.16097816331020803 0.8655607282983527
    outer loop
      vertex 1.55934595023706 -0.4178254880867618 3.273585506594312
      vertex 1.8734718801315788 -0.7760174614751214 3.03486408490429
      vertex 1.9587346728274033 -0.524841373770942 3.03486408490429
    endloop
  endfacet
  facet normal 0.4911811712108596 -0.09770200957786535 0.8655607282983527
    outer loop
      vertex 1.600542699439044 -0.21071544387642274 3.273585506594312
      vertex 1.9587346728274033 -0.524841373770942 3.03486408490429
      vertex 2.0104829722073028 -0.2646851046480223 3.03486408490429
    endloop
  endfacet
  facet normal 0.4997317194830225 -0.0327541473735303 0.8655607282983527
    outer loop
      vertex 2.0104829722073028 -0.2646851046480223 3.03486408490429
      vertex 2.0278313505215477 0 3.03486408490429
      vertex 1.6143537192993547 0 3.273585506594312
    endloop
  endfacet
  facet normal 0.6702979110062836 -0.22753548059830783 0.7063485793639778
    outer loop
      vertex 2.5353243459782453 -1.0501657291188864 2.4066122251152513
      vertex 2.6507084285579308 -0.7102551828024678 2.4066122251152513
      vertex 2.3246089021018226 -0.622877078036382 2.744215297298268
    endloop
  endfacet
  facet normal 0.6942627593342362 -0.1380974490427057 0.7063485793639777
    outer loop
      vertex 2.6507084285579308 -0.7102551828024678 2.4066122251152513
      vertex 2.3860233239099076 -0.3141259298945193 2.744215297298268
      vertex 2.3246089021018226 -0.622877078036382 2.744215297298268
    endloop
  endfacet
  facet normal 0.6942627593342359 -0.13809744904270624 0.706348579363978
    outer loop
      vertex 2.6507084285579308 -0.7102551828024678 2.4066122251152513
      vertex 2.720738155009771 -0.3581919733883597 2.4066122251152513
      vertex 2.3860233239099076 -0.3141259298945193 2.744215297298268
    endloop
  endfacet
  facet normal 0.7063485793639777 -0.04629653184613961 0.7063485793639781
    outer loop
      vertex 2.3860233239099076 -0.3141259298945193 2.744215297298268
      vertex 2.720738155009771 -0.3581919733883597 2.4066122251152513
      vertex 2.4066122251152513 0 2.744215297298268
    endloop
  endfacet
  facet normal 0.7063485793639778 -0.04629653184613919 0.7063485793639779
    outer loop
      vertex 2.720738155009771 -0.3581919733883597 2.4066122251152513
      vertex 2.744215297298268 0 2.4066122251152513
      vertex 2.4066122251152513 0 2.744215297298268
    endloop
  endfacet
  facet normal 0.6601726633925674 0.44111327101720116 0.607940076522077
    outer loop
      vertex 2.177132372589886 1.6705724258908847 2.4066122251152513
      vertex 2.6282693945601285 1.517432042452145 2.0278313505215477
      vertex 2.4077195590887213 1.847508197173579 2.0278313505215477
    endloop
  endfacet
  facet normal 0.6601726633925676 0.4411132710172008 0.6079400765220774
    outer loop
      vertex 2.3765601609141656 1.372107648649134 2.4066122251152513
      vertex 2.6282693945601285 1.517432042452145 2.0278313505215477
      vertex 2.177132372589886 1.6705724258908847 2.4066122251152513
    endloop
  endfacet
  facet normal 0.6514607996199857 0.5713157878291614 0.49919645144535374
    outer loop
      vertex 2.1459729744153297 2.1459729744153297 2.0278313505215477
      vertex 2.3807448632978203 2.099618505552843 1.7745009388249986
      vertex 2.1949515869774316 2.1524494968146564 1.9565011447521528
    endloop
  endfacet
  facet normal 0.4411132710172011 0.6601726633925674 0.6079400765220773
    outer loop
      vertex 1.582641276697946 2.2358860880883022 2.4066122251152513
      vertex 1.6705724258908847 2.177132372589886 2.4066122251152513
      vertex 1.7353720469467198 2.261580882900345 2.267890377300465
    endloop
  endfacet
  facet normal 0.5235093097941953 0.5969479591364192 0.6079400765220775
    outer loop
      vertex 1.6705724258908847 2.177132372589886 2.4066122251152513
      vertex 1.7445326122754254 2.2170045772131814 2.3037723569818063
      vertex 1.7353720469467198 2.261580882900345 2.267890377300465
    endloop
  endfacet
  facet normal 0.3932682623678533 0.5885675477331733 0.706348579363991
    outer loop
      vertex 1.582641276697946 2.2358860880883022 2.4066122251152513
      vertex 1.5870747641048435 2.2291495870319977 2.409757040696633
      vertex 1.6705724258908847 2.177132372589886 2.4066122251152513
    endloop
  endfacet
  facet normal 0.5235093097941993 0.5969479591364157 0.6079400765220772
    outer loop
      vertex 1.7445326122754254 2.2170045772131814 2.3037723569818063
      vertex 1.9404532457554629 1.9404532457554629 2.4066122251152513
      vertex 2.0533863066545996 2.1790902423504965 2.075041097234883
    endloop
  endfacet
  facet normal 0.5235093097941984 0.5969479591364155 0.6079400765220783
    outer loop
      vertex 1.6705724258908847 2.177132372589886 2.4066122251152513
      vertex 1.9404532457554629 1.9404532457554629 2.4066122251152513
      vertex 1.7445326122754254 2.2170045772131814 2.3037723569818063
    endloop
  endfacet
  facet normal 0.6514607996199796 0.5713157878291711 0.49919645144535046
    outer loop
      vertex 2.1459729744153297 2.1459729744153297 2.0278313505215477
      vertex 2.1949515869774316 2.1524494968146564 1.9565011447521528
      vertex 2.1855368221510534 2.1855368221510534 1.930920111307857
    endloop
  endfacet
  facet normal 0.5235093097941986 0.5969479591364165 0.6079400765220773
    outer loop
      vertex 2.0533863066545996 2.1790902423504965 2.075041097234883
      vertex 1.9404532457554629 1.9404532457554629 2.4066122251152513
      vertex 2.1459729744153297 2.1459729744153297 2.0278313505215477
    endloop
  endfacet
  facet normal 0.5235093097941986 0.5969479591364156 0.607940076522078
    outer loop
      vertex 2.01223436807415 2.263258584369998 2.0278313505215477
      vertex 2.0533863066545996 2.1790902423504965 2.075041097234883
      vertex 2.1459729744153297 2.1459729744153297 2.0278313505215477
    endloop
  endfacet
  facet normal 0.5713157878291666 0.6514607996199837 0.4991964514453503
    outer loop
      vertex 2.01223436807415 2.263258584369998 2.0278313505215477
      vertex 2.1459729744153297 2.1459729744153297 2.0278313505215477
      vertex 2.1855368221510534 2.1855368221510534 1.930920111307857
    endloop
  endfacet
  facet normal 0.6514607996199837 0.571315787829166 0.49919645144535096
    outer loop
      vertex 2.1459729744153297 2.1459729744153297 2.0278313505215477
      vertex 2.4077195590887213 1.847508197173579 2.0278313505215477
      vertex 2.3807448632978203 2.099618505552843 1.7745009388249986
    endloop
  endfacet
  facet normal 0.5969479591364163 0.5235093097941987 0.6079400765220772
    outer loop
      vertex 2.1459729744153297 2.1459729744153297 2.0278313505215477
      vertex 2.177132372589886 1.6705724258908847 2.4066122251152513
      vertex 2.4077195590887213 1.847508197173579 2.0278313505215477
    endloop
  endfacet
  facet normal 0.5969479591364162 0.5235093097941989 0.6079400765220773
    outer loop
      vertex 2.1459729744153297 2.1459729744153297 2.0278313505215477
      vertex 1.9404532457554629 1.9404532457554629 2.4066122251152513
      vertex 2.177132372589886 1.6705724258908847 2.4066122251152513
    endloop
  endfacet
  facet normal 0.7518463409676422 0.25521744245231254 0.6079400765220765
    outer loop
      vertex 2.6507084285579308 0.7102551828024678 2.4066122251152513
      vertex 2.8522251705924115 0.7852250985135427 2.125921311847595
      vertex 2.7891783375341848 1.0828929589430294 2.0789290170509176
    endloop
  endfacet
  facet normal 0.7787267522465114 0.15489838183122462 0.6079400765220768
    outer loop
      vertex 2.6507084285579308 0.7102551828024678 2.4066122251152513
      vertex 2.860298590234525 0.7346032066591579 2.131938878431615
      vertex 2.9314535988861934 0.7854806244708638 2.0278313505215477
    endloop
  endfacet
  facet normal 0.7518463409676404 0.2552174424523178 0.6079400765220766
    outer loop
      vertex 2.6507084285579308 0.7102551828024678 2.4066122251152513
      vertex 2.9314535988861934 0.7854806244708638 2.0278313505215477
      vertex 2.8522251705924115 0.7852250985135427 2.125921311847595
    endloop
  endfacet
  facet normal 0.792282932890597 0.05192896695106269 0.6079400765220775
    outer loop
      vertex 2.9045864150241343 0.3823960559963476 2.1649490459129037
      vertex 2.720738155009771 0.3581919733883597 2.4066122251152513
      vertex 2.744215297298268 0 2.4066122251152513
    endloop
  endfacet
  facet normal 0.7787267522465106 0.15489838183122623 0.6079400765220774
    outer loop
      vertex 2.9045864150241343 0.3823960559963476 2.1649490459129037
      vertex 2.860298590234525 0.7346032066591579 2.131938878431615
      vertex 2.720738155009771 0.3581919733883597 2.4066122251152513
    endloop
  endfacet
  facet normal 0.7787267522465112 0.15489838183122556 0.6079400765220768
    outer loop
      vertex 2.6507084285579308 0.7102551828024678 2.4066122251152513
      vertex 2.720738155009771 0.3581919733883597 2.4066122251152513
      vertex 2.860298590234525 0.7346032066591579 2.131938878431615
    endloop
  endfacet
  facet normal 0.7204591365102457 0.48139540450992974 0.4991964514453528
    outer loop
      vertex 2.623893478155189 1.5987454047682663 1.9557330615904456
      vertex 2.4077195590887213 1.847508197173579 2.0278313505215477
      vertex 2.6282693945601285 1.517432042452145 2.0278313505215477
    endloop
  endfacet
  facet normal 0.7121016303436303 0.35116966187339504 0.6079400765220773
    outer loop
      vertex 2.3765601609141656 1.372107648649134 2.4066122251152513
      vertex 2.7206235656235798 1.3301563095984676 2.0278313505215477
      vertex 2.6282693945601285 1.517432042452145 2.0278313505215477
    endloop
  endfacet
  facet normal 0.7121016303436297 0.3511696618733979 0.6079400765220765
    outer loop
      vertex 2.3765601609141656 1.372107648649134 2.4066122251152513
      vertex 2.7335989934790743 1.2871019154632752 2.0375026551901785
      vertex 2.7206235656235798 1.3301563095984676 2.0278313505215477
    endloop
  endfacet
  facet normal 0.8205043856531703 0.2785237081260461 0.4991964514453511
    outer loop
      vertex 2.84808006395571 1.1797133892148872 1.9449084444721023
      vertex 2.8038488119966694 1.161392204772711 2.0278313505215477
      vertex 2.8435669660869607 1.0443862958668009 2.0278313505215477
    endloop
  endfacet
  facet normal 0.7771302178258087 0.38323821235150896 0.4991964514453511
    outer loop
      vertex 2.84808006395571 1.1797133892148872 1.9449084444721023
      vertex 2.734447751747153 1.3021236332440986 2.0278313505215477
      vertex 2.8038488119966694 1.161392204772711 2.0278313505215477
    endloop
  endfacet
  facet normal 0.7121016303436313 0.3511696618733966 0.6079400765220754
    outer loop
      vertex 2.7335989934790743 1.2871019154632752 2.0375026551901785
      vertex 2.8038488119966694 1.161392204772711 2.0278313505215477
      vertex 2.734447751747153 1.3021236332440986 2.0278313505215477
    endloop
  endfacet
  facet normal 0.7518463409676404 0.25521744245231104 0.6079400765220797
    outer loop
      vertex 2.7891783375341848 1.0828929589430294 2.0789290170509176
      vertex 2.8435669660869607 1.0443862958668009 2.0278313505215477
      vertex 2.8038488119966694 1.161392204772711 2.0278313505215477
    endloop
  endfacet
  facet normal 0.7121016303436299 0.35116966187339577 0.6079400765220773
    outer loop
      vertex 2.3765601609141656 1.372107648649134 2.4066122251152513
      vertex 2.8038488119966694 1.161392204772711 2.0278313505215477
      vertex 2.7335989934790743 1.2871019154632752 2.0375026551901785
    endloop
  endfacet
  facet normal 0.751846340967643 0.2552174424523089 0.607940076522077
    outer loop
      vertex 2.5353243459782453 1.0501657291188864 2.4066122251152513
      vertex 2.7891783375341848 1.0828929589430294 2.0789290170509176
      vertex 2.8038488119966694 1.161392204772711 2.0278313505215477
    endloop
  endfacet
  facet normal 0.7771302178258097 0.38323821235150485 0.4991964514453528
    outer loop
      vertex 2.669623582083044 1.483088967491555 1.9898182395545123
      vertex 2.688017309346778 1.5519275171377358 1.9083355209482495
      vertex 2.6282693945601285 1.517432042452145 2.0278313505215477
    endloop
  endfacet
  facet normal 0.7771302178258098 0.38323821235150834 0.4991964514453498
    outer loop
      vertex 2.669623582083044 1.483088967491555 1.9898182395545123
      vertex 2.6282693945601285 1.517432042452145 2.0278313505215477
      vertex 2.7206235656235798 1.3301563095984676 2.0278313505215477
    endloop
  endfacet
  facet normal 0.7204591365102455 0.4813954045099298 0.49919645144535285
    outer loop
      vertex 2.623893478155189 1.5987454047682663 1.9557330615904456
      vertex 2.6282693945601285 1.517432042452145 2.0278313505215477
      vertex 2.688017309346778 1.5519275171377358 1.9083355209482495
    endloop
  endfacet
  facet normal 0.7121016303436299 0.35116966187339566 0.6079400765220773
    outer loop
      vertex 2.3765601609141656 1.372107648649134 2.4066122251152513
      vertex 2.5353243459782453 1.0501657291188864 2.4066122251152513
      vertex 2.8038488119966694 1.161392204772711 2.0278313505215477
    endloop
  endfacet
  facet normal 0.7518463409676421 0.2552174424523128 0.6079400765220768
    outer loop
      vertex 2.6507084285579308 0.7102551828024678 2.4066122251152513
      vertex 2.7891783375341848 1.0828929589430294 2.0789290170509176
      vertex 2.5353243459782453 1.0501657291188864 2.4066122251152513
    endloop
  endfacet
  facet normal 0.7922829328905989 0.0519289669510589 0.6079400765220752
    outer loop
      vertex 3.0089004019462897 0.39612925290794826 2.0278313505215477
      vertex 2.996347489802782 0.3944766306722603 2.044331787657101
      vertex 3.0104752011568734 0.3721024599534315 2.0278313505215477
    endloop
  endfacet
  facet normal 0.7787267522465067 0.15489838183125862 0.6079400765220744
    outer loop
      vertex 3.0089004019462897 0.39612925290794826 2.0278313505215477
      vertex 3.0082394509619275 0.39945207789399134 2.0278313505215477
      vertex 2.996347489802782 0.3944766306722603 2.044331787657101
    endloop
  endfacet
  facet normal 0.8646336168614447 0.056671081315558716 0.49919645144534225
    outer loop
      vertex 3.0102365671340716 0.39630516239210906 2.0254970744738245
      vertex 3.0089004019462897 0.39612925290794826 2.0278313505215477
      vertex 3.0104752011568734 0.3721024599534315 2.0278313505215477
    endloop
  endfacet
  facet normal 0.8498394959552116 0.1690435860332231 0.49919645144534064
    outer loop
      vertex 3.0102365671340716 0.39630516239210906 2.0254970744738245
      vertex 3.0082394509619275 0.39945207789399134 2.0278313505215477
      vertex 3.0089004019462897 0.39612925290794826 2.0278313505215477
    endloop
  endfacet
  facet normal 0.7518463409676418 0.2552174424523115 0.6079400765220778
    outer loop
      vertex 2.908493368792802 0.8531192812085081 2.0278313505215477
      vertex 2.8522251705924115 0.7852250985135427 2.125921311847595
      vertex 2.9314535988861934 0.7854806244708638 2.0278313505215477
    endloop
  endfacet
  facet normal 0.8498394959552106 0.1690435860331843 0.4991964514453552
    outer loop
      vertex 2.954337200160091 0.7916122669521204 1.9867975992874478
      vertex 2.9314535988861934 0.7854806244708638 2.0278313505215477
      vertex 2.956451471573807 0.659807831889288 2.0278313505215477
    endloop
  endfacet
  facet normal 0.7787267522465117 0.15489838183122429 0.6079400765220767
    outer loop
      vertex 2.860298590234525 0.7346032066591579 2.131938878431615
      vertex 2.956451471573807 0.659807831889288 2.0278313505215477
      vertex 2.9314535988861934 0.7854806244708638 2.0278313505215477
    endloop
  endfacet
  facet normal 0.820504385653168 0.2785237081260453 0.4991964514453553
    outer loop
      vertex 2.954337200160091 0.7916122669521204 1.9867975992874478
      vertex 2.908493368792802 0.8531192812085081 2.0278313505215477
      vertex 2.9314535988861934 0.7854806244708638 2.0278313505215477
    endloop
  endfacet
  facet normal 0.7922829328905971 0.0519289669510625 0.6079400765220773
    outer loop
      vertex 2.920530853545146 0 2.1768333185877085
      vertex 2.9045864150241343 0.3823960559963476 2.1649490459129037
      vertex 2.744215297298268 0 2.4066122251152513
    endloop
  endfacet
  facet normal 0.6514607996199834 0.5713157878291661 0.4991964514453513
    outer loop
      vertex 2.3807448632978203 2.099618505552843 1.7745009388249986
      vertex 2.4077195590887213 1.847508197173579 2.0278313505215477
      vertex 2.487357629401953 1.9086166377954878 1.853965335224222
    endloop
  endfacet
  facet normal 0.7204591365102461 0.4813954045099307 0.4991964514453513
    outer loop
      vertex 2.623893478155189 1.5987454047682663 1.9557330615904456
      vertex 2.487357629401953 1.9086166377954878 1.853965335224222
      vertex 2.4077195590887213 1.847508197173579 2.0278313505215477
    endloop
  endfacet
  facet normal 0.5322004619635773 0.4667272787359289 0.7063485793639777
    outer loop
      vertex 1.7017318240654404 1.7017318240654404 2.744215297298268
      vertex 1.9092938475809067 1.4650526972310174 2.744215297298268
      vertex 1.9404532457554629 1.9404532457554629 2.4066122251152513
    endloop
  endfacet
  facet normal 0.5068493954076017 0.33866593865367073 0.7927225696110693
    outer loop
      vertex 1.9092938475809067 1.4650526972310174 2.744215297298268
      vertex 1.6087867754835565 1.2344655107321814 3.03486408490429
      vertex 1.7561534641421668 1.0139156752607739 3.03486408490429
    endloop
  endfacet
  facet normal 0.4583084531601958 0.4019257262121098 0.7927225696110695
    outer loop
      vertex 1.7017318240654404 1.7017318240654404 2.744215297298268
      vertex 1.6087867754835565 1.2344655107321814 3.03486408490429
      vertex 1.9092938475809067 1.4650526972310174 2.744215297298268
    endloop
  endfacet
  facet normal 0.45830845316019536 0.40192572621211 0.7927225696110696
    outer loop
      vertex 1.7017318240654404 1.7017318240654404 2.744215297298268
      vertex 1.4338932990564612 1.4338932990564612 3.03486408490429
      vertex 1.6087867754835565 1.2344655107321814 3.03486408490429
    endloop
  endfacet
  facet normal 0.5068493954076015 0.3386659386536709 0.7927225696110695
    outer loop
      vertex 1.9092938475809067 1.4650526972310174 2.744215297298268
      vertex 1.7561534641421668 1.0139156752607739 3.03486408490429
      vertex 2.0841873240080018 1.2033061125576257 2.744215297298268
    endloop
  endfacet
  facet normal 0.5467180039743821 0.2696114829889314 0.7927225696110695
    outer loop
      vertex 2.0841873240080018 1.2033061125576257 2.744215297298268
      vertex 1.7561534641421668 1.0139156752607739 3.03486408490429
      vertex 1.8734718801315788 0.7760174614751214 3.03486408490429
    endloop
  endfacet
  facet normal 0.6702979110062839 0.22753548059830742 0.7063485793639775
    outer loop
      vertex 2.223419777475426 0.9209706266788905 2.744215297298268
      vertex 2.3246089021018226 0.622877078036382 2.744215297298268
      vertex 2.5353243459782453 1.0501657291188864 2.4066122251152513
    endloop
  endfacet
  facet normal 0.6082774216426025 0.03986860856678061 0.7927225696110691
    outer loop
      vertex 2.0278313505215477 0 3.03486408490429
      vertex 2.3860233239099076 0.3141259298945193 2.744215297298268
      vertex 2.0104829722073028 0.2646851046480223 3.03486408490429
    endloop
  endfacet
  facet normal 0.5772321159142939 0.1959439000998251 0.7927225696110696
    outer loop
      vertex 1.9587346728274033 0.524841373770942 3.03486408490429
      vertex 2.3246089021018226 0.622877078036382 2.744215297298268
      vertex 2.223419777475426 0.9209706266788905 2.744215297298268
    endloop
  endfacet
  facet normal 0.577232115914294 0.19594390009982487 0.7927225696110695
    outer loop
      vertex 1.8734718801315788 0.7760174614751214 3.03486408490429
      vertex 1.9587346728274033 0.524841373770942 3.03486408490429
      vertex 2.223419777475426 0.9209706266788905 2.744215297298268
    endloop
  endfacet
  facet normal 0.5978696263119346 0.11892366275409855 0.7927225696110695
    outer loop
      vertex 2.0104829722073028 0.2646851046480223 3.03486408490429
      vertex 2.3246089021018226 0.622877078036382 2.744215297298268
      vertex 1.9587346728274033 0.524841373770942 3.03486408490429
    endloop
  endfacet
  facet normal 0.6082774216426022 0.03986860856678122 0.7927225696110693
    outer loop
      vertex 2.0278313505215477 0 3.03486408490429
      vertex 2.4066122251152513 0 2.744215297298268
      vertex 2.3860233239099076 0.3141259298945193 2.744215297298268
    endloop
  endfacet
  facet normal 0.5978696263119353 0.11892366275409771 0.7927225696110691
    outer loop
      vertex 2.0104829722073028 0.2646851046480223 3.03486408490429
      vertex 2.3860233239099076 0.3141259298945193 2.744215297298268
      vertex 2.3246089021018226 0.622877078036382 2.744215297298268
    endloop
  endfacet
  facet normal 0.5885675477331842 0.3932682623678604 0.7063485793639778
    outer loop
      vertex 1.9092938475809067 1.4650526972310174 2.744215297298268
      vertex 2.0841873240080018 1.2033061125576257 2.744215297298268
      vertex 2.177132372589886 1.6705724258908847 2.4066122251152513
    endloop
  endfacet
  facet normal 0.5322004619635771 0.46672727873592895 0.7063485793639778
    outer loop
      vertex 1.9092938475809067 1.4650526972310174 2.744215297298268
      vertex 2.177132372589886 1.6705724258908847 2.4066122251152513
      vertex 1.9404532457554629 1.9404532457554629 2.4066122251152513
    endloop
  endfacet
  facet normal 0.634864079579323 0.3130803169961175 0.7063485793639779
    outer loop
      vertex 2.0841873240080018 1.2033061125576257 2.744215297298268
      vertex 2.223419777475426 0.9209706266788905 2.744215297298268
      vertex 2.3765601609141656 1.372107648649134 2.4066122251152513
    endloop
  endfacet
  facet normal 0.6348640795793234 0.3130803169961172 0.7063485793639775
    outer loop
      vertex 2.223419777475426 0.9209706266788905 2.744215297298268
      vertex 2.5353243459782453 1.0501657291188864 2.4066122251152513
      vertex 2.3765601609141656 1.372107648649134 2.4066122251152513
    endloop
  endfacet
  facet normal 0.5885675477331843 0.39326826236786033 0.7063485793639777
    outer loop
      vertex 2.0841873240080018 1.2033061125576257 2.744215297298268
      vertex 2.3765601609141656 1.372107648649134 2.4066122251152513
      vertex 2.177132372589886 1.6705724258908847 2.4066122251152513
    endloop
  endfacet
  facet normal 0.5467180039743821 0.2696114829889313 0.7927225696110693
    outer loop
      vertex 2.0841873240080018 1.2033061125576257 2.744215297298268
      vertex 1.8734718801315788 0.7760174614751214 3.03486408490429
      vertex 2.223419777475426 0.9209706266788905 2.744215297298268
    endloop
  endfacet
  facet normal 0.4997317194830222 0.032754147373530565 0.8655607282983527
    outer loop
      vertex 1.600542699439044 0.21071544387642274 3.273585506594312
      vertex 1.6143537192993547 0 3.273585506594312
      vertex 2.0104829722073028 0.2646851046480223 3.03486408490429
    endloop
  endfacet
  facet normal 0.4911811712108599 0.0977020095778649 0.8655607282983527
    outer loop
      vertex 1.600542699439044 0.21071544387642274 3.273585506594312
      vertex 1.9587346728274033 0.524841373770942 3.03486408490429
      vertex 1.55934595023706 0.4178254880867618 3.273585506594312
    endloop
  endfacet
  facet normal 0.47422637691813085 0.16097816331020812 0.8655607282983526
    outer loop
      vertex 1.55934595023706 0.4178254880867618 3.273585506594312
      vertex 1.8734718801315788 0.7760174614751214 3.03486408490429
      vertex 1.491468359494145 0.6177864223528258 3.273585506594312
    endloop
  endfacet
  facet normal 0.4491574378359414 0.22149993603673487 0.8655607282983526
    outer loop
      vertex 1.3980713316071338 0.8071768596496773 3.273585506594312
      vertex 1.491468359494145 0.6177864223528258 3.273585506594312
      vertex 1.7561534641421668 1.0139156752607739 3.03486408490429
    endloop
  endfacet
  facet normal 0.4491574378359414 0.22149993603673482 0.8655607282983526
    outer loop
      vertex 1.491468359494145 0.6177864223528258 3.273585506594312
      vertex 1.8734718801315788 0.7760174614751214 3.03486408490429
      vertex 1.7561534641421668 1.0139156752607739 3.03486408490429
    endloop
  endfacet
  facet normal 0.49118117121085964 0.09770200957786529 0.8655607282983527
    outer loop
      vertex 1.600542699439044 0.21071544387642274 3.273585506594312
      vertex 2.0104829722073028 0.2646851046480223 3.03486408490429
      vertex 1.9587346728274033 0.524841373770942 3.03486408490429
    endloop
  endfacet
  facet normal 0.4997317194830225 0.03275414737353026 0.8655607282983526
    outer loop
      vertex 1.6143537192993547 0 3.273585506594312
      vertex 2.0278313505215477 0 3.03486408490429
      vertex 2.0104829722073028 0.2646851046480223 3.03486408490429
    endloop
  endfacet
  facet normal 0.474226376918131 0.16097816331020803 0.8655607282983526
    outer loop
      vertex 1.55934595023706 0.4178254880867618 3.273585506594312
      vertex 1.9587346728274033 0.524841373770942 3.03486408490429
      vertex 1.8734718801315788 0.7760174614751214 3.03486408490429
    endloop
  endfacet
  facet normal 0.4164032904624113 0.27823178344628763 0.8655607282983527
    outer loop
      vertex 1.3980713316071338 0.8071768596496773 3.273585506594312
      vertex 1.7561534641421668 1.0139156752607739 3.03486408490429
      vertex 1.6087867754835565 1.2344655107321814 3.03486408490429
    endloop
  endfacet
  facet normal 0.46672727873592884 0.5322004619635772 0.7063485793639779
    outer loop
      vertex 1.7017318240654404 1.7017318240654404 2.744215297298268
      vertex 1.6705724258908847 2.177132372589886 2.4066122251152513
      vertex 1.4650526972310174 1.9092938475809067 2.744215297298268
    endloop
  endfacet
  facet normal 0.3932682623678598 0.5885675477331846 0.7063485793639778
    outer loop
      vertex 1.5870747641048435 2.2291495870319977 2.409757040696633
      vertex 1.4650526972310174 1.9092938475809067 2.744215297298268
      vertex 1.6705724258908847 2.177132372589886 2.4066122251152513
    endloop
  endfacet
  facet normal 0.466727278735929 0.5322004619635771 0.7063485793639778
    outer loop
      vertex 1.7017318240654404 1.7017318240654404 2.744215297298268
      vertex 1.9404532457554629 1.9404532457554629 2.4066122251152513
      vertex 1.6705724258908847 2.177132372589886 2.4066122251152513
    endloop
  endfacet
  facet normal 0.7063485793639777 0.04629653184613961 0.7063485793639781
    outer loop
      vertex 2.4066122251152513 0 2.744215297298268
      vertex 2.720738155009771 0.3581919733883597 2.4066122251152513
      vertex 2.3860233239099076 0.3141259298945193 2.744215297298268
    endloop
  endfacet
  facet normal 0.7063485793639779 0.0462965318461392 0.7063485793639779
    outer loop
      vertex 2.4066122251152513 0 2.744215297298268
      vertex 2.744215297298268 0 2.4066122251152513
      vertex 2.720738155009771 0.3581919733883597 2.4066122251152513
    endloop
  endfacet
  facet normal 0.6942627593342363 0.1380974490427057 0.7063485793639779
    outer loop
      vertex 2.6507084285579308 0.7102551828024678 2.4066122251152513
      vertex 2.3246089021018226 0.622877078036382 2.744215297298268
      vertex 2.3860233239099076 0.3141259298945193 2.744215297298268
    endloop
  endfacet
  facet normal 0.6702979110062836 0.22753548059830783 0.7063485793639778
    outer loop
      vertex 2.6507084285579308 0.7102551828024678 2.4066122251152513
      vertex 2.5353243459782453 1.0501657291188864 2.4066122251152513
      vertex 2.3246089021018226 0.622877078036382 2.744215297298268
    endloop
  endfacet
  facet normal 0.6942627593342359 0.13809744904270624 0.706348579363978
    outer loop
      vertex 2.6507084285579308 0.7102551828024678 2.4066122251152513
      vertex 2.3860233239099076 0.3141259298945193 2.744215297298268
      vertex 2.720738155009771 0.3581919733883597 2.4066122251152513
    endloop
  endfacet
  facet normal 0.7863779155172933 0.1950903220161292 0.5861309923919052
    outer loop
      vertex 8.385461185238626 -0.5305790424601675 -14.56370940061484
      vertex 8.320214156235114 -0.2675786940511057 -14.56370940061484
      vertex 0.9008918544651598 -0.5305790424601675 -4.522097362903413
    endloop
  endfacet
  facet normal 0.8000672886465962 0.06540312923014246 0.5963344399953684
    outer loop
      vertex 8.320214156235114 -0.2675786940511057 -14.56370940061484
      vertex 8.298340391172351 0 -14.56370940061484
      vertex 0.8589473102976655 -0.2675786940511057 -4.553360953618759
    endloop
  endfacet
  facet normal 0.7190981869964362 0.4422886902190049 0.5359836862841961
    outer loop
      vertex 8.492965083426741 -0.7845010363484339 -14.56370940061484
      vertex 1.0650938969868304 -1.025 -4.399708490788797
      vertex 8.640886429295753 -1.025 -14.56370940061484
    endloop
  endfacet
  facet normal 0.7592333982283426 0.3214394653031598 0.565898681002405
    outer loop
      vertex 8.492965083426741 -0.7845010363484339 -14.56370940061484
      vertex 8.385461185238626 -0.5305790424601675 -14.56370940061484
      vertex 0.9700015453521826 -0.7845010363484339 -4.470586084541962
    endloop
  endfacet
  facet normal 0.6666590064133441 0.5555702330195965 0.4968978620909171
    outer loop
      vertex 8.82669424760629 -1.2479609294678773 -14.56370940061484
      vertex 8.640886429295753 -1.025 -14.56370940061484
      vertex 1.184541852868053 -1.2479609294678773 -4.310677316924013
    endloop
  endfacet
  facet normal 0.602813105397716 0.6593458151000696 0.44930997771114206
    outer loop
      vertex 8.82669424760629 -1.2479609294678773 -14.56370940061484
      vertex 1.3263016253534932 -1.4495689014324225 -4.205015911016545
      vertex 9.04720931507141 -1.4495689014324225 -14.56370940061484
    endloop
  endfacet
  facet normal 0.5286529050173693 0.7518398074789776 0.39403427504047195
    outer loop
      vertex 9.29865855774845 -1.626374347597032 -14.56370940061484
      vertex 9.04720931507141 -1.4495689014324225 -14.56370940061484
      vertex 1.487947665432691 -1.626374347597032 -4.084532169016343
    endloop
  endfacet
  facet normal 0.3546199817846981 0.8968727415326875 0.26431790331845034
    outer loop
      vertex 9.576739609380308 -1.775352077758099 -14.56370940061484
      vertex 1.8595423783216298 -1.8939530416481376 -3.8075620589263317
      vertex 9.876694426074927 -1.8939530416481376 -14.56370940061484
    endloop
  endfacet
  facet normal 0.2577250104999232 0.946930129495106 0.19209671735143255
    outer loop
      vertex 9.876694426074927 -1.8939530416481376 -14.56370940061484
      vertex 2.0631329625683223 -1.98014794389259 -3.655814726210784
      vertex 10.193390697755481 -1.98014794389259 -14.56370940061484
    endloop
  endfacet
  facet normal 0.445447306861898 0.8314696123025463 0.33201653667691805
    outer loop
      vertex 9.29865855774845 -1.626374347597032 -14.56370940061484
      vertex 1.6667141645431425 -1.775352077758099 -3.951287601153436
      vertex 9.576739609380308 -1.775352077758099 -14.56370940061484
    endloop
  endfacet
  facet normal 0.15642029283062472 0.9807852804032307 0.11658870329126157
    outer loop
      vertex 10.193390697755481 -1.98014794389259 -14.56370940061484
      vertex 2.2740024259407856 -2.032461965816311 -3.4986420419418645
      vertex 10.521409663408715 -2.032461965816311 -14.56370940061484
    endloop
  endfacet
  facet normal 0.052439180583097024 0.9978589232386035 0.03908582419328264
    outer loop
      vertex 10.521409663408715 -2.032461965816311 -14.56370940061484
      vertex 2.4885427334566557 -2.05 -3.338733274323916
      vertex 10.855138827588267 -2.05 -14.56370940061484
    endloop
  endfacet
  facet normal -0.05243918058309703 0.9978589232386035 -0.03908582419328264
    outer loop
      vertex 10.855138827588267 -2.05 -14.56370940061484
      vertex 2.703083040972526 -2.032461965816311 -3.1788245067059675
      vertex 11.188867991767818 -2.032461965816311 -14.56370940061484
    endloop
  endfacet
  facet normal 0.666659006413342 0.5555702330196004 0.4968978620909156
    outer loop
      vertex 8.640886429295753 -1.025 -14.56370940061484
      vertex 1.0650938969868304 -1.025 -4.399708490788797
      vertex 1.184541852868053 -1.2479609294678773 -4.310677316924013
    endloop
  endfacet
  facet normal 0.759233398228341 0.3214394653031652 0.565898681002404
    outer loop
      vertex 8.385461185238626 -0.5305790424601675 -14.56370940061484
      vertex 0.9008918544651598 -0.5305790424601675 -4.522097362903413
      vertex 0.9700015453521826 -0.7845010363484339 -4.470586084541962
    endloop
  endfacet
  facet normal 0.7863779155172937 0.19509032201612667 0.5861309923919055
    outer loop
      vertex 8.320214156235114 -0.2675786940511057 -14.56370940061484
      vertex 0.8589473102976655 -0.2675786940511057 -4.553360953618759
      vertex 0.9008918544651598 -0.5305790424601675 -4.522097362903413
    endloop
  endfacet
  facet normal 0.800067288646596 0.06540312923014367 0.5963344399953684
    outer loop
      vertex 0.8589473102976655 -0.2675786940511057 -4.553360953618759
      vertex 8.298340391172351 0 -14.56370940061484
      vertex 0.8448855956296291 0 -4.563841927982956
    endloop
  endfacet
  facet normal 0.7190981869964372 0.4422886902190024 0.5359836862841968
    outer loop
      vertex 8.492965083426741 -0.7845010363484339 -14.56370940061484
      vertex 0.9700015453521826 -0.7845010363484339 -4.470586084541962
      vertex 1.0650938969868304 -1.025 -4.399708490788797
    endloop
  endfacet
  facet normal 0.6028131053977167 0.6593458151000686 0.4493099777111425
    outer loop
      vertex 8.82669424760629 -1.2479609294678773 -14.56370940061484
      vertex 1.184541852868053 -1.2479609294678773 -4.310677316924013
      vertex 1.3263016253534932 -1.4495689014324225 -4.205015911016545
    endloop
  endfacet
  facet normal 0.5286529050173686 0.7518398074789782 0.39403427504047156
    outer loop
      vertex 9.04720931507141 -1.4495689014324225 -14.56370940061484
      vertex 1.3263016253534932 -1.4495689014324225 -4.205015911016545
      vertex 1.487947665432691 -1.626374347597032 -4.084532169016343
    endloop
  endfacet
  facet normal 0.35461998178469706 0.896872741532688 0.26431790331844957
    outer loop
      vertex 9.576739609380308 -1.775352077758099 -14.56370940061484
      vertex 1.6667141645431425 -1.775352077758099 -3.951287601153436
      vertex 1.8595423783216298 -1.8939530416481376 -3.8075620589263317
    endloop
  endfacet
  facet normal 0.2577250104999242 0.9469301294951056 0.19209671735143322
    outer loop
      vertex 9.876694426074927 -1.8939530416481376 -14.56370940061484
      vertex 1.8595423783216298 -1.8939530416481376 -3.8075620589263317
      vertex 2.0631329625683223 -1.98014794389259 -3.655814726210784
    endloop
  endfacet
  facet normal 0.15642029283062434 0.9807852804032307 0.1165887032912613
    outer loop
      vertex 10.193390697755481 -1.98014794389259 -14.56370940061484
      vertex 2.0631329625683223 -1.98014794389259 -3.655814726210784
      vertex 2.2740024259407856 -2.032461965816311 -3.4986420419418645
    endloop
  endfacet
  facet normal 0.4454473068618978 0.8314696123025466 0.3320165366769179
    outer loop
      vertex 9.29865855774845 -1.626374347597032 -14.56370940061484
      vertex 1.487947665432691 -1.626374347597032 -4.084532169016343
      vertex 1.6667141645431425 -1.775352077758099 -3.951287601153436
    endloop
  endfacet
  facet normal 0.05243918058309723 0.9978589232386035 0.03908582419328278
    outer loop
      vertex 10.521409663408715 -2.032461965816311 -14.56370940061484
      vertex 2.2740024259407856 -2.032461965816311 -3.4986420419418645
      vertex 2.4885427334566557 -2.05 -3.338733274323916
    endloop
  endfacet
  facet normal -0.05243918058309719 0.9978589232386035 -0.03908582419328276
    outer loop
      vertex 10.855138827588267 -2.05 -14.56370940061484
      vertex 2.4885427334566557 -2.05 -3.338733274323916
      vertex 2.703083040972526 -2.032461965816311 -3.1788245067059675
    endloop
  endfacet
  facet normal -0.15642029283062459 0.9807852804032307 -0.11658870329126152
    outer loop
      vertex 11.188867991767818 -2.032461965816311 -14.56370940061484
      vertex 2.703083040972526 -2.032461965816311 -3.1788245067059675
      vertex 2.913952504344989 -1.98014794389259 -3.0216518224370486
    endloop
  endfacet
  facet normal -0.2577250104999248 0.9469301294951055 -0.1920967173514337
    outer loop
      vertex 11.51688695742105 -1.98014794389259 -14.56370940061484
      vertex 2.913952504344989 -1.98014794389259 -3.0216518224370486
      vertex 3.1175430885916815 -1.8939530416481376 -2.8699044897215007
    endloop
  endfacet
  facet normal -0.3546199817846972 0.8968727415326878 -0.26431790331844973
    outer loop
      vertex 11.833583229101603 -1.8939530416481376 -14.56370940061484
      vertex 3.1175430885916815 -1.8939530416481376 -2.8699044897215007
      vertex 3.310371302370169 -1.775352077758099 -2.726178947494396
    endloop
  endfacet
  facet normal -0.4454473068618971 0.8314696123025472 -0.3320165366769174
    outer loop
      vertex 12.133538045796222 -1.775352077758099 -14.56370940061484
      vertex 3.310371302370169 -1.775352077758099 -2.726178947494396
      vertex 3.4891378014806205 -1.626374347597032 -2.592934379631489
    endloop
  endfacet
  facet normal -0.5286529050173688 0.7518398074789778 -0.3940342750404718
    outer loop
      vertex 12.411619097428082 -1.626374347597032 -14.56370940061484
      vertex 3.4891378014806205 -1.626374347597032 -2.592934379631489
      vertex 3.6507838415598184 -1.4495689014324225 -2.472450637631287
    endloop
  endfacet
  facet normal -0.602813105397717 0.6593458151000678 -0.449309977711143
    outer loop
      vertex 3.6507838415598184 -1.4495689014324225 -2.472450637631287
      vertex 3.7925436140452584 -1.2479609294678773 -2.3667892317238186
      vertex 12.663068340105124 -1.4495689014324225 -14.56370940061484
    endloop
  endfacet
  facet normal -0.6666590064133411 0.5555702330196021 -0.49689786209091497
    outer loop
      vertex 3.7925436140452584 -1.2479609294678773 -2.3667892317238186
      vertex 3.911991569926481 -1.025 -2.2777580578590357
      vertex 12.883583407570239 -1.2479609294678773 -14.56370940061484
    endloop
  endfacet
  facet normal -0.7190981869964378 0.4422886902190007 -0.5359836862841973
    outer loop
      vertex 3.911991569926481 -1.025 -2.2777580578590357
      vertex 4.0070839215611285 -0.7845010363484339 -2.20688046410587
      vertex 13.069391225880782 -1.025 -14.56370940061484
    endloop
  endfacet
  facet normal -0.7592333982283417 0.32143946530316303 -0.5658986810024044
    outer loop
      vertex 4.0070839215611285 -0.7845010363484339 -2.20688046410587
      vertex 4.076193612448152 -0.5305790424601675 -2.1553691857444197
      vertex 13.21731257174979 -0.7845010363484339 -14.56370940061484
    endloop
  endfacet
  facet normal -0.7863779155172939 0.19509032201612617 -0.5861309923919057
    outer loop
      vertex 4.076193612448152 -0.5305790424601675 -2.1553691857444197
      vertex 4.118138156615646 -0.2675786940511057 -2.1241055950290737
      vertex 13.324816469937907 -0.5305790424601675 -14.56370940061484
    endloop
  endfacet
  facet normal -0.8000672886465957 0.06540312923014531 -0.5963344399953683
    outer loop
      vertex 4.118138156615646 -0.2675786940511057 -2.1241055950290737
      vertex 4.1321998712836825 0 -2.1136246206648757
      vertex 13.39006349894142 -0.2675786940511057 -14.56370940061484
    endloop
  endfacet
  facet normal -0.15642029283062556 0.9807852804032305 -0.1165887032912622
    outer loop
      vertex 11.188867991767818 -2.032461965816311 -14.56370940061484
      vertex 2.913952504344989 -1.98014794389259 -3.0216518224370486
      vertex 11.51688695742105 -1.98014794389259 -14.56370940061484
    endloop
  endfacet
  facet normal -0.25772501049992447 0.9469301294951055 -0.1920967173514335
    outer loop
      vertex 11.51688695742105 -1.98014794389259 -14.56370940061484
      vertex 3.1175430885916815 -1.8939530416481376 -2.8699044897215007
      vertex 11.833583229101603 -1.8939530416481376 -14.56370940061484
    endloop
  endfacet
  facet normal -0.3546199817846981 0.8968727415326874 -0.26431790331845034
    outer loop
      vertex 11.833583229101603 -1.8939530416481376 -14.56370940061484
      vertex 3.310371302370169 -1.775352077758099 -2.726178947494396
      vertex 12.133538045796222 -1.775352077758099 -14.56370940061484
    endloop
  endfacet
  facet normal -0.4454473068618961 0.831469612302548 -0.33201653667691666
    outer loop
      vertex 12.133538045796222 -1.775352077758099 -14.56370940061484
      vertex 3.4891378014806205 -1.626374347597032 -2.592934379631489
      vertex 12.411619097428082 -1.626374347597032 -14.56370940061484
    endloop
  endfacet
  facet normal -0.5286529050173672 0.7518398074789799 -0.39403427504047056
    outer loop
      vertex 12.411619097428082 -1.626374347597032 -14.56370940061484
      vertex 3.6507838415598184 -1.4495689014324225 -2.472450637631287
      vertex 12.663068340105124 -1.4495689014324225 -14.56370940061484
    endloop
  endfacet
  facet normal -0.6028131053977205 0.6593458151000631 -0.4493099777111454
    outer loop
      vertex 3.7925436140452584 -1.2479609294678773 -2.3667892317238186
      vertex 12.883583407570239 -1.2479609294678773 -14.56370940061484
      vertex 12.663068340105124 -1.4495689014324225 -14.56370940061484
    endloop
  endfacet
  facet normal -0.6666590064133376 0.5555702330196083 -0.4968978620909124
    outer loop
      vertex 3.911991569926481 -1.025 -2.2777580578590357
      vertex 13.069391225880782 -1.025 -14.56370940061484
      vertex 12.883583407570239 -1.2479609294678773 -14.56370940061484
    endloop
  endfacet
  facet normal -0.7190981869964393 0.4422886902189971 -0.5359836862841985
    outer loop
      vertex 4.0070839215611285 -0.7845010363484339 -2.20688046410587
      vertex 13.21731257174979 -0.7845010363484339 -14.56370940061484
      vertex 13.069391225880782 -1.025 -14.56370940061484
    endloop
  endfacet
  facet normal -0.7592333982283409 0.3214394653031659 -0.5658986810024039
    outer loop
      vertex 4.076193612448152 -0.5305790424601675 -2.1553691857444197
      vertex 13.324816469937907 -0.5305790424601675 -14.56370940061484
      vertex 13.21731257174979 -0.7845010363484339 -14.56370940061484
    endloop
  endfacet
  facet normal -0.7863779155172934 0.19509032201612878 -0.5861309923919054
    outer loop
      vertex 4.118138156615646 -0.2675786940511057 -2.1241055950290737
      vertex 13.39006349894142 -0.2675786940511057 -14.56370940061484
      vertex 13.324816469937907 -0.5305790424601675 -14.56370940061484
    endloop
  endfacet
  facet normal -0.8000672886465964 0.06540312923013718 -0.5963344399953686
    outer loop
      vertex 13.39006349894142 -0.2675786940511057 -14.56370940061484
      vertex 4.1321998712836825 0 -2.1136246206648757
      vertex 13.41193726400418 0 -14.56370940061484
    endloop
  endfacet
  facet normal 0.597613977394655 4.432926057945105e-15 -0.8017839696717196
    outer loop
      vertex 1.6667141645431425 -1.775352077758099 -3.951287601153436
      vertex 2.0631329625683223 -1.98014794389259 -3.655814726210784
      vertex 1.8595423783216298 -1.8939530416481376 -3.8075620589263317
    endloop
  endfacet
  facet normal 0.5976139773946547 3.3381380757407934e-15 -0.8017839696717196
    outer loop
      vertex 1.6667141645431425 -1.775352077758099 -3.951287601153436
      vertex 2.2740024259407856 -2.032461965816311 -3.4986420419418645
      vertex 2.0631329625683223 -1.98014794389259 -3.655814726210784
    endloop
  endfacet
  facet normal 0.5976139773946545 1.613969427665108e-15 -0.8017839696717199
    outer loop
      vertex 1.6667141645431425 -1.775352077758099 -3.951287601153436
      vertex 2.4885427334566557 -2.05 -3.338733274323916
      vertex 2.2740024259407856 -2.032461965816311 -3.4986420419418645
    endloop
  endfacet
  facet normal 0.5976139773946534 -1.6567376688490884e-15 -0.8017839696717206
    outer loop
      vertex 1.6667141645431425 -1.775352077758099 -3.951287601153436
      vertex 2.703083040972526 -2.032461965816311 -3.1788245067059675
      vertex 2.4885427334566557 -2.05 -3.338733274323916
    endloop
  endfacet
  facet normal 0.5976139773946538 -1.2441577077405212e-15 -0.8017839696717204
    outer loop
      vertex 0.9700015453521826 -0.7845010363484339 -4.470586084541962
      vertex 0.9008918544651598 -0.5305790424601675 -4.522097362903413
      vertex 4.0070839215611285 -0.7845010363484339 -2.20688046410587
    endloop
  endfacet
  facet normal 0.5976139773946538 -9.236728371623252e-17 -0.8017839696717204
    outer loop
      vertex 0.8589473102976655 -0.2675786940511057 -4.553360953618759
      vertex 4.076193612448152 -0.5305790424601675 -2.1553691857444197
      vertex 0.9008918544651598 -0.5305790424601675 -4.522097362903413
    endloop
  endfacet
  facet normal 0.5976139773946538 3.733429869511914e-16 -0.8017839696717205
    outer loop
      vertex 0.8589473102976655 -0.2675786940511057 -4.553360953618759
      vertex 0.8448855956296291 0 -4.563841927982956
      vertex 4.118138156615646 -0.2675786940511057 -2.1241055950290737
    endloop
  endfacet
  facet normal 0.5976139773946538 2.186764913935862e-15 -0.8017839696717204
    outer loop
      vertex 1.184541852868053 -1.2479609294678773 -4.310677316924013
      vertex 3.6507838415598184 -1.4495689014324225 -2.472450637631287
      vertex 1.3263016253534932 -1.4495689014324225 -4.205015911016545
    endloop
  endfacet
  facet normal 0.5976139773946536 -8.869120269350176e-16 -0.8017839696717204
    outer loop
      vertex 1.487947665432691 -1.626374347597032 -4.084532169016343
      vertex 1.3263016253534932 -1.4495689014324225 -4.205015911016545
      vertex 3.4891378014806205 -1.626374347597032 -2.592934379631489
    endloop
  endfacet
  facet normal 0.5976139773946539 -1.154176067605169e-16 -0.8017839696717203
    outer loop
      vertex 1.487947665432691 -1.626374347597032 -4.084532169016343
      vertex 3.310371302370169 -1.775352077758099 -2.726178947494396
      vertex 1.6667141645431425 -1.775352077758099 -3.951287601153436
    endloop
  endfacet
  facet normal 0.5976139773946537 -2.7079615969980258e-15 -0.8017839696717204
    outer loop
      vertex 1.0650938969868304 -1.025 -4.399708490788797
      vertex 3.7925436140452584 -1.2479609294678773 -2.3667892317238186
      vertex 1.184541852868053 -1.2479609294678773 -4.310677316924013
    endloop
  endfacet
  facet normal 0.5976139773946538 2.5042489717843917e-15 -0.8017839696717203
    outer loop
      vertex 1.0650938969868304 -1.025 -4.399708490788797
      vertex 0.9700015453521826 -0.7845010363484339 -4.470586084541962
      vertex 3.911991569926481 -1.025 -2.2777580578590357
    endloop
  endfacet
  facet normal 0.5976139773946538 3.8368408537254776e-16 -0.8017839696717203
    outer loop
      vertex 1.6667141645431425 -1.775352077758099 -3.951287601153436
      vertex 2.913952504344989 -1.98014794389259 -3.0216518224370486
      vertex 2.703083040972526 -2.032461965816311 -3.1788245067059675
    endloop
  endfacet
  facet normal 0.5976139773946539 1.1485825799868086e-16 -0.8017839696717203
    outer loop
      vertex 1.6667141645431425 -1.775352077758099 -3.951287601153436
      vertex 3.1175430885916815 -1.8939530416481376 -2.8699044897215007
      vertex 2.913952504344989 -1.98014794389259 -3.0216518224370486
    endloop
  endfacet
  facet normal 0.5976139773946538 1.1612350320653779e-15 -0.8017839696717204
    outer loop
      vertex 1.6667141645431425 -1.775352077758099 -3.951287601153436
      vertex 3.310371302370169 -1.775352077758099 -2.726178947494396
      vertex 3.1175430885916815 -1.8939530416481376 -2.8699044897215007
    endloop
  endfacet
  facet normal 0.5976139773946536 -3.394847713384614e-15 -0.8017839696717204
    outer loop
      vertex 1.487947665432691 -1.626374347597032 -4.084532169016343
      vertex 3.4891378014806205 -1.626374347597032 -2.592934379631489
      vertex 3.310371302370169 -1.775352077758099 -2.726178947494396
    endloop
  endfacet
  facet normal 0.5976139773946537 9.758661484941828e-16 -0.8017839696717204
    outer loop
      vertex 1.3263016253534932 -1.4495689014324225 -4.205015911016545
      vertex 3.6507838415598184 -1.4495689014324225 -2.472450637631287
      vertex 3.4891378014806205 -1.626374347597032 -2.592934379631489
    endloop
  endfacet
  facet normal 0.5976139773946537 7.490816116691298e-16 -0.8017839696717204
    outer loop
      vertex 1.184541852868053 -1.2479609294678773 -4.310677316924013
      vertex 3.7925436140452584 -1.2479609294678773 -2.3667892317238186
      vertex 3.6507838415598184 -1.4495689014324225 -2.472450637631287
    endloop
  endfacet
  facet normal 0.5976139773946538 -7.91994534421225e-16 -0.8017839696717203
    outer loop
      vertex 1.0650938969868304 -1.025 -4.399708490788797
      vertex 3.911991569926481 -1.025 -2.2777580578590357
      vertex 3.7925436140452584 -1.2479609294678773 -2.3667892317238186
    endloop
  endfacet
  facet normal 0.5976139773946538 1.5654610565303113e-15 -0.8017839696717204
    outer loop
      vertex 0.9700015453521826 -0.7845010363484339 -4.470586084541962
      vertex 4.0070839215611285 -0.7845010363484339 -2.20688046410587
      vertex 3.911991569926481 -1.025 -2.2777580578590357
    endloop
  endfacet
  facet normal 0.5976139773946537 -1.3125512603661342e-15 -0.8017839696717204
    outer loop
      vertex 0.9008918544651598 -0.5305790424601675 -4.522097362903413
      vertex 4.076193612448152 -0.5305790424601675 -2.1553691857444197
      vertex 4.0070839215611285 -0.7845010363484339 -2.20688046410587
    endloop
  endfacet
  facet normal 0.5976139773946539 4.633506923128963e-16 -0.8017839696717205
    outer loop
      vertex 0.8589473102976655 -0.2675786940511057 -4.553360953618759
      vertex 4.118138156615646 -0.2675786940511057 -2.1241055950290737
      vertex 4.076193612448152 -0.5305790424601675 -2.1553691857444197
    endloop
  endfacet
  facet normal 0.5976139773946537 4.65887389728962e-16 -0.8017839696717203
    outer loop
      vertex 4.118138156615646 -0.2675786940511057 -2.1241055950290737
      vertex 0.8448855956296291 0 -4.563841927982956
      vertex 4.1321998712836825 0 -2.1136246206648757
    endloop
  endfacet
  facet normal 0.800067288646596 -0.06540312923014245 0.5963344399953684
    outer loop
      vertex 8.298340391172351 0 -14.56370940061484
      vertex 8.320214156235114 0.2675786940511057 -14.56370940061484
      vertex 0.8448855956296291 0 -4.563841927982956
    endloop
  endfacet
  facet normal 0.7863779155172933 -0.19509032201612916 0.5861309923919051
    outer loop
      vertex 8.320214156235114 0.2675786940511057 -14.56370940061484
      vertex 8.385461185238626 0.5305790424601675 -14.56370940061484
      vertex 0.8589473102976655 0.2675786940511057 -4.553360953618759
    endloop
  endfacet
  facet normal 0.7592333982283425 -0.32143946530315975 0.565898681002405
    outer loop
      vertex 8.385461185238626 0.5305790424601675 -14.56370940061484
      vertex 8.492965083426741 0.7845010363484339 -14.56370940061484
      vertex 0.9008918544651598 0.5305790424601675 -4.522097362903413
    endloop
  endfacet
  facet normal 0.7190981869964362 -0.4422886902190049 0.535983686284196
    outer loop
      vertex 8.492965083426741 0.7845010363484339 -14.56370940061484
      vertex 8.640886429295753 1.025 -14.56370940061484
      vertex 0.9700015453521826 0.7845010363484339 -4.470586084541962
    endloop
  endfacet
  facet normal 0.6666590064133441 -0.5555702330195965 0.49689786209091713
    outer loop
      vertex 8.640886429295753 1.025 -14.56370940061484
      vertex 8.82669424760629 1.2479609294678773 -14.56370940061484
      vertex 1.0650938969868304 1.025 -4.399708490788797
    endloop
  endfacet
  facet normal 0.602813105397716 -0.6593458151000696 0.44930997771114206
    outer loop
      vertex 8.82669424760629 1.2479609294678773 -14.56370940061484
      vertex 9.04720931507141 1.4495689014324225 -14.56370940061484
      vertex 1.184541852868053 1.2479609294678773 -4.310677316924013
    endloop
  endfacet
  facet normal 0.5286529050173692 -0.7518398074789775 0.39403427504047195
    outer loop
      vertex 9.04720931507141 1.4495689014324225 -14.56370940061484
      vertex 9.29865855774845 1.626374347597032 -14.56370940061484
      vertex 1.3263016253534932 1.4495689014324225 -4.205015911016545
    endloop
  endfacet
  facet normal 0.44544730686189804 -0.8314696123025463 0.33201653667691805
    outer loop
      vertex 9.29865855774845 1.626374347597032 -14.56370940061484
      vertex 9.576739609380308 1.775352077758099 -14.56370940061484
      vertex 1.487947665432691 1.626374347597032 -4.084532169016343
    endloop
  endfacet
  facet normal 0.3546199817846964 -0.8968727415326885 0.26431790331844907
    outer loop
      vertex 9.576739609380308 1.775352077758099 -14.56370940061484
      vertex 9.876694426074929 1.8939530416481376 -14.56370940061484
      vertex 1.6667141645431425 1.775352077758099 -3.951287601153436
    endloop
  endfacet
  facet normal 0.25772501049992447 -0.9469301294951055 0.1920967173514335
    outer loop
      vertex 9.876694426074929 1.8939530416481376 -14.56370940061484
      vertex 10.193390697755481 1.98014794389259 -14.56370940061484
      vertex 1.8595423783216298 1.8939530416481376 -3.8075620589263317
    endloop
  endfacet
  facet normal 0.15642029283062472 -0.9807852804032307 0.11658870329126157
    outer loop
      vertex 10.193390697755481 1.98014794389259 -14.56370940061484
      vertex 10.521409663408715 2.032461965816311 -14.56370940061484
      vertex 2.0631329625683223 1.98014794389259 -3.655814726210784
    endloop
  endfacet
  facet normal 0.05243918058309703 -0.9978589232386035 0.03908582419328263
    outer loop
      vertex 10.521409663408715 2.032461965816311 -14.56370940061484
      vertex 10.855138827588267 2.05 -14.56370940061484
      vertex 2.2740024259407856 2.032461965816311 -3.4986420419418645
    endloop
  endfacet
  facet normal -0.052439180583097024 -0.9978589232386035 -0.03908582419328264
    outer loop
      vertex 10.855138827588267 2.05 -14.56370940061484
      vertex 11.188867991767818 2.032461965816311 -14.56370940061484
      vertex 2.4885427334566557 2.05 -3.338733274323916
    endloop
  endfacet
  facet normal -0.15642029283062553 -0.9807852804032304 -0.11658870329126222
    outer loop
      vertex 11.188867991767818 2.032461965816311 -14.56370940061484
      vertex 11.51688695742105 1.98014794389259 -14.56370940061484
      vertex 2.703083040972526 2.032461965816311 -3.1788245067059675
    endloop
  endfacet
  facet normal 0.8000672886465962 -0.06540312923014277 0.5963344399953684
    outer loop
      vertex 8.320214156235114 0.2675786940511057 -14.56370940061484
      vertex 0.8589473102976655 0.2675786940511057 -4.553360953618759
      vertex 0.8448855956296291 0 -4.563841927982956
    endloop
  endfacet
  facet normal 0.7863779155172942 -0.19509032201612458 0.5861309923919058
    outer loop
      vertex 8.385461185238626 0.5305790424601675 -14.56370940061484
      vertex 0.9008918544651598 0.5305790424601675 -4.522097362903413
      vertex 0.8589473102976655 0.2675786940511057 -4.553360953618759
    endloop
  endfacet
  facet normal 0.7592333982283419 -0.3214394653031623 0.5658986810024045
    outer loop
      vertex 8.492965083426741 0.7845010363484339 -14.56370940061484
      vertex 0.9700015453521826 0.7845010363484339 -4.470586084541962
      vertex 0.9008918544651598 0.5305790424601675 -4.522097362903413
    endloop
  endfacet
  facet normal 0.7190981869964381 -0.4422886902190001 0.5359836862841976
    outer loop
      vertex 8.640886429295753 1.025 -14.56370940061484
      vertex 1.0650938969868304 1.025 -4.399708490788797
      vertex 0.9700015453521826 0.7845010363484339 -4.470586084541962
    endloop
  endfacet
  facet normal 0.6666590064133425 -0.5555702330195994 0.4968978620909159
    outer loop
      vertex 8.82669424760629 1.2479609294678773 -14.56370940061484
      vertex 1.184541852868053 1.2479609294678773 -4.310677316924013
      vertex 1.0650938969868304 1.025 -4.399708490788797
    endloop
  endfacet
  facet normal 0.6028131053977156 -0.6593458151000702 0.44930997771114173
    outer loop
      vertex 9.04720931507141 1.4495689014324225 -14.56370940061484
      vertex 1.3263016253534932 1.4495689014324225 -4.205015911016545
      vertex 1.184541852868053 1.2479609294678773 -4.310677316924013
    endloop
  endfacet
  facet normal 0.5286529050173696 -0.7518398074789772 0.3940342750404723
    outer loop
      vertex 9.29865855774845 1.626374347597032 -14.56370940061484
      vertex 1.487947665432691 1.626374347597032 -4.084532169016343
      vertex 1.3263016253534932 1.4495689014324225 -4.205015911016545
    endloop
  endfacet
  facet normal 0.44544730686189704 -0.8314696123025471 0.33201653667691733
    outer loop
      vertex 9.576739609380308 1.775352077758099 -14.56370940061484
      vertex 1.6667141645431425 1.775352077758099 -3.951287601153436
      vertex 1.487947665432691 1.626374347597032 -4.084532169016343
    endloop
  endfacet
  facet normal 0.3546199817846983 -0.8968727415326873 0.2643179033184505
    outer loop
      vertex 9.876694426074929 1.8939530416481376 -14.56370940061484
      vertex 1.8595423783216298 1.8939530416481376 -3.8075620589263317
      vertex 1.6667141645431425 1.775352077758099 -3.951287601153436
    endloop
  endfacet
  facet normal 0.25772501049992347 -0.9469301294951059 0.19209671735143272
    outer loop
      vertex 10.193390697755481 1.98014794389259 -14.56370940061484
      vertex 2.0631329625683223 1.98014794389259 -3.655814726210784
      vertex 1.8595423783216298 1.8939530416481376 -3.8075620589263317
    endloop
  endfacet
  facet normal 0.1564202928306235 -0.980785280403231 0.11658870329126066
    outer loop
      vertex 10.521409663408715 2.032461965816311 -14.56370940061484
      vertex 2.2740024259407856 2.032461965816311 -3.4986420419418645
      vertex 2.0631329625683223 1.98014794389259 -3.655814726210784
    endloop
  endfacet
  facet normal 0.052439180583097274 -0.9978589232386035 0.039085824193282825
    outer loop
      vertex 10.855138827588267 2.05 -14.56370940061484
      vertex 2.4885427334566557 2.05 -3.338733274323916
      vertex 2.2740024259407856 2.032461965816311 -3.4986420419418645
    endloop
  endfacet
  facet normal -0.05243918058309731 -0.9978589232386034 -0.039085824193282846
    outer loop
      vertex 11.188867991767818 2.032461965816311 -14.56370940061484
      vertex 2.703083040972526 2.032461965816311 -3.1788245067059675
      vertex 2.4885427334566557 2.05 -3.338733274323916
    endloop
  endfacet
  facet normal -0.1564202928306243 -0.9807852804032308 -0.11658870329126128
    outer loop
      vertex 11.51688695742105 1.98014794389259 -14.56370940061484
      vertex 2.913952504344989 1.98014794389259 -3.0216518224370486
      vertex 2.703083040972526 2.032461965816311 -3.1788245067059675
    endloop
  endfacet
  facet normal -0.4454473068618991 -0.8314696123025453 -0.3320165366769189
    outer loop
      vertex 12.411619097428082 1.626374347597032 -14.56370940061484
      vertex 3.4891378014806205 1.626374347597032 -2.592934379631489
      vertex 3.310371302370169 1.775352077758099 -2.726178947494396
    endloop
  endfacet
  facet normal -0.25772501049992486 -0.9469301294951054 -0.19209671735143377
    outer loop
      vertex 11.833583229101603 1.8939530416481376 -14.56370940061484
      vertex 3.1175430885916815 1.8939530416481376 -2.8699044897215007
      vertex 2.913952504344989 1.98014794389259 -3.0216518224370486
    endloop
  endfacet
  facet normal -0.3546199817846974 -0.8968727415326878 -0.26431790331844984
    outer loop
      vertex 12.133538045796222 1.775352077758099 -14.56370940061484
      vertex 3.310371302370169 1.775352077758099 -2.726178947494396
      vertex 3.1175430885916815 1.8939530416481376 -2.8699044897215007
    endloop
  endfacet
  facet normal -0.528652905017369 -0.7518398074789777 -0.3940342750404719
    outer loop
      vertex 3.6507838415598184 1.4495689014324225 -2.472450637631287
      vertex 3.4891378014806205 1.626374347597032 -2.592934379631489
      vertex 12.663068340105124 1.4495689014324225 -14.56370940061484
    endloop
  endfacet
  facet normal -0.7190981869964379 -0.44228869021900075 -0.5359836862841975
    outer loop
      vertex 3.911991569926481 1.025 -2.2777580578590357
      vertex 13.21731257174979 0.7845010363484339 -14.56370940061484
      vertex 4.0070839215611285 0.7845010363484339 -2.20688046410587
    endloop
  endfacet
  facet normal -0.7592333982283416 -0.3214394653031631 -0.5658986810024044
    outer loop
      vertex 4.076193612448152 0.5305790424601675 -2.1553691857444197
      vertex 4.0070839215611285 0.7845010363484339 -2.20688046410587
      vertex 13.324816469937907 0.5305790424601675 -14.56370940061484
    endloop
  endfacet
  facet normal -0.6666590064133411 -0.5555702330196021 -0.496897862090915
    outer loop
      vertex 3.7925436140452584 1.2479609294678773 -2.3667892317238186
      vertex 13.069391225880782 1.025 -14.56370940061484
      vertex 3.911991569926481 1.025 -2.2777580578590357
    endloop
  endfacet
  facet normal -0.6028131053977173 -0.659345815100068 -0.44930997771114295
    outer loop
      vertex 3.6507838415598184 1.4495689014324225 -2.472450637631287
      vertex 12.883583407570239 1.2479609294678773 -14.56370940061484
      vertex 3.7925436140452584 1.2479609294678773 -2.3667892317238186
    endloop
  endfacet
  facet normal -0.8000672886465958 -0.06540312923014531 -0.5963344399953683
    outer loop
      vertex 4.1321998712836825 0 -2.1136246206648757
      vertex 4.118138156615646 0.2675786940511057 -2.1241055950290737
      vertex 13.41193726400418 0 -14.56370940061484
    endloop
  endfacet
  facet normal -0.7863779155172937 -0.19509032201612614 -0.5861309923919057
    outer loop
      vertex 4.118138156615646 0.2675786940511057 -2.1241055950290737
      vertex 4.076193612448152 0.5305790424601675 -2.1553691857444197
      vertex 13.39006349894142 0.2675786940511057 -14.56370940061484
    endloop
  endfacet
  facet normal -0.4454473068618961 -0.831469612302548 -0.33201653667691666
    outer loop
      vertex 12.133538045796222 1.775352077758099 -14.56370940061484
      vertex 12.411619097428082 1.626374347597032 -14.56370940061484
      vertex 3.310371302370169 1.775352077758099 -2.726178947494396
    endloop
  endfacet
  facet normal -0.25772501049992447 -0.9469301294951055 -0.19209671735143347
    outer loop
      vertex 11.51688695742105 1.98014794389259 -14.56370940061484
      vertex 11.833583229101603 1.8939530416481376 -14.56370940061484
      vertex 2.913952504344989 1.98014794389259 -3.0216518224370486
    endloop
  endfacet
  facet normal -0.3546199817846981 -0.8968727415326875 -0.2643179033184504
    outer loop
      vertex 11.833583229101603 1.8939530416481376 -14.56370940061484
      vertex 12.133538045796222 1.775352077758099 -14.56370940061484
      vertex 3.1175430885916815 1.8939530416481376 -2.8699044897215007
    endloop
  endfacet
  facet normal -0.5286529050173671 -0.7518398074789797 -0.39403427504047045
    outer loop
      vertex 12.411619097428082 1.626374347597032 -14.56370940061484
      vertex 12.663068340105124 1.4495689014324225 -14.56370940061484
      vertex 3.4891378014806205 1.626374347597032 -2.592934379631489
    endloop
  endfacet
  facet normal -0.6028131053977205 -0.6593458151000632 -0.44930997771114556
    outer loop
      vertex 3.6507838415598184 1.4495689014324225 -2.472450637631287
      vertex 12.663068340105124 1.4495689014324225 -14.56370940061484
      vertex 12.883583407570239 1.2479609294678773 -14.56370940061484
    endloop
  endfacet
  facet normal -0.7592333982283415 -0.3214394653031638 -0.5658986810024043
    outer loop
      vertex 4.0070839215611285 0.7845010363484339 -2.20688046410587
      vertex 13.21731257174979 0.7845010363484339 -14.56370940061484
      vertex 13.324816469937907 0.5305790424601675 -14.56370940061484
    endloop
  endfacet
  facet normal -0.6666590064133379 -0.5555702330196081 -0.4968978620909126
    outer loop
      vertex 3.7925436140452584 1.2479609294678773 -2.3667892317238186
      vertex 12.883583407570239 1.2479609294678773 -14.56370940061484
      vertex 13.069391225880782 1.025 -14.56370940061484
    endloop
  endfacet
  facet normal -0.7190981869964399 -0.4422886902189954 -0.5359836862841989
    outer loop
      vertex 3.911991569926481 1.025 -2.2777580578590357
      vertex 13.069391225880782 1.025 -14.56370940061484
      vertex 13.21731257174979 0.7845010363484339 -14.56370940061484
    endloop
  endfacet
  facet normal -0.8000672886465963 -0.0654031292301376 -0.5963344399953686
    outer loop
      vertex 4.118138156615646 0.2675786940511057 -2.1241055950290737
      vertex 13.39006349894142 0.2675786940511057 -14.56370940061484
      vertex 13.41193726400418 0 -14.56370940061484
    endloop
  endfacet
  facet normal -0.7863779155172935 -0.19509032201612778 -0.5861309923919054
    outer loop
      vertex 4.076193612448152 0.5305790424601675 -2.1553691857444197
      vertex 13.324816469937907 0.5305790424601675 -14.56370940061484
      vertex 13.39006349894142 0.2675786940511057 -14.56370940061484
    endloop
  endfacet
  facet normal 0.5976139773946538 -3.6957612917645805e-16 -0.8017839696717205
    outer loop
      vertex 0.8448855956296291 0 -4.563841927982956
      vertex 0.8589473102976655 0.2675786940511057 -4.553360953618759
      vertex 4.118138156615646 0.2675786940511057 -2.1241055950290737
    endloop
  endfacet
  facet normal 0.5976139773946537 8.858080340419229e-17 -0.8017839696717204
    outer loop
      vertex 0.8589473102976655 0.2675786940511057 -4.553360953618759
      vertex 0.9008918544651598 0.5305790424601675 -4.522097362903413
      vertex 4.076193612448152 0.5305790424601675 -2.1553691857444197
    endloop
  endfacet
  facet normal 0.5976139773946537 1.2657847012859835e-15 -0.8017839696717205
    outer loop
      vertex 0.9008918544651598 0.5305790424601675 -4.522097362903413
      vertex 0.9700015453521826 0.7845010363484339 -4.470586084541962
      vertex 4.0070839215611285 0.7845010363484339 -2.20688046410587
    endloop
  endfacet
  facet normal 0.5976139773946538 -2.489599073413167e-15 -0.8017839696717203
    outer loop
      vertex 0.9700015453521826 0.7845010363484339 -4.470586084541962
      vertex 1.0650938969868304 1.025 -4.399708490788797
      vertex 3.911991569926481 1.025 -2.2777580578590357
    endloop
  endfacet
  facet normal 0.5976139773946538 2.7174446728279916e-15 -0.8017839696717204
    outer loop
      vertex 1.0650938969868304 1.025 -4.399708490788797
      vertex 1.184541852868053 1.2479609294678773 -4.310677316924013
      vertex 3.7925436140452584 1.2479609294678773 -2.3667892317238186
    endloop
  endfacet
  facet normal 0.5976139773946538 -2.146010565927777e-15 -0.8017839696717204
    outer loop
      vertex 1.184541852868053 1.2479609294678773 -4.310677316924013
      vertex 1.3263016253534932 1.4495689014324225 -4.205015911016545
      vertex 3.6507838415598184 1.4495689014324225 -2.472450637631287
    endloop
  endfacet
  facet normal 0.5976139773946536 9.254934719564326e-16 -0.8017839696717204
    outer loop
      vertex 1.3263016253534932 1.4495689014324225 -4.205015911016545
      vertex 1.487947665432691 1.626374347597032 -4.084532169016343
      vertex 3.4891378014806205 1.626374347597032 -2.592934379631489
    endloop
  endfacet
  facet normal 0.5976139773946539 7.153332670944564e-17 -0.8017839696717204
    outer loop
      vertex 1.487947665432691 1.626374347597032 -4.084532169016343
      vertex 1.6667141645431425 1.775352077758099 -3.951287601153436
      vertex 3.310371302370169 1.775352077758099 -2.726178947494396
    endloop
  endfacet
  facet normal 0.597613977394655 -4.542260709228333e-15 -0.8017839696717194
    outer loop
      vertex 1.6667141645431425 1.775352077758099 -3.951287601153436
      vertex 1.8595423783216298 1.8939530416481376 -3.8075620589263317
      vertex 2.0631329625683223 1.98014794389259 -3.655814726210784
    endloop
  endfacet
  facet normal 0.5976139773946546 -2.823900140309466e-15 -0.8017839696717198
    outer loop
      vertex 1.6667141645431425 1.775352077758099 -3.951287601153436
      vertex 2.0631329625683223 1.98014794389259 -3.655814726210784
      vertex 2.2740024259407856 2.032461965816311 -3.4986420419418645
    endloop
  endfacet
  facet normal 0.5976139773946544 -2.397847584276698e-15 -0.8017839696717199
    outer loop
      vertex 1.6667141645431425 1.775352077758099 -3.951287601153436
      vertex 2.2740024259407856 2.032461965816311 -3.4986420419418645
      vertex 2.4885427334566557 2.05 -3.338733274323916
    endloop
  endfacet
  facet normal 0.5976139773946536 1.3100734001483857e-15 -0.8017839696717206
    outer loop
      vertex 1.6667141645431425 1.775352077758099 -3.951287601153436
      vertex 2.4885427334566557 2.05 -3.338733274323916
      vertex 2.703083040972526 2.032461965816311 -3.1788245067059675
    endloop
  endfacet
  facet normal 0.5976139773946538 1.8150211675408018e-16 -0.8017839696717203
    outer loop
      vertex 1.6667141645431425 1.775352077758099 -3.951287601153436
      vertex 2.703083040972526 2.032461965816311 -3.1788245067059675
      vertex 2.913952504344989 1.98014794389259 -3.0216518224370486
    endloop
  endfacet
  facet normal 0.5976139773946538 -2.226258331910906e-17 -0.8017839696717203
    outer loop
      vertex 1.6667141645431425 1.775352077758099 -3.951287601153436
      vertex 2.913952504344989 1.98014794389259 -3.0216518224370486
      vertex 3.1175430885916815 1.8939530416481376 -2.8699044897215007
    endloop
  endfacet
  facet normal 0.5976139773946537 -6.419871574433999e-16 -0.8017839696717204
    outer loop
      vertex 1.3263016253534932 1.4495689014324225 -4.205015911016545
      vertex 3.4891378014806205 1.626374347597032 -2.592934379631489
      vertex 3.6507838415598184 1.4495689014324225 -2.472450637631287
    endloop
  endfacet
  facet normal 0.5976139773946536 3.908024016667722e-15 -0.8017839696717204
    outer loop
      vertex 1.487947665432691 1.626374347597032 -4.084532169016343
      vertex 3.310371302370169 1.775352077758099 -2.726178947494396
      vertex 3.4891378014806205 1.626374347597032 -2.592934379631489
    endloop
  endfacet
  facet normal 0.5976139773946537 -8.63961115947463e-16 -0.8017839696717203
    outer loop
      vertex 0.8448855956296291 0 -4.563841927982956
      vertex 4.118138156615646 0.2675786940511057 -2.1241055950290737
      vertex 4.1321998712836825 0 -2.1136246206648757
    endloop
  endfacet
  facet normal 0.5976139773946539 -9.509197656050476e-16 -0.8017839696717205
    outer loop
      vertex 0.8589473102976655 0.2675786940511057 -4.553360953618759
      vertex 4.076193612448152 0.5305790424601675 -2.1553691857444197
      vertex 4.118138156615646 0.2675786940511057 -2.1241055950290737
    endloop
  endfacet
  facet normal 0.5976139773946537 7.563827188689325e-16 -0.8017839696717204
    outer loop
      vertex 0.9008918544651598 0.5305790424601675 -4.522097362903413
      vertex 4.0070839215611285 0.7845010363484339 -2.20688046410587
      vertex 4.076193612448152 0.5305790424601675 -2.1553691857444197
    endloop
  endfacet
  facet normal 0.5976139773946538 -1.6189964027589873e-15 -0.8017839696717204
    outer loop
      vertex 0.9700015453521826 0.7845010363484339 -4.470586084541962
      vertex 3.911991569926481 1.025 -2.2777580578590357
      vertex 4.0070839215611285 0.7845010363484339 -2.20688046410587
    endloop
  endfacet
  facet normal 0.5976139773946538 1.0895413214135602e-15 -0.8017839696717203
    outer loop
      vertex 1.0650938969868304 1.025 -4.399708490788797
      vertex 3.7925436140452584 1.2479609294678773 -2.3667892317238186
      vertex 3.911991569926481 1.025 -2.2777580578590357
    endloop
  endfacet
  facet normal 0.5976139773946537 -9.830140256736908e-16 -0.8017839696717204
    outer loop
      vertex 1.184541852868053 1.2479609294678773 -4.310677316924013
      vertex 3.6507838415598184 1.4495689014324225 -2.472450637631287
      vertex 3.7925436140452584 1.2479609294678773 -2.3667892317238186
    endloop
  endfacet
  facet normal 0.5976139773946538 -1.252691711258518e-15 -0.8017839696717204
    outer loop
      vertex 1.6667141645431425 1.775352077758099 -3.951287601153436
      vertex 3.1175430885916815 1.8939530416481376 -2.8699044897215007
      vertex 3.310371302370169 1.775352077758099 -2.726178947494396
    endloop
  endfacet
  facet normal 0.8827613551057744 -0.016184774700204383 -0.46954280209552823
    outer loop
      vertex -10.488176225404992 -23.148974932170656 -14.56370940061484
      vertex -10.480056830655748 -22.70612119807508 -14.56370940061484
      vertex -3.0014510671714425 -3.3410035647886294 -1.1710984095124983
    endloop
  endfacet
  facet normal 0.9225321550414658 -0.09594899461544404 -0.3738023720454893
    outer loop
      vertex -10.480056830655748 -22.70612119807508 -14.56370940061484
      vertex -10.431922224057486 -22.243315698808072 -14.56370940061484
      vertex -3.098671261760871 -3.176851602879453 -1.3595348903713953
    endloop
  endfacet
  facet normal 0.8278862636365347 0.06385637119742778 -0.5572492246198594
    outer loop
      vertex -10.456141483209933 -23.56429955092217 -14.56370940061484
      vertex -10.488176225404992 -23.148974932170656 -14.56370940061484
      vertex -2.8741651030478024 -3.504317666686246 -1.0007084813723242
    endloop
  endfacet
  facet normal 0.9543090046367917 -0.24921559500848395 -0.16488150555384737
    outer loop
      vertex -10.344596002074532 -21.768477164776005 -14.56370940061484
      vertex -10.219572340576422 -21.289730214946292 -14.56370940061484
      vertex -3.19680338039233 -2.857235119973686 -1.7773970939603654
    endloop
  endfacet
  facet normal 0.9457713435896414 -0.3200955414600274 -0.055275763061726345
    outer loop
      vertex -10.219572340576422 -21.289730214946292 -14.56370940061484
      vertex -10.058990429074491 -20.81526634236424 -14.56370940061484
      vertex -3.196036236677212 -2.7072393256140432 -1.9996730785337409
    endloop
  endfacet
  facet normal 0.9465181740301649 -0.174071500630731 -0.27166607977214935
    outer loop
      vertex -10.431922224057486 -22.243315698808072 -14.56370940061484
      vertex -10.344596002074532 -21.768477164776005 -14.56370940061484
      vertex -3.1641622223321333 -3.014670466538506 -1.5627937235170568
    endloop
  endfacet
  facet normal 0.9210512726363151 -0.3854985644499448 0.05527576306172676
    outer loop
      vertex -10.058990429074491 -20.81526634236424 -14.56370940061484
      vertex -9.865597868596257 -20.353203755435977 -14.56370940061484
      vertex -3.1618739172284376 -2.567249553087761 -2.225818473514588
    endloop
  endfacet
  facet normal 0.8805717590445274 -0.44430560012172243 0.1648815055538454
    outer loop
      vertex -9.865597868596257 -20.353203755435977 -14.56370940061484
      vertex -9.642703659470051 -19.91144847313179 -14.56370940061484
      vertex -3.09490094880336 -2.439661066215262 -2.4519638684954344
    endloop
  endfacet
  facet normal 0.5832161744119176 0.2920626893702189 -0.7579962264959916
    outer loop
      vertex -10.274479751143534 -24.284528786777518 -14.56370940061484
      vertex -2.3360319919560504 -3.961646805971412 -0.6251351298815178
      vertex -10.127961043874002 -24.57711008197061 -14.56370940061484
    endloop
  endfacet
  facet normal 0.47963206687004606 0.3598180743094108 -0.8003024639661152
    outer loop
      vertex -9.947451581286678 -24.817726473452684 -14.56370940061484
      vertex -10.127961043874002 -24.57711008197061 -14.56370940061484
      vertex -2.114799091288398 -4.094519333690922 -0.5522871018181019
    endloop
  endfacet
  facet normal 0.3678413216848965 0.4214168722367495 -0.828915304392013
    outer loop
      vertex -9.73603993033311 -25.00226094805402 -14.56370940061484
      vertex -9.947451581286678 -24.817726473452684 -14.56370940061484
      vertex -1.878671282220263 -4.213661137678915 -0.5080736595149677
    endloop
  endfacet
  facet normal 0.7588458086630369 0.14280491687954117 -0.6354209584122709
    outer loop
      vertex -10.384500727391238 -23.94498873495304 -14.56370940061484
      vertex -10.456141483209933 -23.56429955092217 -14.56370940061484
      vertex -2.7189912675264423 -3.663999559009612 -0.8512805248623645
    endloop
  endfacet
  facet normal 0.676821291511508 0.21931003084084266 -0.7027204634342755
    outer loop
      vertex -10.274479751143534 -24.284528786777518 -14.56370940061484
      vertex -10.384500727391238 -23.94498873495304 -14.56370940061484
      vertex -2.5385846279554483 -3.8173170403088896 -0.725371293747761
    endloop
  endfacet
  facet normal 0.2497567095008725 0.4758051106412701 -0.8433451741410188
    outer loop
      vertex -9.73603993033311 -25.00226094805402 -14.56370940061484
      vertex -1.631688777031798 -4.317033668636807 -0.49325130722820304
      vertex -9.4973434029755 -25.127556069751584 -14.56370940061484
    endloop
  endfacet
  facet normal 0.12739869077159477 0.5220521916846416 -0.8433451741410192
    outer loop
      vertex -9.4973434029755 -25.127556069751584 -14.56370940061484
      vertex -1.631688777031798 -4.317033668636807 -0.49325130722820304
      vertex -9.23544616297611 -25.191468004274736 -14.56370940061484
    endloop
  endfacet
  facet normal 0.0028608451216726367 0.5593668149880602 -0.8289153043920127
    outer loop
      vertex -9.23544616297611 -25.191468004274736 -14.56370940061484
      vertex -1.378077514863265 -4.402868193899629 -0.5080736595149677
      vertex -8.954829344722972 -25.19290320070407 -14.56370940061484
    endloop
  endfacet
  facet normal -0.12172595038148702 0.5871105170012615 -0.8003024639661153
    outer loop
      vertex -8.954829344722972 -25.19290320070407 -14.56370940061484
      vertex -1.1221768547246929 -4.469696060942307 -0.5522871018181019
      vertex -8.660294379778072 -25.131837102430755 -14.56370940061484
    endloop
  endfacet
  facet normal -0.24422998112481567 0.604808595290783 -0.7579962264959912
    outer loop
      vertex -8.660294379778072 -25.131837102430755 -14.56370940061484
      vertex -0.8683653278601198 -4.516373826431558 -0.6251351298815178
      vertex -8.356880843052135 -25.009314567326964 -14.56370940061484
    endloop
  endfacet
  facet normal -0.36255516917773084 0.6121582308302546 -0.7027204634342734
    outer loop
      vertex -8.356880843052135 -25.009314567326964 -14.56370940061484
      vertex -0.6209857198640483 -4.542102820858336 -0.725371293747761
      vertex -8.049780224280672 -24.827431989938002 -14.56370940061484
    endloop
  endfacet
  facet normal -0.47467693776673764 0.609033669317896 -0.6354209584122736
    outer loop
      vertex -8.049780224280672 -24.827431989938002 -14.56370940061484
      vertex -0.384270764415876 -4.546442813994576 -0.8512805248623645
      vertex -7.744247100195237 -24.589301431590368 -14.56370940061484
    endloop
  endfacet
  facet normal 0.8250254185148707 -0.49551044379063547 0.2716660797721532
    outer loop
      vertex -9.642703659470051 -19.91144847313179 -14.56370940061484
      vertex -9.39412158341197 -19.49755905080961 -14.56370940061484
      vertex -2.996263257460147 -2.326656939381146 -2.67423985306881
    endloop
  endfacet
  facet normal 0.7553626643341659 -0.5382369663848402 0.37380237204548983
    outer loop
      vertex -9.39412158341197 -19.49755905080961 -14.56370940061484
      vertex -9.12410494866334 -19.118617251237193 -14.56370940061484
      vertex -2.867648561445215 -2.230170704526208 -2.8888432235121186
    endloop
  endfacet
  facet normal 0.6727754455406079 -0.5717541052567209 0.46954280209553123
    outer loop
      vertex -9.12410494866334 -19.118617251237193 -14.56370940061484
      vertex -8.837273814707466 -18.78110687366774 -14.56370940061484
      vertex -2.7112574938661105 -2.1518532678798534 -3.09210205665778
    endloop
  endfacet
  facet normal 0.5786768523452546 -0.5954883728674737 0.5572492246198616
    outer loop
      vertex -8.837273814707466 -18.78110687366774 -14.56370940061484
      vertex -8.538535941770945 -18.490802814237018 -14.56370940061484
      vertex -2.529765949248908 -2.093044662496798 -3.280538537516677
    endloop
  endfacet
  facet normal 0.4746769377667494 -0.609033669317895 0.6354209584122659
    outer loop
      vertex -8.538535941770945 -18.490802814237018 -14.56370940061484
      vertex -8.233002817685513 -18.25267225588938 -14.56370940061484
      vertex -2.3262792982409697 -2.0547511199199713 -3.450928465656851
    endloop
  endfacet
  facet normal 0.36255516917772546 -0.6121582308302543 0.7027204634342763
    outer loop
      vertex -8.233002817685513 -18.25267225588938 -14.56370940061484
      vertex -7.925902198914046 -18.070789678500418 -14.56370940061484
      vertex -2.1042792538581994 -2.0376278532798384 -3.600356422166811
    endloop
  endfacet
  facet normal 0.2442299811248105 -0.6048085952907823 0.7579962264959933
    outer loop
      vertex -7.925902198914046 -18.070789678500418 -14.56370940061484
      vertex -7.622488662188111 -17.94826714339663 -14.56370940061484
      vertex -1.8675642984100271 -2.0419678464160786 -3.7262656532814145
    endloop
  endfacet
  facet normal 0.12172595038148666 -0.5871105170012615 0.8003024639661153
    outer loop
      vertex -7.622488662188111 -17.94826714339663 -14.56370940061484
      vertex -7.327953697243211 -17.887201045123316 -14.56370940061484
      vertex -1.6201846904139556 -2.067696840842857 -3.8265018171476575
    endloop
  endfacet
  facet normal 0.9543090046367914 -0.24921559500848542 -0.16488150555384656
    outer loop
      vertex -10.219572340576422 -21.289730214946292 -14.56370940061484
      vertex -3.196036236677212 -2.7072393256140432 -1.9996730785337409
      vertex -3.19680338039233 -2.857235119973686 -1.7773970939603654
    endloop
  endfacet
  facet normal 0.8827613551057744 -0.01618477470020392 -0.46954280209552857
    outer loop
      vertex -10.480056830655748 -22.70612119807508 -14.56370940061484
      vertex -3.098671261760871 -3.176851602879453 -1.3595348903713953
      vertex -3.0014510671714425 -3.3410035647886294 -1.1710984095124983
    endloop
  endfacet
  facet normal 0.8278862636365356 0.06385637119742678 -0.5572492246198583
    outer loop
      vertex -10.488176225404992 -23.148974932170656 -14.56370940061484
      vertex -3.0014510671714425 -3.3410035647886294 -1.1710984095124983
      vertex -2.8741651030478024 -3.504317666686246 -1.0007084813723242
    endloop
  endfacet
  facet normal 0.9465181740301649 -0.17407150063072896 -0.27166607977215107
    outer loop
      vertex -10.344596002074532 -21.768477164776005 -14.56370940061484
      vertex -3.19680338039233 -2.857235119973686 -1.7773970939603654
      vertex -3.1641622223321333 -3.014670466538506 -1.5627937235170568
    endloop
  endfacet
  facet normal 0.9225321550414655 -0.09594899461544514 -0.37380237204549
    outer loop
      vertex -10.431922224057486 -22.243315698808072 -14.56370940061484
      vertex -3.1641622223321333 -3.014670466538506 -1.5627937235170568
      vertex -3.098671261760871 -3.176851602879453 -1.3595348903713953
    endloop
  endfacet
  facet normal 0.9457713435896401 -0.32009554146003294 -0.055275763061719496
    outer loop
      vertex -10.058990429074491 -20.81526634236424 -14.56370940061484
      vertex -3.1618739172284376 -2.567249553087761 -2.225818473514588
      vertex -3.196036236677212 -2.7072393256140432 -1.9996730785337409
    endloop
  endfacet
  facet normal -0.5786768523452591 0.5954883728674729 -0.5572492246198578
    outer loop
      vertex -7.445509227258715 -24.298997372159644 -14.56370940061484
      vertex -7.744247100195237 -24.589301431590368 -14.56370940061484
      vertex 0.04121593097483271 -4.491026004777616 -1.1710984095124983
    endloop
  endfacet
  facet normal -0.6727754455406109 0.5717541052567199 -0.4695428020955281
    outer loop
      vertex -7.445509227258715 -24.298997372159644 -14.56370940061484
      vertex 0.22270747559203521 -4.432217399394561 -1.3595348903713953
      vertex -7.158678093302842 -23.96148699459019 -14.56370940061484
    endloop
  endfacet
  facet normal -0.7553626643341643 0.5382369663848409 -0.37380237204549166
    outer loop
      vertex -7.158678093302842 -23.96148699459019 -14.56370940061484
      vertex 0.3790985431711397 -4.353899962748207 -1.5627937235170568
      vertex -6.888661458554212 -23.582545195017772 -14.56370940061484
    endloop
  endfacet
  facet normal -0.8250254185148739 0.4955104437906332 -0.2716660797721479
    outer loop
      vertex -6.888661458554212 -23.582545195017772 -14.56370940061484
      vertex 0.5077132391860716 -4.257413727893269 -1.7773970939603654
      vertex -6.640079382496131 -23.168655772695587 -14.56370940061484
    endloop
  endfacet
  facet normal -0.8805717590445273 0.44430560012172243 -0.16488150555384537
    outer loop
      vertex -6.640079382496131 -23.168655772695587 -14.56370940061484
      vertex 0.6063509305292846 -4.144409601059152 -1.9996730785337409
      vertex -6.4171851733699246 -22.7269004903914 -14.56370940061484
    endloop
  endfacet
  facet normal -0.9210512726363177 0.3854985644499399 -0.05527576306171818
    outer loop
      vertex -6.4171851733699246 -22.7269004903914 -14.56370940061484
      vertex 0.6733238989543623 -4.016821114186653 -2.225818473514588
      vertex -6.223792612891691 -22.264837903463132 -14.56370940061484
    endloop
  endfacet
  facet normal -0.9457713435896399 0.32009554146003405 0.05527576306171554
    outer loop
      vertex -6.223792612891691 -22.264837903463132 -14.56370940061484
      vertex 0.7074862184031364 -3.8768313416603712 -2.4519638684954344
      vertex -6.06321070138976 -21.79037403088109 -14.56370940061484
    endloop
  endfacet
  facet normal -0.9465181740301637 0.17407150063072502 0.27166607977215745
    outer loop
      vertex -5.938187039891648 -21.311627081051373 -14.56370940061484
      vertex 0.7082533621182546 -3.7268355473007286 -2.67423985306881
      vertex -5.850860817908698 -20.83678854701931 -14.56370940061484
    endloop
  endfacet
  facet normal -0.9225321550414657 0.09594899461544402 0.3738023720454893
    outer loop
      vertex -5.850860817908698 -20.83678854701931 -14.56370940061484
      vertex 0.675612204058058 -3.5694002007359087 -2.8888432235121186
      vertex -5.802726211310436 -20.3739830477523 -14.56370940061484
    endloop
  endfacet
  facet normal -0.8827613551057756 0.016184774700206173 0.46954280209552623
    outer loop
      vertex -5.802726211310436 -20.3739830477523 -14.56370940061484
      vertex 0.6101212434867956 -3.407219064394961 -3.09210205665778
      vertex -5.794606816561191 -19.931129313656726 -14.56370940061484
    endloop
  endfacet
  facet normal -0.8278862636365348 -0.06385637119742779 0.5572492246198593
    outer loop
      vertex -5.794606816561191 -19.931129313656726 -14.56370940061484
      vertex 0.512901048897367 -3.243067102485785 -3.280538537516677
      vertex -5.82664155875625 -19.515804694905214 -14.56370940061484
    endloop
  endfacet
  facet normal -0.9543090046367915 0.2492155950084856 0.16488150555384476
    outer loop
      vertex -6.06321070138976 -21.79037403088109 -14.56370940061484
      vertex 0.7074862184031364 -3.8768313416603712 -2.4519638684954344
      vertex -5.938187039891648 -21.311627081051373 -14.56370940061484
    endloop
  endfacet
  facet normal -0.0028608451216584735 -0.5593668149880638 0.8289153043920103
    outer loop
      vertex -7.327953697243211 -17.887201045123316 -14.56370940061484
      vertex -7.0473368789900706 -17.888636241552643 -14.56370940061484
      vertex -1.3663731635493825 -2.114374606332107 -3.8993498452110735
    endloop
  endfacet
  facet normal -0.12739869077160987 -0.5220521916846366 0.8433451741410198
    outer loop
      vertex -7.0473368789900706 -17.888636241552643 -14.56370940061484
      vertex -6.785439638990685 -17.9525481760758 -14.56370940061484
      vertex -1.1104725034108105 -2.1812024733747855 -3.9435632875142077
    endloop
  endfacet
  facet normal -0.24975670950085213 -0.47580511064127884 0.8433451741410201
    outer loop
      vertex -6.546743111633072 -18.077843297773356 -14.56370940061484
      vertex -0.6098787360538124 -2.3704095295955 -3.9435632875142077
      vertex -6.785439638990685 -17.9525481760758 -14.56370940061484
    endloop
  endfacet
  facet normal -0.3678413216849144 -0.42141687223674035 0.8289153043920097
    outer loop
      vertex -6.546743111633072 -18.077843297773356 -14.56370940061484
      vertex -6.335331460679506 -18.262377772374702 -14.56370940061484
      vertex -0.3737509269856773 -2.4895513335834925 -3.8993498452110735
    endloop
  endfacet
  facet normal -0.4796320668700448 -0.35981807430941165 0.8003024639661155
    outer loop
      vertex -6.335331460679506 -18.262377772374702 -14.56370940061484
      vertex -6.1548219980921814 -18.502994163856776 -14.56370940061484
      vertex -0.1525180263180251 -2.6224238613030026 -3.8265018171476575
    endloop
  endfacet
  facet normal -0.676821291511511 -0.21931003084084005 0.7027204634342735
    outer loop
      vertex -6.008303290822647 -18.795575459049864 -14.56370940061484
      vertex -5.898282314574945 -19.135115510874343 -14.56370940061484
      vertex 0.23044124925236678 -2.920071108264802 -3.600356422166811
    endloop
  endfacet
  facet normal -0.5832161744119104 -0.2920626893702241 0.7579962264959953
    outer loop
      vertex -6.008303290822647 -18.795575459049864 -14.56370940061484
      vertex 0.05003460968137301 -2.766753626965525 -3.7262656532814145
      vertex -6.1548219980921814 -18.502994163856776 -14.56370940061484
    endloop
  endfacet
  facet normal -0.758845808663037 -0.1428049168795412 0.6354209584122709
    outer loop
      vertex -5.898282314574945 -19.135115510874343 -14.56370940061484
      vertex -5.82664155875625 -19.515804694905214 -14.56370940061484
      vertex 0.3856150847737269 -3.079753000588168 -3.450928465656851
    endloop
  endfacet
  facet normal 0.8250254185148699 -0.4955104437906366 0.2716660797721538
    outer loop
      vertex -9.39412158341197 -19.49755905080961 -14.56370940061484
      vertex -2.867648561445215 -2.230170704526208 -2.8888432235121186
      vertex -2.996263257460147 -2.326656939381146 -2.67423985306881
    endloop
  endfacet
  facet normal 0.6727754455406114 -0.571754105256719 0.4695428020955283
    outer loop
      vertex -8.837273814707466 -18.78110687366774 -14.56370940061484
      vertex -2.529765949248908 -2.093044662496798 -3.280538537516677
      vertex -2.7112574938661105 -2.1518532678798534 -3.09210205665778
    endloop
  endfacet
  facet normal 0.7553626643341679 -0.5382369663848395 0.37380237204548655
    outer loop
      vertex -9.12410494866334 -19.118617251237193 -14.56370940061484
      vertex -2.7112574938661105 -2.1518532678798534 -3.09210205665778
      vertex -2.867648561445215 -2.230170704526208 -2.8888432235121186
    endloop
  endfacet
  facet normal 0.4746769377667454 -0.6090336693178954 0.6354209584122683
    outer loop
      vertex -8.233002817685513 -18.25267225588938 -14.56370940061484
      vertex -2.1042792538581994 -2.0376278532798384 -3.600356422166811
      vertex -2.3262792982409697 -2.0547511199199713 -3.450928465656851
    endloop
  endfacet
  facet normal 0.36255516917772845 -0.6121582308302532 0.7027204634342755
    outer loop
      vertex -7.925902198914046 -18.070789678500418 -14.56370940061484
      vertex -1.8675642984100271 -2.0419678464160786 -3.7262656532814145
      vertex -2.1042792538581994 -2.0376278532798384 -3.600356422166811
    endloop
  endfacet
  facet normal 0.24422998112480732 -0.6048085952907819 0.7579962264959949
    outer loop
      vertex -7.622488662188111 -17.94826714339663 -14.56370940061484
      vertex -1.6201846904139556 -2.067696840842857 -3.8265018171476575
      vertex -1.8675642984100271 -2.0419678464160786 -3.7262656532814145
    endloop
  endfacet
  facet normal 0.5786768523452555 -0.5954883728674738 0.5572492246198605
    outer loop
      vertex -8.538535941770945 -18.490802814237018 -14.56370940061484
      vertex -2.3262792982409697 -2.0547511199199713 -3.450928465656851
      vertex -2.529765949248908 -2.093044662496798 -3.280538537516677
    endloop
  endfacet
  facet normal 0.7588458086630392 0.14280491687953972 -0.6354209584122685
    outer loop
      vertex -10.456141483209933 -23.56429955092217 -14.56370940061484
      vertex -2.8741651030478024 -3.504317666686246 -1.0007084813723242
      vertex -2.7189912675264423 -3.663999559009612 -0.8512805248623645
    endloop
  endfacet
  facet normal 0.9210512726363175 -0.38549856444994013 0.05527576306171827
    outer loop
      vertex -9.865597868596257 -20.353203755435977 -14.56370940061484
      vertex -3.09490094880336 -2.439661066215262 -2.4519638684954344
      vertex -3.1618739172284376 -2.567249553087761 -2.225818473514588
    endloop
  endfacet
  facet normal 0.880571759044527 -0.44430560012172293 0.16488150555384656
    outer loop
      vertex -9.642703659470051 -19.91144847313179 -14.56370940061484
      vertex -2.996263257460147 -2.326656939381146 -2.67423985306881
      vertex -3.09490094880336 -2.439661066215262 -2.4519638684954344
    endloop
  endfacet
  facet normal -0.47467693776674647 0.6090336693178948 -0.6354209584122681
    outer loop
      vertex -7.744247100195237 -24.589301431590368 -14.56370940061484
      vertex -0.384270764415876 -4.546442813994576 -0.8512805248623645
      vertex -0.1622707200331058 -4.529319547354443 -1.0007084813723242
    endloop
  endfacet
  facet normal -0.5786768523452568 0.5954883728674746 -0.5572492246198583
    outer loop
      vertex -7.744247100195237 -24.589301431590368 -14.56370940061484
      vertex -0.1622707200331058 -4.529319547354443 -1.0007084813723242
      vertex 0.04121593097483271 -4.491026004777616 -1.1710984095124983
    endloop
  endfacet
  facet normal -0.6727754455406086 0.5717541052567208 -0.46954280209552984
    outer loop
      vertex -7.445509227258715 -24.298997372159644 -14.56370940061484
      vertex 0.04121593097483271 -4.491026004777616 -1.1710984095124983
      vertex 0.22270747559203521 -4.432217399394561 -1.3595348903713953
    endloop
  endfacet
  facet normal -0.7553626643341631 0.5382369663848415 -0.37380237204549344
    outer loop
      vertex -7.158678093302842 -23.96148699459019 -14.56370940061484
      vertex 0.22270747559203521 -4.432217399394561 -1.3595348903713953
      vertex 0.3790985431711397 -4.353899962748207 -1.5627937235170568
    endloop
  endfacet
  facet normal -0.8250254185148727 0.4955104437906337 -0.2716660797721506
    outer loop
      vertex -6.888661458554212 -23.582545195017772 -14.56370940061484
      vertex 0.3790985431711397 -4.353899962748207 -1.5627937235170568
      vertex 0.5077132391860716 -4.257413727893269 -1.7773970939603654
    endloop
  endfacet
  facet normal 0.12172595038148974 -0.5871105170012615 0.8003024639661148
    outer loop
      vertex -7.327953697243211 -17.887201045123316 -14.56370940061484
      vertex -1.3663731635493825 -2.114374606332107 -3.8993498452110735
      vertex -1.6201846904139556 -2.067696840842857 -3.8265018171476575
    endloop
  endfacet
  facet normal -0.00286084512166623 -0.5593668149880618 0.8289153043920116
    outer loop
      vertex -7.0473368789900706 -17.888636241552643 -14.56370940061484
      vertex -1.1104725034108105 -2.1812024733747855 -3.9435632875142077
      vertex -1.3663731635493825 -2.114374606332107 -3.8993498452110735
    endloop
  endfacet
  facet normal -0.12739869077160443 -0.5220521916846388 0.8433451741410193
    outer loop
      vertex -6.785439638990685 -17.9525481760758 -14.56370940061484
      vertex -0.8568612412422772 -2.2670369986376073 -3.9583856398009725
      vertex -1.1104725034108105 -2.1812024733747855 -3.9435632875142077
    endloop
  endfacet
  facet normal -0.2497567095008618 -0.47580511064127456 0.8433451741410195
    outer loop
      vertex -6.785439638990685 -17.9525481760758 -14.56370940061484
      vertex -0.6098787360538124 -2.3704095295955 -3.9435632875142077
      vertex -0.8568612412422772 -2.2670369986376073 -3.9583856398009725
    endloop
  endfacet
  facet normal -0.36784132168490374 -0.4214168722367466 0.8289153043920113
    outer loop
      vertex -6.546743111633072 -18.077843297773356 -14.56370940061484
      vertex -0.3737509269856773 -2.4895513335834925 -3.8993498452110735
      vertex -0.6098787360538124 -2.3704095295955 -3.9435632875142077
    endloop
  endfacet
  facet normal -0.5832161744119115 -0.29206268937022206 0.7579962264959953
    outer loop
      vertex -6.1548219980921814 -18.502994163856776 -14.56370940061484
      vertex 0.05003460968137301 -2.766753626965525 -3.7262656532814145
      vertex -0.1525180263180251 -2.6224238613030026 -3.8265018171476575
    endloop
  endfacet
  facet normal -0.4796320668700463 -0.35981807430941015 0.8003024639661154
    outer loop
      vertex -6.335331460679506 -18.262377772374702 -14.56370940061484
      vertex -0.1525180263180251 -2.6224238613030026 -3.8265018171476575
      vertex -0.3737509269856773 -2.4895513335834925 -3.8993498452110735
    endloop
  endfacet
  facet normal -0.8805717590445287 0.44430560012172077 -0.16488150555384337
    outer loop
      vertex -6.640079382496131 -23.168655772695587 -14.56370940061484
      vertex 0.5077132391860716 -4.257413727893269 -1.7773970939603654
      vertex 0.6063509305292846 -4.144409601059152 -1.9996730785337409
    endloop
  endfacet
  facet normal -0.8827613551057737 0.016184774700203877 0.46954280209552973
    outer loop
      vertex -5.794606816561191 -19.931129313656726 -14.56370940061484
      vertex 0.6101212434867956 -3.407219064394961 -3.09210205665778
      vertex 0.512901048897367 -3.243067102485785 -3.280538537516677
    endloop
  endfacet
  facet normal -0.9465181740301648 0.17407150063072732 0.27166607977215235
    outer loop
      vertex -5.850860817908698 -20.83678854701931 -14.56370940061484
      vertex 0.7082533621182546 -3.7268355473007286 -2.67423985306881
      vertex 0.675612204058058 -3.5694002007359087 -2.8888432235121186
    endloop
  endfacet
  facet normal -0.9225321550414662 0.09594899461544348 0.3738023720454882
    outer loop
      vertex -5.802726211310436 -20.3739830477523 -14.56370940061484
      vertex 0.675612204058058 -3.5694002007359087 -2.8888432235121186
      vertex 0.6101212434867956 -3.407219064394961 -3.09210205665778
    endloop
  endfacet
  facet normal -0.7588458086630382 -0.1428049168795398 0.6354209584122696
    outer loop
      vertex -5.898282314574945 -19.135115510874343 -14.56370940061484
      vertex 0.3856150847737269 -3.079753000588168 -3.450928465656851
      vertex 0.23044124925236678 -2.920071108264802 -3.600356422166811
    endloop
  endfacet
  facet normal -0.6768212915115102 -0.21931003084084122 0.7027204634342739
    outer loop
      vertex -6.008303290822647 -18.795575459049864 -14.56370940061484
      vertex 0.23044124925236678 -2.920071108264802 -3.600356422166811
      vertex 0.05003460968137301 -2.766753626965525 -3.7262656532814145
    endloop
  endfacet
  facet normal -0.8278862636365344 -0.06385637119742771 0.55724922461986
    outer loop
      vertex -5.82664155875625 -19.515804694905214 -14.56370940061484
      vertex 0.512901048897367 -3.243067102485785 -3.280538537516677
      vertex 0.3856150847737269 -3.079753000588168 -3.450928465656851
    endloop
  endfacet
  facet normal -0.9457713435896412 0.3200955414600283 0.05527576306172539
    outer loop
      vertex -6.223792612891691 -22.264837903463132 -14.56370940061484
      vertex 0.6733238989543623 -4.016821114186653 -2.225818473514588
      vertex 0.7074862184031364 -3.8768313416603712 -2.4519638684954344
    endloop
  endfacet
  facet normal -0.9210512726363157 0.3854985644499435 -0.0552757630617252
    outer loop
      vertex -6.4171851733699246 -22.7269004903914 -14.56370940061484
      vertex 0.6063509305292846 -4.144409601059152 -1.9996730785337409
      vertex 0.6733238989543623 -4.016821114186653 -2.225818473514588
    endloop
  endfacet
  facet normal -0.9543090046367916 0.24921559500848445 0.16488150555384662
    outer loop
      vertex -5.938187039891648 -21.311627081051373 -14.56370940061484
      vertex 0.7074862184031364 -3.8768313416603712 -2.4519638684954344
      vertex 0.7082533621182546 -3.7268355473007286 -2.67423985306881
    endloop
  endfacet
  facet normal 0.5832161744119148 0.2920626893702216 -0.7579962264959929
    outer loop
      vertex -10.274479751143534 -24.284528786777518 -14.56370940061484
      vertex -2.5385846279554483 -3.8173170403088896 -0.725371293747761
      vertex -2.3360319919560504 -3.961646805971412 -0.6251351298815178
    endloop
  endfacet
  facet normal 0.4796320668700485 0.359818074309411 -0.8003024639661136
    outer loop
      vertex -10.127961043874002 -24.57711008197061 -14.56370940061484
      vertex -2.3360319919560504 -3.961646805971412 -0.6251351298815178
      vertex -2.114799091288398 -4.094519333690922 -0.5522871018181019
    endloop
  endfacet
  facet normal 0.3678413216849082 0.42141687223674323 -0.828915304392011
    outer loop
      vertex -9.947451581286678 -24.817726473452684 -14.56370940061484
      vertex -2.114799091288398 -4.094519333690922 -0.5522871018181019
      vertex -1.878671282220263 -4.213661137678915 -0.5080736595149677
    endloop
  endfacet
  facet normal 0.2497567095008593 0.47580511064127623 -0.8433451741410194
    outer loop
      vertex -9.73603993033311 -25.00226094805402 -14.56370940061484
      vertex -1.878671282220263 -4.213661137678915 -0.5080736595149677
      vertex -1.631688777031798 -4.317033668636807 -0.49325130722820304
    endloop
  endfacet
  facet normal 0.1273986907716019 0.5220521916846392 -0.8433451741410195
    outer loop
      vertex -9.23544616297611 -25.191468004274736 -14.56370940061484
      vertex -1.631688777031798 -4.317033668636807 -0.49325130722820304
      vertex -1.378077514863265 -4.402868193899629 -0.5080736595149677
    endloop
  endfacet
  facet normal 0.0028608451216620197 0.5593668149880628 -0.828915304392011
    outer loop
      vertex -8.954829344722972 -25.19290320070407 -14.56370940061484
      vertex -1.378077514863265 -4.402868193899629 -0.5080736595149677
      vertex -1.1221768547246929 -4.469696060942307 -0.5522871018181019
    endloop
  endfacet
  facet normal 0.6768212915115083 0.21931003084084089 -0.7027204634342757
    outer loop
      vertex -10.384500727391238 -23.94498873495304 -14.56370940061484
      vertex -2.7189912675264423 -3.663999559009612 -0.8512805248623645
      vertex -2.5385846279554483 -3.8173170403088896 -0.725371293747761
    endloop
  endfacet
  facet normal -0.12172595038148788 0.5871105170012633 -0.8003024639661138
    outer loop
      vertex -8.660294379778072 -25.131837102430755 -14.56370940061484
      vertex -1.1221768547246929 -4.469696060942307 -0.5522871018181019
      vertex -0.8683653278601198 -4.516373826431558 -0.6251351298815178
    endloop
  endfacet
  facet normal -0.24422998112480707 0.6048085952907825 -0.7579962264959943
    outer loop
      vertex -8.356880843052135 -25.009314567326964 -14.56370940061484
      vertex -0.8683653278601198 -4.516373826431558 -0.6251351298815178
      vertex -0.6209857198640483 -4.542102820858336 -0.725371293747761
    endloop
  endfacet
  facet normal -0.36255516917772507 0.6121582308302557 -0.7027204634342752
    outer loop
      vertex -8.049780224280672 -24.827431989938002 -14.56370940061484
      vertex -0.6209857198640483 -4.542102820858336 -0.725371293747761
      vertex -0.384270764415876 -4.546442813994576 -0.8512805248623645
    endloop
  endfacet
  facet normal -0.29880786340778615 -0.7905696386117268 -0.534521755657333
    outer loop
      vertex -3.1618739172284376 -2.567249553087761 -2.225818473514588
      vertex -2.114799091288398 -4.094519333690922 -0.5522871018181019
      vertex -2.3360319919560504 -3.961646805971412 -0.6251351298815178
    endloop
  endfacet
  facet normal -0.2988078634077859 -0.7905696386117268 -0.5345217556573328
    outer loop
      vertex -2.114799091288398 -4.094519333690922 -0.5522871018181019
      vertex -3.09490094880336 -2.439661066215262 -2.4519638684954344
      vertex -1.878671282220263 -4.213661137678915 -0.5080736595149677
    endloop
  endfacet
  facet normal -0.298807863407785 -0.7905696386117268 -0.5345217556573333
    outer loop
      vertex -1.631688777031798 -4.317033668636807 -0.49325130722820304
      vertex -1.878671282220263 -4.213661137678915 -0.5080736595149677
      vertex -2.996263257460147 -2.326656939381146 -2.67423985306881
    endloop
  endfacet
  facet normal -0.29880786340778576 -0.790569638611727 -0.534521755657333
    outer loop
      vertex -1.631688777031798 -4.317033668636807 -0.49325130722820304
      vertex -2.867648561445215 -2.230170704526208 -2.8888432235121186
      vertex -1.378077514863265 -4.402868193899629 -0.5080736595149677
    endloop
  endfacet
  facet normal -0.29880786340778365 -0.7905696386117269 -0.5345217556573341
    outer loop
      vertex -1.378077514863265 -4.402868193899629 -0.5080736595149677
      vertex -2.867648561445215 -2.230170704526208 -2.8888432235121186
      vertex -2.7112574938661105 -2.1518532678798534 -3.09210205665778
    endloop
  endfacet
  facet normal -0.298807863407787 -0.790569638611727 -0.5345217556573323
    outer loop
      vertex -1.1221768547246929 -4.469696060942307 -0.5522871018181019
      vertex -2.7112574938661105 -2.1518532678798534 -3.09210205665778
      vertex -2.529765949248908 -2.093044662496798 -3.280538537516677
    endloop
  endfacet
  facet normal -0.298807863407787 -0.790569638611727 -0.5345217556573322
    outer loop
      vertex -3.19680338039233 -2.857235119973686 -1.7773970939603654
      vertex -3.196036236677212 -2.7072393256140432 -1.9996730785337409
      vertex -2.7189912675264423 -3.663999559009612 -0.8512805248623645
    endloop
  endfacet
  facet normal -0.29880786340777343 -0.7905696386117289 -0.534521755657337
    outer loop
      vertex -3.19680338039233 -2.857235119973686 -1.7773970939603654
      vertex -3.098671261760871 -3.176851602879453 -1.3595348903713953
      vertex -3.1641622223321333 -3.014670466538506 -1.5627937235170568
    endloop
  endfacet
  facet normal -0.2988078634077847 -0.790569638611727 -0.5345217556573334
    outer loop
      vertex -3.1618739172284376 -2.567249553087761 -2.225818473514588
      vertex -2.5385846279554483 -3.8173170403088896 -0.725371293747761
      vertex -3.196036236677212 -2.7072393256140432 -1.9996730785337409
    endloop
  endfacet
  facet normal -0.29880786340778526 -0.790569638611727 -0.5345217556573333
    outer loop
      vertex -3.1618739172284376 -2.567249553087761 -2.225818473514588
      vertex -3.09490094880336 -2.439661066215262 -2.4519638684954344
      vertex -2.114799091288398 -4.094519333690922 -0.5522871018181019
    endloop
  endfacet
  facet normal -0.29880786340778875 -0.7905696386117266 -0.5345217556573317
    outer loop
      vertex -3.19680338039233 -2.857235119973686 -1.7773970939603654
      vertex -3.0014510671714425 -3.3410035647886294 -1.1710984095124983
      vertex -3.098671261760871 -3.176851602879453 -1.3595348903713953
    endloop
  endfacet
  facet normal -0.29880786340778576 -0.790569638611727 -0.5345217556573327
    outer loop
      vertex -3.19680338039233 -2.857235119973686 -1.7773970939603654
      vertex -2.8741651030478024 -3.504317666686246 -1.0007084813723242
      vertex -3.0014510671714425 -3.3410035647886294 -1.1710984095124983
    endloop
  endfacet
  facet normal -0.2988078634077859 -0.790569638611727 -0.5345217556573327
    outer loop
      vertex -3.19680338039233 -2.857235119973686 -1.7773970939603654
      vertex -2.7189912675264423 -3.663999559009612 -0.8512805248623645
      vertex -2.8741651030478024 -3.504317666686246 -1.0007084813723242
    endloop
  endfacet
  facet normal -0.2988078634077881 -0.7905696386117268 -0.5345217556573318
    outer loop
      vertex -3.196036236677212 -2.7072393256140432 -1.9996730785337409
      vertex -2.5385846279554483 -3.8173170403088896 -0.725371293747761
      vertex -2.7189912675264423 -3.663999559009612 -0.8512805248623645
    endloop
  endfacet
  facet normal -0.29880786340778587 -0.7905696386117268 -0.534521755657333
    outer loop
      vertex -1.878671282220263 -4.213661137678915 -0.5080736595149677
      vertex -3.09490094880336 -2.439661066215262 -2.4519638684954344
      vertex -2.996263257460147 -2.326656939381146 -2.67423985306881
    endloop
  endfacet
  facet normal -0.2988078634077855 -0.7905696386117269 -0.5345217556573331
    outer loop
      vertex -1.631688777031798 -4.317033668636807 -0.49325130722820304
      vertex -2.996263257460147 -2.326656939381146 -2.67423985306881
      vertex -2.867648561445215 -2.230170704526208 -2.8888432235121186
    endloop
  endfacet
  facet normal -0.2988078634077847 -0.7905696386117272 -0.5345217556573332
    outer loop
      vertex -3.1618739172284376 -2.567249553087761 -2.225818473514588
      vertex -2.3360319919560504 -3.961646805971412 -0.6251351298815178
      vertex -2.5385846279554483 -3.8173170403088896 -0.725371293747761
    endloop
  endfacet
  facet normal -0.2988078634077863 -0.7905696386117269 -0.5345217556573326
    outer loop
      vertex -0.8568612412422772 -2.2670369986376073 -3.9583856398009725
      vertex -0.6098787360538124 -2.3704095295955 -3.9435632875142077
      vertex 0.5077132391860716 -4.257413727893269 -1.7773970939603654
    endloop
  endfacet
  facet normal -0.29880786340778687 -0.7905696386117276 -0.5345217556573315
    outer loop
      vertex -0.1525180263180251 -2.6224238613030026 -3.8265018171476575
      vertex 0.05003460968137301 -2.766753626965525 -3.7262656532814145
      vertex 0.23044124925236678 -2.920071108264802 -3.600356422166811
    endloop
  endfacet
  facet normal -0.2988078634077864 -0.790569638611727 -0.5345217556573323
    outer loop
      vertex -0.1525180263180251 -2.6224238613030026 -3.8265018171476575
      vertex 0.23044124925236678 -2.920071108264802 -3.600356422166811
      vertex 0.3856150847737269 -3.079753000588168 -3.450928465656851
    endloop
  endfacet
  facet normal -0.2988078634077858 -0.7905696386117269 -0.5345217556573327
    outer loop
      vertex -0.6098787360538124 -2.3704095295955 -3.9435632875142077
      vertex -0.3737509269856773 -2.4895513335834925 -3.8993498452110735
      vertex 0.6063509305292846 -4.144409601059152 -1.9996730785337409
    endloop
  endfacet
  facet normal -0.2988078634077857 -0.790569638611727 -0.5345217556573328
    outer loop
      vertex -0.3737509269856773 -2.4895513335834925 -3.8993498452110735
      vertex -0.1525180263180251 -2.6224238613030026 -3.8265018171476575
      vertex 0.6733238989543623 -4.016821114186653 -2.225818473514588
    endloop
  endfacet
  facet normal -0.29880786340778187 -0.7905696386117261 -0.5345217556573363
    outer loop
      vertex -0.1525180263180251 -2.6224238613030026 -3.8265018171476575
      vertex 0.3856150847737269 -3.079753000588168 -3.450928465656851
      vertex 0.512901048897367 -3.243067102485785 -3.280538537516677
    endloop
  endfacet
  facet normal -0.29880786340778853 -0.7905696386117277 -0.5345217556573303
    outer loop
      vertex -0.1525180263180251 -2.6224238613030026 -3.8265018171476575
      vertex 0.512901048897367 -3.243067102485785 -3.280538537516677
      vertex 0.6101212434867956 -3.407219064394961 -3.09210205665778
    endloop
  endfacet
  facet normal -0.29880786340778476 -0.790569638611727 -0.5345217556573332
    outer loop
      vertex -0.1525180263180251 -2.6224238613030026 -3.8265018171476575
      vertex 0.6101212434867956 -3.407219064394961 -3.09210205665778
      vertex 0.675612204058058 -3.5694002007359087 -2.8888432235121186
    endloop
  endfacet
  facet normal -0.2988078634077857 -0.7905696386117269 -0.534521755657333
    outer loop
      vertex -1.3663731635493825 -2.114374606332107 -3.8993498452110735
      vertex 0.22270747559203521 -4.432217399394561 -1.3595348903713953
      vertex 0.04121593097483271 -4.491026004777616 -1.1710984095124983
    endloop
  endfacet
  facet normal -0.2988078634077874 -0.790569638611727 -0.5345217556573318
    outer loop
      vertex -1.1221768547246929 -4.469696060942307 -0.5522871018181019
      vertex -2.529765949248908 -2.093044662496798 -3.280538537516677
      vertex -0.8683653278601198 -4.516373826431558 -0.6251351298815178
    endloop
  endfacet
  facet normal -0.29880786340778553 -0.7905696386117269 -0.5345217556573331
    outer loop
      vertex -0.8683653278601198 -4.516373826431558 -0.6251351298815178
      vertex -2.3262792982409697 -2.0547511199199713 -3.450928465656851
      vertex -0.6209857198640483 -4.542102820858336 -0.725371293747761
    endloop
  endfacet
  facet normal -0.29880786340778476 -0.7905696386117269 -0.5345217556573335
    outer loop
      vertex -1.378077514863265 -4.402868193899629 -0.5080736595149677
      vertex -2.7112574938661105 -2.1518532678798534 -3.09210205665778
      vertex -1.1221768547246929 -4.469696060942307 -0.5522871018181019
    endloop
  endfacet
  facet normal -0.2988078634077856 -0.790569638611727 -0.5345217556573328
    outer loop
      vertex -0.1622707200331058 -4.529319547354443 -1.0007084813723242
      vertex -0.384270764415876 -4.546442813994576 -0.8512805248623645
      vertex -1.8675642984100271 -2.0419678464160786 -3.7262656532814145
    endloop
  endfacet
  facet normal -0.2988078634077846 -0.7905696386117269 -0.5345217556573334
    outer loop
      vertex -0.6209857198640483 -4.542102820858336 -0.725371293747761
      vertex -2.1042792538581994 -2.0376278532798384 -3.600356422166811
      vertex -0.384270764415876 -4.546442813994576 -0.8512805248623645
    endloop
  endfacet
  facet normal -0.2988078634077868 -0.7905696386117269 -0.5345217556573323
    outer loop
      vertex -0.1622707200331058 -4.529319547354443 -1.0007084813723242
      vertex -1.6201846904139556 -2.067696840842857 -3.8265018171476575
      vertex 0.04121593097483271 -4.491026004777616 -1.1710984095124983
    endloop
  endfacet
  facet normal -0.29880786340778664 -0.7905696386117271 -0.5345217556573323
    outer loop
      vertex -0.384270764415876 -4.546442813994576 -0.8512805248623645
      vertex -2.1042792538581994 -2.0376278532798384 -3.600356422166811
      vertex -1.8675642984100271 -2.0419678464160786 -3.7262656532814145
    endloop
  endfacet
  facet normal -0.29880786340778487 -0.7905696386117274 -0.5345217556573332
    outer loop
      vertex -0.1622707200331058 -4.529319547354443 -1.0007084813723242
      vertex -1.8675642984100271 -2.0419678464160786 -3.7262656532814145
      vertex -1.6201846904139556 -2.067696840842857 -3.8265018171476575
    endloop
  endfacet
  facet normal -0.2988078634077854 -0.790569638611727 -0.534521755657333
    outer loop
      vertex -0.8683653278601198 -4.516373826431558 -0.6251351298815178
      vertex -2.529765949248908 -2.093044662496798 -3.280538537516677
      vertex -2.3262792982409697 -2.0547511199199713 -3.450928465656851
    endloop
  endfacet
  facet normal -0.29880786340778703 -0.790569638611727 -0.5345217556573322
    outer loop
      vertex -0.6209857198640483 -4.542102820858336 -0.725371293747761
      vertex -2.3262792982409697 -2.0547511199199713 -3.450928465656851
      vertex -2.1042792538581994 -2.0376278532798384 -3.600356422166811
    endloop
  endfacet
  facet normal -0.2988078634077867 -0.790569638611727 -0.5345217556573324
    outer loop
      vertex -1.6201846904139556 -2.067696840842857 -3.8265018171476575
      vertex -1.3663731635493825 -2.114374606332107 -3.8993498452110735
      vertex 0.04121593097483271 -4.491026004777616 -1.1710984095124983
    endloop
  endfacet
  facet normal -0.29880786340778476 -0.790569638611727 -0.5345217556573334
    outer loop
      vertex -1.3663731635493825 -2.114374606332107 -3.8993498452110735
      vertex -1.1104725034108105 -2.1812024733747855 -3.9435632875142077
      vertex 0.22270747559203521 -4.432217399394561 -1.3595348903713953
    endloop
  endfacet
  facet normal -0.29880786340778576 -0.790569638611727 -0.534521755657333
    outer loop
      vertex -1.1104725034108105 -2.1812024733747855 -3.9435632875142077
      vertex -0.8568612412422772 -2.2670369986376073 -3.9583856398009725
      vertex 0.3790985431711397 -4.353899962748207 -1.5627937235170568
    endloop
  endfacet
  facet normal -0.2988078634077864 -0.7905696386117269 -0.5345217556573324
    outer loop
      vertex -0.3737509269856773 -2.4895513335834925 -3.8993498452110735
      vertex 0.6733238989543623 -4.016821114186653 -2.225818473514588
      vertex 0.6063509305292846 -4.144409601059152 -1.9996730785337409
    endloop
  endfacet
  facet normal -0.2988078634077869 -0.7905696386117271 -0.5345217556573321
    outer loop
      vertex -0.8568612412422772 -2.2670369986376073 -3.9583856398009725
      vertex 0.5077132391860716 -4.257413727893269 -1.7773970939603654
      vertex 0.3790985431711397 -4.353899962748207 -1.5627937235170568
    endloop
  endfacet
  facet normal -0.29880786340778304 -0.7905696386117271 -0.5345217556573341
    outer loop
      vertex -0.6098787360538124 -2.3704095295955 -3.9435632875142077
      vertex 0.6063509305292846 -4.144409601059152 -1.9996730785337409
      vertex 0.5077132391860716 -4.257413727893269 -1.7773970939603654
    endloop
  endfacet
  facet normal -0.2988078634077861 -0.7905696386117268 -0.534521755657333
    outer loop
      vertex -1.1104725034108105 -2.1812024733747855 -3.9435632875142077
      vertex 0.3790985431711397 -4.353899962748207 -1.5627937235170568
      vertex 0.22270747559203521 -4.432217399394561 -1.3595348903713953
    endloop
  endfacet
  facet normal -0.29880786340778526 -0.7905696386117269 -0.5345217556573334
    outer loop
      vertex -0.1525180263180251 -2.6224238613030026 -3.8265018171476575
      vertex 0.675612204058058 -3.5694002007359087 -2.8888432235121186
      vertex 0.7082533621182546 -3.7268355473007286 -2.67423985306881
    endloop
  endfacet
  facet normal -0.2988078634077863 -0.7905696386117272 -0.5345217556573321
    outer loop
      vertex -0.1525180263180251 -2.6224238613030026 -3.8265018171476575
      vertex 0.7082533621182546 -3.7268355473007286 -2.67423985306881
      vertex 0.7074862184031364 -3.8768313416603712 -2.4519638684954344
    endloop
  endfacet
  facet normal -0.29880786340778565 -0.790569638611727 -0.5345217556573328
    outer loop
      vertex -0.1525180263180251 -2.6224238613030026 -3.8265018171476575
      vertex 0.7074862184031364 -3.8768313416603712 -2.4519638684954344
      vertex 0.6733238989543623 -4.016821114186653 -2.225818473514588
    endloop
  endfacet
  facet normal 0.825025418514871 0.4955104437906339 0.2716660797721552
    outer loop
      vertex -2.8676485614452143 2.2301707045262082 -2.8888432235121186
      vertex -9.394121583411964 19.497559050809613 -14.56370940061484
      vertex -9.642703659470044 19.91144847313179 -14.56370940061484
    endloop
  endfacet
  facet normal 0.7553626643341615 0.5382369663848429 0.3738023720454944
    outer loop
      vertex -2.7112574938661096 2.151853267879854 -3.09210205665778
      vertex -9.124104948663334 19.118617251237197 -14.56370940061484
      vertex -9.394121583411964 19.497559050809613 -14.56370940061484
    endloop
  endfacet
  facet normal 0.6727754455406166 0.5717541052567172 0.4695428020955228
    outer loop
      vertex -2.5297659492489073 2.0930446624967987 -3.280538537516677
      vertex -8.83727381470746 18.78110687366774 -14.56370940061484
      vertex -9.124104948663334 19.118617251237197 -14.56370940061484
    endloop
  endfacet
  facet normal 0.5786768523452575 0.5954883728674735 0.557249224619859
    outer loop
      vertex -2.326279298240969 2.0547511199199717 -3.450928465656851
      vertex -8.538535941770942 18.490802814237018 -14.56370940061484
      vertex -8.83727381470746 18.78110687366774 -14.56370940061484
    endloop
  endfacet
  facet normal 0.4746769377667459 0.6090336693178955 0.6354209584122679
    outer loop
      vertex -2.326279298240969 2.0547511199199717 -3.450928465656851
      vertex -8.233002817685506 18.25267225588938 -14.56370940061484
      vertex -8.538535941770942 18.490802814237018 -14.56370940061484
    endloop
  endfacet
  facet normal 0.3625551691777277 0.6121582308302544 0.702720463434275
    outer loop
      vertex -2.1042792538581985 2.037627853279839 -3.600356422166811
      vertex -7.92590219891404 18.070789678500418 -14.56370940061484
      vertex -8.233002817685506 18.25267225588938 -14.56370940061484
    endloop
  endfacet
  facet normal 0.244229981124812 0.6048085952907829 0.7579962264959925
    outer loop
      vertex -1.8675642984100262 2.0419678464160786 -3.7262656532814145
      vertex -7.622488662188105 17.94826714339663 -14.56370940061484
      vertex -7.92590219891404 18.070789678500418 -14.56370940061484
    endloop
  endfacet
  facet normal 0.12172595038148669 0.5871105170012617 0.8003024639661152
    outer loop
      vertex -1.6201846904139547 2.0676968408428573 -3.8265018171476575
      vertex -7.3279536972432044 17.887201045123316 -14.56370940061484
      vertex -7.622488662188105 17.94826714339663 -14.56370940061484
    endloop
  endfacet
  facet normal 0.9210512726363163 0.38549856444994246 0.055275763061723396
    outer loop
      vertex -3.1618739172284367 2.5672495530877613 -2.225818473514588
      vertex -3.094900948803359 2.4396610662152627 -2.4519638684954344
      vertex -10.058990429074484 20.815266342364243 -14.56370940061484
    endloop
  endfacet
  facet normal 0.9457713435896412 0.3200955414600287 -0.05527576306172362
    outer loop
      vertex -3.1618739172284367 2.5672495530877613 -2.225818473514588
      vertex -10.219572340576413 21.289730214946296 -14.56370940061484
      vertex -3.1960362366772106 2.7072393256140437 -1.9996730785337409
    endloop
  endfacet
  facet normal 0.9543090046367916 0.24921559500848597 -0.16488150555384382
    outer loop
      vertex -3.1960362366772106 2.7072393256140437 -1.9996730785337409
      vertex -10.219572340576413 21.289730214946296 -14.56370940061484
      vertex -3.196803380392329 2.8572351199736867 -1.7773970939603654
    endloop
  endfacet
  facet normal 0.9465181740301645 0.1740715006307289 -0.2716660797721518
    outer loop
      vertex -3.196803380392329 2.8572351199736867 -1.7773970939603654
      vertex -10.344596002074525 21.76847716477601 -14.56370940061484
      vertex -3.164162222332132 3.0146704665385062 -1.5627937235170568
    endloop
  endfacet
  facet normal 0.9225321550414661 0.09594899461544447 -0.3738023720454884
    outer loop
      vertex -3.164162222332132 3.0146704665385062 -1.5627937235170568
      vertex -10.431922224057478 22.243315698808075 -14.56370940061484
      vertex -3.09867126176087 3.176851602879454 -1.3595348903713953
    endloop
  endfacet
  facet normal 0.8827613551057735 0.016184774700202378 -0.46954280209553023
    outer loop
      vertex -3.09867126176087 3.176851602879454 -1.3595348903713953
      vertex -10.480056830655741 22.70612119807508 -14.56370940061484
      vertex -3.001451067171441 3.34100356478863 -1.1710984095124983
    endloop
  endfacet
  facet normal 0.8278862636365347 -0.06385637119742812 -0.5572492246198594
    outer loop
      vertex -3.001451067171441 3.34100356478863 -1.1710984095124983
      vertex -10.488176225404983 23.148974932170656 -14.56370940061484
      vertex -2.874165103047801 3.5043176666862466 -1.0007084813723242
    endloop
  endfacet
  facet normal 0.9225321550414666 0.09594899461544408 -0.37380237204548766
    outer loop
      vertex -3.09867126176087 3.176851602879454 -1.3595348903713953
      vertex -10.431922224057478 22.243315698808075 -14.56370940061484
      vertex -10.480056830655741 22.70612119807508 -14.56370940061484
    endloop
  endfacet
  facet normal 0.882761355105773 0.016184774700200612 -0.46954280209553106
    outer loop
      vertex -3.001451067171441 3.34100356478863 -1.1710984095124983
      vertex -10.480056830655741 22.70612119807508 -14.56370940061484
      vertex -10.488176225404983 23.148974932170656 -14.56370940061484
    endloop
  endfacet
  facet normal 0.8805717590445271 0.44430560012172243 0.16488150555384742
    outer loop
      vertex -2.996263257460146 2.3266569393811465 -2.67423985306881
      vertex -9.642703659470044 19.91144847313179 -14.56370940061484
      vertex -9.86559786859625 20.353203755435977 -14.56370940061484
    endloop
  endfacet
  facet normal 0.9457713435896424 0.3200955414600238 -0.05527576306173115
    outer loop
      vertex -3.1618739172284367 2.5672495530877613 -2.225818473514588
      vertex -10.058990429074484 20.815266342364243 -14.56370940061484
      vertex -10.219572340576413 21.289730214946296 -14.56370940061484
    endloop
  endfacet
  facet normal 0.9210512726363165 0.3854985644499419 0.05527576306172414
    outer loop
      vertex -3.094900948803359 2.4396610662152627 -2.4519638684954344
      vertex -9.86559786859625 20.353203755435977 -14.56370940061484
      vertex -10.058990429074484 20.815266342364243 -14.56370940061484
    endloop
  endfacet
  facet normal 0.9543090046367915 0.24921559500848736 -0.16488150555384262
    outer loop
      vertex -3.196803380392329 2.8572351199736867 -1.7773970939603654
      vertex -10.219572340576413 21.289730214946296 -14.56370940061484
      vertex -10.344596002074525 21.76847716477601 -14.56370940061484
    endloop
  endfacet
  facet normal 0.9465181740301647 0.1740715006307306 -0.27166607977215057
    outer loop
      vertex -3.164162222332132 3.0146704665385062 -1.5627937235170568
      vertex -10.344596002074525 21.76847716477601 -14.56370940061484
      vertex -10.431922224057478 22.243315698808075 -14.56370940061484
    endloop
  endfacet
  facet normal 0.8278862636365365 -0.06385637119742753 -0.5572492246198567
    outer loop
      vertex -2.874165103047801 3.5043176666862466 -1.0007084813723242
      vertex -10.488176225404983 23.148974932170656 -14.56370940061484
      vertex -10.456141483209924 23.564299550922172 -14.56370940061484
    endloop
  endfacet
  facet normal 0.7588458086630392 -0.14280491687953994 -0.6354209584122683
    outer loop
      vertex -2.718991267526441 3.6639995590096124 -0.8512805248623645
      vertex -10.456141483209924 23.564299550922172 -14.56370940061484
      vertex -10.38450072739123 23.94498873495304 -14.56370940061484
    endloop
  endfacet
  facet normal 0.676821291511503 -0.21931003084084486 -0.7027204634342795
    outer loop
      vertex -2.538584627955447 3.8173170403088896 -0.725371293747761
      vertex -10.38450072739123 23.94498873495304 -14.56370940061484
      vertex -10.274479751143526 24.284528786777518 -14.56370940061484
    endloop
  endfacet
  facet normal 0.5832161744119186 -0.2920626893702179 -0.7579962264959913
    outer loop
      vertex -2.336031991956049 3.961646805971412 -0.6251351298815178
      vertex -10.274479751143526 24.284528786777518 -14.56370940061484
      vertex -10.127961043873993 24.57711008197061 -14.56370940061484
    endloop
  endfacet
  facet normal 0.4796320668700479 -0.35981807430940954 -0.8003024639661146
    outer loop
      vertex -2.1147990912883965 4.094519333690922 -0.5522871018181019
      vertex -10.127961043873993 24.57711008197061 -14.56370940061484
      vertex -9.94745158128667 24.817726473452684 -14.56370940061484
    endloop
  endfacet
  facet normal 0.3678413216848944 -0.42141687223675 -0.8289153043920137
    outer loop
      vertex -1.8786712822202616 4.213661137678915 -0.5080736595149677
      vertex -9.94745158128667 24.817726473452684 -14.56370940061484
      vertex -9.736039930333101 25.00226094805402 -14.56370940061484
    endloop
  endfacet
  facet normal 0.24975670950087075 -0.47580511064127134 -0.8433451741410188
    outer loop
      vertex -1.6316887770317967 4.317033668636807 -0.49325130722820304
      vertex -9.736039930333101 25.00226094805402 -14.56370940061484
      vertex -9.49734340297549 25.127556069751584 -14.56370940061484
    endloop
  endfacet
  facet normal 0.1273986907715931 -0.5220521916846407 -0.84334517414102
    outer loop
      vertex -1.6316887770317967 4.317033668636807 -0.49325130722820304
      vertex -9.49734340297549 25.127556069751584 -14.56370940061484
      vertex -9.235446162976102 25.191468004274736 -14.56370940061484
    endloop
  endfacet
  facet normal 0.0028608451216705602 -0.5593668149880594 -0.8289153043920132
    outer loop
      vertex -1.3780775148632634 4.402868193899629 -0.5080736595149677
      vertex -9.235446162976102 25.191468004274736 -14.56370940061484
      vertex -8.954829344722963 25.19290320070407 -14.56370940061484
    endloop
  endfacet
  facet normal -0.12172595038148339 -0.5871105170012622 -0.8003024639661153
    outer loop
      vertex -1.1221768547246913 4.469696060942307 -0.5522871018181019
      vertex -8.954829344722963 25.19290320070407 -14.56370940061484
      vertex -8.660294379778064 25.131837102430755 -14.56370940061484
    endloop
  endfacet
  facet normal -0.244229981124817 -0.6048085952907833 -0.7579962264959905
    outer loop
      vertex -0.8683653278601183 4.516373826431557 -0.6251351298815178
      vertex -8.660294379778064 25.131837102430755 -14.56370940061484
      vertex -8.356880843052126 25.009314567326964 -14.56370940061484
    endloop
  endfacet
  facet normal -0.3625551691777307 -0.6121582308302549 -0.702720463434273
    outer loop
      vertex -0.6209857198640468 4.542102820858336 -0.725371293747761
      vertex -8.356880843052126 25.009314567326964 -14.56370940061484
      vertex -8.049780224280664 24.827431989938002 -14.56370940061484
    endloop
  endfacet
  facet normal -0.47467693776673525 -0.6090336693178966 -0.635420958412275
    outer loop
      vertex -0.3842707644158746 4.546442813994576 -0.8512805248623645
      vertex -8.049780224280664 24.827431989938002 -14.56370940061484
      vertex -7.744247100195228 24.589301431590364 -14.56370940061484
    endloop
  endfacet
  facet normal -0.002860845121657114 0.559366814988064 0.8289153043920103
    outer loop
      vertex -1.3663731635493817 2.114374606332107 -3.8993498452110735
      vertex -7.0473368789900634 17.888636241552643 -14.56370940061484
      vertex -7.3279536972432044 17.887201045123316 -14.56370940061484
    endloop
  endfacet
  facet normal -0.12739869077160718 0.5220521916846363 0.8433451741410204
    outer loop
      vertex -1.1104725034108096 2.181202473374786 -3.9435632875142077
      vertex -6.7854396389906775 17.9525481760758 -14.56370940061484
      vertex -7.0473368789900634 17.888636241552643 -14.56370940061484
    endloop
  endfacet
  facet normal -0.249756709500852 0.4758051106412789 0.84334517414102
    outer loop
      vertex -0.6098787360538114 2.3704095295955 -3.9435632875142077
      vertex -6.546743111633066 18.077843297773356 -14.56370940061484
      vertex -6.7854396389906775 17.9525481760758 -14.56370940061484
    endloop
  endfacet
  facet normal -0.36784132168491673 0.42141687223673996 0.8289153043920091
    outer loop
      vertex -0.37375092698567636 2.4895513335834925 -3.8993498452110735
      vertex -6.3353314606795 18.262377772374702 -14.56370940061484
      vertex -6.546743111633066 18.077843297773356 -14.56370940061484
    endloop
  endfacet
  facet normal -0.47963206687004456 0.3598180743094121 0.8003024639661153
    outer loop
      vertex -0.15251802631802416 2.622423861303002 -3.8265018171476575
      vertex -6.154821998092174 18.502994163856776 -14.56370940061484
      vertex -6.3353314606795 18.262377772374702 -14.56370940061484
    endloop
  endfacet
  facet normal -0.583216174411912 0.2920626893702231 0.7579962264959943
    outer loop
      vertex -6.154821998092174 18.502994163856776 -14.56370940061484
      vertex 0.05003460968137394 2.7667536269655244 -3.7262656532814145
      vertex -6.00830329082264 18.795575459049864 -14.56370940061484
    endloop
  endfacet
  facet normal -0.6768212915115126 0.21931003084083886 0.7027204634342724
    outer loop
      vertex -6.00830329082264 18.795575459049864 -14.56370940061484
      vertex 0.23044124925236772 2.920071108264802 -3.600356422166811
      vertex -5.8982823145749395 19.135115510874343 -14.56370940061484
    endloop
  endfacet
  facet normal -0.7588458086630371 0.14280491687954122 0.6354209584122708
    outer loop
      vertex -5.8982823145749395 19.135115510874343 -14.56370940061484
      vertex 0.38561508477372786 3.0797530005881675 -3.450928465656851
      vertex -5.826641558756244 19.515804694905214 -14.56370940061484
    endloop
  endfacet
  facet normal 0.7553626643341663 0.5382369663848396 0.37380237204548933
    outer loop
      vertex -2.7112574938661096 2.151853267879854 -3.09210205665778
      vertex -9.394121583411964 19.497559050809613 -14.56370940061484
      vertex -2.8676485614452143 2.2301707045262082 -2.8888432235121186
    endloop
  endfacet
  facet normal 0.8250254185148724 0.49551044379063414 0.2716660797721506
    outer loop
      vertex -2.8676485614452143 2.2301707045262082 -2.8888432235121186
      vertex -9.642703659470044 19.91144847313179 -14.56370940061484
      vertex -2.996263257460146 2.3266569393811465 -2.67423985306881
    endloop
  endfacet
  facet normal 0.6727754455406088 0.5717541052567203 0.46954280209553045
    outer loop
      vertex -2.5297659492489073 2.0930446624967987 -3.280538537516677
      vertex -9.124104948663334 19.118617251237197 -14.56370940061484
      vertex -2.7112574938661096 2.151853267879854 -3.09210205665778
    endloop
  endfacet
  facet normal 0.5786768523452569 0.5954883728674732 0.5572492246198597
    outer loop
      vertex -2.5297659492489073 2.0930446624967987 -3.280538537516677
      vertex -2.326279298240969 2.0547511199199717 -3.450928465656851
      vertex -8.83727381470746 18.78110687366774 -14.56370940061484
    endloop
  endfacet
  facet normal 0.4746769377667433 0.6090336693178954 0.6354209584122699
    outer loop
      vertex -2.1042792538581985 2.037627853279839 -3.600356422166811
      vertex -8.233002817685506 18.25267225588938 -14.56370940061484
      vertex -2.326279298240969 2.0547511199199717 -3.450928465656851
    endloop
  endfacet
  facet normal 0.36255516917773123 0.6121582308302543 0.7027204634342732
    outer loop
      vertex -2.1042792538581985 2.037627853279839 -3.600356422166811
      vertex -1.8675642984100262 2.0419678464160786 -3.7262656532814145
      vertex -7.92590219891404 18.070789678500418 -14.56370940061484
    endloop
  endfacet
  facet normal 0.24422998112480462 0.6048085952907818 0.7579962264959957
    outer loop
      vertex -1.6201846904139547 2.0676968408428573 -3.8265018171476575
      vertex -7.622488662188105 17.94826714339663 -14.56370940061484
      vertex -1.8675642984100262 2.0419678464160786 -3.7262656532814145
    endloop
  endfacet
  facet normal 0.8805717590445282 0.4443056001217215 0.16488150555384404
    outer loop
      vertex -2.996263257460146 2.3266569393811465 -2.67423985306881
      vertex -9.86559786859625 20.353203755435977 -14.56370940061484
      vertex -3.094900948803359 2.4396610662152627 -2.4519638684954344
    endloop
  endfacet
  facet normal 0.7588458086630374 -0.14280491687954092 -0.6354209584122704
    outer loop
      vertex -2.874165103047801 3.5043176666862466 -1.0007084813723242
      vertex -10.456141483209924 23.564299550922172 -14.56370940061484
      vertex -2.718991267526441 3.6639995590096124 -0.8512805248623645
    endloop
  endfacet
  facet normal 0.12172595038149095 0.5871105170012623 0.8003024639661142
    outer loop
      vertex -1.6201846904139547 2.0676968408428573 -3.8265018171476575
      vertex -1.3663731635493817 2.114374606332107 -3.8993498452110735
      vertex -7.3279536972432044 17.887201045123316 -14.56370940061484
    endloop
  endfacet
  facet normal -0.0028608451216636933 0.5593668149880625 0.8289153043920111
    outer loop
      vertex -1.3663731635493817 2.114374606332107 -3.8993498452110735
      vertex -1.1104725034108096 2.181202473374786 -3.9435632875142077
      vertex -7.0473368789900634 17.888636241552643 -14.56370940061484
    endloop
  endfacet
  facet normal -0.12739869077160426 0.5220521916846385 0.8433451741410196
    outer loop
      vertex -1.1104725034108096 2.181202473374786 -3.9435632875142077
      vertex -0.8568612412422764 2.2670369986376073 -3.9583856398009725
      vertex -6.7854396389906775 17.9525481760758 -14.56370940061484
    endloop
  endfacet
  facet normal -0.24975670950085938 0.47580511064127573 0.8433451741410196
    outer loop
      vertex -0.8568612412422764 2.2670369986376073 -3.9583856398009725
      vertex -0.6098787360538114 2.3704095295955 -3.9435632875142077
      vertex -6.7854396389906775 17.9525481760758 -14.56370940061484
    endloop
  endfacet
  facet normal -0.3678413216849071 0.4214168722367442 0.828915304392011
    outer loop
      vertex -0.6098787360538114 2.3704095295955 -3.9435632875142077
      vertex -0.37375092698567636 2.4895513335834925 -3.8993498452110735
      vertex -6.546743111633066 18.077843297773356 -14.56370940061484
    endloop
  endfacet
  facet normal -0.4796320668700485 0.3598180743094095 0.8003024639661143
    outer loop
      vertex -0.37375092698567636 2.4895513335834925 -3.8993498452110735
      vertex -0.15251802631802416 2.622423861303002 -3.8265018171476575
      vertex -6.3353314606795 18.262377772374702 -14.56370940061484
    endloop
  endfacet
  facet normal -0.5832161744119096 0.2920626893702248 0.7579962264959955
    outer loop
      vertex -0.15251802631802416 2.622423861303002 -3.8265018171476575
      vertex 0.05003460968137394 2.7667536269655244 -3.7262656532814145
      vertex -6.154821998092174 18.502994163856776 -14.56370940061484
    endloop
  endfacet
  facet normal -0.4746769377667431 -0.6090336693178954 -0.6354209584122701
    outer loop
      vertex -0.16227072003310442 4.529319547354443 -1.0007084813723242
      vertex -0.3842707644158746 4.546442813994576 -0.8512805248623645
      vertex -7.744247100195228 24.589301431590364 -14.56370940061484
    endloop
  endfacet
  facet normal -0.5786768523452577 -0.595488372867473 -0.557249224619859
    outer loop
      vertex -0.16227072003310442 4.529319547354443 -1.0007084813723242
      vertex -7.445509227258707 24.298997372159644 -14.56370940061484
      vertex 0.041215930974834086 4.491026004777615 -1.1710984095124983
    endloop
  endfacet
  facet normal -0.7553626643341677 -0.538236966384839 -0.37380237204548783
    outer loop
      vertex -6.888661458554205 23.582545195017772 -14.56370940061484
      vertex 0.3790985431711411 4.353899962748206 -1.5627937235170568
      vertex 0.2227074755920366 4.432217399394561 -1.3595348903713953
    endloop
  endfacet
  facet normal -0.672775445540611 -0.5717541052567189 -0.4695428020955291
    outer loop
      vertex -7.158678093302834 23.96148699459019 -14.56370940061484
      vertex 0.2227074755920366 4.432217399394561 -1.3595348903713953
      vertex 0.041215930974834086 4.491026004777615 -1.1710984095124983
    endloop
  endfacet
  facet normal -0.6768212915115105 0.21931003084084055 0.7027204634342737
    outer loop
      vertex -6.00830329082264 18.795575459049864 -14.56370940061484
      vertex 0.05003460968137394 2.7667536269655244 -3.7262656532814145
      vertex 0.23044124925236772 2.920071108264802 -3.600356422166811
    endloop
  endfacet
  facet normal -0.7588458086630364 0.14280491687954153 0.6354209584122714
    outer loop
      vertex -5.8982823145749395 19.135115510874343 -14.56370940061484
      vertex 0.23044124925236772 2.920071108264802 -3.600356422166811
      vertex 0.38561508477372786 3.0797530005881675 -3.450928465656851
    endloop
  endfacet
  facet normal -0.827886263636536 0.06385637119742722 0.5572492246198576
    outer loop
      vertex -5.826641558756244 19.515804694905214 -14.56370940061484
      vertex 0.38561508477372786 3.0797530005881675 -3.450928465656851
      vertex 0.512901048897368 3.2430671024857847 -3.280538537516677
    endloop
  endfacet
  facet normal -0.8827613551057722 -0.016184774700201212 0.4695428020955326
    outer loop
      vertex -5.794606816561186 19.931129313656726 -14.56370940061484
      vertex 0.512901048897368 3.2430671024857847 -3.280538537516677
      vertex 0.6101212434867969 3.4072190643949605 -3.09210205665778
    endloop
  endfacet
  facet normal -0.9225321550414661 -0.09594899461544341 0.37380237204548866
    outer loop
      vertex -5.8027262113104285 20.3739830477523 -14.56370940061484
      vertex 0.6101212434867969 3.4072190643949605 -3.09210205665778
      vertex 0.675612204058059 3.5694002007359082 -2.8888432235121186
    endloop
  endfacet
  facet normal -0.9465181740301646 -0.1740715006307269 0.2716660797721536
    outer loop
      vertex -5.850860817908691 20.83678854701931 -14.56370940061484
      vertex 0.675612204058059 3.5694002007359082 -2.8888432235121186
      vertex 0.7082533621182558 3.7268355473007277 -2.67423985306881
    endloop
  endfacet
  facet normal -0.9543090046367916 -0.24921559500848717 0.1648815055538426
    outer loop
      vertex -5.938187039891641 21.311627081051373 -14.56370940061484
      vertex 0.7082533621182558 3.7268355473007277 -2.67423985306881
      vertex 0.7074862184031376 3.876831341660371 -2.4519638684954344
    endloop
  endfacet
  facet normal -0.9457713435896417 -0.32009554146002756 0.05527576306172428
    outer loop
      vertex -6.063210701389753 21.79037403088109 -14.56370940061484
      vertex 0.7074862184031376 3.876831341660371 -2.4519638684954344
      vertex 0.6733238989543635 4.016821114186653 -2.225818473514588
    endloop
  endfacet
  facet normal -0.8805717590445287 -0.44430560012172127 -0.16488150555384198
    outer loop
      vertex -6.417185173369916 22.7269004903914 -14.56370940061484
      vertex 0.6063509305292858 4.144409601059152 -1.9996730785337409
      vertex 0.5077132391860728 4.257413727893268 -1.7773970939603654
    endloop
  endfacet
  facet normal -0.9210512726363161 -0.38549856444994224 -0.05527576306172585
    outer loop
      vertex -6.223792612891684 22.264837903463132 -14.56370940061484
      vertex 0.6733238989543635 4.016821114186653 -2.225818473514588
      vertex 0.6063509305292858 4.144409601059152 -1.9996730785337409
    endloop
  endfacet
  facet normal -0.8250254185148697 -0.49551044379063536 -0.27166607977215623
    outer loop
      vertex -6.640079382496124 23.168655772695587 -14.56370940061484
      vertex 0.5077132391860728 4.257413727893268 -1.7773970939603654
      vertex 0.3790985431711411 4.353899962748206 -1.5627937235170568
    endloop
  endfacet
  facet normal -0.7553626643341657 -0.5382369663848401 -0.37380237204549016
    outer loop
      vertex -7.158678093302834 23.96148699459019 -14.56370940061484
      vertex -6.888661458554205 23.582545195017772 -14.56370940061484
      vertex 0.2227074755920366 4.432217399394561 -1.3595348903713953
    endloop
  endfacet
  facet normal -0.827886263636535 0.0638563711974278 0.557249224619859
    outer loop
      vertex -5.826641558756244 19.515804694905214 -14.56370940061484
      vertex 0.512901048897368 3.2430671024857847 -3.280538537516677
      vertex -5.794606816561186 19.931129313656726 -14.56370940061484
    endloop
  endfacet
  facet normal -0.8827613551057735 -0.016184774700202596 0.46954280209553
    outer loop
      vertex -5.794606816561186 19.931129313656726 -14.56370940061484
      vertex 0.6101212434867969 3.4072190643949605 -3.09210205665778
      vertex -5.8027262113104285 20.3739830477523 -14.56370940061484
    endloop
  endfacet
  facet normal -0.922532155041466 -0.09594899461544405 0.37380237204548894
    outer loop
      vertex -5.8027262113104285 20.3739830477523 -14.56370940061484
      vertex 0.675612204058059 3.5694002007359082 -2.8888432235121186
      vertex -5.850860817908691 20.83678854701931 -14.56370940061484
    endloop
  endfacet
  facet normal -0.9465181740301638 -0.17407150063072502 0.27166607977215707
    outer loop
      vertex -5.850860817908691 20.83678854701931 -14.56370940061484
      vertex 0.7082533621182558 3.7268355473007277 -2.67423985306881
      vertex -5.938187039891641 21.311627081051373 -14.56370940061484
    endloop
  endfacet
  facet normal -0.9543090046367917 -0.24921559500848567 0.16488150555384432
    outer loop
      vertex -5.938187039891641 21.311627081051373 -14.56370940061484
      vertex 0.7074862184031376 3.876831341660371 -2.4519638684954344
      vertex -6.063210701389753 21.79037403088109 -14.56370940061484
    endloop
  endfacet
  facet normal -0.8805717590445251 -0.4443056001217248 -0.1648815055538506
    outer loop
      vertex -6.417185173369916 22.7269004903914 -14.56370940061484
      vertex 0.5077132391860728 4.257413727893268 -1.7773970939603654
      vertex -6.640079382496124 23.168655772695587 -14.56370940061484
    endloop
  endfacet
  facet normal -0.8250254185148738 -0.4955104437906331 -0.2716660797721484
    outer loop
      vertex -6.640079382496124 23.168655772695587 -14.56370940061484
      vertex 0.3790985431711411 4.353899962748206 -1.5627937235170568
      vertex -6.888661458554205 23.582545195017772 -14.56370940061484
    endloop
  endfacet
  facet normal -0.9210512726363191 -0.38549856444993696 -0.05527576306171379
    outer loop
      vertex -6.417185173369916 22.7269004903914 -14.56370940061484
      vertex -6.223792612891684 22.264837903463132 -14.56370940061484
      vertex 0.6063509305292858 4.144409601059152 -1.9996730785337409
    endloop
  endfacet
  facet normal -0.9457713435896399 -0.32009554146003405 0.055275763061715256
    outer loop
      vertex -6.063210701389753 21.79037403088109 -14.56370940061484
      vertex 0.6733238989543635 4.016821114186653 -2.225818473514588
      vertex -6.223792612891684 22.264837903463132 -14.56370940061484
    endloop
  endfacet
  facet normal -0.5786768523452537 -0.5954883728674741 -0.5572492246198621
    outer loop
      vertex -0.16227072003310442 4.529319547354443 -1.0007084813723242
      vertex -7.744247100195228 24.589301431590364 -14.56370940061484
      vertex -7.445509227258707 24.298997372159644 -14.56370940061484
    endloop
  endfacet
  facet normal -0.6727754455406109 -0.5717541052567198 -0.46954280209552846
    outer loop
      vertex -7.158678093302834 23.96148699459019 -14.56370940061484
      vertex 0.041215930974834086 4.491026004777615 -1.1710984095124983
      vertex -7.445509227258707 24.298997372159644 -14.56370940061484
    endloop
  endfacet
  facet normal -0.29880786340778437 0.790569638611727 -0.5345217556573336
    outer loop
      vertex -2.7112574938661096 2.151853267879854 -3.09210205665778
      vertex -2.8676485614452143 2.2301707045262082 -2.8888432235121186
      vertex -1.3780775148632634 4.402868193899629 -0.5080736595149677
    endloop
  endfacet
  facet normal -0.29880786340778687 0.7905696386117271 -0.5345217556573322
    outer loop
      vertex -2.5297659492489073 2.0930446624967987 -3.280538537516677
      vertex -2.7112574938661096 2.151853267879854 -3.09210205665778
      vertex -1.1221768547246913 4.469696060942307 -0.5522871018181019
    endloop
  endfacet
  facet normal -0.29880786340777493 0.7905696386117294 -0.5345217556573354
    outer loop
      vertex -3.1960362366772106 2.7072393256140437 -1.9996730785337409
      vertex -3.196803380392329 2.8572351199736867 -1.7773970939603654
      vertex -3.164162222332132 3.0146704665385062 -1.5627937235170568
    endloop
  endfacet
  facet normal -0.2988078634077866 0.7905696386117268 -0.5345217556573327
    outer loop
      vertex -3.1960362366772106 2.7072393256140437 -1.9996730785337409
      vertex -3.164162222332132 3.0146704665385062 -1.5627937235170568
      vertex -3.09867126176087 3.176851602879454 -1.3595348903713953
    endloop
  endfacet
  facet normal -0.2988078634077817 0.7905696386117277 -0.5345217556573342
    outer loop
      vertex -3.1960362366772106 2.7072393256140437 -1.9996730785337409
      vertex -3.09867126176087 3.176851602879454 -1.3595348903713953
      vertex -3.001451067171441 3.34100356478863 -1.1710984095124983
    endloop
  endfacet
  facet normal -0.29880786340778526 0.7905696386117271 -0.534521755657333
    outer loop
      vertex -3.1618739172284367 2.5672495530877613 -2.225818473514588
      vertex -3.1960362366772106 2.7072393256140437 -1.9996730785337409
      vertex -2.538584627955447 3.8173170403088896 -0.725371293747761
    endloop
  endfacet
  facet normal -0.29880786340778664 0.790569638611727 -0.5345217556573322
    outer loop
      vertex -3.1618739172284367 2.5672495530877613 -2.225818473514588
      vertex -2.1147990912883965 4.094519333690922 -0.5522871018181019
      vertex -3.094900948803359 2.4396610662152627 -2.4519638684954344
    endloop
  endfacet
  facet normal -0.2988078634077861 0.7905696386117269 -0.5345217556573327
    outer loop
      vertex -3.1960362366772106 2.7072393256140437 -1.9996730785337409
      vertex -3.001451067171441 3.34100356478863 -1.1710984095124983
      vertex -2.874165103047801 3.5043176666862466 -1.0007084813723242
    endloop
  endfacet
  facet normal -0.2988078634077859 0.7905696386117271 -0.5345217556573324
    outer loop
      vertex -3.1960362366772106 2.7072393256140437 -1.9996730785337409
      vertex -2.874165103047801 3.5043176666862466 -1.0007084813723242
      vertex -2.718991267526441 3.6639995590096124 -0.8512805248623645
    endloop
  endfacet
  facet normal -0.29880786340778465 0.7905696386117271 -0.5345217556573333
    outer loop
      vertex -3.1960362366772106 2.7072393256140437 -1.9996730785337409
      vertex -2.718991267526441 3.6639995590096124 -0.8512805248623645
      vertex -2.538584627955447 3.8173170403088896 -0.725371293747761
    endloop
  endfacet
  facet normal -0.29880786340778465 0.790569638611727 -0.5345217556573334
    outer loop
      vertex -2.996263257460146 2.3266569393811465 -2.67423985306881
      vertex -3.094900948803359 2.4396610662152627 -2.4519638684954344
      vertex -1.8786712822202616 4.213661137678915 -0.5080736595149677
    endloop
  endfacet
  facet normal -0.29880786340778587 0.7905696386117271 -0.5345217556573326
    outer loop
      vertex -2.8676485614452143 2.2301707045262082 -2.8888432235121186
      vertex -2.996263257460146 2.3266569393811465 -2.67423985306881
      vertex -1.6316887770317967 4.317033668636807 -0.49325130722820304
    endloop
  endfacet
  facet normal -0.29880786340778515 0.7905696386117272 -0.534521755657333
    outer loop
      vertex -3.1618739172284367 2.5672495530877613 -2.225818473514588
      vertex -2.538584627955447 3.8173170403088896 -0.725371293747761
      vertex -2.336031991956049 3.961646805971412 -0.6251351298815178
    endloop
  endfacet
  facet normal -0.2988078634077862 0.7905696386117269 -0.5345217556573326
    outer loop
      vertex -3.1618739172284367 2.5672495530877613 -2.225818473514588
      vertex -2.336031991956049 3.961646805971412 -0.6251351298815178
      vertex -2.1147990912883965 4.094519333690922 -0.5522871018181019
    endloop
  endfacet
  facet normal -0.2988078634077859 0.7905696386117272 -0.5345217556573324
    outer loop
      vertex -3.094900948803359 2.4396610662152627 -2.4519638684954344
      vertex -2.1147990912883965 4.094519333690922 -0.5522871018181019
      vertex -1.8786712822202616 4.213661137678915 -0.5080736595149677
    endloop
  endfacet
  facet normal -0.29880786340778537 0.7905696386117268 -0.5345217556573332
    outer loop
      vertex -2.996263257460146 2.3266569393811465 -2.67423985306881
      vertex -1.8786712822202616 4.213661137678915 -0.5080736595149677
      vertex -1.6316887770317967 4.317033668636807 -0.49325130722820304
    endloop
  endfacet
  facet normal -0.2988078634077844 0.7905696386117271 -0.5345217556573334
    outer loop
      vertex -2.8676485614452143 2.2301707045262082 -2.8888432235121186
      vertex -1.6316887770317967 4.317033668636807 -0.49325130722820304
      vertex -1.3780775148632634 4.402868193899629 -0.5080736595149677
    endloop
  endfacet
  facet normal 0.6768212915115106 -0.21931003084084064 -0.7027204634342737
    outer loop
      vertex -2.718991267526441 3.6639995590096124 -0.8512805248623645
      vertex -10.38450072739123 23.94498873495304 -14.56370940061484
      vertex -2.538584627955447 3.8173170403088896 -0.725371293747761
    endloop
  endfacet
  facet normal 0.5832161744119105 -0.2920626893702242 -0.7579962264959951
    outer loop
      vertex -2.538584627955447 3.8173170403088896 -0.725371293747761
      vertex -10.274479751143526 24.284528786777518 -14.56370940061484
      vertex -2.336031991956049 3.961646805971412 -0.6251351298815178
    endloop
  endfacet
  facet normal 0.4796320668700479 -0.3598180743094098 -0.8003024639661145
    outer loop
      vertex -2.336031991956049 3.961646805971412 -0.6251351298815178
      vertex -10.127961043873993 24.57711008197061 -14.56370940061484
      vertex -2.1147990912883965 4.094519333690922 -0.5522871018181019
    endloop
  endfacet
  facet normal 0.3678413216849072 -0.42141687223674407 -0.8289153043920111
    outer loop
      vertex -2.1147990912883965 4.094519333690922 -0.5522871018181019
      vertex -9.94745158128667 24.817726473452684 -14.56370940061484
      vertex -1.8786712822202616 4.213661137678915 -0.5080736595149677
    endloop
  endfacet
  facet normal 0.24975670950085857 -0.4758051106412761 -0.8433451741410195
    outer loop
      vertex -1.8786712822202616 4.213661137678915 -0.5080736595149677
      vertex -9.736039930333101 25.00226094805402 -14.56370940061484
      vertex -1.6316887770317967 4.317033668636807 -0.49325130722820304
    endloop
  endfacet
  facet normal 0.12739869077160518 -0.5220521916846381 -0.8433451741410196
    outer loop
      vertex -1.6316887770317967 4.317033668636807 -0.49325130722820304
      vertex -9.235446162976102 25.191468004274736 -14.56370940061484
      vertex -1.3780775148632634 4.402868193899629 -0.5080736595149677
    endloop
  endfacet
  facet normal 0.0028608451216627865 -0.5593668149880627 -0.828915304392011
    outer loop
      vertex -1.3780775148632634 4.402868193899629 -0.5080736595149677
      vertex -8.954829344722963 25.19290320070407 -14.56370940061484
      vertex -1.1221768547246913 4.469696060942307 -0.5522871018181019
    endloop
  endfacet
  facet normal -0.12172595038149038 -0.587110517001262 -0.8003024639661144
    outer loop
      vertex -1.1221768547246913 4.469696060942307 -0.5522871018181019
      vertex -8.660294379778064 25.131837102430755 -14.56370940061484
      vertex -0.8683653278601183 4.516373826431557 -0.6251351298815178
    endloop
  endfacet
  facet normal -0.2442299811248043 -0.6048085952907819 -0.7579962264959959
    outer loop
      vertex -0.8683653278601183 4.516373826431557 -0.6251351298815178
      vertex -8.356880843052126 25.009314567326964 -14.56370940061484
      vertex -0.6209857198640468 4.542102820858336 -0.725371293747761
    endloop
  endfacet
  facet normal -0.36255516917773123 -0.6121582308302543 -0.7027204634342731
    outer loop
      vertex -0.6209857198640468 4.542102820858336 -0.725371293747761
      vertex -8.049780224280664 24.827431989938002 -14.56370940061484
      vertex -0.3842707644158746 4.546442813994576 -0.8512805248623645
    endloop
  endfacet
  facet normal -0.2988078634077863 0.7905696386117271 -0.5345217556573324
    outer loop
      vertex -0.8568612412422764 2.2670369986376073 -3.9583856398009725
      vertex 0.5077132391860728 4.257413727893268 -1.7773970939603654
      vertex -0.6098787360538114 2.3704095295955 -3.9435632875142077
    endloop
  endfacet
  facet normal -0.29880786340778126 0.7905696386117246 -0.5345217556573388
    outer loop
      vertex -0.15251802631802416 2.622423861303002 -3.8265018171476575
      vertex 0.23044124925236772 2.920071108264802 -3.600356422166811
      vertex 0.05003460968137394 2.7667536269655244 -3.7262656532814145
    endloop
  endfacet
  facet normal -0.298807863407793 0.7905696386117295 -0.5345217556573251
    outer loop
      vertex -0.15251802631802416 2.622423861303002 -3.8265018171476575
      vertex 0.38561508477372786 3.0797530005881675 -3.450928465656851
      vertex 0.23044124925236772 2.920071108264802 -3.600356422166811
    endloop
  endfacet
  facet normal -0.2988078634077859 0.790569638611727 -0.5345217556573327
    outer loop
      vertex -0.6098787360538114 2.3704095295955 -3.9435632875142077
      vertex 0.6063509305292858 4.144409601059152 -1.9996730785337409
      vertex -0.37375092698567636 2.4895513335834925 -3.8993498452110735
    endloop
  endfacet
  facet normal -0.2988078634077837 0.790569638611727 -0.5345217556573341
    outer loop
      vertex -0.37375092698567636 2.4895513335834925 -3.8993498452110735
      vertex 0.6733238989543635 4.016821114186653 -2.225818473514588
      vertex -0.15251802631802416 2.622423861303002 -3.8265018171476575
    endloop
  endfacet
  facet normal -0.2988078634077818 0.7905696386117262 -0.5345217556573363
    outer loop
      vertex -0.15251802631802416 2.622423861303002 -3.8265018171476575
      vertex 0.512901048897368 3.2430671024857847 -3.280538537516677
      vertex 0.38561508477372786 3.0797530005881675 -3.450928465656851
    endloop
  endfacet
  facet normal -0.2988078634077887 0.7905696386117279 -0.53452175565733
    outer loop
      vertex -0.15251802631802416 2.622423861303002 -3.8265018171476575
      vertex 0.6101212434867969 3.4072190643949605 -3.09210205665778
      vertex 0.512901048897368 3.2430671024857847 -3.280538537516677
    endloop
  endfacet
  facet normal -0.298807863407784 0.7905696386117268 -0.5345217556573341
    outer loop
      vertex -0.15251802631802416 2.622423861303002 -3.8265018171476575
      vertex 0.675612204058059 3.5694002007359082 -2.8888432235121186
      vertex 0.6101212434867969 3.4072190643949605 -3.09210205665778
    endloop
  endfacet
  facet normal -0.29880786340778465 0.790569638611727 -0.5345217556573333
    outer loop
      vertex -2.1042792538581985 2.037627853279839 -3.600356422166811
      vertex -0.3842707644158746 4.546442813994576 -0.8512805248623645
      vertex -1.8675642984100262 2.0419678464160786 -3.7262656532814145
    endloop
  endfacet
  facet normal -0.2988078634077863 0.7905696386117272 -0.5345217556573325
    outer loop
      vertex -1.6201846904139547 2.0676968408428573 -3.8265018171476575
      vertex -1.8675642984100262 2.0419678464160786 -3.7262656532814145
      vertex -0.16227072003310442 4.529319547354443 -1.0007084813723242
    endloop
  endfacet
  facet normal -0.29880786340778553 0.7905696386117272 -0.5345217556573327
    outer loop
      vertex -2.5297659492489073 2.0930446624967987 -3.280538537516677
      vertex -0.8683653278601183 4.516373826431557 -0.6251351298815178
      vertex -2.326279298240969 2.0547511199199717 -3.450928465656851
    endloop
  endfacet
  facet normal -0.29880786340778587 0.7905696386117271 -0.5345217556573327
    outer loop
      vertex -2.1042792538581985 2.037627853279839 -3.600356422166811
      vertex -2.326279298240969 2.0547511199199717 -3.450928465656851
      vertex -0.6209857198640468 4.542102820858336 -0.725371293747761
    endloop
  endfacet
  facet normal -0.2988078634077854 0.790569638611727 -0.5345217556573328
    outer loop
      vertex -1.6201846904139547 2.0676968408428573 -3.8265018171476575
      vertex 0.041215930974834086 4.491026004777615 -1.1710984095124983
      vertex -1.3663731635493817 2.114374606332107 -3.8993498452110735
    endloop
  endfacet
  facet normal -0.29880786340778603 0.7905696386117271 -0.5345217556573325
    outer loop
      vertex -1.3663731635493817 2.114374606332107 -3.8993498452110735
      vertex 0.2227074755920366 4.432217399394561 -1.3595348903713953
      vertex -1.1104725034108096 2.181202473374786 -3.9435632875142077
    endloop
  endfacet
  facet normal -0.2988078634077844 0.7905696386117271 -0.5345217556573335
    outer loop
      vertex -1.1104725034108096 2.181202473374786 -3.9435632875142077
      vertex 0.3790985431711411 4.353899962748206 -1.5627937235170568
      vertex -0.8568612412422764 2.2670369986376073 -3.9583856398009725
    endloop
  endfacet
  facet normal -0.29880786340778753 0.7905696386117271 -0.5345217556573317
    outer loop
      vertex -1.3663731635493817 2.114374606332107 -3.8993498452110735
      vertex 0.041215930974834086 4.491026004777615 -1.1710984095124983
      vertex 0.2227074755920366 4.432217399394561 -1.3595348903713953
    endloop
  endfacet
  facet normal -0.2988078634077855 0.7905696386117271 -0.5345217556573326
    outer loop
      vertex -2.5297659492489073 2.0930446624967987 -3.280538537516677
      vertex -1.1221768547246913 4.469696060942307 -0.5522871018181019
      vertex -0.8683653278601183 4.516373826431557 -0.6251351298815178
    endloop
  endfacet
  facet normal -0.2988078634077883 0.7905696386117268 -0.5345217556573316
    outer loop
      vertex -2.326279298240969 2.0547511199199717 -3.450928465656851
      vertex -0.8683653278601183 4.516373826431557 -0.6251351298815178
      vertex -0.6209857198640468 4.542102820858336 -0.725371293747761
    endloop
  endfacet
  facet normal -0.29880786340778415 0.790569638611727 -0.5345217556573336
    outer loop
      vertex -2.7112574938661096 2.151853267879854 -3.09210205665778
      vertex -1.3780775148632634 4.402868193899629 -0.5080736595149677
      vertex -1.1221768547246913 4.469696060942307 -0.5522871018181019
    endloop
  endfacet
  facet normal -0.29880786340778637 0.7905696386117271 -0.5345217556573324
    outer loop
      vertex -1.8675642984100262 2.0419678464160786 -3.7262656532814145
      vertex -0.3842707644158746 4.546442813994576 -0.8512805248623645
      vertex -0.16227072003310442 4.529319547354443 -1.0007084813723242
    endloop
  endfacet
  facet normal -0.2988078634077857 0.7905696386117268 -0.5345217556573332
    outer loop
      vertex -2.1042792538581985 2.037627853279839 -3.600356422166811
      vertex -0.6209857198640468 4.542102820858336 -0.725371293747761
      vertex -0.3842707644158746 4.546442813994576 -0.8512805248623645
    endloop
  endfacet
  facet normal -0.2988078634077846 0.7905696386117271 -0.5345217556573332
    outer loop
      vertex -1.6201846904139547 2.0676968408428573 -3.8265018171476575
      vertex -0.16227072003310442 4.529319547354443 -1.0007084813723242
      vertex 0.041215930974834086 4.491026004777615 -1.1710984095124983
    endloop
  endfacet
  facet normal -0.298807863407788 0.790569638611727 -0.5345217556573316
    outer loop
      vertex -0.15251802631802416 2.622423861303002 -3.8265018171476575
      vertex 0.7082533621182558 3.7268355473007277 -2.67423985306881
      vertex 0.675612204058059 3.5694002007359082 -2.8888432235121186
    endloop
  endfacet
  facet normal -0.2988078634077843 0.790569638611727 -0.5345217556573336
    outer loop
      vertex -0.15251802631802416 2.622423861303002 -3.8265018171476575
      vertex 0.7074862184031376 3.876831341660371 -2.4519638684954344
      vertex 0.7082533621182558 3.7268355473007277 -2.67423985306881
    endloop
  endfacet
  facet normal -0.2988078634077843 0.7905696386117266 -0.5345217556573341
    outer loop
      vertex -0.15251802631802416 2.622423861303002 -3.8265018171476575
      vertex 0.6733238989543635 4.016821114186653 -2.225818473514588
      vertex 0.7074862184031376 3.876831341660371 -2.4519638684954344
    endloop
  endfacet
  facet normal -0.2988078634077866 0.7905696386117268 -0.5345217556573326
    outer loop
      vertex -0.37375092698567636 2.4895513335834925 -3.8993498452110735
      vertex 0.6063509305292858 4.144409601059152 -1.9996730785337409
      vertex 0.6733238989543635 4.016821114186653 -2.225818473514588
    endloop
  endfacet
  facet normal -0.2988078634077868 0.7905696386117271 -0.5345217556573322
    outer loop
      vertex -0.8568612412422764 2.2670369986376073 -3.9583856398009725
      vertex 0.3790985431711411 4.353899962748206 -1.5627937235170568
      vertex 0.5077132391860728 4.257413727893268 -1.7773970939603654
    endloop
  endfacet
  facet normal -0.29880786340778615 0.7905696386117268 -0.5345217556573327
    outer loop
      vertex -0.6098787360538114 2.3704095295955 -3.9435632875142077
      vertex 0.5077132391860728 4.257413727893268 -1.7773970939603654
      vertex 0.6063509305292858 4.144409601059152 -1.9996730785337409
    endloop
  endfacet
  facet normal -0.29880786340778326 0.7905696386117271 -0.5345217556573341
    outer loop
      vertex -1.1104725034108096 2.181202473374786 -3.9435632875142077
      vertex 0.2227074755920366 4.432217399394561 -1.3595348903713953
      vertex 0.3790985431711411 4.353899962748206 -1.5627937235170568
    endloop
  endfacet
  facet normal 0 0 -1
    outer loop
      vertex -9.947451581286678 -24.817726473452684 -14.56370940061484
      vertex -12.262775600069906 -25.14419998253854 -14.56370940061484
      vertex -12.31981306788062 -24.404719563785854 -14.56370940061484
    endloop
  endfacet
  facet normal 0 0 -1
    outer loop
      vertex -9.73603993033311 -25.00226094805402 -14.56370940061484
      vertex -11.357059433230939 -27.37591133240994 -14.56370940061484
      vertex -11.67845433003276 -26.947496781722343 -14.56370940061484
    endloop
  endfacet
  facet normal 0 0 -1
    outer loop
      vertex -9.947451581286678 -24.817726473452684 -14.56370940061484
      vertex -11.939329101512664 -26.42655935369563 -14.56370940061484
      vertex -12.135220108002473 -25.82201243215448 -14.56370940061484
    endloop
  endfacet
  facet normal 0 0 -1
    outer loop
      vertex -9.947451581286678 -24.817726473452684 -14.56370940061484
      vertex -11.67845433003276 -26.947496781722343 -14.56370940061484
      vertex -11.939329101512664 -26.42655935369563 -14.56370940061484
    endloop
  endfacet
  facet normal 0 0 -1
    outer loop
      vertex -9.947451581286678 -24.817726473452684 -14.56370940061484
      vertex -12.135220108002473 -25.82201243215448 -14.56370940061484
      vertex -12.262775600069906 -25.14419998253854 -14.56370940061484
    endloop
  endfacet
  facet normal 0 0 -1
    outer loop
      vertex -9.947451581286678 -24.817726473452684 -14.56370940061484
      vertex -12.31981306788062 -24.404719563785854 -14.56370940061484
      vertex -12.305356584546603 -23.616223890883976 -14.56370940061484
    endloop
  endfacet
  facet normal 0 0 -1
    outer loop
      vertex -9.947451581286678 -24.817726473452684 -14.56370940061484
      vertex -12.305356584546603 -23.616223890883976 -14.56370940061484
      vertex -12.219653504505793 -22.79220434340856 -14.56370940061484
    endloop
  endfacet
  facet normal 0 0 -1
    outer loop
      vertex -10.456141483209933 -23.56429955092217 -14.56370940061484
      vertex -12.219653504505793 -22.79220434340856 -14.56370940061484
      vertex -12.064170231219075 -21.946760124278303 -14.56370940061484
    endloop
  endfacet
  facet normal 0 0 -1
    outer loop
      vertex -10.384500727391238 -23.94498873495304 -14.56370940061484
      vertex -12.219653504505793 -22.79220434340856 -14.56370940061484
      vertex -10.456141483209933 -23.56429955092217 -14.56370940061484
    endloop
  endfacet
  facet normal 0 0 -1
    outer loop
      vertex -10.274479751143534 -24.284528786777518 -14.56370940061484
      vertex -12.219653504505793 -22.79220434340856 -14.56370940061484
      vertex -10.384500727391238 -23.94498873495304 -14.56370940061484
    endloop
  endfacet
  facet normal 0 0 -1
    outer loop
      vertex -10.274479751143534 -24.284528786777518 -14.56370940061484
      vertex -10.127961043874002 -24.57711008197061 -14.56370940061484
      vertex -12.219653504505793 -22.79220434340856 -14.56370940061484
    endloop
  endfacet
  facet normal 0 0 -1
    outer loop
      vertex -9.947451581286678 -24.817726473452684 -14.56370940061484
      vertex -12.219653504505793 -22.79220434340856 -14.56370940061484
      vertex -10.127961043874002 -24.57711008197061 -14.56370940061484
    endloop
  endfacet
  facet normal 0 0 -1
    outer loop
      vertex -10.456141483209933 -23.56429955092217 -14.56370940061484
      vertex -12.064170231219075 -21.946760124278303 -14.56370940061484
      vertex -10.488176225404992 -23.148974932170656 -14.56370940061484
    endloop
  endfacet
  facet normal 0 0 -1
    outer loop
      vertex -10.431922224057486 -22.243315698808072 -14.56370940061484
      vertex -12.064170231219075 -21.946760124278303 -14.56370940061484
      vertex -11.841567126600484 -21.094357018483933 -14.56370940061484
    endloop
  endfacet
  facet normal 0 0 -1
    outer loop
      vertex -10.488176225404992 -23.148974932170656 -14.56370940061484
      vertex -12.064170231219075 -21.946760124278303 -14.56370940061484
      vertex -10.480056830655748 -22.70612119807508 -14.56370940061484
    endloop
  endfacet
  facet normal 0 0 -1
    outer loop
      vertex -10.480056830655748 -22.70612119807508 -14.56370940061484
      vertex -12.064170231219075 -21.946760124278303 -14.56370940061484
      vertex -10.431922224057486 -22.243315698808072 -14.56370940061484
    endloop
  endfacet
  facet normal 0 0 -1
    outer loop
      vertex -10.431922224057486 -22.243315698808072 -14.56370940061484
      vertex -11.841567126600484 -21.094357018483933 -14.56370940061484
      vertex -10.344596002074532 -21.768477164776005 -14.56370940061484
    endloop
  endfacet
  facet normal 0 0 -1
    outer loop
      vertex -10.344596002074532 -21.768477164776005 -14.56370940061484
      vertex -11.841567126600484 -21.094357018483933 -14.56370940061484
      vertex -10.219572340576422 -21.289730214946292 -14.56370940061484
    endloop
  endfacet
  facet normal 0 0 -1
    outer loop
      vertex -9.23544616297611 -25.191468004274736 -14.56370940061484
      vertex -10.98064356689898 -27.704472714017207 -14.56370940061484
      vertex -11.357059433230939 -27.37591133240994 -14.56370940061484
    endloop
  endfacet
  facet normal 0 0 -1
    outer loop
      vertex -7.744247100195237 -24.589301431590368 -14.56370940061484
      vertex -10.555647310872011 -27.927559150210424 -14.56370940061484
      vertex -10.98064356689898 -27.704472714017207 -14.56370940061484
    endloop
  endfacet
  facet normal 0 0 -1
    outer loop
      vertex -9.73603993033311 -25.00226094805402 -14.56370940061484
      vertex -11.67845433003276 -26.947496781722343 -14.56370940061484
      vertex -9.947451581286678 -24.817726473452684 -14.56370940061484
    endloop
  endfacet
  facet normal 0 0 -1
    outer loop
      vertex -9.73603993033311 -25.00226094805402 -14.56370940061484
      vertex -9.4973434029755 -25.127556069751584 -14.56370940061484
      vertex -11.357059433230939 -27.37591133240994 -14.56370940061484
    endloop
  endfacet
  facet normal 0 0 -1
    outer loop
      vertex -9.4973434029755 -25.127556069751584 -14.56370940061484
      vertex -9.23544616297611 -25.191468004274736 -14.56370940061484
      vertex -11.357059433230939 -27.37591133240994 -14.56370940061484
    endloop
  endfacet
  facet normal 0 0 -1
    outer loop
      vertex -9.23544616297611 -25.191468004274736 -14.56370940061484
      vertex -8.954829344722972 -25.19290320070407 -14.56370940061484
      vertex -10.98064356689898 -27.704472714017207 -14.56370940061484
    endloop
  endfacet
  facet normal 0 0 -1
    outer loop
      vertex -7.744247100195237 -24.589301431590368 -14.56370940061484
      vertex -10.089342468921885 -28.04135357021507 -14.56370940061484
      vertex -10.555647310872011 -27.927559150210424 -14.56370940061484
    endloop
  endfacet
  facet normal 0 0 -1
    outer loop
      vertex -7.744247100195237 -24.589301431590368 -14.56370940061484
      vertex -9.58970764617849 -28.043908919955093 -14.56370940061484
      vertex -10.089342468921885 -28.04135357021507 -14.56370940061484
    endloop
  endfacet
  facet normal 0 0 -1
    outer loop
      vertex -8.954829344722972 -25.19290320070407 -14.56370940061484
      vertex -8.660294379778072 -25.131837102430755 -14.56370940061484
      vertex -10.98064356689898 -27.704472714017207 -14.56370940061484
    endloop
  endfacet
  facet normal 0 0 -1
    outer loop
      vertex -8.660294379778072 -25.131837102430755 -14.56370940061484
      vertex -8.356880843052135 -25.009314567326964 -14.56370940061484
      vertex -10.98064356689898 -27.704472714017207 -14.56370940061484
    endloop
  endfacet
  facet normal 0 0 -1
    outer loop
      vertex -8.356880843052135 -25.009314567326964 -14.56370940061484
      vertex -8.049780224280672 -24.827431989938002 -14.56370940061484
      vertex -10.98064356689898 -27.704472714017207 -14.56370940061484
    endloop
  endfacet
  facet normal 0 0 -1
    outer loop
      vertex -8.049780224280672 -24.827431989938002 -14.56370940061484
      vertex -7.744247100195237 -24.589301431590368 -14.56370940061484
      vertex -10.98064356689898 -27.704472714017207 -14.56370940061484
    endloop
  endfacet
  facet normal 0 0 -1
    outer loop
      vertex -10.219572340576422 -21.289730214946292 -14.56370940061484
      vertex -11.841567126600484 -21.094357018483933 -14.56370940061484
      vertex -11.55565299148729 -20.249579879496384 -14.56370940061484
    endloop
  endfacet
  facet normal 0 0 -1
    outer loop
      vertex -10.219572340576422 -21.289730214946292 -14.56370940061484
      vertex -11.55565299148729 -20.249579879496384 -14.56370940061484
      vertex -10.058990429074491 -20.81526634236424 -14.56370940061484
    endloop
  endfacet
  facet normal 0 0 -1
    outer loop
      vertex -9.865597868596257 -20.353203755435977 -14.56370940061484
      vertex -11.55565299148729 -20.249579879496384 -14.56370940061484
      vertex -11.211319896001656 -19.426883078380204 -14.56370940061484
    endloop
  endfacet
  facet normal 0 0 -1
    outer loop
      vertex -10.058990429074491 -20.81526634236424 -14.56370940061484
      vertex -11.55565299148729 -20.249579879496384 -14.56370940061484
      vertex -9.865597868596257 -20.353203755435977 -14.56370940061484
    endloop
  endfacet
  facet normal 0 0 -1
    outer loop
      vertex -9.642703659470051 -19.91144847313179 -14.56370940061484
      vertex -11.211319896001656 -19.426883078380204 -14.56370940061484
      vertex -10.814459474874507 -18.640343185497137 -14.56370940061484
    endloop
  endfacet
  facet normal 0 0 -1
    outer loop
      vertex -9.865597868596257 -20.353203755435977 -14.56370940061484
      vertex -11.211319896001656 -19.426883078380204 -14.56370940061484
      vertex -9.642703659470051 -19.91144847313179 -14.56370940061484
    endloop
  endfacet
  facet normal 0 0 -1
    outer loop
      vertex -9.642703659470051 -19.91144847313179 -14.56370940061484
      vertex -10.814459474874507 -18.640343185497137 -14.56370940061484
      vertex -9.39412158341197 -19.49755905080961 -14.56370940061484
    endloop
  endfacet
  facet normal 0 0 -1
    outer loop
      vertex -9.12410494866334 -19.118617251237193 -14.56370940061484
      vertex -10.814459474874507 -18.640343185497137 -14.56370940061484
      vertex -10.371862119941827 -17.903418116484477 -14.56370940061484
    endloop
  endfacet
  facet normal 0 0 -1
    outer loop
      vertex -9.39412158341197 -19.49755905080961 -14.56370940061484
      vertex -10.814459474874507 -18.640343185497137 -14.56370940061484
      vertex -9.12410494866334 -19.118617251237193 -14.56370940061484
    endloop
  endfacet
  facet normal 0 0 -1
    outer loop
      vertex -9.12410494866334 -19.118617251237193 -14.56370940061484
      vertex -10.371862119941827 -17.903418116484477 -14.56370940061484
      vertex -8.837273814707466 -18.78110687366774 -14.56370940061484
    endloop
  endfacet
  facet normal 0 0 -1
    outer loop
      vertex -8.538535941770945 -18.490802814237018 -14.56370940061484
      vertex -10.371862119941827 -17.903418116484477 -14.56370940061484
      vertex -9.891100794657682 -17.22871686358724 -14.56370940061484
    endloop
  endfacet
  facet normal 0 0 -1
    outer loop
      vertex -8.837273814707466 -18.78110687366774 -14.56370940061484
      vertex -10.371862119941827 -17.903418116484477 -14.56370940061484
      vertex -8.538535941770945 -18.490802814237018 -14.56370940061484
    endloop
  endfacet
  facet normal 0 0 -1
    outer loop
      vertex -8.538535941770945 -18.490802814237018 -14.56370940061484
      vertex -9.891100794657682 -17.22871686358724 -14.56370940061484
      vertex -8.233002817685513 -18.25267225588938 -14.56370940061484
    endloop
  endfacet
  facet normal 0 0 -1
    outer loop
      vertex -8.233002817685513 -18.25267225588938 -14.56370940061484
      vertex -9.891100794657682 -17.22871686358724 -14.56370940061484
      vertex -9.380401458589905 -16.627783752305042 -14.56370940061484
    endloop
  endfacet
  facet normal 0 0 -1
    outer loop
      vertex -7.744247100195237 -24.589301431590368 -14.56370940061484
      vertex -9.065291732983908 -27.935181476687966 -14.56370940061484
      vertex -9.58970764617849 -28.043908919955093 -14.56370940061484
    endloop
  endfacet
  facet normal 0 0 -1
    outer loop
      vertex -7.744247100195237 -24.589301431590368 -14.56370940061484
      vertex -8.525067631008463 -27.71703159711294 -14.56370940061484
      vertex -9.065291732983908 -27.935181476687966 -14.56370940061484
    endloop
  endfacet
  facet normal 0 0 -1
    outer loop
      vertex -7.744247100195237 -24.589301431590368 -14.56370940061484
      vertex -7.978278724415368 -27.3931918861521 -14.56370940061484
      vertex -8.525067631008463 -27.71703159711294 -14.56370940061484
    endloop
  endfacet
  facet normal 0 0 -1
    outer loop
      vertex -7.744247100195237 -24.589301431590368 -14.56370940061484
      vertex -7.434280722994958 -26.969203331045332 -14.56370940061484
      vertex -7.978278724415368 -27.3931918861521 -14.56370940061484
    endloop
  endfacet
  facet normal 0 0 -1
    outer loop
      vertex -7.744247100195237 -24.589301431590368 -14.56370940061484
      vertex -6.902381583376277 -26.45232049352234 -14.56370940061484
      vertex -7.434280722994958 -26.969203331045332 -14.56370940061484
    endloop
  endfacet
  facet normal 0 0 -1
    outer loop
      vertex -7.744247100195237 -24.589301431590368 -14.56370940061484
      vertex -6.391682247308502 -25.851387382240144 -14.56370940061484
      vertex -6.902381583376277 -26.45232049352234 -14.56370940061484
    endloop
  endfacet
  facet normal 0 0 -1
    outer loop
      vertex -7.445509227258715 -24.298997372159644 -14.56370940061484
      vertex -5.9109209220243555 -25.17668612934291 -14.56370940061484
      vertex -7.744247100195237 -24.589301431590368 -14.56370940061484
    endloop
  endfacet
  facet normal 0 0 -1
    outer loop
      vertex -7.744247100195237 -24.589301431590368 -14.56370940061484
      vertex -5.9109209220243555 -25.17668612934291 -14.56370940061484
      vertex -6.391682247308502 -25.851387382240144 -14.56370940061484
    endloop
  endfacet
  facet normal 0 0 -1
    outer loop
      vertex -7.445509227258715 -24.298997372159644 -14.56370940061484
      vertex -5.468323567091675 -24.439761060330245 -14.56370940061484
      vertex -5.9109209220243555 -25.17668612934291 -14.56370940061484
    endloop
  endfacet
  facet normal 0 0 -1
    outer loop
      vertex -7.445509227258715 -24.298997372159644 -14.56370940061484
      vertex -7.158678093302842 -23.96148699459019 -14.56370940061484
      vertex -5.468323567091675 -24.439761060330245 -14.56370940061484
    endloop
  endfacet
  facet normal 0 0 -1
    outer loop
      vertex -7.158678093302842 -23.96148699459019 -14.56370940061484
      vertex -6.888661458554212 -23.582545195017772 -14.56370940061484
      vertex -5.468323567091675 -24.439761060330245 -14.56370940061484
    endloop
  endfacet
  facet normal 0 0 -1
    outer loop
      vertex -6.888661458554212 -23.582545195017772 -14.56370940061484
      vertex -6.640079382496131 -23.168655772695587 -14.56370940061484
      vertex -5.071463145964526 -23.653221167447175 -14.56370940061484
    endloop
  endfacet
  facet normal 0 0 -1
    outer loop
      vertex -6.640079382496131 -23.168655772695587 -14.56370940061484
      vertex -6.4171851733699246 -22.7269004903914 -14.56370940061484
      vertex -5.071463145964526 -23.653221167447175 -14.56370940061484
    endloop
  endfacet
  facet normal 0 0 -1
    outer loop
      vertex -6.888661458554212 -23.582545195017772 -14.56370940061484
      vertex -5.071463145964526 -23.653221167447175 -14.56370940061484
      vertex -5.468323567091675 -24.439761060330245 -14.56370940061484
    endloop
  endfacet
  facet normal 0 0 -1
    outer loop
      vertex -6.4171851733699246 -22.7269004903914 -14.56370940061484
      vertex -4.727130050478891 -22.830524366330998 -14.56370940061484
      vertex -5.071463145964526 -23.653221167447175 -14.56370940061484
    endloop
  endfacet
  facet normal 0 0 -1
    outer loop
      vertex -6.4171851733699246 -22.7269004903914 -14.56370940061484
      vertex -6.223792612891691 -22.264837903463132 -14.56370940061484
      vertex -4.727130050478891 -22.830524366330998 -14.56370940061484
    endloop
  endfacet
  facet normal 0 0 -1
    outer loop
      vertex -6.223792612891691 -22.264837903463132 -14.56370940061484
      vertex -6.06321070138976 -21.79037403088109 -14.56370940061484
      vertex -4.727130050478891 -22.830524366330998 -14.56370940061484
    endloop
  endfacet
  facet normal 0 0 -1
    outer loop
      vertex -6.06321070138976 -21.79037403088109 -14.56370940061484
      vertex -5.938187039891648 -21.311627081051373 -14.56370940061484
      vertex -4.4412159153656985 -21.98574722734345 -14.56370940061484
    endloop
  endfacet
  facet normal 0 0 -1
    outer loop
      vertex -5.938187039891648 -21.311627081051373 -14.56370940061484
      vertex -5.850860817908698 -20.83678854701931 -14.56370940061484
      vertex -4.4412159153656985 -21.98574722734345 -14.56370940061484
    endloop
  endfacet
  facet normal 0 0 -1
    outer loop
      vertex -8.233002817685513 -18.25267225588938 -14.56370940061484
      vertex -9.380401458589905 -16.627783752305042 -14.56370940061484
      vertex -7.925902198914046 -18.070789678500418 -14.56370940061484
    endloop
  endfacet
  facet normal 0 0 -1
    outer loop
      vertex -7.925902198914046 -18.070789678500418 -14.56370940061484
      vertex -9.380401458589905 -16.627783752305042 -14.56370940061484
      vertex -7.622488662188111 -17.94826714339663 -14.56370940061484
    endloop
  endfacet
  facet normal 0 0 -1
    outer loop
      vertex -7.327953697243211 -17.887201045123316 -14.56370940061484
      vertex -9.380401458589905 -16.627783752305042 -14.56370940061484
      vertex -8.848502318971226 -16.110900914782054 -14.56370940061484
    endloop
  endfacet
  facet normal 0 0 -1
    outer loop
      vertex -7.622488662188111 -17.94826714339663 -14.56370940061484
      vertex -9.380401458589905 -16.627783752305042 -14.56370940061484
      vertex -7.327953697243211 -17.887201045123316 -14.56370940061484
    endloop
  endfacet
  facet normal 0 0 -1
    outer loop
      vertex -7.0473368789900706 -17.888636241552643 -14.56370940061484
      vertex -8.848502318971226 -16.110900914782054 -14.56370940061484
      vertex -8.304504317550816 -15.686912359675286 -14.56370940061484
    endloop
  endfacet
  facet normal 0 0 -1
    outer loop
      vertex -7.327953697243211 -17.887201045123316 -14.56370940061484
      vertex -8.848502318971226 -16.110900914782054 -14.56370940061484
      vertex -7.0473368789900706 -17.888636241552643 -14.56370940061484
    endloop
  endfacet
  facet normal 0 0 -1
    outer loop
      vertex -7.0473368789900706 -17.888636241552643 -14.56370940061484
      vertex -8.304504317550816 -15.686912359675286 -14.56370940061484
      vertex -6.785439638990685 -17.9525481760758 -14.56370940061484
    endloop
  endfacet
  facet normal 0 0 -1
    outer loop
      vertex -6.546743111633072 -18.077843297773356 -14.56370940061484
      vertex -6.785439638990685 -17.9525481760758 -14.56370940061484
      vertex -8.304504317550816 -15.686912359675286 -14.56370940061484
    endloop
  endfacet
  facet normal 0 0 -1
    outer loop
      vertex -6.335331460679506 -18.262377772374702 -14.56370940061484
      vertex -8.304504317550816 -15.686912359675286 -14.56370940061484
      vertex -7.75771541095772 -15.363072648714445 -14.56370940061484
    endloop
  endfacet
  facet normal 0 0 -1
    outer loop
      vertex -6.008303290822647 -18.795575459049864 -14.56370940061484
      vertex -6.1548219980921814 -18.502994163856776 -14.56370940061484
      vertex -4.06312953746039 -20.287899902418822 -14.56370940061484
    endloop
  endfacet
  facet normal 0 0 -1
    outer loop
      vertex -6.335331460679506 -18.262377772374702 -14.56370940061484
      vertex -3.977426457419579 -19.46388035494341 -14.56370940061484
      vertex -6.1548219980921814 -18.502994163856776 -14.56370940061484
    endloop
  endfacet
  facet normal 0 0 -1
    outer loop
      vertex -6.546743111633072 -18.077843297773356 -14.56370940061484
      vertex -8.304504317550816 -15.686912359675286 -14.56370940061484
      vertex -6.335331460679506 -18.262377772374702 -14.56370940061484
    endloop
  endfacet
  facet normal 0 0 -1
    outer loop
      vertex -6.335331460679506 -18.262377772374702 -14.56370940061484
      vertex -7.75771541095772 -15.363072648714445 -14.56370940061484
      vertex -7.217491308982274 -15.144922769139415 -14.56370940061484
    endloop
  endfacet
  facet normal 0 0 -1
    outer loop
      vertex -6.335331460679506 -18.262377772374702 -14.56370940061484
      vertex -7.217491308982274 -15.144922769139415 -14.56370940061484
      vertex -6.693075395787694 -15.03619532587229 -14.56370940061484
    endloop
  endfacet
  facet normal 0 0 -1
    outer loop
      vertex -6.335331460679506 -18.262377772374702 -14.56370940061484
      vertex -6.693075395787694 -15.03619532587229 -14.56370940061484
      vertex -6.193440573044298 -15.038750675612315 -14.56370940061484
    endloop
  endfacet
  facet normal 0 0 -1
    outer loop
      vertex -6.335331460679506 -18.262377772374702 -14.56370940061484
      vertex -6.193440573044298 -15.038750675612315 -14.56370940061484
      vertex -5.7271357310941715 -15.152545095616961 -14.56370940061484
    endloop
  endfacet
  facet normal 0 0 -1
    outer loop
      vertex -6.335331460679506 -18.262377772374702 -14.56370940061484
      vertex -5.7271357310941715 -15.152545095616961 -14.56370940061484
      vertex -5.302139475067203 -15.37563153181017 -14.56370940061484
    endloop
  endfacet
  facet normal 0 0 -1
    outer loop
      vertex -6.335331460679506 -18.262377772374702 -14.56370940061484
      vertex -5.302139475067203 -15.37563153181017 -14.56370940061484
      vertex -4.925723608735244 -15.704192913417446 -14.56370940061484
    endloop
  endfacet
  facet normal 0 0 -1
    outer loop
      vertex -6.06321070138976 -21.79037403088109 -14.56370940061484
      vertex -4.4412159153656985 -21.98574722734345 -14.56370940061484
      vertex -4.727130050478891 -22.830524366330998 -14.56370940061484
    endloop
  endfacet
  facet normal 0 0 -1
    outer loop
      vertex -5.850860817908698 -20.83678854701931 -14.56370940061484
      vertex -4.21861281074711 -21.13334412154908 -14.56370940061484
      vertex -4.4412159153656985 -21.98574722734345 -14.56370940061484
    endloop
  endfacet
  facet normal 0 0 -1
    outer loop
      vertex -5.850860817908698 -20.83678854701931 -14.56370940061484
      vertex -5.802726211310436 -20.3739830477523 -14.56370940061484
      vertex -4.21861281074711 -21.13334412154908 -14.56370940061484
    endloop
  endfacet
  facet normal 0 0 -1
    outer loop
      vertex -5.802726211310436 -20.3739830477523 -14.56370940061484
      vertex -5.794606816561191 -19.931129313656726 -14.56370940061484
      vertex -4.21861281074711 -21.13334412154908 -14.56370940061484
    endloop
  endfacet
  facet normal 0 0 -1
    outer loop
      vertex -5.794606816561191 -19.931129313656726 -14.56370940061484
      vertex -5.82664155875625 -19.515804694905214 -14.56370940061484
      vertex -4.06312953746039 -20.287899902418822 -14.56370940061484
    endloop
  endfacet
  facet normal 0 0 -1
    outer loop
      vertex -6.008303290822647 -18.795575459049864 -14.56370940061484
      vertex -4.06312953746039 -20.287899902418822 -14.56370940061484
      vertex -5.898282314574945 -19.135115510874343 -14.56370940061484
    endloop
  endfacet
  facet normal 0 0 -1
    outer loop
      vertex -5.898282314574945 -19.135115510874343 -14.56370940061484
      vertex -4.06312953746039 -20.287899902418822 -14.56370940061484
      vertex -5.82664155875625 -19.515804694905214 -14.56370940061484
    endloop
  endfacet
  facet normal 0 0 -1
    outer loop
      vertex -5.794606816561191 -19.931129313656726 -14.56370940061484
      vertex -4.06312953746039 -20.287899902418822 -14.56370940061484
      vertex -4.21861281074711 -21.13334412154908 -14.56370940061484
    endloop
  endfacet
  facet normal 0 0 -1
    outer loop
      vertex -6.1548219980921814 -18.502994163856776 -14.56370940061484
      vertex -3.977426457419579 -19.46388035494341 -14.56370940061484
      vertex -4.06312953746039 -20.287899902418822 -14.56370940061484
    endloop
  endfacet
  facet normal 0 0 -1
    outer loop
      vertex -6.335331460679506 -18.262377772374702 -14.56370940061484
      vertex -3.9629699740855617 -18.675384682041532 -14.56370940061484
      vertex -3.977426457419579 -19.46388035494341 -14.56370940061484
    endloop
  endfacet
  facet normal 0 0 -1
    outer loop
      vertex -6.335331460679506 -18.262377772374702 -14.56370940061484
      vertex -4.020007441896276 -17.93590426328884 -14.56370940061484
      vertex -3.9629699740855617 -18.675384682041532 -14.56370940061484
    endloop
  endfacet
  facet normal 0 0 -1
    outer loop
      vertex -6.335331460679506 -18.262377772374702 -14.56370940061484
      vertex -4.14756293396371 -17.258091813672905 -14.56370940061484
      vertex -4.020007441896276 -17.93590426328884 -14.56370940061484
    endloop
  endfacet
  facet normal 0 0 -1
    outer loop
      vertex -6.335331460679506 -18.262377772374702 -14.56370940061484
      vertex -4.925723608735244 -15.704192913417446 -14.56370940061484
      vertex -4.60432871193342 -16.13260746410504 -14.56370940061484
    endloop
  endfacet
  facet normal 0 0 -1
    outer loop
      vertex -6.335331460679506 -18.262377772374702 -14.56370940061484
      vertex -4.60432871193342 -16.13260746410504 -14.56370940061484
      vertex -4.343453940453521 -16.65354489213176 -14.56370940061484
    endloop
  endfacet
  facet normal 0 0 -1
    outer loop
      vertex -6.335331460679506 -18.262377772374702 -14.56370940061484
      vertex -4.343453940453521 -16.65354489213176 -14.56370940061484
      vertex -4.14756293396371 -17.258091813672905 -14.56370940061484
    endloop
  endfacet
  facet normal 0 0 -1
    outer loop
      vertex -9.394121583411964 19.497559050809613 -14.56370940061484
      vertex -11.841567126600477 21.094357018483933 -14.56370940061484
      vertex -12.064170231219064 21.946760124278306 -14.56370940061484
    endloop
  endfacet
  facet normal 0 0 -1
    outer loop
      vertex -8.83727381470746 18.78110687366774 -14.56370940061484
      vertex -11.555652991487284 20.249579879496384 -14.56370940061484
      vertex -11.841567126600477 21.094357018483933 -14.56370940061484
    endloop
  endfacet
  facet normal 0 0 -1
    outer loop
      vertex -8.83727381470746 18.78110687366774 -14.56370940061484
      vertex -8.848502318971219 16.110900914782054 -14.56370940061484
      vertex -9.3804014585899 16.627783752305042 -14.56370940061484
    endloop
  endfacet
  facet normal 0 0 -1
    outer loop
      vertex -8.83727381470746 18.78110687366774 -14.56370940061484
      vertex -10.8144594748745 18.640343185497137 -14.56370940061484
      vertex -11.21131989600165 19.42688307838021 -14.56370940061484
    endloop
  endfacet
  facet normal 0 0 -1
    outer loop
      vertex -8.83727381470746 18.78110687366774 -14.56370940061484
      vertex -10.37186211994182 17.903418116484477 -14.56370940061484
      vertex -10.8144594748745 18.640343185497137 -14.56370940061484
    endloop
  endfacet
  facet normal 0 0 -1
    outer loop
      vertex -8.83727381470746 18.78110687366774 -14.56370940061484
      vertex -11.21131989600165 19.42688307838021 -14.56370940061484
      vertex -11.555652991487284 20.249579879496384 -14.56370940061484
    endloop
  endfacet
  facet normal 0 0 -1
    outer loop
      vertex -9.642703659470044 19.91144847313179 -14.56370940061484
      vertex -12.064170231219064 21.946760124278306 -14.56370940061484
      vertex -9.86559786859625 20.353203755435977 -14.56370940061484
    endloop
  endfacet
  facet normal 0 0 -1
    outer loop
      vertex -9.394121583411964 19.497559050809613 -14.56370940061484
      vertex -12.064170231219064 21.946760124278306 -14.56370940061484
      vertex -9.642703659470044 19.91144847313179 -14.56370940061484
    endloop
  endfacet
  facet normal 0 0 -1
    outer loop
      vertex -9.394121583411964 19.497559050809613 -14.56370940061484
      vertex -9.124104948663334 19.118617251237197 -14.56370940061484
      vertex -11.841567126600477 21.094357018483933 -14.56370940061484
    endloop
  endfacet
  facet normal 0 0 -1
    outer loop
      vertex -9.124104948663334 19.118617251237197 -14.56370940061484
      vertex -8.83727381470746 18.78110687366774 -14.56370940061484
      vertex -11.841567126600477 21.094357018483933 -14.56370940061484
    endloop
  endfacet
  facet normal 0 0 -1
    outer loop
      vertex -8.83727381470746 18.78110687366774 -14.56370940061484
      vertex -9.891100794657675 17.22871686358724 -14.56370940061484
      vertex -10.37186211994182 17.903418116484477 -14.56370940061484
    endloop
  endfacet
  facet normal 0 0 -1
    outer loop
      vertex -8.83727381470746 18.78110687366774 -14.56370940061484
      vertex -9.3804014585899 16.627783752305042 -14.56370940061484
      vertex -9.891100794657675 17.22871686358724 -14.56370940061484
    endloop
  endfacet
  facet normal 0 0 -1
    outer loop
      vertex -10.480056830655741 22.70612119807508 -14.56370940061484
      vertex -12.305356584546596 23.616223890883976 -14.56370940061484
      vertex -12.319813067880611 24.40471956378585 -14.56370940061484
    endloop
  endfacet
  facet normal 0 0 -1
    outer loop
      vertex -10.431922224057478 22.243315698808075 -14.56370940061484
      vertex -12.219653504505784 22.79220434340856 -14.56370940061484
      vertex -12.305356584546596 23.616223890883976 -14.56370940061484
    endloop
  endfacet
  facet normal 0 0 -1
    outer loop
      vertex -10.456141483209924 23.564299550922172 -14.56370940061484
      vertex -12.319813067880611 24.40471956378585 -14.56370940061484
      vertex -12.262775600069896 25.14419998253854 -14.56370940061484
    endloop
  endfacet
  facet normal 0 0 -1
    outer loop
      vertex -10.058990429074484 20.815266342364243 -14.56370940061484
      vertex -12.064170231219064 21.946760124278306 -14.56370940061484
      vertex -12.219653504505784 22.79220434340856 -14.56370940061484
    endloop
  endfacet
  facet normal 0 0 -1
    outer loop
      vertex -10.219572340576413 21.289730214946296 -14.56370940061484
      vertex -10.058990429074484 20.815266342364243 -14.56370940061484
      vertex -12.219653504505784 22.79220434340856 -14.56370940061484
    endloop
  endfacet
  facet normal 0 0 -1
    outer loop
      vertex -9.86559786859625 20.353203755435977 -14.56370940061484
      vertex -12.064170231219064 21.946760124278306 -14.56370940061484
      vertex -10.058990429074484 20.815266342364243 -14.56370940061484
    endloop
  endfacet
  facet normal 0 0 -1
    outer loop
      vertex -10.219572340576413 21.289730214946296 -14.56370940061484
      vertex -12.219653504505784 22.79220434340856 -14.56370940061484
      vertex -10.344596002074525 21.76847716477601 -14.56370940061484
    endloop
  endfacet
  facet normal 0 0 -1
    outer loop
      vertex -10.344596002074525 21.76847716477601 -14.56370940061484
      vertex -12.219653504505784 22.79220434340856 -14.56370940061484
      vertex -10.431922224057478 22.243315698808075 -14.56370940061484
    endloop
  endfacet
  facet normal 0 0 -1
    outer loop
      vertex -10.431922224057478 22.243315698808075 -14.56370940061484
      vertex -12.305356584546596 23.616223890883976 -14.56370940061484
      vertex -10.480056830655741 22.70612119807508 -14.56370940061484
    endloop
  endfacet
  facet normal 0 0 -1
    outer loop
      vertex -10.480056830655741 22.70612119807508 -14.56370940061484
      vertex -12.319813067880611 24.40471956378585 -14.56370940061484
      vertex -10.488176225404983 23.148974932170656 -14.56370940061484
    endloop
  endfacet
  facet normal 0 0 -1
    outer loop
      vertex -10.488176225404983 23.148974932170656 -14.56370940061484
      vertex -12.319813067880611 24.40471956378585 -14.56370940061484
      vertex -10.456141483209924 23.564299550922172 -14.56370940061484
    endloop
  endfacet
  facet normal 0 0 -1
    outer loop
      vertex -10.456141483209924 23.564299550922172 -14.56370940061484
      vertex -12.262775600069896 25.14419998253854 -14.56370940061484
      vertex -10.38450072739123 23.94498873495304 -14.56370940061484
    endloop
  endfacet
  facet normal 0 0 -1
    outer loop
      vertex -10.38450072739123 23.94498873495304 -14.56370940061484
      vertex -12.262775600069896 25.14419998253854 -14.56370940061484
      vertex -10.274479751143526 24.284528786777518 -14.56370940061484
    endloop
  endfacet
  facet normal 0 0 -1
    outer loop
      vertex -10.274479751143526 24.284528786777518 -14.56370940061484
      vertex -12.262775600069896 25.14419998253854 -14.56370940061484
      vertex -12.135220108002464 25.822012432154484 -14.56370940061484
    endloop
  endfacet
  facet normal 0 0 -1
    outer loop
      vertex -9.94745158128667 24.817726473452684 -14.56370940061484
      vertex -12.135220108002464 25.822012432154484 -14.56370940061484
      vertex -11.939329101512653 26.42655935369563 -14.56370940061484
    endloop
  endfacet
  facet normal 0 0 -1
    outer loop
      vertex -9.736039930333101 25.00226094805402 -14.56370940061484
      vertex -11.939329101512653 26.42655935369563 -14.56370940061484
      vertex -11.678454330032752 26.947496781722343 -14.56370940061484
    endloop
  endfacet
  facet normal 0 0 -1
    outer loop
      vertex -10.274479751143526 24.284528786777518 -14.56370940061484
      vertex -12.135220108002464 25.822012432154484 -14.56370940061484
      vertex -10.127961043873993 24.57711008197061 -14.56370940061484
    endloop
  endfacet
  facet normal 0 0 -1
    outer loop
      vertex -10.127961043873993 24.57711008197061 -14.56370940061484
      vertex -12.135220108002464 25.822012432154484 -14.56370940061484
      vertex -9.94745158128667 24.817726473452684 -14.56370940061484
    endloop
  endfacet
  facet normal 0 0 -1
    outer loop
      vertex -9.235446162976102 25.191468004274736 -14.56370940061484
      vertex -11.678454330032752 26.947496781722343 -14.56370940061484
      vertex -11.35705943323093 27.37591133240994 -14.56370940061484
    endloop
  endfacet
  facet normal 0 0 -1
    outer loop
      vertex -9.94745158128667 24.817726473452684 -14.56370940061484
      vertex -11.939329101512653 26.42655935369563 -14.56370940061484
      vertex -9.736039930333101 25.00226094805402 -14.56370940061484
    endloop
  endfacet
  facet normal 0 0 -1
    outer loop
      vertex -9.49734340297549 25.127556069751584 -14.56370940061484
      vertex -9.736039930333101 25.00226094805402 -14.56370940061484
      vertex -11.678454330032752 26.947496781722343 -14.56370940061484
    endloop
  endfacet
  facet normal 0 0 -1
    outer loop
      vertex -9.49734340297549 25.127556069751584 -14.56370940061484
      vertex -11.678454330032752 26.947496781722343 -14.56370940061484
      vertex -9.235446162976102 25.191468004274736 -14.56370940061484
    endloop
  endfacet
  facet normal 0 0 -1
    outer loop
      vertex -9.235446162976102 25.191468004274736 -14.56370940061484
      vertex -11.35705943323093 27.37591133240994 -14.56370940061484
      vertex -8.954829344722963 25.19290320070407 -14.56370940061484
    endloop
  endfacet
  facet normal 0 0 -1
    outer loop
      vertex -8.954829344722963 25.19290320070407 -14.56370940061484
      vertex -11.35705943323093 27.37591133240994 -14.56370940061484
      vertex -10.98064356689897 27.70447271401721 -14.56370940061484
    endloop
  endfacet
  facet normal 0 0 -1
    outer loop
      vertex -7.744247100195228 24.589301431590364 -14.56370940061484
      vertex -10.98064356689897 27.70447271401721 -14.56370940061484
      vertex -10.555647310872004 27.927559150210428 -14.56370940061484
    endloop
  endfacet
  facet normal 0 0 -1
    outer loop
      vertex -8.954829344722963 25.19290320070407 -14.56370940061484
      vertex -10.98064356689897 27.70447271401721 -14.56370940061484
      vertex -8.660294379778064 25.131837102430755 -14.56370940061484
    endloop
  endfacet
  facet normal 0 0 -1
    outer loop
      vertex -8.660294379778064 25.131837102430755 -14.56370940061484
      vertex -10.98064356689897 27.70447271401721 -14.56370940061484
      vertex -8.356880843052126 25.009314567326964 -14.56370940061484
    endloop
  endfacet
  facet normal 0 0 -1
    outer loop
      vertex -8.049780224280664 24.827431989938002 -14.56370940061484
      vertex -8.356880843052126 25.009314567326964 -14.56370940061484
      vertex -10.98064356689897 27.70447271401721 -14.56370940061484
    endloop
  endfacet
  facet normal 0 0 -1
    outer loop
      vertex -8.049780224280664 24.827431989938002 -14.56370940061484
      vertex -10.98064356689897 27.70447271401721 -14.56370940061484
      vertex -7.744247100195228 24.589301431590364 -14.56370940061484
    endloop
  endfacet
  facet normal 0 0 -1
    outer loop
      vertex -7.744247100195228 24.589301431590364 -14.56370940061484
      vertex -10.555647310872004 27.927559150210428 -14.56370940061484
      vertex -10.089342468921876 28.04135357021507 -14.56370940061484
    endloop
  endfacet
  facet normal 0 0 -1
    outer loop
      vertex -7.744247100195228 24.589301431590364 -14.56370940061484
      vertex -10.089342468921876 28.04135357021507 -14.56370940061484
      vertex -9.589707646178478 28.043908919955093 -14.56370940061484
    endloop
  endfacet
  facet normal 0 0 -1
    outer loop
      vertex -8.83727381470746 18.78110687366774 -14.56370940061484
      vertex -8.304504317550808 15.686912359675283 -14.56370940061484
      vertex -8.848502318971219 16.110900914782054 -14.56370940061484
    endloop
  endfacet
  facet normal 0 0 -1
    outer loop
      vertex -8.83727381470746 18.78110687366774 -14.56370940061484
      vertex -7.757715410957714 15.363072648714446 -14.56370940061484
      vertex -8.304504317550808 15.686912359675283 -14.56370940061484
    endloop
  endfacet
  facet normal 0 0 -1
    outer loop
      vertex -8.83727381470746 18.78110687366774 -14.56370940061484
      vertex -7.217491308982268 15.144922769139415 -14.56370940061484
      vertex -7.757715410957714 15.363072648714446 -14.56370940061484
    endloop
  endfacet
  facet normal 0 0 -1
    outer loop
      vertex -8.83727381470746 18.78110687366774 -14.56370940061484
      vertex -6.693075395787688 15.036195325872292 -14.56370940061484
      vertex -7.217491308982268 15.144922769139415 -14.56370940061484
    endloop
  endfacet
  facet normal 0 0 -1
    outer loop
      vertex -8.538535941770942 18.490802814237018 -14.56370940061484
      vertex -5.727135731094165 15.15254509561696 -14.56370940061484
      vertex -8.83727381470746 18.78110687366774 -14.56370940061484
    endloop
  endfacet
  facet normal 0 0 -1
    outer loop
      vertex -8.83727381470746 18.78110687366774 -14.56370940061484
      vertex -6.193440573044293 15.038750675612313 -14.56370940061484
      vertex -6.693075395787688 15.036195325872292 -14.56370940061484
    endloop
  endfacet
  facet normal 0 0 -1
    outer loop
      vertex -8.233002817685506 18.25267225588938 -14.56370940061484
      vertex -5.302139475067198 15.375631531810173 -14.56370940061484
      vertex -8.538535941770942 18.490802814237018 -14.56370940061484
    endloop
  endfacet
  facet normal 0 0 -1
    outer loop
      vertex -8.233002817685506 18.25267225588938 -14.56370940061484
      vertex -7.92590219891404 18.070789678500418 -14.56370940061484
      vertex -5.302139475067198 15.375631531810173 -14.56370940061484
    endloop
  endfacet
  facet normal 0 0 -1
    outer loop
      vertex -8.83727381470746 18.78110687366774 -14.56370940061484
      vertex -5.727135731094165 15.15254509561696 -14.56370940061484
      vertex -6.193440573044293 15.038750675612313 -14.56370940061484
    endloop
  endfacet
  facet normal 0 0 -1
    outer loop
      vertex -7.92590219891404 18.070789678500418 -14.56370940061484
      vertex -7.622488662188105 17.94826714339663 -14.56370940061484
      vertex -5.302139475067198 15.375631531810173 -14.56370940061484
    endloop
  endfacet
  facet normal 0 0 -1
    outer loop
      vertex -7.622488662188105 17.94826714339663 -14.56370940061484
      vertex -7.3279536972432044 17.887201045123316 -14.56370940061484
      vertex -5.302139475067198 15.375631531810173 -14.56370940061484
    endloop
  endfacet
  facet normal 0 0 -1
    outer loop
      vertex -8.538535941770942 18.490802814237018 -14.56370940061484
      vertex -5.302139475067198 15.375631531810173 -14.56370940061484
      vertex -5.727135731094165 15.15254509561696 -14.56370940061484
    endloop
  endfacet
  facet normal 0 0 -1
    outer loop
      vertex -7.3279536972432044 17.887201045123316 -14.56370940061484
      vertex -7.0473368789900634 17.888636241552643 -14.56370940061484
      vertex -4.925723608735237 15.704192913417442 -14.56370940061484
    endloop
  endfacet
  facet normal 0 0 -1
    outer loop
      vertex -7.3279536972432044 17.887201045123316 -14.56370940061484
      vertex -4.925723608735237 15.704192913417442 -14.56370940061484
      vertex -5.302139475067198 15.375631531810173 -14.56370940061484
    endloop
  endfacet
  facet normal 0 0 -1
    outer loop
      vertex -7.0473368789900634 17.888636241552643 -14.56370940061484
      vertex -6.7854396389906775 17.9525481760758 -14.56370940061484
      vertex -4.925723608735237 15.704192913417442 -14.56370940061484
    endloop
  endfacet
  facet normal 0 0 -1
    outer loop
      vertex -6.7854396389906775 17.9525481760758 -14.56370940061484
      vertex -6.546743111633066 18.077843297773356 -14.56370940061484
      vertex -4.604328711933415 16.13260746410504 -14.56370940061484
    endloop
  endfacet
  facet normal 0 0 -1
    outer loop
      vertex -6.7854396389906775 17.9525481760758 -14.56370940061484
      vertex -4.604328711933415 16.13260746410504 -14.56370940061484
      vertex -4.925723608735237 15.704192913417442 -14.56370940061484
    endloop
  endfacet
  facet normal 0 0 -1
    outer loop
      vertex -6.546743111633066 18.077843297773356 -14.56370940061484
      vertex -6.3353314606795 18.262377772374702 -14.56370940061484
      vertex -4.3434539404535135 16.653544892131755 -14.56370940061484
    endloop
  endfacet
  facet normal 0 0 -1
    outer loop
      vertex -6.3353314606795 18.262377772374702 -14.56370940061484
      vertex -6.154821998092174 18.502994163856776 -14.56370940061484
      vertex -4.3434539404535135 16.653544892131755 -14.56370940061484
    endloop
  endfacet
  facet normal 0 0 -1
    outer loop
      vertex -6.154821998092174 18.502994163856776 -14.56370940061484
      vertex -6.00830329082264 18.795575459049864 -14.56370940061484
      vertex -4.1475629339637035 17.258091813672902 -14.56370940061484
    endloop
  endfacet
  facet normal 0 0 -1
    outer loop
      vertex -7.744247100195228 24.589301431590364 -14.56370940061484
      vertex -9.589707646178478 28.043908919955093 -14.56370940061484
      vertex -9.0652917329839 27.935181476687966 -14.56370940061484
    endloop
  endfacet
  facet normal 0 0 -1
    outer loop
      vertex -7.744247100195228 24.589301431590364 -14.56370940061484
      vertex -9.0652917329839 27.935181476687966 -14.56370940061484
      vertex -8.525067631008453 27.71703159711294 -14.56370940061484
    endloop
  endfacet
  facet normal 0 0 -1
    outer loop
      vertex -7.744247100195228 24.589301431590364 -14.56370940061484
      vertex -8.525067631008453 27.71703159711294 -14.56370940061484
      vertex -7.978278724415358 27.3931918861521 -14.56370940061484
    endloop
  endfacet
  facet normal 0 0 -1
    outer loop
      vertex -7.445509227258707 24.298997372159644 -14.56370940061484
      vertex -7.744247100195228 24.589301431590364 -14.56370940061484
      vertex -6.391682247308493 25.85138738224014 -14.56370940061484
    endloop
  endfacet
  facet normal 0 0 -1
    outer loop
      vertex -7.744247100195228 24.589301431590364 -14.56370940061484
      vertex -7.4342807229949495 26.969203331045332 -14.56370940061484
      vertex -6.902381583376267 26.45232049352234 -14.56370940061484
    endloop
  endfacet
  facet normal 0 0 -1
    outer loop
      vertex -7.744247100195228 24.589301431590364 -14.56370940061484
      vertex -7.978278724415358 27.3931918861521 -14.56370940061484
      vertex -7.4342807229949495 26.969203331045332 -14.56370940061484
    endloop
  endfacet
  facet normal 0 0 -1
    outer loop
      vertex -7.158678093302834 23.96148699459019 -14.56370940061484
      vertex -7.445509227258707 24.298997372159644 -14.56370940061484
      vertex -5.9109209220243475 25.176686129342905 -14.56370940061484
    endloop
  endfacet
  facet normal 0 0 -1
    outer loop
      vertex -7.158678093302834 23.96148699459019 -14.56370940061484
      vertex -5.9109209220243475 25.176686129342905 -14.56370940061484
      vertex -6.888661458554205 23.582545195017772 -14.56370940061484
    endloop
  endfacet
  facet normal 0 0 -1
    outer loop
      vertex -6.640079382496124 23.168655772695587 -14.56370940061484
      vertex -6.888661458554205 23.582545195017772 -14.56370940061484
      vertex -5.468323567091668 24.43976106033024 -14.56370940061484
    endloop
  endfacet
  facet normal 0 0 -1
    outer loop
      vertex -5.850860817908691 20.83678854701931 -14.56370940061484
      vertex -5.938187039891641 21.311627081051373 -14.56370940061484
      vertex -4.727130050478883 22.830524366330994 -14.56370940061484
    endloop
  endfacet
  facet normal 0 0 -1
    outer loop
      vertex -6.063210701389753 21.79037403088109 -14.56370940061484
      vertex -6.223792612891684 22.264837903463132 -14.56370940061484
      vertex -5.071463145964518 23.653221167447178 -14.56370940061484
    endloop
  endfacet
  facet normal 0 0 -1
    outer loop
      vertex -5.938187039891641 21.311627081051373 -14.56370940061484
      vertex -6.063210701389753 21.79037403088109 -14.56370940061484
      vertex -4.727130050478883 22.830524366330994 -14.56370940061484
    endloop
  endfacet
  facet normal 0 0 -1
    outer loop
      vertex -6.417185173369916 22.7269004903914 -14.56370940061484
      vertex -6.640079382496124 23.168655772695587 -14.56370940061484
      vertex -5.468323567091668 24.43976106033024 -14.56370940061484
    endloop
  endfacet
  facet normal 0 0 -1
    outer loop
      vertex -6.417185173369916 22.7269004903914 -14.56370940061484
      vertex -5.071463145964518 23.653221167447178 -14.56370940061484
      vertex -6.223792612891684 22.264837903463132 -14.56370940061484
    endloop
  endfacet
  facet normal 0 0 -1
    outer loop
      vertex -6.888661458554205 23.582545195017772 -14.56370940061484
      vertex -5.9109209220243475 25.176686129342905 -14.56370940061484
      vertex -5.468323567091668 24.43976106033024 -14.56370940061484
    endloop
  endfacet
  facet normal 0 0 -1
    outer loop
      vertex -6.417185173369916 22.7269004903914 -14.56370940061484
      vertex -5.468323567091668 24.43976106033024 -14.56370940061484
      vertex -5.071463145964518 23.653221167447178 -14.56370940061484
    endloop
  endfacet
  facet normal 0 0 -1
    outer loop
      vertex -7.744247100195228 24.589301431590364 -14.56370940061484
      vertex -6.902381583376267 26.45232049352234 -14.56370940061484
      vertex -6.391682247308493 25.85138738224014 -14.56370940061484
    endloop
  endfacet
  facet normal 0 0 -1
    outer loop
      vertex -7.445509227258707 24.298997372159644 -14.56370940061484
      vertex -6.391682247308493 25.85138738224014 -14.56370940061484
      vertex -5.9109209220243475 25.176686129342905 -14.56370940061484
    endloop
  endfacet
  facet normal 0 0 -1
    outer loop
      vertex -6.546743111633066 18.077843297773356 -14.56370940061484
      vertex -4.3434539404535135 16.653544892131755 -14.56370940061484
      vertex -4.604328711933415 16.13260746410504 -14.56370940061484
    endloop
  endfacet
  facet normal 0 0 -1
    outer loop
      vertex -6.154821998092174 18.502994163856776 -14.56370940061484
      vertex -4.1475629339637035 17.258091813672902 -14.56370940061484
      vertex -4.3434539404535135 16.653544892131755 -14.56370940061484
    endloop
  endfacet
  facet normal 0 0 -1
    outer loop
      vertex -6.00830329082264 18.795575459049864 -14.56370940061484
      vertex -5.8982823145749395 19.135115510874343 -14.56370940061484
      vertex -4.020007441896271 17.935904263288844 -14.56370940061484
    endloop
  endfacet
  facet normal 0 0 -1
    outer loop
      vertex -5.8982823145749395 19.135115510874343 -14.56370940061484
      vertex -5.826641558756244 19.515804694905214 -14.56370940061484
      vertex -4.020007441896271 17.935904263288844 -14.56370940061484
    endloop
  endfacet
  facet normal 0 0 -1
    outer loop
      vertex -6.00830329082264 18.795575459049864 -14.56370940061484
      vertex -4.020007441896271 17.935904263288844 -14.56370940061484
      vertex -4.1475629339637035 17.258091813672902 -14.56370940061484
    endloop
  endfacet
  facet normal 0 0 -1
    outer loop
      vertex -5.826641558756244 19.515804694905214 -14.56370940061484
      vertex -3.962969974085556 18.675384682041532 -14.56370940061484
      vertex -4.020007441896271 17.935904263288844 -14.56370940061484
    endloop
  endfacet
  facet normal 0 0 -1
    outer loop
      vertex -5.826641558756244 19.515804694905214 -14.56370940061484
      vertex -5.794606816561186 19.931129313656726 -14.56370940061484
      vertex -3.962969974085556 18.675384682041532 -14.56370940061484
    endloop
  endfacet
  facet normal 0 0 -1
    outer loop
      vertex -5.794606816561186 19.931129313656726 -14.56370940061484
      vertex -5.8027262113104285 20.3739830477523 -14.56370940061484
      vertex -4.441215915365692 21.985747227343452 -14.56370940061484
    endloop
  endfacet
  facet normal 0 0 -1
    outer loop
      vertex -5.794606816561186 19.931129313656726 -14.56370940061484
      vertex -3.977426457419573 19.463880354943406 -14.56370940061484
      vertex -3.962969974085556 18.675384682041532 -14.56370940061484
    endloop
  endfacet
  facet normal 0 0 -1
    outer loop
      vertex -5.794606816561186 19.931129313656726 -14.56370940061484
      vertex -4.063129537460384 20.287899902418822 -14.56370940061484
      vertex -3.977426457419573 19.463880354943406 -14.56370940061484
    endloop
  endfacet
  facet normal 0 0 -1
    outer loop
      vertex -5.794606816561186 19.931129313656726 -14.56370940061484
      vertex -4.441215915365692 21.985747227343452 -14.56370940061484
      vertex -4.218612810747103 21.133344121549076 -14.56370940061484
    endloop
  endfacet
  facet normal 0 0 -1
    outer loop
      vertex -5.794606816561186 19.931129313656726 -14.56370940061484
      vertex -4.218612810747103 21.133344121549076 -14.56370940061484
      vertex -4.063129537460384 20.287899902418822 -14.56370940061484
    endloop
  endfacet
  facet normal 0 0 -1
    outer loop
      vertex -5.8027262113104285 20.3739830477523 -14.56370940061484
      vertex -5.850860817908691 20.83678854701931 -14.56370940061484
      vertex -4.441215915365692 21.985747227343452 -14.56370940061484
    endloop
  endfacet
  facet normal 0 0 -1
    outer loop
      vertex -5.850860817908691 20.83678854701931 -14.56370940061484
      vertex -4.727130050478883 22.830524366330994 -14.56370940061484
      vertex -4.441215915365692 21.985747227343452 -14.56370940061484
    endloop
  endfacet
  facet normal 0 0 -1
    outer loop
      vertex -6.063210701389753 21.79037403088109 -14.56370940061484
      vertex -5.071463145964518 23.653221167447178 -14.56370940061484
      vertex -4.727130050478883 22.830524366330994 -14.56370940061484
    endloop
  endfacet
  facet normal 0 0 -1
    outer loop
      vertex 8.82669424760629 -1.2479609294678773 -14.56370940061484
      vertex 6.341736363959483 -0.4764206016031882 -14.56370940061484
      vertex 6.302790392018467 0 -14.56370940061484
    endloop
  endfacet
  facet normal 0 0 -1
    outer loop
      vertex 8.82669424760629 -1.2479609294678773 -14.56370940061484
      vertex 6.302790392018467 0 -14.56370940061484
      vertex 6.341736363959482 0.4764206016031882 -14.56370940061484
    endloop
  endfacet
  facet normal 0 0 -1
    outer loop
      vertex 8.82669424760629 -1.2479609294678773 -14.56370940061484
      vertex 6.457907903404758 -0.9446895146242007 -14.56370940061484
      vertex 6.341736363959483 -0.4764206016031882 -14.56370940061484
    endloop
  endfacet
  facet normal 0 0 -1
    outer loop
      vertex 8.82669424760629 -1.2479609294678773 -14.56370940061484
      vertex 6.64931728310555 -1.3967945281325778 -14.56370940061484
      vertex 6.457907903404758 -0.9446895146242007 -14.56370940061484
    endloop
  endfacet
  facet normal 0 0 -1
    outer loop
      vertex 8.82669424760629 -1.2479609294678773 -14.56370940061484
      vertex 6.912689435506471 -1.825 -14.56370940061484
      vertex 6.64931728310555 -1.3967945281325778 -14.56370940061484
    endloop
  endfacet
  facet normal 0 0 -1
    outer loop
      vertex 8.82669424760629 -1.2479609294678773 -14.56370940061484
      vertex 7.243517990059386 -2.2219792158818303 -14.56370940061484
      vertex 6.912689435506471 -1.825 -14.56370940061484
    endloop
  endfacet
  facet normal 0 0 -1
    outer loop
      vertex 8.82669424760629 -1.2479609294678773 -14.56370940061484
      vertex 7.63614237847289 -2.5809397513308987 -14.56370940061484
      vertex 7.243517990059386 -2.2219792158818303 -14.56370940061484
    endloop
  endfacet
  facet normal 0 0 -1
    outer loop
      vertex 8.82669424760629 -1.2479609294678773 -14.56370940061484
      vertex 8.083844688605181 -2.895739692063008 -14.56370940061484
      vertex 7.63614237847289 -2.5809397513308987 -14.56370940061484
    endloop
  endfacet
  facet normal 0 0 -1
    outer loop
      vertex 8.492965083426741 -0.7845010363484339 -14.56370940061484
      vertex 6.457907903404759 0.9446895146242007 -14.56370940061484
      vertex 8.385461185238626 -0.5305790424601675 -14.56370940061484
    endloop
  endfacet
  facet normal 0 0 -1
    outer loop
      vertex 8.82669424760629 -1.2479609294678773 -14.56370940061484
      vertex 6.457907903404759 0.9446895146242007 -14.56370940061484
      vertex 8.640886429295753 -1.025 -14.56370940061484
    endloop
  endfacet
  facet normal 0 0 -1
    outer loop
      vertex 8.492965083426741 -0.7845010363484339 -14.56370940061484
      vertex 8.640886429295753 -1.025 -14.56370940061484
      vertex 6.457907903404759 0.9446895146242007 -14.56370940061484
    endloop
  endfacet
  facet normal 0 0 -1
    outer loop
      vertex 8.82669424760629 -1.2479609294678773 -14.56370940061484
      vertex 8.578964609803366 -3.1609927238132007 -14.56370940061484
      vertex 8.083844688605181 -2.895739692063008 -14.56370940061484
    endloop
  endfacet
  facet normal 0 0 -1
    outer loop
      vertex 8.82669424760629 -1.2479609294678773 -14.56370940061484
      vertex 9.113030502942568 -3.3721602936661963 -14.56370940061484
      vertex 8.578964609803366 -3.1609927238132007 -14.56370940061484
    endloop
  endfacet
  facet normal 0 0 -1
    outer loop
      vertex 8.82669424760629 -1.2479609294678773 -14.56370940061484
      vertex 9.676904352520136 -3.525629265955099 -14.56370940061484
      vertex 9.113030502942568 -3.3721602936661963 -14.56370940061484
    endloop
  endfacet
  facet normal 0 0 -1
    outer loop
      vertex 8.82669424760629 -1.2479609294678773 -14.56370940061484
      vertex 10.260938120634433 -3.618773744014408 -14.56370940061484
      vertex 9.676904352520136 -3.525629265955099 -14.56370940061484
    endloop
  endfacet
  facet normal 0 0 -1
    outer loop
      vertex 9.29865855774845 -1.626374347597032 -14.56370940061484
      vertex 10.855138827588267 -3.65 -14.56370940061484
      vertex 9.04720931507141 -1.4495689014324225 -14.56370940061484
    endloop
  endfacet
  facet normal 0 0 -1
    outer loop
      vertex 8.82669424760629 -1.2479609294678773 -14.56370940061484
      vertex 9.04720931507141 -1.4495689014324225 -14.56370940061484
      vertex 10.855138827588267 -3.65 -14.56370940061484
    endloop
  endfacet
  facet normal 0 0 -1
    outer loop
      vertex 8.82669424760629 -1.2479609294678773 -14.56370940061484
      vertex 10.855138827588267 -3.65 -14.56370940061484
      vertex 10.260938120634433 -3.618773744014408 -14.56370940061484
    endloop
  endfacet
  facet normal 0 0 -1
    outer loop
      vertex 9.29865855774845 -1.626374347597032 -14.56370940061484
      vertex 9.576739609380308 -1.775352077758099 -14.56370940061484
      vertex 10.855138827588267 -3.65 -14.56370940061484
    endloop
  endfacet
  facet normal 0 0 -1
    outer loop
      vertex 9.576739609380308 -1.775352077758099 -14.56370940061484
      vertex 9.876694426074927 -1.8939530416481376 -14.56370940061484
      vertex 10.855138827588267 -3.65 -14.56370940061484
    endloop
  endfacet
  facet normal 0 0 -1
    outer loop
      vertex 9.876694426074927 -1.8939530416481376 -14.56370940061484
      vertex 11.449339534542101 -3.618773744014408 -14.56370940061484
      vertex 10.855138827588267 -3.65 -14.56370940061484
    endloop
  endfacet
  facet normal 0 0 -1
    outer loop
      vertex 9.876694426074927 -1.8939530416481376 -14.56370940061484
      vertex 10.193390697755481 -1.98014794389259 -14.56370940061484
      vertex 12.033373302656395 -3.525629265955099 -14.56370940061484
    endloop
  endfacet
  facet normal 0 0 -1
    outer loop
      vertex 10.193390697755481 -1.98014794389259 -14.56370940061484
      vertex 10.521409663408715 -2.032461965816311 -14.56370940061484
      vertex 12.033373302656395 -3.525629265955099 -14.56370940061484
    endloop
  endfacet
  facet normal 0 0 -1
    outer loop
      vertex 9.876694426074927 -1.8939530416481376 -14.56370940061484
      vertex 12.033373302656395 -3.525629265955099 -14.56370940061484
      vertex 11.449339534542101 -3.618773744014408 -14.56370940061484
    endloop
  endfacet
  facet normal 0 0 -1
    outer loop
      vertex 10.521409663408715 -2.032461965816311 -14.56370940061484
      vertex 10.855138827588267 -2.05 -14.56370940061484
      vertex 12.033373302656395 -3.525629265955099 -14.56370940061484
    endloop
  endfacet
  facet normal 0 0 -1
    outer loop
      vertex 10.855138827588267 -2.05 -14.56370940061484
      vertex 12.597247152233964 -3.3721602936661963 -14.56370940061484
      vertex 12.033373302656395 -3.525629265955099 -14.56370940061484
    endloop
  endfacet
  facet normal 0 0 -1
    outer loop
      vertex 10.855138827588267 -2.05 -14.56370940061484
      vertex 11.188867991767818 -2.032461965816311 -14.56370940061484
      vertex 12.597247152233964 -3.3721602936661963 -14.56370940061484
    endloop
  endfacet
  facet normal 0 0 -1
    outer loop
      vertex 11.188867991767818 -2.032461965816311 -14.56370940061484
      vertex 11.51688695742105 -1.98014794389259 -14.56370940061484
      vertex 12.597247152233964 -3.3721602936661963 -14.56370940061484
    endloop
  endfacet
  facet normal 0 0 -1
    outer loop
      vertex 11.51688695742105 -1.98014794389259 -14.56370940061484
      vertex 11.833583229101603 -1.8939530416481376 -14.56370940061484
      vertex 13.131313045373163 -3.1609927238132007 -14.56370940061484
    endloop
  endfacet
  facet normal 0 0 -1
    outer loop
      vertex 11.833583229101603 -1.8939530416481376 -14.56370940061484
      vertex 12.133538045796222 -1.775352077758099 -14.56370940061484
      vertex 13.131313045373163 -3.1609927238132007 -14.56370940061484
    endloop
  endfacet
  facet normal 0 0 -1
    outer loop
      vertex 11.51688695742105 -1.98014794389259 -14.56370940061484
      vertex 13.131313045373163 -3.1609927238132007 -14.56370940061484
      vertex 12.597247152233964 -3.3721602936661963 -14.56370940061484
    endloop
  endfacet
  facet normal 0 0 -1
    outer loop
      vertex 12.133538045796222 -1.775352077758099 -14.56370940061484
      vertex 12.411619097428082 -1.626374347597032 -14.56370940061484
      vertex 13.626432966571352 -2.895739692063008 -14.56370940061484
    endloop
  endfacet
  facet normal 0 0 -1
    outer loop
      vertex 12.133538045796222 -1.775352077758099 -14.56370940061484
      vertex 13.626432966571352 -2.895739692063008 -14.56370940061484
      vertex 13.131313045373163 -3.1609927238132007 -14.56370940061484
    endloop
  endfacet
  facet normal 0 0 -1
    outer loop
      vertex 12.411619097428082 -1.626374347597032 -14.56370940061484
      vertex 12.663068340105124 -1.4495689014324225 -14.56370940061484
      vertex 13.626432966571352 -2.895739692063008 -14.56370940061484
    endloop
  endfacet
  facet normal 0 0 -1
    outer loop
      vertex 12.663068340105124 -1.4495689014324225 -14.56370940061484
      vertex 12.883583407570239 -1.2479609294678773 -14.56370940061484
      vertex 14.074135276703643 -2.5809397513308987 -14.56370940061484
    endloop
  endfacet
  facet normal 0 0 -1
    outer loop
      vertex 12.663068340105124 -1.4495689014324225 -14.56370940061484
      vertex 14.074135276703643 -2.5809397513308987 -14.56370940061484
      vertex 13.626432966571352 -2.895739692063008 -14.56370940061484
    endloop
  endfacet
  facet normal 0 0 -1
    outer loop
      vertex 12.883583407570239 -1.2479609294678773 -14.56370940061484
      vertex 13.069391225880782 -1.025 -14.56370940061484
      vertex 14.466759665117145 -2.2219792158818303 -14.56370940061484
    endloop
  endfacet
  facet normal 0 0 -1
    outer loop
      vertex 12.883583407570239 -1.2479609294678773 -14.56370940061484
      vertex 14.466759665117145 -2.2219792158818303 -14.56370940061484
      vertex 14.074135276703643 -2.5809397513308987 -14.56370940061484
    endloop
  endfacet
  facet normal 0 0 -1
    outer loop
      vertex 13.069391225880782 -1.025 -14.56370940061484
      vertex 13.21731257174979 -0.7845010363484339 -14.56370940061484
      vertex 14.797588219670057 -1.825 -14.56370940061484
    endloop
  endfacet
  facet normal 0 0 -1
    outer loop
      vertex 13.21731257174979 -0.7845010363484339 -14.56370940061484
      vertex 13.324816469937907 -0.5305790424601675 -14.56370940061484
      vertex 14.797588219670057 -1.825 -14.56370940061484
    endloop
  endfacet
  facet normal 0 0 -1
    outer loop
      vertex 13.324816469937907 -0.5305790424601675 -14.56370940061484
      vertex 13.39006349894142 -0.2675786940511057 -14.56370940061484
      vertex 15.06096037207098 -1.3967945281325778 -14.56370940061484
    endloop
  endfacet
  facet normal 0 0 -1
    outer loop
      vertex 13.39006349894142 -0.2675786940511057 -14.56370940061484
      vertex 13.41193726400418 0 -14.56370940061484
      vertex 15.06096037207098 -1.3967945281325778 -14.56370940061484
    endloop
  endfacet
  facet normal 0 0 -1
    outer loop
      vertex 13.069391225880782 -1.025 -14.56370940061484
      vertex 14.797588219670057 -1.825 -14.56370940061484
      vertex 14.466759665117145 -2.2219792158818303 -14.56370940061484
    endloop
  endfacet
  facet normal 0 0 -1
    outer loop
      vertex 13.324816469937907 -0.5305790424601675 -14.56370940061484
      vertex 15.06096037207098 -1.3967945281325778 -14.56370940061484
      vertex 14.797588219670057 -1.825 -14.56370940061484
    endloop
  endfacet
  facet normal 0 0 -1
    outer loop
      vertex 13.41193726400418 0 -14.56370940061484
      vertex 15.252369751771774 -0.9446895146242007 -14.56370940061484
      vertex 15.06096037207098 -1.3967945281325778 -14.56370940061484
    endloop
  endfacet
  facet normal 0 0 -1
    outer loop
      vertex 13.41193726400418 0 -14.56370940061484
      vertex 15.36854129121705 -0.4764206016031882 -14.56370940061484
      vertex 15.252369751771774 -0.9446895146242007 -14.56370940061484
    endloop
  endfacet
  facet normal 0 0 -1
    outer loop
      vertex 13.41193726400418 0 -14.56370940061484
      vertex 15.407487263158066 0 -14.56370940061484
      vertex 15.36854129121705 -0.4764206016031882 -14.56370940061484
    endloop
  endfacet
  facet normal 0 0 -1
    outer loop
      vertex 8.385461185238626 -0.5305790424601675 -14.56370940061484
      vertex 6.457907903404759 0.9446895146242007 -14.56370940061484
      vertex 6.649317283105552 1.3967945281325778 -14.56370940061484
    endloop
  endfacet
  facet normal 0 0 -1
    outer loop
      vertex 8.82669424760629 -1.2479609294678773 -14.56370940061484
      vertex 6.341736363959482 0.4764206016031882 -14.56370940061484
      vertex 6.457907903404759 0.9446895146242007 -14.56370940061484
    endloop
  endfacet
  facet normal 0 0 -1
    outer loop
      vertex 8.320214156235114 0.2675786940511057 -14.56370940061484
      vertex 6.649317283105552 1.3967945281325778 -14.56370940061484
      vertex 6.912689435506472 1.825 -14.56370940061484
    endloop
  endfacet
  facet normal 0 0 -1
    outer loop
      vertex 8.640886429295753 1.025 -14.56370940061484
      vertex 6.912689435506472 1.825 -14.56370940061484
      vertex 7.243517990059385 2.2219792158818303 -14.56370940061484
    endloop
  endfacet
  facet normal 0 0 -1
    outer loop
      vertex 8.385461185238626 -0.5305790424601675 -14.56370940061484
      vertex 6.649317283105552 1.3967945281325778 -14.56370940061484
      vertex 8.320214156235114 -0.2675786940511057 -14.56370940061484
    endloop
  endfacet
  facet normal 0 0 -1
    outer loop
      vertex 8.320214156235114 -0.2675786940511057 -14.56370940061484
      vertex 6.649317283105552 1.3967945281325778 -14.56370940061484
      vertex 8.298340391172351 0 -14.56370940061484
    endloop
  endfacet
  facet normal 0 0 -1
    outer loop
      vertex 8.298340391172351 0 -14.56370940061484
      vertex 6.649317283105552 1.3967945281325778 -14.56370940061484
      vertex 8.320214156235114 0.2675786940511057 -14.56370940061484
    endloop
  endfacet
  facet normal 0 0 -1
    outer loop
      vertex 8.320214156235114 0.2675786940511057 -14.56370940061484
      vertex 6.912689435506472 1.825 -14.56370940061484
      vertex 8.385461185238626 0.5305790424601675 -14.56370940061484
    endloop
  endfacet
  facet normal 0 0 -1
    outer loop
      vertex 8.385461185238626 0.5305790424601675 -14.56370940061484
      vertex 6.912689435506472 1.825 -14.56370940061484
      vertex 8.492965083426741 0.7845010363484339 -14.56370940061484
    endloop
  endfacet
  facet normal 0 0 -1
    outer loop
      vertex 8.492965083426741 0.7845010363484339 -14.56370940061484
      vertex 6.912689435506472 1.825 -14.56370940061484
      vertex 8.640886429295753 1.025 -14.56370940061484
    endloop
  endfacet
  facet normal 0 0 -1
    outer loop
      vertex 8.640886429295753 1.025 -14.56370940061484
      vertex 7.243517990059385 2.2219792158818303 -14.56370940061484
      vertex 8.82669424760629 1.2479609294678773 -14.56370940061484
    endloop
  endfacet
  facet normal 0 0 -1
    outer loop
      vertex 8.82669424760629 1.2479609294678773 -14.56370940061484
      vertex 7.243517990059385 2.2219792158818303 -14.56370940061484
      vertex 7.636142378472889 2.5809397513308987 -14.56370940061484
    endloop
  endfacet
  facet normal 0 0 -1
    outer loop
      vertex 9.04720931507141 1.4495689014324225 -14.56370940061484
      vertex 7.636142378472889 2.5809397513308987 -14.56370940061484
      vertex 8.08384468860518 2.895739692063008 -14.56370940061484
    endloop
  endfacet
  facet normal 0 0 -1
    outer loop
      vertex 8.82669424760629 1.2479609294678773 -14.56370940061484
      vertex 7.636142378472889 2.5809397513308987 -14.56370940061484
      vertex 9.04720931507141 1.4495689014324225 -14.56370940061484
    endloop
  endfacet
  facet normal 0 0 -1
    outer loop
      vertex 9.04720931507141 1.4495689014324225 -14.56370940061484
      vertex 8.08384468860518 2.895739692063008 -14.56370940061484
      vertex 9.29865855774845 1.626374347597032 -14.56370940061484
    endloop
  endfacet
  facet normal 0 0 -1
    outer loop
      vertex 9.576739609380308 1.775352077758099 -14.56370940061484
      vertex 8.08384468860518 2.895739692063008 -14.56370940061484
      vertex 8.578964609803364 3.1609927238132007 -14.56370940061484
    endloop
  endfacet
  facet normal 0 0 -1
    outer loop
      vertex 9.29865855774845 1.626374347597032 -14.56370940061484
      vertex 8.08384468860518 2.895739692063008 -14.56370940061484
      vertex 9.576739609380308 1.775352077758099 -14.56370940061484
    endloop
  endfacet
  facet normal 0 0 -1
    outer loop
      vertex 10.193390697755481 1.98014794389259 -14.56370940061484
      vertex 8.578964609803364 3.1609927238132007 -14.56370940061484
      vertex 9.11303050294257 3.3721602936661963 -14.56370940061484
    endloop
  endfacet
  facet normal 0 0 -1
    outer loop
      vertex 9.576739609380308 1.775352077758099 -14.56370940061484
      vertex 8.578964609803364 3.1609927238132007 -14.56370940061484
      vertex 9.876694426074929 1.8939530416481376 -14.56370940061484
    endloop
  endfacet
  facet normal 0 0 -1
    outer loop
      vertex 9.876694426074929 1.8939530416481376 -14.56370940061484
      vertex 8.578964609803364 3.1609927238132007 -14.56370940061484
      vertex 10.193390697755481 1.98014794389259 -14.56370940061484
    endloop
  endfacet
  facet normal 0 0 -1
    outer loop
      vertex 10.193390697755481 1.98014794389259 -14.56370940061484
      vertex 9.11303050294257 3.3721602936661963 -14.56370940061484
      vertex 10.521409663408715 2.032461965816311 -14.56370940061484
    endloop
  endfacet
  facet normal 0 0 -1
    outer loop
      vertex 10.521409663408715 2.032461965816311 -14.56370940061484
      vertex 9.11303050294257 3.3721602936661963 -14.56370940061484
      vertex 10.855138827588267 2.05 -14.56370940061484
    endloop
  endfacet
  facet normal 0 0 -1
    outer loop
      vertex 10.855138827588267 2.05 -14.56370940061484
      vertex 9.11303050294257 3.3721602936661963 -14.56370940061484
      vertex 9.676904352520138 3.525629265955099 -14.56370940061484
    endloop
  endfacet
  facet normal 0 0 -1
    outer loop
      vertex 10.855138827588267 2.05 -14.56370940061484
      vertex 9.676904352520138 3.525629265955099 -14.56370940061484
      vertex 11.188867991767818 2.032461965816311 -14.56370940061484
    endloop
  endfacet
  facet normal 0 0 -1
    outer loop
      vertex 11.833583229101603 1.8939530416481376 -14.56370940061484
      vertex 9.676904352520138 3.525629265955099 -14.56370940061484
      vertex 10.26093812063443 3.618773744014408 -14.56370940061484
    endloop
  endfacet
  facet normal 0 0 -1
    outer loop
      vertex 11.188867991767818 2.032461965816311 -14.56370940061484
      vertex 9.676904352520138 3.525629265955099 -14.56370940061484
      vertex 11.51688695742105 1.98014794389259 -14.56370940061484
    endloop
  endfacet
  facet normal 0 0 -1
    outer loop
      vertex 11.51688695742105 1.98014794389259 -14.56370940061484
      vertex 9.676904352520138 3.525629265955099 -14.56370940061484
      vertex 11.833583229101603 1.8939530416481376 -14.56370940061484
    endloop
  endfacet
  facet normal 0 0 -1
    outer loop
      vertex 11.833583229101603 1.8939530416481376 -14.56370940061484
      vertex 10.26093812063443 3.618773744014408 -14.56370940061484
      vertex 10.855138827588267 3.65 -14.56370940061484
    endloop
  endfacet
  facet normal 0 0 -1
    outer loop
      vertex 11.833583229101603 1.8939530416481376 -14.56370940061484
      vertex 10.855138827588267 3.65 -14.56370940061484
      vertex 12.133538045796222 1.775352077758099 -14.56370940061484
    endloop
  endfacet
  facet normal 0 0 -1
    outer loop
      vertex 12.133538045796222 1.775352077758099 -14.56370940061484
      vertex 10.855138827588267 3.65 -14.56370940061484
      vertex 12.411619097428082 1.626374347597032 -14.56370940061484
    endloop
  endfacet
  facet normal 0 0 -1
    outer loop
      vertex 12.883583407570239 1.2479609294678773 -14.56370940061484
      vertex 10.855138827588267 3.65 -14.56370940061484
      vertex 11.449339534542101 3.618773744014408 -14.56370940061484
    endloop
  endfacet
  facet normal 0 0 -1
    outer loop
      vertex 12.663068340105124 1.4495689014324225 -14.56370940061484
      vertex 10.855138827588267 3.65 -14.56370940061484
      vertex 12.883583407570239 1.2479609294678773 -14.56370940061484
    endloop
  endfacet
  facet normal 0 0 -1
    outer loop
      vertex 12.411619097428082 1.626374347597032 -14.56370940061484
      vertex 10.855138827588267 3.65 -14.56370940061484
      vertex 12.663068340105124 1.4495689014324225 -14.56370940061484
    endloop
  endfacet
  facet normal 0 0 -1
    outer loop
      vertex 12.883583407570239 1.2479609294678773 -14.56370940061484
      vertex 11.449339534542101 3.618773744014408 -14.56370940061484
      vertex 12.033373302656395 3.525629265955099 -14.56370940061484
    endloop
  endfacet
  facet normal 0 0 -1
    outer loop
      vertex 12.883583407570239 1.2479609294678773 -14.56370940061484
      vertex 12.033373302656395 3.525629265955099 -14.56370940061484
      vertex 12.597247152233964 3.3721602936661963 -14.56370940061484
    endloop
  endfacet
  facet normal 0 0 -1
    outer loop
      vertex 12.883583407570239 1.2479609294678773 -14.56370940061484
      vertex 14.074135276703643 2.5809397513308987 -14.56370940061484
      vertex 13.069391225880782 1.025 -14.56370940061484
    endloop
  endfacet
  facet normal 0 0 -1
    outer loop
      vertex 13.21731257174979 0.7845010363484339 -14.56370940061484
      vertex 14.466759665117145 2.2219792158818303 -14.56370940061484
      vertex 13.324816469937907 0.5305790424601675 -14.56370940061484
    endloop
  endfacet
  facet normal 0 0 -1
    outer loop
      vertex 13.21731257174979 0.7845010363484339 -14.56370940061484
      vertex 13.069391225880782 1.025 -14.56370940061484
      vertex 14.466759665117145 2.2219792158818303 -14.56370940061484
    endloop
  endfacet
  facet normal 0 0 -1
    outer loop
      vertex 12.883583407570239 1.2479609294678773 -14.56370940061484
      vertex 12.597247152233964 3.3721602936661963 -14.56370940061484
      vertex 13.131313045373165 3.1609927238132007 -14.56370940061484
    endloop
  endfacet
  facet normal 0 0 -1
    outer loop
      vertex 12.883583407570239 1.2479609294678773 -14.56370940061484
      vertex 13.131313045373165 3.1609927238132007 -14.56370940061484
      vertex 13.626432966571352 2.895739692063008 -14.56370940061484
    endloop
  endfacet
  facet normal 0 0 -1
    outer loop
      vertex 12.883583407570239 1.2479609294678773 -14.56370940061484
      vertex 13.626432966571352 2.895739692063008 -14.56370940061484
      vertex 14.074135276703643 2.5809397513308987 -14.56370940061484
    endloop
  endfacet
  facet normal 0 0 -1
    outer loop
      vertex 13.41193726400418 0 -14.56370940061484
      vertex 13.39006349894142 0.2675786940511057 -14.56370940061484
      vertex 14.797588219670057 1.825 -14.56370940061484
    endloop
  endfacet
  facet normal 0 0 -1
    outer loop
      vertex 13.39006349894142 0.2675786940511057 -14.56370940061484
      vertex 13.324816469937907 0.5305790424601675 -14.56370940061484
      vertex 14.797588219670057 1.825 -14.56370940061484
    endloop
  endfacet
  facet normal 0 0 -1
    outer loop
      vertex 13.324816469937907 0.5305790424601675 -14.56370940061484
      vertex 14.466759665117145 2.2219792158818303 -14.56370940061484
      vertex 14.797588219670057 1.825 -14.56370940061484
    endloop
  endfacet
  facet normal 0 0 -1
    outer loop
      vertex 13.41193726400418 0 -14.56370940061484
      vertex 14.797588219670057 1.825 -14.56370940061484
      vertex 15.06096037207098 1.3967945281325778 -14.56370940061484
    endloop
  endfacet
  facet normal 0 0 -1
    outer loop
      vertex 13.069391225880782 1.025 -14.56370940061484
      vertex 14.074135276703643 2.5809397513308987 -14.56370940061484
      vertex 14.466759665117145 2.2219792158818303 -14.56370940061484
    endloop
  endfacet
  facet normal 0 0 -1
    outer loop
      vertex 13.41193726400418 0 -14.56370940061484
      vertex 15.36854129121705 0.4764206016031882 -14.56370940061484
      vertex 15.407487263158066 0 -14.56370940061484
    endloop
  endfacet
  facet normal 0 0 -1
    outer loop
      vertex 13.41193726400418 0 -14.56370940061484
      vertex 15.06096037207098 1.3967945281325778 -14.56370940061484
      vertex 15.252369751771774 0.9446895146242007 -14.56370940061484
    endloop
  endfacet
  facet normal 0 0 -1
    outer loop
      vertex 13.41193726400418 0 -14.56370940061484
      vertex 15.252369751771774 0.9446895146242007 -14.56370940061484
      vertex 15.36854129121705 0.4764206016031882 -14.56370940061484
    endloop
  endfacet
endsolid OpenSCAD_Model
