solid OpenSCAD_Model
  facet normal -0.6935199226610733 -0.1950903220161314 -0.6935199226610733
    outer loop
      vertex 0.4764206016031882 -0.4764206016031882 -5.594139509548028
      vertex 8.388020612718215 -0.4764206016031882 -13.505739520663056
      vertex 8.519746796849855 -0.9446895146242007 -13.505739520663056
    endloop
  endfacet
  facet normal -0.7055928112895233 -0.06540312923014034 -0.7055928112895233
    outer loop
      vertex 0 0 -5.161879502661797
      vertex 8.343860018001259 0 -13.505739520663056
      vertex 8.388020612718215 -0.4764206016031882 -13.505739520663056
    endloop
  endfacet
  facet normal -0.6341847973991337 -0.44228869021900097 -0.6341847973991337
    outer loop
      vertex 1.3967945281325778 -1.3967945281325778 -6.165749349931351
      vertex 8.736784698864282 -1.3967945281325778 -13.505739520663056
      vertex 9.035420740083756 -1.825 -13.505739520663056
    endloop
  endfacet
  facet normal -0.6695807158758447 -0.32143946530316225 -0.6695807158758447
    outer loop
      vertex 1.3967945281325778 -1.3967945281325778 -6.165749349931351
      vertex 8.519746796849855 -0.9446895146242007 -13.505739520663056
      vertex 8.736784698864282 -1.3967945281325778 -13.505739520663056
    endloop
  endfacet
  facet normal -0.5879378012096796 -0.5555702330196015 -0.5879378012096796
    outer loop
      vertex 2.2219792158818303 -2.2219792158818303 -6.317173561499427
      vertex 9.035420740083756 -1.825 -13.505739520663056
      vertex 9.41054517504546 -2.2219792158818303 -13.505739520663056
    endloop
  endfacet
  facet normal -0.5316310262343726 -0.6593458151000697 -0.5316310262343727
    outer loop
      vertex 2.5809397513308987 -2.5809397513308987 -6.230939751330899
      vertex 9.41054517504546 -2.2219792158818303 -13.505739520663056
      vertex 9.855739520663057 -2.5809397513308987 -13.505739520663056
    endloop
  endfacet
  facet normal -0.39284747919355095 -0.8314696123025456 -0.3928474791935509
    outer loop
      vertex 3.160992723813201 -3.1609927238132007 -5.741932475144099
      vertex 10.363386378251835 -2.895739692063008 -13.505739520663056
      vertex 10.924799769332157 -3.1609927238132007 -13.505739520663056
    endloop
  endfacet
  facet normal -0.466227897004231 -0.7518398074789764 -0.466227897004231
    outer loop
      vertex 2.895739692063008 -2.895739692063008 -6.038092834474229
      vertex 9.855739520663057 -2.5809397513308987 -13.505739520663056
      vertex 10.363386378251835 -2.895739692063008 -13.505739520663056
    endloop
  endfacet
  facet normal -0.312745332095971 -0.8968727415326891 -0.31274533209597094
    outer loop
      vertex 3.160992723813201 -3.1609927238132007 -5.741932475144099
      vertex 10.924799769332157 -3.1609927238132007 -13.505739520663056
      vertex 11.530373755129439 -3.3721602936661963 -13.505739520663056
    endloop
  endfacet
  facet normal -0.2272920256568437 -0.9469301294951056 -0.22729202565684373
    outer loop
      vertex 3.3721602936661963 -3.3721602936661963 -5.347526059199815
      vertex 11.530373755129439 -3.3721602936661963 -13.505739520663056
      vertex 12.169746796849857 -3.525629265955099 -13.505739520663056
    endloop
  endfacet
  facet normal -0.6935199226610735 -0.19509032201612897 -0.6935199226610737
    outer loop
      vertex 0.9446895146242007 -0.9446895146242007 -5.930682238437402
      vertex 0.4764206016031882 -0.4764206016031882 -5.594139509548028
      vertex 8.519746796849855 -0.9446895146242007 -13.505739520663056
    endloop
  endfacet
  facet normal -0.58793780120968 -0.555570233019601 -0.5879378012096799
    outer loop
      vertex 1.825 -1.825 -6.295318780579299
      vertex 9.035420740083756 -1.825 -13.505739520663056
      vertex 2.2219792158818303 -2.2219792158818303 -6.317173561499427
    endloop
  endfacet
  facet normal -0.6341847973991334 -0.4422886902190018 -0.6341847973991334
    outer loop
      vertex 1.3967945281325778 -1.3967945281325778 -6.165749349931351
      vertex 9.035420740083756 -1.825 -13.505739520663056
      vertex 1.825 -1.825 -6.295318780579299
    endloop
  endfacet
  facet normal -0.6695807158758444 -0.3214394653031631 -0.6695807158758446
    outer loop
      vertex 0.9446895146242007 -0.9446895146242007 -5.930682238437402
      vertex 8.519746796849855 -0.9446895146242007 -13.505739520663056
      vertex 1.3967945281325778 -1.3967945281325778 -6.165749349931351
    endloop
  endfacet
  facet normal -0.7055928112895232 -0.06540312923014226 -0.7055928112895231
    outer loop
      vertex 0.4764206016031882 -0.4764206016031882 -5.594139509548028
      vertex 0 0 -5.161879502661797
      vertex 8.388020612718215 -0.4764206016031882 -13.505739520663056
    endloop
  endfacet
  facet normal -0.5316310262343735 -0.6593458151000684 -0.5316310262343735
    outer loop
      vertex 2.2219792158818303 -2.2219792158818303 -6.317173561499427
      vertex 9.41054517504546 -2.2219792158818303 -13.505739520663056
      vertex 2.5809397513308987 -2.5809397513308987 -6.230939751330899
    endloop
  endfacet
  facet normal -0.46622789700423034 -0.7518398074789774 -0.4662278970042304
    outer loop
      vertex 2.5809397513308987 -2.5809397513308987 -6.230939751330899
      vertex 9.855739520663057 -2.5809397513308987 -13.505739520663056
      vertex 2.895739692063008 -2.895739692063008 -6.038092834474229
    endloop
  endfacet
  facet normal -0.3928474791935503 -0.831469612302546 -0.3928474791935503
    outer loop
      vertex 2.895739692063008 -2.895739692063008 -6.038092834474229
      vertex 10.363386378251835 -2.895739692063008 -13.505739520663056
      vertex 3.160992723813201 -3.1609927238132007 -5.741932475144099
    endloop
  endfacet
  facet normal -0.31274533209597194 -0.8968727415326883 -0.312745332095972
    outer loop
      vertex 3.160992723813201 -3.1609927238132007 -5.741932475144099
      vertex 11.530373755129439 -3.3721602936661963 -13.505739520663056
      vertex 3.3721602936661963 -3.3721602936661963 -5.347526059199815
    endloop
  endfacet
  facet normal -0.13794968964147158 -0.9807852804032304 -0.13794968964147156
    outer loop
      vertex 3.525629265955099 -3.525629265955099 -4.8616219897683
      vertex 12.831979044481876 -3.618773744014408 -13.505739520663056
      vertex 3.618773744014408 -3.618773744014408 -4.292534220195586
    endloop
  endfacet
  facet normal -0.0462469961894543 -0.9978589232386034 -0.04624699618945429
    outer loop
      vertex 3.618773744014408 -3.618773744014408 -4.292534220195586
      vertex 13.505739520663056 -3.65 -13.505739520663056
      vertex 3.65 -3.65 -3.65
    endloop
  endfacet
  facet normal -0.2272920256568438 -0.9469301294951056 -0.22729202565684384
    outer loop
      vertex 3.3721602936661963 -3.3721602936661963 -5.347526059199815
      vertex 12.169746796849857 -3.525629265955099 -13.505739520663056
      vertex 3.525629265955099 -3.525629265955099 -4.8616219897683
    endloop
  endfacet
  facet normal 0.04624699618945432 -0.9978589232386034 0.046246996189454326
    outer loop
      vertex 3.65 -3.65 -3.65
      vertex 14.179499996844235 -3.618773744014408 -13.505739520663056
      vertex 3.618773744014408 -3.618773744014408 -2.94501326783323
    endloop
  endfacet
  facet normal 0.1379496896414715 -0.9807852804032305 0.13794968964147147
    outer loop
      vertex 3.618773744014408 -3.618773744014408 -2.94501326783323
      vertex 14.841732244476255 -3.525629265955099 -13.505739520663056
      vertex 3.525629265955099 -3.525629265955099 -2.1896365421418986
    endloop
  endfacet
  facet normal 0.2272920256568439 -0.9469301294951054 0.2272920256568438
    outer loop
      vertex 3.525629265955099 -3.525629265955099 -2.1896365421418986
      vertex 15.481105286196673 -3.3721602936661963 -13.505739520663056
      vertex 3.372160293666196 -3.3721602936661963 -1.396794528132577
    endloop
  endfacet
  facet normal 0.31274533209597166 -0.8968727415326886 0.31274533209597166
    outer loop
      vertex 3.372160293666196 -3.3721602936661963 -1.396794528132577
      vertex 16.086679271993955 -3.1609927238132007 -13.505739520663056
      vertex 3.1609927238132007 -3.1609927238132007 -0.5800529724823018
    endloop
  endfacet
  facet normal -0.13794968964147203 -0.9807852804032303 -0.13794968964147203
    outer loop
      vertex 3.525629265955099 -3.525629265955099 -4.8616219897683
      vertex 12.169746796849857 -3.525629265955099 -13.505739520663056
      vertex 12.831979044481876 -3.618773744014408 -13.505739520663056
    endloop
  endfacet
  facet normal -0.04624699618945424 -0.9978589232386034 -0.046246996189454236
    outer loop
      vertex 3.618773744014408 -3.618773744014408 -4.292534220195586
      vertex 12.831979044481876 -3.618773744014408 -13.505739520663056
      vertex 13.505739520663056 -3.65 -13.505739520663056
    endloop
  endfacet
  facet normal 0.046246996189454194 -0.9978589232386035 0.046246996189454194
    outer loop
      vertex 3.65 -3.65 -3.65
      vertex 13.505739520663056 -3.65 -13.505739520663056
      vertex 14.179499996844235 -3.618773744014408 -13.505739520663056
    endloop
  endfacet
  facet normal 0.13794968964147217 -0.9807852804032302 0.1379496896414722
    outer loop
      vertex 3.618773744014408 -3.618773744014408 -2.94501326783323
      vertex 14.179499996844235 -3.618773744014408 -13.505739520663056
      vertex 14.841732244476255 -3.525629265955099 -13.505739520663056
    endloop
  endfacet
  facet normal 0.22729202565684378 -0.9469301294951056 0.2272920256568437
    outer loop
      vertex 3.525629265955099 -3.525629265955099 -2.1896365421418986
      vertex 14.841732244476255 -3.525629265955099 -13.505739520663056
      vertex 15.481105286196673 -3.3721602936661963 -13.505739520663056
    endloop
  endfacet
  facet normal 0.3127453320959708 -0.8968727415326891 0.3127453320959707
    outer loop
      vertex 3.372160293666196 -3.3721602936661963 -1.396794528132577
      vertex 15.481105286196673 -3.3721602936661963 -13.505739520663056
      vertex 16.086679271993955 -3.1609927238132007 -13.505739520663056
    endloop
  endfacet
  facet normal 0.39284747919355234 -0.831469612302544 0.39284747919355234
    outer loop
      vertex 3.1609927238132007 -3.1609927238132007 -0.5800529724823018
      vertex 16.086679271993955 -3.1609927238132007 -13.505739520663056
      vertex 16.648092663074273 -2.895739692063008 -13.505739520663056
    endloop
  endfacet
  facet normal 0.4662278970042286 -0.7518398074789794 0.4662278970042285
    outer loop
      vertex 2.895739692063008 -2.895739692063008 0.24661345034821225
      vertex 16.648092663074273 -2.895739692063008 -13.505739520663056
      vertex 17.155739520663055 -2.5809397513308987 -13.505739520663056
    endloop
  endfacet
  facet normal 0.5316310262343724 -0.6593458151000703 0.5316310262343723
    outer loop
      vertex 2.5809397513308987 -2.5809397513308987 1.069060248669102
      vertex 17.155739520663055 -2.5809397513308987 -13.505739520663056
      vertex 17.600933866280652 -2.2219792158818303 -13.505739520663056
    endloop
  endfacet
  facet normal 0.5879378012096799 -0.5555702330196011 0.5879378012096799
    outer loop
      vertex 2.2219792158818303 -2.2219792158818303 1.8732151297357658
      vertex 17.600933866280652 -2.2219792158818303 -13.505739520663056
      vertex 17.976058301242354 -1.825 -13.505739520663056
    endloop
  endfacet
  facet normal 0.6341847973991338 -0.4422886902190006 0.6341847973991338
    outer loop
      vertex 2.23515939028965 -1.825 2.23515939028965
      vertex 17.976058301242354 -1.825 -13.505739520663056
      vertex 18.274694342461828 -1.3967945281325778 -13.505739520663056
    endloop
  endfacet
  facet normal 0.6695807158758444 -0.3214394653031632 0.6695807158758444
    outer loop
      vertex 2.384477410899387 -1.3967945281325778 2.384477410899387
      vertex 18.274694342461828 -1.3967945281325778 -13.505739520663056
      vertex 18.491732244476257 -0.9446895146242007 -13.505739520663056
    endloop
  endfacet
  facet normal 0.6935199226610729 -0.19509032201613444 0.6935199226610729
    outer loop
      vertex 2.4929963619066005 -0.9446895146242007 2.4929963619066005
      vertex 18.491732244476257 -0.9446895146242007 -13.505739520663056
      vertex 18.623458428607897 -0.4764206016031882 -13.505739520663056
    endloop
  endfacet
  facet normal 0.7055928112895233 -0.06540312923013965 0.7055928112895233
    outer loop
      vertex 2.5588594539724197 -0.4764206016031882 2.5588594539724197
      vertex 18.623458428607897 -0.4764206016031882 -13.505739520663056
      vertex 18.667619023324853 0 -13.505739520663056
    endloop
  endfacet
  facet normal 0.3928474791935512 -0.8314696123025452 0.392847479193551
    outer loop
      vertex 3.1609927238132007 -3.1609927238132007 -0.5800529724823018
      vertex 16.648092663074273 -2.895739692063008 -13.505739520663056
      vertex 2.895739692063008 -2.895739692063008 0.24661345034821225
    endloop
  endfacet
  facet normal 0.4662278970042298 -0.7518398074789779 0.46622789700422973
    outer loop
      vertex 2.895739692063008 -2.895739692063008 0.24661345034821225
      vertex 17.155739520663055 -2.5809397513308987 -13.505739520663056
      vertex 2.5809397513308987 -2.5809397513308987 1.069060248669102
    endloop
  endfacet
  facet normal 0.5316310262343739 -0.6593458151000677 0.5316310262343739
    outer loop
      vertex 2.5809397513308987 -2.5809397513308987 1.069060248669102
      vertex 17.600933866280652 -2.2219792158818303 -13.505739520663056
      vertex 2.2219792158818303 -2.2219792158818303 1.8732151297357658
    endloop
  endfacet
  facet normal 0.5879378012096793 -0.5555702330196024 0.5879378012096793
    outer loop
      vertex 2.2219792158818303 -2.2219792158818303 1.8732151297357658
      vertex 17.976058301242354 -1.825 -13.505739520663056
      vertex 2.2685611299082047 -2.0187109824276703 2.0187109824276703
    endloop
  endfacet
  facet normal 0.5879378012096798 -0.5555702330196016 0.5879378012096796
    outer loop
      vertex 2.2685611299082047 -2.0187109824276703 2.0187109824276703
      vertex 17.976058301242354 -1.825 -13.505739520663056
      vertex 2.23515939028965 -1.825 2.23515939028965
    endloop
  endfacet
  facet normal 0.6341847973991336 -0.44228869021900125 0.6341847973991336
    outer loop
      vertex 2.23515939028965 -1.825 2.23515939028965
      vertex 18.274694342461828 -1.3967945281325778 -13.505739520663056
      vertex 2.384477410899387 -1.3967945281325778 2.384477410899387
    endloop
  endfacet
  facet normal 0.6695807158758461 -0.321439465303156 0.6695807158758463
    outer loop
      vertex 2.384477410899387 -1.3967945281325778 2.384477410899387
      vertex 18.491732244476257 -0.9446895146242007 -13.505739520663056
      vertex 2.3904260049916912 -1.3720118594143889 2.3904260049916912
    endloop
  endfacet
  facet normal 0.6695807158758447 -0.3214394653031623 0.6695807158758446
    outer loop
      vertex 2.3904260049916912 -1.3720118594143889 2.3904260049916912
      vertex 18.491732244476257 -0.9446895146242007 -13.505739520663056
      vertex 2.5663927904523476 -1.063034700181895 2.3627870469307095
    endloop
  endfacet
  facet normal 0.6695807158758448 -0.3214394653031618 0.6695807158758448
    outer loop
      vertex 2.5663927904523476 -1.063034700181895 2.3627870469307095
      vertex 18.491732244476257 -0.9446895146242007 -13.505739520663056
      vertex 2.5512070826860485 -1.0033766955654861 2.4066122251152513
    endloop
  endfacet
  facet normal 0.6695807158758446 -0.3214394653031627 0.6695807158758444
    outer loop
      vertex 2.5512070826860485 -1.0033766955654861 2.4066122251152513
      vertex 18.491732244476257 -0.9446895146242007 -13.505739520663056
      vertex 2.4929963619066005 -0.9446895146242007 2.4929963619066005
    endloop
  endfacet
  facet normal 0.6935199226610735 -0.19509032201612939 0.6935199226610735
    outer loop
      vertex 2.6192993647730263 -0.8027833009945156 2.4066122251152513
      vertex 2.4929963619066005 -0.9446895146242007 2.4929963619066005
      vertex 18.623458428607897 -0.4764206016031882 -13.505739520663056
    endloop
  endfacet
  facet normal 0.6935199226610733 -0.1950903220161304 0.6935199226610734
    outer loop
      vertex 2.6192993647730263 -0.8027833009945156 2.4066122251152513
      vertex 18.623458428607897 -0.4764206016031882 -13.505739520663056
      vertex 2.6703579260760417 -0.715520249794123 2.3801011587039067
    endloop
  endfacet
  facet normal 0.6935199226610739 -0.19509032201612697 0.693519922661074
    outer loop
      vertex 2.6703579260760417 -0.715520249794123 2.3801011587039067
      vertex 18.623458428607897 -0.4764206016031882 -13.505739520663056
      vertex 2.6636980599658355 -0.6449518958373494 2.4066122251152513
    endloop
  endfacet
  facet normal 0.6935199226610735 -0.19509032201612983 0.6935199226610735
    outer loop
      vertex 2.5588594539724197 -0.4764206016031882 2.5588594539724197
      vertex 2.6636980599658355 -0.6449518958373494 2.4066122251152513
      vertex 18.623458428607897 -0.4764206016031882 -13.505739520663056
    endloop
  endfacet
  facet normal 0.7055928112895231 -0.06540312923014287 0.7055928112895231
    outer loop
      vertex 2.5588594539724197 -0.4764206016031882 2.5588594539724197
      vertex 18.667619023324853 0 -13.505739520663056
      vertex 2.5809397513308987 0 2.5809397513308987
    endloop
  endfacet
  facet normal 0.5316310262343733 -0.6593458151000688 0.5316310262343733
    outer loop
      vertex 2.2219792158818303 -2.2219792158818303 1.8732151297357658
      vertex 2.047597172808798 -2.2219792158818303 2.047597172808798
      vertex 2.0187109824276703 -2.2685611299082042 2.0187109824276703
    endloop
  endfacet
  facet normal 0.5879378012096791 -0.5555702330196027 0.5879378012096791
    outer loop
      vertex 2.2219792158818303 -2.2219792158818303 1.8732151297357658
      vertex 2.10634688026818 -2.180724126302715 2.0278313505215477
      vertex 2.047597172808798 -2.2219792158818303 2.047597172808798
    endloop
  endfacet
  facet normal 0.5879378012096764 -0.5555702330196065 0.5879378012096782
    outer loop
      vertex 2.2219792158818303 -2.2219792158818303 1.8732151297357658
      vertex 2.159426921194821 -2.159426921194821 1.9948760458852328
      vertex 2.10634688026818 -2.180724126302715 2.0278313505215477
    endloop
  endfacet
  facet normal -0.7071067811865477 6.226931991950524e-17 0.7071067811865475
    outer loop
      vertex 2.0187109824276703 -2.2685611299082042 2.0187109824276703
      vertex 2.047597172808798 -2.2219792158818303 2.047597172808798
      vertex 2.052895370671408 -2.202074296570563 2.052895370671408
    endloop
  endfacet
  facet normal -0.7071067811865476 8.052477504872122e-18 0.7071067811865475
    outer loop
      vertex 2.047597172808798 -2.2219792158818303 2.047597172808798
      vertex 2.092198870400218 -2.127578823443263 2.092198870400218
      vertex 2.052895370671408 -2.202074296570563 2.052895370671408
    endloop
  endfacet
  facet normal 0.5879378012096794 -0.5555702330196036 0.5879378012096781
    outer loop
      vertex 2.047597172808798 -2.2219792158818303 2.047597172808798
      vertex 2.10634688026818 -2.180724126302715 2.0278313505215477
      vertex 2.092198870400218 -2.127578823443263 2.092198870400218
    endloop
  endfacet
  facet normal 0.5879378012096794 -0.5555702330196021 0.5879378012096796
    outer loop
      vertex 2.2020742965705633 -2.052895370671408 2.052895370671408
      vertex 2.23515939028965 -1.825 2.23515939028965
      vertex 2.119020954908732 -2.0708093406576737 2.119020954908732
    endloop
  endfacet
  facet normal 0.5879378012096784 -0.5555702330196023 0.5879378012096802
    outer loop
      vertex 2.2020742965705633 -2.052895370671408 2.052895370671408
      vertex 2.2685611299082047 -2.0187109824276703 2.0187109824276703
      vertex 2.23515939028965 -1.825 2.23515939028965
    endloop
  endfacet
  facet normal -0.7071067811865477 -3.528101401573926e-16 0.7071067811865474
    outer loop
      vertex 2.119020954908732 -2.0708093406576737 2.119020954908732
      vertex 2.23515939028965 -1.825 2.23515939028965
      vertex 2.263968419522047 -1.7372040682313397 2.263968419522047
    endloop
  endfacet
  facet normal -0.7071067811865478 2.990653134356742e-16 0.7071067811865472
    outer loop
      vertex 2.23515939028965 -1.825 2.23515939028965
      vertex 2.384477410899387 -1.3967945281325778 2.384477410899387
      vertex 2.263968419522047 -1.7372040682313397 2.263968419522047
    endloop
  endfacet
  facet normal -0.7071067811865495 -3.612205282204026e-16 0.7071067811865455
    outer loop
      vertex 2.263968419522047 -1.7372040682313397 2.263968419522047
      vertex 2.384477410899387 -1.3967945281325778 2.384477410899387
      vertex 2.388557783003201 -1.3790344789918738 2.388557783003201
    endloop
  endfacet
  facet normal -0.7071067811865471 -2.4559596853883596e-16 0.7071067811865479
    outer loop
      vertex 2.384477410899387 -1.3967945281325778 2.384477410899387
      vertex 2.3904260049916912 -1.3720118594143889 2.3904260049916912
      vertex 2.388557783003201 -1.3790344789918738 2.388557783003201
    endloop
  endfacet
  facet normal 0.6695807158758403 -0.3214394653031621 0.669580715875849
    outer loop
      vertex 2.4625632687419854 -1.071478005192778 2.4625632687419854
      vertex 2.478831995596197 -1.0267658314203092 2.4677591045449656
      vertex 2.4929963619066005 -0.9446895146242007 2.4929963619066005
    endloop
  endfacet
  facet normal -0.707106781186547 3.3574729023175587e-16 0.7071067811865479
    outer loop
      vertex 2.4625632687419854 -1.071478005192778 2.4625632687419854
      vertex 2.4929963619066005 -0.9446895146242007 2.4929963619066005
      vertex 2.4735146057934134 -1.0245632964475717 2.4735146057934134
    endloop
  endfacet
  facet normal 0.6695807158758454 -0.3214394653031614 0.6695807158758443
    outer loop
      vertex 2.478831995596197 -1.0267658314203092 2.4677591045449656
      vertex 2.5512070826860485 -1.0033766955654861 2.4066122251152513
      vertex 2.4929963619066005 -0.9446895146242007 2.4929963619066005
    endloop
  endfacet
  facet normal -0.7071067811865476 -2.1779765348836008e-17 0.7071067811865475
    outer loop
      vertex 2.4735146057934134 -1.0245632964475717 2.4735146057934134
      vertex 2.4929963619066005 -0.9446895146242007 2.4929963619066005
      vertex 2.5288588982187643 -0.6897165036351124 2.5288588982187643
    endloop
  endfacet
  facet normal 0.6935199226610742 -0.19509032201613052 0.6935199226610727
    outer loop
      vertex 2.6192993647730263 -0.8027833009945156 2.4066122251152513
      vertex 2.5288588982187643 -0.6897165036351124 2.5288588982187643
      vertex 2.4929963619066005 -0.9446895146242007 2.4929963619066005
    endloop
  endfacet
  facet normal 0.6935199226610738 -0.19509032201612952 0.6935199226610734
    outer loop
      vertex 2.531445406751291 -0.6713271219486953 2.531445406751291
      vertex 2.6636980599658355 -0.6449518958373494 2.4066122251152513
      vertex 2.5588594539724197 -0.4764206016031882 2.5588594539724197
    endloop
  endfacet
  facet normal -0.7071067811865475 -1.3229276679217296e-17 0.7071067811865476
    outer loop
      vertex 2.531445406751291 -0.6713271219486953 2.531445406751291
      vertex 2.5588594539724197 -0.4764206016031882 2.5588594539724197
      vertex 2.5643499240027907 -0.33760307218301605 2.5643499240027907
    endloop
  endfacet
  facet normal -0.7071067811865476 -2.3833162919469368e-18 0.7071067811865476
    outer loop
      vertex 2.5588594539724197 -0.4764206016031882 2.5588594539724197
      vertex 2.5809397513308987 0 2.5809397513308987
      vertex 2.5643499240027907 -0.33760307218301605 2.5643499240027907
    endloop
  endfacet
  facet normal -0.7071067811865475 -2.222770109029318e-18 0.7071067811865476
    outer loop
      vertex 2.5643499240027907 -0.33760307218301605 2.5643499240027907
      vertex 2.5809397513308987 0 2.5809397513308987
      vertex 2.5754137612067596 0 2.5754137612067596
    endloop
  endfacet
  facet normal -0.7055928112895231 0.06540312923014344 -0.7055928112895231
    outer loop
      vertex 0.4764206016031882 0.4764206016031882 -5.594139509548027
      vertex 8.388020612718217 0.4764206016031882 -13.505739520663056
      vertex 8.343860018001259 0 -13.505739520663056
    endloop
  endfacet
  facet normal -0.6935199226610737 0.19509032201612903 -0.6935199226610737
    outer loop
      vertex 0.9446895146242007 0.9446895146242 -5.930682238437401
      vertex 8.519746796849855 0.9446895146242004 -13.505739520663056
      vertex 8.388020612718217 0.4764206016031882 -13.505739520663056
    endloop
  endfacet
  facet normal -0.6695807158758439 0.32143946530316453 -0.6695807158758441
    outer loop
      vertex 1.3967945281325778 1.3967945281325778 -6.165749349931351
      vertex 8.736784698864284 1.3967945281325778 -13.505739520663056
      vertex 8.519746796849855 0.9446895146242004 -13.505739520663056
    endloop
  endfacet
  facet normal -0.6341847973991342 0.4422886902189992 -0.6341847973991342
    outer loop
      vertex 1.8249999999999995 1.825 -6.295318780579299
      vertex 9.035420740083756 1.825 -13.505739520663056
      vertex 8.736784698864284 1.3967945281325778 -13.505739520663056
    endloop
  endfacet
  facet normal -0.5879378012096796 0.5555702330196015 -0.5879378012096796
    outer loop
      vertex 2.2219792158818303 2.2219792158818303 -6.317173561499427
      vertex 9.41054517504546 2.2219792158818303 -13.505739520663056
      vertex 9.035420740083756 1.825 -13.505739520663056
    endloop
  endfacet
  facet normal -0.5316310262343729 0.6593458151000693 -0.531631026234373
    outer loop
      vertex 2.5809397513308987 2.5809397513308987 -6.230939751330899
      vertex 9.855739520663057 2.5809397513308987 -13.505739520663056
      vertex 9.41054517504546 2.2219792158818303 -13.505739520663056
    endloop
  endfacet
  facet normal -0.46622789700423095 0.7518398074789766 -0.46622789700423095
    outer loop
      vertex 2.895739692063008 2.895739692063008 -6.038092834474229
      vertex 10.363386378251835 2.895739692063008 -13.505739520663056
      vertex 9.855739520663057 2.5809397513308987 -13.505739520663056
    endloop
  endfacet
  facet normal -0.39284747919355095 0.8314696123025456 -0.3928474791935509
    outer loop
      vertex 3.1609927238132007 3.1609927238132003 -5.7419324751441
      vertex 10.924799769332157 3.1609927238132007 -13.505739520663056
      vertex 10.363386378251835 2.895739692063008 -13.505739520663056
    endloop
  endfacet
  facet normal -0.3127453320959712 0.8968727415326888 -0.31274533209597133
    outer loop
      vertex 3.3721602936661963 3.3721602936661963 -5.347526059199815
      vertex 11.530373755129439 3.3721602936661963 -13.505739520663056
      vertex 10.924799769332157 3.1609927238132007 -13.505739520663056
    endloop
  endfacet
  facet normal -0.2272920256568437 0.9469301294951056 -0.22729202565684373
    outer loop
      vertex 3.3721602936661963 3.3721602936661963 -5.347526059199815
      vertex 12.169746796849857 3.525629265955099 -13.505739520663056
      vertex 11.530373755129439 3.3721602936661963 -13.505739520663056
    endloop
  endfacet
  facet normal -0.6935199226610737 0.19509032201612933 -0.6935199226610737
    outer loop
      vertex 0.9446895146242007 0.9446895146242 -5.930682238437401
      vertex 8.388020612718217 0.4764206016031882 -13.505739520663056
      vertex 0.4764206016031882 0.4764206016031882 -5.594139509548027
    endloop
  endfacet
  facet normal -0.6695807158758448 0.32143946530316153 -0.6695807158758448
    outer loop
      vertex 0.9446895146242007 0.9446895146242 -5.930682238437401
      vertex 1.3967945281325778 1.3967945281325778 -6.165749349931351
      vertex 8.519746796849855 0.9446895146242004 -13.505739520663056
    endloop
  endfacet
  facet normal -0.5879378012096798 0.5555702330196014 -0.5879378012096798
    outer loop
      vertex 1.8249999999999995 1.825 -6.295318780579299
      vertex 2.2219792158818303 2.2219792158818303 -6.317173561499427
      vertex 9.035420740083756 1.825 -13.505739520663056
    endloop
  endfacet
  facet normal -0.6341847973991336 0.4422886902190012 -0.6341847973991337
    outer loop
      vertex 1.3967945281325778 1.3967945281325778 -6.165749349931351
      vertex 1.8249999999999995 1.825 -6.295318780579299
      vertex 8.736784698864284 1.3967945281325778 -13.505739520663056
    endloop
  endfacet
  facet normal -0.7055928112895231 0.06540312923014349 -0.7055928112895232
    outer loop
      vertex 0.4764206016031882 0.4764206016031882 -5.594139509548027
      vertex 8.343860018001259 0 -13.505739520663056
      vertex 0 0 -5.161879502661797
    endloop
  endfacet
  facet normal -0.5316310262343735 0.6593458151000685 -0.5316310262343735
    outer loop
      vertex 2.2219792158818303 2.2219792158818303 -6.317173561499427
      vertex 2.5809397513308987 2.5809397513308987 -6.230939751330899
      vertex 9.41054517504546 2.2219792158818303 -13.505739520663056
    endloop
  endfacet
  facet normal -0.46622789700423034 0.7518398074789774 -0.4662278970042304
    outer loop
      vertex 2.5809397513308987 2.5809397513308987 -6.230939751330899
      vertex 2.895739692063008 2.895739692063008 -6.038092834474229
      vertex 9.855739520663057 2.5809397513308987 -13.505739520663056
    endloop
  endfacet
  facet normal -0.3928474791935505 0.8314696123025458 -0.3928474791935505
    outer loop
      vertex 2.895739692063008 2.895739692063008 -6.038092834474229
      vertex 3.1609927238132007 3.1609927238132003 -5.7419324751441
      vertex 10.363386378251835 2.895739692063008 -13.505739520663056
    endloop
  endfacet
  facet normal -0.31274533209597194 0.8968727415326884 -0.31274533209597194
    outer loop
      vertex 3.1609927238132007 3.1609927238132003 -5.7419324751441
      vertex 3.3721602936661963 3.3721602936661963 -5.347526059199815
      vertex 10.924799769332157 3.1609927238132007 -13.505739520663056
    endloop
  endfacet
  facet normal -0.2272920256568438 0.9469301294951056 -0.22729202565684384
    outer loop
      vertex 3.3721602936661963 3.3721602936661963 -5.347526059199815
      vertex 3.525629265955099 3.525629265955099 -4.8616219897683
      vertex 12.169746796849857 3.525629265955099 -13.505739520663056
    endloop
  endfacet
  facet normal -0.13794968964147158 0.9807852804032304 -0.13794968964147153
    outer loop
      vertex 3.525629265955099 3.525629265955099 -4.8616219897683
      vertex 3.618773744014408 3.618773744014408 -4.292534220195586
      vertex 12.831979044481876 3.618773744014408 -13.505739520663056
    endloop
  endfacet
  facet normal -0.04624699618945429 0.9978589232386034 -0.04624699618945429
    outer loop
      vertex 3.618773744014408 3.618773744014408 -4.292534220195586
      vertex 3.65 3.65 -3.65
      vertex 13.505739520663056 3.65 -13.505739520663056
    endloop
  endfacet
  facet normal 0.04624699618945432 0.9978589232386034 0.04624699618945433
    outer loop
      vertex 3.65 3.65 -3.65
      vertex 3.618773744014408 3.618773744014408 -2.94501326783323
      vertex 14.179499996844235 3.618773744014408 -13.505739520663056
    endloop
  endfacet
  facet normal 0.1379496896414715 0.9807852804032305 0.13794968964147147
    outer loop
      vertex 3.618773744014408 3.618773744014408 -2.94501326783323
      vertex 3.525629265955099 3.525629265955099 -2.1896365421418986
      vertex 14.841732244476255 3.525629265955099 -13.505739520663056
    endloop
  endfacet
  facet normal 0.22729202565684403 0.9469301294951054 0.22729202565684395
    outer loop
      vertex 3.525629265955099 3.525629265955099 -2.1896365421418986
      vertex 3.3721602936661963 3.3721602936661963 -1.396794528132578
      vertex 15.481105286196673 3.3721602936661963 -13.505739520663056
    endloop
  endfacet
  facet normal 0.3127453320959718 0.8968727415326885 0.3127453320959718
    outer loop
      vertex 3.3721602936661963 3.3721602936661963 -1.396794528132578
      vertex 3.1609927238132007 3.1609927238132007 -0.5800529724823024
      vertex 16.086679271993955 3.1609927238132007 -13.505739520663056
    endloop
  endfacet
  facet normal -0.13794968964147206 0.9807852804032303 -0.13794968964147206
    outer loop
      vertex 3.525629265955099 3.525629265955099 -4.8616219897683
      vertex 12.831979044481876 3.618773744014408 -13.505739520663056
      vertex 12.169746796849857 3.525629265955099 -13.505739520663056
    endloop
  endfacet
  facet normal -0.04624699618945416 0.9978589232386034 -0.04624699618945415
    outer loop
      vertex 3.618773744014408 3.618773744014408 -4.292534220195586
      vertex 13.505739520663056 3.65 -13.505739520663056
      vertex 12.831979044481876 3.618773744014408 -13.505739520663056
    endloop
  endfacet
  facet normal 0.04624699618945422 0.9978589232386034 0.04624699618945422
    outer loop
      vertex 3.65 3.65 -3.65
      vertex 14.179499996844235 3.618773744014408 -13.505739520663056
      vertex 13.505739520663056 3.65 -13.505739520663056
    endloop
  endfacet
  facet normal 0.22729202565684417 0.9469301294951054 0.22729202565684406
    outer loop
      vertex 3.525629265955099 3.525629265955099 -2.1896365421418986
      vertex 15.481105286196673 3.3721602936661963 -13.505739520663056
      vertex 14.841732244476255 3.525629265955099 -13.505739520663056
    endloop
  endfacet
  facet normal 0.31274533209597066 0.8968727415326893 0.3127453320959706
    outer loop
      vertex 3.3721602936661963 3.3721602936661963 -1.396794528132578
      vertex 16.086679271993955 3.1609927238132007 -13.505739520663056
      vertex 15.481105286196673 3.3721602936661963 -13.505739520663056
    endloop
  endfacet
  facet normal 0.13794968964147208 0.9807852804032303 0.1379496896414721
    outer loop
      vertex 3.618773744014408 3.618773744014408 -2.94501326783323
      vertex 14.841732244476255 3.525629265955099 -13.505739520663056
      vertex 14.179499996844235 3.618773744014408 -13.505739520663056
    endloop
  endfacet
  facet normal 0.5879378012096805 0.5555702330195998 0.5879378012096804
    outer loop
      vertex 2.2685611299082047 2.0187109824276703 2.0187109824276703
      vertex 17.976058301242354 1.825 -13.505739520663056
      vertex 17.600933866280652 2.2219792158818303 -13.505739520663056
    endloop
  endfacet
  facet normal 0.6695807158758443 0.3214394653031635 0.6695807158758443
    outer loop
      vertex 2.5512070826860485 1.0033766955654861 2.4066122251152513
      vertex 18.491732244476257 0.9446895146242007 -13.505739520663056
      vertex 18.274694342461828 1.3967945281325778 -13.505739520663056
    endloop
  endfacet
  facet normal 0.6935199226610732 0.19509032201613188 0.6935199226610732
    outer loop
      vertex 2.6636980599658355 0.6449518958373494 2.4066122251152513
      vertex 18.623458428607897 0.4764206016031882 -13.505739520663056
      vertex 18.491732244476257 0.9446895146242007 -13.505739520663056
    endloop
  endfacet
  facet normal 0.6341847973991332 0.4422886902190023 0.6341847973991332
    outer loop
      vertex 2.384477410899387 1.3967945281325778 2.384477410899387
      vertex 18.274694342461828 1.3967945281325778 -13.505739520663056
      vertex 17.976058301242354 1.825 -13.505739520663056
    endloop
  endfacet
  facet normal 0.7055928112895233 0.06540312923013958 0.7055928112895233
    outer loop
      vertex 2.5809397513308987 0 2.5809397513308987
      vertex 18.667619023324853 0 -13.505739520663056
      vertex 18.623458428607897 0.4764206016031882 -13.505739520663056
    endloop
  endfacet
  facet normal 0.4662278970042309 0.7518398074789765 0.4662278970042309
    outer loop
      vertex 2.895739692063008 2.895739692063008 0.24661345034821225
      vertex 17.155739520663055 2.5809397513308987 -13.505739520663056
      vertex 16.648092663074276 2.895739692063008 -13.505739520663056
    endloop
  endfacet
  facet normal 0.3928474791935506 0.8314696123025457 0.3928474791935506
    outer loop
      vertex 3.1609927238132007 3.1609927238132007 -0.5800529724823024
      vertex 16.648092663074276 2.895739692063008 -13.505739520663056
      vertex 16.086679271993955 3.1609927238132007 -13.505739520663056
    endloop
  endfacet
  facet normal 0.5316310262343731 0.6593458151000694 0.531631026234373
    outer loop
      vertex 2.5809397513308987 2.5809397513308987 1.069060248669102
      vertex 17.600933866280652 2.2219792158818303 -13.505739520663056
      vertex 17.155739520663055 2.5809397513308987 -13.505739520663056
    endloop
  endfacet
  facet normal 0.7055928112895231 0.06540312923014287 0.7055928112895232
    outer loop
      vertex 2.5809397513308987 0 2.5809397513308987
      vertex 18.623458428607897 0.4764206016031882 -13.505739520663056
      vertex 2.5588594539724197 0.4764206016031882 2.5588594539724197
    endloop
  endfacet
  facet normal 0.6935199226610735 0.1950903220161298 0.6935199226610735
    outer loop
      vertex 2.5588594539724197 0.4764206016031882 2.5588594539724197
      vertex 18.623458428607897 0.4764206016031882 -13.505739520663056
      vertex 2.6636980599658355 0.6449518958373494 2.4066122251152513
    endloop
  endfacet
  facet normal 0.6935199226610735 0.19509032201612939 0.6935199226610735
    outer loop
      vertex 2.6192993647730263 0.8027833009945156 2.4066122251152513
      vertex 18.491732244476257 0.9446895146242007 -13.505739520663056
      vertex 2.4929963619066005 0.9446895146242007 2.4929963619066005
    endloop
  endfacet
  facet normal 0.6695807158758446 0.3214394653031628 0.6695807158758446
    outer loop
      vertex 2.5512070826860485 1.0033766955654861 2.4066122251152513
      vertex 2.4929963619066005 0.9446895146242007 2.4929963619066005
      vertex 18.491732244476257 0.9446895146242007 -13.505739520663056
    endloop
  endfacet
  facet normal 0.6695807158758448 0.3214394653031617 0.6695807158758447
    outer loop
      vertex 2.5663927904523476 1.063034700181895 2.3627870469307095
      vertex 2.5512070826860485 1.0033766955654861 2.4066122251152513
      vertex 18.274694342461828 1.3967945281325778 -13.505739520663056
    endloop
  endfacet
  facet normal 0.693519922661074 0.1950903220161269 0.6935199226610738
    outer loop
      vertex 2.6636980599658355 0.6449518958373494 2.4066122251152513
      vertex 18.491732244476257 0.9446895146242007 -13.505739520663056
      vertex 2.6703579260760417 0.715520249794123 2.3801011587039067
    endloop
  endfacet
  facet normal 0.6935199226610734 0.1950903220161304 0.6935199226610734
    outer loop
      vertex 2.6192993647730263 0.8027833009945156 2.4066122251152513
      vertex 2.6703579260760417 0.715520249794123 2.3801011587039067
      vertex 18.491732244476257 0.9446895146242007 -13.505739520663056
    endloop
  endfacet
  facet normal 0.6341847973991337 0.4422886902190013 0.6341847973991337
    outer loop
      vertex 2.23515939028965 1.825 2.23515939028965
      vertex 2.384477410899387 1.3967945281325778 2.384477410899387
      vertex 17.976058301242354 1.825 -13.505739520663056
    endloop
  endfacet
  facet normal 0.5879378012096798 0.5555702330196016 0.5879378012096798
    outer loop
      vertex 2.2685611299082047 2.0187109824276703 2.0187109824276703
      vertex 2.23515939028965 1.825 2.23515939028965
      vertex 17.976058301242354 1.825 -13.505739520663056
    endloop
  endfacet
  facet normal 0.5879378012096792 0.5555702330196024 0.5879378012096792
    outer loop
      vertex 2.2219792158818303 2.2219792158818303 1.8732151297357658
      vertex 2.2685611299082047 2.0187109824276703 2.0187109824276703
      vertex 17.600933866280652 2.2219792158818303 -13.505739520663056
    endloop
  endfacet
  facet normal 0.6695807158758461 0.3214394653031559 0.6695807158758461
    outer loop
      vertex 2.384477410899387 1.3967945281325778 2.384477410899387
      vertex 2.3904260049916912 1.3720118594143889 2.3904260049916912
      vertex 18.274694342461828 1.3967945281325778 -13.505739520663056
    endloop
  endfacet
  facet normal 0.6695807158758446 0.3214394653031623 0.6695807158758446
    outer loop
      vertex 2.5663927904523476 1.063034700181895 2.3627870469307095
      vertex 18.274694342461828 1.3967945281325778 -13.505739520663056
      vertex 2.3904260049916912 1.3720118594143889 2.3904260049916912
    endloop
  endfacet
  facet normal 0.3928474791935507 0.8314696123025456 0.3928474791935507
    outer loop
      vertex 3.1609927238132007 3.1609927238132007 -0.5800529724823024
      vertex 2.895739692063008 2.895739692063008 0.24661345034821225
      vertex 16.648092663074276 2.895739692063008 -13.505739520663056
    endloop
  endfacet
  facet normal 0.4662278970042298 0.7518398074789779 0.46622789700422973
    outer loop
      vertex 2.895739692063008 2.895739692063008 0.24661345034821225
      vertex 2.5809397513308987 2.5809397513308987 1.069060248669102
      vertex 17.155739520663055 2.5809397513308987 -13.505739520663056
    endloop
  endfacet
  facet normal 0.5316310262343739 0.6593458151000677 0.5316310262343739
    outer loop
      vertex 2.5809397513308987 2.5809397513308987 1.069060248669102
      vertex 2.2219792158818303 2.2219792158818303 1.8732151297357658
      vertex 17.600933866280652 2.2219792158818303 -13.505739520663056
    endloop
  endfacet
  facet normal 0.5879378012096764 0.5555702330196065 0.5879378012096782
    outer loop
      vertex 2.2219792158818303 2.2219792158818303 1.8732151297357658
      vertex 2.10634688026818 2.180724126302715 2.0278313505215477
      vertex 2.159426921194821 2.159426921194821 1.9948760458852328
    endloop
  endfacet
  facet normal 0.5316310262343734 0.6593458151000686 0.5316310262343734
    outer loop
      vertex 2.2219792158818303 2.2219792158818303 1.8732151297357658
      vertex 2.0187109824276703 2.2685611299082042 2.0187109824276703
      vertex 2.047597172808798 2.2219792158818303 2.047597172808798
    endloop
  endfacet
  facet normal 0.5879378012096792 0.5555702330196027 0.5879378012096792
    outer loop
      vertex 2.2219792158818303 2.2219792158818303 1.8732151297357658
      vertex 2.047597172808798 2.2219792158818303 2.047597172808798
      vertex 2.10634688026818 2.180724126302715 2.0278313505215477
    endloop
  endfacet
  facet normal -0.7071067811865472 2.990653134356742e-16 0.7071067811865478
    outer loop
      vertex 2.23515939028965 1.825 2.23515939028965
      vertex 2.263968419522047 1.7372040682313397 2.263968419522047
      vertex 2.384477410899387 1.3967945281325778 2.384477410899387
    endloop
  endfacet
  facet normal -0.7071067811865476 -1.8866701821322448e-17 0.7071067811865476
    outer loop
      vertex 2.047597172808798 2.2219792158818303 2.047597172808798
      vertex 2.0187109824276703 2.2685611299082042 2.0187109824276703
      vertex 2.052895370671408 2.202074296570563 2.052895370671408
    endloop
  endfacet
  facet normal 0.5879378012096794 0.5555702330196021 0.5879378012096796
    outer loop
      vertex 2.2020742965705633 2.052895370671408 2.052895370671408
      vertex 2.119020954908732 2.0708093406576737 2.119020954908732
      vertex 2.23515939028965 1.825 2.23515939028965
    endloop
  endfacet
  facet normal 0.5879378012096784 0.5555702330196023 0.5879378012096802
    outer loop
      vertex 2.2020742965705633 2.052895370671408 2.052895370671408
      vertex 2.23515939028965 1.825 2.23515939028965
      vertex 2.2685611299082047 2.0187109824276703 2.0187109824276703
    endloop
  endfacet
  facet normal -0.7071067811865474 3.7642079376159405e-17 0.7071067811865477
    outer loop
      vertex 2.23515939028965 1.825 2.23515939028965
      vertex 2.119020954908732 2.0708093406576737 2.119020954908732
      vertex 2.263968419522047 1.7372040682313397 2.263968419522047
    endloop
  endfacet
  facet normal -0.7071067811865475 8.052477504872122e-18 0.7071067811865476
    outer loop
      vertex 2.047597172808798 2.2219792158818303 2.047597172808798
      vertex 2.052895370671408 2.202074296570563 2.052895370671408
      vertex 2.092198870400218 2.127578823443263 2.092198870400218
    endloop
  endfacet
  facet normal 0.5879378012096794 0.5555702330196035 0.5879378012096781
    outer loop
      vertex 2.047597172808798 2.2219792158818303 2.047597172808798
      vertex 2.092198870400218 2.127578823443263 2.092198870400218
      vertex 2.10634688026818 2.180724126302715 2.0278313505215477
    endloop
  endfacet
  facet normal -0.7071067811865472 5.996080520308096e-19 0.7071067811865479
    outer loop
      vertex 2.5809397513308987 0 2.5809397513308987
      vertex 2.5588594539724197 0.4764206016031882 2.5588594539724197
      vertex 2.5643499240027907 0.33760307218301605 2.5643499240027907
    endloop
  endfacet
  facet normal -0.7071067811865476 -1.842725511628956e-18 0.7071067811865475
    outer loop
      vertex 2.5643499240027907 0.33760307218301605 2.5643499240027907
      vertex 2.5588594539724197 0.4764206016031882 2.5588594539724197
      vertex 2.531445406751291 0.6713271219486953 2.531445406751291
    endloop
  endfacet
  facet normal 0.6935199226610738 0.19509032201612952 0.6935199226610733
    outer loop
      vertex 2.5588594539724197 0.4764206016031882 2.5588594539724197
      vertex 2.6636980599658355 0.6449518958373494 2.4066122251152513
      vertex 2.531445406751291 0.6713271219486953 2.531445406751291
    endloop
  endfacet
  facet normal 0.6935199226610742 0.19509032201613052 0.6935199226610727
    outer loop
      vertex 2.6192993647730263 0.8027833009945156 2.4066122251152513
      vertex 2.4929963619066005 0.9446895146242007 2.4929963619066005
      vertex 2.5288588982187643 0.6897165036351124 2.5288588982187643
    endloop
  endfacet
  facet normal 0.6695807158758403 0.3214394653031621 0.6695807158758491
    outer loop
      vertex 2.478831995596197 1.0267658314203092 2.4677591045449656
      vertex 2.4625632687419854 1.071478005192778 2.4625632687419854
      vertex 2.4929963619066005 0.9446895146242007 2.4929963619066005
    endloop
  endfacet
  facet normal -0.7071067811865477 -3.208574702010023e-17 0.7071067811865475
    outer loop
      vertex 2.4735146057934134 1.0245632964475717 2.4735146057934134
      vertex 2.4929963619066005 0.9446895146242007 2.4929963619066005
      vertex 2.4625632687419854 1.071478005192778 2.4625632687419854
    endloop
  endfacet
  facet normal -0.7071067811865475 -2.1779765348836008e-17 0.7071067811865476
    outer loop
      vertex 2.4735146057934134 1.0245632964475717 2.4735146057934134
      vertex 2.5288588982187643 0.6897165036351124 2.5288588982187643
      vertex 2.4929963619066005 0.9446895146242007 2.4929963619066005
    endloop
  endfacet
  facet normal 0.6695807158758454 0.3214394653031614 0.6695807158758443
    outer loop
      vertex 2.478831995596197 1.0267658314203092 2.4677591045449656
      vertex 2.4929963619066005 0.9446895146242007 2.4929963619066005
      vertex 2.5512070826860485 1.0033766955654861 2.4066122251152513
    endloop
  endfacet
  facet normal -0.7071067811865479 -2.4559596853883596e-16 0.7071067811865471
    outer loop
      vertex 2.384477410899387 1.3967945281325778 2.384477410899387
      vertex 2.388557783003201 1.3790344789918738 2.388557783003201
      vertex 2.3904260049916912 1.3720118594143889 2.3904260049916912
    endloop
  endfacet
  facet normal -0.7071067811865455 -3.612205282204026e-16 0.7071067811865495
    outer loop
      vertex 2.263968419522047 1.7372040682313397 2.263968419522047
      vertex 2.388557783003201 1.3790344789918738 2.388557783003201
      vertex 2.384477410899387 1.3967945281325778 2.384477410899387
    endloop
  endfacet
  facet normal -0.7071067811865476 2.326649773334172e-18 0.7071067811865476
    outer loop
      vertex 2.5809397513308987 0 2.5809397513308987
      vertex 2.5643499240027907 0.33760307218301605 2.5643499240027907
      vertex 2.5754137612067596 0 2.5754137612067596
    endloop
  endfacet
  facet normal -0.8314696123025456 -0.3928474791935509 -0.39284747919355095
    outer loop
      vertex -3.1609927238132007 3.1609927238132003 -5.7419324751441
      vertex -3.1609927238132007 10.924799769332157 -13.505739520663056
      vertex -2.895739692063008 10.363386378251835 -13.505739520663056
    endloop
  endfacet
  facet normal -0.6593458151000697 -0.5316310262343726 -0.5316310262343727
    outer loop
      vertex -2.5809397513308987 2.5809397513308987 -6.230939751330899
      vertex -2.5809397513308987 9.855739520663057 -13.505739520663056
      vertex -2.2219792158818303 9.41054517504546 -13.505739520663056
    endloop
  endfacet
  facet normal -0.7518398074789764 -0.466227897004231 -0.466227897004231
    outer loop
      vertex -2.895739692063008 2.895739692063008 -6.038092834474229
      vertex -2.895739692063008 10.363386378251835 -13.505739520663056
      vertex -2.5809397513308987 9.855739520663057 -13.505739520663056
    endloop
  endfacet
  facet normal -0.8968727415326885 -0.31274533209597183 -0.31274533209597183
    outer loop
      vertex -3.3721602936661963 3.3721602936661963 -5.347526059199815
      vertex -3.3721602936661963 11.530373755129437 -13.505739520663056
      vertex -3.1609927238132007 10.924799769332157 -13.505739520663056
    endloop
  endfacet
  facet normal -0.9469301294951059 -0.22729202565684314 -0.22729202565684314
    outer loop
      vertex -3.3721602936661963 3.3721602936661963 -5.347526059199815
      vertex -3.525629265955099 12.169746796849857 -13.505739520663056
      vertex -3.3721602936661963 11.530373755129437 -13.505739520663056
    endloop
  endfacet
  facet normal -0.5555702330196005 -0.5879378012096802 -0.5879378012096802
    outer loop
      vertex -2.2219792158818303 2.2219792158818303 -6.317173561499427
      vertex -2.2219792158818303 9.41054517504546 -13.505739520663056
      vertex -1.825 9.035420740083758 -13.505739520663056
    endloop
  endfacet
  facet normal -0.32143946530316225 -0.6695807158758447 -0.6695807158758447
    outer loop
      vertex -1.3967945281325778 1.3967945281325778 -6.165749349931351
      vertex -1.3967945281325778 8.736784698864282 -13.505739520663056
      vertex -0.9446895146242007 8.519746796849855 -13.505739520663056
    endloop
  endfacet
  facet normal -0.44228869021900385 -0.6341847973991327 -0.6341847973991328
    outer loop
      vertex -1.825 1.825 -6.295318780579299
      vertex -1.825 9.035420740083758 -13.505739520663056
      vertex -1.3967945281325778 8.736784698864282 -13.505739520663056
    endloop
  endfacet
  facet normal -0.06540312923014069 -0.7055928112895233 -0.7055928112895232
    outer loop
      vertex -0.4764206016031882 0.4764206016031882 -5.594139509548028
      vertex -0.4764206016031882 8.388020612718215 -13.505739520663056
      vertex 0 8.343860018001259 -13.505739520663056
    endloop
  endfacet
  facet normal -0.1950903220161318 -0.6935199226610732 -0.6935199226610733
    outer loop
      vertex -0.9446895146242007 0.9446895146242007 -5.930682238437402
      vertex -0.9446895146242007 8.519746796849855 -13.505739520663056
      vertex -0.4764206016031882 8.388020612718215 -13.505739520663056
    endloop
  endfacet
  facet normal -0.5555702330196008 -0.58793780120968 -0.5879378012096801
    outer loop
      vertex -2.2219792158818303 2.2219792158818303 -6.317173561499427
      vertex -1.825 9.035420740083758 -13.505739520663056
      vertex -1.825 1.825 -6.295318780579299
    endloop
  endfacet
  facet normal -0.4422886902190018 -0.6341847973991335 -0.6341847973991335
    outer loop
      vertex -1.825 1.825 -6.295318780579299
      vertex -1.3967945281325778 8.736784698864282 -13.505739520663056
      vertex -1.3967945281325778 1.3967945281325778 -6.165749349931351
    endloop
  endfacet
  facet normal -0.19509032201612914 -0.6935199226610738 -0.6935199226610737
    outer loop
      vertex -0.9446895146242007 0.9446895146242007 -5.930682238437402
      vertex -0.4764206016031882 8.388020612718215 -13.505739520663056
      vertex -0.4764206016031882 0.4764206016031882 -5.594139509548028
    endloop
  endfacet
  facet normal -0.3214394653031631 -0.6695807158758444 -0.6695807158758446
    outer loop
      vertex -1.3967945281325778 1.3967945281325778 -6.165749349931351
      vertex -0.9446895146242007 8.519746796849855 -13.505739520663056
      vertex -0.9446895146242007 0.9446895146242007 -5.930682238437402
    endloop
  endfacet
  facet normal -0.06540312923014216 -0.7055928112895232 -0.7055928112895232
    outer loop
      vertex -0.4764206016031882 0.4764206016031882 -5.594139509548028
      vertex 0 8.343860018001259 -13.505739520663056
      vertex 0 0 -5.161879502661797
    endloop
  endfacet
  facet normal -0.6593458151000685 -0.5316310262343735 -0.5316310262343735
    outer loop
      vertex -2.5809397513308987 2.5809397513308987 -6.230939751330899
      vertex -2.2219792158818303 9.41054517504546 -13.505739520663056
      vertex -2.2219792158818303 2.2219792158818303 -6.317173561499427
    endloop
  endfacet
  facet normal -0.8314696123025451 -0.39284747919355106 -0.3928474791935511
    outer loop
      vertex -3.1609927238132007 3.1609927238132003 -5.7419324751441
      vertex -2.895739692063008 10.363386378251835 -13.505739520663056
      vertex -2.895739692063008 2.895739692063008 -6.038092834474229
    endloop
  endfacet
  facet normal -0.8968727415326888 -0.3127453320959712 -0.3127453320959713
    outer loop
      vertex -3.1609927238132007 3.1609927238132003 -5.7419324751441
      vertex -3.3721602936661963 3.3721602936661963 -5.347526059199815
      vertex -3.1609927238132007 10.924799769332157 -13.505739520663056
    endloop
  endfacet
  facet normal -0.7518398074789774 -0.46622789700423034 -0.4662278970042304
    outer loop
      vertex -2.895739692063008 2.895739692063008 -6.038092834474229
      vertex -2.5809397513308987 9.855739520663057 -13.505739520663056
      vertex -2.5809397513308987 2.5809397513308987 -6.230939751330899
    endloop
  endfacet
  facet normal -0.9807852804032304 -0.13794968964147153 -0.13794968964147156
    outer loop
      vertex -3.525629265955099 3.525629265955099 -4.8616219897683
      vertex -3.618773744014408 3.618773744014408 -4.292534220195586
      vertex -3.618773744014408 12.831979044481878 -13.505739520663056
    endloop
  endfacet
  facet normal -0.9978589232386034 -0.0462469961894543 -0.04624699618945429
    outer loop
      vertex -3.618773744014408 3.618773744014408 -4.292534220195586
      vertex -3.65 3.65 -3.65
      vertex -3.65 13.505739520663056 -13.505739520663056
    endloop
  endfacet
  facet normal -0.9469301294951056 -0.2272920256568438 -0.22729202565684384
    outer loop
      vertex -3.3721602936661963 3.3721602936661963 -5.347526059199815
      vertex -3.525629265955099 3.525629265955099 -4.8616219897683
      vertex -3.525629265955099 12.169746796849857 -13.505739520663056
    endloop
  endfacet
  facet normal -0.9978589232386034 0.04624699618945432 0.046246996189454326
    outer loop
      vertex -3.65 3.65 -3.65
      vertex -3.618773744014408 3.618773744014408 -2.94501326783323
      vertex -3.618773744014408 14.179499996844235 -13.505739520663056
    endloop
  endfacet
  facet normal -0.9807852804032305 0.1379496896414715 0.13794968964147147
    outer loop
      vertex -3.618773744014408 3.618773744014408 -2.94501326783323
      vertex -3.525629265955099 3.525629265955099 -2.1896365421418986
      vertex -3.525629265955099 14.841732244476255 -13.505739520663056
    endloop
  endfacet
  facet normal -0.9469301294951055 0.22729202565684398 0.22729202565684398
    outer loop
      vertex -3.525629265955099 3.525629265955099 -2.1896365421418986
      vertex -3.3721602936661963 3.3721602936661963 -1.396794528132578
      vertex -3.3721602936661963 15.481105286196675 -13.505739520663056
    endloop
  endfacet
  facet normal -0.8968727415326886 0.3127453320959718 0.3127453320959717
    outer loop
      vertex -3.3721602936661963 3.3721602936661963 -1.396794528132578
      vertex -3.1609927238132007 3.1609927238132007 -0.5800529724823024
      vertex -3.1609927238132007 16.086679271993955 -13.505739520663056
    endloop
  endfacet
  facet normal -0.9807852804032307 -0.13794968964147133 -0.13794968964147133
    outer loop
      vertex -3.525629265955099 3.525629265955099 -4.8616219897683
      vertex -3.618773744014408 12.831979044481878 -13.505739520663056
      vertex -3.525629265955099 12.169746796849857 -13.505739520663056
    endloop
  endfacet
  facet normal -0.9978589232386034 -0.046246996189454354 -0.046246996189454354
    outer loop
      vertex -3.618773744014408 3.618773744014408 -4.292534220195586
      vertex -3.65 13.505739520663056 -13.505739520663056
      vertex -3.618773744014408 12.831979044481878 -13.505739520663056
    endloop
  endfacet
  facet normal -0.9978589232386035 0.046246996189454194 0.046246996189454194
    outer loop
      vertex -3.65 3.65 -3.65
      vertex -3.618773744014408 14.179499996844235 -13.505739520663056
      vertex -3.65 13.505739520663056 -13.505739520663056
    endloop
  endfacet
  facet normal -0.9807852804032302 0.13794968964147217 0.1379496896414722
    outer loop
      vertex -3.618773744014408 3.618773744014408 -2.94501326783323
      vertex -3.525629265955099 14.841732244476255 -13.505739520663056
      vertex -3.618773744014408 14.179499996844235 -13.505739520663056
    endloop
  endfacet
  facet normal -0.946930129495106 0.22729202565684264 0.22729202565684256
    outer loop
      vertex -3.525629265955099 3.525629265955099 -2.1896365421418986
      vertex -3.3721602936661963 15.481105286196675 -13.505739520663056
      vertex -3.525629265955099 14.841732244476255 -13.505739520663056
    endloop
  endfacet
  facet normal -0.8968727415326886 0.3127453320959718 0.3127453320959718
    outer loop
      vertex -3.3721602936661963 3.3721602936661963 -1.396794528132578
      vertex -3.1609927238132007 16.086679271993955 -13.505739520663056
      vertex -3.3721602936661963 15.481105286196675 -13.505739520663056
    endloop
  endfacet
  facet normal -0.8314696123025458 0.3928474791935504 0.3928474791935504
    outer loop
      vertex -3.1609927238132007 3.1609927238132007 -0.5800529724823024
      vertex -2.895739692063008 16.648092663074276 -13.505739520663056
      vertex -3.1609927238132007 16.086679271993955 -13.505739520663056
    endloop
  endfacet
  facet normal -0.7518398074789768 0.46622789700423084 0.46622789700423084
    outer loop
      vertex -2.895739692063008 2.895739692063008 0.24661345034821225
      vertex -2.5809397513308987 17.155739520663055 -13.505739520663056
      vertex -2.895739692063008 16.648092663074276 -13.505739520663056
    endloop
  endfacet
  facet normal -0.6593458151000703 0.5316310262343724 0.5316310262343723
    outer loop
      vertex -2.5809397513308987 2.5809397513308987 1.069060248669102
      vertex -2.2219792158818303 17.600933866280652 -13.505739520663056
      vertex -2.5809397513308987 17.155739520663055 -13.505739520663056
    endloop
  endfacet
  facet normal -0.5555702330196011 0.5879378012096799 0.5879378012096799
    outer loop
      vertex -2.2219792158818303 2.2219792158818303 1.8732151297357658
      vertex -1.825 17.976058301242354 -13.505739520663056
      vertex -2.2219792158818303 17.600933866280652 -13.505739520663056
    endloop
  endfacet
  facet normal -0.4422886902190021 0.6341847973991334 0.6341847973991334
    outer loop
      vertex -1.3967945281325778 2.384477410899387 2.384477410899387
      vertex -1.3967945281325778 18.274694342461828 -13.505739520663056
      vertex -1.825 17.976058301242354 -13.505739520663056
    endloop
  endfacet
  facet normal -0.3214394653031648 0.6695807158758441 0.669580715875844
    outer loop
      vertex -1.0033766955654861 2.5512070826860485 2.4066122251152513
      vertex -0.9446895146242007 18.491732244476257 -13.505739520663056
      vertex -1.3967945281325778 18.274694342461828 -13.505739520663056
    endloop
  endfacet
  facet normal -0.1950903220161324 0.6935199226610732 0.6935199226610732
    outer loop
      vertex -0.6449518958373532 2.6636980599658346 2.4066122251152513
      vertex -0.4764206016031882 18.623458428607897 -13.505739520663056
      vertex -0.9446895146242007 18.491732244476257 -13.505739520663056
    endloop
  endfacet
  facet normal -0.06540312923013925 0.7055928112895233 0.7055928112895233
    outer loop
      vertex 0 2.5809397513308987 2.5809397513308987
      vertex 0 18.667619023324853 -13.505739520663056
      vertex -0.4764206016031882 18.623458428607897 -13.505739520663056
    endloop
  endfacet
  facet normal -0.8314696123025456 0.3928474791935507 0.3928474791935507
    outer loop
      vertex -3.1609927238132007 3.1609927238132007 -0.5800529724823024
      vertex -2.895739692063008 2.895739692063008 0.24661345034821225
      vertex -2.895739692063008 16.648092663074276 -13.505739520663056
    endloop
  endfacet
  facet normal -0.7518398074789779 0.4662278970042298 0.46622789700422973
    outer loop
      vertex -2.895739692063008 2.895739692063008 0.24661345034821225
      vertex -2.5809397513308987 2.5809397513308987 1.069060248669102
      vertex -2.5809397513308987 17.155739520663055 -13.505739520663056
    endloop
  endfacet
  facet normal -0.6593458151000677 0.5316310262343739 0.5316310262343739
    outer loop
      vertex -2.5809397513308987 2.5809397513308987 1.069060248669102
      vertex -2.2219792158818303 2.2219792158818303 1.8732151297357658
      vertex -2.2219792158818303 17.600933866280652 -13.505739520663056
    endloop
  endfacet
  facet normal -0.5555702330196015 0.5879378012096796 0.5879378012096796
    outer loop
      vertex -2.2219792158818303 2.2219792158818303 1.8732151297357658
      vertex -2.0187109824276703 2.2685611299082042 2.0187109824276703
      vertex -1.825 17.976058301242354 -13.505739520663056
    endloop
  endfacet
  facet normal -0.5555702330196025 0.5879378012096792 0.5879378012096792
    outer loop
      vertex -2.0187109824276703 2.2685611299082042 2.0187109824276703
      vertex -1.825 2.23515939028965 2.23515939028965
      vertex -1.825 17.976058301242354 -13.505739520663056
    endloop
  endfacet
  facet normal -0.4422886902190013 0.6341847973991337 0.6341847973991337
    outer loop
      vertex -1.825 2.23515939028965 2.23515939028965
      vertex -1.3967945281325778 2.384477410899387 2.384477410899387
      vertex -1.825 17.976058301242354 -13.505739520663056
    endloop
  endfacet
  facet normal -0.321439465303162 0.6695807158758448 0.6695807158758448
    outer loop
      vertex -1.3967945281325778 2.384477410899387 2.384477410899387
      vertex -1.372011859414393 2.3904260049916903 2.3904260049916903
      vertex -1.3967945281325778 18.274694342461828 -13.505739520663056
    endloop
  endfacet
  facet normal -0.32143946530316203 0.6695807158758448 0.6695807158758447
    outer loop
      vertex -1.372011859414393 2.3904260049916903 2.3904260049916903
      vertex -1.0630347001818952 2.566392790452348 2.362787046930709
      vertex -1.3967945281325778 18.274694342461828 -13.505739520663056
    endloop
  endfacet
  facet normal -0.32143946530316064 0.669580715875845 0.6695807158758449
    outer loop
      vertex -1.0630347001818952 2.566392790452348 2.362787046930709
      vertex -1.0033766955654861 2.5512070826860485 2.4066122251152513
      vertex -1.3967945281325778 18.274694342461828 -13.505739520663056
    endloop
  endfacet
  facet normal -0.3214394653031627 0.6695807158758446 0.6695807158758444
    outer loop
      vertex -1.0033766955654861 2.5512070826860485 2.4066122251152513
      vertex -0.9446895146242007 2.4929963619066005 2.4929963619066005
      vertex -0.9446895146242007 18.491732244476257 -13.505739520663056
    endloop
  endfacet
  facet normal -0.1950903220161297 0.6935199226610735 0.6935199226610735
    outer loop
      vertex -0.802783300994511 2.6192993647730276 2.4066122251152513
      vertex -0.9446895146242007 18.491732244476257 -13.505739520663056
      vertex -0.9446895146242007 2.4929963619066005 2.4929963619066005
    endloop
  endfacet
  facet normal -0.19509032201613247 0.6935199226610732 0.6935199226610732
    outer loop
      vertex -0.802783300994511 2.6192993647730276 2.4066122251152513
      vertex -0.7155202497941225 2.6703579260760404 2.3801011587039085
      vertex -0.9446895146242007 18.491732244476257 -13.505739520663056
    endloop
  endfacet
  facet normal -0.19509032201612586 0.6935199226610741 0.693519922661074
    outer loop
      vertex -0.7155202497941225 2.6703579260760404 2.3801011587039085
      vertex -0.6449518958373532 2.6636980599658346 2.4066122251152513
      vertex -0.9446895146242007 18.491732244476257 -13.505739520663056
    endloop
  endfacet
  facet normal -0.195090322016129 0.6935199226610737 0.6935199226610737
    outer loop
      vertex -0.4764206016031882 2.5588594539724197 2.5588594539724197
      vertex -0.4764206016031882 18.623458428607897 -13.505739520663056
      vertex -0.6449518958373532 2.6636980599658346 2.4066122251152513
    endloop
  endfacet
  facet normal -0.06540312923014288 0.7055928112895232 0.7055928112895232
    outer loop
      vertex -0.4764206016031882 2.5588594539724197 2.5588594539724197
      vertex 0 2.5809397513308987 2.5809397513308987
      vertex -0.4764206016031882 18.623458428607897 -13.505739520663056
    endloop
  endfacet
  facet normal -0.6593458151000653 0.5316310262343755 0.5316310262343755
    outer loop
      vertex -2.2219792158818303 2.2219792158818303 1.8732151297357658
      vertex -2.2685611299082047 2.0187109824276703 2.0187109824276703
      vertex -2.2219792158818303 2.047597172808798 2.047597172808798
    endloop
  endfacet
  facet normal -0.5555702330196027 0.5879378012096791 0.5879378012096791
    outer loop
      vertex -2.2219792158818303 2.2219792158818303 1.8732151297357658
      vertex -2.2219792158818303 2.047597172808798 2.047597172808798
      vertex -2.180724126302715 2.10634688026818 2.0278313505215477
    endloop
  endfacet
  facet normal -0.5555702330196065 0.5879378012096764 0.5879378012096782
    outer loop
      vertex -2.2219792158818303 2.2219792158818303 1.8732151297357658
      vertex -2.180724126302715 2.10634688026818 2.0278313505215477
      vertex -2.159426921194821 2.159426921194821 1.9948760458852328
    endloop
  endfacet
  facet normal 6.226931991950812e-17 -0.7071067811865477 0.7071067811865475
    outer loop
      vertex -2.2685611299082047 2.0187109824276703 2.0187109824276703
      vertex -2.2020742965705633 2.052895370671408 2.052895370671408
      vertex -2.2219792158818303 2.047597172808798 2.047597172808798
    endloop
  endfacet
  facet normal -1.5556048514929815e-18 -0.7071067811865475 0.7071067811865475
    outer loop
      vertex -2.2219792158818303 2.047597172808798 2.047597172808798
      vertex -2.2020742965705633 2.052895370671408 2.052895370671408
      vertex -2.1275788234432618 2.0921988704002183 2.0921988704002183
    endloop
  endfacet
  facet normal -0.555570233019602 0.587937801209679 0.58793780120968
    outer loop
      vertex -2.2219792158818303 2.047597172808798 2.047597172808798
      vertex -2.1275788234432618 2.0921988704002183 2.0921988704002183
      vertex -2.180724126302715 2.10634688026818 2.0278313505215477
    endloop
  endfacet
  facet normal -0.5555702330196154 0.5879378012096789 0.5879378012096675
    outer loop
      vertex -2.052895370671408 2.202074296570563 2.052895370671408
      vertex -2.070809340657674 2.119020954908732 2.119020954908732
      vertex -2.0187109824276703 2.2685611299082042 2.0187109824276703
    endloop
  endfacet
  facet normal -0.5555702330196013 0.5879378012096812 0.5879378012096784
    outer loop
      vertex -2.0187109824276703 2.2685611299082042 2.0187109824276703
      vertex -2.070809340657674 2.119020954908732 2.119020954908732
      vertex -1.825 2.23515939028965 2.23515939028965
    endloop
  endfacet
  facet normal -3.5281014015739455e-16 -0.707106781186548 0.7071067811865472
    outer loop
      vertex -2.070809340657674 2.119020954908732 2.119020954908732
      vertex -1.7372040682313397 2.263968419522047 2.263968419522047
      vertex -1.825 2.23515939028965 2.23515939028965
    endloop
  endfacet
  facet normal 2.990653134356742e-16 -0.7071067811865478 0.7071067811865472
    outer loop
      vertex -1.825 2.23515939028965 2.23515939028965
      vertex -1.7372040682313397 2.263968419522047 2.263968419522047
      vertex -1.3967945281325778 2.384477410899387 2.384477410899387
    endloop
  endfacet
  facet normal -3.612205282204157e-16 -0.707106781186549 0.707106781186546
    outer loop
      vertex -1.7372040682313397 2.263968419522047 2.263968419522047
      vertex -1.379034478991874 2.388557783003201 2.388557783003201
      vertex -1.3967945281325778 2.384477410899387 2.384477410899387
    endloop
  endfacet
  facet normal -5.7667001755384e-17 -0.7071067811865479 0.7071067811865472
    outer loop
      vertex -1.3967945281325778 2.384477410899387 2.384477410899387
      vertex -1.379034478991874 2.388557783003201 2.388557783003201
      vertex -1.372011859414393 2.3904260049916903 2.3904260049916903
    endloop
  endfacet
  facet normal -0.32143946530316375 0.6695807158758347 0.6695807158758539
    outer loop
      vertex -1.0714780051928068 2.4625632687419783 2.4625632687419783
      vertex -0.9446895146242007 2.4929963619066005 2.4929963619066005
      vertex -1.0267658314203107 2.4788319955962006 2.467759104544961
    endloop
  endfacet
  facet normal 3.671290127912513e-16 -0.707106781186548 0.7071067811865469
    outer loop
      vertex -1.0714780051928068 2.4625632687419783 2.4625632687419783
      vertex -1.0245632964475715 2.473514605793413 2.473514605793413
      vertex -0.9446895146242007 2.4929963619066005 2.4929963619066005
    endloop
  endfacet
  facet normal -0.32143946530316253 0.6695807158758447 0.6695807158758446
    outer loop
      vertex -1.0267658314203107 2.4788319955962006 2.467759104544961
      vertex -0.9446895146242007 2.4929963619066005 2.4929963619066005
      vertex -1.0033766955654861 2.5512070826860485 2.4066122251152513
    endloop
  endfacet
  facet normal -1.8788752589782548e-17 -0.7071067811865476 0.7071067811865475
    outer loop
      vertex -1.0245632964475715 2.473514605793413 2.473514605793413
      vertex -0.6897165036351043 2.528858898218765 2.528858898218765
      vertex -0.9446895146242007 2.4929963619066005 2.4929963619066005
    endloop
  endfacet
  facet normal -0.19509032201612922 0.6935199226610733 0.6935199226610739
    outer loop
      vertex -0.802783300994511 2.6192993647730276 2.4066122251152513
      vertex -0.9446895146242007 2.4929963619066005 2.4929963619066005
      vertex -0.6897165036351043 2.528858898218765 2.528858898218765
    endloop
  endfacet
  facet normal -0.19509032201612786 0.6935199226610745 0.693519922661073
    outer loop
      vertex -0.6713271219487001 2.5314454067512906 2.5314454067512906
      vertex -0.4764206016031882 2.5588594539724197 2.5588594539724197
      vertex -0.6449518958373532 2.6636980599658346 2.4066122251152513
    endloop
  endfacet
  facet normal -1.1412027433270845e-17 -0.7071067811865476 0.7071067811865476
    outer loop
      vertex -0.6713271219487001 2.5314454067512906 2.5314454067512906
      vertex -0.3376030721830161 2.5643499240027907 2.5643499240027907
      vertex -0.4764206016031882 2.5588594539724197 2.5588594539724197
    endloop
  endfacet
  facet normal -2.383316291946942e-18 -0.7071067811865478 0.7071067811865472
    outer loop
      vertex -0.4764206016031882 2.5588594539724197 2.5588594539724197
      vertex -0.3376030721830161 2.5643499240027907 2.5643499240027907
      vertex 0 2.5809397513308987 2.5809397513308987
    endloop
  endfacet
  facet normal -2.222770109029318e-18 -0.7071067811865476 0.7071067811865476
    outer loop
      vertex -0.3376030721830161 2.5643499240027907 2.5643499240027907
      vertex 0 2.5754137612067596 2.5754137612067596
      vertex 0 2.5809397513308987 2.5809397513308987
    endloop
  endfacet
  facet normal 0.19509032201612952 -0.6935199226610735 -0.6935199226610735
    outer loop
      vertex 0.4764206016031882 0.4764206016031882 -5.594139509548027
      vertex 0.4764206016031882 8.388020612718217 -13.505739520663056
      vertex 0.9446895146242007 8.519746796849855 -13.505739520663056
    endloop
  endfacet
  facet normal 0.0654031292301425 -0.7055928112895232 -0.7055928112895232
    outer loop
      vertex 0 0 -5.161879502661797
      vertex 0 8.343860018001259 -13.505739520663056
      vertex 0.4764206016031882 8.388020612718217 -13.505739520663056
    endloop
  endfacet
  facet normal 0.32143946530316475 -0.669580715875844 -0.669580715875844
    outer loop
      vertex 1.3967945281325778 1.3967945281325778 -6.165749349931351
      vertex 0.9446895146242007 8.519746796849855 -13.505739520663056
      vertex 1.3967945281325778 8.736784698864284 -13.505739520663056
    endloop
  endfacet
  facet normal 0.4422886902190015 -0.6341847973991335 -0.6341847973991336
    outer loop
      vertex 1.3967945281325778 1.3967945281325778 -6.165749349931351
      vertex 1.3967945281325778 8.736784698864284 -13.505739520663056
      vertex 1.8249999999999997 9.035420740083758 -13.505739520663056
    endloop
  endfacet
  facet normal 0.5555702330196 -0.5879378012096804 -0.5879378012096804
    outer loop
      vertex 1.8249999999999995 1.825 -6.295318780579299
      vertex 1.8249999999999997 9.035420740083758 -13.505739520663056
      vertex 2.2219792158818303 9.41054517504546 -13.505739520663056
    endloop
  endfacet
  facet normal 0.6593458151000677 -0.531631026234374 -0.531631026234374
    outer loop
      vertex 2.5809397513308987 2.5809397513308987 -6.230939751330899
      vertex 2.2219792158818303 9.41054517504546 -13.505739520663056
      vertex 2.5809397513308987 9.855739520663056 -13.505739520663056
    endloop
  endfacet
  facet normal 0.7518398074789777 -0.46622789700422995 -0.46622789700422995
    outer loop
      vertex 2.895739692063008 2.895739692063008 -6.038092834474229
      vertex 2.5809397513308987 9.855739520663056 -13.505739520663056
      vertex 2.895739692063008 10.363386378251835 -13.505739520663056
    endloop
  endfacet
  facet normal 0.8314696123025445 -0.3928474791935517 -0.3928474791935517
    outer loop
      vertex 2.895739692063008 2.895739692063008 -6.038092834474229
      vertex 2.895739692063008 10.363386378251835 -13.505739520663056
      vertex 3.1609927238132007 10.924799769332155 -13.505739520663056
    endloop
  endfacet
  facet normal 0.8968727415326896 -0.3127453320959701 -0.3127453320959701
    outer loop
      vertex 3.1609927238132007 3.1609927238132003 -5.7419324751441
      vertex 3.1609927238132007 10.924799769332155 -13.505739520663056
      vertex 3.3721602936661963 11.530373755129439 -13.505739520663056
    endloop
  endfacet
  facet normal 0.9469301294951054 -0.22729202565684425 -0.22729202565684428
    outer loop
      vertex 3.3721602936661963 3.3721602936661963 -5.347526059199815
      vertex 3.3721602936661963 11.530373755129439 -13.505739520663056
      vertex 3.525629265955099 12.169746796849855 -13.505739520663056
    endloop
  endfacet
  facet normal 0.19509032201612803 -0.6935199226610738 -0.6935199226610739
    outer loop
      vertex 0.9446895146242007 0.9446895146242 -5.930682238437401
      vertex 0.4764206016031882 0.4764206016031882 -5.594139509548027
      vertex 0.9446895146242007 8.519746796849855 -13.505739520663056
    endloop
  endfacet
  facet normal 0.3214394653031627 -0.6695807158758444 -0.6695807158758444
    outer loop
      vertex 0.9446895146242007 0.9446895146242 -5.930682238437401
      vertex 0.9446895146242007 8.519746796849855 -13.505739520663056
      vertex 1.3967945281325778 1.3967945281325778 -6.165749349931351
    endloop
  endfacet
  facet normal 0.5555702330196005 -0.5879378012096802 -0.5879378012096803
    outer loop
      vertex 1.8249999999999995 1.825 -6.295318780579299
      vertex 2.2219792158818303 9.41054517504546 -13.505739520663056
      vertex 2.2219792158818303 2.2219792158818303 -6.317173561499427
    endloop
  endfacet
  facet normal 0.442288690219002 -0.6341847973991332 -0.6341847973991334
    outer loop
      vertex 1.3967945281325778 1.3967945281325778 -6.165749349931351
      vertex 1.8249999999999997 9.035420740083758 -13.505739520663056
      vertex 1.8249999999999995 1.825 -6.295318780579299
    endloop
  endfacet
  facet normal 0.06540312923014355 -0.7055928112895231 -0.7055928112895231
    outer loop
      vertex 0.4764206016031882 0.4764206016031882 -5.594139509548027
      vertex 0 0 -5.161879502661797
      vertex 0.4764206016031882 8.388020612718217 -13.505739520663056
    endloop
  endfacet
  facet normal 0.6593458151000685 -0.5316310262343735 -0.5316310262343735
    outer loop
      vertex 2.2219792158818303 2.2219792158818303 -6.317173561499427
      vertex 2.2219792158818303 9.41054517504546 -13.505739520663056
      vertex 2.5809397513308987 2.5809397513308987 -6.230939751330899
    endloop
  endfacet
  facet normal 0.7518398074789774 -0.46622789700423034 -0.46622789700423034
    outer loop
      vertex 2.5809397513308987 2.5809397513308987 -6.230939751330899
      vertex 2.5809397513308987 9.855739520663056 -13.505739520663056
      vertex 2.895739692063008 2.895739692063008 -6.038092834474229
    endloop
  endfacet
  facet normal 0.8314696123025452 -0.39284747919355123 -0.3928474791935511
    outer loop
      vertex 2.895739692063008 2.895739692063008 -6.038092834474229
      vertex 3.1609927238132007 10.924799769332155 -13.505739520663056
      vertex 3.1609927238132007 3.1609927238132003 -5.7419324751441
    endloop
  endfacet
  facet normal 0.8968727415326889 -0.31274533209597116 -0.3127453320959713
    outer loop
      vertex 3.1609927238132007 3.1609927238132003 -5.7419324751441
      vertex 3.3721602936661963 11.530373755129439 -13.505739520663056
      vertex 3.3721602936661963 3.3721602936661963 -5.347526059199815
    endloop
  endfacet
  facet normal 0.9469301294951056 -0.22729202565684384 -0.22729202565684384
    outer loop
      vertex 3.3721602936661963 3.3721602936661963 -5.347526059199815
      vertex 3.525629265955099 12.169746796849855 -13.505739520663056
      vertex 3.525629265955099 3.525629265955099 -4.8616219897683
    endloop
  endfacet
  facet normal 0.9807852804032304 -0.13794968964147158 -0.13794968964147153
    outer loop
      vertex 3.525629265955099 3.525629265955099 -4.8616219897683
      vertex 3.618773744014408 12.831979044481876 -13.505739520663056
      vertex 3.618773744014408 3.618773744014408 -4.292534220195586
    endloop
  endfacet
  facet normal 0.9978589232386034 -0.04624699618945429 -0.04624699618945429
    outer loop
      vertex 3.618773744014408 3.618773744014408 -4.292534220195586
      vertex 3.65 13.505739520663056 -13.505739520663056
      vertex 3.65 3.65 -3.65
    endloop
  endfacet
  facet normal 0.9978589232386034 0.04624699618945432 0.04624699618945433
    outer loop
      vertex 3.65 3.65 -3.65
      vertex 3.618773744014408 14.179499996844235 -13.505739520663056
      vertex 3.618773744014408 3.618773744014408 -2.94501326783323
    endloop
  endfacet
  facet normal 0.9807852804032305 0.1379496896414715 0.13794968964147147
    outer loop
      vertex 3.618773744014408 3.618773744014408 -2.94501326783323
      vertex 3.525629265955099 14.841732244476255 -13.505739520663056
      vertex 3.525629265955099 3.525629265955099 -2.1896365421418986
    endloop
  endfacet
  facet normal 0.9469301294951055 0.22729202565684398 0.22729202565684398
    outer loop
      vertex 3.525629265955099 3.525629265955099 -2.1896365421418986
      vertex 3.3721602936661963 15.481105286196675 -13.505739520663056
      vertex 3.3721602936661963 3.3721602936661963 -1.396794528132578
    endloop
  endfacet
  facet normal 0.8968727415326885 0.3127453320959718 0.3127453320959718
    outer loop
      vertex 3.3721602936661963 3.3721602936661963 -1.396794528132578
      vertex 3.1609927238132007 16.086679271993955 -13.505739520663056
      vertex 3.1609927238132007 3.1609927238132007 -0.5800529724823024
    endloop
  endfacet
  facet normal 0.9807852804032303 -0.13794968964147206 -0.13794968964147206
    outer loop
      vertex 3.525629265955099 3.525629265955099 -4.8616219897683
      vertex 3.525629265955099 12.169746796849855 -13.505739520663056
      vertex 3.618773744014408 12.831979044481876 -13.505739520663056
    endloop
  endfacet
  facet normal 0.9978589232386034 -0.04624699618945416 -0.04624699618945415
    outer loop
      vertex 3.618773744014408 3.618773744014408 -4.292534220195586
      vertex 3.618773744014408 12.831979044481876 -13.505739520663056
      vertex 3.65 13.505739520663056 -13.505739520663056
    endloop
  endfacet
  facet normal 0.9469301294951061 0.22729202565684256 0.22729202565684245
    outer loop
      vertex 3.525629265955099 3.525629265955099 -2.1896365421418986
      vertex 3.525629265955099 14.841732244476255 -13.505739520663056
      vertex 3.3721602936661963 15.481105286196675 -13.505739520663056
    endloop
  endfacet
  facet normal 0.8968727415326888 0.3127453320959714 0.3127453320959714
    outer loop
      vertex 3.3721602936661963 3.3721602936661963 -1.396794528132578
      vertex 3.3721602936661963 15.481105286196675 -13.505739520663056
      vertex 3.1609927238132007 16.086679271993955 -13.505739520663056
    endloop
  endfacet
  facet normal 0.9978589232386034 0.04624699618945422 0.04624699618945422
    outer loop
      vertex 3.65 3.65 -3.65
      vertex 3.65 13.505739520663056 -13.505739520663056
      vertex 3.618773744014408 14.179499996844235 -13.505739520663056
    endloop
  endfacet
  facet normal 0.9807852804032303 0.13794968964147208 0.1379496896414721
    outer loop
      vertex 3.618773744014408 3.618773744014408 -2.94501326783323
      vertex 3.618773744014408 14.179499996844235 -13.505739520663056
      vertex 3.525629265955099 14.841732244476255 -13.505739520663056
    endloop
  endfacet
  facet normal 0.06540312923013998 0.7055928112895233 0.7055928112895233
    outer loop
      vertex 0.4764206016031882 2.5588594539724197 2.5588594539724197
      vertex 0.4764206016031882 18.623458428607897 -13.505739520663056
      vertex 0 18.667619023324853 -13.505739520663056
    endloop
  endfacet
  facet normal 0.19509032201613505 0.6935199226610728 0.6935199226610728
    outer loop
      vertex 0.9446895146242007 2.4929963619066005 2.4929963619066005
      vertex 0.9446895146242007 18.491732244476257 -13.505739520663056
      vertex 0.4764206016031882 18.623458428607897 -13.505739520663056
    endloop
  endfacet
  facet normal 0.4422886902190009 0.6341847973991338 0.6341847973991338
    outer loop
      vertex 1.825 2.23515939028965 2.23515939028965
      vertex 1.825 17.976058301242354 -13.505739520663056
      vertex 1.3967945281325778 18.274694342461828 -13.505739520663056
    endloop
  endfacet
  facet normal 0.5555702330196002 0.5879378012096803 0.5879378012096803
    outer loop
      vertex 2.2219792158818303 2.2219792158818303 1.8732151297357658
      vertex 2.2219792158818303 17.600933866280652 -13.505739520663056
      vertex 1.825 17.976058301242354 -13.505739520663056
    endloop
  endfacet
  facet normal 0.3214394653031635 0.6695807158758443 0.6695807158758443
    outer loop
      vertex 1.3967945281325778 2.384477410899387 2.384477410899387
      vertex 1.3967945281325778 18.274694342461828 -13.505739520663056
      vertex 0.9446895146242007 18.491732244476257 -13.505739520663056
    endloop
  endfacet
  facet normal 0.7518398074789765 0.4662278970042309 0.4662278970042309
    outer loop
      vertex 2.895739692063008 2.895739692063008 0.24661345034821225
      vertex 2.895739692063008 16.648092663074276 -13.505739520663056
      vertex 2.5809397513308987 17.155739520663055 -13.505739520663056
    endloop
  endfacet
  facet normal 0.8314696123025457 0.3928474791935506 0.3928474791935506
    outer loop
      vertex 3.1609927238132007 3.1609927238132007 -0.5800529724823024
      vertex 3.1609927238132007 16.086679271993955 -13.505739520663056
      vertex 2.895739692063008 16.648092663074276 -13.505739520663056
    endloop
  endfacet
  facet normal 0.6593458151000694 0.5316310262343731 0.531631026234373
    outer loop
      vertex 2.5809397513308987 2.5809397513308987 1.069060248669102
      vertex 2.5809397513308987 17.155739520663055 -13.505739520663056
      vertex 2.2219792158818303 17.600933866280652 -13.505739520663056
    endloop
  endfacet
  facet normal 0.06540312923014287 0.7055928112895231 0.7055928112895231
    outer loop
      vertex 0 2.5809397513308987 2.5809397513308987
      vertex 0.4764206016031882 2.5588594539724197 2.5588594539724197
      vertex 0 18.667619023324853 -13.505739520663056
    endloop
  endfacet
  facet normal 0.19509032201612897 0.6935199226610737 0.6935199226610737
    outer loop
      vertex 0.4764206016031882 2.5588594539724197 2.5588594539724197
      vertex 0.6449518958373532 2.6636980599658346 2.4066122251152513
      vertex 0.4764206016031882 18.623458428607897 -13.505739520663056
    endloop
  endfacet
  facet normal 0.19509032201612592 0.6935199226610741 0.6935199226610741
    outer loop
      vertex 0.6449518958373532 2.6636980599658346 2.4066122251152513
      vertex 0.7155202497941225 2.6703579260760404 2.3801011587039085
      vertex 0.4764206016031882 18.623458428607897 -13.505739520663056
    endloop
  endfacet
  facet normal 0.1950903220161325 0.6935199226610732 0.6935199226610731
    outer loop
      vertex 0.802783300994511 2.6192993647730276 2.4066122251152513
      vertex 0.4764206016031882 18.623458428607897 -13.505739520663056
      vertex 0.7155202497941225 2.6703579260760404 2.3801011587039085
    endloop
  endfacet
  facet normal 0.19509032201612955 0.6935199226610735 0.6935199226610735
    outer loop
      vertex 0.802783300994511 2.6192993647730276 2.4066122251152513
      vertex 0.9446895146242007 2.4929963619066005 2.4929963619066005
      vertex 0.4764206016031882 18.623458428607897 -13.505739520663056
    endloop
  endfacet
  facet normal 0.32143946530316075 0.669580715875845 0.6695807158758451
    outer loop
      vertex 1.0630347001818952 2.566392790452348 2.362787046930709
      vertex 0.9446895146242007 18.491732244476257 -13.505739520663056
      vertex 1.0033766955654861 2.5512070826860485 2.4066122251152513
    endloop
  endfacet
  facet normal 0.3214394653031628 0.6695807158758446 0.6695807158758446
    outer loop
      vertex 1.0033766955654861 2.5512070826860485 2.4066122251152513
      vertex 0.9446895146242007 18.491732244476257 -13.505739520663056
      vertex 0.9446895146242007 2.4929963619066005 2.4929963619066005
    endloop
  endfacet
  facet normal 0.32143946530316203 0.6695807158758447 0.6695807158758447
    outer loop
      vertex 1.0630347001818952 2.566392790452348 2.362787046930709
      vertex 1.372011859414393 2.3904260049916903 2.3904260049916903
      vertex 0.9446895146242007 18.491732244476257 -13.505739520663056
    endloop
  endfacet
  facet normal 0.32143946530316203 0.6695807158758448 0.6695807158758448
    outer loop
      vertex 1.3967945281325778 2.384477410899387 2.384477410899387
      vertex 0.9446895146242007 18.491732244476257 -13.505739520663056
      vertex 1.372011859414393 2.3904260049916903 2.3904260049916903
    endloop
  endfacet
  facet normal 0.44228869021900136 0.6341847973991337 0.6341847973991337
    outer loop
      vertex 1.3967945281325778 2.384477410899387 2.384477410899387
      vertex 1.825 2.23515939028965 2.23515939028965
      vertex 1.3967945281325778 18.274694342461828 -13.505739520663056
    endloop
  endfacet
  facet normal 0.5555702330196015 0.5879378012096796 0.5879378012096795
    outer loop
      vertex 2.2219792158818303 2.2219792158818303 1.8732151297357658
      vertex 1.825 17.976058301242354 -13.505739520663056
      vertex 2.0187109824276703 2.2685611299082042 2.0187109824276703
    endloop
  endfacet
  facet normal 0.5555702330196025 0.5879378012096792 0.5879378012096792
    outer loop
      vertex 2.0187109824276703 2.2685611299082042 2.0187109824276703
      vertex 1.825 17.976058301242354 -13.505739520663056
      vertex 1.825 2.23515939028965 2.23515939028965
    endloop
  endfacet
  facet normal 0.8314696123025456 0.3928474791935507 0.3928474791935507
    outer loop
      vertex 3.1609927238132007 3.1609927238132007 -0.5800529724823024
      vertex 2.895739692063008 16.648092663074276 -13.505739520663056
      vertex 2.895739692063008 2.895739692063008 0.24661345034821225
    endloop
  endfacet
  facet normal 0.7518398074789779 0.4662278970042298 0.46622789700422973
    outer loop
      vertex 2.895739692063008 2.895739692063008 0.24661345034821225
      vertex 2.5809397513308987 17.155739520663055 -13.505739520663056
      vertex 2.5809397513308987 2.5809397513308987 1.069060248669102
    endloop
  endfacet
  facet normal 0.6593458151000677 0.5316310262343739 0.5316310262343739
    outer loop
      vertex 2.5809397513308987 2.5809397513308987 1.069060248669102
      vertex 2.2219792158818303 17.600933866280652 -13.505739520663056
      vertex 2.2219792158818303 2.2219792158818303 1.8732151297357658
    endloop
  endfacet
  facet normal 0.5555702330196065 0.5879378012096764 0.5879378012096782
    outer loop
      vertex 2.2219792158818303 2.2219792158818303 1.8732151297357658
      vertex 2.159426921194821 2.159426921194821 1.9948760458852328
      vertex 2.180724126302715 2.10634688026818 2.0278313505215477
    endloop
  endfacet
  facet normal 0.6593458151000651 0.5316310262343756 0.5316310262343756
    outer loop
      vertex 2.2219792158818303 2.2219792158818303 1.8732151297357658
      vertex 2.2219792158818303 2.047597172808798 2.047597172808798
      vertex 2.2685611299082047 2.0187109824276703 2.0187109824276703
    endloop
  endfacet
  facet normal 0.5555702330196027 0.5879378012096792 0.5879378012096792
    outer loop
      vertex 2.2219792158818303 2.2219792158818303 1.8732151297357658
      vertex 2.180724126302715 2.10634688026818 2.0278313505215477
      vertex 2.2219792158818303 2.047597172808798 2.047597172808798
    endloop
  endfacet
  facet normal -1.0084143258875894e-15 -0.7071067811865489 0.707106781186546
    outer loop
      vertex 1.3967945281325778 2.384477410899387 2.384477410899387
      vertex 1.7372040682313397 2.263968419522047 2.263968419522047
      vertex 1.825 2.23515939028965 2.23515939028965
    endloop
  endfacet
  facet normal 0.5555702330196013 0.5879378012096812 0.5879378012096784
    outer loop
      vertex 2.0187109824276703 2.2685611299082042 2.0187109824276703
      vertex 1.825 2.23515939028965 2.23515939028965
      vertex 2.070809340657674 2.119020954908732 2.119020954908732
    endloop
  endfacet
  facet normal 2.6363296545053588e-18 -0.7071067811865476 0.7071067811865474
    outer loop
      vertex 1.7372040682313397 2.263968419522047 2.263968419522047
      vertex 2.070809340657674 2.119020954908732 2.119020954908732
      vertex 1.825 2.23515939028965 2.23515939028965
    endloop
  endfacet
  facet normal -1.8866701821323323e-17 -0.7071067811865477 0.7071067811865476
    outer loop
      vertex 2.2219792158818303 2.047597172808798 2.047597172808798
      vertex 2.2020742965705633 2.052895370671408 2.052895370671408
      vertex 2.2685611299082047 2.0187109824276703 2.0187109824276703
    endloop
  endfacet
  facet normal -1.5556048514929815e-18 -0.7071067811865475 0.7071067811865475
    outer loop
      vertex 2.2219792158818303 2.047597172808798 2.047597172808798
      vertex 2.1275788234432618 2.0921988704002183 2.0921988704002183
      vertex 2.2020742965705633 2.052895370671408 2.052895370671408
    endloop
  endfacet
  facet normal 0.555570233019602 0.587937801209679 0.5879378012096801
    outer loop
      vertex 2.2219792158818303 2.047597172808798 2.047597172808798
      vertex 2.180724126302715 2.10634688026818 2.0278313505215477
      vertex 2.1275788234432618 2.0921988704002183 2.0921988704002183
    endloop
  endfacet
  facet normal 0.5555702330196155 0.5879378012096788 0.5879378012096674
    outer loop
      vertex 2.052895370671408 2.202074296570563 2.052895370671408
      vertex 2.0187109824276703 2.2685611299082042 2.0187109824276703
      vertex 2.070809340657674 2.119020954908732 2.119020954908732
    endloop
  endfacet
  facet normal 5.99608052030811e-19 -0.7071067811865476 0.7071067811865476
    outer loop
      vertex 0 2.5809397513308987 2.5809397513308987
      vertex 0.3376030721830161 2.5643499240027907 2.5643499240027907
      vertex 0.4764206016031882 2.5588594539724197 2.5588594539724197
    endloop
  endfacet
  facet normal -2.151992578054207e-18 -0.7071067811865476 0.7071067811865475
    outer loop
      vertex 0.3376030721830161 2.5643499240027907 2.5643499240027907
      vertex 0.6713271219487001 2.5314454067512906 2.5314454067512906
      vertex 0.4764206016031882 2.5588594539724197 2.5588594539724197
    endloop
  endfacet
  facet normal 0.19509032201612786 0.6935199226610744 0.693519922661073
    outer loop
      vertex 0.4764206016031882 2.5588594539724197 2.5588594539724197
      vertex 0.6713271219487001 2.5314454067512906 2.5314454067512906
      vertex 0.6449518958373532 2.6636980599658346 2.4066122251152513
    endloop
  endfacet
  facet normal 0.19509032201612922 0.6935199226610733 0.6935199226610739
    outer loop
      vertex 0.802783300994511 2.6192993647730276 2.4066122251152513
      vertex 0.6897165036351043 2.528858898218765 2.528858898218765
      vertex 0.9446895146242007 2.4929963619066005 2.4929963619066005
    endloop
  endfacet
  facet normal 0.32143946530316364 0.6695807158758346 0.6695807158758539
    outer loop
      vertex 1.0267658314203107 2.4788319955962006 2.467759104544961
      vertex 0.9446895146242007 2.4929963619066005 2.4929963619066005
      vertex 1.0714780051928068 2.4625632687419783 2.4625632687419783
    endloop
  endfacet
  facet normal -1.6053424139301774e-16 -0.7071067811865477 0.7071067811865474
    outer loop
      vertex 1.0245632964475715 2.473514605793413 2.473514605793413
      vertex 1.0714780051928068 2.4625632687419783 2.4625632687419783
      vertex 0.9446895146242007 2.4929963619066005 2.4929963619066005
    endloop
  endfacet
  facet normal -1.8788752589782548e-17 -0.7071067811865475 0.7071067811865476
    outer loop
      vertex 1.0245632964475715 2.473514605793413 2.473514605793413
      vertex 0.9446895146242007 2.4929963619066005 2.4929963619066005
      vertex 0.6897165036351043 2.528858898218765 2.528858898218765
    endloop
  endfacet
  facet normal 0.32143946530316253 0.6695807158758447 0.6695807158758446
    outer loop
      vertex 1.0267658314203107 2.4788319955962006 2.467759104544961
      vertex 1.0033766955654861 2.5512070826860485 2.4066122251152513
      vertex 0.9446895146242007 2.4929963619066005 2.4929963619066005
    endloop
  endfacet
  facet normal -5.7667001755384e-17 -0.7071067811865472 0.7071067811865479
    outer loop
      vertex 1.3967945281325778 2.384477410899387 2.384477410899387
      vertex 1.372011859414393 2.3904260049916903 2.3904260049916903
      vertex 1.379034478991874 2.388557783003201 2.388557783003201
    endloop
  endfacet
  facet normal -1.2849494328912876e-18 -0.7071067811865476 0.7071067811865474
    outer loop
      vertex 1.3967945281325778 2.384477410899387 2.384477410899387
      vertex 1.379034478991874 2.388557783003201 2.388557783003201
      vertex 1.7372040682313397 2.263968419522047 2.263968419522047
    endloop
  endfacet
  facet normal 2.3266497733341712e-18 -0.7071067811865475 0.7071067811865475
    outer loop
      vertex 0 2.5809397513308987 2.5809397513308987
      vertex 0 2.5754137612067596 2.5754137612067596
      vertex 0.3376030721830161 2.5643499240027907 2.5643499240027907
    endloop
  endfacet
  facet normal 0.046246996189454284 -0.9978589232386034 -0.046246996189454284
    outer loop
      vertex -3.618773744014408 -3.618773744014408 -4.292534220195586
      vertex -13.505739520663056 -3.65 -13.505739520663056
      vertex -12.831979044481878 -3.618773744014408 -13.505739520663056
    endloop
  endfacet
  facet normal 0.13794968964147142 -0.9807852804032305 -0.13794968964147142
    outer loop
      vertex -3.525629265955099 -3.525629265955099 -4.8616219897683
      vertex -12.831979044481878 -3.618773744014408 -13.505739520663056
      vertex -12.169746796849857 -3.525629265955099 -13.505739520663056
    endloop
  endfacet
  facet normal -0.1379496896414718 -0.9807852804032303 0.13794968964147183
    outer loop
      vertex -3.618773744014408 -3.618773744014408 -2.94501326783323
      vertex -14.841732244476256 -3.525629265955099 -13.505739520663056
      vertex -14.179499996844235 -3.618773744014408 -13.505739520663056
    endloop
  endfacet
  facet normal -0.2272920256568453 -0.9469301294951049 0.2272920256568453
    outer loop
      vertex -3.525629265955099 -3.525629265955099 -2.1896365421418986
      vertex -15.481105286196673 -3.3721602936661963 -13.505739520663056
      vertex -14.841732244476256 -3.525629265955099 -13.505739520663056
    endloop
  endfacet
  facet normal -0.31274533209597066 -0.8968727415326893 0.3127453320959706
    outer loop
      vertex -3.372160293666196 -3.3721602936661963 -1.396794528132577
      vertex -16.086679271993955 -3.1609927238132007 -13.505739520663056
      vertex -15.481105286196673 -3.3721602936661963 -13.505739520663056
    endloop
  endfacet
  facet normal -0.04624699618945422 -0.9978589232386034 0.04624699618945422
    outer loop
      vertex -3.65 -3.65 -3.65
      vertex -14.179499996844235 -3.618773744014408 -13.505739520663056
      vertex -13.505739520663056 -3.65 -13.505739520663056
    endloop
  endfacet
  facet normal -0.3928474791935525 -0.8314696123025438 0.39284747919355245
    outer loop
      vertex -3.1609927238132007 -3.1609927238132007 -0.5800529724823018
      vertex -16.648092663074273 -2.895739692063008 -13.505739520663056
      vertex -16.086679271993955 -3.1609927238132007 -13.505739520663056
    endloop
  endfacet
  facet normal -0.4662278970042291 -0.7518398074789789 0.46622789700422906
    outer loop
      vertex -2.895739692063008 -2.895739692063008 0.24661345034821225
      vertex -17.155739520663055 -2.5809397513308987 -13.505739520663056
      vertex -16.648092663074273 -2.895739692063008 -13.505739520663056
    endloop
  endfacet
  facet normal -0.5316310262343731 -0.6593458151000694 0.531631026234373
    outer loop
      vertex -2.5809397513308987 -2.5809397513308987 1.069060248669102
      vertex -17.600933866280652 -2.2219792158818303 -13.505739520663056
      vertex -17.155739520663055 -2.5809397513308987 -13.505739520663056
    endloop
  endfacet
  facet normal -0.6341847973991332 -0.4422886902190023 0.6341847973991332
    outer loop
      vertex -2.384477410899387 -1.3967945281325778 2.384477410899387
      vertex -18.274694342461828 -1.3967945281325778 -13.505739520663056
      vertex -17.976058301242354 -1.825 -13.505739520663056
    endloop
  endfacet
  facet normal -0.6935199226610732 -0.19509032201613188 0.6935199226610732
    outer loop
      vertex -2.6636980599658355 -0.6449518958373494 2.4066122251152513
      vertex -18.623458428607897 -0.4764206016031882 -13.505739520663056
      vertex -18.491732244476257 -0.9446895146242007 -13.505739520663056
    endloop
  endfacet
  facet normal -0.6695807158758443 -0.3214394653031635 0.6695807158758443
    outer loop
      vertex -2.5512070826860485 -1.0033766955654861 2.4066122251152513
      vertex -18.491732244476257 -0.9446895146242007 -13.505739520663056
      vertex -18.274694342461828 -1.3967945281325778 -13.505739520663056
    endloop
  endfacet
  facet normal -0.5879378012096803 -0.5555702330196002 0.5879378012096803
    outer loop
      vertex -2.2219792158818303 -2.2219792158818303 1.8732151297357658
      vertex -17.976058301242354 -1.825 -13.505739520663056
      vertex -17.600933866280652 -2.2219792158818303 -13.505739520663056
    endloop
  endfacet
  facet normal -0.7055928112895233 -0.06540312923013958 0.7055928112895233
    outer loop
      vertex -2.5809397513308987 0 2.5809397513308987
      vertex -18.667619023324853 0 -13.505739520663056
      vertex -18.623458428607897 -0.4764206016031882 -13.505739520663056
    endloop
  endfacet
  facet normal 0.22729202565684314 -0.9469301294951059 -0.22729202565684314
    outer loop
      vertex -3.3721602936661963 -3.3721602936661963 -5.347526059199815
      vertex -12.169746796849857 -3.525629265955099 -13.505739520663056
      vertex -11.530373755129437 -3.3721602936661963 -13.505739520663056
    endloop
  endfacet
  facet normal 0.31274533209597194 -0.8968727415326883 -0.31274533209597194
    outer loop
      vertex -3.3721602936661963 -3.3721602936661963 -5.347526059199815
      vertex -11.530373755129437 -3.3721602936661963 -13.505739520663056
      vertex -10.924799769332157 -3.1609927238132007 -13.505739520663056
    endloop
  endfacet
  facet normal 0.39284747919355084 -0.8314696123025455 -0.39284747919355073
    outer loop
      vertex -3.160992723813201 -3.1609927238132007 -5.741932475144099
      vertex -10.924799769332157 -3.1609927238132007 -13.505739520663056
      vertex -10.363386378251835 -2.895739692063008 -13.505739520663056
    endloop
  endfacet
  facet normal 0.46622789700423095 -0.7518398074789766 -0.46622789700423095
    outer loop
      vertex -2.895739692063008 -2.895739692063008 -6.038092834474229
      vertex -10.363386378251835 -2.895739692063008 -13.505739520663056
      vertex -9.855739520663057 -2.5809397513308987 -13.505739520663056
    endloop
  endfacet
  facet normal 0.5316310262343729 -0.6593458151000693 -0.531631026234373
    outer loop
      vertex -2.5809397513308987 -2.5809397513308987 -6.230939751330899
      vertex -9.855739520663057 -2.5809397513308987 -13.505739520663056
      vertex -9.41054517504546 -2.2219792158818303 -13.505739520663056
    endloop
  endfacet
  facet normal 0.5879378012096804 -0.5555702330196 -0.5879378012096804
    outer loop
      vertex -2.2219792158818303 -2.2219792158818303 -6.317173561499427
      vertex -9.41054517504546 -2.2219792158818303 -13.505739520663056
      vertex -9.035420740083758 -1.8250000000000002 -13.505739520663056
    endloop
  endfacet
  facet normal 0.6341847973991328 -0.44228869021900324 -0.634184797399133
    outer loop
      vertex -1.825 -1.8250000000000004 -6.2953187805793
      vertex -9.035420740083758 -1.8250000000000002 -13.505739520663056
      vertex -8.736784698864282 -1.3967945281325778 -13.505739520663056
    endloop
  endfacet
  facet normal 0.6695807158758447 -0.32143946530316225 -0.6695807158758447
    outer loop
      vertex -1.3967945281325778 -1.3967945281325778 -6.165749349931351
      vertex -8.736784698864282 -1.3967945281325778 -13.505739520663056
      vertex -8.519746796849855 -0.9446895146242007 -13.505739520663056
    endloop
  endfacet
  facet normal 0.6935199226610737 -0.19509032201612875 -0.6935199226610737
    outer loop
      vertex -0.9446895146242013 -0.9446895146242007 -5.930682238437402
      vertex -8.519746796849855 -0.9446895146242007 -13.505739520663056
      vertex -8.388020612718217 -0.4764206016031882 -13.505739520663056
    endloop
  endfacet
  facet normal 0.7055928112895232 -0.06540312923014083 -0.7055928112895232
    outer loop
      vertex -0.4764206016031882 -0.4764206016031882 -5.594139509548027
      vertex -8.388020612718217 -0.4764206016031882 -13.505739520663056
      vertex -8.34386001800126 0 -13.505739520663056
    endloop
  endfacet
  facet normal 0.5316310262343735 -0.6593458151000684 -0.5316310262343735
    outer loop
      vertex -2.5809397513308987 -2.5809397513308987 -6.230939751330899
      vertex -9.41054517504546 -2.2219792158818303 -13.505739520663056
      vertex -2.2219792158818303 -2.2219792158818303 -6.317173561499427
    endloop
  endfacet
  facet normal 0.39284747919355034 -0.831469612302546 -0.39284747919355034
    outer loop
      vertex -3.160992723813201 -3.1609927238132007 -5.741932475144099
      vertex -10.363386378251835 -2.895739692063008 -13.505739520663056
      vertex -2.895739692063008 -2.895739692063008 -6.038092834474229
    endloop
  endfacet
  facet normal 0.31274533209597205 -0.8968727415326884 -0.312745332095972
    outer loop
      vertex -3.160992723813201 -3.1609927238132007 -5.741932475144099
      vertex -3.3721602936661963 -3.3721602936661963 -5.347526059199815
      vertex -10.924799769332157 -3.1609927238132007 -13.505739520663056
    endloop
  endfacet
  facet normal 0.46622789700423034 -0.7518398074789774 -0.4662278970042304
    outer loop
      vertex -2.895739692063008 -2.895739692063008 -6.038092834474229
      vertex -9.855739520663057 -2.5809397513308987 -13.505739520663056
      vertex -2.5809397513308987 -2.5809397513308987 -6.230939751330899
    endloop
  endfacet
  facet normal 0.13794968964147156 -0.9807852804032304 -0.13794968964147156
    outer loop
      vertex -3.525629265955099 -3.525629265955099 -4.8616219897683
      vertex -3.618773744014408 -3.618773744014408 -4.292534220195586
      vertex -12.831979044481878 -3.618773744014408 -13.505739520663056
    endloop
  endfacet
  facet normal 0.04624699618945429 -0.9978589232386034 -0.04624699618945429
    outer loop
      vertex -3.618773744014408 -3.618773744014408 -4.292534220195586
      vertex -3.65 -3.65 -3.65
      vertex -13.505739520663056 -3.65 -13.505739520663056
    endloop
  endfacet
  facet normal 0.2272920256568438 -0.9469301294951056 -0.22729202565684384
    outer loop
      vertex -3.3721602936661963 -3.3721602936661963 -5.347526059199815
      vertex -3.525629265955099 -3.525629265955099 -4.8616219897683
      vertex -12.169746796849857 -3.525629265955099 -13.505739520663056
    endloop
  endfacet
  facet normal -0.04624699618945432 -0.9978589232386034 0.04624699618945433
    outer loop
      vertex -3.65 -3.65 -3.65
      vertex -3.618773744014408 -3.618773744014408 -2.94501326783323
      vertex -14.179499996844235 -3.618773744014408 -13.505739520663056
    endloop
  endfacet
  facet normal -0.13794968964147147 -0.9807852804032305 0.13794968964147147
    outer loop
      vertex -3.618773744014408 -3.618773744014408 -2.94501326783323
      vertex -3.525629265955099 -3.525629265955099 -2.1896365421418986
      vertex -14.841732244476256 -3.525629265955099 -13.505739520663056
    endloop
  endfacet
  facet normal -0.22729202565684387 -0.9469301294951055 0.2272920256568438
    outer loop
      vertex -3.525629265955099 -3.525629265955099 -2.1896365421418986
      vertex -3.372160293666196 -3.3721602936661963 -1.396794528132577
      vertex -15.481105286196673 -3.3721602936661963 -13.505739520663056
    endloop
  endfacet
  facet normal -0.31274533209597166 -0.8968727415326885 0.3127453320959717
    outer loop
      vertex -3.372160293666196 -3.3721602936661963 -1.396794528132577
      vertex -3.1609927238132007 -3.1609927238132007 -0.5800529724823018
      vertex -16.086679271993955 -3.1609927238132007 -13.505739520663056
    endloop
  endfacet
  facet normal 0.5879378012096793 -0.5555702330196021 -0.5879378012096794
    outer loop
      vertex -2.2219792158818303 -2.2219792158818303 -6.317173561499427
      vertex -9.035420740083758 -1.8250000000000002 -13.505739520663056
      vertex -1.825 -1.8250000000000004 -6.2953187805793
    endloop
  endfacet
  facet normal 0.6341847973991339 -0.4422886902190003 -0.6341847973991338
    outer loop
      vertex -1.825 -1.8250000000000004 -6.2953187805793
      vertex -8.736784698864282 -1.3967945281325778 -13.505739520663056
      vertex -1.3967945281325778 -1.3967945281325778 -6.165749349931351
    endloop
  endfacet
  facet normal 0.6695807158758447 -0.32143946530316236 -0.6695807158758447
    outer loop
      vertex -1.3967945281325778 -1.3967945281325778 -6.165749349931351
      vertex -8.519746796849855 -0.9446895146242007 -13.505739520663056
      vertex -0.9446895146242013 -0.9446895146242007 -5.930682238437402
    endloop
  endfacet
  facet normal 0.6935199226610737 -0.1950903220161286 -0.6935199226610737
    outer loop
      vertex -0.9446895146242013 -0.9446895146242007 -5.930682238437402
      vertex -8.388020612718217 -0.4764206016031882 -13.505739520663056
      vertex -0.4764206016031882 -0.4764206016031882 -5.594139509548027
    endloop
  endfacet
  facet normal 0.705592811289523 -0.06540312923014333 -0.7055928112895232
    outer loop
      vertex -0.4764206016031882 -0.4764206016031882 -5.594139509548027
      vertex -8.34386001800126 0 -13.505739520663056
      vertex 0 0 -5.161879502661797
    endloop
  endfacet
  facet normal -0.3928474791935512 -0.8314696123025452 0.392847479193551
    outer loop
      vertex -3.1609927238132007 -3.1609927238132007 -0.5800529724823018
      vertex -2.895739692063008 -2.895739692063008 0.24661345034821225
      vertex -16.648092663074273 -2.895739692063008 -13.505739520663056
    endloop
  endfacet
  facet normal -0.4662278970042298 -0.7518398074789779 0.46622789700422973
    outer loop
      vertex -2.895739692063008 -2.895739692063008 0.24661345034821225
      vertex -2.5809397513308987 -2.5809397513308987 1.069060248669102
      vertex -17.155739520663055 -2.5809397513308987 -13.505739520663056
    endloop
  endfacet
  facet normal -0.5316310262343739 -0.6593458151000677 0.5316310262343739
    outer loop
      vertex -2.5809397513308987 -2.5809397513308987 1.069060248669102
      vertex -2.2219792158818303 -2.2219792158818303 1.8732151297357658
      vertex -17.600933866280652 -2.2219792158818303 -13.505739520663056
    endloop
  endfacet
  facet normal -0.6695807158758447 -0.3214394653031623 0.6695807158758444
    outer loop
      vertex -2.3904260049916912 -1.3720118594143889 2.3904260049916912
      vertex -2.5663927904523476 -1.063034700181895 2.3627870469307095
      vertex -18.274694342461828 -1.3967945281325778 -13.505739520663056
    endloop
  endfacet
  facet normal -0.6695807158758461 -0.3214394653031559 0.6695807158758461
    outer loop
      vertex -2.384477410899387 -1.3967945281325778 2.384477410899387
      vertex -2.3904260049916912 -1.3720118594143889 2.3904260049916912
      vertex -18.274694342461828 -1.3967945281325778 -13.505739520663056
    endloop
  endfacet
  facet normal -0.5879378012096793 -0.5555702330196024 0.5879378012096793
    outer loop
      vertex -2.2219792158818303 -2.2219792158818303 1.8732151297357658
      vertex -2.2685611299082047 -2.0187109824276703 2.0187109824276703
      vertex -17.976058301242354 -1.825 -13.505739520663056
    endloop
  endfacet
  facet normal -0.5879378012096798 -0.5555702330196016 0.5879378012096798
    outer loop
      vertex -2.2685611299082047 -2.0187109824276703 2.0187109824276703
      vertex -2.23515939028965 -1.825 2.23515939028965
      vertex -17.976058301242354 -1.825 -13.505739520663056
    endloop
  endfacet
  facet normal -0.6341847973991336 -0.4422886902190013 0.6341847973991337
    outer loop
      vertex -2.384477410899387 -1.3967945281325778 2.384477410899387
      vertex -17.976058301242354 -1.825 -13.505739520663056
      vertex -2.23515939028965 -1.825 2.23515939028965
    endloop
  endfacet
  facet normal -0.6935199226610734 -0.19509032201613044 0.6935199226610734
    outer loop
      vertex -2.6703579260760417 -0.715520249794123 2.3801011587039067
      vertex -18.491732244476257 -0.9446895146242007 -13.505739520663056
      vertex -2.6192993647730263 -0.8027833009945156 2.4066122251152513
    endloop
  endfacet
  facet normal -0.693519922661074 -0.19509032201612694 0.693519922661074
    outer loop
      vertex -2.6703579260760417 -0.715520249794123 2.3801011587039067
      vertex -2.6636980599658355 -0.6449518958373494 2.4066122251152513
      vertex -18.491732244476257 -0.9446895146242007 -13.505739520663056
    endloop
  endfacet
  facet normal -0.6695807158758448 -0.3214394653031617 0.6695807158758447
    outer loop
      vertex -2.5663927904523476 -1.063034700181895 2.3627870469307095
      vertex -2.5512070826860485 -1.0033766955654861 2.4066122251152513
      vertex -18.274694342461828 -1.3967945281325778 -13.505739520663056
    endloop
  endfacet
  facet normal -0.6695807158758446 -0.3214394653031628 0.6695807158758446
    outer loop
      vertex -2.5512070826860485 -1.0033766955654861 2.4066122251152513
      vertex -2.4929963619066005 -0.9446895146242007 2.4929963619066005
      vertex -18.491732244476257 -0.9446895146242007 -13.505739520663056
    endloop
  endfacet
  facet normal -0.6935199226610735 -0.19509032201612939 0.6935199226610735
    outer loop
      vertex -2.6192993647730263 -0.8027833009945156 2.4066122251152513
      vertex -18.491732244476257 -0.9446895146242007 -13.505739520663056
      vertex -2.4929963619066005 -0.9446895146242007 2.4929963619066005
    endloop
  endfacet
  facet normal -0.6935199226610734 -0.19509032201612986 0.6935199226610735
    outer loop
      vertex -2.6636980599658355 -0.6449518958373494 2.4066122251152513
      vertex -2.5588594539724197 -0.4764206016031882 2.5588594539724197
      vertex -18.623458428607897 -0.4764206016031882 -13.505739520663056
    endloop
  endfacet
  facet normal -0.7055928112895232 -0.06540312923014288 0.7055928112895232
    outer loop
      vertex -2.5588594539724197 -0.4764206016031882 2.5588594539724197
      vertex -2.5809397513308987 0 2.5809397513308987
      vertex -18.623458428607897 -0.4764206016031882 -13.505739520663056
    endloop
  endfacet
  facet normal 0.7071067811865475 1.2849494328912424e-18 0.7071067811865476
    outer loop
      vertex -2.384477410899387 -1.3967945281325778 2.384477410899387
      vertex -2.263968419522047 -1.7372040682313397 2.263968419522047
      vertex -2.388557783003201 -1.3790344789918738 2.388557783003201
    endloop
  endfacet
  facet normal 0.7071067811865479 2.4559596853883596e-16 0.7071067811865471
    outer loop
      vertex -2.384477410899387 -1.3967945281325778 2.384477410899387
      vertex -2.388557783003201 -1.3790344789918738 2.388557783003201
      vertex -2.3904260049916912 -1.3720118594143889 2.3904260049916912
    endloop
  endfacet
  facet normal -0.6695807158758454 -0.3214394653031614 0.6695807158758443
    outer loop
      vertex -2.5512070826860485 -1.0033766955654861 2.4066122251152513
      vertex -2.478831995596197 -1.0267658314203092 2.4677591045449656
      vertex -2.4929963619066005 -0.9446895146242007 2.4929963619066005
    endloop
  endfacet
  facet normal 0.7071067811865475 2.1779765348836008e-17 0.7071067811865476
    outer loop
      vertex -2.4735146057934134 -1.0245632964475717 2.4735146057934134
      vertex -2.5288588982187643 -0.6897165036351124 2.5288588982187643
      vertex -2.4929963619066005 -0.9446895146242007 2.4929963619066005
    endloop
  endfacet
  facet normal -0.6695807158758403 -0.32143946530316203 0.6695807158758491
    outer loop
      vertex -2.4625632687419854 -1.071478005192778 2.4625632687419854
      vertex -2.4929963619066005 -0.9446895146242007 2.4929963619066005
      vertex -2.478831995596197 -1.0267658314203092 2.4677591045449656
    endloop
  endfacet
  facet normal 0.7071067811865479 -3.3574729023175587e-16 0.707106781186547
    outer loop
      vertex -2.4625632687419854 -1.071478005192778 2.4625632687419854
      vertex -2.4735146057934134 -1.0245632964475717 2.4735146057934134
      vertex -2.4929963619066005 -0.9446895146242007 2.4929963619066005
    endloop
  endfacet
  facet normal -0.6935199226610742 -0.19509032201613052 0.6935199226610727
    outer loop
      vertex -2.6192993647730263 -0.8027833009945156 2.4066122251152513
      vertex -2.4929963619066005 -0.9446895146242007 2.4929963619066005
      vertex -2.5288588982187643 -0.6897165036351124 2.5288588982187643
    endloop
  endfacet
  facet normal -0.6935199226610737 -0.1950903220161295 0.6935199226610733
    outer loop
      vertex -2.6636980599658355 -0.6449518958373494 2.4066122251152513
      vertex -2.531445406751291 -0.6713271219486953 2.531445406751291
      vertex -2.5588594539724197 -0.4764206016031882 2.5588594539724197
    endloop
  endfacet
  facet normal 0.7071067811865476 1.3229276679217296e-17 0.7071067811865475
    outer loop
      vertex -2.531445406751291 -0.6713271219486953 2.531445406751291
      vertex -2.5643499240027907 -0.33760307218301605 2.5643499240027907
      vertex -2.5588594539724197 -0.4764206016031882 2.5588594539724197
    endloop
  endfacet
  facet normal 0.7071067811865476 2.3833162919469368e-18 0.7071067811865476
    outer loop
      vertex -2.5588594539724197 -0.4764206016031882 2.5588594539724197
      vertex -2.5643499240027907 -0.33760307218301605 2.5643499240027907
      vertex -2.5809397513308987 0 2.5809397513308987
    endloop
  endfacet
  facet normal 0.7071067811865476 2.222770109029318e-18 0.7071067811865475
    outer loop
      vertex -2.5643499240027907 -0.33760307218301605 2.5643499240027907
      vertex -2.5754137612067596 0 2.5754137612067596
      vertex -2.5809397513308987 0 2.5809397513308987
    endloop
  endfacet
  facet normal -0.5879378012096792 -0.5555702330196027 0.5879378012096792
    outer loop
      vertex -2.2219792158818303 -2.2219792158818303 1.8732151297357658
      vertex -2.047597172808798 -2.2219792158818303 2.047597172808798
      vertex -2.10634688026818 -2.180724126302715 2.0278313505215477
    endloop
  endfacet
  facet normal -0.5316310262343734 -0.6593458151000686 0.5316310262343734
    outer loop
      vertex -2.2219792158818303 -2.2219792158818303 1.8732151297357658
      vertex -2.0187109824276703 -2.2685611299082042 2.0187109824276703
      vertex -2.047597172808798 -2.2219792158818303 2.047597172808798
    endloop
  endfacet
  facet normal -0.5879378012096764 -0.5555702330196065 0.5879378012096782
    outer loop
      vertex -2.2219792158818303 -2.2219792158818303 1.8732151297357658
      vertex -2.10634688026818 -2.180724126302715 2.0278313505215477
      vertex -2.159426921194821 -2.159426921194821 1.9948760458852328
    endloop
  endfacet
  facet normal -0.5879378012096794 -0.5555702330196035 0.587937801209678
    outer loop
      vertex -2.10634688026818 -2.180724126302715 2.0278313505215477
      vertex -2.047597172808798 -2.2219792158818303 2.047597172808798
      vertex -2.092198870400218 -2.127578823443263 2.092198870400218
    endloop
  endfacet
  facet normal 0.7071067811865475 -8.052477504872122e-18 0.7071067811865476
    outer loop
      vertex -2.047597172808798 -2.2219792158818303 2.047597172808798
      vertex -2.052895370671408 -2.202074296570563 2.052895370671408
      vertex -2.092198870400218 -2.127578823443263 2.092198870400218
    endloop
  endfacet
  facet normal -0.5879378012096784 -0.5555702330196023 0.5879378012096802
    outer loop
      vertex -2.2685611299082047 -2.0187109824276703 2.0187109824276703
      vertex -2.2020742965705633 -2.052895370671408 2.052895370671408
      vertex -2.23515939028965 -1.825 2.23515939028965
    endloop
  endfacet
  facet normal -0.5879378012096794 -0.5555702330196021 0.5879378012096796
    outer loop
      vertex -2.2020742965705633 -2.052895370671408 2.052895370671408
      vertex -2.119020954908732 -2.0708093406576737 2.119020954908732
      vertex -2.23515939028965 -1.825 2.23515939028965
    endloop
  endfacet
  facet normal 0.7071067811865474 3.528101401573926e-16 0.7071067811865477
    outer loop
      vertex -2.119020954908732 -2.0708093406576737 2.119020954908732
      vertex -2.263968419522047 -1.7372040682313397 2.263968419522047
      vertex -2.23515939028965 -1.825 2.23515939028965
    endloop
  endfacet
  facet normal 0.7071067811865475 -6.226931991950524e-17 0.7071067811865477
    outer loop
      vertex -2.0187109824276703 -2.2685611299082042 2.0187109824276703
      vertex -2.052895370671408 -2.202074296570563 2.052895370671408
      vertex -2.047597172808798 -2.2219792158818303 2.047597172808798
    endloop
  endfacet
  facet normal 0.7071067811865489 1.0084143258875894e-15 0.707106781186546
    outer loop
      vertex -2.384477410899387 -1.3967945281325778 2.384477410899387
      vertex -2.23515939028965 -1.825 2.23515939028965
      vertex -2.263968419522047 -1.7372040682313397 2.263968419522047
    endloop
  endfacet
  facet normal 0.046246996189454354 0.9978589232386034 -0.046246996189454354
    outer loop
      vertex -3.618773744014408 3.618773744014408 -4.292534220195586
      vertex -12.831979044481878 3.618773744014408 -13.505739520663056
      vertex -13.505739520663056 3.65 -13.505739520663056
    endloop
  endfacet
  facet normal 0.13794968964147133 0.9807852804032307 -0.13794968964147133
    outer loop
      vertex -3.525629265955099 3.525629265955099 -4.8616219897683
      vertex -12.169746796849857 3.525629265955099 -13.505739520663056
      vertex -12.831979044481878 3.618773744014408 -13.505739520663056
    endloop
  endfacet
  facet normal -0.22729202565684378 0.9469301294951056 0.2272920256568437
    outer loop
      vertex -3.525629265955099 3.525629265955099 -2.1896365421418986
      vertex -14.841732244476255 3.525629265955099 -13.505739520663056
      vertex -15.481105286196673 3.3721602936661963 -13.505739520663056
    endloop
  endfacet
  facet normal -0.3127453320959708 0.8968727415326891 0.3127453320959707
    outer loop
      vertex -3.3721602936661963 3.3721602936661963 -1.396794528132578
      vertex -15.481105286196673 3.3721602936661963 -13.505739520663056
      vertex -16.086679271993955 3.1609927238132007 -13.505739520663056
    endloop
  endfacet
  facet normal -0.13794968964147217 0.9807852804032302 0.1379496896414722
    outer loop
      vertex -3.618773744014408 3.618773744014408 -2.94501326783323
      vertex -14.179499996844235 3.618773744014408 -13.505739520663056
      vertex -14.841732244476255 3.525629265955099 -13.505739520663056
    endloop
  endfacet
  facet normal -0.046246996189454194 0.9978589232386035 0.046246996189454194
    outer loop
      vertex -3.65 3.65 -3.65
      vertex -13.505739520663056 3.65 -13.505739520663056
      vertex -14.179499996844235 3.618773744014408 -13.505739520663056
    endloop
  endfacet
  facet normal -0.7055928112895233 0.06540312923013965 0.7055928112895233
    outer loop
      vertex -2.5588594539724197 0.4764206016031882 2.5588594539724197
      vertex -18.623458428607897 0.4764206016031882 -13.505739520663056
      vertex -18.667619023324853 0 -13.505739520663056
    endloop
  endfacet
  facet normal -0.6935199226610729 0.19509032201613444 0.6935199226610729
    outer loop
      vertex -2.4929963619066005 0.9446895146242007 2.4929963619066005
      vertex -18.491732244476257 0.9446895146242007 -13.505739520663056
      vertex -18.623458428607897 0.4764206016031882 -13.505739520663056
    endloop
  endfacet
  facet normal -0.6695807158758444 0.3214394653031632 0.6695807158758444
    outer loop
      vertex -2.384477410899387 1.3967945281325778 2.384477410899387
      vertex -18.274694342461828 1.3967945281325778 -13.505739520663056
      vertex -18.491732244476257 0.9446895146242007 -13.505739520663056
    endloop
  endfacet
  facet normal -0.6341847973991334 0.4422886902190021 0.6341847973991334
    outer loop
      vertex -2.384477410899387 1.3967945281325778 2.384477410899387
      vertex -17.976058301242354 1.825 -13.505739520663056
      vertex -18.274694342461828 1.3967945281325778 -13.505739520663056
    endloop
  endfacet
  facet normal -0.5879378012096799 0.5555702330196011 0.5879378012096799
    outer loop
      vertex -2.2219792158818303 2.2219792158818303 1.8732151297357658
      vertex -17.600933866280652 2.2219792158818303 -13.505739520663056
      vertex -17.976058301242354 1.825 -13.505739520663056
    endloop
  endfacet
  facet normal -0.4662278970042286 0.7518398074789794 0.4662278970042285
    outer loop
      vertex -2.895739692063008 2.895739692063008 0.24661345034821225
      vertex -16.648092663074273 2.895739692063008 -13.505739520663056
      vertex -17.155739520663055 2.5809397513308987 -13.505739520663056
    endloop
  endfacet
  facet normal -0.3928474791935522 0.8314696123025442 0.3928474791935522
    outer loop
      vertex -3.1609927238132007 3.1609927238132007 -0.5800529724823024
      vertex -16.086679271993955 3.1609927238132007 -13.505739520663056
      vertex -16.648092663074273 2.895739692063008 -13.505739520663056
    endloop
  endfacet
  facet normal -0.5316310262343724 0.6593458151000703 0.5316310262343723
    outer loop
      vertex -2.5809397513308987 2.5809397513308987 1.069060248669102
      vertex -17.155739520663055 2.5809397513308987 -13.505739520663056
      vertex -17.600933866280652 2.2219792158818303 -13.505739520663056
    endloop
  endfacet
  facet normal 0.3127453320959714 0.8968727415326888 -0.3127453320959714
    outer loop
      vertex -3.1609927238132007 3.1609927238132003 -5.7419324751441
      vertex -10.924799769332157 3.1609927238132007 -13.505739520663056
      vertex -11.530373755129437 3.3721602936661963 -13.505739520663056
    endloop
  endfacet
  facet normal 0.22729202565684314 0.9469301294951059 -0.22729202565684314
    outer loop
      vertex -3.3721602936661963 3.3721602936661963 -5.347526059199815
      vertex -11.530373755129437 3.3721602936661963 -13.505739520663056
      vertex -12.169746796849857 3.525629265955099 -13.505739520663056
    endloop
  endfacet
  facet normal 0.46622789700423084 0.7518398074789766 -0.4662278970042309
    outer loop
      vertex -2.5809397513308987 2.5809397513308987 -6.230939751330899
      vertex -9.855739520663057 2.5809397513308987 -13.505739520663056
      vertex -10.363386378251835 2.895739692063008 -13.505739520663056
    endloop
  endfacet
  facet normal 0.3928474791935508 0.8314696123025455 -0.3928474791935508
    outer loop
      vertex -2.895739692063008 2.895739692063008 -6.038092834474229
      vertex -10.363386378251835 2.895739692063008 -13.505739520663056
      vertex -10.924799769332157 3.1609927238132007 -13.505739520663056
    endloop
  endfacet
  facet normal 0.5316310262343726 0.65934581510007 -0.5316310262343726
    outer loop
      vertex -2.2219792158818303 2.2219792158818303 -6.317173561499427
      vertex -9.41054517504546 2.2219792158818303 -13.505739520663056
      vertex -9.855739520663057 2.5809397513308987 -13.505739520663056
    endloop
  endfacet
  facet normal 0.6695807158758451 0.3214394653031601 -0.6695807158758452
    outer loop
      vertex -0.9446895146242007 0.9446895146242007 -5.930682238437402
      vertex -8.519746796849855 0.9446895146242007 -13.505739520663056
      vertex -8.73678469886428 1.3967945281325778 -13.505739520663056
    endloop
  endfacet
  facet normal 0.5879378012096804 0.5555702330196001 -0.5879378012096805
    outer loop
      vertex -1.825 1.825 -6.295318780579299
      vertex -9.035420740083758 1.825 -13.505739520663056
      vertex -9.41054517504546 2.2219792158818303 -13.505739520663056
    endloop
  endfacet
  facet normal 0.6341847973991321 0.4422886902190054 -0.6341847973991321
    outer loop
      vertex -1.3967945281325778 1.3967945281325778 -6.165749349931351
      vertex -8.73678469886428 1.3967945281325778 -13.505739520663056
      vertex -9.035420740083758 1.825 -13.505739520663056
    endloop
  endfacet
  facet normal 0.6935199226610737 0.19509032201612883 -0.6935199226610737
    outer loop
      vertex -0.4764206016031882 0.4764206016031882 -5.594139509548028
      vertex -8.388020612718217 0.4764206016031882 -13.505739520663056
      vertex -8.519746796849855 0.9446895146242007 -13.505739520663056
    endloop
  endfacet
  facet normal 0.7055928112895232 0.06540312923014044 -0.7055928112895233
    outer loop
      vertex 0 0 -5.161879502661797
      vertex -8.34386001800126 0 -13.505739520663056
      vertex -8.388020612718217 0.4764206016031882 -13.505739520663056
    endloop
  endfacet
  facet normal 0.31274533209597194 0.8968727415326884 -0.31274533209597194
    outer loop
      vertex -3.1609927238132007 3.1609927238132003 -5.7419324751441
      vertex -11.530373755129437 3.3721602936661963 -13.505739520663056
      vertex -3.3721602936661963 3.3721602936661963 -5.347526059199815
    endloop
  endfacet
  facet normal 0.5316310262343734 0.6593458151000685 -0.5316310262343735
    outer loop
      vertex -2.5809397513308987 2.5809397513308987 -6.230939751330899
      vertex -2.2219792158818303 2.2219792158818303 -6.317173561499427
      vertex -9.855739520663057 2.5809397513308987 -13.505739520663056
    endloop
  endfacet
  facet normal 0.4662278970042303 0.7518398074789774 -0.4662278970042303
    outer loop
      vertex -2.895739692063008 2.895739692063008 -6.038092834474229
      vertex -2.5809397513308987 2.5809397513308987 -6.230939751330899
      vertex -10.363386378251835 2.895739692063008 -13.505739520663056
    endloop
  endfacet
  facet normal 0.39284747919355056 0.8314696123025458 -0.39284747919355056
    outer loop
      vertex -3.1609927238132007 3.1609927238132003 -5.7419324751441
      vertex -2.895739692063008 2.895739692063008 -6.038092834474229
      vertex -10.924799769332157 3.1609927238132007 -13.505739520663056
    endloop
  endfacet
  facet normal 0.2272920256568438 0.9469301294951056 -0.22729202565684384
    outer loop
      vertex -3.3721602936661963 3.3721602936661963 -5.347526059199815
      vertex -12.169746796849857 3.525629265955099 -13.505739520663056
      vertex -3.525629265955099 3.525629265955099 -4.8616219897683
    endloop
  endfacet
  facet normal 0.13794968964147153 0.9807852804032304 -0.13794968964147156
    outer loop
      vertex -3.525629265955099 3.525629265955099 -4.8616219897683
      vertex -12.831979044481878 3.618773744014408 -13.505739520663056
      vertex -3.618773744014408 3.618773744014408 -4.292534220195586
    endloop
  endfacet
  facet normal 0.0462469961894543 0.9978589232386034 -0.04624699618945429
    outer loop
      vertex -3.618773744014408 3.618773744014408 -4.292534220195586
      vertex -13.505739520663056 3.65 -13.505739520663056
      vertex -3.65 3.65 -3.65
    endloop
  endfacet
  facet normal -0.04624699618945432 0.9978589232386034 0.046246996189454326
    outer loop
      vertex -3.65 3.65 -3.65
      vertex -14.179499996844235 3.618773744014408 -13.505739520663056
      vertex -3.618773744014408 3.618773744014408 -2.94501326783323
    endloop
  endfacet
  facet normal -0.1379496896414715 0.9807852804032305 0.13794968964147147
    outer loop
      vertex -3.618773744014408 3.618773744014408 -2.94501326783323
      vertex -14.841732244476255 3.525629265955099 -13.505739520663056
      vertex -3.525629265955099 3.525629265955099 -2.1896365421418986
    endloop
  endfacet
  facet normal -0.22729202565684406 0.9469301294951055 0.227292025656844
    outer loop
      vertex -3.525629265955099 3.525629265955099 -2.1896365421418986
      vertex -15.481105286196673 3.3721602936661963 -13.505739520663056
      vertex -3.3721602936661963 3.3721602936661963 -1.396794528132578
    endloop
  endfacet
  facet normal -0.3127453320959718 0.8968727415326886 0.3127453320959717
    outer loop
      vertex -3.3721602936661963 3.3721602936661963 -1.396794528132578
      vertex -16.086679271993955 3.1609927238132007 -13.505739520663056
      vertex -3.1609927238132007 3.1609927238132007 -0.5800529724823024
    endloop
  endfacet
  facet normal 0.58793780120968 0.5555702330196008 -0.58793780120968
    outer loop
      vertex -2.2219792158818303 2.2219792158818303 -6.317173561499427
      vertex -1.825 1.825 -6.295318780579299
      vertex -9.41054517504546 2.2219792158818303 -13.505739520663056
    endloop
  endfacet
  facet normal 0.6341847973991334 0.4422886902190017 -0.6341847973991335
    outer loop
      vertex -1.825 1.825 -6.295318780579299
      vertex -1.3967945281325778 1.3967945281325778 -6.165749349931351
      vertex -9.035420740083758 1.825 -13.505739520663056
    endloop
  endfacet
  facet normal 0.6695807158758444 0.3214394653031632 -0.6695807158758442
    outer loop
      vertex -1.3967945281325778 1.3967945281325778 -6.165749349931351
      vertex -0.9446895146242007 0.9446895146242007 -5.930682238437402
      vertex -8.73678469886428 1.3967945281325778 -13.505739520663056
    endloop
  endfacet
  facet normal 0.6935199226610735 0.19509032201612897 -0.6935199226610737
    outer loop
      vertex -0.9446895146242007 0.9446895146242007 -5.930682238437402
      vertex -0.4764206016031882 0.4764206016031882 -5.594139509548028
      vertex -8.519746796849855 0.9446895146242007 -13.505739520663056
    endloop
  endfacet
  facet normal 0.7055928112895231 0.06540312923014212 -0.7055928112895231
    outer loop
      vertex -0.4764206016031882 0.4764206016031882 -5.594139509548028
      vertex 0 0 -5.161879502661797
      vertex -8.388020612718217 0.4764206016031882 -13.505739520663056
    endloop
  endfacet
  facet normal -0.7055928112895231 0.06540312923014287 0.7055928112895231
    outer loop
      vertex -2.5809397513308987 0 2.5809397513308987
      vertex -2.5588594539724197 0.4764206016031882 2.5588594539724197
      vertex -18.667619023324853 0 -13.505739520663056
    endloop
  endfacet
  facet normal -0.6935199226610735 0.19509032201612983 0.6935199226610735
    outer loop
      vertex -2.6636980599658355 0.6449518958373494 2.4066122251152513
      vertex -18.623458428607897 0.4764206016031882 -13.505739520663056
      vertex -2.5588594539724197 0.4764206016031882 2.5588594539724197
    endloop
  endfacet
  facet normal -0.6935199226610739 0.19509032201612697 0.693519922661074
    outer loop
      vertex -2.6636980599658355 0.6449518958373494 2.4066122251152513
      vertex -2.6703579260760417 0.715520249794123 2.3801011587039067
      vertex -18.623458428607897 0.4764206016031882 -13.505739520663056
    endloop
  endfacet
  facet normal -0.6935199226610733 0.19509032201613039 0.6935199226610733
    outer loop
      vertex -2.6703579260760417 0.715520249794123 2.3801011587039067
      vertex -2.6192993647730263 0.8027833009945156 2.4066122251152513
      vertex -18.623458428607897 0.4764206016031882 -13.505739520663056
    endloop
  endfacet
  facet normal -0.6935199226610735 0.19509032201612939 0.6935199226610735
    outer loop
      vertex -2.6192993647730263 0.8027833009945156 2.4066122251152513
      vertex -2.4929963619066005 0.9446895146242007 2.4929963619066005
      vertex -18.623458428607897 0.4764206016031882 -13.505739520663056
    endloop
  endfacet
  facet normal -0.6695807158758448 0.3214394653031618 0.6695807158758448
    outer loop
      vertex -2.5663927904523476 1.063034700181895 2.3627870469307095
      vertex -18.491732244476257 0.9446895146242007 -13.505739520663056
      vertex -2.5512070826860485 1.0033766955654861 2.4066122251152513
    endloop
  endfacet
  facet normal -0.6695807158758446 0.3214394653031627 0.6695807158758444
    outer loop
      vertex -2.5512070826860485 1.0033766955654861 2.4066122251152513
      vertex -18.491732244476257 0.9446895146242007 -13.505739520663056
      vertex -2.4929963619066005 0.9446895146242007 2.4929963619066005
    endloop
  endfacet
  facet normal -0.6695807158758446 0.32143946530316225 0.6695807158758446
    outer loop
      vertex -2.5663927904523476 1.063034700181895 2.3627870469307095
      vertex -2.3904260049916912 1.3720118594143889 2.3904260049916912
      vertex -18.491732244476257 0.9446895146242007 -13.505739520663056
    endloop
  endfacet
  facet normal -0.6695807158758461 0.321439465303156 0.6695807158758463
    outer loop
      vertex -2.384477410899387 1.3967945281325778 2.384477410899387
      vertex -18.491732244476257 0.9446895146242007 -13.505739520663056
      vertex -2.3904260049916912 1.3720118594143889 2.3904260049916912
    endloop
  endfacet
  facet normal -0.6341847973991337 0.4422886902190013 0.6341847973991337
    outer loop
      vertex -2.384477410899387 1.3967945281325778 2.384477410899387
      vertex -2.23515939028965 1.825 2.23515939028965
      vertex -17.976058301242354 1.825 -13.505739520663056
    endloop
  endfacet
  facet normal -0.5879378012096793 0.5555702330196024 0.5879378012096793
    outer loop
      vertex -2.2219792158818303 2.2219792158818303 1.8732151297357658
      vertex -17.976058301242354 1.825 -13.505739520663056
      vertex -2.2685611299082047 2.0187109824276703 2.0187109824276703
    endloop
  endfacet
  facet normal -0.5879378012096798 0.5555702330196016 0.5879378012096796
    outer loop
      vertex -2.2685611299082047 2.0187109824276703 2.0187109824276703
      vertex -17.976058301242354 1.825 -13.505739520663056
      vertex -2.23515939028965 1.825 2.23515939028965
    endloop
  endfacet
  facet normal -0.3928474791935508 0.8314696123025455 0.39284747919355073
    outer loop
      vertex -3.1609927238132007 3.1609927238132007 -0.5800529724823024
      vertex -16.648092663074273 2.895739692063008 -13.505739520663056
      vertex -2.895739692063008 2.895739692063008 0.24661345034821225
    endloop
  endfacet
  facet normal -0.4662278970042298 0.7518398074789779 0.46622789700422973
    outer loop
      vertex -2.895739692063008 2.895739692063008 0.24661345034821225
      vertex -17.155739520663055 2.5809397513308987 -13.505739520663056
      vertex -2.5809397513308987 2.5809397513308987 1.069060248669102
    endloop
  endfacet
  facet normal -0.5316310262343739 0.6593458151000677 0.5316310262343739
    outer loop
      vertex -2.5809397513308987 2.5809397513308987 1.069060248669102
      vertex -17.600933866280652 2.2219792158818303 -13.505739520663056
      vertex -2.2219792158818303 2.2219792158818303 1.8732151297357658
    endloop
  endfacet
  facet normal 0.7071067811865479 -5.996080520308096e-19 0.7071067811865472
    outer loop
      vertex -2.5809397513308987 0 2.5809397513308987
      vertex -2.5643499240027907 0.33760307218301605 2.5643499240027907
      vertex -2.5588594539724197 0.4764206016031882 2.5588594539724197
    endloop
  endfacet
  facet normal 0.7071067811865475 1.842725511628956e-18 0.7071067811865476
    outer loop
      vertex -2.5643499240027907 0.33760307218301605 2.5643499240027907
      vertex -2.531445406751291 0.6713271219486953 2.531445406751291
      vertex -2.5588594539724197 0.4764206016031882 2.5588594539724197
    endloop
  endfacet
  facet normal -0.6935199226610738 0.19509032201612952 0.6935199226610733
    outer loop
      vertex -2.6636980599658355 0.6449518958373494 2.4066122251152513
      vertex -2.5588594539724197 0.4764206016031882 2.5588594539724197
      vertex -2.531445406751291 0.6713271219486953 2.531445406751291
    endloop
  endfacet
  facet normal -0.6935199226610742 0.19509032201613052 0.6935199226610727
    outer loop
      vertex -2.6192993647730263 0.8027833009945156 2.4066122251152513
      vertex -2.5288588982187643 0.6897165036351124 2.5288588982187643
      vertex -2.4929963619066005 0.9446895146242007 2.4929963619066005
    endloop
  endfacet
  facet normal 0.7071067811865476 2.1779765348836008e-17 0.7071067811865475
    outer loop
      vertex -2.4735146057934134 1.0245632964475717 2.4735146057934134
      vertex -2.4929963619066005 0.9446895146242007 2.4929963619066005
      vertex -2.5288588982187643 0.6897165036351124 2.5288588982187643
    endloop
  endfacet
  facet normal -0.6695807158758453 0.3214394653031614 0.6695807158758442
    outer loop
      vertex -2.5512070826860485 1.0033766955654861 2.4066122251152513
      vertex -2.4929963619066005 0.9446895146242007 2.4929963619066005
      vertex -2.478831995596197 1.0267658314203092 2.4677591045449656
    endloop
  endfacet
  facet normal -0.6695807158758401 0.32143946530316203 0.6695807158758491
    outer loop
      vertex -2.478831995596197 1.0267658314203092 2.4677591045449656
      vertex -2.4929963619066005 0.9446895146242007 2.4929963619066005
      vertex -2.4625632687419854 1.071478005192778 2.4625632687419854
    endloop
  endfacet
  facet normal 0.7071067811865475 3.208574702010023e-17 0.7071067811865477
    outer loop
      vertex -2.4735146057934134 1.0245632964475717 2.4735146057934134
      vertex -2.4625632687419854 1.071478005192778 2.4625632687419854
      vertex -2.4929963619066005 0.9446895146242007 2.4929963619066005
    endloop
  endfacet
  facet normal 0.7071067811865471 2.4559596853883596e-16 0.7071067811865479
    outer loop
      vertex -2.384477410899387 1.3967945281325778 2.384477410899387
      vertex -2.3904260049916912 1.3720118594143889 2.3904260049916912
      vertex -2.388557783003201 1.3790344789918738 2.388557783003201
    endloop
  endfacet
  facet normal 0.7071067811865476 1.2849494328912424e-18 0.7071067811865475
    outer loop
      vertex -2.384477410899387 1.3967945281325778 2.384477410899387
      vertex -2.388557783003201 1.3790344789918738 2.388557783003201
      vertex -2.263968419522047 1.7372040682313397 2.263968419522047
    endloop
  endfacet
  facet normal 0.7071067811865476 -2.326649773334172e-18 0.7071067811865476
    outer loop
      vertex -2.5809397513308987 0 2.5809397513308987
      vertex -2.5754137612067596 0 2.5754137612067596
      vertex -2.5643499240027907 0.33760307218301605 2.5643499240027907
    endloop
  endfacet
  facet normal -0.5879378012096764 0.5555702330196065 0.5879378012096782
    outer loop
      vertex -2.2219792158818303 2.2219792158818303 1.8732151297357658
      vertex -2.159426921194821 2.159426921194821 1.9948760458852328
      vertex -2.10634688026818 2.180724126302715 2.0278313505215477
    endloop
  endfacet
  facet normal -0.5879378012096791 0.5555702330196027 0.5879378012096791
    outer loop
      vertex -2.2219792158818303 2.2219792158818303 1.8732151297357658
      vertex -2.10634688026818 2.180724126302715 2.0278313505215477
      vertex -2.047597172808798 2.2219792158818303 2.047597172808798
    endloop
  endfacet
  facet normal -0.5316310262343733 0.6593458151000688 0.5316310262343733
    outer loop
      vertex -2.2219792158818303 2.2219792158818303 1.8732151297357658
      vertex -2.047597172808798 2.2219792158818303 2.047597172808798
      vertex -2.0187109824276703 2.2685611299082042 2.0187109824276703
    endloop
  endfacet
  facet normal 0.707106781186546 1.0084143258875894e-15 0.7071067811865489
    outer loop
      vertex -2.384477410899387 1.3967945281325778 2.384477410899387
      vertex -2.263968419522047 1.7372040682313397 2.263968419522047
      vertex -2.23515939028965 1.825 2.23515939028965
    endloop
  endfacet
  facet normal -0.5879378012096784 0.5555702330196023 0.5879378012096802
    outer loop
      vertex -2.2685611299082047 2.0187109824276703 2.0187109824276703
      vertex -2.23515939028965 1.825 2.23515939028965
      vertex -2.2020742965705633 2.052895370671408 2.052895370671408
    endloop
  endfacet
  facet normal -0.5879378012096794 0.5555702330196021 0.5879378012096796
    outer loop
      vertex -2.2020742965705633 2.052895370671408 2.052895370671408
      vertex -2.23515939028965 1.825 2.23515939028965
      vertex -2.119020954908732 2.0708093406576737 2.119020954908732
    endloop
  endfacet
  facet normal 0.7071067811865475 -2.6363296545053484e-18 0.7071067811865476
    outer loop
      vertex -2.263968419522047 1.7372040682313397 2.263968419522047
      vertex -2.119020954908732 2.0708093406576737 2.119020954908732
      vertex -2.23515939028965 1.825 2.23515939028965
    endloop
  endfacet
  facet normal -0.5879378012096794 0.5555702330196036 0.5879378012096781
    outer loop
      vertex -2.10634688026818 2.180724126302715 2.0278313505215477
      vertex -2.092198870400218 2.127578823443263 2.092198870400218
      vertex -2.047597172808798 2.2219792158818303 2.047597172808798
    endloop
  endfacet
  facet normal 0.7071067811865476 -8.052477504872122e-18 0.7071067811865475
    outer loop
      vertex -2.047597172808798 2.2219792158818303 2.047597172808798
      vertex -2.092198870400218 2.127578823443263 2.092198870400218
      vertex -2.052895370671408 2.202074296570563 2.052895370671408
    endloop
  endfacet
  facet normal 0.7071067811865476 1.8866701821322448e-17 0.7071067811865476
    outer loop
      vertex -2.047597172808798 2.2219792158818303 2.047597172808798
      vertex -2.052895370671408 2.202074296570563 2.052895370671408
      vertex -2.0187109824276703 2.2685611299082042 2.0187109824276703
    endloop
  endfacet
  facet normal -0.9978589232386034 0.04624699618945416 -0.04624699618945415
    outer loop
      vertex -3.618773744014408 -3.618773744014408 -4.292534220195586
      vertex -3.618773744014408 -12.831979044481876 -13.505739520663056
      vertex -3.65 -13.505739520663056 -13.505739520663056
    endloop
  endfacet
  facet normal -0.9807852804032303 0.13794968964147206 -0.13794968964147206
    outer loop
      vertex -3.525629265955099 -3.525629265955099 -4.8616219897683
      vertex -3.525629265955099 -12.169746796849857 -13.505739520663056
      vertex -3.618773744014408 -12.831979044481876 -13.505739520663056
    endloop
  endfacet
  facet normal -0.9807852804032303 -0.13794968964147208 0.1379496896414721
    outer loop
      vertex -3.618773744014408 -3.618773744014408 -2.94501326783323
      vertex -3.618773744014408 -14.179499996844235 -13.505739520663056
      vertex -3.525629265955099 -14.841732244476255 -13.505739520663056
    endloop
  endfacet
  facet normal -0.9978589232386034 -0.04624699618945422 0.04624699618945422
    outer loop
      vertex -3.65 -3.65 -3.65
      vertex -3.65 -13.505739520663056 -13.505739520663056
      vertex -3.618773744014408 -14.179499996844235 -13.505739520663056
    endloop
  endfacet
  facet normal -0.9469301294951061 -0.22729202565684256 0.22729202565684245
    outer loop
      vertex -3.525629265955099 -3.525629265955099 -2.1896365421418986
      vertex -3.525629265955099 -14.841732244476255 -13.505739520663056
      vertex -3.3721602936661963 -15.481105286196675 -13.505739520663056
    endloop
  endfacet
  facet normal -0.8968727415326888 -0.3127453320959714 0.31274533209597144
    outer loop
      vertex -3.372160293666196 -3.3721602936661963 -1.396794528132577
      vertex -3.3721602936661963 -15.481105286196675 -13.505739520663056
      vertex -3.1609927238132007 -16.086679271993955 -13.505739520663056
    endloop
  endfacet
  facet normal -0.8314696123025459 -0.39284747919355045 0.3928474791935504
    outer loop
      vertex -3.1609927238132007 -3.1609927238132007 -0.5800529724823018
      vertex -3.1609927238132007 -16.086679271993955 -13.505739520663056
      vertex -2.895739692063008 -16.648092663074276 -13.505739520663056
    endloop
  endfacet
  facet normal -0.7518398074789765 -0.4662278970042309 0.4662278970042309
    outer loop
      vertex -2.895739692063008 -2.895739692063008 0.24661345034821225
      vertex -2.895739692063008 -16.648092663074276 -13.505739520663056
      vertex -2.5809397513308987 -17.155739520663055 -13.505739520663056
    endloop
  endfacet
  facet normal -0.6593458151000694 -0.5316310262343731 0.531631026234373
    outer loop
      vertex -2.5809397513308987 -2.5809397513308987 1.069060248669102
      vertex -2.5809397513308987 -17.155739520663055 -13.505739520663056
      vertex -2.2219792158818303 -17.600933866280652 -13.505739520663056
    endloop
  endfacet
  facet normal -0.4422886902190023 -0.6341847973991332 0.6341847973991332
    outer loop
      vertex -1.3967945281325778 -2.384477410899387 2.384477410899387
      vertex -1.825 -17.976058301242354 -13.505739520663056
      vertex -1.3967945281325778 -18.274694342461828 -13.505739520663056
    endloop
  endfacet
  facet normal -0.3214394653031635 -0.6695807158758443 0.6695807158758443
    outer loop
      vertex -1.3967945281325778 -2.384477410899387 2.384477410899387
      vertex -1.3967945281325778 -18.274694342461828 -13.505739520663056
      vertex -0.9446895146242007 -18.491732244476257 -13.505739520663056
    endloop
  endfacet
  facet normal -0.5555702330196002 -0.5879378012096803 0.5879378012096803
    outer loop
      vertex -2.2219792158818303 -2.2219792158818303 1.8732151297357658
      vertex -2.2219792158818303 -17.600933866280652 -13.505739520663056
      vertex -1.825 -17.976058301242354 -13.505739520663056
    endloop
  endfacet
  facet normal -0.19509032201613505 -0.6935199226610728 0.6935199226610728
    outer loop
      vertex -0.9446895146242007 -2.4929963619066005 2.4929963619066005
      vertex -0.9446895146242007 -18.491732244476257 -13.505739520663056
      vertex -0.4764206016031882 -18.623458428607897 -13.505739520663056
    endloop
  endfacet
  facet normal -0.06540312923013998 -0.7055928112895233 0.7055928112895233
    outer loop
      vertex -0.4764206016031882 -2.5588594539724197 2.5588594539724197
      vertex -0.4764206016031882 -18.623458428607897 -13.505739520663056
      vertex 0 -18.667619023324853 -13.505739520663056
    endloop
  endfacet
  facet normal -0.9469301294951056 0.2272920256568437 -0.22729202565684373
    outer loop
      vertex -3.3721602936661963 -3.3721602936661963 -5.347526059199815
      vertex -3.3721602936661963 -11.530373755129439 -13.505739520663056
      vertex -3.525629265955099 -12.169746796849857 -13.505739520663056
    endloop
  endfacet
  facet normal -0.8968727415326891 0.31274533209597066 -0.3127453320959707
    outer loop
      vertex -3.3721602936661963 -3.3721602936661963 -5.347526059199815
      vertex -3.160992723813201 -10.924799769332157 -13.505739520663056
      vertex -3.3721602936661963 -11.530373755129439 -13.505739520663056
    endloop
  endfacet
  facet normal -0.8314696123025451 0.39284747919355134 -0.39284747919355134
    outer loop
      vertex -2.895739692063008 -2.895739692063008 -6.038092834474229
      vertex -2.895739692063008 -10.363386378251835 -13.505739520663056
      vertex -3.160992723813201 -10.924799769332157 -13.505739520663056
    endloop
  endfacet
  facet normal -0.7518398074789777 0.46622789700422995 -0.46622789700422995
    outer loop
      vertex -2.895739692063008 -2.895739692063008 -6.038092834474229
      vertex -2.5809397513308987 -9.855739520663056 -13.505739520663056
      vertex -2.895739692063008 -10.363386378251835 -13.505739520663056
    endloop
  endfacet
  facet normal -0.6593458151000677 0.531631026234374 -0.531631026234374
    outer loop
      vertex -2.5809397513308987 -2.5809397513308987 -6.230939751330899
      vertex -2.2219792158818303 -9.41054517504546 -13.505739520663056
      vertex -2.5809397513308987 -9.855739520663056 -13.505739520663056
    endloop
  endfacet
  facet normal -0.5555702330196002 0.5879378012096802 -0.5879378012096804
    outer loop
      vertex -1.825 -1.8250000000000004 -6.2953187805793
      vertex -1.825 -9.035420740083758 -13.505739520663056
      vertex -2.2219792158818303 -9.41054517504546 -13.505739520663056
    endloop
  endfacet
  facet normal -0.44228869021900125 0.6341847973991335 -0.6341847973991337
    outer loop
      vertex -1.825 -1.8250000000000004 -6.2953187805793
      vertex -1.3967945281325778 -8.736784698864284 -13.505739520663056
      vertex -1.825 -9.035420740083758 -13.505739520663056
    endloop
  endfacet
  facet normal -0.32143946530316736 0.6695807158758433 -0.6695807158758434
    outer loop
      vertex -1.3967945281325778 -1.3967945281325778 -6.165749349931351
      vertex -0.944689514624201 -8.519746796849853 -13.505739520663056
      vertex -1.3967945281325778 -8.736784698864284 -13.505739520663056
    endloop
  endfacet
  facet normal -0.19509032201612736 0.6935199226610739 -0.6935199226610739
    outer loop
      vertex -0.9446895146242013 -0.9446895146242007 -5.930682238437402
      vertex -0.4764206016031882 -8.388020612718217 -13.505739520663056
      vertex -0.944689514624201 -8.519746796849853 -13.505739520663056
    endloop
  endfacet
  facet normal -0.06540312923014344 0.7055928112895231 -0.7055928112895231
    outer loop
      vertex -0.4764206016031882 -0.4764206016031882 -5.594139509548027
      vertex 0 -8.343860018001259 -13.505739520663056
      vertex -0.4764206016031882 -8.388020612718217 -13.505739520663056
    endloop
  endfacet
  facet normal -0.6593458151000684 0.5316310262343735 -0.5316310262343735
    outer loop
      vertex -2.5809397513308987 -2.5809397513308987 -6.230939751330899
      vertex -2.2219792158818303 -2.2219792158818303 -6.317173561499427
      vertex -2.2219792158818303 -9.41054517504546 -13.505739520663056
    endloop
  endfacet
  facet normal -0.8314696123025452 0.392847479193551 -0.392847479193551
    outer loop
      vertex -3.160992723813201 -3.1609927238132007 -5.741932475144099
      vertex -2.895739692063008 -2.895739692063008 -6.038092834474229
      vertex -3.160992723813201 -10.924799769332157 -13.505739520663056
    endloop
  endfacet
  facet normal -0.8968727415326888 0.3127453320959713 -0.3127453320959713
    outer loop
      vertex -3.160992723813201 -3.1609927238132007 -5.741932475144099
      vertex -3.160992723813201 -10.924799769332157 -13.505739520663056
      vertex -3.3721602936661963 -3.3721602936661963 -5.347526059199815
    endloop
  endfacet
  facet normal -0.7518398074789773 0.46622789700423034 -0.46622789700423023
    outer loop
      vertex -2.895739692063008 -2.895739692063008 -6.038092834474229
      vertex -2.5809397513308987 -2.5809397513308987 -6.230939751330899
      vertex -2.5809397513308987 -9.855739520663056 -13.505739520663056
    endloop
  endfacet
  facet normal -0.9807852804032304 0.13794968964147158 -0.13794968964147153
    outer loop
      vertex -3.525629265955099 -3.525629265955099 -4.8616219897683
      vertex -3.618773744014408 -12.831979044481876 -13.505739520663056
      vertex -3.618773744014408 -3.618773744014408 -4.292534220195586
    endloop
  endfacet
  facet normal -0.9978589232386034 0.04624699618945429 -0.04624699618945429
    outer loop
      vertex -3.618773744014408 -3.618773744014408 -4.292534220195586
      vertex -3.65 -13.505739520663056 -13.505739520663056
      vertex -3.65 -3.65 -3.65
    endloop
  endfacet
  facet normal -0.9469301294951056 0.2272920256568438 -0.22729202565684384
    outer loop
      vertex -3.3721602936661963 -3.3721602936661963 -5.347526059199815
      vertex -3.525629265955099 -12.169746796849857 -13.505739520663056
      vertex -3.525629265955099 -3.525629265955099 -4.8616219897683
    endloop
  endfacet
  facet normal -0.9978589232386034 -0.04624699618945432 0.04624699618945433
    outer loop
      vertex -3.65 -3.65 -3.65
      vertex -3.618773744014408 -14.179499996844235 -13.505739520663056
      vertex -3.618773744014408 -3.618773744014408 -2.94501326783323
    endloop
  endfacet
  facet normal -0.9807852804032305 -0.1379496896414715 0.13794968964147147
    outer loop
      vertex -3.618773744014408 -3.618773744014408 -2.94501326783323
      vertex -3.525629265955099 -14.841732244476255 -13.505739520663056
      vertex -3.525629265955099 -3.525629265955099 -2.1896365421418986
    endloop
  endfacet
  facet normal -0.9469301294951054 -0.22729202565684425 0.22729202565684428
    outer loop
      vertex -3.525629265955099 -3.525629265955099 -2.1896365421418986
      vertex -3.3721602936661963 -15.481105286196675 -13.505739520663056
      vertex -3.372160293666196 -3.3721602936661963 -1.396794528132577
    endloop
  endfacet
  facet normal -0.8968727415326888 -0.31274533209597133 0.3127453320959714
    outer loop
      vertex -3.372160293666196 -3.3721602936661963 -1.396794528132577
      vertex -3.1609927238132007 -16.086679271993955 -13.505739520663056
      vertex -3.1609927238132007 -3.1609927238132007 -0.5800529724823018
    endloop
  endfacet
  facet normal -0.5555702330196013 0.5879378012096798 -0.5879378012096798
    outer loop
      vertex -2.2219792158818303 -2.2219792158818303 -6.317173561499427
      vertex -1.825 -1.8250000000000004 -6.2953187805793
      vertex -2.2219792158818303 -9.41054517504546 -13.505739520663056
    endloop
  endfacet
  facet normal -0.4422886902190012 0.6341847973991337 -0.6341847973991337
    outer loop
      vertex -1.825 -1.8250000000000004 -6.2953187805793
      vertex -1.3967945281325778 -1.3967945281325778 -6.165749349931351
      vertex -1.3967945281325778 -8.736784698864284 -13.505739520663056
    endloop
  endfacet
  facet normal -0.32143946530316353 0.6695807158758443 -0.6695807158758443
    outer loop
      vertex -1.3967945281325778 -1.3967945281325778 -6.165749349931351
      vertex -0.9446895146242013 -0.9446895146242007 -5.930682238437402
      vertex -0.944689514624201 -8.519746796849853 -13.505739520663056
    endloop
  endfacet
  facet normal -0.19509032201612755 0.6935199226610738 -0.6935199226610739
    outer loop
      vertex -0.9446895146242013 -0.9446895146242007 -5.930682238437402
      vertex -0.4764206016031882 -0.4764206016031882 -5.594139509548027
      vertex -0.4764206016031882 -8.388020612718217 -13.505739520663056
    endloop
  endfacet
  facet normal -0.06540312923014349 0.7055928112895231 -0.7055928112895232
    outer loop
      vertex -0.4764206016031882 -0.4764206016031882 -5.594139509548027
      vertex 0 0 -5.161879502661797
      vertex 0 -8.343860018001259 -13.505739520663056
    endloop
  endfacet
  facet normal -0.8314696123025453 -0.392847479193551 0.39284747919355095
    outer loop
      vertex -3.1609927238132007 -3.1609927238132007 -0.5800529724823018
      vertex -2.895739692063008 -16.648092663074276 -13.505739520663056
      vertex -2.895739692063008 -2.895739692063008 0.24661345034821225
    endloop
  endfacet
  facet normal -0.7518398074789779 -0.4662278970042298 0.46622789700422973
    outer loop
      vertex -2.895739692063008 -2.895739692063008 0.24661345034821225
      vertex -2.5809397513308987 -17.155739520663055 -13.505739520663056
      vertex -2.5809397513308987 -2.5809397513308987 1.069060248669102
    endloop
  endfacet
  facet normal -0.6593458151000677 -0.5316310262343739 0.5316310262343739
    outer loop
      vertex -2.5809397513308987 -2.5809397513308987 1.069060248669102
      vertex -2.2219792158818303 -17.600933866280652 -13.505739520663056
      vertex -2.2219792158818303 -2.2219792158818303 1.8732151297357658
    endloop
  endfacet
  facet normal -0.5555702330196015 -0.5879378012096796 0.5879378012096795
    outer loop
      vertex -2.2219792158818303 -2.2219792158818303 1.8732151297357658
      vertex -1.825 -17.976058301242354 -13.505739520663056
      vertex -2.0187109824276703 -2.2685611299082042 2.0187109824276703
    endloop
  endfacet
  facet normal -0.5555702330196025 -0.5879378012096792 0.5879378012096792
    outer loop
      vertex -2.0187109824276703 -2.2685611299082042 2.0187109824276703
      vertex -1.825 -17.976058301242354 -13.505739520663056
      vertex -1.825 -2.23515939028965 2.23515939028965
    endloop
  endfacet
  facet normal -0.32143946530316203 -0.6695807158758448 0.6695807158758448
    outer loop
      vertex -1.3967945281325778 -2.384477410899387 2.384477410899387
      vertex -0.9446895146242007 -18.491732244476257 -13.505739520663056
      vertex -1.372011859414393 -2.3904260049916903 2.3904260049916903
    endloop
  endfacet
  facet normal -0.4422886902190013 -0.6341847973991337 0.6341847973991337
    outer loop
      vertex -1.825 -2.23515939028965 2.23515939028965
      vertex -1.825 -17.976058301242354 -13.505739520663056
      vertex -1.3967945281325778 -2.384477410899387 2.384477410899387
    endloop
  endfacet
  facet normal -0.32143946530316203 -0.6695807158758448 0.6695807158758447
    outer loop
      vertex -1.372011859414393 -2.3904260049916903 2.3904260049916903
      vertex -0.9446895146242007 -18.491732244476257 -13.505739520663056
      vertex -1.0630347001818952 -2.566392790452348 2.362787046930709
    endloop
  endfacet
  facet normal -0.32143946530316075 -0.669580715875845 0.6695807158758451
    outer loop
      vertex -1.0630347001818952 -2.566392790452348 2.362787046930709
      vertex -0.9446895146242007 -18.491732244476257 -13.505739520663056
      vertex -1.0033766955654861 -2.5512070826860485 2.4066122251152513
    endloop
  endfacet
  facet normal -0.3214394653031628 -0.6695807158758446 0.6695807158758446
    outer loop
      vertex -1.0033766955654861 -2.5512070826860485 2.4066122251152513
      vertex -0.9446895146242007 -18.491732244476257 -13.505739520663056
      vertex -0.9446895146242007 -2.4929963619066005 2.4929963619066005
    endloop
  endfacet
  facet normal -0.19509032201612955 -0.6935199226610735 0.6935199226610735
    outer loop
      vertex -0.802783300994511 -2.6192993647730276 2.4066122251152513
      vertex -0.9446895146242007 -2.4929963619066005 2.4929963619066005
      vertex -0.4764206016031882 -18.623458428607897 -13.505739520663056
    endloop
  endfacet
  facet normal -0.1950903220161325 -0.6935199226610732 0.6935199226610732
    outer loop
      vertex -0.7155202497941225 -2.6703579260760404 2.3801011587039085
      vertex -0.802783300994511 -2.6192993647730276 2.4066122251152513
      vertex -0.4764206016031882 -18.623458428607897 -13.505739520663056
    endloop
  endfacet
  facet normal -0.1950903220161259 -0.693519922661074 0.6935199226610741
    outer loop
      vertex -0.7155202497941225 -2.6703579260760404 2.3801011587039085
      vertex -0.4764206016031882 -18.623458428607897 -13.505739520663056
      vertex -0.6449518958373532 -2.6636980599658346 2.4066122251152513
    endloop
  endfacet
  facet normal -0.195090322016129 -0.6935199226610737 0.6935199226610737
    outer loop
      vertex -0.6449518958373532 -2.6636980599658346 2.4066122251152513
      vertex -0.4764206016031882 -18.623458428607897 -13.505739520663056
      vertex -0.4764206016031882 -2.5588594539724197 2.5588594539724197
    endloop
  endfacet
  facet normal -0.06540312923014287 -0.7055928112895231 0.7055928112895231
    outer loop
      vertex -0.4764206016031882 -2.5588594539724197 2.5588594539724197
      vertex 0 -18.667619023324853 -13.505739520663056
      vertex 0 -2.5809397513308987 2.5809397513308987
    endloop
  endfacet
  facet normal 3.612205282204157e-16 0.707106781186546 0.707106781186549
    outer loop
      vertex -1.7372040682313397 -2.263968419522047 2.263968419522047
      vertex -1.3967945281325778 -2.384477410899387 2.384477410899387
      vertex -1.379034478991874 -2.388557783003201 2.388557783003201
    endloop
  endfacet
  facet normal 5.7667001755384e-17 0.7071067811865472 0.7071067811865479
    outer loop
      vertex -1.3967945281325778 -2.384477410899387 2.384477410899387
      vertex -1.372011859414393 -2.3904260049916903 2.3904260049916903
      vertex -1.379034478991874 -2.388557783003201 2.388557783003201
    endloop
  endfacet
  facet normal -0.3214394653031626 -0.6695807158758447 0.6695807158758446
    outer loop
      vertex -1.0033766955654861 -2.5512070826860485 2.4066122251152513
      vertex -0.9446895146242007 -2.4929963619066005 2.4929963619066005
      vertex -1.0267658314203107 -2.4788319955962006 2.467759104544961
    endloop
  endfacet
  facet normal 1.8788752589782548e-17 0.7071067811865475 0.7071067811865476
    outer loop
      vertex -1.0245632964475715 -2.473514605793413 2.473514605793413
      vertex -0.9446895146242007 -2.4929963619066005 2.4929963619066005
      vertex -0.6897165036351043 -2.528858898218765 2.528858898218765
    endloop
  endfacet
  facet normal -0.32143946530316364 -0.6695807158758346 0.669580715875854
    outer loop
      vertex -1.0714780051928068 -2.4625632687419783 2.4625632687419783
      vertex -1.0267658314203107 -2.4788319955962006 2.467759104544961
      vertex -0.9446895146242007 -2.4929963619066005 2.4929963619066005
    endloop
  endfacet
  facet normal -3.671290127912513e-16 0.7071067811865469 0.707106781186548
    outer loop
      vertex -1.0714780051928068 -2.4625632687419783 2.4625632687419783
      vertex -0.9446895146242007 -2.4929963619066005 2.4929963619066005
      vertex -1.0245632964475715 -2.473514605793413 2.473514605793413
    endloop
  endfacet
  facet normal -0.19509032201612922 -0.6935199226610733 0.6935199226610739
    outer loop
      vertex -0.802783300994511 -2.6192993647730276 2.4066122251152513
      vertex -0.6897165036351043 -2.528858898218765 2.528858898218765
      vertex -0.9446895146242007 -2.4929963619066005 2.4929963619066005
    endloop
  endfacet
  facet normal -0.1950903220161278 -0.6935199226610745 0.693519922661073
    outer loop
      vertex -0.6449518958373532 -2.6636980599658346 2.4066122251152513
      vertex -0.4764206016031882 -2.5588594539724197 2.5588594539724197
      vertex -0.6713271219487001 -2.5314454067512906 2.5314454067512906
    endloop
  endfacet
  facet normal 1.1412027433270845e-17 0.7071067811865476 0.7071067811865476
    outer loop
      vertex -0.6713271219487001 -2.5314454067512906 2.5314454067512906
      vertex -0.4764206016031882 -2.5588594539724197 2.5588594539724197
      vertex -0.3376030721830161 -2.5643499240027907 2.5643499240027907
    endloop
  endfacet
  facet normal 2.383316291946942e-18 0.7071067811865472 0.7071067811865478
    outer loop
      vertex -0.4764206016031882 -2.5588594539724197 2.5588594539724197
      vertex 0 -2.5809397513308987 2.5809397513308987
      vertex -0.3376030721830161 -2.5643499240027907 2.5643499240027907
    endloop
  endfacet
  facet normal 2.222770109029318e-18 0.7071067811865476 0.7071067811865476
    outer loop
      vertex -0.3376030721830161 -2.5643499240027907 2.5643499240027907
      vertex 0 -2.5809397513308987 2.5809397513308987
      vertex 0 -2.5754137612067596 2.5754137612067596
    endloop
  endfacet
  facet normal -0.5555702330196027 -0.5879378012096792 0.5879378012096792
    outer loop
      vertex -2.2219792158818303 -2.2219792158818303 1.8732151297357658
      vertex -2.180724126302715 -2.10634688026818 2.0278313505215477
      vertex -2.2219792158818303 -2.047597172808798 2.047597172808798
    endloop
  endfacet
  facet normal -0.6593458151000651 -0.5316310262343756 0.5316310262343756
    outer loop
      vertex -2.2219792158818303 -2.2219792158818303 1.8732151297357658
      vertex -2.2219792158818303 -2.047597172808798 2.047597172808798
      vertex -2.2685611299082047 -2.0187109824276703 2.0187109824276703
    endloop
  endfacet
  facet normal -0.5555702330196065 -0.5879378012096764 0.5879378012096782
    outer loop
      vertex -2.2219792158818303 -2.2219792158818303 1.8732151297357658
      vertex -2.159426921194821 -2.159426921194821 1.9948760458852328
      vertex -2.180724126302715 -2.10634688026818 2.0278313505215477
    endloop
  endfacet
  facet normal -0.5555702330196154 -0.5879378012096788 0.5879378012096674
    outer loop
      vertex -2.0187109824276703 -2.2685611299082042 2.0187109824276703
      vertex -2.070809340657674 -2.119020954908732 2.119020954908732
      vertex -2.052895370671408 -2.202074296570563 2.052895370671408
    endloop
  endfacet
  facet normal -0.555570233019602 -0.587937801209679 0.58793780120968
    outer loop
      vertex -2.180724126302715 -2.10634688026818 2.0278313505215477
      vertex -2.1275788234432618 -2.0921988704002183 2.0921988704002183
      vertex -2.2219792158818303 -2.047597172808798 2.047597172808798
    endloop
  endfacet
  facet normal 1.5556048514929815e-18 0.7071067811865475 0.7071067811865475
    outer loop
      vertex -2.2219792158818303 -2.047597172808798 2.047597172808798
      vertex -2.1275788234432618 -2.0921988704002183 2.0921988704002183
      vertex -2.2020742965705633 -2.052895370671408 2.052895370671408
    endloop
  endfacet
  facet normal -6.226931991950812e-17 0.7071067811865475 0.7071067811865477
    outer loop
      vertex -2.2685611299082047 -2.0187109824276703 2.0187109824276703
      vertex -2.2219792158818303 -2.047597172808798 2.047597172808798
      vertex -2.2020742965705633 -2.052895370671408 2.052895370671408
    endloop
  endfacet
  facet normal -0.5555702330196013 -0.5879378012096812 0.5879378012096784
    outer loop
      vertex -2.0187109824276703 -2.2685611299082042 2.0187109824276703
      vertex -1.825 -2.23515939028965 2.23515939028965
      vertex -2.070809340657674 -2.119020954908732 2.119020954908732
    endloop
  endfacet
  facet normal 3.5281014015739455e-16 0.7071067811865472 0.707106781186548
    outer loop
      vertex -2.070809340657674 -2.119020954908732 2.119020954908732
      vertex -1.825 -2.23515939028965 2.23515939028965
      vertex -1.7372040682313397 -2.263968419522047 2.263968419522047
    endloop
  endfacet
  facet normal -2.990653134356742e-16 0.7071067811865472 0.7071067811865478
    outer loop
      vertex -1.825 -2.23515939028965 2.23515939028965
      vertex -1.3967945281325778 -2.384477410899387 2.384477410899387
      vertex -1.7372040682313397 -2.263968419522047 2.263968419522047
    endloop
  endfacet
  facet normal 0.9807852804032303 0.13794968964147197 -0.13794968964147192
    outer loop
      vertex 3.618773744014408 -3.618773744014408 -4.292534220195586
      vertex 3.618773744014408 -12.831979044481876 -13.505739520663056
      vertex 3.525629265955099 -12.169746796849855 -13.505739520663056
    endloop
  endfacet
  facet normal 0.946930129495106 -0.22729202565684306 0.22729202565684312
    outer loop
      vertex 3.372160293666196 -3.3721602936661963 -1.396794528132577
      vertex 3.3721602936661963 -15.481105286196675 -13.505739520663056
      vertex 3.525629265955099 -14.841732244476255 -13.505739520663056
    endloop
  endfacet
  facet normal 0.9807852804032303 -0.13794968964147225 0.1379496896414722
    outer loop
      vertex 3.525629265955099 -3.525629265955099 -2.1896365421418986
      vertex 3.525629265955099 -14.841732244476255 -13.505739520663056
      vertex 3.618773744014408 -14.179499996844235 -13.505739520663056
    endloop
  endfacet
  facet normal 0.9978589232386034 0.04624699618945418 -0.04624699618945418
    outer loop
      vertex 3.65 -3.65 -3.65
      vertex 3.65 -13.505739520663056 -13.505739520663056
      vertex 3.618773744014408 -12.831979044481876 -13.505739520663056
    endloop
  endfacet
  facet normal 0.9978589232386035 -0.046246996189454256 0.04624699618945426
    outer loop
      vertex 3.618773744014408 -3.618773744014408 -2.94501326783323
      vertex 3.618773744014408 -14.179499996844235 -13.505739520663056
      vertex 3.65 -13.505739520663056 -13.505739520663056
    endloop
  endfacet
  facet normal 0.1950903220161324 -0.6935199226610732 0.6935199226610732
    outer loop
      vertex 0.6449518958373532 -2.6636980599658346 2.4066122251152513
      vertex 0.4764206016031882 -18.623458428607897 -13.505739520663056
      vertex 0.9446895146242007 -18.491732244476257 -13.505739520663056
    endloop
  endfacet
  facet normal 0.3214394653031648 -0.6695807158758441 0.669580715875844
    outer loop
      vertex 1.0033766955654861 -2.5512070826860485 2.4066122251152513
      vertex 0.9446895146242007 -18.491732244476257 -13.505739520663056
      vertex 1.3967945281325778 -18.274694342461828 -13.505739520663056
    endloop
  endfacet
  facet normal 0.4422886902190021 -0.6341847973991334 0.6341847973991334
    outer loop
      vertex 1.3967945281325778 -2.384477410899387 2.384477410899387
      vertex 1.3967945281325778 -18.274694342461828 -13.505739520663056
      vertex 1.825 -17.976058301242354 -13.505739520663056
    endloop
  endfacet
  facet normal 0.5555702330196002 -0.5879378012096803 0.5879378012096804
    outer loop
      vertex 2.0187109824276703 -2.2685611299082042 2.0187109824276703
      vertex 1.825 -17.976058301242354 -13.505739520663056
      vertex 2.2219792158818303 -17.600933866280652 -13.505739520663056
    endloop
  endfacet
  facet normal 0.06540312923013925 -0.7055928112895233 0.7055928112895233
    outer loop
      vertex 0 -2.5809397513308987 2.5809397513308987
      vertex 0 -18.667619023324853 -13.505739520663056
      vertex 0.4764206016031882 -18.623458428607897 -13.505739520663056
    endloop
  endfacet
  facet normal 0.8314696123025459 -0.39284747919355034 0.39284747919355034
    outer loop
      vertex 2.895739692063008 -2.895739692063008 0.24661345034821225
      vertex 2.895739692063008 -16.648092663074276 -13.505739520663056
      vertex 3.1609927238132007 -16.086679271993955 -13.505739520663056
    endloop
  endfacet
  facet normal 0.6593458151000692 -0.531631026234373 0.531631026234373
    outer loop
      vertex 2.2219792158818303 -2.2219792158818303 1.8732151297357658
      vertex 2.2219792158818303 -17.600933866280652 -13.505739520663056
      vertex 2.5809397513308987 -17.155739520663055 -13.505739520663056
    endloop
  endfacet
  facet normal 0.751839807478976 -0.46622789700423134 0.46622789700423123
    outer loop
      vertex 2.5809397513308987 -2.5809397513308987 1.069060248669102
      vertex 2.5809397513308987 -17.155739520663055 -13.505739520663056
      vertex 2.895739692063008 -16.648092663074276 -13.505739520663056
    endloop
  endfacet
  facet normal 0.8968727415326878 -0.31274533209597266 0.3127453320959726
    outer loop
      vertex 3.1609927238132007 -3.1609927238132007 -0.5800529724823018
      vertex 3.1609927238132007 -16.086679271993955 -13.505739520663056
      vertex 3.3721602936661963 -15.481105286196675 -13.505739520663056
    endloop
  endfacet
  facet normal 0.1950903220161318 0.6935199226610732 -0.6935199226610733
    outer loop
      vertex 0.9446895146242007 -0.9446895146242007 -5.930682238437402
      vertex 0.9446895146242007 -8.519746796849855 -13.505739520663056
      vertex 0.4764206016031882 -8.388020612718215 -13.505739520663056
    endloop
  endfacet
  facet normal 0.06540312923014069 0.7055928112895233 -0.7055928112895232
    outer loop
      vertex 0.4764206016031882 -0.4764206016031882 -5.594139509548028
      vertex 0.4764206016031882 -8.388020612718215 -13.505739520663056
      vertex 0 -8.343860018001259 -13.505739520663056
    endloop
  endfacet
  facet normal 0.44228869021900385 0.6341847973991327 -0.6341847973991328
    outer loop
      vertex 1.825 -1.825 -6.295318780579299
      vertex 1.825 -9.035420740083758 -13.505739520663056
      vertex 1.3967945281325778 -8.736784698864282 -13.505739520663056
    endloop
  endfacet
  facet normal 0.32143946530316225 0.6695807158758447 -0.6695807158758447
    outer loop
      vertex 1.3967945281325778 -1.3967945281325778 -6.165749349931351
      vertex 1.3967945281325778 -8.736784698864282 -13.505739520663056
      vertex 0.9446895146242007 -8.519746796849855 -13.505739520663056
    endloop
  endfacet
  facet normal 0.5555702330196005 0.5879378012096802 -0.5879378012096802
    outer loop
      vertex 2.2219792158818303 -2.2219792158818303 -6.317173561499427
      vertex 2.2219792158818303 -9.41054517504546 -13.505739520663056
      vertex 1.825 -9.035420740083758 -13.505739520663056
    endloop
  endfacet
  facet normal 0.9469301294951056 0.227292025656844 -0.227292025656844
    outer loop
      vertex 3.525629265955099 -3.525629265955099 -4.8616219897683
      vertex 3.525629265955099 -12.169746796849855 -13.505739520663056
      vertex 3.3721602936661963 -11.530373755129439 -13.505739520663056
    endloop
  endfacet
  facet normal 0.8968727415326889 0.31274533209597105 -0.31274533209597116
    outer loop
      vertex 3.3721602936661963 -3.3721602936661963 -5.347526059199815
      vertex 3.3721602936661963 -11.530373755129439 -13.505739520663056
      vertex 3.1609927238132007 -10.924799769332157 -13.505739520663056
    endloop
  endfacet
  facet normal 0.7518398074789776 0.46622789700423006 -0.46622789700423006
    outer loop
      vertex 2.895739692063008 -2.895739692063008 -6.038092834474229
      vertex 2.895739692063008 -10.363386378251835 -13.505739520663056
      vertex 2.5809397513308987 -9.855739520663056 -13.505739520663056
    endloop
  endfacet
  facet normal 0.6593458151000683 0.5316310262343736 -0.5316310262343736
    outer loop
      vertex 2.5809397513308987 -2.5809397513308987 -6.230939751330899
      vertex 2.5809397513308987 -9.855739520663056 -13.505739520663056
      vertex 2.2219792158818303 -9.41054517504546 -13.505739520663056
    endloop
  endfacet
  facet normal 0.8314696123025453 0.3928474791935509 -0.39284747919355095
    outer loop
      vertex 3.160992723813201 -3.1609927238132007 -5.741932475144099
      vertex 3.1609927238132007 -10.924799769332157 -13.505739520663056
      vertex 2.895739692063008 -10.363386378251835 -13.505739520663056
    endloop
  endfacet
  facet normal 0.6593458151000684 0.5316310262343735 -0.5316310262343735
    outer loop
      vertex 2.2219792158818303 -2.2219792158818303 -6.317173561499427
      vertex 2.5809397513308987 -2.5809397513308987 -6.230939751330899
      vertex 2.2219792158818303 -9.41054517504546 -13.505739520663056
    endloop
  endfacet
  facet normal 0.7518398074789773 0.46622789700423034 -0.46622789700423034
    outer loop
      vertex 2.5809397513308987 -2.5809397513308987 -6.230939751330899
      vertex 2.895739692063008 -2.895739692063008 -6.038092834474229
      vertex 2.5809397513308987 -9.855739520663056 -13.505739520663056
    endloop
  endfacet
  facet normal 0.8314696123025455 0.39284747919355095 -0.39284747919355095
    outer loop
      vertex 2.895739692063008 -2.895739692063008 -6.038092834474229
      vertex 3.160992723813201 -3.1609927238132007 -5.741932475144099
      vertex 2.895739692063008 -10.363386378251835 -13.505739520663056
    endloop
  endfacet
  facet normal 0.8968727415326888 0.3127453320959712 -0.31274533209597133
    outer loop
      vertex 3.160992723813201 -3.1609927238132007 -5.741932475144099
      vertex 3.3721602936661963 -3.3721602936661963 -5.347526059199815
      vertex 3.1609927238132007 -10.924799769332157 -13.505739520663056
    endloop
  endfacet
  facet normal 0.9469301294951056 0.2272920256568438 -0.22729202565684384
    outer loop
      vertex 3.3721602936661963 -3.3721602936661963 -5.347526059199815
      vertex 3.525629265955099 -3.525629265955099 -4.8616219897683
      vertex 3.3721602936661963 -11.530373755129439 -13.505739520663056
    endloop
  endfacet
  facet normal 0.9807852804032305 0.13794968964147158 -0.13794968964147158
    outer loop
      vertex 3.525629265955099 -3.525629265955099 -4.8616219897683
      vertex 3.618773744014408 -3.618773744014408 -4.292534220195586
      vertex 3.525629265955099 -12.169746796849855 -13.505739520663056
    endloop
  endfacet
  facet normal 0.9978589232386034 0.046246996189454305 -0.0462469961894543
    outer loop
      vertex 3.618773744014408 -3.618773744014408 -4.292534220195586
      vertex 3.65 -3.65 -3.65
      vertex 3.618773744014408 -12.831979044481876 -13.505739520663056
    endloop
  endfacet
  facet normal 0.9807852804032303 -0.13794968964147145 0.13794968964147147
    outer loop
      vertex 3.618773744014408 -3.618773744014408 -2.94501326783323
      vertex 3.525629265955099 -3.525629265955099 -2.1896365421418986
      vertex 3.618773744014408 -14.179499996844235 -13.505739520663056
    endloop
  endfacet
  facet normal 0.9469301294951052 -0.2272920256568443 0.22729202565684425
    outer loop
      vertex 3.525629265955099 -3.525629265955099 -2.1896365421418986
      vertex 3.372160293666196 -3.3721602936661963 -1.396794528132577
      vertex 3.525629265955099 -14.841732244476255 -13.505739520663056
    endloop
  endfacet
  facet normal 0.8968727415326888 -0.3127453320959713 0.31274533209597133
    outer loop
      vertex 3.372160293666196 -3.3721602936661963 -1.396794528132577
      vertex 3.1609927238132007 -3.1609927238132007 -0.5800529724823018
      vertex 3.3721602936661963 -15.481105286196675 -13.505739520663056
    endloop
  endfacet
  facet normal 0.9978589232386034 -0.04624699618945433 0.04624699618945433
    outer loop
      vertex 3.65 -3.65 -3.65
      vertex 3.618773744014408 -3.618773744014408 -2.94501326783323
      vertex 3.65 -13.505739520663056 -13.505739520663056
    endloop
  endfacet
  facet normal 0.3214394653031631 0.6695807158758444 -0.6695807158758446
    outer loop
      vertex 0.9446895146242007 -0.9446895146242007 -5.930682238437402
      vertex 1.3967945281325778 -1.3967945281325778 -6.165749349931351
      vertex 0.9446895146242007 -8.519746796849855 -13.505739520663056
    endloop
  endfacet
  facet normal 0.19509032201612914 0.6935199226610738 -0.6935199226610737
    outer loop
      vertex 0.9446895146242007 -0.9446895146242007 -5.930682238437402
      vertex 0.4764206016031882 -8.388020612718215 -13.505739520663056
      vertex 0.4764206016031882 -0.4764206016031882 -5.594139509548028
    endloop
  endfacet
  facet normal 0.5555702330196008 0.5879378012096799 -0.58793780120968
    outer loop
      vertex 1.825 -1.825 -6.295318780579299
      vertex 2.2219792158818303 -2.2219792158818303 -6.317173561499427
      vertex 1.825 -9.035420740083758 -13.505739520663056
    endloop
  endfacet
  facet normal 0.4422886902190018 0.6341847973991335 -0.6341847973991335
    outer loop
      vertex 1.3967945281325778 -1.3967945281325778 -6.165749349931351
      vertex 1.825 -1.825 -6.295318780579299
      vertex 1.3967945281325778 -8.736784698864282 -13.505739520663056
    endloop
  endfacet
  facet normal 0.06540312923014216 0.7055928112895232 -0.7055928112895232
    outer loop
      vertex 0.4764206016031882 -0.4764206016031882 -5.594139509548028
      vertex 0 -8.343860018001259 -13.505739520663056
      vertex 0 0 -5.161879502661797
    endloop
  endfacet
  facet normal 0.06540312923014288 -0.7055928112895231 0.7055928112895232
    outer loop
      vertex 0 -2.5809397513308987 2.5809397513308987
      vertex 0.4764206016031882 -18.623458428607897 -13.505739520663056
      vertex 0.4764206016031882 -2.5588594539724197 2.5588594539724197
    endloop
  endfacet
  facet normal 0.195090322016129 -0.6935199226610737 0.6935199226610738
    outer loop
      vertex 0.6449518958373532 -2.6636980599658346 2.4066122251152513
      vertex 0.4764206016031882 -2.5588594539724197 2.5588594539724197
      vertex 0.4764206016031882 -18.623458428607897 -13.505739520663056
    endloop
  endfacet
  facet normal 0.19509032201612583 -0.6935199226610741 0.693519922661074
    outer loop
      vertex 0.6449518958373532 -2.6636980599658346 2.4066122251152513
      vertex 0.9446895146242007 -18.491732244476257 -13.505739520663056
      vertex 0.7155202497941225 -2.6703579260760404 2.3801011587039085
    endloop
  endfacet
  facet normal 0.19509032201613244 -0.6935199226610731 0.6935199226610732
    outer loop
      vertex 0.7155202497941225 -2.6703579260760404 2.3801011587039085
      vertex 0.9446895146242007 -18.491732244476257 -13.505739520663056
      vertex 0.802783300994511 -2.6192993647730276 2.4066122251152513
    endloop
  endfacet
  facet normal 0.1950903220161297 -0.6935199226610735 0.6935199226610735
    outer loop
      vertex 0.802783300994511 -2.6192993647730276 2.4066122251152513
      vertex 0.9446895146242007 -18.491732244476257 -13.505739520663056
      vertex 0.9446895146242007 -2.4929963619066005 2.4929963619066005
    endloop
  endfacet
  facet normal 0.3214394653031627 -0.6695807158758446 0.6695807158758444
    outer loop
      vertex 1.0033766955654861 -2.5512070826860485 2.4066122251152513
      vertex 0.9446895146242007 -2.4929963619066005 2.4929963619066005
      vertex 0.9446895146242007 -18.491732244476257 -13.505739520663056
    endloop
  endfacet
  facet normal 0.32143946530316064 -0.669580715875845 0.6695807158758449
    outer loop
      vertex 1.0630347001818952 -2.566392790452348 2.362787046930709
      vertex 1.0033766955654861 -2.5512070826860485 2.4066122251152513
      vertex 1.3967945281325778 -18.274694342461828 -13.505739520663056
    endloop
  endfacet
  facet normal 0.32143946530316203 -0.6695807158758448 0.6695807158758447
    outer loop
      vertex 1.0630347001818952 -2.566392790452348 2.362787046930709
      vertex 1.3967945281325778 -18.274694342461828 -13.505739520663056
      vertex 1.372011859414393 -2.3904260049916903 2.3904260049916903
    endloop
  endfacet
  facet normal 0.321439465303162 -0.6695807158758448 0.6695807158758448
    outer loop
      vertex 1.3967945281325778 -2.384477410899387 2.384477410899387
      vertex 1.372011859414393 -2.3904260049916903 2.3904260049916903
      vertex 1.3967945281325778 -18.274694342461828 -13.505739520663056
    endloop
  endfacet
  facet normal 0.4422886902190013 -0.6341847973991337 0.6341847973991337
    outer loop
      vertex 1.3967945281325778 -2.384477410899387 2.384477410899387
      vertex 1.825 -17.976058301242354 -13.505739520663056
      vertex 1.825 -2.23515939028965 2.23515939028965
    endloop
  endfacet
  facet normal 0.5555702330196025 -0.5879378012096792 0.5879378012096792
    outer loop
      vertex 2.0187109824276703 -2.2685611299082042 2.0187109824276703
      vertex 1.825 -2.23515939028965 2.23515939028965
      vertex 1.825 -17.976058301242354 -13.505739520663056
    endloop
  endfacet
  facet normal 0.5555702330196015 -0.5879378012096796 0.5879378012096796
    outer loop
      vertex 2.2219792158818303 -2.2219792158818303 1.8732151297357658
      vertex 2.0187109824276703 -2.2685611299082042 2.0187109824276703
      vertex 2.2219792158818303 -17.600933866280652 -13.505739520663056
    endloop
  endfacet
  facet normal 0.8314696123025453 -0.39284747919355106 0.39284747919355106
    outer loop
      vertex 3.1609927238132007 -3.1609927238132007 -0.5800529724823018
      vertex 2.895739692063008 -2.895739692063008 0.24661345034821225
      vertex 3.1609927238132007 -16.086679271993955 -13.505739520663056
    endloop
  endfacet
  facet normal 0.751839807478978 -0.4662278970042297 0.4662278970042297
    outer loop
      vertex 2.895739692063008 -2.895739692063008 0.24661345034821225
      vertex 2.5809397513308987 -2.5809397513308987 1.069060248669102
      vertex 2.895739692063008 -16.648092663074276 -13.505739520663056
    endloop
  endfacet
  facet normal 0.6593458151000676 -0.5316310262343741 0.531631026234374
    outer loop
      vertex 2.5809397513308987 -2.5809397513308987 1.069060248669102
      vertex 2.2219792158818303 -2.2219792158818303 1.8732151297357658
      vertex 2.5809397513308987 -17.155739520663055 -13.505739520663056
    endloop
  endfacet
  facet normal -5.99608052030811e-19 0.7071067811865476 0.7071067811865476
    outer loop
      vertex 0 -2.5809397513308987 2.5809397513308987
      vertex 0.4764206016031882 -2.5588594539724197 2.5588594539724197
      vertex 0.3376030721830161 -2.5643499240027907 2.5643499240027907
    endloop
  endfacet
  facet normal 2.151992578054207e-18 0.7071067811865475 0.7071067811865476
    outer loop
      vertex 0.3376030721830161 -2.5643499240027907 2.5643499240027907
      vertex 0.4764206016031882 -2.5588594539724197 2.5588594539724197
      vertex 0.6713271219487001 -2.5314454067512906 2.5314454067512906
    endloop
  endfacet
  facet normal 0.19509032201612786 -0.6935199226610745 0.693519922661073
    outer loop
      vertex 0.6449518958373532 -2.6636980599658346 2.4066122251152513
      vertex 0.6713271219487001 -2.5314454067512906 2.5314454067512906
      vertex 0.4764206016031882 -2.5588594539724197 2.5588594539724197
    endloop
  endfacet
  facet normal 0.19509032201612922 -0.6935199226610733 0.6935199226610739
    outer loop
      vertex 0.802783300994511 -2.6192993647730276 2.4066122251152513
      vertex 0.9446895146242007 -2.4929963619066005 2.4929963619066005
      vertex 0.6897165036351043 -2.528858898218765 2.528858898218765
    endloop
  endfacet
  facet normal 1.8788752589782548e-17 0.7071067811865476 0.7071067811865475
    outer loop
      vertex 1.0245632964475715 -2.473514605793413 2.473514605793413
      vertex 0.6897165036351043 -2.528858898218765 2.528858898218765
      vertex 0.9446895146242007 -2.4929963619066005 2.4929963619066005
    endloop
  endfacet
  facet normal 0.32143946530316253 -0.6695807158758447 0.6695807158758444
    outer loop
      vertex 1.0033766955654861 -2.5512070826860485 2.4066122251152513
      vertex 1.0267658314203107 -2.4788319955962006 2.467759104544961
      vertex 0.9446895146242007 -2.4929963619066005 2.4929963619066005
    endloop
  endfacet
  facet normal 0.32143946530316364 -0.6695807158758347 0.6695807158758538
    outer loop
      vertex 1.0267658314203107 -2.4788319955962006 2.467759104544961
      vertex 1.0714780051928068 -2.4625632687419783 2.4625632687419783
      vertex 0.9446895146242007 -2.4929963619066005 2.4929963619066005
    endloop
  endfacet
  facet normal 1.6053424139301774e-16 0.7071067811865474 0.7071067811865477
    outer loop
      vertex 1.0245632964475715 -2.473514605793413 2.473514605793413
      vertex 0.9446895146242007 -2.4929963619066005 2.4929963619066005
      vertex 1.0714780051928068 -2.4625632687419783 2.4625632687419783
    endloop
  endfacet
  facet normal 5.7667001755384e-17 0.7071067811865479 0.7071067811865472
    outer loop
      vertex 1.3967945281325778 -2.384477410899387 2.384477410899387
      vertex 1.379034478991874 -2.388557783003201 2.388557783003201
      vertex 1.372011859414393 -2.3904260049916903 2.3904260049916903
    endloop
  endfacet
  facet normal 1.2849494328912876e-18 0.7071067811865474 0.7071067811865476
    outer loop
      vertex 1.3967945281325778 -2.384477410899387 2.384477410899387
      vertex 1.7372040682313397 -2.263968419522047 2.263968419522047
      vertex 1.379034478991874 -2.388557783003201 2.388557783003201
    endloop
  endfacet
  facet normal -2.3266497733341712e-18 0.7071067811865475 0.7071067811865475
    outer loop
      vertex 0 -2.5809397513308987 2.5809397513308987
      vertex 0.3376030721830161 -2.5643499240027907 2.5643499240027907
      vertex 0 -2.5754137612067596 2.5754137612067596
    endloop
  endfacet
  facet normal 0.5555702330196065 -0.5879378012096764 0.5879378012096782
    outer loop
      vertex 2.2219792158818303 -2.2219792158818303 1.8732151297357658
      vertex 2.180724126302715 -2.10634688026818 2.0278313505215477
      vertex 2.159426921194821 -2.159426921194821 1.9948760458852328
    endloop
  endfacet
  facet normal 0.5555702330196027 -0.5879378012096791 0.5879378012096791
    outer loop
      vertex 2.2219792158818303 -2.2219792158818303 1.8732151297357658
      vertex 2.2219792158818303 -2.047597172808798 2.047597172808798
      vertex 2.180724126302715 -2.10634688026818 2.0278313505215477
    endloop
  endfacet
  facet normal 0.6593458151000653 -0.5316310262343755 0.5316310262343755
    outer loop
      vertex 2.2219792158818303 -2.2219792158818303 1.8732151297357658
      vertex 2.2685611299082047 -2.0187109824276703 2.0187109824276703
      vertex 2.2219792158818303 -2.047597172808798 2.047597172808798
    endloop
  endfacet
  facet normal 1.0084143258875894e-15 0.707106781186546 0.7071067811865489
    outer loop
      vertex 1.3967945281325778 -2.384477410899387 2.384477410899387
      vertex 1.825 -2.23515939028965 2.23515939028965
      vertex 1.7372040682313397 -2.263968419522047 2.263968419522047
    endloop
  endfacet
  facet normal 0.5555702330196013 -0.5879378012096812 0.5879378012096784
    outer loop
      vertex 2.0187109824276703 -2.2685611299082042 2.0187109824276703
      vertex 2.070809340657674 -2.119020954908732 2.119020954908732
      vertex 1.825 -2.23515939028965 2.23515939028965
    endloop
  endfacet
  facet normal -2.6363296545053588e-18 0.7071067811865474 0.7071067811865476
    outer loop
      vertex 1.7372040682313397 -2.263968419522047 2.263968419522047
      vertex 1.825 -2.23515939028965 2.23515939028965
      vertex 2.070809340657674 -2.119020954908732 2.119020954908732
    endloop
  endfacet
  facet normal 0.5555702330196155 -0.5879378012096786 0.5879378012096674
    outer loop
      vertex 2.0187109824276703 -2.2685611299082042 2.0187109824276703
      vertex 2.052895370671408 -2.202074296570563 2.052895370671408
      vertex 2.070809340657674 -2.119020954908732 2.119020954908732
    endloop
  endfacet
  facet normal 0.555570233019602 -0.587937801209679 0.58793780120968
    outer loop
      vertex 2.180724126302715 -2.10634688026818 2.0278313505215477
      vertex 2.2219792158818303 -2.047597172808798 2.047597172808798
      vertex 2.1275788234432618 -2.0921988704002183 2.0921988704002183
    endloop
  endfacet
  facet normal 1.5556048514929815e-18 0.7071067811865475 0.7071067811865475
    outer loop
      vertex 2.2219792158818303 -2.047597172808798 2.047597172808798
      vertex 2.2020742965705633 -2.052895370671408 2.052895370671408
      vertex 2.1275788234432618 -2.0921988704002183 2.0921988704002183
    endloop
  endfacet
  facet normal 1.8866701821323323e-17 0.7071067811865476 0.7071067811865477
    outer loop
      vertex 2.2219792158818303 -2.047597172808798 2.047597172808798
      vertex 2.2685611299082047 -2.0187109824276703 2.0187109824276703
      vertex 2.2020742965705633 -2.052895370671408 2.052895370671408
    endloop
  endfacet
  facet normal -0.7121016303436438 -0.35116966187337256 0.6079400765220743
    outer loop
      vertex -2.388557783003201 -1.3790344789918738 2.388557783003201
      vertex -2.3765601609141656 -1.372107648649134 2.4066122251152513
      vertex -2.3904260049916912 -1.3720118594143889 2.3904260049916912
    endloop
  endfacet
  facet normal -0.7121016303436365 -0.3511696618733988 0.6079400765220677
    outer loop
      vertex -2.3904260049916912 -1.3720118594143889 2.3904260049916912
      vertex -2.3765601609141656 -1.372107648649134 2.4066122251152513
      vertex -2.5353243459782453 -1.0501657291188864 2.4066122251152513
    endloop
  endfacet
  facet normal -0.75184634096764 -0.25521744245231176 0.6079400765220797
    outer loop
      vertex -2.6703579260760417 -0.715520249794123 2.3801011587039067
      vertex -2.6192993647730263 -0.8027833009945156 2.4066122251152513
      vertex -2.6507084285579308 -0.7102551828024678 2.4066122251152513
    endloop
  endfacet
  facet normal -0.7787267522465093 -0.15489838183122434 0.6079400765220797
    outer loop
      vertex -2.6703579260760417 -0.715520249794123 2.3801011587039067
      vertex -2.6507084285579308 -0.7102551828024678 2.4066122251152513
      vertex -2.6636980599658355 -0.6449518958373494 2.4066122251152513
    endloop
  endfacet
  facet normal -0.7121016303436296 -0.3511696618733962 0.6079400765220772
    outer loop
      vertex -2.3904260049916912 -1.3720118594143889 2.3904260049916912
      vertex -2.5353243459782453 -1.0501657291188864 2.4066122251152513
      vertex -2.5663927904523476 -1.063034700181895 2.3627870469307095
    endloop
  endfacet
  facet normal -0.7518463409676417 -0.2552174424523126 0.6079400765220773
    outer loop
      vertex -2.5663927904523476 -1.063034700181895 2.3627870469307095
      vertex -2.5353243459782453 -1.0501657291188864 2.4066122251152513
      vertex -2.5512070826860485 -1.0033766955654861 2.4066122251152513
    endloop
  endfacet
  facet normal -0.6702979110062848 -0.22753548059830817 0.7063485793639762
    outer loop
      vertex -2.5353243459782453 -1.0501657291188864 2.4066122251152513
      vertex -2.478831995596197 -1.0267658314203092 2.4677591045449656
      vertex -2.5512070826860485 -1.0033766955654861 2.4066122251152513
    endloop
  endfacet
  facet normal -0.6348640795793241 -0.3130803169961175 0.7063485793639769
    outer loop
      vertex -2.3765601609141656 -1.372107648649134 2.4066122251152513
      vertex -2.4625632687419854 -1.071478005192778 2.4625632687419854
      vertex -2.5353243459782453 -1.0501657291188864 2.4066122251152513
    endloop
  endfacet
  facet normal -0.6348640795793239 -0.3130803169961192 0.7063485793639762
    outer loop
      vertex -2.5353243459782453 -1.0501657291188864 2.4066122251152513
      vertex -2.4625632687419854 -1.071478005192778 2.4625632687419854
      vertex -2.478831995596197 -1.0267658314203092 2.4677591045449656
    endloop
  endfacet
  facet normal -0.6348640795793231 -0.31308031699611744 0.7063485793639777
    outer loop
      vertex -2.3765601609141656 -1.372107648649134 2.4066122251152513
      vertex -2.223419777475426 -0.9209706266788905 2.744215297298268
      vertex -2.4625632687419854 -1.071478005192778 2.4625632687419854
    endloop
  endfacet
  facet normal -0.6348640795793189 -0.31308031699612515 0.7063485793639782
    outer loop
      vertex -2.4625632687419854 -1.071478005192778 2.4625632687419854
      vertex -2.223419777475426 -0.9209706266788905 2.744215297298268
      vertex -2.4735146057934134 -1.0245632964475717 2.4735146057934134
    endloop
  endfacet
  facet normal -0.6702979110062847 -0.22753548059830797 0.7063485793639765
    outer loop
      vertex -2.6192993647730263 -0.8027833009945156 2.4066122251152513
      vertex -2.5288588982187643 -0.6897165036351124 2.5288588982187643
      vertex -2.6507084285579308 -0.7102551828024678 2.4066122251152513
    endloop
  endfacet
  facet normal -0.6942627593342362 -0.13809744904270557 0.7063485793639779
    outer loop
      vertex -2.6636980599658355 -0.6449518958373494 2.4066122251152513
      vertex -2.6507084285579308 -0.7102551828024678 2.4066122251152513
      vertex -2.531445406751291 -0.6713271219486953 2.531445406751291
    endloop
  endfacet
  facet normal -0.670297911006291 -0.22753548059828235 0.7063485793639787
    outer loop
      vertex -2.6507084285579308 -0.7102551828024678 2.4066122251152513
      vertex -2.5288588982187643 -0.6897165036351124 2.5288588982187643
      vertex -2.3246089021018226 -0.622877078036382 2.744215297298268
    endloop
  endfacet
  facet normal -0.6942627593342371 -0.13809744904270285 0.7063485793639777
    outer loop
      vertex -2.6507084285579308 -0.7102551828024678 2.4066122251152513
      vertex -2.3246089021018226 -0.622877078036382 2.744215297298268
      vertex -2.531445406751291 -0.6713271219486953 2.531445406751291
    endloop
  endfacet
  facet normal -0.670297911006283 -0.22753548059830722 0.7063485793639784
    outer loop
      vertex -2.4735146057934134 -1.0245632964475717 2.4735146057934134
      vertex -2.3246089021018226 -0.622877078036382 2.744215297298268
      vertex -2.5288588982187643 -0.6897165036351124 2.5288588982187643
    endloop
  endfacet
  facet normal -0.6702979110062831 -0.22753548059830708 0.7063485793639784
    outer loop
      vertex -2.4735146057934134 -1.0245632964475717 2.4735146057934134
      vertex -2.223419777475426 -0.9209706266788905 2.744215297298268
      vertex -2.3246089021018226 -0.622877078036382 2.744215297298268
    endloop
  endfacet
  facet normal -0.6942627593342358 -0.1380974490427062 0.7063485793639781
    outer loop
      vertex -2.531445406751291 -0.6713271219486953 2.531445406751291
      vertex -2.3860233239099076 -0.3141259298945193 2.744215297298268
      vertex -2.5643499240027907 -0.33760307218301605 2.5643499240027907
    endloop
  endfacet
  facet normal -0.6942627593342364 -0.13809744904270577 0.7063485793639778
    outer loop
      vertex -2.531445406751291 -0.6713271219486953 2.531445406751291
      vertex -2.3246089021018226 -0.622877078036382 2.744215297298268
      vertex -2.3860233239099076 -0.3141259298945193 2.744215297298268
    endloop
  endfacet
  facet normal -0.7063485793639779 -0.046296531846139286 0.706348579363978
    outer loop
      vertex -2.5643499240027907 -0.33760307218301605 2.5643499240027907
      vertex -2.4066122251152513 0 2.744215297298268
      vertex -2.5754137612067596 0 2.5754137612067596
    endloop
  endfacet
  facet normal -0.7063485793639774 -0.04629653184613963 0.7063485793639781
    outer loop
      vertex -2.5643499240027907 -0.33760307218301605 2.5643499240027907
      vertex -2.3860233239099076 -0.3141259298945193 2.744215297298268
      vertex -2.4066122251152513 0 2.744215297298268
    endloop
  endfacet
  facet normal -0.3511696618734019 -0.7121016303436264 0.607940076522078
    outer loop
      vertex -1.379034478991874 -2.388557783003201 2.388557783003201
      vertex -1.372011859414393 -2.3904260049916903 2.3904260049916903
      vertex -1.372107648649134 -2.3765601609141656 2.4066122251152513
    endloop
  endfacet
  facet normal -0.35116966187339466 -0.7121016303436283 0.6079400765220798
    outer loop
      vertex -1.372011859414393 -2.3904260049916903 2.3904260049916903
      vertex -1.0630347001818952 -2.566392790452348 2.362787046930709
      vertex -1.372107648649134 -2.3765601609141656 2.4066122251152513
    endloop
  endfacet
  facet normal -0.3511696618733951 -0.7121016303436288 0.607940076522079
    outer loop
      vertex -1.372107648649134 -2.3765601609141656 2.4066122251152513
      vertex -1.0630347001818952 -2.566392790452348 2.362787046930709
      vertex -1.0501657291188864 -2.5353243459782453 2.4066122251152513
    endloop
  endfacet
  facet normal -0.25521744245231215 -0.7518463409676402 0.607940076522079
    outer loop
      vertex -1.0630347001818952 -2.566392790452348 2.362787046930709
      vertex -1.0033766955654861 -2.5512070826860485 2.4066122251152513
      vertex -1.0501657291188864 -2.5353243459782453 2.4066122251152513
    endloop
  endfacet
  facet normal -0.22753548059830714 -0.6702979110062817 0.7063485793639797
    outer loop
      vertex -1.0501657291188864 -2.5353243459782453 2.4066122251152513
      vertex -1.0033766955654861 -2.5512070826860485 2.4066122251152513
      vertex -1.0267658314203107 -2.4788319955962006 2.467759104544961
    endloop
  endfacet
  facet normal -0.3130803169961204 -0.6348640795793198 0.7063485793639793
    outer loop
      vertex -1.0501657291188864 -2.5353243459782453 2.4066122251152513
      vertex -1.0267658314203107 -2.4788319955962006 2.467759104544961
      vertex -1.0714780051928068 -2.4625632687419783 2.4625632687419783
    endloop
  endfacet
  facet normal -0.3130803169960178 -0.6348640795793229 0.706348579364022
    outer loop
      vertex -1.0501657291188864 -2.5353243459782453 2.4066122251152513
      vertex -1.0714780051928068 -2.4625632687419783 2.4625632687419783
      vertex -1.2033061125576257 -2.0841873240080018 2.744215297298268
    endloop
  endfacet
  facet normal -0.3130803169961218 -0.6348640795793218 0.7063485793639771
    outer loop
      vertex -1.0714780051928068 -2.4625632687419783 2.4625632687419783
      vertex -1.0245632964475715 -2.473514605793413 2.473514605793413
      vertex -0.9209706266788905 -2.223419777475426 2.744215297298268
    endloop
  endfacet
  facet normal -0.25521744245231354 -0.7518463409676401 0.6079400765220788
    outer loop
      vertex -0.7155202497941225 -2.6703579260760404 2.3801011587039085
      vertex -0.7102551828024678 -2.6507084285579308 2.4066122251152513
      vertex -0.802783300994511 -2.6192993647730276 2.4066122251152513
    endloop
  endfacet
  facet normal -0.1548983818312231 -0.7787267522465099 0.607940076522079
    outer loop
      vertex -0.7155202497941225 -2.6703579260760404 2.3801011587039085
      vertex -0.6449518958373532 -2.6636980599658346 2.4066122251152513
      vertex -0.7102551828024678 -2.6507084285579308 2.4066122251152513
    endloop
  endfacet
  facet normal -0.22753548059830855 -0.670297911006282 0.706348579363979
    outer loop
      vertex -0.802783300994511 -2.6192993647730276 2.4066122251152513
      vertex -0.7102551828024678 -2.6507084285579308 2.4066122251152513
      vertex -0.6897165036351043 -2.528858898218765 2.528858898218765
    endloop
  endfacet
  facet normal -0.13809744904270446 -0.6942627593342368 0.7063485793639775
    outer loop
      vertex -0.6449518958373532 -2.6636980599658346 2.4066122251152513
      vertex -0.6713271219487001 -2.5314454067512906 2.5314454067512906
      vertex -0.7102551828024678 -2.6507084285579308 2.4066122251152513
    endloop
  endfacet
  facet normal -0.22753548059833334 -0.6702979110062757 0.7063485793639769
    outer loop
      vertex -0.7102551828024678 -2.6507084285579308 2.4066122251152513
      vertex -0.622877078036382 -2.3246089021018226 2.744215297298268
      vertex -0.6897165036351043 -2.528858898218765 2.528858898218765
    endloop
  endfacet
  facet normal -0.13809744904271024 -0.6942627593342353 0.7063485793639779
    outer loop
      vertex -0.7102551828024678 -2.6507084285579308 2.4066122251152513
      vertex -0.6713271219487001 -2.5314454067512906 2.5314454067512906
      vertex -0.622877078036382 -2.3246089021018226 2.744215297298268
    endloop
  endfacet
  facet normal -0.2275354805983074 -0.6702979110062843 0.7063485793639772
    outer loop
      vertex -1.0245632964475715 -2.473514605793413 2.473514605793413
      vertex -0.6897165036351043 -2.528858898218765 2.528858898218765
      vertex -0.9209706266788905 -2.223419777475426 2.744215297298268
    endloop
  endfacet
  facet normal -0.2275354805983075 -0.6702979110062842 0.706348579363977
    outer loop
      vertex -0.6897165036351043 -2.528858898218765 2.528858898218765
      vertex -0.622877078036382 -2.3246089021018226 2.744215297298268
      vertex -0.9209706266788905 -2.223419777475426 2.744215297298268
    endloop
  endfacet
  facet normal -0.13809744904270607 -0.6942627593342362 0.7063485793639778
    outer loop
      vertex -0.6713271219487001 -2.5314454067512906 2.5314454067512906
      vertex -0.3376030721830161 -2.5643499240027907 2.5643499240027907
      vertex -0.622877078036382 -2.3246089021018226 2.744215297298268
    endloop
  endfacet
  facet normal -0.13809744904270566 -0.6942627593342359 0.7063485793639781
    outer loop
      vertex -0.3376030721830161 -2.5643499240027907 2.5643499240027907
      vertex -0.3141259298945193 -2.3860233239099076 2.744215297298268
      vertex -0.622877078036382 -2.3246089021018226 2.744215297298268
    endloop
  endfacet
  facet normal -0.04629653184613927 -0.7063485793639775 0.7063485793639782
    outer loop
      vertex -0.3376030721830161 -2.5643499240027907 2.5643499240027907
      vertex 0 -2.5754137612067596 2.5754137612067596
      vertex -0.3141259298945193 -2.3860233239099076 2.744215297298268
    endloop
  endfacet
  facet normal -0.046296531846139626 -0.7063485793639778 0.7063485793639778
    outer loop
      vertex -0.3141259298945193 -2.3860233239099076 2.744215297298268
      vertex 0 -2.5754137612067596 2.5754137612067596
      vertex 0 -2.4066122251152513 2.744215297298268
    endloop
  endfacet
  facet normal -0.6514607996199837 -0.5713157878291649 0.4991964514453524
    outer loop
      vertex -2.159426921194821 -2.159426921194821 1.9948760458852328
      vertex -2.1459729744153297 -2.1459729744153297 2.0278313505215477
      vertex -2.180724126302715 -2.10634688026818 2.0278313505215477
    endloop
  endfacet
  facet normal -0.5713157878291649 -0.6514607996199837 0.4991964514453524
    outer loop
      vertex -2.159426921194821 -2.159426921194821 1.9948760458852328
      vertex -2.10634688026818 -2.180724126302715 2.0278313505215477
      vertex -2.1459729744153297 -2.1459729744153297 2.0278313505215477
    endloop
  endfacet
  facet normal -0.596947959136416 -0.5235093097941973 0.6079400765220788
    outer loop
      vertex -2.180724126302715 -2.10634688026818 2.0278313505215477
      vertex -2.1459729744153297 -2.1459729744153297 2.0278313505215477
      vertex -2.1275788234432618 -2.0921988704002183 2.0921988704002183
    endloop
  endfacet
  facet normal -0.5235093097941987 -0.5969479591364175 0.6079400765220759
    outer loop
      vertex -2.10634688026818 -2.180724126302715 2.0278313505215477
      vertex -2.092198870400218 -2.127578823443263 2.092198870400218
      vertex -2.1459729744153297 -2.1459729744153297 2.0278313505215477
    endloop
  endfacet
  facet normal -0.5969479591364149 -0.523509309794202 0.6079400765220758
    outer loop
      vertex -2.2020742965705633 -2.052895370671408 2.052895370671408
      vertex -2.1275788234432618 -2.0921988704002183 2.0921988704002183
      vertex -2.119020954908732 -2.0708093406576737 2.119020954908732
    endloop
  endfacet
  facet normal -0.5235093097941969 -0.5969479591364196 0.6079400765220756
    outer loop
      vertex -2.052895370671408 -2.202074296570563 2.052895370671408
      vertex -2.070809340657674 -2.119020954908732 2.119020954908732
      vertex -2.092198870400218 -2.127578823443263 2.092198870400218
    endloop
  endfacet
  facet normal -0.523509309794202 -0.5969479591364132 0.6079400765220774
    outer loop
      vertex -2.1459729744153297 -2.1459729744153297 2.0278313505215477
      vertex -2.092198870400218 -2.127578823443263 2.092198870400218
      vertex -1.9404532457554629 -1.9404532457554629 2.4066122251152513
    endloop
  endfacet
  facet normal -0.5969479591364213 -0.5235093097941934 0.607940076522077
    outer loop
      vertex -2.1459729744153297 -2.1459729744153297 2.0278313505215477
      vertex -1.9404532457554629 -1.9404532457554629 2.4066122251152513
      vertex -2.1275788234432618 -2.0921988704002183 2.0921988704002183
    endloop
  endfacet
  facet normal -0.5969479591364119 -0.5235093097942043 0.6079400765220767
    outer loop
      vertex -2.1275788234432618 -2.0921988704002183 2.0921988704002183
      vertex -1.9404532457554629 -1.9404532457554629 2.4066122251152513
      vertex -2.119020954908732 -2.0708093406576737 2.119020954908732
    endloop
  endfacet
  facet normal -0.5969479591364144 -0.5235093097941997 0.6079400765220784
    outer loop
      vertex -2.119020954908732 -2.0708093406576737 2.119020954908732
      vertex -2.177132372589886 -1.6705724258908847 2.4066122251152513
      vertex -2.263968419522047 -1.7372040682313397 2.263968419522047
    endloop
  endfacet
  facet normal -0.5235093097942016 -0.5969479591364136 0.6079400765220774
    outer loop
      vertex -2.092198870400218 -2.127578823443263 2.092198870400218
      vertex -2.070809340657674 -2.119020954908732 2.119020954908732
      vertex -1.9404532457554629 -1.9404532457554629 2.4066122251152513
    endloop
  endfacet
  facet normal -0.5235093097941991 -0.5969479591364156 0.6079400765220776
    outer loop
      vertex -2.070809340657674 -2.119020954908732 2.119020954908732
      vertex -1.7372040682313397 -2.263968419522047 2.263968419522047
      vertex -1.9404532457554629 -1.9404532457554629 2.4066122251152513
    endloop
  endfacet
  facet normal -0.5969479591364163 -0.5235093097941991 0.607940076522077
    outer loop
      vertex -2.119020954908732 -2.0708093406576737 2.119020954908732
      vertex -1.9404532457554629 -1.9404532457554629 2.4066122251152513
      vertex -2.177132372589886 -1.6705724258908847 2.4066122251152513
    endloop
  endfacet
  facet normal -0.5235093097941984 -0.5969479591364155 0.6079400765220785
    outer loop
      vertex -1.7372040682313397 -2.263968419522047 2.263968419522047
      vertex -1.6705724258908847 -2.177132372589886 2.4066122251152513
      vertex -1.9404532457554629 -1.9404532457554629 2.4066122251152513
    endloop
  endfacet
  facet normal -0.46672727873592895 -0.5322004619635771 0.7063485793639778
    outer loop
      vertex -1.6705724258908847 -2.177132372589886 2.4066122251152513
      vertex -1.7017318240654404 -1.7017318240654404 2.744215297298268
      vertex -1.9404532457554629 -1.9404532457554629 2.4066122251152513
    endloop
  endfacet
  facet normal -0.6601726633925671 -0.44111327101720016 0.6079400765220784
    outer loop
      vertex -2.388557783003201 -1.3790344789918738 2.388557783003201
      vertex -2.263968419522047 -1.7372040682313397 2.263968419522047
      vertex -2.177132372589886 -1.6705724258908847 2.4066122251152513
    endloop
  endfacet
  facet normal -0.6601726633925692 -0.4411132710172019 0.6079400765220747
    outer loop
      vertex -2.388557783003201 -1.3790344789918738 2.388557783003201
      vertex -2.177132372589886 -1.6705724258908847 2.4066122251152513
      vertex -2.3765601609141656 -1.372107648649134 2.4066122251152513
    endloop
  endfacet
  facet normal -0.5885675477331843 -0.39326826236786033 0.7063485793639777
    outer loop
      vertex -2.3765601609141656 -1.372107648649134 2.4066122251152513
      vertex -2.177132372589886 -1.6705724258908847 2.4066122251152513
      vertex -2.0841873240080018 -1.2033061125576257 2.744215297298268
    endloop
  endfacet
  facet normal -0.5322004619635771 -0.46672727873592895 0.7063485793639778
    outer loop
      vertex -2.177132372589886 -1.6705724258908847 2.4066122251152513
      vertex -1.9404532457554629 -1.9404532457554629 2.4066122251152513
      vertex -1.9092938475809067 -1.4650526972310174 2.744215297298268
    endloop
  endfacet
  facet normal -0.4411132710172003 -0.6601726633925669 0.6079400765220784
    outer loop
      vertex -1.7372040682313397 -2.263968419522047 2.263968419522047
      vertex -1.379034478991874 -2.388557783003201 2.388557783003201
      vertex -1.6705724258908847 -2.177132372589886 2.4066122251152513
    endloop
  endfacet
  facet normal -0.44111327101720055 -0.6601726633925672 0.6079400765220777
    outer loop
      vertex -1.6705724258908847 -2.177132372589886 2.4066122251152513
      vertex -1.379034478991874 -2.388557783003201 2.388557783003201
      vertex -1.372107648649134 -2.3765601609141656 2.4066122251152513
    endloop
  endfacet
  facet normal -0.39326826236786033 -0.5885675477331843 0.7063485793639778
    outer loop
      vertex -1.6705724258908847 -2.177132372589886 2.4066122251152513
      vertex -1.372107648649134 -2.3765601609141656 2.4066122251152513
      vertex -1.4650526972310174 -1.9092938475809067 2.744215297298268
    endloop
  endfacet
  facet normal -0.3130803169961171 -0.6348640795793232 0.7063485793639778
    outer loop
      vertex -1.372107648649134 -2.3765601609141656 2.4066122251152513
      vertex -1.0501657291188864 -2.5353243459782453 2.4066122251152513
      vertex -1.2033061125576257 -2.0841873240080018 2.744215297298268
    endloop
  endfacet
  facet normal -0.5885675477331843 -0.3932682623678604 0.7063485793639779
    outer loop
      vertex -2.177132372589886 -1.6705724258908847 2.4066122251152513
      vertex -1.9092938475809067 -1.4650526972310174 2.744215297298268
      vertex -2.0841873240080018 -1.2033061125576257 2.744215297298268
    endloop
  endfacet
  facet normal -0.5322004619635773 -0.4667272787359289 0.7063485793639777
    outer loop
      vertex -1.9404532457554629 -1.9404532457554629 2.4066122251152513
      vertex -1.7017318240654404 -1.7017318240654404 2.744215297298268
      vertex -1.9092938475809067 -1.4650526972310174 2.744215297298268
    endloop
  endfacet
  facet normal -0.5068493954076015 -0.3386659386536709 0.7927225696110695
    outer loop
      vertex -1.9092938475809067 -1.4650526972310174 2.744215297298268
      vertex -1.7561534641421668 -1.0139156752607739 3.03486408490429
      vertex -2.0841873240080018 -1.2033061125576257 2.744215297298268
    endloop
  endfacet
  facet normal -0.5068493954076017 -0.33866593865367073 0.7927225696110693
    outer loop
      vertex -1.9092938475809067 -1.4650526972310174 2.744215297298268
      vertex -1.6087867754835565 -1.2344655107321814 3.03486408490429
      vertex -1.7561534641421668 -1.0139156752607739 3.03486408490429
    endloop
  endfacet
  facet normal -0.46672727873592884 -0.5322004619635772 0.7063485793639779
    outer loop
      vertex -1.6705724258908847 -2.177132372589886 2.4066122251152513
      vertex -1.4650526972310174 -1.9092938475809067 2.744215297298268
      vertex -1.7017318240654404 -1.7017318240654404 2.744215297298268
    endloop
  endfacet
  facet normal -0.39326826236786044 -0.5885675477331842 0.7063485793639778
    outer loop
      vertex -1.372107648649134 -2.3765601609141656 2.4066122251152513
      vertex -1.2033061125576257 -2.0841873240080018 2.744215297298268
      vertex -1.4650526972310174 -1.9092938475809067 2.744215297298268
    endloop
  endfacet
  facet normal -0.33866593865367095 -0.5068493954076017 0.7927225696110695
    outer loop
      vertex -1.4650526972310174 -1.9092938475809067 2.744215297298268
      vertex -1.2033061125576257 -2.0841873240080018 2.744215297298268
      vertex -1.2344655107321814 -1.6087867754835565 3.03486408490429
    endloop
  endfacet
  facet normal -0.4583084531601958 -0.4019257262121098 0.7927225696110695
    outer loop
      vertex -1.7017318240654404 -1.7017318240654404 2.744215297298268
      vertex -1.6087867754835565 -1.2344655107321814 3.03486408490429
      vertex -1.9092938475809067 -1.4650526972310174 2.744215297298268
    endloop
  endfacet
  facet normal -0.4019257262121097 -0.45830845316019564 0.7927225696110696
    outer loop
      vertex -1.7017318240654404 -1.7017318240654404 2.744215297298268
      vertex -1.4650526972310174 -1.9092938475809067 2.744215297298268
      vertex -1.4338932990564612 -1.4338932990564612 3.03486408490429
    endloop
  endfacet
  facet normal -0.45830845316019536 -0.40192572621211 0.7927225696110696
    outer loop
      vertex -1.7017318240654404 -1.7017318240654404 2.744215297298268
      vertex -1.4338932990564612 -1.4338932990564612 3.03486408490429
      vertex -1.6087867754835565 -1.2344655107321814 3.03486408490429
    endloop
  endfacet
  facet normal -0.40192572621211003 -0.4583084531601955 0.7927225696110693
    outer loop
      vertex -1.4650526972310174 -1.9092938475809067 2.744215297298268
      vertex -1.2344655107321814 -1.6087867754835565 3.03486408490429
      vertex -1.4338932990564612 -1.4338932990564612 3.03486408490429
    endloop
  endfacet
  facet normal -0.3765243673402655 -0.3302030079006517 0.8655607282983527
    outer loop
      vertex -1.4338932990564612 -1.4338932990564612 3.03486408490429
      vertex -1.280752915617722 -0.9827562770862183 3.273585506594312
      vertex -1.6087867754835565 -1.2344655107321814 3.03486408490429
    endloop
  endfacet
  facet normal -0.33020300790065193 -0.3765243673402658 0.8655607282983526
    outer loop
      vertex -1.4338932990564612 -1.4338932990564612 3.03486408490429
      vertex -1.2344655107321814 -1.6087867754835565 3.03486408490429
      vertex -1.1415204621502981 -1.1415204621502981 3.273585506594312
    endloop
  endfacet
  facet normal -0.37652436734026634 -0.3302030079006513 0.8655607282983526
    outer loop
      vertex -1.4338932990564612 -1.4338932990564612 3.03486408490429
      vertex -1.1415204621502981 -1.1415204621502981 3.273585506594312
      vertex -1.280752915617722 -0.9827562770862183 3.273585506594312
    endloop
  endfacet
  facet normal -0.634864079579323 -0.3130803169961175 0.7063485793639778
    outer loop
      vertex -2.3765601609141656 -1.372107648649134 2.4066122251152513
      vertex -2.0841873240080018 -1.2033061125576257 2.744215297298268
      vertex -2.223419777475426 -0.9209706266788905 2.744215297298268
    endloop
  endfacet
  facet normal -0.5467180039743821 -0.2696114829889313 0.7927225696110693
    outer loop
      vertex -2.0841873240080018 -1.2033061125576257 2.744215297298268
      vertex -1.8734718801315788 -0.7760174614751214 3.03486408490429
      vertex -2.223419777475426 -0.9209706266788905 2.744215297298268
    endloop
  endfacet
  facet normal -0.5772321159142939 -0.1959439000998251 0.7927225696110696
    outer loop
      vertex -2.223419777475426 -0.9209706266788905 2.744215297298268
      vertex -1.9587346728274033 -0.524841373770942 3.03486408490429
      vertex -2.3246089021018226 -0.622877078036382 2.744215297298268
    endloop
  endfacet
  facet normal -0.5467180039743821 -0.2696114829889314 0.7927225696110695
    outer loop
      vertex -2.0841873240080018 -1.2033061125576257 2.744215297298268
      vertex -1.7561534641421668 -1.0139156752607739 3.03486408490429
      vertex -1.8734718801315788 -0.7760174614751214 3.03486408490429
    endloop
  endfacet
  facet normal -0.5772321159142939 -0.19594390009982485 0.7927225696110695
    outer loop
      vertex -2.223419777475426 -0.9209706266788905 2.744215297298268
      vertex -1.8734718801315788 -0.7760174614751214 3.03486408490429
      vertex -1.9587346728274033 -0.524841373770942 3.03486408490429
    endloop
  endfacet
  facet normal -0.5978696263119353 -0.11892366275409769 0.7927225696110691
    outer loop
      vertex -2.3246089021018226 -0.622877078036382 2.744215297298268
      vertex -2.0104829722073028 -0.2646851046480223 3.03486408490429
      vertex -2.3860233239099076 -0.3141259298945193 2.744215297298268
    endloop
  endfacet
  facet normal -0.5978696263119346 -0.11892366275409852 0.7927225696110695
    outer loop
      vertex -2.3246089021018226 -0.622877078036382 2.744215297298268
      vertex -1.9587346728274033 -0.524841373770942 3.03486408490429
      vertex -2.0104829722073028 -0.2646851046480223 3.03486408490429
    endloop
  endfacet
  facet normal -0.6082774216426022 -0.03986860856678122 0.7927225696110693
    outer loop
      vertex -2.3860233239099076 -0.3141259298945193 2.744215297298268
      vertex -2.0278313505215477 0 3.03486408490429
      vertex -2.4066122251152513 0 2.744215297298268
    endloop
  endfacet
  facet normal -0.6082774216426026 -0.03986860856678063 0.7927225696110691
    outer loop
      vertex -2.3860233239099076 -0.3141259298945193 2.744215297298268
      vertex -2.0104829722073028 -0.2646851046480223 3.03486408490429
      vertex -2.0278313505215477 0 3.03486408490429
    endloop
  endfacet
  facet normal -0.474226376918131 -0.16097816331020803 0.8655607282983526
    outer loop
      vertex -1.8734718801315788 -0.7760174614751214 3.03486408490429
      vertex -1.55934595023706 -0.4178254880867618 3.273585506594312
      vertex -1.9587346728274033 -0.524841373770942 3.03486408490429
    endloop
  endfacet
  facet normal -0.49118117121085964 -0.09770200957786535 0.8655607282983528
    outer loop
      vertex -2.0104829722073028 -0.2646851046480223 3.03486408490429
      vertex -1.9587346728274033 -0.524841373770942 3.03486408490429
      vertex -1.600542699439044 -0.21071544387642274 3.273585506594312
    endloop
  endfacet
  facet normal -0.4997317194830225 -0.0327541473735303 0.8655607282983526
    outer loop
      vertex -2.0104829722073028 -0.2646851046480223 3.03486408490429
      vertex -1.6143537192993547 0 3.273585506594312
      vertex -2.0278313505215477 0 3.03486408490429
    endloop
  endfacet
  facet normal -0.4164032904624113 -0.27823178344628763 0.8655607282983527
    outer loop
      vertex -1.7561534641421668 -1.0139156752607739 3.03486408490429
      vertex -1.6087867754835565 -1.2344655107321814 3.03486408490429
      vertex -1.3980713316071338 -0.8071768596496773 3.273585506594312
    endloop
  endfacet
  facet normal -0.4491574378359415 -0.22149993603673476 0.8655607282983526
    outer loop
      vertex -1.7561534641421668 -1.0139156752607739 3.03486408490429
      vertex -1.491468359494145 -0.6177864223528258 3.273585506594312
      vertex -1.8734718801315788 -0.7760174614751214 3.03486408490429
    endloop
  endfacet
  facet normal -0.47422637691813085 -0.16097816331020817 0.8655607282983526
    outer loop
      vertex -1.8734718801315788 -0.7760174614751214 3.03486408490429
      vertex -1.491468359494145 -0.6177864223528258 3.273585506594312
      vertex -1.55934595023706 -0.4178254880867618 3.273585506594312
    endloop
  endfacet
  facet normal -0.4491574378359413 -0.22149993603673485 0.8655607282983527
    outer loop
      vertex -1.7561534641421668 -1.0139156752607739 3.03486408490429
      vertex -1.3980713316071338 -0.8071768596496773 3.273585506594312
      vertex -1.491468359494145 -0.6177864223528258 3.273585506594312
    endloop
  endfacet
  facet normal -0.41640329046241104 -0.2782317834462878 0.8655607282983527
    outer loop
      vertex -1.6087867754835565 -1.2344655107321814 3.03486408490429
      vertex -1.280752915617722 -0.9827562770862183 3.273585506594312
      vertex -1.3980713316071338 -0.8071768596496773 3.273585506594312
    endloop
  endfacet
  facet normal -0.3438466281621314 -0.16956639193444212 0.9235890509462897
    outer loop
      vertex -1.3980713316071338 -0.8071768596496773 3.273585506594312
      vertex -1.0839454017126144 -0.4489848862613176 3.4562949726571355
      vertex -1.491468359494145 -0.6177864223528258 3.273585506594312
    endloop
  endfacet
  facet normal -0.31877211712436127 -0.21299671902680678 0.9235890509462896
    outer loop
      vertex -1.3980713316071338 -0.8071768596496773 3.273585506594312
      vertex -1.280752915617722 -0.9827562770862183 3.273585506594312
      vertex -1.0160678109696994 -0.5866270241782698 3.4562949726571355
    endloop
  endfacet
  facet normal -0.49118117121085997 -0.09770200957786492 0.8655607282983527
    outer loop
      vertex -1.9587346728274033 -0.524841373770942 3.03486408490429
      vertex -1.55934595023706 -0.4178254880867618 3.273585506594312
      vertex -1.600542699439044 -0.21071544387642274 3.273585506594312
    endloop
  endfacet
  facet normal -0.4997317194830224 -0.03275414737353052 0.8655607282983528
    outer loop
      vertex -2.0104829722073028 -0.2646851046480223 3.03486408490429
      vertex -1.600542699439044 -0.21071544387642274 3.273585506594312
      vertex -1.6143537192993547 0 3.273585506594312
    endloop
  endfacet
  facet normal -0.38256311096124873 -0.025074511037770492 0.9235890509462896
    outer loop
      vertex -1.600542699439044 -0.21071544387642274 3.273585506594312
      vertex -1.1732540483565397 0 3.4562949726571355
      vertex -1.6143537192993547 0 3.273585506594312
    endloop
  endfacet
  facet normal -0.3630378280597522 -0.12323473686339291 0.9235890509462897
    outer loop
      vertex -1.55934595023706 -0.4178254880867618 3.273585506594312
      vertex -1.491468359494145 -0.6177864223528258 3.273585506594312
      vertex -1.133276386105785 -0.3036604924583063 3.4562949726571355
    endloop
  endfacet
  facet normal -0.37601735006616915 -0.07479450127748703 0.9235890509462896
    outer loop
      vertex -1.55934595023706 -0.4178254880867618 3.273585506594312
      vertex -1.1632166973291114 -0.15314038343873937 3.4562949726571355
      vertex -1.600542699439044 -0.21071544387642274 3.273585506594312
    endloop
  endfacet
  facet normal -0.3630378280597522 -0.12323473686339294 0.9235890509462897
    outer loop
      vertex -1.491468359494145 -0.6177864223528258 3.273585506594312
      vertex -1.0839454017126144 -0.4489848862613176 3.4562949726571355
      vertex -1.133276386105785 -0.3036604924583063 3.4562949726571355
    endloop
  endfacet
  facet normal -0.3760173500661689 -0.07479450127748734 0.9235890509462897
    outer loop
      vertex -1.55934595023706 -0.4178254880867618 3.273585506594312
      vertex -1.133276386105785 -0.3036604924583063 3.4562949726571355
      vertex -1.1632166973291114 -0.15314038343873937 3.4562949726571355
    endloop
  endfacet
  facet normal -0.3825631109612488 -0.025074511037770437 0.9235890509462897
    outer loop
      vertex -1.600542699439044 -0.21071544387642274 3.273585506594312
      vertex -1.1632166973291114 -0.15314038343873937 3.4562949726571355
      vertex -1.1732540483565397 0 3.4562949726571355
    endloop
  endfacet
  facet normal -0.313080316996118 -0.6348640795793239 0.7063485793639769
    outer loop
      vertex -1.0714780051928068 -2.4625632687419783 2.4625632687419783
      vertex -0.9209706266788905 -2.223419777475426 2.744215297298268
      vertex -1.2033061125576257 -2.0841873240080018 2.744215297298268
    endloop
  endfacet
  facet normal -0.2696114829889313 -0.5467180039743821 0.7927225696110693
    outer loop
      vertex -1.2033061125576257 -2.0841873240080018 2.744215297298268
      vertex -0.9209706266788905 -2.223419777475426 2.744215297298268
      vertex -1.0139156752607739 -1.7561534641421668 3.03486408490429
    endloop
  endfacet
  facet normal -0.33866593865367073 -0.5068493954076017 0.7927225696110695
    outer loop
      vertex -1.2033061125576257 -2.0841873240080018 2.744215297298268
      vertex -1.0139156752607739 -1.7561534641421668 3.03486408490429
      vertex -1.2344655107321814 -1.6087867754835565 3.03486408490429
    endloop
  endfacet
  facet normal -0.26961148298893145 -0.5467180039743821 0.7927225696110695
    outer loop
      vertex -0.9209706266788905 -2.223419777475426 2.744215297298268
      vertex -0.7760174614751214 -1.8734718801315788 3.03486408490429
      vertex -1.0139156752607739 -1.7561534641421668 3.03486408490429
    endloop
  endfacet
  facet normal -0.19594390009982515 -0.577232115914294 0.7927225696110695
    outer loop
      vertex -0.9209706266788905 -2.223419777475426 2.744215297298268
      vertex -0.622877078036382 -2.3246089021018226 2.744215297298268
      vertex -0.7760174614751214 -1.8734718801315788 3.03486408490429
    endloop
  endfacet
  facet normal -0.19594390009982474 -0.5772321159142939 0.7927225696110695
    outer loop
      vertex -0.622877078036382 -2.3246089021018226 2.744215297298268
      vertex -0.524841373770942 -1.9587346728274033 3.03486408490429
      vertex -0.7760174614751214 -1.8734718801315788 3.03486408490429
    endloop
  endfacet
  facet normal -0.11892366275409763 -0.597869626311935 0.7927225696110696
    outer loop
      vertex -0.622877078036382 -2.3246089021018226 2.744215297298268
      vertex -0.3141259298945193 -2.3860233239099076 2.744215297298268
      vertex -0.524841373770942 -1.9587346728274033 3.03486408490429
    endloop
  endfacet
  facet normal -0.11892366275409863 -0.5978696263119352 0.7927225696110691
    outer loop
      vertex -0.3141259298945193 -2.3860233239099076 2.744215297298268
      vertex -0.2646851046480223 -2.0104829722073028 3.03486408490429
      vertex -0.524841373770942 -1.9587346728274033 3.03486408490429
    endloop
  endfacet
  facet normal -0.03986860856678125 -0.6082774216426026 0.7927225696110691
    outer loop
      vertex -0.3141259298945193 -2.3860233239099076 2.744215297298268
      vertex 0 -2.4066122251152513 2.744215297298268
      vertex -0.2646851046480223 -2.0104829722073028 3.03486408490429
    endloop
  endfacet
  facet normal -0.03986860856678058 -0.6082774216426021 0.7927225696110693
    outer loop
      vertex -0.2646851046480223 -2.0104829722073028 3.03486408490429
      vertex 0 -2.4066122251152513 2.744215297298268
      vertex 0 -2.0278313505215477 3.03486408490429
    endloop
  endfacet
  facet normal -0.16097816331020803 -0.474226376918131 0.8655607282983527
    outer loop
      vertex -0.7760174614751214 -1.8734718801315788 3.03486408490429
      vertex -0.524841373770942 -1.9587346728274033 3.03486408490429
      vertex -0.6177864223528258 -1.491468359494145 3.273585506594312
    endloop
  endfacet
  facet normal -0.2782317834462875 -0.4164032904624112 0.8655607282983527
    outer loop
      vertex -1.0139156752607739 -1.7561534641421668 3.03486408490429
      vertex -0.9827562770862183 -1.280752915617722 3.273585506594312
      vertex -1.2344655107321814 -1.6087867754835565 3.03486408490429
    endloop
  endfacet
  facet normal -0.2782317834462879 -0.41640329046241115 0.8655607282983527
    outer loop
      vertex -1.0139156752607739 -1.7561534641421668 3.03486408490429
      vertex -0.8071768596496773 -1.3980713316071338 3.273585506594312
      vertex -0.9827562770862183 -1.280752915617722 3.273585506594312
    endloop
  endfacet
  facet normal -0.33020300790065116 -0.376524367340266 0.8655607282983528
    outer loop
      vertex -1.2344655107321814 -1.6087867754835565 3.03486408490429
      vertex -0.9827562770862183 -1.280752915617722 3.273585506594312
      vertex -1.1415204621502981 -1.1415204621502981 3.273585506594312
    endloop
  endfacet
  facet normal -0.2214999360367347 -0.44915743783594136 0.8655607282983526
    outer loop
      vertex -1.0139156752607739 -1.7561534641421668 3.03486408490429
      vertex -0.7760174614751214 -1.8734718801315788 3.03486408490429
      vertex -0.8071768596496773 -1.3980713316071338 3.273585506594312
    endloop
  endfacet
  facet normal -0.22149993603673493 -0.44915743783594153 0.8655607282983527
    outer loop
      vertex -0.7760174614751214 -1.8734718801315788 3.03486408490429
      vertex -0.6177864223528258 -1.491468359494145 3.273585506594312
      vertex -0.8071768596496773 -1.3980713316071338 3.273585506594312
    endloop
  endfacet
  facet normal -0.21299671902680684 -0.3187721171243613 0.9235890509462896
    outer loop
      vertex -0.8071768596496773 -1.3980713316071338 3.273585506594312
      vertex -0.7142318110677938 -0.9308050182738751 3.4562949726571355
      vertex -0.9827562770862183 -1.280752915617722 3.273585506594312
    endloop
  endfacet
  facet normal -0.16956639193444217 -0.3438466281621315 0.9235890509462897
    outer loop
      vertex -0.8071768596496773 -1.3980713316071338 3.273585506594312
      vertex -0.6177864223528258 -1.491468359494145 3.273585506594312
      vertex -0.5866270241782698 -1.0160678109696994 3.4562949726571355
    endloop
  endfacet
  facet normal -0.09770200957786537 -0.49118117121085975 0.8655607282983526
    outer loop
      vertex -0.2646851046480223 -2.0104829722073028 3.03486408490429
      vertex -0.4178254880867618 -1.55934595023706 3.273585506594312
      vertex -0.524841373770942 -1.9587346728274033 3.03486408490429
    endloop
  endfacet
  facet normal -0.032754147373530294 -0.49973171948302236 0.8655607282983527
    outer loop
      vertex -0.2646851046480223 -2.0104829722073028 3.03486408490429
      vertex 0 -2.0278313505215477 3.03486408490429
      vertex -0.21071544387642274 -1.600542699439044 3.273585506594312
    endloop
  endfacet
  facet normal -0.16097816331020817 -0.4742263769181309 0.8655607282983526
    outer loop
      vertex -0.524841373770942 -1.9587346728274033 3.03486408490429
      vertex -0.4178254880867618 -1.55934595023706 3.273585506594312
      vertex -0.6177864223528258 -1.491468359494145 3.273585506594312
    endloop
  endfacet
  facet normal -0.09770200957786486 -0.49118117121085975 0.8655607282983528
    outer loop
      vertex -0.2646851046480223 -2.0104829722073028 3.03486408490429
      vertex -0.21071544387642274 -1.600542699439044 3.273585506594312
      vertex -0.4178254880867618 -1.55934595023706 3.273585506594312
    endloop
  endfacet
  facet normal -0.12323473686339291 -0.3630378280597522 0.9235890509462897
    outer loop
      vertex -0.6177864223528258 -1.491468359494145 3.273585506594312
      vertex -0.4178254880867618 -1.55934595023706 3.273585506594312
      vertex -0.4489848862613176 -1.0839454017126144 3.4562949726571355
    endloop
  endfacet
  facet normal -0.074794501277487 -0.37601735006616904 0.9235890509462896
    outer loop
      vertex -0.4178254880867618 -1.55934595023706 3.273585506594312
      vertex -0.21071544387642274 -1.600542699439044 3.273585506594312
      vertex -0.3036604924583063 -1.133276386105785 3.4562949726571355
    endloop
  endfacet
  facet normal -0.03275414737353058 -0.4997317194830224 0.8655607282983527
    outer loop
      vertex -0.21071544387642274 -1.600542699439044 3.273585506594312
      vertex 0 -2.0278313505215477 3.03486408490429
      vertex 0 -1.6143537192993547 3.273585506594312
    endloop
  endfacet
  facet normal -0.025074511037770492 -0.38256311096124873 0.9235890509462896
    outer loop
      vertex -0.21071544387642274 -1.600542699439044 3.273585506594312
      vertex 0 -1.6143537192993547 3.273585506594312
      vertex -0.15314038343873937 -1.1632166973291114 3.4562949726571355
    endloop
  endfacet
  facet normal -0.16956639193444187 -0.3438466281621315 0.9235890509462897
    outer loop
      vertex -0.6177864223528258 -1.491468359494145 3.273585506594312
      vertex -0.4489848862613176 -1.0839454017126144 3.4562949726571355
      vertex -0.5866270241782698 -1.0160678109696994 3.4562949726571355
    endloop
  endfacet
  facet normal -0.12323473686339294 -0.36303782805975227 0.9235890509462897
    outer loop
      vertex -0.4178254880867618 -1.55934595023706 3.273585506594312
      vertex -0.3036604924583063 -1.133276386105785 3.4562949726571355
      vertex -0.4489848862613176 -1.0839454017126144 3.4562949726571355
    endloop
  endfacet
  facet normal -0.07479450127748742 -0.3760173500661691 0.9235890509462895
    outer loop
      vertex -0.21071544387642274 -1.600542699439044 3.273585506594312
      vertex -0.15314038343873937 -1.1632166973291114 3.4562949726571355
      vertex -0.3036604924583063 -1.133276386105785 3.4562949726571355
    endloop
  endfacet
  facet normal -0.025074511037770388 -0.38256311096124873 0.9235890509462897
    outer loop
      vertex -0.15314038343873937 -1.1632166973291114 3.4562949726571355
      vertex 0 -1.6143537192993547 3.273585506594312
      vertex 0 -1.1732540483565397 3.4562949726571355
    endloop
  endfacet
  facet normal -0.2882433267822654 -0.2527826132027758 0.9235890509462896
    outer loop
      vertex -1.1415204621502981 -1.1415204621502981 3.273585506594312
      vertex -0.9308050182738751 -0.7142318110677938 3.4562949726571355
      vertex -1.280752915617722 -0.9827562770862183 3.273585506594312
    endloop
  endfacet
  facet normal -0.2527826132027757 -0.2882433267822653 0.9235890509462896
    outer loop
      vertex -1.1415204621502981 -1.1415204621502981 3.273585506594312
      vertex -0.9827562770862183 -1.280752915617722 3.273585506594312
      vertex -0.8296158936474788 -0.8296158936474788 3.4562949726571355
    endloop
  endfacet
  facet normal -0.28824332678226505 -0.252782613202776 0.9235890509462897
    outer loop
      vertex -1.1415204621502981 -1.1415204621502981 3.273585506594312
      vertex -0.8296158936474788 -0.8296158936474788 3.4562949726571355
      vertex -0.9308050182738751 -0.7142318110677938 3.4562949726571355
    endloop
  endfacet
  facet normal -0.3187721171243615 -0.21299671902680672 0.9235890509462897
    outer loop
      vertex -1.280752915617722 -0.9827562770862183 3.273585506594312
      vertex -0.9308050182738751 -0.7142318110677938 3.4562949726571355
      vertex -1.0160678109696994 -0.5866270241782698 3.4562949726571355
    endloop
  endfacet
  facet normal -0.3438466281621316 -0.1695663919344421 0.9235890509462897
    outer loop
      vertex -1.3980713316071338 -0.8071768596496773 3.273585506594312
      vertex -1.0160678109696994 -0.5866270241782698 3.4562949726571355
      vertex -1.0839454017126144 -0.4489848862613176 3.4562949726571355
    endloop
  endfacet
  facet normal -0.2527826132027761 -0.2882433267822651 0.9235890509462897
    outer loop
      vertex -0.9827562770862183 -1.280752915617722 3.273585506594312
      vertex -0.7142318110677938 -0.9308050182738751 3.4562949726571355
      vertex -0.8296158936474788 -0.8296158936474788 3.4562949726571355
    endloop
  endfacet
  facet normal -0.21299671902680659 -0.3187721171243613 0.9235890509462897
    outer loop
      vertex -0.8071768596496773 -1.3980713316071338 3.273585506594312
      vertex -0.5866270241782698 -1.0160678109696994 3.4562949726571355
      vertex -0.7142318110677938 -0.9308050182738751 3.4562949726571355
    endloop
  endfacet
  facet normal -0.19497993507472722 -0.17099281381639156 0.9657868722142624
    outer loop
      vertex -0.9308050182738751 -0.7142318110677938 3.4562949726571355
      vertex -0.8296158936474788 -0.8296158936474788 3.4562949726571355
      vertex -0.5649307889994564 -0.4334866407395304 3.579866273471791
    endloop
  endfacet
  facet normal -0.1709928138163915 -0.19497993507472716 0.9657868722142624
    outer loop
      vertex -0.7142318110677938 -0.9308050182738751 3.4562949726571355
      vertex -0.5035163671913709 -0.5035163671913709 3.579866273471791
      vertex -0.8296158936474788 -0.8296158936474788 3.4562949726571355
    endloop
  endfacet
  facet normal -0.19497993507472713 -0.17099281381639153 0.9657868722142623
    outer loop
      vertex -0.8296158936474788 -0.8296158936474788 3.4562949726571355
      vertex -0.5035163671913709 -0.5035163671913709 3.579866273471791
      vertex -0.5649307889994564 -0.4334866407395304 3.579866273471791
    endloop
  endfacet
  facet normal -0.2455740881669414 -0.0833611700947585 0.9657868722142625
    outer loop
      vertex -1.0839454017126144 -0.4489848862613176 3.4562949726571355
      vertex -0.6878161488046661 -0.1842997816132952 3.579866273471791
      vertex -1.133276386105785 -0.3036604924583063 3.4562949726571355
    endloop
  endfacet
  facet normal -0.23259235168819625 -0.11470185436489858 0.9657868722142625
    outer loop
      vertex -1.0160678109696994 -0.5866270241782698 3.4562949726571355
      vertex -0.6578758375813398 -0.27250109428375047 3.579866273471791
      vertex -1.0839454017126144 -0.4489848862613176 3.4562949726571355
    endloop
  endfacet
  facet normal -0.25435398391114994 -0.05059415309221433 0.9657868722142623
    outer loop
      vertex -1.1632166973291114 -0.15314038343873937 3.4562949726571355
      vertex -1.133276386105785 -0.3036604924583063 3.4562949726571355
      vertex -0.7059877350232808 -0.09294504858188353 3.579866273471791
    endloop
  endfacet
  facet normal -0.25878181247039156 -0.016961456102913015 0.9657868722142624
    outer loop
      vertex -1.1632166973291114 -0.15314038343873937 3.4562949726571355
      vertex -0.7120796753588681 0 3.579866273471791
      vertex -1.1732540483565397 0 3.4562949726571355
    endloop
  endfacet
  facet normal -0.21563089558528337 -0.14407995810549298 0.9657868722142624
    outer loop
      vertex -0.9308050182738751 -0.7142318110677938 3.4562949726571355
      vertex -0.6166790883793557 -0.35603983767943403 3.579866273471791
      vertex -1.0160678109696994 -0.5866270241782698 3.4562949726571355
    endloop
  endfacet
  facet normal -0.24557408816694146 -0.0833611700947585 0.9657868722142623
    outer loop
      vertex -1.0839454017126144 -0.4489848862613176 3.4562949726571355
      vertex -0.6578758375813398 -0.27250109428375047 3.579866273471791
      vertex -0.6878161488046661 -0.1842997816132952 3.579866273471791
    endloop
  endfacet
  facet normal -0.2325923516881963 -0.11470185436489844 0.9657868722142625
    outer loop
      vertex -1.0160678109696994 -0.5866270241782698 3.4562949726571355
      vertex -0.6166790883793557 -0.35603983767943403 3.579866273471791
      vertex -0.6578758375813398 -0.27250109428375047 3.579866273471791
    endloop
  endfacet
  facet normal -0.2156308955852834 -0.14407995810549307 0.9657868722142625
    outer loop
      vertex -0.9308050182738751 -0.7142318110677938 3.4562949726571355
      vertex -0.5649307889994564 -0.4334866407395304 3.579866273471791
      vertex -0.6166790883793557 -0.35603983767943403 3.579866273471791
    endloop
  endfacet
  facet normal -0.25435398391115005 -0.05059415309221422 0.9657868722142623
    outer loop
      vertex -1.133276386105785 -0.3036604924583063 3.4562949726571355
      vertex -0.6878161488046661 -0.1842997816132952 3.579866273471791
      vertex -0.7059877350232808 -0.09294504858188353 3.579866273471791
    endloop
  endfacet
  facet normal -0.25878181247039156 -0.016961456102913237 0.9657868722142625
    outer loop
      vertex -1.1632166973291114 -0.15314038343873937 3.4562949726571355
      vertex -0.7059877350232808 -0.09294504858188353 3.579866273471791
      vertex -0.7120796753588681 0 3.579866273471791
    endloop
  endfacet
  facet normal -0.11470185436489858 -0.23259235168819625 0.9657868722142623
    outer loop
      vertex -0.5866270241782698 -1.0160678109696994 3.4562949726571355
      vertex -0.4489848862613176 -1.0839454017126144 3.4562949726571355
      vertex -0.35603983767943403 -0.6166790883793557 3.579866273471791
    endloop
  endfacet
  facet normal -0.0833611700947585 -0.2455740881669414 0.9657868722142625
    outer loop
      vertex -0.4489848862613176 -1.0839454017126144 3.4562949726571355
      vertex -0.3036604924583063 -1.133276386105785 3.4562949726571355
      vertex -0.27250109428375047 -0.6578758375813398 3.579866273471791
    endloop
  endfacet
  facet normal -0.14407995810549298 -0.21563089558528337 0.9657868722142624
    outer loop
      vertex -0.7142318110677938 -0.9308050182738751 3.4562949726571355
      vertex -0.5866270241782698 -1.0160678109696994 3.4562949726571355
      vertex -0.4334866407395304 -0.5649307889994564 3.579866273471791
    endloop
  endfacet
  facet normal -0.144079958105493 -0.21563089558528334 0.9657868722142625
    outer loop
      vertex -0.5866270241782698 -1.0160678109696994 3.4562949726571355
      vertex -0.35603983767943403 -0.6166790883793557 3.579866273471791
      vertex -0.4334866407395304 -0.5649307889994564 3.579866273471791
    endloop
  endfacet
  facet normal -0.17099281381639167 -0.1949799350747272 0.9657868722142623
    outer loop
      vertex -0.7142318110677938 -0.9308050182738751 3.4562949726571355
      vertex -0.4334866407395304 -0.5649307889994564 3.579866273471791
      vertex -0.5035163671913709 -0.5035163671913709 3.579866273471791
    endloop
  endfacet
  facet normal -0.1147018543648984 -0.23259235168819628 0.9657868722142623
    outer loop
      vertex -0.4489848862613176 -1.0839454017126144 3.4562949726571355
      vertex -0.27250109428375047 -0.6578758375813398 3.579866273471791
      vertex -0.35603983767943403 -0.6166790883793557 3.579866273471791
    endloop
  endfacet
  facet normal -0.05059415309221433 -0.25435398391114994 0.9657868722142623
    outer loop
      vertex -0.3036604924583063 -1.133276386105785 3.4562949726571355
      vertex -0.15314038343873937 -1.1632166973291114 3.4562949726571355
      vertex -0.1842997816132952 -0.6878161488046661 3.579866273471791
    endloop
  endfacet
  facet normal -0.016961456102913015 -0.25878181247039156 0.9657868722142624
    outer loop
      vertex -0.15314038343873937 -1.1632166973291114 3.4562949726571355
      vertex 0 -1.1732540483565397 3.4562949726571355
      vertex -0.09294504858188353 -0.7059877350232808 3.579866273471791
    endloop
  endfacet
  facet normal -0.08336117009475848 -0.2455740881669414 0.9657868722142623
    outer loop
      vertex -0.3036604924583063 -1.133276386105785 3.4562949726571355
      vertex -0.1842997816132952 -0.6878161488046661 3.579866273471791
      vertex -0.27250109428375047 -0.6578758375813398 3.579866273471791
    endloop
  endfacet
  facet normal -0.05059415309221421 -0.25435398391115 0.9657868722142625
    outer loop
      vertex -0.15314038343873937 -1.1632166973291114 3.4562949726571355
      vertex -0.09294504858188353 -0.7059877350232808 3.579866273471791
      vertex -0.1842997816132952 -0.6878161488046661 3.579866273471791
    endloop
  endfacet
  facet normal -0.0169614561029132 -0.25878181247039156 0.9657868722142623
    outer loop
      vertex -0.09294504858188353 -0.7059877350232808 3.579866273471791
      vertex 0 -1.1732540483565397 3.4562949726571355
      vertex 0 -0.7120796753588681 3.579866273471791
    endloop
  endfacet
  facet normal -0.10875744908110929 -0.07266940419059303 0.9914085812438552
    outer loop
      vertex -0.6166790883793557 -0.35603983767943403 3.579866273471791
      vertex -0.5649307889994564 -0.4334866407395304 3.579866273471791
      vertex -0.2067388156110967 -0.11936071084501108 3.6421850698209024
    endloop
  endfacet
  facet normal -0.07266940419059303 -0.10875744908110929 0.9914085812438554
    outer loop
      vertex -0.4334866407395304 -0.5649307889994564 3.579866273471791
      vertex -0.35603983767943403 -0.6166790883793557 3.579866273471791
      vertex -0.1453243938030113 -0.1893904372968516 3.6421850698209024
    endloop
  endfacet
  facet normal -0.08624340306798334 -0.09834175340769163 0.9914085812438554
    outer loop
      vertex -0.5035163671913709 -0.5035163671913709 3.579866273471791
      vertex -0.4334866407395304 -0.5649307889994564 3.579866273471791
      vertex -0.16880153609150805 -0.16880153609150805 3.6421850698209024
    endloop
  endfacet
  facet normal -0.0983417534076916 -0.08624340306798331 0.9914085812438552
    outer loop
      vertex -0.5035163671913709 -0.5035163671913709 3.579866273471791
      vertex -0.1893904372968516 -0.1453243938030113 3.6421850698209024
      vertex -0.5649307889994564 -0.4334866407395304 3.579866273471791
    endloop
  endfacet
  facet normal -0.12385985466954016 -0.04204475516977423 0.9914085812438552
    outer loop
      vertex -0.6878161488046661 -0.1842997816132952 3.579866273471791
      vertex -0.6578758375813398 -0.27250109428375047 3.579866273471791
      vertex -0.23058718649883578 -0.06178565040732772 3.6421850698209024
    endloop
  endfacet
  facet normal -0.11731227464748763 -0.05785201165973658 0.9914085812438554
    outer loop
      vertex -0.6166790883793557 -0.35603983767943403 3.579866273471791
      vertex -0.2205498354714074 -0.09135473303141167 3.6421850698209024
      vertex -0.6578758375813398 -0.27250109428375047 3.579866273471791
    endloop
  endfacet
  facet normal -0.12828815823775752 -0.02551810126184847 0.9914085812438552
    outer loop
      vertex -0.6878161488046661 -0.1842997816132952 3.579866273471791
      vertex -0.23667912683442296 -0.031159398174555823 3.6421850698209024
      vertex -0.7059877350232808 -0.09294504858188353 3.579866273471791
    endloop
  endfacet
  facet normal -0.13052141585032973 -0.0085548255663784 0.9914085812438552
    outer loop
      vertex -0.7059877350232808 -0.09294504858188353 3.579866273471791
      vertex -0.23872142169002217 0 3.6421850698209024
      vertex -0.7120796753588681 0 3.579866273471791
    endloop
  endfacet
  facet normal -0.10875744908110915 -0.0726694041905933 0.9914085812438553
    outer loop
      vertex -0.5649307889994564 -0.4334866407395304 3.579866273471791
      vertex -0.1893904372968516 -0.1453243938030113 3.6421850698209024
      vertex -0.2067388156110967 -0.11936071084501108 3.6421850698209024
    endloop
  endfacet
  facet normal -0.11731227464748775 -0.05785201165973655 0.9914085812438553
    outer loop
      vertex -0.6166790883793557 -0.35603983767943403 3.579866273471791
      vertex -0.2067388156110967 -0.11936071084501108 3.6421850698209024
      vertex -0.2205498354714074 -0.09135473303141167 3.6421850698209024
    endloop
  endfacet
  facet normal -0.12385985466953997 -0.042044755169774496 0.9914085812438553
    outer loop
      vertex -0.6578758375813398 -0.27250109428375047 3.579866273471791
      vertex -0.2205498354714074 -0.09135473303141167 3.6421850698209024
      vertex -0.23058718649883578 -0.06178565040732772 3.6421850698209024
    endloop
  endfacet
  facet normal -0.12828815823775752 -0.02551810126184828 0.9914085812438553
    outer loop
      vertex -0.6878161488046661 -0.1842997816132952 3.579866273471791
      vertex -0.23058718649883578 -0.06178565040732772 3.6421850698209024
      vertex -0.23667912683442296 -0.031159398174555823 3.6421850698209024
    endloop
  endfacet
  facet normal -0.1305214158503297 -0.008554825566378581 0.9914085812438553
    outer loop
      vertex -0.7059877350232808 -0.09294504858188353 3.579866273471791
      vertex -0.23667912683442296 -0.031159398174555823 3.6421850698209024
      vertex -0.23872142169002217 0 3.6421850698209024
    endloop
  endfacet
  facet normal -0.05785201165973658 -0.11731227464748763 0.9914085812438552
    outer loop
      vertex -0.35603983767943403 -0.6166790883793557 3.579866273471791
      vertex -0.27250109428375047 -0.6578758375813398 3.579866273471791
      vertex -0.11936071084501108 -0.2067388156110967 3.6421850698209024
    endloop
  endfacet
  facet normal -0.04204475516977422 -0.12385985466954014 0.9914085812438552
    outer loop
      vertex -0.1842997816132952 -0.6878161488046661 3.579866273471791
      vertex -0.09135473303141167 -0.2205498354714074 3.6421850698209024
      vertex -0.27250109428375047 -0.6578758375813398 3.579866273471791
    endloop
  endfacet
  facet normal -0.08624340306798303 -0.09834175340769181 0.9914085812438553
    outer loop
      vertex -0.4334866407395304 -0.5649307889994564 3.579866273471791
      vertex -0.1453243938030113 -0.1893904372968516 3.6421850698209024
      vertex -0.16880153609150805 -0.16880153609150805 3.6421850698209024
    endloop
  endfacet
  facet normal -0.07266940419059316 -0.10875744908110915 0.9914085812438553
    outer loop
      vertex -0.35603983767943403 -0.6166790883793557 3.579866273471791
      vertex -0.11936071084501108 -0.2067388156110967 3.6421850698209024
      vertex -0.1453243938030113 -0.1893904372968516 3.6421850698209024
    endloop
  endfacet
  facet normal -0.057852011659736406 -0.1173122746474877 0.9914085812438553
    outer loop
      vertex -0.27250109428375047 -0.6578758375813398 3.579866273471791
      vertex -0.09135473303141167 -0.2205498354714074 3.6421850698209024
      vertex -0.11936071084501108 -0.2067388156110967 3.6421850698209024
    endloop
  endfacet
  facet normal -0.025518101261848475 -0.12828815823775755 0.9914085812438552
    outer loop
      vertex -0.1842997816132952 -0.6878161488046661 3.579866273471791
      vertex -0.09294504858188353 -0.7059877350232808 3.579866273471791
      vertex -0.06178565040732772 -0.23058718649883578 3.6421850698209024
    endloop
  endfacet
  facet normal -0.0085548255663784 -0.13052141585032973 0.9914085812438552
    outer loop
      vertex -0.09294504858188353 -0.7059877350232808 3.579866273471791
      vertex 0 -0.7120796753588681 3.579866273471791
      vertex -0.031159398174555823 -0.23667912683442296 3.6421850698209024
    endloop
  endfacet
  facet normal -0.04204475516977461 -0.12385985466954008 0.9914085812438553
    outer loop
      vertex -0.1842997816132952 -0.6878161488046661 3.579866273471791
      vertex -0.06178565040732772 -0.23058718649883578 3.6421850698209024
      vertex -0.09135473303141167 -0.2205498354714074 3.6421850698209024
    endloop
  endfacet
  facet normal -0.025518101261848367 -0.12828815823775752 0.9914085812438553
    outer loop
      vertex -0.09294504858188353 -0.7059877350232808 3.579866273471791
      vertex -0.031159398174555823 -0.23667912683442296 3.6421850698209024
      vertex -0.06178565040732772 -0.23058718649883578 3.6421850698209024
    endloop
  endfacet
  facet normal -0.008554825566378337 -0.13052141585032973 0.9914085812438553
    outer loop
      vertex -0.031159398174555823 -0.23667912683442296 3.6421850698209024
      vertex 0 -0.7120796753588681 3.579866273471791
      vertex 0 -0.23872142169002217 3.6421850698209024
    endloop
  endfacet
  facet normal -0.09834175340769162 -0.08624340306798316 0.9914085812438553
    outer loop
      vertex -0.5035163671913709 -0.5035163671913709 3.579866273471791
      vertex -0.16880153609150805 -0.16880153609150805 3.6421850698209024
      vertex -0.1893904372968516 -0.1453243938030113 3.6421850698209024
    endloop
  endfacet
  facet normal 0 0 1
    outer loop
      vertex -0.23058718649883578 -0.06178565040732772 3.6421850698209024
      vertex -0.23667912683442296 0.031159398174555823 3.6421850698209024
      vertex -0.23667912683442296 -0.031159398174555823 3.6421850698209024
    endloop
  endfacet
  facet normal 0 0 1
    outer loop
      vertex -0.2205498354714074 -0.09135473303141167 3.6421850698209024
      vertex -0.23058718649883578 0.06178565040732772 3.6421850698209024
      vertex -0.23058718649883578 -0.06178565040732772 3.6421850698209024
    endloop
  endfacet
  facet normal 0 0 1
    outer loop
      vertex -0.2205498354714074 -0.09135473303141167 3.6421850698209024
      vertex -0.2067388156110967 -0.11936071084501108 3.6421850698209024
      vertex -0.2205498354714074 0.09135473303141167 3.6421850698209024
    endloop
  endfacet
  facet normal 0 0 1
    outer loop
      vertex -0.1893904372968516 -0.1453243938030113 3.6421850698209024
      vertex -0.2067388156110967 0.11936071084501108 3.6421850698209024
      vertex -0.2067388156110967 -0.11936071084501108 3.6421850698209024
    endloop
  endfacet
  facet normal 0 0 1
    outer loop
      vertex -0.16880153609150805 -0.16880153609150805 3.6421850698209024
      vertex -0.1893904372968516 0.1453243938030113 3.6421850698209024
      vertex -0.1893904372968516 -0.1453243938030113 3.6421850698209024
    endloop
  endfacet
  facet normal 0 0 1
    outer loop
      vertex -0.16880153609150805 -0.16880153609150805 3.6421850698209024
      vertex -0.1453243938030113 -0.1893904372968516 3.6421850698209024
      vertex -0.16880153609150805 0.16880153609150805 3.6421850698209024
    endloop
  endfacet
  facet normal 0 0 1
    outer loop
      vertex -0.09135473303141167 -0.2205498354714074 3.6421850698209024
      vertex -0.11936071084501108 0.2067388156110967 3.6421850698209024
      vertex -0.11936071084501108 -0.2067388156110967 3.6421850698209024
    endloop
  endfacet
  facet normal 0 0 1
    outer loop
      vertex -0.09135473303141167 -0.2205498354714074 3.6421850698209024
      vertex -0.06178565040732772 -0.23058718649883578 3.6421850698209024
      vertex -0.09135473303141167 0.2205498354714074 3.6421850698209024
    endloop
  endfacet
  facet normal 0 0 1
    outer loop
      vertex -0.1453243938030113 -0.1893904372968516 3.6421850698209024
      vertex -0.11936071084501108 -0.2067388156110967 3.6421850698209024
      vertex -0.1453243938030113 0.1893904372968516 3.6421850698209024
    endloop
  endfacet
  facet normal 0 0 1
    outer loop
      vertex -0.06178565040732772 -0.23058718649883578 3.6421850698209024
      vertex -0.031159398174555823 -0.23667912683442296 3.6421850698209024
      vertex -0.06178565040732772 0.23058718649883578 3.6421850698209024
    endloop
  endfacet
  facet normal 0 0 1
    outer loop
      vertex -0.031159398174555823 -0.23667912683442296 3.6421850698209024
      vertex 0 -0.23872142169002217 3.6421850698209024
      vertex -0.031159398174555823 0.23667912683442296 3.6421850698209024
    endloop
  endfacet
  facet normal -0.7787267522465092 0.15489838183122434 0.6079400765220798
    outer loop
      vertex -2.6636980599658355 0.6449518958373494 2.4066122251152513
      vertex -2.6507084285579308 0.7102551828024678 2.4066122251152513
      vertex -2.6703579260760417 0.715520249794123 2.3801011587039067
    endloop
  endfacet
  facet normal -0.75184634096764 0.2552174424523118 0.6079400765220798
    outer loop
      vertex -2.6703579260760417 0.715520249794123 2.3801011587039067
      vertex -2.6507084285579308 0.7102551828024678 2.4066122251152513
      vertex -2.6192993647730263 0.8027833009945156 2.4066122251152513
    endloop
  endfacet
  facet normal -0.6942627593342362 0.13809744904270557 0.7063485793639779
    outer loop
      vertex -2.6636980599658355 0.6449518958373494 2.4066122251152513
      vertex -2.531445406751291 0.6713271219486953 2.531445406751291
      vertex -2.6507084285579308 0.7102551828024678 2.4066122251152513
    endloop
  endfacet
  facet normal -0.6942627593342369 0.1380974490427027 0.7063485793639779
    outer loop
      vertex -2.3246089021018226 0.622877078036382 2.744215297298268
      vertex -2.6507084285579308 0.7102551828024678 2.4066122251152513
      vertex -2.531445406751291 0.6713271219486953 2.531445406751291
    endloop
  endfacet
  facet normal -0.6702979110062908 0.22753548059828352 0.7063485793639787
    outer loop
      vertex -2.3246089021018226 0.622877078036382 2.744215297298268
      vertex -2.5288588982187643 0.6897165036351124 2.5288588982187643
      vertex -2.6507084285579308 0.7102551828024678 2.4066122251152513
    endloop
  endfacet
  facet normal -0.6702979110062847 0.22753548059830797 0.7063485793639765
    outer loop
      vertex -2.6507084285579308 0.7102551828024678 2.4066122251152513
      vertex -2.5288588982187643 0.6897165036351124 2.5288588982187643
      vertex -2.6192993647730263 0.8027833009945156 2.4066122251152513
    endloop
  endfacet
  facet normal -0.7518463409676417 0.2552174424523126 0.6079400765220773
    outer loop
      vertex -2.5663927904523476 1.063034700181895 2.3627870469307095
      vertex -2.5512070826860485 1.0033766955654861 2.4066122251152513
      vertex -2.5353243459782453 1.0501657291188864 2.4066122251152513
    endloop
  endfacet
  facet normal -0.6702979110062848 0.22753548059830817 0.7063485793639762
    outer loop
      vertex -2.5512070826860485 1.0033766955654861 2.4066122251152513
      vertex -2.478831995596197 1.0267658314203092 2.4677591045449656
      vertex -2.5353243459782453 1.0501657291188864 2.4066122251152513
    endloop
  endfacet
  facet normal -0.71210163034363 0.35116966187339566 0.6079400765220773
    outer loop
      vertex -2.5663927904523476 1.063034700181895 2.3627870469307095
      vertex -2.5353243459782453 1.0501657291188864 2.4066122251152513
      vertex -2.3765601609141656 1.372107648649134 2.4066122251152513
    endloop
  endfacet
  facet normal -0.634864079579324 0.31308031699611744 0.7063485793639769
    outer loop
      vertex -2.5353243459782453 1.0501657291188864 2.4066122251152513
      vertex -2.4625632687419854 1.071478005192778 2.4625632687419854
      vertex -2.3765601609141656 1.372107648649134 2.4066122251152513
    endloop
  endfacet
  facet normal -0.634864079579324 0.3130803169961192 0.7063485793639762
    outer loop
      vertex -2.5353243459782453 1.0501657291188864 2.4066122251152513
      vertex -2.478831995596197 1.0267658314203092 2.4677591045449656
      vertex -2.4625632687419854 1.071478005192778 2.4625632687419854
    endloop
  endfacet
  facet normal -0.6348640795793189 0.31308031699612515 0.7063485793639782
    outer loop
      vertex -2.4735146057934134 1.0245632964475717 2.4735146057934134
      vertex -2.223419777475426 0.9209706266788905 2.744215297298268
      vertex -2.4625632687419854 1.071478005192778 2.4625632687419854
    endloop
  endfacet
  facet normal -0.6348640795793232 0.31308031699611744 0.7063485793639777
    outer loop
      vertex -2.4625632687419854 1.071478005192778 2.4625632687419854
      vertex -2.223419777475426 0.9209706266788905 2.744215297298268
      vertex -2.3765601609141656 1.372107648649134 2.4066122251152513
    endloop
  endfacet
  facet normal -0.712101630343636 0.3511696618734008 0.6079400765220672
    outer loop
      vertex -2.5663927904523476 1.063034700181895 2.3627870469307095
      vertex -2.3765601609141656 1.372107648649134 2.4066122251152513
      vertex -2.3904260049916912 1.3720118594143889 2.3904260049916912
    endloop
  endfacet
  facet normal -0.7121016303436438 0.35116966187337256 0.6079400765220743
    outer loop
      vertex -2.388557783003201 1.3790344789918738 2.388557783003201
      vertex -2.3904260049916912 1.3720118594143889 2.3904260049916912
      vertex -2.3765601609141656 1.372107648649134 2.4066122251152513
    endloop
  endfacet
  facet normal -0.7063485793639775 0.04629653184613929 0.7063485793639782
    outer loop
      vertex -2.5754137612067596 0 2.5754137612067596
      vertex -2.3860233239099076 0.3141259298945193 2.744215297298268
      vertex -2.5643499240027907 0.33760307218301605 2.5643499240027907
    endloop
  endfacet
  facet normal -0.7063485793639778 0.046296531846139626 0.7063485793639778
    outer loop
      vertex -2.5754137612067596 0 2.5754137612067596
      vertex -2.4066122251152513 0 2.744215297298268
      vertex -2.3860233239099076 0.3141259298945193 2.744215297298268
    endloop
  endfacet
  facet normal -0.6942627593342359 0.13809744904270568 0.7063485793639782
    outer loop
      vertex -2.3860233239099076 0.3141259298945193 2.744215297298268
      vertex -2.3246089021018226 0.622877078036382 2.744215297298268
      vertex -2.5643499240027907 0.33760307218301605 2.5643499240027907
    endloop
  endfacet
  facet normal -0.6942627593342362 0.1380974490427062 0.7063485793639778
    outer loop
      vertex -2.5643499240027907 0.33760307218301605 2.5643499240027907
      vertex -2.3246089021018226 0.622877078036382 2.744215297298268
      vertex -2.531445406751291 0.6713271219486953 2.531445406751291
    endloop
  endfacet
  facet normal -0.6702979110062829 0.22753548059830705 0.7063485793639785
    outer loop
      vertex -2.3246089021018226 0.622877078036382 2.744215297298268
      vertex -2.223419777475426 0.9209706266788905 2.744215297298268
      vertex -2.5288588982187643 0.6897165036351124 2.5288588982187643
    endloop
  endfacet
  facet normal -0.6702979110062831 0.22753548059830725 0.7063485793639784
    outer loop
      vertex -2.4735146057934134 1.0245632964475717 2.4735146057934134
      vertex -2.5288588982187643 0.6897165036351124 2.5288588982187643
      vertex -2.223419777475426 0.9209706266788905 2.744215297298268
    endloop
  endfacet
  facet normal -0.6514607996199837 0.5713157878291649 0.4991964514453524
    outer loop
      vertex -2.180724126302715 2.10634688026818 2.0278313505215477
      vertex -2.1459729744153297 2.1459729744153297 2.0278313505215477
      vertex -2.159426921194821 2.159426921194821 1.9948760458852328
    endloop
  endfacet
  facet normal -0.5713157878291649 0.6514607996199837 0.4991964514453524
    outer loop
      vertex -2.159426921194821 2.159426921194821 1.9948760458852328
      vertex -2.1459729744153297 2.1459729744153297 2.0278313505215477
      vertex -2.10634688026818 2.180724126302715 2.0278313505215477
    endloop
  endfacet
  facet normal -0.5885675477331843 0.39326826236786033 0.7063485793639777
    outer loop
      vertex -2.0841873240080018 1.2033061125576257 2.744215297298268
      vertex -2.177132372589886 1.6705724258908847 2.4066122251152513
      vertex -2.3765601609141656 1.372107648649134 2.4066122251152513
    endloop
  endfacet
  facet normal -0.6601726633925671 0.44111327101720016 0.6079400765220784
    outer loop
      vertex -2.388557783003201 1.3790344789918738 2.388557783003201
      vertex -2.177132372589886 1.6705724258908847 2.4066122251152513
      vertex -2.263968419522047 1.7372040682313397 2.263968419522047
    endloop
  endfacet
  facet normal -0.6601726633925692 0.4411132710172019 0.6079400765220747
    outer loop
      vertex -2.388557783003201 1.3790344789918738 2.388557783003201
      vertex -2.3765601609141656 1.372107648649134 2.4066122251152513
      vertex -2.177132372589886 1.6705724258908847 2.4066122251152513
    endloop
  endfacet
  facet normal -0.5322004619635771 0.46672727873592895 0.7063485793639778
    outer loop
      vertex -2.177132372589886 1.6705724258908847 2.4066122251152513
      vertex -1.9092938475809067 1.4650526972310174 2.744215297298268
      vertex -1.9404532457554629 1.9404532457554629 2.4066122251152513
    endloop
  endfacet
  facet normal -0.5969479591364119 0.5235093097942043 0.6079400765220768
    outer loop
      vertex -2.119020954908732 2.0708093406576737 2.119020954908732
      vertex -1.9404532457554629 1.9404532457554629 2.4066122251152513
      vertex -2.1275788234432618 2.0921988704002183 2.0921988704002183
    endloop
  endfacet
  facet normal -0.5969479591364157 0.5235093097941997 0.607940076522077
    outer loop
      vertex -2.263968419522047 1.7372040682313397 2.263968419522047
      vertex -1.9404532457554629 1.9404532457554629 2.4066122251152513
      vertex -2.119020954908732 2.0708093406576737 2.119020954908732
    endloop
  endfacet
  facet normal -0.5969479591364149 0.523509309794202 0.6079400765220758
    outer loop
      vertex -2.2020742965705633 2.052895370671408 2.052895370671408
      vertex -2.119020954908732 2.0708093406576737 2.119020954908732
      vertex -2.1275788234432618 2.0921988704002183 2.0921988704002183
    endloop
  endfacet
  facet normal -0.596947959136416 0.5235093097941973 0.6079400765220788
    outer loop
      vertex -2.180724126302715 2.10634688026818 2.0278313505215477
      vertex -2.1275788234432618 2.0921988704002183 2.0921988704002183
      vertex -2.1459729744153297 2.1459729744153297 2.0278313505215477
    endloop
  endfacet
  facet normal -0.5235093097941987 0.5969479591364175 0.6079400765220759
    outer loop
      vertex -2.1459729744153297 2.1459729744153297 2.0278313505215477
      vertex -2.092198870400218 2.127578823443263 2.092198870400218
      vertex -2.10634688026818 2.180724126302715 2.0278313505215477
    endloop
  endfacet
  facet normal -0.5235093097941969 0.5969479591364196 0.6079400765220756
    outer loop
      vertex -2.052895370671408 2.202074296570563 2.052895370671408
      vertex -2.092198870400218 2.127578823443263 2.092198870400218
      vertex -2.070809340657674 2.119020954908732 2.119020954908732
    endloop
  endfacet
  facet normal -0.523509309794202 0.5969479591364132 0.6079400765220774
    outer loop
      vertex -2.1459729744153297 2.1459729744153297 2.0278313505215477
      vertex -1.9404532457554629 1.9404532457554629 2.4066122251152513
      vertex -2.092198870400218 2.127578823443263 2.092198870400218
    endloop
  endfacet
  facet normal -0.5969479591364212 0.5235093097941934 0.6079400765220769
    outer loop
      vertex -2.1459729744153297 2.1459729744153297 2.0278313505215477
      vertex -2.1275788234432618 2.0921988704002183 2.0921988704002183
      vertex -1.9404532457554629 1.9404532457554629 2.4066122251152513
    endloop
  endfacet
  facet normal -0.5235093097942015 0.5969479591364136 0.6079400765220774
    outer loop
      vertex -2.092198870400218 2.127578823443263 2.092198870400218
      vertex -1.9404532457554629 1.9404532457554629 2.4066122251152513
      vertex -2.070809340657674 2.119020954908732 2.119020954908732
    endloop
  endfacet
  facet normal -0.5235093097941992 0.5969479591364146 0.6079400765220784
    outer loop
      vertex -2.070809340657674 2.119020954908732 2.119020954908732
      vertex -1.6705724258908847 2.177132372589886 2.4066122251152513
      vertex -1.7372040682313397 2.263968419522047 2.263968419522047
    endloop
  endfacet
  facet normal -0.5969479591364155 0.5235093097941984 0.6079400765220785
    outer loop
      vertex -2.263968419522047 1.7372040682313397 2.263968419522047
      vertex -2.177132372589886 1.6705724258908847 2.4066122251152513
      vertex -1.9404532457554629 1.9404532457554629 2.4066122251152513
    endloop
  endfacet
  facet normal -0.466727278735929 0.5322004619635771 0.7063485793639778
    outer loop
      vertex -1.9404532457554629 1.9404532457554629 2.4066122251152513
      vertex -1.7017318240654404 1.7017318240654404 2.744215297298268
      vertex -1.6705724258908847 2.177132372589886 2.4066122251152513
    endloop
  endfacet
  facet normal -0.5235093097941987 0.5969479591364159 0.6079400765220775
    outer loop
      vertex -2.070809340657674 2.119020954908732 2.119020954908732
      vertex -1.9404532457554629 1.9404532457554629 2.4066122251152513
      vertex -1.6705724258908847 2.177132372589886 2.4066122251152513
    endloop
  endfacet
  facet normal -0.4411132710172003 0.6601726633925669 0.6079400765220784
    outer loop
      vertex -1.7372040682313397 2.263968419522047 2.263968419522047
      vertex -1.6705724258908847 2.177132372589886 2.4066122251152513
      vertex -1.379034478991874 2.388557783003201 2.388557783003201
    endloop
  endfacet
  facet normal -0.44111327101720055 0.6601726633925672 0.607940076522078
    outer loop
      vertex -1.6705724258908847 2.177132372589886 2.4066122251152513
      vertex -1.372107648649134 2.3765601609141656 2.4066122251152513
      vertex -1.379034478991874 2.388557783003201 2.388557783003201
    endloop
  endfacet
  facet normal -0.39326826236786033 0.5885675477331843 0.7063485793639778
    outer loop
      vertex -1.4650526972310174 1.9092938475809067 2.744215297298268
      vertex -1.372107648649134 2.3765601609141656 2.4066122251152513
      vertex -1.6705724258908847 2.177132372589886 2.4066122251152513
    endloop
  endfacet
  facet normal -0.3130803169961171 0.6348640795793232 0.7063485793639778
    outer loop
      vertex -1.372107648649134 2.3765601609141656 2.4066122251152513
      vertex -1.2033061125576257 2.0841873240080018 2.744215297298268
      vertex -1.0501657291188864 2.5353243459782453 2.4066122251152513
    endloop
  endfacet
  facet normal -0.6082774216426022 0.03986860856678122 0.7927225696110693
    outer loop
      vertex -2.4066122251152513 0 2.744215297298268
      vertex -2.0278313505215477 0 3.03486408490429
      vertex -2.3860233239099076 0.3141259298945193 2.744215297298268
    endloop
  endfacet
  facet normal -0.6082774216426025 0.03986860856678055 0.7927225696110691
    outer loop
      vertex -2.3860233239099076 0.3141259298945193 2.744215297298268
      vertex -2.0278313505215477 0 3.03486408490429
      vertex -2.0104829722073028 0.2646851046480223 3.03486408490429
    endloop
  endfacet
  facet normal -0.5978696263119353 0.11892366275409769 0.7927225696110691
    outer loop
      vertex -2.3860233239099076 0.3141259298945193 2.744215297298268
      vertex -2.0104829722073028 0.2646851046480223 3.03486408490429
      vertex -2.3246089021018226 0.622877078036382 2.744215297298268
    endloop
  endfacet
  facet normal -0.5978696263119346 0.11892366275409855 0.7927225696110695
    outer loop
      vertex -2.3246089021018226 0.622877078036382 2.744215297298268
      vertex -2.0104829722073028 0.2646851046480223 3.03486408490429
      vertex -1.9587346728274033 0.524841373770942 3.03486408490429
    endloop
  endfacet
  facet normal -0.634864079579323 0.3130803169961175 0.7063485793639778
    outer loop
      vertex -2.223419777475426 0.9209706266788905 2.744215297298268
      vertex -2.0841873240080018 1.2033061125576257 2.744215297298268
      vertex -2.3765601609141656 1.372107648649134 2.4066122251152513
    endloop
  endfacet
  facet normal -0.5772321159142939 0.1959439000998251 0.7927225696110696
    outer loop
      vertex -2.3246089021018226 0.622877078036382 2.744215297298268
      vertex -1.9587346728274033 0.524841373770942 3.03486408490429
      vertex -2.223419777475426 0.9209706266788905 2.744215297298268
    endloop
  endfacet
  facet normal -0.5467180039743821 0.2696114829889313 0.7927225696110693
    outer loop
      vertex -2.223419777475426 0.9209706266788905 2.744215297298268
      vertex -1.8734718801315788 0.7760174614751214 3.03486408490429
      vertex -2.0841873240080018 1.2033061125576257 2.744215297298268
    endloop
  endfacet
  facet normal -0.577232115914294 0.19594390009982482 0.7927225696110693
    outer loop
      vertex -2.223419777475426 0.9209706266788905 2.744215297298268
      vertex -1.9587346728274033 0.524841373770942 3.03486408490429
      vertex -1.8734718801315788 0.7760174614751214 3.03486408490429
    endloop
  endfacet
  facet normal -0.546718003974382 0.2696114829889313 0.7927225696110693
    outer loop
      vertex -2.0841873240080018 1.2033061125576257 2.744215297298268
      vertex -1.8734718801315788 0.7760174614751214 3.03486408490429
      vertex -1.7561534641421668 1.0139156752607739 3.03486408490429
    endloop
  endfacet
  facet normal -0.4997317194830225 0.0327541473735303 0.8655607282983526
    outer loop
      vertex -2.0278313505215477 0 3.03486408490429
      vertex -1.6143537192993547 0 3.273585506594312
      vertex -2.0104829722073028 0.2646851046480223 3.03486408490429
    endloop
  endfacet
  facet normal -0.49118117121085964 0.09770200957786535 0.8655607282983528
    outer loop
      vertex -2.0104829722073028 0.2646851046480223 3.03486408490429
      vertex -1.600542699439044 0.21071544387642274 3.273585506594312
      vertex -1.9587346728274033 0.524841373770942 3.03486408490429
    endloop
  endfacet
  facet normal -0.474226376918131 0.16097816331020803 0.8655607282983526
    outer loop
      vertex -1.9587346728274033 0.524841373770942 3.03486408490429
      vertex -1.55934595023706 0.4178254880867618 3.273585506594312
      vertex -1.8734718801315788 0.7760174614751214 3.03486408490429
    endloop
  endfacet
  facet normal -0.49973171948302236 0.03275414737353064 0.8655607282983528
    outer loop
      vertex -2.0104829722073028 0.2646851046480223 3.03486408490429
      vertex -1.6143537192993547 0 3.273585506594312
      vertex -1.600542699439044 0.21071544387642274 3.273585506594312
    endloop
  endfacet
  facet normal -0.38256311096124873 0.025074511037770492 0.9235890509462896
    outer loop
      vertex -1.6143537192993547 0 3.273585506594312
      vertex -1.1732540483565397 0 3.4562949726571355
      vertex -1.600542699439044 0.21071544387642274 3.273585506594312
    endloop
  endfacet
  facet normal -0.4911811712108599 0.09770200957786492 0.8655607282983527
    outer loop
      vertex -1.9587346728274033 0.524841373770942 3.03486408490429
      vertex -1.600542699439044 0.21071544387642274 3.273585506594312
      vertex -1.55934595023706 0.4178254880867618 3.273585506594312
    endloop
  endfacet
  facet normal -0.37601735006616915 0.07479450127748703 0.9235890509462896
    outer loop
      vertex -1.600542699439044 0.21071544387642274 3.273585506594312
      vertex -1.1632166973291114 0.15314038343873937 3.4562949726571355
      vertex -1.55934595023706 0.4178254880867618 3.273585506594312
    endloop
  endfacet
  facet normal -0.3630378280597522 0.12323473686339291 0.9235890509462897
    outer loop
      vertex -1.55934595023706 0.4178254880867618 3.273585506594312
      vertex -1.133276386105785 0.3036604924583063 3.4562949726571355
      vertex -1.491468359494145 0.6177864223528258 3.273585506594312
    endloop
  endfacet
  facet normal -0.3825631109612488 0.025074511037770444 0.9235890509462897
    outer loop
      vertex -1.600542699439044 0.21071544387642274 3.273585506594312
      vertex -1.1732540483565397 0 3.4562949726571355
      vertex -1.1632166973291114 0.15314038343873937 3.4562949726571355
    endloop
  endfacet
  facet normal -0.37601735006616893 0.07479450127748737 0.9235890509462897
    outer loop
      vertex -1.55934595023706 0.4178254880867618 3.273585506594312
      vertex -1.1632166973291114 0.15314038343873937 3.4562949726571355
      vertex -1.133276386105785 0.3036604924583063 3.4562949726571355
    endloop
  endfacet
  facet normal -0.3630378280597521 0.12323473686339294 0.9235890509462897
    outer loop
      vertex -1.491468359494145 0.6177864223528258 3.273585506594312
      vertex -1.133276386105785 0.3036604924583063 3.4562949726571355
      vertex -1.0839454017126144 0.4489848862613176 3.4562949726571355
    endloop
  endfacet
  facet normal -0.4742263769181309 0.16097816331020814 0.8655607282983526
    outer loop
      vertex -1.55934595023706 0.4178254880867618 3.273585506594312
      vertex -1.491468359494145 0.6177864223528258 3.273585506594312
      vertex -1.8734718801315788 0.7760174614751214 3.03486408490429
    endloop
  endfacet
  facet normal -0.4491574378359415 0.2214999360367348 0.8655607282983527
    outer loop
      vertex -1.491468359494145 0.6177864223528258 3.273585506594312
      vertex -1.7561534641421668 1.0139156752607739 3.03486408490429
      vertex -1.8734718801315788 0.7760174614751214 3.03486408490429
    endloop
  endfacet
  facet normal -0.4491574378359414 0.22149993603673487 0.8655607282983527
    outer loop
      vertex -1.491468359494145 0.6177864223528258 3.273585506594312
      vertex -1.3980713316071338 0.8071768596496773 3.273585506594312
      vertex -1.7561534641421668 1.0139156752607739 3.03486408490429
    endloop
  endfacet
  facet normal -0.4164032904624113 0.27823178344628763 0.8655607282983527
    outer loop
      vertex -1.7561534641421668 1.0139156752607739 3.03486408490429
      vertex -1.3980713316071338 0.8071768596496773 3.273585506594312
      vertex -1.6087867754835565 1.2344655107321814 3.03486408490429
    endloop
  endfacet
  facet normal -0.3438466281621314 0.16956639193444212 0.9235890509462897
    outer loop
      vertex -1.491468359494145 0.6177864223528258 3.273585506594312
      vertex -1.0839454017126144 0.4489848862613176 3.4562949726571355
      vertex -1.3980713316071338 0.8071768596496773 3.273585506594312
    endloop
  endfacet
  facet normal -0.31877211712436127 0.21299671902680678 0.9235890509462896
    outer loop
      vertex -1.3980713316071338 0.8071768596496773 3.273585506594312
      vertex -1.0160678109696994 0.5866270241782698 3.4562949726571355
      vertex -1.280752915617722 0.9827562770862183 3.273585506594312
    endloop
  endfacet
  facet normal -0.416403290462411 0.2782317834462878 0.8655607282983528
    outer loop
      vertex -1.6087867754835565 1.2344655107321814 3.03486408490429
      vertex -1.3980713316071338 0.8071768596496773 3.273585506594312
      vertex -1.280752915617722 0.9827562770862183 3.273585506594312
    endloop
  endfacet
  facet normal -0.5885675477331842 0.3932682623678604 0.7063485793639779
    outer loop
      vertex -2.0841873240080018 1.2033061125576257 2.744215297298268
      vertex -1.9092938475809067 1.4650526972310174 2.744215297298268
      vertex -2.177132372589886 1.6705724258908847 2.4066122251152513
    endloop
  endfacet
  facet normal -0.5322004619635772 0.46672727873592884 0.7063485793639777
    outer loop
      vertex -1.9404532457554629 1.9404532457554629 2.4066122251152513
      vertex -1.9092938475809067 1.4650526972310174 2.744215297298268
      vertex -1.7017318240654404 1.7017318240654404 2.744215297298268
    endloop
  endfacet
  facet normal -0.5068493954076015 0.3386659386536709 0.7927225696110695
    outer loop
      vertex -2.0841873240080018 1.2033061125576257 2.744215297298268
      vertex -1.7561534641421668 1.0139156752607739 3.03486408490429
      vertex -1.9092938475809067 1.4650526972310174 2.744215297298268
    endloop
  endfacet
  facet normal -0.5068493954076018 0.33866593865367084 0.7927225696110693
    outer loop
      vertex -1.7561534641421668 1.0139156752607739 3.03486408490429
      vertex -1.6087867754835565 1.2344655107321814 3.03486408490429
      vertex -1.9092938475809067 1.4650526972310174 2.744215297298268
    endloop
  endfacet
  facet normal -0.45830845316019536 0.40192572621211 0.7927225696110696
    outer loop
      vertex -1.6087867754835565 1.2344655107321814 3.03486408490429
      vertex -1.4338932990564612 1.4338932990564612 3.03486408490429
      vertex -1.7017318240654404 1.7017318240654404 2.744215297298268
    endloop
  endfacet
  facet normal -0.4583084531601958 0.4019257262121098 0.7927225696110695
    outer loop
      vertex -1.6087867754835565 1.2344655107321814 3.03486408490429
      vertex -1.7017318240654404 1.7017318240654404 2.744215297298268
      vertex -1.9092938475809067 1.4650526972310174 2.744215297298268
    endloop
  endfacet
  facet normal -0.4019257262121097 0.45830845316019564 0.7927225696110696
    outer loop
      vertex -1.7017318240654404 1.7017318240654404 2.744215297298268
      vertex -1.4338932990564612 1.4338932990564612 3.03486408490429
      vertex -1.4650526972310174 1.9092938475809067 2.744215297298268
    endloop
  endfacet
  facet normal -0.4019257262121101 0.4583084531601956 0.7927225696110695
    outer loop
      vertex -1.4650526972310174 1.9092938475809067 2.744215297298268
      vertex -1.4338932990564612 1.4338932990564612 3.03486408490429
      vertex -1.2344655107321814 1.6087867754835565 3.03486408490429
    endloop
  endfacet
  facet normal -0.46672727873592884 0.5322004619635772 0.7063485793639779
    outer loop
      vertex -1.7017318240654404 1.7017318240654404 2.744215297298268
      vertex -1.4650526972310174 1.9092938475809067 2.744215297298268
      vertex -1.6705724258908847 2.177132372589886 2.4066122251152513
    endloop
  endfacet
  facet normal -0.3932682623678604 0.5885675477331842 0.7063485793639777
    outer loop
      vertex -1.4650526972310174 1.9092938475809067 2.744215297298268
      vertex -1.2033061125576257 2.0841873240080018 2.744215297298268
      vertex -1.372107648649134 2.3765601609141656 2.4066122251152513
    endloop
  endfacet
  facet normal -0.33866593865367095 0.5068493954076017 0.7927225696110695
    outer loop
      vertex -1.4650526972310174 1.9092938475809067 2.744215297298268
      vertex -1.2344655107321814 1.6087867754835565 3.03486408490429
      vertex -1.2033061125576257 2.0841873240080018 2.744215297298268
    endloop
  endfacet
  facet normal -0.3765243673402655 0.3302030079006517 0.8655607282983527
    outer loop
      vertex -1.6087867754835565 1.2344655107321814 3.03486408490429
      vertex -1.280752915617722 0.9827562770862183 3.273585506594312
      vertex -1.4338932990564612 1.4338932990564612 3.03486408490429
    endloop
  endfacet
  facet normal -0.3765243673402664 0.3302030079006514 0.8655607282983525
    outer loop
      vertex -1.4338932990564612 1.4338932990564612 3.03486408490429
      vertex -1.280752915617722 0.9827562770862183 3.273585506594312
      vertex -1.1415204621502981 1.1415204621502981 3.273585506594312
    endloop
  endfacet
  facet normal -0.33020300790065193 0.3765243673402658 0.8655607282983527
    outer loop
      vertex -1.4338932990564612 1.4338932990564612 3.03486408490429
      vertex -1.1415204621502981 1.1415204621502981 3.273585506594312
      vertex -1.2344655107321814 1.6087867754835565 3.03486408490429
    endloop
  endfacet
  facet normal -0.25878181247039156 0.016961456102913015 0.9657868722142624
    outer loop
      vertex -1.1732540483565397 0 3.4562949726571355
      vertex -0.7120796753588681 0 3.579866273471791
      vertex -1.1632166973291114 0.15314038343873937 3.4562949726571355
    endloop
  endfacet
  facet normal -0.25435398391114994 0.05059415309221433 0.9657868722142625
    outer loop
      vertex -1.1632166973291114 0.15314038343873937 3.4562949726571355
      vertex -0.7059877350232808 0.09294504858188353 3.579866273471791
      vertex -1.133276386105785 0.3036604924583063 3.4562949726571355
    endloop
  endfacet
  facet normal -0.2455740881669414 0.0833611700947585 0.9657868722142625
    outer loop
      vertex -1.133276386105785 0.3036604924583063 3.4562949726571355
      vertex -0.6878161488046661 0.1842997816132952 3.579866273471791
      vertex -1.0839454017126144 0.4489848862613176 3.4562949726571355
    endloop
  endfacet
  facet normal -0.23259235168819625 0.11470185436489858 0.9657868722142625
    outer loop
      vertex -1.0839454017126144 0.4489848862613176 3.4562949726571355
      vertex -0.6578758375813398 0.27250109428375047 3.579866273471791
      vertex -1.0160678109696994 0.5866270241782698 3.4562949726571355
    endloop
  endfacet
  facet normal -0.2587818124703915 0.016961456102913223 0.9657868722142625
    outer loop
      vertex -1.1632166973291114 0.15314038343873937 3.4562949726571355
      vertex -0.7120796753588681 0 3.579866273471791
      vertex -0.7059877350232808 0.09294504858188353 3.579866273471791
    endloop
  endfacet
  facet normal -0.25435398391115 0.05059415309221414 0.9657868722142625
    outer loop
      vertex -1.133276386105785 0.3036604924583063 3.4562949726571355
      vertex -0.7059877350232808 0.09294504858188353 3.579866273471791
      vertex -0.6878161488046661 0.1842997816132952 3.579866273471791
    endloop
  endfacet
  facet normal -0.21563089558528337 0.14407995810549298 0.9657868722142624
    outer loop
      vertex -1.0160678109696994 0.5866270241782698 3.4562949726571355
      vertex -0.6166790883793557 0.35603983767943403 3.579866273471791
      vertex -0.9308050182738751 0.7142318110677938 3.4562949726571355
    endloop
  endfacet
  facet normal -0.24557408816694143 0.08336117009475842 0.9657868722142623
    outer loop
      vertex -1.0839454017126144 0.4489848862613176 3.4562949726571355
      vertex -0.6878161488046661 0.1842997816132952 3.579866273471791
      vertex -0.6578758375813398 0.27250109428375047 3.579866273471791
    endloop
  endfacet
  facet normal -0.23259235168819642 0.11470185436489837 0.9657868722142625
    outer loop
      vertex -1.0160678109696994 0.5866270241782698 3.4562949726571355
      vertex -0.6578758375813398 0.27250109428375047 3.579866273471791
      vertex -0.6166790883793557 0.35603983767943403 3.579866273471791
    endloop
  endfacet
  facet normal -0.2156308955852832 0.14407995810549304 0.9657868722142625
    outer loop
      vertex -0.9308050182738751 0.7142318110677938 3.4562949726571355
      vertex -0.6166790883793557 0.35603983767943403 3.579866273471791
      vertex -0.5649307889994564 0.4334866407395304 3.579866273471791
    endloop
  endfacet
  facet normal -0.2882433267822654 0.2527826132027758 0.9235890509462896
    outer loop
      vertex -1.280752915617722 0.9827562770862183 3.273585506594312
      vertex -0.9308050182738751 0.7142318110677938 3.4562949726571355
      vertex -1.1415204621502981 1.1415204621502981 3.273585506594312
    endloop
  endfacet
  facet normal -0.2527826132027757 0.2882433267822653 0.9235890509462896
    outer loop
      vertex -1.1415204621502981 1.1415204621502981 3.273585506594312
      vertex -0.8296158936474788 0.8296158936474788 3.4562949726571355
      vertex -0.9827562770862183 1.280752915617722 3.273585506594312
    endloop
  endfacet
  facet normal -0.3438466281621317 0.16956639193444198 0.9235890509462897
    outer loop
      vertex -1.3980713316071338 0.8071768596496773 3.273585506594312
      vertex -1.0839454017126144 0.4489848862613176 3.4562949726571355
      vertex -1.0160678109696994 0.5866270241782698 3.4562949726571355
    endloop
  endfacet
  facet normal -0.3187721171243615 0.21299671902680672 0.9235890509462897
    outer loop
      vertex -1.0160678109696994 0.5866270241782698 3.4562949726571355
      vertex -0.9308050182738751 0.7142318110677938 3.4562949726571355
      vertex -1.280752915617722 0.9827562770862183 3.273585506594312
    endloop
  endfacet
  facet normal -0.28824332678226494 0.252782613202776 0.9235890509462897
    outer loop
      vertex -1.1415204621502981 1.1415204621502981 3.273585506594312
      vertex -0.9308050182738751 0.7142318110677938 3.4562949726571355
      vertex -0.8296158936474788 0.8296158936474788 3.4562949726571355
    endloop
  endfacet
  facet normal -0.19497993507472722 0.17099281381639156 0.9657868722142624
    outer loop
      vertex -0.9308050182738751 0.7142318110677938 3.4562949726571355
      vertex -0.5649307889994564 0.4334866407395304 3.579866273471791
      vertex -0.8296158936474788 0.8296158936474788 3.4562949726571355
    endloop
  endfacet
  facet normal -0.17099281381639156 0.19497993507472722 0.9657868722142624
    outer loop
      vertex -0.8296158936474788 0.8296158936474788 3.4562949726571355
      vertex -0.5035163671913709 0.5035163671913709 3.579866273471791
      vertex -0.7142318110677938 0.9308050182738751 3.4562949726571355
    endloop
  endfacet
  facet normal -0.19497993507472716 0.17099281381639153 0.9657868722142623
    outer loop
      vertex -0.8296158936474788 0.8296158936474788 3.4562949726571355
      vertex -0.5649307889994564 0.4334866407395304 3.579866273471791
      vertex -0.5035163671913709 0.5035163671913709 3.579866273471791
    endloop
  endfacet
  facet normal -0.2527826132027761 0.28824332678226516 0.9235890509462897
    outer loop
      vertex -0.8296158936474788 0.8296158936474788 3.4562949726571355
      vertex -0.7142318110677938 0.9308050182738751 3.4562949726571355
      vertex -0.9827562770862183 1.280752915617722 3.273585506594312
    endloop
  endfacet
  facet normal -0.21299671902680667 0.31877211712436143 0.9235890509462897
    outer loop
      vertex -0.7142318110677938 0.9308050182738751 3.4562949726571355
      vertex -0.5866270241782698 1.0160678109696994 3.4562949726571355
      vertex -0.8071768596496773 1.3980713316071338 3.273585506594312
    endloop
  endfacet
  facet normal -0.13052141585032973 0.0085548255663784 0.9914085812438552
    outer loop
      vertex -0.7120796753588681 0 3.579866273471791
      vertex -0.23872142169002217 0 3.6421850698209024
      vertex -0.7059877350232808 0.09294504858188353 3.579866273471791
    endloop
  endfacet
  facet normal -0.12828815823775752 0.02551810126184847 0.9914085812438552
    outer loop
      vertex -0.7059877350232808 0.09294504858188353 3.579866273471791
      vertex -0.23667912683442296 0.031159398174555823 3.6421850698209024
      vertex -0.6878161488046661 0.1842997816132952 3.579866273471791
    endloop
  endfacet
  facet normal -0.12385985466954016 0.04204475516977423 0.9914085812438554
    outer loop
      vertex -0.6878161488046661 0.1842997816132952 3.579866273471791
      vertex -0.23058718649883578 0.06178565040732772 3.6421850698209024
      vertex -0.6578758375813398 0.27250109428375047 3.579866273471791
    endloop
  endfacet
  facet normal -0.11731227464748763 0.05785201165973658 0.9914085812438554
    outer loop
      vertex -0.6578758375813398 0.27250109428375047 3.579866273471791
      vertex -0.2205498354714074 0.09135473303141167 3.6421850698209024
      vertex -0.6166790883793557 0.35603983767943403 3.579866273471791
    endloop
  endfacet
  facet normal -0.13052141585032973 0.008554825566378469 0.9914085812438553
    outer loop
      vertex -0.7059877350232808 0.09294504858188353 3.579866273471791
      vertex -0.23872142169002217 0 3.6421850698209024
      vertex -0.23667912683442296 0.031159398174555823 3.6421850698209024
    endloop
  endfacet
  facet normal -0.12828815823775763 0.025518101261848343 0.9914085812438553
    outer loop
      vertex -0.6878161488046661 0.1842997816132952 3.579866273471791
      vertex -0.23667912683442296 0.031159398174555823 3.6421850698209024
      vertex -0.23058718649883578 0.06178565040732772 3.6421850698209024
    endloop
  endfacet
  facet normal -0.12385985466954004 0.04204475516977455 0.9914085812438553
    outer loop
      vertex -0.6578758375813398 0.27250109428375047 3.579866273471791
      vertex -0.23058718649883578 0.06178565040732772 3.6421850698209024
      vertex -0.2205498354714074 0.09135473303141167 3.6421850698209024
    endloop
  endfacet
  facet normal -0.11731227464748768 0.057852011659736545 0.9914085812438553
    outer loop
      vertex -0.6166790883793557 0.35603983767943403 3.579866273471791
      vertex -0.2205498354714074 0.09135473303141167 3.6421850698209024
      vertex -0.2067388156110967 0.11936071084501108 3.6421850698209024
    endloop
  endfacet
  facet normal -0.10875744908110908 0.07266940419059334 0.9914085812438553
    outer loop
      vertex -0.5649307889994564 0.4334866407395304 3.579866273471791
      vertex -0.2067388156110967 0.11936071084501108 3.6421850698209024
      vertex -0.1893904372968516 0.1453243938030113 3.6421850698209024
    endloop
  endfacet
  facet normal -0.10875744908110929 0.07266940419059303 0.9914085812438552
    outer loop
      vertex -0.6166790883793557 0.35603983767943403 3.579866273471791
      vertex -0.2067388156110967 0.11936071084501108 3.6421850698209024
      vertex -0.5649307889994564 0.4334866407395304 3.579866273471791
    endloop
  endfacet
  facet normal -0.0983417534076916 0.08624340306798331 0.9914085812438552
    outer loop
      vertex -0.5649307889994564 0.4334866407395304 3.579866273471791
      vertex -0.1893904372968516 0.1453243938030113 3.6421850698209024
      vertex -0.5035163671913709 0.5035163671913709 3.579866273471791
    endloop
  endfacet
  facet normal -0.08624340306798334 0.09834175340769163 0.9914085812438554
    outer loop
      vertex -0.5035163671913709 0.5035163671913709 3.579866273471791
      vertex -0.16880153609150805 0.16880153609150805 3.6421850698209024
      vertex -0.4334866407395304 0.5649307889994564 3.579866273471791
    endloop
  endfacet
  facet normal -0.07266940419059303 0.10875744908110929 0.9914085812438554
    outer loop
      vertex -0.4334866407395304 0.5649307889994564 3.579866273471791
      vertex -0.1453243938030113 0.1893904372968516 3.6421850698209024
      vertex -0.35603983767943403 0.6166790883793557 3.579866273471791
    endloop
  endfacet
  facet normal 0 0 1
    outer loop
      vertex -0.23667912683442296 -0.031159398174555823 3.6421850698209024
      vertex -0.23667912683442296 0.031159398174555823 3.6421850698209024
      vertex -0.23872142169002217 0 3.6421850698209024
    endloop
  endfacet
  facet normal 0 0 1
    outer loop
      vertex -0.23058718649883578 -0.06178565040732772 3.6421850698209024
      vertex -0.23058718649883578 0.06178565040732772 3.6421850698209024
      vertex -0.23667912683442296 0.031159398174555823 3.6421850698209024
    endloop
  endfacet
  facet normal 0 0 1
    outer loop
      vertex -0.2205498354714074 -0.09135473303141167 3.6421850698209024
      vertex -0.2205498354714074 0.09135473303141167 3.6421850698209024
      vertex -0.23058718649883578 0.06178565040732772 3.6421850698209024
    endloop
  endfacet
  facet normal 0 0 1
    outer loop
      vertex -0.2067388156110967 -0.11936071084501108 3.6421850698209024
      vertex -0.2067388156110967 0.11936071084501108 3.6421850698209024
      vertex -0.2205498354714074 0.09135473303141167 3.6421850698209024
    endloop
  endfacet
  facet normal 0 0 1
    outer loop
      vertex -0.1893904372968516 -0.1453243938030113 3.6421850698209024
      vertex -0.1893904372968516 0.1453243938030113 3.6421850698209024
      vertex -0.2067388156110967 0.11936071084501108 3.6421850698209024
    endloop
  endfacet
  facet normal 0 0 1
    outer loop
      vertex -0.16880153609150805 -0.16880153609150805 3.6421850698209024
      vertex -0.16880153609150805 0.16880153609150805 3.6421850698209024
      vertex -0.1893904372968516 0.1453243938030113 3.6421850698209024
    endloop
  endfacet
  facet normal 0 0 1
    outer loop
      vertex -0.1453243938030113 -0.1893904372968516 3.6421850698209024
      vertex -0.1453243938030113 0.1893904372968516 3.6421850698209024
      vertex -0.16880153609150805 0.16880153609150805 3.6421850698209024
    endloop
  endfacet
  facet normal -0.09834175340769179 0.08624340306798321 0.9914085812438553
    outer loop
      vertex -0.5035163671913709 0.5035163671913709 3.579866273471791
      vertex -0.1893904372968516 0.1453243938030113 3.6421850698209024
      vertex -0.16880153609150805 0.16880153609150805 3.6421850698209024
    endloop
  endfacet
  facet normal 0 0 1
    outer loop
      vertex -0.11936071084501108 -0.2067388156110967 3.6421850698209024
      vertex -0.11936071084501108 0.2067388156110967 3.6421850698209024
      vertex -0.1453243938030113 0.1893904372968516 3.6421850698209024
    endloop
  endfacet
  facet normal 0 0 1
    outer loop
      vertex -0.09135473303141167 -0.2205498354714074 3.6421850698209024
      vertex -0.09135473303141167 0.2205498354714074 3.6421850698209024
      vertex -0.11936071084501108 0.2067388156110967 3.6421850698209024
    endloop
  endfacet
  facet normal 0 0 1
    outer loop
      vertex -0.06178565040732772 -0.23058718649883578 3.6421850698209024
      vertex -0.06178565040732772 0.23058718649883578 3.6421850698209024
      vertex -0.09135473303141167 0.2205498354714074 3.6421850698209024
    endloop
  endfacet
  facet normal 0 0 1
    outer loop
      vertex -0.031159398174555823 -0.23667912683442296 3.6421850698209024
      vertex -0.031159398174555823 0.23667912683442296 3.6421850698209024
      vertex -0.06178565040732772 0.23058718649883578 3.6421850698209024
    endloop
  endfacet
  facet normal 0 0 1
    outer loop
      vertex -0.031159398174555823 0.23667912683442296 3.6421850698209024
      vertex 0 -0.23872142169002217 3.6421850698209024
      vertex 0 0.23872142169002217 3.6421850698209024
    endloop
  endfacet
  facet normal -0.08624340306798305 0.09834175340769173 0.9914085812438554
    outer loop
      vertex -0.4334866407395304 0.5649307889994564 3.579866273471791
      vertex -0.16880153609150805 0.16880153609150805 3.6421850698209024
      vertex -0.1453243938030113 0.1893904372968516 3.6421850698209024
    endloop
  endfacet
  facet normal -0.07266940419059315 0.10875744908110917 0.9914085812438553
    outer loop
      vertex -0.35603983767943403 0.6166790883793557 3.579866273471791
      vertex -0.1453243938030113 0.1893904372968516 3.6421850698209024
      vertex -0.11936071084501108 0.2067388156110967 3.6421850698209024
    endloop
  endfacet
  facet normal -0.05785201165973658 0.11731227464748763 0.9914085812438553
    outer loop
      vertex -0.11936071084501108 0.2067388156110967 3.6421850698209024
      vertex -0.09135473303141167 0.2205498354714074 3.6421850698209024
      vertex -0.27250109428375047 0.6578758375813398 3.579866273471791
    endloop
  endfacet
  facet normal -0.05785201165973658 0.11731227464748763 0.9914085812438554
    outer loop
      vertex -0.35603983767943403 0.6166790883793557 3.579866273471791
      vertex -0.11936071084501108 0.2067388156110967 3.6421850698209024
      vertex -0.27250109428375047 0.6578758375813398 3.579866273471791
    endloop
  endfacet
  facet normal -0.04204475516977421 0.12385985466954014 0.9914085812438552
    outer loop
      vertex -0.09135473303141167 0.2205498354714074 3.6421850698209024
      vertex -0.1842997816132952 0.6878161488046661 3.579866273471791
      vertex -0.27250109428375047 0.6578758375813398 3.579866273471791
    endloop
  endfacet
  facet normal -0.04204475516977428 0.12385985466954014 0.9914085812438553
    outer loop
      vertex -0.09135473303141167 0.2205498354714074 3.6421850698209024
      vertex -0.06178565040732772 0.23058718649883578 3.6421850698209024
      vertex -0.1842997816132952 0.6878161488046661 3.579866273471791
    endloop
  endfacet
  facet normal -0.025518101261848496 0.12828815823775752 0.9914085812438553
    outer loop
      vertex -0.06178565040732772 0.23058718649883578 3.6421850698209024
      vertex -0.031159398174555823 0.23667912683442296 3.6421850698209024
      vertex -0.09294504858188353 0.7059877350232808 3.579866273471791
    endloop
  endfacet
  facet normal -0.008554825566378337 0.13052141585032973 0.9914085812438553
    outer loop
      vertex -0.031159398174555823 0.23667912683442296 3.6421850698209024
      vertex 0 0.23872142169002217 3.6421850698209024
      vertex 0 0.7120796753588681 3.579866273471791
    endloop
  endfacet
  facet normal -0.02551810126184847 0.12828815823775752 0.9914085812438552
    outer loop
      vertex -0.06178565040732772 0.23058718649883578 3.6421850698209024
      vertex -0.09294504858188353 0.7059877350232808 3.579866273471791
      vertex -0.1842997816132952 0.6878161488046661 3.579866273471791
    endloop
  endfacet
  facet normal -0.008554825566378396 0.13052141585032973 0.9914085812438552
    outer loop
      vertex -0.031159398174555823 0.23667912683442296 3.6421850698209024
      vertex 0 0.7120796753588681 3.579866273471791
      vertex -0.09294504858188353 0.7059877350232808 3.579866273471791
    endloop
  endfacet
  facet normal -0.14407995810549296 0.21563089558528334 0.9657868722142624
    outer loop
      vertex -0.7142318110677938 0.9308050182738751 3.4562949726571355
      vertex -0.4334866407395304 0.5649307889994564 3.579866273471791
      vertex -0.5866270241782698 1.0160678109696994 3.4562949726571355
    endloop
  endfacet
  facet normal -0.17099281381639164 0.19497993507472713 0.9657868722142625
    outer loop
      vertex -0.7142318110677938 0.9308050182738751 3.4562949726571355
      vertex -0.5035163671913709 0.5035163671913709 3.579866273471791
      vertex -0.4334866407395304 0.5649307889994564 3.579866273471791
    endloop
  endfacet
  facet normal -0.14407995810549304 0.21563089558528337 0.9657868722142625
    outer loop
      vertex -0.4334866407395304 0.5649307889994564 3.579866273471791
      vertex -0.35603983767943403 0.6166790883793557 3.579866273471791
      vertex -0.5866270241782698 1.0160678109696994 3.4562949726571355
    endloop
  endfacet
  facet normal -0.11470185436489838 0.2325923516881963 0.9657868722142623
    outer loop
      vertex -0.35603983767943403 0.6166790883793557 3.579866273471791
      vertex -0.27250109428375047 0.6578758375813398 3.579866273471791
      vertex -0.4489848862613176 1.0839454017126144 3.4562949726571355
    endloop
  endfacet
  facet normal -0.11470185436489858 0.23259235168819625 0.9657868722142623
    outer loop
      vertex -0.35603983767943403 0.6166790883793557 3.579866273471791
      vertex -0.4489848862613176 1.0839454017126144 3.4562949726571355
      vertex -0.5866270241782698 1.0160678109696994 3.4562949726571355
    endloop
  endfacet
  facet normal -0.08336117009475848 0.2455740881669414 0.9657868722142625
    outer loop
      vertex -0.27250109428375047 0.6578758375813398 3.579866273471791
      vertex -0.3036604924583063 1.133276386105785 3.4562949726571355
      vertex -0.4489848862613176 1.0839454017126144 3.4562949726571355
    endloop
  endfacet
  facet normal -0.08336117009475846 0.2455740881669414 0.9657868722142623
    outer loop
      vertex -0.27250109428375047 0.6578758375813398 3.579866273471791
      vertex -0.1842997816132952 0.6878161488046661 3.579866273471791
      vertex -0.3036604924583063 1.133276386105785 3.4562949726571355
    endloop
  endfacet
  facet normal -0.05059415309221419 0.25435398391115 0.9657868722142625
    outer loop
      vertex -0.1842997816132952 0.6878161488046661 3.579866273471791
      vertex -0.09294504858188353 0.7059877350232808 3.579866273471791
      vertex -0.15314038343873937 1.1632166973291114 3.4562949726571355
    endloop
  endfacet
  facet normal -0.0169614561029132 0.25878181247039156 0.9657868722142623
    outer loop
      vertex -0.09294504858188353 0.7059877350232808 3.579866273471791
      vertex 0 0.7120796753588681 3.579866273471791
      vertex 0 1.1732540483565397 3.4562949726571355
    endloop
  endfacet
  facet normal -0.05059415309221431 0.25435398391114994 0.9657868722142623
    outer loop
      vertex -0.1842997816132952 0.6878161488046661 3.579866273471791
      vertex -0.15314038343873937 1.1632166973291114 3.4562949726571355
      vertex -0.3036604924583063 1.133276386105785 3.4562949726571355
    endloop
  endfacet
  facet normal -0.016961456102912994 0.25878181247039156 0.9657868722142624
    outer loop
      vertex -0.09294504858188353 0.7059877350232808 3.579866273471791
      vertex 0 1.1732540483565397 3.4562949726571355
      vertex -0.15314038343873937 1.1632166973291114 3.4562949726571355
    endloop
  endfacet
  facet normal -0.313080316996118 0.634864079579324 0.7063485793639768
    outer loop
      vertex -1.0714780051928068 2.4625632687419783 2.4625632687419783
      vertex -1.2033061125576257 2.0841873240080018 2.744215297298268
      vertex -0.9209706266788905 2.223419777475426 2.744215297298268
    endloop
  endfacet
  facet normal -0.3386659386536707 0.5068493954076017 0.7927225696110695
    outer loop
      vertex -1.2033061125576257 2.0841873240080018 2.744215297298268
      vertex -1.2344655107321814 1.6087867754835565 3.03486408490429
      vertex -1.0139156752607739 1.7561534641421668 3.03486408490429
    endloop
  endfacet
  facet normal -0.2696114829889313 0.5467180039743821 0.7927225696110695
    outer loop
      vertex -1.2033061125576257 2.0841873240080018 2.744215297298268
      vertex -1.0139156752607739 1.7561534641421668 3.03486408490429
      vertex -0.9209706266788905 2.223419777475426 2.744215297298268
    endloop
  endfacet
  facet normal -0.26961148298893134 0.5467180039743821 0.7927225696110695
    outer loop
      vertex -0.9209706266788905 2.223419777475426 2.744215297298268
      vertex -1.0139156752607739 1.7561534641421668 3.03486408490429
      vertex -0.7760174614751214 1.8734718801315788 3.03486408490429
    endloop
  endfacet
  facet normal -0.19594390009982515 0.577232115914294 0.7927225696110693
    outer loop
      vertex -0.9209706266788905 2.223419777475426 2.744215297298268
      vertex -0.7760174614751214 1.8734718801315788 3.03486408490429
      vertex -0.622877078036382 2.3246089021018226 2.744215297298268
    endloop
  endfacet
  facet normal -0.19594390009982485 0.5772321159142939 0.7927225696110695
    outer loop
      vertex -0.622877078036382 2.3246089021018226 2.744215297298268
      vertex -0.7760174614751214 1.8734718801315788 3.03486408490429
      vertex -0.524841373770942 1.9587346728274033 3.03486408490429
    endloop
  endfacet
  facet normal -0.1189236627540976 0.5978696263119349 0.7927225696110695
    outer loop
      vertex -0.622877078036382 2.3246089021018226 2.744215297298268
      vertex -0.524841373770942 1.9587346728274033 3.03486408490429
      vertex -0.3141259298945193 2.3860233239099076 2.744215297298268
    endloop
  endfacet
  facet normal -0.11892366275409863 0.5978696263119352 0.7927225696110691
    outer loop
      vertex -0.3141259298945193 2.3860233239099076 2.744215297298268
      vertex -0.524841373770942 1.9587346728274033 3.03486408490429
      vertex -0.2646851046480223 2.0104829722073028 3.03486408490429
    endloop
  endfacet
  facet normal -0.03986860856678125 0.6082774216426026 0.7927225696110691
    outer loop
      vertex -0.3141259298945193 2.3860233239099076 2.744215297298268
      vertex -0.2646851046480223 2.0104829722073028 3.03486408490429
      vertex 0 2.4066122251152513 2.744215297298268
    endloop
  endfacet
  facet normal -0.03986860856678058 0.6082774216426021 0.7927225696110693
    outer loop
      vertex -0.2646851046480223 2.0104829722073028 3.03486408490429
      vertex 0 2.0278313505215477 3.03486408490429
      vertex 0 2.4066122251152513 2.744215297298268
    endloop
  endfacet
  facet normal -0.3302030079006511 0.376524367340266 0.8655607282983528
    outer loop
      vertex -1.1415204621502981 1.1415204621502981 3.273585506594312
      vertex -0.9827562770862183 1.280752915617722 3.273585506594312
      vertex -1.2344655107321814 1.6087867754835565 3.03486408490429
    endloop
  endfacet
  facet normal -0.2782317834462875 0.4164032904624112 0.8655607282983527
    outer loop
      vertex -0.9827562770862183 1.280752915617722 3.273585506594312
      vertex -1.0139156752607739 1.7561534641421668 3.03486408490429
      vertex -1.2344655107321814 1.6087867754835565 3.03486408490429
    endloop
  endfacet
  facet normal -0.2782317834462879 0.4164032904624112 0.8655607282983527
    outer loop
      vertex -0.9827562770862183 1.280752915617722 3.273585506594312
      vertex -0.8071768596496773 1.3980713316071338 3.273585506594312
      vertex -1.0139156752607739 1.7561534641421668 3.03486408490429
    endloop
  endfacet
  facet normal -0.21299671902680684 0.3187721171243613 0.9235890509462896
    outer loop
      vertex -0.7142318110677938 0.9308050182738751 3.4562949726571355
      vertex -0.8071768596496773 1.3980713316071338 3.273585506594312
      vertex -0.9827562770862183 1.280752915617722 3.273585506594312
    endloop
  endfacet
  facet normal -0.16956639193444215 0.3438466281621315 0.9235890509462897
    outer loop
      vertex -0.5866270241782698 1.0160678109696994 3.4562949726571355
      vertex -0.6177864223528258 1.491468359494145 3.273585506594312
      vertex -0.8071768596496773 1.3980713316071338 3.273585506594312
    endloop
  endfacet
  facet normal -0.2214999360367349 0.44915743783594153 0.8655607282983527
    outer loop
      vertex -0.7760174614751214 1.8734718801315788 3.03486408490429
      vertex -0.8071768596496773 1.3980713316071338 3.273585506594312
      vertex -0.6177864223528258 1.491468359494145 3.273585506594312
    endloop
  endfacet
  facet normal -0.22149993603673476 0.4491574378359415 0.8655607282983527
    outer loop
      vertex -1.0139156752607739 1.7561534641421668 3.03486408490429
      vertex -0.8071768596496773 1.3980713316071338 3.273585506594312
      vertex -0.7760174614751214 1.8734718801315788 3.03486408490429
    endloop
  endfacet
  facet normal -0.16097816331020803 0.474226376918131 0.8655607282983527
    outer loop
      vertex -0.7760174614751214 1.8734718801315788 3.03486408490429
      vertex -0.6177864223528258 1.491468359494145 3.273585506594312
      vertex -0.524841373770942 1.9587346728274033 3.03486408490429
    endloop
  endfacet
  facet normal -0.12323473686339295 0.3630378280597522 0.9235890509462897
    outer loop
      vertex -0.4489848862613176 1.0839454017126144 3.4562949726571355
      vertex -0.4178254880867618 1.55934595023706 3.273585506594312
      vertex -0.6177864223528258 1.491468359494145 3.273585506594312
    endloop
  endfacet
  facet normal -0.074794501277487 0.376017350066169 0.9235890509462897
    outer loop
      vertex -0.3036604924583063 1.133276386105785 3.4562949726571355
      vertex -0.21071544387642274 1.600542699439044 3.273585506594312
      vertex -0.4178254880867618 1.55934595023706 3.273585506594312
    endloop
  endfacet
  facet normal -0.16097816331020812 0.474226376918131 0.8655607282983526
    outer loop
      vertex -0.524841373770942 1.9587346728274033 3.03486408490429
      vertex -0.6177864223528258 1.491468359494145 3.273585506594312
      vertex -0.4178254880867618 1.55934595023706 3.273585506594312
    endloop
  endfacet
  facet normal -0.09770200957786486 0.49118117121085964 0.8655607282983527
    outer loop
      vertex -0.4178254880867618 1.55934595023706 3.273585506594312
      vertex -0.21071544387642274 1.600542699439044 3.273585506594312
      vertex -0.2646851046480223 2.0104829722073028 3.03486408490429
    endloop
  endfacet
  facet normal -0.03275414737353058 0.4997317194830224 0.8655607282983527
    outer loop
      vertex -0.21071544387642274 1.600542699439044 3.273585506594312
      vertex 0 1.6143537192993547 3.273585506594312
      vertex 0 2.0278313505215477 3.03486408490429
    endloop
  endfacet
  facet normal -0.02507451103777046 0.38256311096124873 0.9235890509462896
    outer loop
      vertex -0.15314038343873937 1.1632166973291114 3.4562949726571355
      vertex 0 1.6143537192993547 3.273585506594312
      vertex -0.21071544387642274 1.600542699439044 3.273585506594312
    endloop
  endfacet
  facet normal -0.16956639193444192 0.3438466281621315 0.9235890509462897
    outer loop
      vertex -0.5866270241782698 1.0160678109696994 3.4562949726571355
      vertex -0.4489848862613176 1.0839454017126144 3.4562949726571355
      vertex -0.6177864223528258 1.491468359494145 3.273585506594312
    endloop
  endfacet
  facet normal -0.123234736863393 0.36303782805975215 0.9235890509462897
    outer loop
      vertex -0.4489848862613176 1.0839454017126144 3.4562949726571355
      vertex -0.3036604924583063 1.133276386105785 3.4562949726571355
      vertex -0.4178254880867618 1.55934595023706 3.273585506594312
    endloop
  endfacet
  facet normal -0.07479450127748735 0.376017350066169 0.9235890509462895
    outer loop
      vertex -0.3036604924583063 1.133276386105785 3.4562949726571355
      vertex -0.15314038343873937 1.1632166973291114 3.4562949726571355
      vertex -0.21071544387642274 1.600542699439044 3.273585506594312
    endloop
  endfacet
  facet normal -0.025074511037770388 0.38256311096124873 0.9235890509462897
    outer loop
      vertex -0.15314038343873937 1.1632166973291114 3.4562949726571355
      vertex 0 1.1732540483565397 3.4562949726571355
      vertex 0 1.6143537192993547 3.273585506594312
    endloop
  endfacet
  facet normal -0.09770200957786537 0.49118117121085975 0.8655607282983526
    outer loop
      vertex -0.524841373770942 1.9587346728274033 3.03486408490429
      vertex -0.4178254880867618 1.55934595023706 3.273585506594312
      vertex -0.2646851046480223 2.0104829722073028 3.03486408490429
    endloop
  endfacet
  facet normal -0.032754147373530336 0.49973171948302236 0.8655607282983527
    outer loop
      vertex -0.21071544387642274 1.600542699439044 3.273585506594312
      vertex 0 2.0278313505215477 3.03486408490429
      vertex -0.2646851046480223 2.0104829722073028 3.03486408490429
    endloop
  endfacet
  facet normal -0.3511696618734018 0.7121016303436262 0.607940076522078
    outer loop
      vertex -1.379034478991874 2.388557783003201 2.388557783003201
      vertex -1.372107648649134 2.3765601609141656 2.4066122251152513
      vertex -1.372011859414393 2.3904260049916903 2.3904260049916903
    endloop
  endfacet
  facet normal -0.3511696618733949 0.7121016303436283 0.6079400765220797
    outer loop
      vertex -1.372011859414393 2.3904260049916903 2.3904260049916903
      vertex -1.372107648649134 2.3765601609141656 2.4066122251152513
      vertex -1.0501657291188864 2.5353243459782453 2.4066122251152513
    endloop
  endfacet
  facet normal -0.351169661873395 0.7121016303436288 0.607940076522079
    outer loop
      vertex -1.372011859414393 2.3904260049916903 2.3904260049916903
      vertex -1.0501657291188864 2.5353243459782453 2.4066122251152513
      vertex -1.0630347001818952 2.566392790452348 2.362787046930709
    endloop
  endfacet
  facet normal -0.25521744245231215 0.7518463409676405 0.607940076522079
    outer loop
      vertex -1.0630347001818952 2.566392790452348 2.362787046930709
      vertex -1.0501657291188864 2.5353243459782453 2.4066122251152513
      vertex -1.0033766955654861 2.5512070826860485 2.4066122251152513
    endloop
  endfacet
  facet normal -0.2275354805983072 0.6702979110062817 0.7063485793639795
    outer loop
      vertex -1.0267658314203107 2.4788319955962006 2.467759104544961
      vertex -1.0033766955654861 2.5512070826860485 2.4066122251152513
      vertex -1.0501657291188864 2.5353243459782453 2.4066122251152513
    endloop
  endfacet
  facet normal -0.3130803169960176 0.6348640795793227 0.7063485793640222
    outer loop
      vertex -1.0714780051928068 2.4625632687419783 2.4625632687419783
      vertex -1.0501657291188864 2.5353243459782453 2.4066122251152513
      vertex -1.2033061125576257 2.0841873240080018 2.744215297298268
    endloop
  endfacet
  facet normal -0.3130803169961203 0.6348640795793199 0.7063485793639793
    outer loop
      vertex -1.0714780051928068 2.4625632687419783 2.4625632687419783
      vertex -1.0267658314203107 2.4788319955962006 2.467759104544961
      vertex -1.0501657291188864 2.5353243459782453 2.4066122251152513
    endloop
  endfacet
  facet normal -0.3130803169961218 0.6348640795793218 0.7063485793639771
    outer loop
      vertex -1.0714780051928068 2.4625632687419783 2.4625632687419783
      vertex -0.9209706266788905 2.223419777475426 2.744215297298268
      vertex -1.0245632964475715 2.473514605793413 2.473514605793413
    endloop
  endfacet
  facet normal -0.22753548059830855 0.670297911006282 0.706348579363979
    outer loop
      vertex -0.802783300994511 2.6192993647730276 2.4066122251152513
      vertex -0.6897165036351043 2.528858898218765 2.528858898218765
      vertex -0.7102551828024678 2.6507084285579308 2.4066122251152513
    endloop
  endfacet
  facet normal -0.13809744904270446 0.6942627593342368 0.7063485793639775
    outer loop
      vertex -0.7102551828024678 2.6507084285579308 2.4066122251152513
      vertex -0.6713271219487001 2.5314454067512906 2.5314454067512906
      vertex -0.6449518958373532 2.6636980599658346 2.4066122251152513
    endloop
  endfacet
  facet normal -0.22753548059833328 0.6702979110062757 0.7063485793639769
    outer loop
      vertex -0.7102551828024678 2.6507084285579308 2.4066122251152513
      vertex -0.6897165036351043 2.528858898218765 2.528858898218765
      vertex -0.622877078036382 2.3246089021018226 2.744215297298268
    endloop
  endfacet
  facet normal -0.13809744904271012 0.6942627593342354 0.7063485793639778
    outer loop
      vertex -0.7102551828024678 2.6507084285579308 2.4066122251152513
      vertex -0.622877078036382 2.3246089021018226 2.744215297298268
      vertex -0.6713271219487001 2.5314454067512906 2.5314454067512906
    endloop
  endfacet
  facet normal -0.2552174424523136 0.7518463409676401 0.6079400765220788
    outer loop
      vertex -0.802783300994511 2.6192993647730276 2.4066122251152513
      vertex -0.7102551828024678 2.6507084285579308 2.4066122251152513
      vertex -0.7155202497941225 2.6703579260760404 2.3801011587039085
    endloop
  endfacet
  facet normal -0.1548983818312231 0.7787267522465099 0.607940076522079
    outer loop
      vertex -0.7102551828024678 2.6507084285579308 2.4066122251152513
      vertex -0.6449518958373532 2.6636980599658346 2.4066122251152513
      vertex -0.7155202497941225 2.6703579260760404 2.3801011587039085
    endloop
  endfacet
  facet normal -0.22753548059830736 0.6702979110062843 0.7063485793639771
    outer loop
      vertex -1.0245632964475715 2.473514605793413 2.473514605793413
      vertex -0.622877078036382 2.3246089021018226 2.744215297298268
      vertex -0.6897165036351043 2.528858898218765 2.528858898218765
    endloop
  endfacet
  facet normal -0.22753548059830755 0.6702979110062842 0.7063485793639773
    outer loop
      vertex -1.0245632964475715 2.473514605793413 2.473514605793413
      vertex -0.9209706266788905 2.223419777475426 2.744215297298268
      vertex -0.622877078036382 2.3246089021018226 2.744215297298268
    endloop
  endfacet
  facet normal -0.1380974490427057 0.6942627593342362 0.7063485793639779
    outer loop
      vertex -0.6713271219487001 2.5314454067512906 2.5314454067512906
      vertex -0.622877078036382 2.3246089021018226 2.744215297298268
      vertex -0.3141259298945193 2.3860233239099076 2.744215297298268
    endloop
  endfacet
  facet normal -0.13809744904270607 0.6942627593342358 0.7063485793639782
    outer loop
      vertex -0.6713271219487001 2.5314454067512906 2.5314454067512906
      vertex -0.3141259298945193 2.3860233239099076 2.744215297298268
      vertex -0.3376030721830161 2.5643499240027907 2.5643499240027907
    endloop
  endfacet
  facet normal -0.04629653184613963 0.7063485793639775 0.7063485793639781
    outer loop
      vertex -0.3376030721830161 2.5643499240027907 2.5643499240027907
      vertex -0.3141259298945193 2.3860233239099076 2.744215297298268
      vertex 0 2.4066122251152513 2.744215297298268
    endloop
  endfacet
  facet normal -0.04629653184613928 0.7063485793639779 0.7063485793639779
    outer loop
      vertex -0.3376030721830161 2.5643499240027907 2.5643499240027907
      vertex 0 2.4066122251152513 2.744215297298268
      vertex 0 2.5754137612067596 2.5754137612067596
    endloop
  endfacet
  facet normal 0.1548983818312231 -0.7787267522465099 0.607940076522079
    outer loop
      vertex 0.6449518958373532 -2.6636980599658346 2.4066122251152513
      vertex 0.7155202497941225 -2.6703579260760404 2.3801011587039085
      vertex 0.7102551828024678 -2.6507084285579308 2.4066122251152513
    endloop
  endfacet
  facet normal 0.2552174424523136 -0.7518463409676401 0.6079400765220788
    outer loop
      vertex 0.7155202497941225 -2.6703579260760404 2.3801011587039085
      vertex 0.802783300994511 -2.6192993647730276 2.4066122251152513
      vertex 0.7102551828024678 -2.6507084285579308 2.4066122251152513
    endloop
  endfacet
  facet normal 0.13809744904270446 -0.6942627593342368 0.7063485793639775
    outer loop
      vertex 0.6449518958373532 -2.6636980599658346 2.4066122251152513
      vertex 0.7102551828024678 -2.6507084285579308 2.4066122251152513
      vertex 0.6713271219487001 -2.5314454067512906 2.5314454067512906
    endloop
  endfacet
  facet normal 0.13809744904270788 -0.6942627593342353 0.7063485793639782
    outer loop
      vertex 0.622877078036382 -2.3246089021018226 2.744215297298268
      vertex 0.6713271219487001 -2.5314454067512906 2.5314454067512906
      vertex 0.7102551828024678 -2.6507084285579308 2.4066122251152513
    endloop
  endfacet
  facet normal 0.22753548059833328 -0.6702979110062759 0.7063485793639769
    outer loop
      vertex 0.622877078036382 -2.3246089021018226 2.744215297298268
      vertex 0.7102551828024678 -2.6507084285579308 2.4066122251152513
      vertex 0.6897165036351043 -2.528858898218765 2.528858898218765
    endloop
  endfacet
  facet normal 0.22753548059830855 -0.670297911006282 0.706348579363979
    outer loop
      vertex 0.7102551828024678 -2.6507084285579308 2.4066122251152513
      vertex 0.802783300994511 -2.6192993647730276 2.4066122251152513
      vertex 0.6897165036351043 -2.528858898218765 2.528858898218765
    endloop
  endfacet
  facet normal 0.25521744245231215 -0.7518463409676405 0.607940076522079
    outer loop
      vertex 1.0630347001818952 -2.566392790452348 2.362787046930709
      vertex 1.0501657291188864 -2.5353243459782453 2.4066122251152513
      vertex 1.0033766955654861 -2.5512070826860485 2.4066122251152513
    endloop
  endfacet
  facet normal 0.22753548059830714 -0.6702979110062817 0.7063485793639795
    outer loop
      vertex 1.0033766955654861 -2.5512070826860485 2.4066122251152513
      vertex 1.0501657291188864 -2.5353243459782453 2.4066122251152513
      vertex 1.0267658314203107 -2.4788319955962006 2.467759104544961
    endloop
  endfacet
  facet normal 0.351169661873395 -0.7121016303436288 0.6079400765220789
    outer loop
      vertex 1.0630347001818952 -2.566392790452348 2.362787046930709
      vertex 1.372011859414393 -2.3904260049916903 2.3904260049916903
      vertex 1.0501657291188864 -2.5353243459782453 2.4066122251152513
    endloop
  endfacet
  facet normal 0.3130803169961218 -0.6348640795793218 0.7063485793639771
    outer loop
      vertex 1.0245632964475715 -2.473514605793413 2.473514605793413
      vertex 1.0714780051928068 -2.4625632687419783 2.4625632687419783
      vertex 0.9209706266788905 -2.223419777475426 2.744215297298268
    endloop
  endfacet
  facet normal 0.3130803169961203 -0.6348640795793198 0.7063485793639793
    outer loop
      vertex 1.0501657291188864 -2.5353243459782453 2.4066122251152513
      vertex 1.0714780051928068 -2.4625632687419783 2.4625632687419783
      vertex 1.0267658314203107 -2.4788319955962006 2.467759104544961
    endloop
  endfacet
  facet normal 0.3130803169960178 -0.6348640795793228 0.7063485793640223
    outer loop
      vertex 1.0501657291188864 -2.5353243459782453 2.4066122251152513
      vertex 1.2033061125576257 -2.0841873240080018 2.744215297298268
      vertex 1.0714780051928068 -2.4625632687419783 2.4625632687419783
    endloop
  endfacet
  facet normal 0.3511696618733948 -0.7121016303436284 0.6079400765220797
    outer loop
      vertex 1.0501657291188864 -2.5353243459782453 2.4066122251152513
      vertex 1.372011859414393 -2.3904260049916903 2.3904260049916903
      vertex 1.372107648649134 -2.3765601609141656 2.4066122251152513
    endloop
  endfacet
  facet normal 0.3511696618734018 -0.7121016303436262 0.607940076522078
    outer loop
      vertex 1.379034478991874 -2.388557783003201 2.388557783003201
      vertex 1.372107648649134 -2.3765601609141656 2.4066122251152513
      vertex 1.372011859414393 -2.3904260049916903 2.3904260049916903
    endloop
  endfacet
  facet normal 0.04629653184613928 -0.7063485793639779 0.7063485793639779
    outer loop
      vertex 0 -2.5754137612067596 2.5754137612067596
      vertex 0.3376030721830161 -2.5643499240027907 2.5643499240027907
      vertex 0 -2.4066122251152513 2.744215297298268
    endloop
  endfacet
  facet normal 0.046296531846139605 -0.7063485793639775 0.7063485793639782
    outer loop
      vertex 0 -2.4066122251152513 2.744215297298268
      vertex 0.3376030721830161 -2.5643499240027907 2.5643499240027907
      vertex 0.3141259298945193 -2.3860233239099076 2.744215297298268
    endloop
  endfacet
  facet normal 0.13809744904270607 -0.6942627593342358 0.7063485793639782
    outer loop
      vertex 0.3141259298945193 -2.3860233239099076 2.744215297298268
      vertex 0.3376030721830161 -2.5643499240027907 2.5643499240027907
      vertex 0.6713271219487001 -2.5314454067512906 2.5314454067512906
    endloop
  endfacet
  facet normal 0.13809744904270574 -0.6942627593342362 0.7063485793639779
    outer loop
      vertex 0.3141259298945193 -2.3860233239099076 2.744215297298268
      vertex 0.6713271219487001 -2.5314454067512906 2.5314454067512906
      vertex 0.622877078036382 -2.3246089021018226 2.744215297298268
    endloop
  endfacet
  facet normal 0.22753548059830736 -0.6702979110062843 0.7063485793639771
    outer loop
      vertex 0.622877078036382 -2.3246089021018226 2.744215297298268
      vertex 0.6897165036351043 -2.528858898218765 2.528858898218765
      vertex 1.0245632964475715 -2.473514605793413 2.473514605793413
    endloop
  endfacet
  facet normal 0.22753548059830753 -0.6702979110062842 0.7063485793639773
    outer loop
      vertex 0.622877078036382 -2.3246089021018226 2.744215297298268
      vertex 1.0245632964475715 -2.473514605793413 2.473514605793413
      vertex 0.9209706266788905 -2.223419777475426 2.744215297298268
    endloop
  endfacet
  facet normal 0.5713157878291649 -0.6514607996199837 0.4991964514453524
    outer loop
      vertex 2.10634688026818 -2.180724126302715 2.0278313505215477
      vertex 2.159426921194821 -2.159426921194821 1.9948760458852328
      vertex 2.1459729744153297 -2.1459729744153297 2.0278313505215477
    endloop
  endfacet
  facet normal 0.6514607996199837 -0.5713157878291649 0.4991964514453524
    outer loop
      vertex 2.1459729744153297 -2.1459729744153297 2.0278313505215477
      vertex 2.159426921194821 -2.159426921194821 1.9948760458852328
      vertex 2.180724126302715 -2.10634688026818 2.0278313505215477
    endloop
  endfacet
  facet normal 0.3130803169961171 -0.6348640795793232 0.7063485793639778
    outer loop
      vertex 1.0501657291188864 -2.5353243459782453 2.4066122251152513
      vertex 1.372107648649134 -2.3765601609141656 2.4066122251152513
      vertex 1.2033061125576257 -2.0841873240080018 2.744215297298268
    endloop
  endfacet
  facet normal 0.4411132710172003 -0.6601726633925669 0.6079400765220783
    outer loop
      vertex 1.379034478991874 -2.388557783003201 2.388557783003201
      vertex 1.7372040682313397 -2.263968419522047 2.263968419522047
      vertex 1.6705724258908847 -2.177132372589886 2.4066122251152513
    endloop
  endfacet
  facet normal 0.4411132710172005 -0.660172663392567 0.6079400765220782
    outer loop
      vertex 1.379034478991874 -2.388557783003201 2.388557783003201
      vertex 1.6705724258908847 -2.177132372589886 2.4066122251152513
      vertex 1.372107648649134 -2.3765601609141656 2.4066122251152513
    endloop
  endfacet
  facet normal 0.39326826236786033 -0.5885675477331843 0.7063485793639778
    outer loop
      vertex 1.372107648649134 -2.3765601609141656 2.4066122251152513
      vertex 1.6705724258908847 -2.177132372589886 2.4066122251152513
      vertex 1.4650526972310174 -1.9092938475809067 2.744215297298268
    endloop
  endfacet
  facet normal 0.5235093097941992 -0.5969479591364147 0.6079400765220784
    outer loop
      vertex 1.7372040682313397 -2.263968419522047 2.263968419522047
      vertex 2.070809340657674 -2.119020954908732 2.119020954908732
      vertex 1.6705724258908847 -2.177132372589886 2.4066122251152513
    endloop
  endfacet
  facet normal 0.5235093097942014 -0.5969479591364139 0.6079400765220773
    outer loop
      vertex 1.9404532457554629 -1.9404532457554629 2.4066122251152513
      vertex 2.070809340657674 -2.119020954908732 2.119020954908732
      vertex 2.092198870400218 -2.127578823443263 2.092198870400218
    endloop
  endfacet
  facet normal 0.5235093097941969 -0.5969479591364196 0.6079400765220756
    outer loop
      vertex 2.052895370671408 -2.202074296570563 2.052895370671408
      vertex 2.092198870400218 -2.127578823443263 2.092198870400218
      vertex 2.070809340657674 -2.119020954908732 2.119020954908732
    endloop
  endfacet
  facet normal 0.5235093097941987 -0.5969479591364175 0.6079400765220759
    outer loop
      vertex 2.10634688026818 -2.180724126302715 2.0278313505215477
      vertex 2.1459729744153297 -2.1459729744153297 2.0278313505215477
      vertex 2.092198870400218 -2.127578823443263 2.092198870400218
    endloop
  endfacet
  facet normal 0.596947959136416 -0.5235093097941973 0.6079400765220788
    outer loop
      vertex 2.1459729744153297 -2.1459729744153297 2.0278313505215477
      vertex 2.180724126302715 -2.10634688026818 2.0278313505215477
      vertex 2.1275788234432618 -2.0921988704002183 2.0921988704002183
    endloop
  endfacet
  facet normal 0.5969479591364149 -0.523509309794202 0.6079400765220758
    outer loop
      vertex 2.2020742965705633 -2.052895370671408 2.052895370671408
      vertex 2.119020954908732 -2.0708093406576737 2.119020954908732
      vertex 2.1275788234432618 -2.0921988704002183 2.0921988704002183
    endloop
  endfacet
  facet normal 0.523509309794202 -0.5969479591364132 0.6079400765220774
    outer loop
      vertex 2.1459729744153297 -2.1459729744153297 2.0278313505215477
      vertex 1.9404532457554629 -1.9404532457554629 2.4066122251152513
      vertex 2.092198870400218 -2.127578823443263 2.092198870400218
    endloop
  endfacet
  facet normal 0.5969479591364212 -0.5235093097941934 0.6079400765220769
    outer loop
      vertex 2.1459729744153297 -2.1459729744153297 2.0278313505215477
      vertex 2.1275788234432618 -2.0921988704002183 2.0921988704002183
      vertex 1.9404532457554629 -1.9404532457554629 2.4066122251152513
    endloop
  endfacet
  facet normal 0.5969479591364116 -0.523509309794204 0.607940076522077
    outer loop
      vertex 1.9404532457554629 -1.9404532457554629 2.4066122251152513
      vertex 2.1275788234432618 -2.0921988704002183 2.0921988704002183
      vertex 2.119020954908732 -2.0708093406576737 2.119020954908732
    endloop
  endfacet
  facet normal 0.5969479591364157 -0.5235093097941997 0.607940076522077
    outer loop
      vertex 1.9404532457554629 -1.9404532457554629 2.4066122251152513
      vertex 2.119020954908732 -2.0708093406576737 2.119020954908732
      vertex 2.263968419522047 -1.7372040682313397 2.263968419522047
    endloop
  endfacet
  facet normal 0.5235093097941987 -0.5969479591364159 0.6079400765220775
    outer loop
      vertex 1.6705724258908847 -2.177132372589886 2.4066122251152513
      vertex 2.070809340657674 -2.119020954908732 2.119020954908732
      vertex 1.9404532457554629 -1.9404532457554629 2.4066122251152513
    endloop
  endfacet
  facet normal 0.466727278735929 -0.5322004619635771 0.7063485793639778
    outer loop
      vertex 1.6705724258908847 -2.177132372589886 2.4066122251152513
      vertex 1.9404532457554629 -1.9404532457554629 2.4066122251152513
      vertex 1.7017318240654404 -1.7017318240654404 2.744215297298268
    endloop
  endfacet
  facet normal 0.5969479591364155 -0.5235093097941984 0.6079400765220785
    outer loop
      vertex 1.9404532457554629 -1.9404532457554629 2.4066122251152513
      vertex 2.263968419522047 -1.7372040682313397 2.263968419522047
      vertex 2.177132372589886 -1.6705724258908847 2.4066122251152513
    endloop
  endfacet
  facet normal 0.5322004619635771 -0.46672727873592895 0.7063485793639778
    outer loop
      vertex 1.9404532457554629 -1.9404532457554629 2.4066122251152513
      vertex 2.177132372589886 -1.6705724258908847 2.4066122251152513
      vertex 1.9092938475809067 -1.4650526972310174 2.744215297298268
    endloop
  endfacet
  facet normal 0.6601726633925671 -0.44111327101720016 0.6079400765220784
    outer loop
      vertex 2.263968419522047 -1.7372040682313397 2.263968419522047
      vertex 2.388557783003201 -1.3790344789918738 2.388557783003201
      vertex 2.177132372589886 -1.6705724258908847 2.4066122251152513
    endloop
  endfacet
  facet normal 0.6601726633925692 -0.4411132710172019 0.6079400765220748
    outer loop
      vertex 2.177132372589886 -1.6705724258908847 2.4066122251152513
      vertex 2.388557783003201 -1.3790344789918738 2.388557783003201
      vertex 2.3765601609141656 -1.372107648649134 2.4066122251152513
    endloop
  endfacet
  facet normal 0.5885675477331843 -0.39326826236786033 0.7063485793639777
    outer loop
      vertex 2.177132372589886 -1.6705724258908847 2.4066122251152513
      vertex 2.3765601609141656 -1.372107648649134 2.4066122251152513
      vertex 2.0841873240080018 -1.2033061125576257 2.744215297298268
    endloop
  endfacet
  facet normal 0.03986860856678122 -0.6082774216426022 0.7927225696110693
    outer loop
      vertex 0 -2.4066122251152513 2.744215297298268
      vertex 0.3141259298945193 -2.3860233239099076 2.744215297298268
      vertex 0 -2.0278313505215477 3.03486408490429
    endloop
  endfacet
  facet normal 0.03986860856678055 -0.6082774216426025 0.7927225696110691
    outer loop
      vertex 0.3141259298945193 -2.3860233239099076 2.744215297298268
      vertex 0.2646851046480223 -2.0104829722073028 3.03486408490429
      vertex 0 -2.0278313505215477 3.03486408490429
    endloop
  endfacet
  facet normal 0.11892366275409863 -0.5978696263119352 0.7927225696110691
    outer loop
      vertex 0.3141259298945193 -2.3860233239099076 2.744215297298268
      vertex 0.524841373770942 -1.9587346728274033 3.03486408490429
      vertex 0.2646851046480223 -2.0104829722073028 3.03486408490429
    endloop
  endfacet
  facet normal 0.11892366275409763 -0.597869626311935 0.7927225696110696
    outer loop
      vertex 0.3141259298945193 -2.3860233239099076 2.744215297298268
      vertex 0.622877078036382 -2.3246089021018226 2.744215297298268
      vertex 0.524841373770942 -1.9587346728274033 3.03486408490429
    endloop
  endfacet
  facet normal 0.313080316996118 -0.634864079579324 0.7063485793639768
    outer loop
      vertex 1.0714780051928068 -2.4625632687419783 2.4625632687419783
      vertex 1.2033061125576257 -2.0841873240080018 2.744215297298268
      vertex 0.9209706266788905 -2.223419777475426 2.744215297298268
    endloop
  endfacet
  facet normal 0.19594390009982485 -0.5772321159142939 0.7927225696110695
    outer loop
      vertex 0.622877078036382 -2.3246089021018226 2.744215297298268
      vertex 0.7760174614751214 -1.8734718801315788 3.03486408490429
      vertex 0.524841373770942 -1.9587346728274033 3.03486408490429
    endloop
  endfacet
  facet normal 0.19594390009982515 -0.577232115914294 0.7927225696110695
    outer loop
      vertex 0.622877078036382 -2.3246089021018226 2.744215297298268
      vertex 0.9209706266788905 -2.223419777475426 2.744215297298268
      vertex 0.7760174614751214 -1.8734718801315788 3.03486408490429
    endloop
  endfacet
  facet normal 0.26961148298893134 -0.5467180039743821 0.7927225696110695
    outer loop
      vertex 0.9209706266788905 -2.223419777475426 2.744215297298268
      vertex 1.0139156752607739 -1.7561534641421668 3.03486408490429
      vertex 0.7760174614751214 -1.8734718801315788 3.03486408490429
    endloop
  endfacet
  facet normal 0.2696114829889313 -0.5467180039743821 0.7927225696110693
    outer loop
      vertex 0.9209706266788905 -2.223419777475426 2.744215297298268
      vertex 1.2033061125576257 -2.0841873240080018 2.744215297298268
      vertex 1.0139156752607739 -1.7561534641421668 3.03486408490429
    endloop
  endfacet
  facet normal 0.3386659386536707 -0.5068493954076017 0.7927225696110695
    outer loop
      vertex 1.2033061125576257 -2.0841873240080018 2.744215297298268
      vertex 1.2344655107321814 -1.6087867754835565 3.03486408490429
      vertex 1.0139156752607739 -1.7561534641421668 3.03486408490429
    endloop
  endfacet
  facet normal 0.0327541473735303 -0.4997317194830225 0.8655607282983526
    outer loop
      vertex 0 -2.0278313505215477 3.03486408490429
      vertex 0.2646851046480223 -2.0104829722073028 3.03486408490429
      vertex 0 -1.6143537192993547 3.273585506594312
    endloop
  endfacet
  facet normal 0.09770200957786537 -0.49118117121085975 0.8655607282983526
    outer loop
      vertex 0.2646851046480223 -2.0104829722073028 3.03486408490429
      vertex 0.524841373770942 -1.9587346728274033 3.03486408490429
      vertex 0.4178254880867618 -1.55934595023706 3.273585506594312
    endloop
  endfacet
  facet normal 0.03275414737353064 -0.49973171948302236 0.8655607282983528
    outer loop
      vertex 0.2646851046480223 -2.0104829722073028 3.03486408490429
      vertex 0.21071544387642274 -1.600542699439044 3.273585506594312
      vertex 0 -1.6143537192993547 3.273585506594312
    endloop
  endfacet
  facet normal 0.025074511037770492 -0.38256311096124873 0.9235890509462896
    outer loop
      vertex 0 -1.6143537192993547 3.273585506594312
      vertex 0.21071544387642274 -1.600542699439044 3.273585506594312
      vertex 0 -1.1732540483565397 3.4562949726571355
    endloop
  endfacet
  facet normal 0.0977020095778649 -0.49118117121085964 0.8655607282983527
    outer loop
      vertex 0.2646851046480223 -2.0104829722073028 3.03486408490429
      vertex 0.4178254880867618 -1.55934595023706 3.273585506594312
      vertex 0.21071544387642274 -1.600542699439044 3.273585506594312
    endloop
  endfacet
  facet normal 0.16097816331020812 -0.474226376918131 0.8655607282983526
    outer loop
      vertex 0.524841373770942 -1.9587346728274033 3.03486408490429
      vertex 0.6177864223528258 -1.491468359494145 3.273585506594312
      vertex 0.4178254880867618 -1.55934595023706 3.273585506594312
    endloop
  endfacet
  facet normal 0.074794501277487 -0.37601735006616904 0.9235890509462896
    outer loop
      vertex 0.21071544387642274 -1.600542699439044 3.273585506594312
      vertex 0.4178254880867618 -1.55934595023706 3.273585506594312
      vertex 0.3036604924583063 -1.133276386105785 3.4562949726571355
    endloop
  endfacet
  facet normal 0.12323473686339291 -0.3630378280597522 0.9235890509462897
    outer loop
      vertex 0.4178254880867618 -1.55934595023706 3.273585506594312
      vertex 0.6177864223528258 -1.491468359494145 3.273585506594312
      vertex 0.4489848862613176 -1.0839454017126144 3.4562949726571355
    endloop
  endfacet
  facet normal 0.025074511037770444 -0.3825631109612488 0.9235890509462897
    outer loop
      vertex 0.21071544387642274 -1.600542699439044 3.273585506594312
      vertex 0.15314038343873937 -1.1632166973291114 3.4562949726571355
      vertex 0 -1.1732540483565397 3.4562949726571355
    endloop
  endfacet
  facet normal 0.07479450127748734 -0.3760173500661691 0.9235890509462895
    outer loop
      vertex 0.21071544387642274 -1.600542699439044 3.273585506594312
      vertex 0.3036604924583063 -1.133276386105785 3.4562949726571355
      vertex 0.15314038343873937 -1.1632166973291114 3.4562949726571355
    endloop
  endfacet
  facet normal 0.123234736863393 -0.36303782805975215 0.9235890509462897
    outer loop
      vertex 0.4178254880867618 -1.55934595023706 3.273585506594312
      vertex 0.4489848862613176 -1.0839454017126144 3.4562949726571355
      vertex 0.3036604924583063 -1.133276386105785 3.4562949726571355
    endloop
  endfacet
  facet normal 0.16956639193444195 -0.34384662816213146 0.9235890509462896
    outer loop
      vertex 0.6177864223528258 -1.491468359494145 3.273585506594312
      vertex 0.5866270241782698 -1.0160678109696994 3.4562949726571355
      vertex 0.4489848862613176 -1.0839454017126144 3.4562949726571355
    endloop
  endfacet
  facet normal 0.16097816331020803 -0.474226376918131 0.8655607282983527
    outer loop
      vertex 0.524841373770942 -1.9587346728274033 3.03486408490429
      vertex 0.7760174614751214 -1.8734718801315788 3.03486408490429
      vertex 0.6177864223528258 -1.491468359494145 3.273585506594312
    endloop
  endfacet
  facet normal 0.2214999360367347 -0.44915743783594136 0.8655607282983526
    outer loop
      vertex 0.7760174614751214 -1.8734718801315788 3.03486408490429
      vertex 1.0139156752607739 -1.7561534641421668 3.03486408490429
      vertex 0.8071768596496773 -1.3980713316071338 3.273585506594312
    endloop
  endfacet
  facet normal 0.22149993603673493 -0.44915743783594153 0.8655607282983527
    outer loop
      vertex 0.6177864223528258 -1.491468359494145 3.273585506594312
      vertex 0.7760174614751214 -1.8734718801315788 3.03486408490429
      vertex 0.8071768596496773 -1.3980713316071338 3.273585506594312
    endloop
  endfacet
  facet normal 0.16956639193444217 -0.3438466281621315 0.9235890509462897
    outer loop
      vertex 0.6177864223528258 -1.491468359494145 3.273585506594312
      vertex 0.8071768596496773 -1.3980713316071338 3.273585506594312
      vertex 0.5866270241782698 -1.0160678109696994 3.4562949726571355
    endloop
  endfacet
  facet normal 0.2129967190268068 -0.31877211712436127 0.9235890509462896
    outer loop
      vertex 0.8071768596496773 -1.3980713316071338 3.273585506594312
      vertex 0.9827562770862183 -1.280752915617722 3.273585506594312
      vertex 0.7142318110677938 -0.9308050182738751 3.4562949726571355
    endloop
  endfacet
  facet normal 0.27823178344628796 -0.4164032904624112 0.8655607282983527
    outer loop
      vertex 1.0139156752607739 -1.7561534641421668 3.03486408490429
      vertex 0.9827562770862183 -1.280752915617722 3.273585506594312
      vertex 0.8071768596496773 -1.3980713316071338 3.273585506594312
    endloop
  endfacet
  facet normal 0.2782317834462875 -0.4164032904624112 0.8655607282983527
    outer loop
      vertex 1.0139156752607739 -1.7561534641421668 3.03486408490429
      vertex 1.2344655107321814 -1.6087867754835565 3.03486408490429
      vertex 0.9827562770862183 -1.280752915617722 3.273585506594312
    endloop
  endfacet
  facet normal 0.3302030079006511 -0.376524367340266 0.8655607282983528
    outer loop
      vertex 1.2344655107321814 -1.6087867754835565 3.03486408490429
      vertex 1.1415204621502981 -1.1415204621502981 3.273585506594312
      vertex 0.9827562770862183 -1.280752915617722 3.273585506594312
    endloop
  endfacet
  facet normal 0.016961456102913015 -0.25878181247039156 0.9657868722142624
    outer loop
      vertex 0 -1.1732540483565397 3.4562949726571355
      vertex 0.15314038343873937 -1.1632166973291114 3.4562949726571355
      vertex 0 -0.7120796753588681 3.579866273471791
    endloop
  endfacet
  facet normal 0.05059415309221433 -0.25435398391114994 0.9657868722142623
    outer loop
      vertex 0.15314038343873937 -1.1632166973291114 3.4562949726571355
      vertex 0.3036604924583063 -1.133276386105785 3.4562949726571355
      vertex 0.1842997816132952 -0.6878161488046661 3.579866273471791
    endloop
  endfacet
  facet normal 0.016961456102913223 -0.2587818124703915 0.9657868722142625
    outer loop
      vertex 0.15314038343873937 -1.1632166973291114 3.4562949726571355
      vertex 0.09294504858188353 -0.7059877350232808 3.579866273471791
      vertex 0 -0.7120796753588681 3.579866273471791
    endloop
  endfacet
  facet normal 0.05059415309221415 -0.25435398391115 0.9657868722142625
    outer loop
      vertex 0.15314038343873937 -1.1632166973291114 3.4562949726571355
      vertex 0.1842997816132952 -0.6878161488046661 3.579866273471791
      vertex 0.09294504858188353 -0.7059877350232808 3.579866273471791
    endloop
  endfacet
  facet normal 0.08336117009475844 -0.2455740881669414 0.9657868722142623
    outer loop
      vertex 0.3036604924583063 -1.133276386105785 3.4562949726571355
      vertex 0.27250109428375047 -0.6578758375813398 3.579866273471791
      vertex 0.1842997816132952 -0.6878161488046661 3.579866273471791
    endloop
  endfacet
  facet normal 0.0833611700947585 -0.2455740881669414 0.9657868722142625
    outer loop
      vertex 0.3036604924583063 -1.133276386105785 3.4562949726571355
      vertex 0.4489848862613176 -1.0839454017126144 3.4562949726571355
      vertex 0.27250109428375047 -0.6578758375813398 3.579866273471791
    endloop
  endfacet
  facet normal 0.11470185436489858 -0.23259235168819625 0.9657868722142623
    outer loop
      vertex 0.4489848862613176 -1.0839454017126144 3.4562949726571355
      vertex 0.5866270241782698 -1.0160678109696994 3.4562949726571355
      vertex 0.35603983767943403 -0.6166790883793557 3.579866273471791
    endloop
  endfacet
  facet normal 0.14407995810549298 -0.21563089558528337 0.9657868722142624
    outer loop
      vertex 0.5866270241782698 -1.0160678109696994 3.4562949726571355
      vertex 0.7142318110677938 -0.9308050182738751 3.4562949726571355
      vertex 0.4334866407395304 -0.5649307889994564 3.579866273471791
    endloop
  endfacet
  facet normal 0.1147018543648984 -0.2325923516881964 0.9657868722142625
    outer loop
      vertex 0.4489848862613176 -1.0839454017126144 3.4562949726571355
      vertex 0.35603983767943403 -0.6166790883793557 3.579866273471791
      vertex 0.27250109428375047 -0.6578758375813398 3.579866273471791
    endloop
  endfacet
  facet normal 0.144079958105493 -0.21563089558528337 0.9657868722142623
    outer loop
      vertex 0.5866270241782698 -1.0160678109696994 3.4562949726571355
      vertex 0.4334866407395304 -0.5649307889994564 3.579866273471791
      vertex 0.35603983767943403 -0.6166790883793557 3.579866273471791
    endloop
  endfacet
  facet normal 0.17099281381639164 -0.19497993507472713 0.9657868722142625
    outer loop
      vertex 0.4334866407395304 -0.5649307889994564 3.579866273471791
      vertex 0.7142318110677938 -0.9308050182738751 3.4562949726571355
      vertex 0.5035163671913709 -0.5035163671913709 3.579866273471791
    endloop
  endfacet
  facet normal 0.0085548255663784 -0.13052141585032973 0.9914085812438552
    outer loop
      vertex 0 -0.7120796753588681 3.579866273471791
      vertex 0.09294504858188353 -0.7059877350232808 3.579866273471791
      vertex 0 -0.23872142169002217 3.6421850698209024
    endloop
  endfacet
  facet normal 0.025518101261848475 -0.12828815823775755 0.9914085812438552
    outer loop
      vertex 0.09294504858188353 -0.7059877350232808 3.579866273471791
      vertex 0.1842997816132952 -0.6878161488046661 3.579866273471791
      vertex 0.06178565040732772 -0.23058718649883578 3.6421850698209024
    endloop
  endfacet
  facet normal 0.008554825566378469 -0.13052141585032973 0.9914085812438553
    outer loop
      vertex 0.09294504858188353 -0.7059877350232808 3.579866273471791
      vertex 0.031159398174555823 -0.23667912683442296 3.6421850698209024
      vertex 0 -0.23872142169002217 3.6421850698209024
    endloop
  endfacet
  facet normal 0.02551810126184825 -0.12828815823775755 0.9914085812438553
    outer loop
      vertex 0.09294504858188353 -0.7059877350232808 3.579866273471791
      vertex 0.06178565040732772 -0.23058718649883578 3.6421850698209024
      vertex 0.031159398174555823 -0.23667912683442296 3.6421850698209024
    endloop
  endfacet
  facet normal 0.042044755169774496 -0.12385985466954011 0.9914085812438553
    outer loop
      vertex 0.1842997816132952 -0.6878161488046661 3.579866273471791
      vertex 0.09135473303141167 -0.2205498354714074 3.6421850698209024
      vertex 0.06178565040732772 -0.23058718649883578 3.6421850698209024
    endloop
  endfacet
  facet normal 0.04204475516977422 -0.12385985466954014 0.9914085812438552
    outer loop
      vertex 0.1842997816132952 -0.6878161488046661 3.579866273471791
      vertex 0.27250109428375047 -0.6578758375813398 3.579866273471791
      vertex 0.09135473303141167 -0.2205498354714074 3.6421850698209024
    endloop
  endfacet
  facet normal 0.05785201165973658 -0.11731227464748763 0.9914085812438552
    outer loop
      vertex 0.27250109428375047 -0.6578758375813398 3.579866273471791
      vertex 0.35603983767943403 -0.6166790883793557 3.579866273471791
      vertex 0.11936071084501108 -0.2067388156110967 3.6421850698209024
    endloop
  endfacet
  facet normal 0.057852011659736434 -0.11731227464748771 0.9914085812438553
    outer loop
      vertex 0.27250109428375047 -0.6578758375813398 3.579866273471791
      vertex 0.11936071084501108 -0.2067388156110967 3.6421850698209024
      vertex 0.09135473303141167 -0.2205498354714074 3.6421850698209024
    endloop
  endfacet
  facet normal 0.07266940419059312 -0.10875744908110925 0.9914085812438553
    outer loop
      vertex 0.11936071084501108 -0.2067388156110967 3.6421850698209024
      vertex 0.35603983767943403 -0.6166790883793557 3.579866273471791
      vertex 0.1453243938030113 -0.1893904372968516 3.6421850698209024
    endloop
  endfacet
  facet normal 0.08624340306798324 -0.09834175340769169 0.9914085812438553
    outer loop
      vertex 0.1453243938030113 -0.1893904372968516 3.6421850698209024
      vertex 0.4334866407395304 -0.5649307889994564 3.579866273471791
      vertex 0.16880153609150805 -0.16880153609150805 3.6421850698209024
    endloop
  endfacet
  facet normal 0 0 1
    outer loop
      vertex 0 -0.23872142169002217 3.6421850698209024
      vertex 0.031159398174555823 -0.23667912683442296 3.6421850698209024
      vertex 0 0.23872142169002217 3.6421850698209024
    endloop
  endfacet
  facet normal 0 0 1
    outer loop
      vertex 0.031159398174555823 -0.23667912683442296 3.6421850698209024
      vertex 0.06178565040732772 -0.23058718649883578 3.6421850698209024
      vertex 0.031159398174555823 0.23667912683442296 3.6421850698209024
    endloop
  endfacet
  facet normal 0 0 1
    outer loop
      vertex 0.06178565040732772 -0.23058718649883578 3.6421850698209024
      vertex 0.09135473303141167 -0.2205498354714074 3.6421850698209024
      vertex 0.06178565040732772 0.23058718649883578 3.6421850698209024
    endloop
  endfacet
  facet normal 0 0 1
    outer loop
      vertex 0.09135473303141167 -0.2205498354714074 3.6421850698209024
      vertex 0.11936071084501108 -0.2067388156110967 3.6421850698209024
      vertex 0.09135473303141167 0.2205498354714074 3.6421850698209024
    endloop
  endfacet
  facet normal 0 0 1
    outer loop
      vertex 0.11936071084501108 -0.2067388156110967 3.6421850698209024
      vertex 0.1453243938030113 -0.1893904372968516 3.6421850698209024
      vertex 0.11936071084501108 0.2067388156110967 3.6421850698209024
    endloop
  endfacet
  facet normal 0.09834175340769169 -0.08624340306798324 0.9914085812438553
    outer loop
      vertex 0.16880153609150805 -0.16880153609150805 3.6421850698209024
      vertex 0.5035163671913709 -0.5035163671913709 3.579866273471791
      vertex 0.1893904372968516 -0.1453243938030113 3.6421850698209024
    endloop
  endfacet
  facet normal 0 0 1
    outer loop
      vertex 0.1453243938030113 -0.1893904372968516 3.6421850698209024
      vertex 0.16880153609150805 -0.16880153609150805 3.6421850698209024
      vertex 0.1453243938030113 0.1893904372968516 3.6421850698209024
    endloop
  endfacet
  facet normal 0 0 1
    outer loop
      vertex 0.16880153609150805 -0.16880153609150805 3.6421850698209024
      vertex 0.1893904372968516 -0.1453243938030113 3.6421850698209024
      vertex 0.16880153609150805 0.16880153609150805 3.6421850698209024
    endloop
  endfacet
  facet normal 0 0 1
    outer loop
      vertex 0.1893904372968516 -0.1453243938030113 3.6421850698209024
      vertex 0.2067388156110967 -0.11936071084501108 3.6421850698209024
      vertex 0.1893904372968516 0.1453243938030113 3.6421850698209024
    endloop
  endfacet
  facet normal 0 0 1
    outer loop
      vertex 0.2067388156110967 -0.11936071084501108 3.6421850698209024
      vertex 0.2205498354714074 -0.09135473303141167 3.6421850698209024
      vertex 0.2067388156110967 0.11936071084501108 3.6421850698209024
    endloop
  endfacet
  facet normal 0 0 1
    outer loop
      vertex 0.2205498354714074 -0.09135473303141167 3.6421850698209024
      vertex 0.23058718649883578 -0.06178565040732772 3.6421850698209024
      vertex 0.2205498354714074 0.09135473303141167 3.6421850698209024
    endloop
  endfacet
  facet normal 0 0 1
    outer loop
      vertex 0.23058718649883578 -0.06178565040732772 3.6421850698209024
      vertex 0.23667912683442296 -0.031159398174555823 3.6421850698209024
      vertex 0.23058718649883578 0.06178565040732772 3.6421850698209024
    endloop
  endfacet
  facet normal 0.07266940419059299 -0.10875744908110932 0.9914085812438554
    outer loop
      vertex 0.1453243938030113 -0.1893904372968516 3.6421850698209024
      vertex 0.35603983767943403 -0.6166790883793557 3.579866273471791
      vertex 0.4334866407395304 -0.5649307889994564 3.579866273471791
    endloop
  endfacet
  facet normal 0.08624340306798337 -0.09834175340769163 0.9914085812438552
    outer loop
      vertex 0.16880153609150805 -0.16880153609150805 3.6421850698209024
      vertex 0.4334866407395304 -0.5649307889994564 3.579866273471791
      vertex 0.5035163671913709 -0.5035163671913709 3.579866273471791
    endloop
  endfacet
  facet normal 0.09834175340769154 -0.08624340306798332 0.9914085812438554
    outer loop
      vertex 0.1893904372968516 -0.1453243938030113 3.6421850698209024
      vertex 0.5035163671913709 -0.5035163671913709 3.579866273471791
      vertex 0.5649307889994564 -0.4334866407395304 3.579866273471791
    endloop
  endfacet
  facet normal 0.10875744908110933 -0.07266940419059308 0.9914085812438552
    outer loop
      vertex 0.2067388156110967 -0.11936071084501108 3.6421850698209024
      vertex 0.5649307889994564 -0.4334866407395304 3.579866273471791
      vertex 0.6166790883793557 -0.35603983767943403 3.579866273471791
    endloop
  endfacet
  facet normal 0.10875744908110922 -0.0726694041905931 0.9914085812438553
    outer loop
      vertex 0.1893904372968516 -0.1453243938030113 3.6421850698209024
      vertex 0.5649307889994564 -0.4334866407395304 3.579866273471791
      vertex 0.2067388156110967 -0.11936071084501108 3.6421850698209024
    endloop
  endfacet
  facet normal 0.11731227464748763 -0.05785201165973658 0.9914085812438553
    outer loop
      vertex 0.2067388156110967 -0.11936071084501108 3.6421850698209024
      vertex 0.6166790883793557 -0.35603983767943403 3.579866273471791
      vertex 0.2205498354714074 -0.09135473303141167 3.6421850698209024
    endloop
  endfacet
  facet normal 0.12385985466954012 -0.042044755169774274 0.9914085812438553
    outer loop
      vertex 0.2205498354714074 -0.09135473303141167 3.6421850698209024
      vertex 0.6578758375813398 -0.27250109428375047 3.579866273471791
      vertex 0.23058718649883578 -0.06178565040732772 3.6421850698209024
    endloop
  endfacet
  facet normal 0.12828815823775752 -0.025518101261848492 0.9914085812438553
    outer loop
      vertex 0.23058718649883578 -0.06178565040732772 3.6421850698209024
      vertex 0.6878161488046661 -0.1842997816132952 3.579866273471791
      vertex 0.23667912683442296 -0.031159398174555823 3.6421850698209024
    endloop
  endfacet
  facet normal 0.13052141585032973 -0.008554825566378337 0.9914085812438553
    outer loop
      vertex 0.23667912683442296 -0.031159398174555823 3.6421850698209024
      vertex 0.7059877350232808 -0.09294504858188353 3.579866273471791
      vertex 0.23872142169002217 0 3.6421850698209024
    endloop
  endfacet
  facet normal 0.11731227464748763 -0.05785201165973661 0.9914085812438554
    outer loop
      vertex 0.2205498354714074 -0.09135473303141167 3.6421850698209024
      vertex 0.6166790883793557 -0.35603983767943403 3.579866273471791
      vertex 0.6578758375813398 -0.27250109428375047 3.579866273471791
    endloop
  endfacet
  facet normal 0.12385985466954016 -0.04204475516977425 0.9914085812438552
    outer loop
      vertex 0.23058718649883578 -0.06178565040732772 3.6421850698209024
      vertex 0.6578758375813398 -0.27250109428375047 3.579866273471791
      vertex 0.6878161488046661 -0.1842997816132952 3.579866273471791
    endloop
  endfacet
  facet normal 0.12828815823775752 -0.025518101261848496 0.9914085812438552
    outer loop
      vertex 0.23667912683442296 -0.031159398174555823 3.6421850698209024
      vertex 0.6878161488046661 -0.1842997816132952 3.579866273471791
      vertex 0.7059877350232808 -0.09294504858188353 3.579866273471791
    endloop
  endfacet
  facet normal 0.13052141585032975 -0.008554825566378401 0.9914085812438552
    outer loop
      vertex 0.7059877350232808 -0.09294504858188353 3.579866273471791
      vertex 0.7120796753588681 0 3.579866273471791
      vertex 0.23872142169002217 0 3.6421850698209024
    endloop
  endfacet
  facet normal 0.2527826132027757 -0.2882433267822653 0.9235890509462896
    outer loop
      vertex 0.9827562770862183 -1.280752915617722 3.273585506594312
      vertex 1.1415204621502981 -1.1415204621502981 3.273585506594312
      vertex 0.8296158936474788 -0.8296158936474788 3.4562949726571355
    endloop
  endfacet
  facet normal 0.2882433267822654 -0.2527826132027758 0.9235890509462896
    outer loop
      vertex 0.9308050182738751 -0.7142318110677938 3.4562949726571355
      vertex 1.1415204621502981 -1.1415204621502981 3.273585506594312
      vertex 1.280752915617722 -0.9827562770862183 3.273585506594312
    endloop
  endfacet
  facet normal 0.21299671902680656 -0.3187721171243613 0.9235890509462897
    outer loop
      vertex 0.8071768596496773 -1.3980713316071338 3.273585506594312
      vertex 0.7142318110677938 -0.9308050182738751 3.4562949726571355
      vertex 0.5866270241782698 -1.0160678109696994 3.4562949726571355
    endloop
  endfacet
  facet normal 0.2527826132027761 -0.28824332678226516 0.9235890509462897
    outer loop
      vertex 0.9827562770862183 -1.280752915617722 3.273585506594312
      vertex 0.8296158936474788 -0.8296158936474788 3.4562949726571355
      vertex 0.7142318110677938 -0.9308050182738751 3.4562949726571355
    endloop
  endfacet
  facet normal 0.1709928138163916 -0.1949799350747272 0.9657868722142624
    outer loop
      vertex 0.5035163671913709 -0.5035163671913709 3.579866273471791
      vertex 0.7142318110677938 -0.9308050182738751 3.4562949726571355
      vertex 0.8296158936474788 -0.8296158936474788 3.4562949726571355
    endloop
  endfacet
  facet normal 0.1949799350747272 -0.17099281381639153 0.9657868722142624
    outer loop
      vertex 0.5649307889994564 -0.4334866407395304 3.579866273471791
      vertex 0.8296158936474788 -0.8296158936474788 3.4562949726571355
      vertex 0.9308050182738751 -0.7142318110677938 3.4562949726571355
    endloop
  endfacet
  facet normal 0.19497993507472708 -0.1709928138163916 0.9657868722142623
    outer loop
      vertex 0.5035163671913709 -0.5035163671913709 3.579866273471791
      vertex 0.8296158936474788 -0.8296158936474788 3.4562949726571355
      vertex 0.5649307889994564 -0.4334866407395304 3.579866273471791
    endloop
  endfacet
  facet normal 0.28824332678226505 -0.25278261320277606 0.9235890509462897
    outer loop
      vertex 0.8296158936474788 -0.8296158936474788 3.4562949726571355
      vertex 1.1415204621502981 -1.1415204621502981 3.273585506594312
      vertex 0.9308050182738751 -0.7142318110677938 3.4562949726571355
    endloop
  endfacet
  facet normal 0.3187721171243615 -0.21299671902680672 0.9235890509462897
    outer loop
      vertex 0.9308050182738751 -0.7142318110677938 3.4562949726571355
      vertex 1.280752915617722 -0.9827562770862183 3.273585506594312
      vertex 1.0160678109696994 -0.5866270241782698 3.4562949726571355
    endloop
  endfacet
  facet normal 0.3438466281621317 -0.16956639193444198 0.9235890509462897
    outer loop
      vertex 1.0160678109696994 -0.5866270241782698 3.4562949726571355
      vertex 1.3980713316071338 -0.8071768596496773 3.273585506594312
      vertex 1.0839454017126144 -0.4489848862613176 3.4562949726571355
    endloop
  endfacet
  facet normal 0.21563089558528334 -0.144079958105493 0.9657868722142624
    outer loop
      vertex 0.6166790883793557 -0.35603983767943403 3.579866273471791
      vertex 0.9308050182738751 -0.7142318110677938 3.4562949726571355
      vertex 1.0160678109696994 -0.5866270241782698 3.4562949726571355
    endloop
  endfacet
  facet normal 0.21563089558528337 -0.14407995810549304 0.9657868722142625
    outer loop
      vertex 0.5649307889994564 -0.4334866407395304 3.579866273471791
      vertex 0.9308050182738751 -0.7142318110677938 3.4562949726571355
      vertex 0.6166790883793557 -0.35603983767943403 3.579866273471791
    endloop
  endfacet
  facet normal 0.2325923516881964 -0.11470185436489841 0.9657868722142623
    outer loop
      vertex 0.6166790883793557 -0.35603983767943403 3.579866273471791
      vertex 1.0160678109696994 -0.5866270241782698 3.4562949726571355
      vertex 0.6578758375813398 -0.27250109428375047 3.579866273471791
    endloop
  endfacet
  facet normal 0.2455740881669414 -0.08336117009475846 0.9657868722142623
    outer loop
      vertex 0.6578758375813398 -0.27250109428375047 3.579866273471791
      vertex 1.0839454017126144 -0.4489848862613176 3.4562949726571355
      vertex 0.6878161488046661 -0.1842997816132952 3.579866273471791
    endloop
  endfacet
  facet normal 0.25435398391115 -0.05059415309221419 0.9657868722142623
    outer loop
      vertex 0.6878161488046661 -0.1842997816132952 3.579866273471791
      vertex 1.133276386105785 -0.3036604924583063 3.4562949726571355
      vertex 0.7059877350232808 -0.09294504858188353 3.579866273471791
    endloop
  endfacet
  facet normal 0.25878181247039156 -0.0169614561029132 0.9657868722142625
    outer loop
      vertex 0.7059877350232808 -0.09294504858188353 3.579866273471791
      vertex 1.1632166973291114 -0.15314038343873937 3.4562949726571355
      vertex 0.7120796753588681 0 3.579866273471791
    endloop
  endfacet
  facet normal 0.23259235168819625 -0.11470185436489852 0.9657868722142625
    outer loop
      vertex 0.6578758375813398 -0.27250109428375047 3.579866273471791
      vertex 1.0160678109696994 -0.5866270241782698 3.4562949726571355
      vertex 1.0839454017126144 -0.4489848862613176 3.4562949726571355
    endloop
  endfacet
  facet normal 0.24557408816694146 -0.08336117009475848 0.9657868722142625
    outer loop
      vertex 0.6878161488046661 -0.1842997816132952 3.579866273471791
      vertex 1.0839454017126144 -0.4489848862613176 3.4562949726571355
      vertex 1.133276386105785 -0.3036604924583063 3.4562949726571355
    endloop
  endfacet
  facet normal 0.25435398391114994 -0.05059415309221429 0.9657868722142625
    outer loop
      vertex 0.7059877350232808 -0.09294504858188353 3.579866273471791
      vertex 1.133276386105785 -0.3036604924583063 3.4562949726571355
      vertex 1.1632166973291114 -0.15314038343873937 3.4562949726571355
    endloop
  endfacet
  facet normal 0.25878181247039156 -0.016961456102913015 0.9657868722142624
    outer loop
      vertex 1.1632166973291114 -0.15314038343873937 3.4562949726571355
      vertex 1.1732540483565397 0 3.4562949726571355
      vertex 0.7120796753588681 0 3.579866273471791
    endloop
  endfacet
  facet normal 0.3932682623678604 -0.5885675477331842 0.7063485793639778
    outer loop
      vertex 1.2033061125576257 -2.0841873240080018 2.744215297298268
      vertex 1.372107648649134 -2.3765601609141656 2.4066122251152513
      vertex 1.4650526972310174 -1.9092938475809067 2.744215297298268
    endloop
  endfacet
  facet normal 0.46672727873592884 -0.5322004619635772 0.7063485793639779
    outer loop
      vertex 1.6705724258908847 -2.177132372589886 2.4066122251152513
      vertex 1.7017318240654404 -1.7017318240654404 2.744215297298268
      vertex 1.4650526972310174 -1.9092938475809067 2.744215297298268
    endloop
  endfacet
  facet normal 0.33866593865367095 -0.5068493954076017 0.7927225696110695
    outer loop
      vertex 1.2033061125576257 -2.0841873240080018 2.744215297298268
      vertex 1.4650526972310174 -1.9092938475809067 2.744215297298268
      vertex 1.2344655107321814 -1.6087867754835565 3.03486408490429
    endloop
  endfacet
  facet normal 0.4019257262121101 -0.4583084531601955 0.7927225696110693
    outer loop
      vertex 1.2344655107321814 -1.6087867754835565 3.03486408490429
      vertex 1.4650526972310174 -1.9092938475809067 2.744215297298268
      vertex 1.4338932990564612 -1.4338932990564612 3.03486408490429
    endloop
  endfacet
  facet normal 0.4019257262121097 -0.45830845316019564 0.7927225696110696
    outer loop
      vertex 1.4650526972310174 -1.9092938475809067 2.744215297298268
      vertex 1.7017318240654404 -1.7017318240654404 2.744215297298268
      vertex 1.4338932990564612 -1.4338932990564612 3.03486408490429
    endloop
  endfacet
  facet normal 0.4583084531601958 -0.4019257262121098 0.7927225696110695
    outer loop
      vertex 1.7017318240654404 -1.7017318240654404 2.744215297298268
      vertex 1.9092938475809067 -1.4650526972310174 2.744215297298268
      vertex 1.6087867754835565 -1.2344655107321814 3.03486408490429
    endloop
  endfacet
  facet normal 0.4583084531601954 -0.40192572621211 0.7927225696110695
    outer loop
      vertex 1.7017318240654404 -1.7017318240654404 2.744215297298268
      vertex 1.6087867754835565 -1.2344655107321814 3.03486408490429
      vertex 1.4338932990564612 -1.4338932990564612 3.03486408490429
    endloop
  endfacet
  facet normal 0.5322004619635772 -0.46672727873592884 0.7063485793639777
    outer loop
      vertex 1.9404532457554629 -1.9404532457554629 2.4066122251152513
      vertex 1.9092938475809067 -1.4650526972310174 2.744215297298268
      vertex 1.7017318240654404 -1.7017318240654404 2.744215297298268
    endloop
  endfacet
  facet normal 0.5885675477331842 -0.3932682623678604 0.7063485793639779
    outer loop
      vertex 1.9092938475809067 -1.4650526972310174 2.744215297298268
      vertex 2.177132372589886 -1.6705724258908847 2.4066122251152513
      vertex 2.0841873240080018 -1.2033061125576257 2.744215297298268
    endloop
  endfacet
  facet normal 0.5068493954076017 -0.3386659386536707 0.7927225696110693
    outer loop
      vertex 1.9092938475809067 -1.4650526972310174 2.744215297298268
      vertex 1.7561534641421668 -1.0139156752607739 3.03486408490429
      vertex 1.6087867754835565 -1.2344655107321814 3.03486408490429
    endloop
  endfacet
  facet normal 0.5068493954076015 -0.3386659386536709 0.7927225696110695
    outer loop
      vertex 1.9092938475809067 -1.4650526972310174 2.744215297298268
      vertex 2.0841873240080018 -1.2033061125576257 2.744215297298268
      vertex 1.7561534641421668 -1.0139156752607739 3.03486408490429
    endloop
  endfacet
  facet normal 0.33020300790065193 -0.3765243673402658 0.8655607282983526
    outer loop
      vertex 1.2344655107321814 -1.6087867754835565 3.03486408490429
      vertex 1.4338932990564612 -1.4338932990564612 3.03486408490429
      vertex 1.1415204621502981 -1.1415204621502981 3.273585506594312
    endloop
  endfacet
  facet normal 0.37652436734026634 -0.3302030079006514 0.8655607282983526
    outer loop
      vertex 1.1415204621502981 -1.1415204621502981 3.273585506594312
      vertex 1.4338932990564612 -1.4338932990564612 3.03486408490429
      vertex 1.280752915617722 -0.9827562770862183 3.273585506594312
    endloop
  endfacet
  facet normal 0.3765243673402655 -0.3302030079006517 0.8655607282983528
    outer loop
      vertex 1.280752915617722 -0.9827562770862183 3.273585506594312
      vertex 1.4338932990564612 -1.4338932990564612 3.03486408490429
      vertex 1.6087867754835565 -1.2344655107321814 3.03486408490429
    endloop
  endfacet
  facet normal 0.634864079579323 -0.3130803169961175 0.7063485793639778
    outer loop
      vertex 2.3765601609141656 -1.372107648649134 2.4066122251152513
      vertex 2.223419777475426 -0.9209706266788905 2.744215297298268
      vertex 2.0841873240080018 -1.2033061125576257 2.744215297298268
    endloop
  endfacet
  facet normal 0.546718003974382 -0.2696114829889313 0.7927225696110693
    outer loop
      vertex 2.0841873240080018 -1.2033061125576257 2.744215297298268
      vertex 1.8734718801315788 -0.7760174614751214 3.03486408490429
      vertex 1.7561534641421668 -1.0139156752607739 3.03486408490429
    endloop
  endfacet
  facet normal 0.577232115914294 -0.19594390009982482 0.7927225696110693
    outer loop
      vertex 2.223419777475426 -0.9209706266788905 2.744215297298268
      vertex 1.9587346728274033 -0.524841373770942 3.03486408490429
      vertex 1.8734718801315788 -0.7760174614751214 3.03486408490429
    endloop
  endfacet
  facet normal 0.5467180039743821 -0.2696114829889313 0.7927225696110693
    outer loop
      vertex 2.0841873240080018 -1.2033061125576257 2.744215297298268
      vertex 2.223419777475426 -0.9209706266788905 2.744215297298268
      vertex 1.8734718801315788 -0.7760174614751214 3.03486408490429
    endloop
  endfacet
  facet normal 0.5772321159142939 -0.1959439000998251 0.7927225696110696
    outer loop
      vertex 2.223419777475426 -0.9209706266788905 2.744215297298268
      vertex 2.3246089021018226 -0.622877078036382 2.744215297298268
      vertex 1.9587346728274033 -0.524841373770942 3.03486408490429
    endloop
  endfacet
  facet normal 0.5978696263119346 -0.11892366275409855 0.7927225696110695
    outer loop
      vertex 2.3246089021018226 -0.622877078036382 2.744215297298268
      vertex 2.0104829722073028 -0.2646851046480223 3.03486408490429
      vertex 1.9587346728274033 -0.524841373770942 3.03486408490429
    endloop
  endfacet
  facet normal 0.5978696263119353 -0.11892366275409769 0.7927225696110691
    outer loop
      vertex 2.3246089021018226 -0.622877078036382 2.744215297298268
      vertex 2.3860233239099076 -0.3141259298945193 2.744215297298268
      vertex 2.0104829722073028 -0.2646851046480223 3.03486408490429
    endloop
  endfacet
  facet normal 0.6082774216426025 -0.03986860856678055 0.7927225696110691
    outer loop
      vertex 2.3860233239099076 -0.3141259298945193 2.744215297298268
      vertex 2.0278313505215477 0 3.03486408490429
      vertex 2.0104829722073028 -0.2646851046480223 3.03486408490429
    endloop
  endfacet
  facet normal 0.6082774216426023 -0.03986860856678123 0.7927225696110695
    outer loop
      vertex 2.3860233239099076 -0.3141259298945193 2.744215297298268
      vertex 2.4066122251152513 0 2.744215297298268
      vertex 2.0278313505215477 0 3.03486408490429
    endloop
  endfacet
  facet normal 0.4164032904624111 -0.2782317834462878 0.8655607282983527
    outer loop
      vertex 1.280752915617722 -0.9827562770862183 3.273585506594312
      vertex 1.6087867754835565 -1.2344655107321814 3.03486408490429
      vertex 1.3980713316071338 -0.8071768596496773 3.273585506594312
    endloop
  endfacet
  facet normal 0.31877211712436127 -0.21299671902680678 0.9235890509462896
    outer loop
      vertex 1.280752915617722 -0.9827562770862183 3.273585506594312
      vertex 1.3980713316071338 -0.8071768596496773 3.273585506594312
      vertex 1.0160678109696994 -0.5866270241782698 3.4562949726571355
    endloop
  endfacet
  facet normal 0.3438466281621314 -0.16956639193444212 0.9235890509462897
    outer loop
      vertex 1.0839454017126144 -0.4489848862613176 3.4562949726571355
      vertex 1.3980713316071338 -0.8071768596496773 3.273585506594312
      vertex 1.491468359494145 -0.6177864223528258 3.273585506594312
    endloop
  endfacet
  facet normal 0.4164032904624113 -0.27823178344628763 0.8655607282983526
    outer loop
      vertex 1.6087867754835565 -1.2344655107321814 3.03486408490429
      vertex 1.7561534641421668 -1.0139156752607739 3.03486408490429
      vertex 1.3980713316071338 -0.8071768596496773 3.273585506594312
    endloop
  endfacet
  facet normal 0.4491574378359414 -0.22149993603673487 0.8655607282983527
    outer loop
      vertex 1.7561534641421668 -1.0139156752607739 3.03486408490429
      vertex 1.491468359494145 -0.6177864223528258 3.273585506594312
      vertex 1.3980713316071338 -0.8071768596496773 3.273585506594312
    endloop
  endfacet
  facet normal 0.4491574378359415 -0.22149993603673476 0.8655607282983526
    outer loop
      vertex 1.7561534641421668 -1.0139156752607739 3.03486408490429
      vertex 1.8734718801315788 -0.7760174614751214 3.03486408490429
      vertex 1.491468359494145 -0.6177864223528258 3.273585506594312
    endloop
  endfacet
  facet normal 0.47422637691813085 -0.16097816331020812 0.8655607282983526
    outer loop
      vertex 1.8734718801315788 -0.7760174614751214 3.03486408490429
      vertex 1.55934595023706 -0.4178254880867618 3.273585506594312
      vertex 1.491468359494145 -0.6177864223528258 3.273585506594312
    endloop
  endfacet
  facet normal 0.3630378280597522 -0.1232347368633929 0.9235890509462897
    outer loop
      vertex 1.133276386105785 -0.3036604924583063 3.4562949726571355
      vertex 1.491468359494145 -0.6177864223528258 3.273585506594312
      vertex 1.55934595023706 -0.4178254880867618 3.273585506594312
    endloop
  endfacet
  facet normal 0.37601735006616915 -0.07479450127748703 0.9235890509462896
    outer loop
      vertex 1.1632166973291114 -0.15314038343873937 3.4562949726571355
      vertex 1.55934595023706 -0.4178254880867618 3.273585506594312
      vertex 1.600542699439044 -0.21071544387642274 3.273585506594312
    endloop
  endfacet
  facet normal 0.4911811712108599 -0.09770200957786492 0.8655607282983527
    outer loop
      vertex 1.9587346728274033 -0.524841373770942 3.03486408490429
      vertex 1.600542699439044 -0.21071544387642274 3.273585506594312
      vertex 1.55934595023706 -0.4178254880867618 3.273585506594312
    endloop
  endfacet
  facet normal 0.49973171948302236 -0.03275414737353058 0.8655607282983528
    outer loop
      vertex 1.600542699439044 -0.21071544387642274 3.273585506594312
      vertex 2.0104829722073028 -0.2646851046480223 3.03486408490429
      vertex 1.6143537192993547 0 3.273585506594312
    endloop
  endfacet
  facet normal 0.38256311096124873 -0.025074511037770492 0.9235890509462896
    outer loop
      vertex 1.600542699439044 -0.21071544387642274 3.273585506594312
      vertex 1.6143537192993547 0 3.273585506594312
      vertex 1.1732540483565397 0 3.4562949726571355
    endloop
  endfacet
  facet normal 0.36303782805975215 -0.123234736863393 0.9235890509462897
    outer loop
      vertex 1.0839454017126144 -0.4489848862613176 3.4562949726571355
      vertex 1.491468359494145 -0.6177864223528258 3.273585506594312
      vertex 1.133276386105785 -0.3036604924583063 3.4562949726571355
    endloop
  endfacet
  facet normal 0.37601735006616893 -0.07479450127748734 0.9235890509462897
    outer loop
      vertex 1.133276386105785 -0.3036604924583063 3.4562949726571355
      vertex 1.55934595023706 -0.4178254880867618 3.273585506594312
      vertex 1.1632166973291114 -0.15314038343873937 3.4562949726571355
    endloop
  endfacet
  facet normal 0.38256311096124884 -0.025074511037770395 0.9235890509462897
    outer loop
      vertex 1.1632166973291114 -0.15314038343873937 3.4562949726571355
      vertex 1.600542699439044 -0.21071544387642274 3.273585506594312
      vertex 1.1732540483565397 0 3.4562949726571355
    endloop
  endfacet
  facet normal 0.474226376918131 -0.16097816331020803 0.8655607282983526
    outer loop
      vertex 1.8734718801315788 -0.7760174614751214 3.03486408490429
      vertex 1.9587346728274033 -0.524841373770942 3.03486408490429
      vertex 1.55934595023706 -0.4178254880867618 3.273585506594312
    endloop
  endfacet
  facet normal 0.49118117121085964 -0.09770200957786535 0.8655607282983528
    outer loop
      vertex 1.9587346728274033 -0.524841373770942 3.03486408490429
      vertex 2.0104829722073028 -0.2646851046480223 3.03486408490429
      vertex 1.600542699439044 -0.21071544387642274 3.273585506594312
    endloop
  endfacet
  facet normal 0.4997317194830225 -0.0327541473735303 0.8655607282983527
    outer loop
      vertex 2.0104829722073028 -0.2646851046480223 3.03486408490429
      vertex 2.0278313505215477 0 3.03486408490429
      vertex 1.6143537192993547 0 3.273585506594312
    endloop
  endfacet
  facet normal 0.7121016303436438 -0.35116966187337256 0.6079400765220743
    outer loop
      vertex 2.388557783003201 -1.3790344789918738 2.388557783003201
      vertex 2.3904260049916912 -1.3720118594143889 2.3904260049916912
      vertex 2.3765601609141656 -1.372107648649134 2.4066122251152513
    endloop
  endfacet
  facet normal 0.712101630343636 -0.3511696618734008 0.6079400765220673
    outer loop
      vertex 2.3904260049916912 -1.3720118594143889 2.3904260049916912
      vertex 2.5663927904523476 -1.063034700181895 2.3627870469307095
      vertex 2.3765601609141656 -1.372107648649134 2.4066122251152513
    endloop
  endfacet
  facet normal 0.634864079579324 -0.31308031699611744 0.7063485793639769
    outer loop
      vertex 2.3765601609141656 -1.372107648649134 2.4066122251152513
      vertex 2.5353243459782453 -1.0501657291188864 2.4066122251152513
      vertex 2.4625632687419854 -1.071478005192778 2.4625632687419854
    endloop
  endfacet
  facet normal 0.71210163034363 -0.35116966187339566 0.607940076522077
    outer loop
      vertex 2.3765601609141656 -1.372107648649134 2.4066122251152513
      vertex 2.5663927904523476 -1.063034700181895 2.3627870469307095
      vertex 2.5353243459782453 -1.0501657291188864 2.4066122251152513
    endloop
  endfacet
  facet normal 0.7518463409676417 -0.2552174424523126 0.6079400765220773
    outer loop
      vertex 2.5663927904523476 -1.063034700181895 2.3627870469307095
      vertex 2.5512070826860485 -1.0033766955654861 2.4066122251152513
      vertex 2.5353243459782453 -1.0501657291188864 2.4066122251152513
    endloop
  endfacet
  facet normal 0.6702979110062849 -0.22753548059830822 0.7063485793639763
    outer loop
      vertex 2.478831995596197 -1.0267658314203092 2.4677591045449656
      vertex 2.5353243459782453 -1.0501657291188864 2.4066122251152513
      vertex 2.5512070826860485 -1.0033766955654861 2.4066122251152513
    endloop
  endfacet
  facet normal 0.6348640795793232 -0.31308031699611744 0.7063485793639777
    outer loop
      vertex 2.3765601609141656 -1.372107648649134 2.4066122251152513
      vertex 2.4625632687419854 -1.071478005192778 2.4625632687419854
      vertex 2.223419777475426 -0.9209706266788905 2.744215297298268
    endloop
  endfacet
  facet normal 0.6348640795793189 -0.3130803169961251 0.7063485793639782
    outer loop
      vertex 2.4625632687419854 -1.071478005192778 2.4625632687419854
      vertex 2.4735146057934134 -1.0245632964475717 2.4735146057934134
      vertex 2.223419777475426 -0.9209706266788905 2.744215297298268
    endloop
  endfacet
  facet normal 0.634864079579324 -0.31308031699611927 0.7063485793639762
    outer loop
      vertex 2.4625632687419854 -1.071478005192778 2.4625632687419854
      vertex 2.5353243459782453 -1.0501657291188864 2.4066122251152513
      vertex 2.478831995596197 -1.0267658314203092 2.4677591045449656
    endloop
  endfacet
  facet normal 0.6702979110062847 -0.22753548059830797 0.7063485793639765
    outer loop
      vertex 2.6192993647730263 -0.8027833009945156 2.4066122251152513
      vertex 2.6507084285579308 -0.7102551828024678 2.4066122251152513
      vertex 2.5288588982187643 -0.6897165036351124 2.5288588982187643
    endloop
  endfacet
  facet normal 0.6942627593342362 -0.13809744904270557 0.7063485793639779
    outer loop
      vertex 2.6507084285579308 -0.7102551828024678 2.4066122251152513
      vertex 2.6636980599658355 -0.6449518958373494 2.4066122251152513
      vertex 2.531445406751291 -0.6713271219486953 2.531445406751291
    endloop
  endfacet
  facet normal 0.670297911006291 -0.22753548059828282 0.7063485793639785
    outer loop
      vertex 2.6507084285579308 -0.7102551828024678 2.4066122251152513
      vertex 2.3246089021018226 -0.622877078036382 2.744215297298268
      vertex 2.5288588982187643 -0.6897165036351124 2.5288588982187643
    endloop
  endfacet
  facet normal 0.6942627593342368 -0.13809744904270335 0.7063485793639778
    outer loop
      vertex 2.6507084285579308 -0.7102551828024678 2.4066122251152513
      vertex 2.531445406751291 -0.6713271219486953 2.531445406751291
      vertex 2.3246089021018226 -0.622877078036382 2.744215297298268
    endloop
  endfacet
  facet normal 0.75184634096764 -0.2552174424523118 0.6079400765220798
    outer loop
      vertex 2.6192993647730263 -0.8027833009945156 2.4066122251152513
      vertex 2.6703579260760417 -0.715520249794123 2.3801011587039067
      vertex 2.6507084285579308 -0.7102551828024678 2.4066122251152513
    endloop
  endfacet
  facet normal 0.7787267522465092 -0.15489838183122434 0.6079400765220797
    outer loop
      vertex 2.6507084285579308 -0.7102551828024678 2.4066122251152513
      vertex 2.6703579260760417 -0.715520249794123 2.3801011587039067
      vertex 2.6636980599658355 -0.6449518958373494 2.4066122251152513
    endloop
  endfacet
  facet normal 0.6702979110062831 -0.22753548059830725 0.7063485793639784
    outer loop
      vertex 2.4735146057934134 -1.0245632964475717 2.4735146057934134
      vertex 2.5288588982187643 -0.6897165036351124 2.5288588982187643
      vertex 2.223419777475426 -0.9209706266788905 2.744215297298268
    endloop
  endfacet
  facet normal 0.670297911006283 -0.22753548059830708 0.7063485793639784
    outer loop
      vertex 2.223419777475426 -0.9209706266788905 2.744215297298268
      vertex 2.5288588982187643 -0.6897165036351124 2.5288588982187643
      vertex 2.3246089021018226 -0.622877078036382 2.744215297298268
    endloop
  endfacet
  facet normal 0.6942627593342362 -0.1380974490427062 0.7063485793639778
    outer loop
      vertex 2.531445406751291 -0.6713271219486953 2.531445406751291
      vertex 2.5643499240027907 -0.33760307218301605 2.5643499240027907
      vertex 2.3246089021018226 -0.622877078036382 2.744215297298268
    endloop
  endfacet
  facet normal 0.6942627593342359 -0.13809744904270563 0.706348579363978
    outer loop
      vertex 2.5643499240027907 -0.33760307218301605 2.5643499240027907
      vertex 2.3860233239099076 -0.3141259298945193 2.744215297298268
      vertex 2.3246089021018226 -0.622877078036382 2.744215297298268
    endloop
  endfacet
  facet normal 0.7063485793639778 -0.046296531846139626 0.7063485793639778
    outer loop
      vertex 2.3860233239099076 -0.3141259298945193 2.744215297298268
      vertex 2.5754137612067596 0 2.5754137612067596
      vertex 2.4066122251152513 0 2.744215297298268
    endloop
  endfacet
  facet normal 0.7063485793639775 -0.04629653184613929 0.7063485793639782
    outer loop
      vertex 2.5643499240027907 -0.33760307218301605 2.5643499240027907
      vertex 2.5754137612067596 0 2.5754137612067596
      vertex 2.3860233239099076 -0.3141259298945193 2.744215297298268
    endloop
  endfacet
  facet normal 0.5713157878291649 0.6514607996199837 0.4991964514453524
    outer loop
      vertex 2.1459729744153297 2.1459729744153297 2.0278313505215477
      vertex 2.159426921194821 2.159426921194821 1.9948760458852328
      vertex 2.10634688026818 2.180724126302715 2.0278313505215477
    endloop
  endfacet
  facet normal 0.6514607996199837 0.5713157878291649 0.4991964514453524
    outer loop
      vertex 2.1459729744153297 2.1459729744153297 2.0278313505215477
      vertex 2.180724126302715 2.10634688026818 2.0278313505215477
      vertex 2.159426921194821 2.159426921194821 1.9948760458852328
    endloop
  endfacet
  facet normal 0.3130803169961171 0.6348640795793232 0.7063485793639778
    outer loop
      vertex 1.0501657291188864 2.5353243459782453 2.4066122251152513
      vertex 1.2033061125576257 2.0841873240080018 2.744215297298268
      vertex 1.372107648649134 2.3765601609141656 2.4066122251152513
    endloop
  endfacet
  facet normal 0.4411132710172003 0.6601726633925669 0.6079400765220784
    outer loop
      vertex 1.379034478991874 2.388557783003201 2.388557783003201
      vertex 1.6705724258908847 2.177132372589886 2.4066122251152513
      vertex 1.7372040682313397 2.263968419522047 2.263968419522047
    endloop
  endfacet
  facet normal 0.4411132710172005 0.6601726633925671 0.6079400765220782
    outer loop
      vertex 1.379034478991874 2.388557783003201 2.388557783003201
      vertex 1.372107648649134 2.3765601609141656 2.4066122251152513
      vertex 1.6705724258908847 2.177132372589886 2.4066122251152513
    endloop
  endfacet
  facet normal 0.39326826236786033 0.5885675477331843 0.7063485793639778
    outer loop
      vertex 1.4650526972310174 1.9092938475809067 2.744215297298268
      vertex 1.6705724258908847 2.177132372589886 2.4066122251152513
      vertex 1.372107648649134 2.3765601609141656 2.4066122251152513
    endloop
  endfacet
  facet normal 0.5322004619635771 0.46672727873592895 0.7063485793639778
    outer loop
      vertex 1.9404532457554629 1.9404532457554629 2.4066122251152513
      vertex 1.9092938475809067 1.4650526972310174 2.744215297298268
      vertex 2.177132372589886 1.6705724258908847 2.4066122251152513
    endloop
  endfacet
  facet normal 0.5885675477331843 0.39326826236786033 0.7063485793639777
    outer loop
      vertex 2.0841873240080018 1.2033061125576257 2.744215297298268
      vertex 2.3765601609141656 1.372107648649134 2.4066122251152513
      vertex 2.177132372589886 1.6705724258908847 2.4066122251152513
    endloop
  endfacet
  facet normal 0.660172663392567 0.44111327101720044 0.6079400765220785
    outer loop
      vertex 2.263968419522047 1.7372040682313397 2.263968419522047
      vertex 2.177132372589886 1.6705724258908847 2.4066122251152513
      vertex 2.3765601609141656 1.372107648649134 2.4066122251152513
    endloop
  endfacet
  facet normal 0.5235093097942021 0.5969479591364136 0.6079400765220773
    outer loop
      vertex 1.9404532457554629 1.9404532457554629 2.4066122251152513
      vertex 2.092198870400218 2.127578823443263 2.092198870400218
      vertex 2.070809340657674 2.119020954908732 2.119020954908732
    endloop
  endfacet
  facet normal 0.5235093097941991 0.5969479591364156 0.6079400765220776
    outer loop
      vertex 1.9404532457554629 1.9404532457554629 2.4066122251152513
      vertex 2.070809340657674 2.119020954908732 2.119020954908732
      vertex 1.7372040682313397 2.263968419522047 2.263968419522047
    endloop
  endfacet
  facet normal 0.5969479591364144 0.5235093097941997 0.6079400765220784
    outer loop
      vertex 2.263968419522047 1.7372040682313397 2.263968419522047
      vertex 2.119020954908732 2.0708093406576737 2.119020954908732
      vertex 2.177132372589886 1.6705724258908847 2.4066122251152513
    endloop
  endfacet
  facet normal 0.5969479591364116 0.5235093097942043 0.607940076522077
    outer loop
      vertex 1.9404532457554629 1.9404532457554629 2.4066122251152513
      vertex 2.119020954908732 2.0708093406576737 2.119020954908732
      vertex 2.1275788234432618 2.0921988704002183 2.0921988704002183
    endloop
  endfacet
  facet normal 0.5235093097941969 0.5969479591364196 0.6079400765220756
    outer loop
      vertex 2.052895370671408 2.202074296570563 2.052895370671408
      vertex 2.070809340657674 2.119020954908732 2.119020954908732
      vertex 2.092198870400218 2.127578823443263 2.092198870400218
    endloop
  endfacet
  facet normal 0.5969479591364149 0.523509309794202 0.6079400765220758
    outer loop
      vertex 2.2020742965705633 2.052895370671408 2.052895370671408
      vertex 2.1275788234432618 2.0921988704002183 2.0921988704002183
      vertex 2.119020954908732 2.0708093406576737 2.119020954908732
    endloop
  endfacet
  facet normal 0.5235093097941987 0.5969479591364175 0.6079400765220759
    outer loop
      vertex 2.1459729744153297 2.1459729744153297 2.0278313505215477
      vertex 2.10634688026818 2.180724126302715 2.0278313505215477
      vertex 2.092198870400218 2.127578823443263 2.092198870400218
    endloop
  endfacet
  facet normal 0.596947959136416 0.5235093097941973 0.6079400765220788
    outer loop
      vertex 2.1459729744153297 2.1459729744153297 2.0278313505215477
      vertex 2.1275788234432618 2.0921988704002183 2.0921988704002183
      vertex 2.180724126302715 2.10634688026818 2.0278313505215477
    endloop
  endfacet
  facet normal 0.523509309794202 0.5969479591364132 0.6079400765220774
    outer loop
      vertex 2.1459729744153297 2.1459729744153297 2.0278313505215477
      vertex 2.092198870400218 2.127578823443263 2.092198870400218
      vertex 1.9404532457554629 1.9404532457554629 2.4066122251152513
    endloop
  endfacet
  facet normal 0.5969479591364213 0.5235093097941934 0.607940076522077
    outer loop
      vertex 2.1459729744153297 2.1459729744153297 2.0278313505215477
      vertex 1.9404532457554629 1.9404532457554629 2.4066122251152513
      vertex 2.1275788234432618 2.0921988704002183 2.0921988704002183
    endloop
  endfacet
  facet normal 0.466727278735929 0.5322004619635771 0.7063485793639778
    outer loop
      vertex 1.9404532457554629 1.9404532457554629 2.4066122251152513
      vertex 1.6705724258908847 2.177132372589886 2.4066122251152513
      vertex 1.7017318240654404 1.7017318240654404 2.744215297298268
    endloop
  endfacet
  facet normal 0.5235093097941983 0.5969479591364154 0.6079400765220785
    outer loop
      vertex 1.9404532457554629 1.9404532457554629 2.4066122251152513
      vertex 1.7372040682313397 2.263968419522047 2.263968419522047
      vertex 1.6705724258908847 2.177132372589886 2.4066122251152513
    endloop
  endfacet
  facet normal 0.5969479591364163 0.5235093097941991 0.607940076522077
    outer loop
      vertex 1.9404532457554629 1.9404532457554629 2.4066122251152513
      vertex 2.177132372589886 1.6705724258908847 2.4066122251152513
      vertex 2.119020954908732 2.0708093406576737 2.119020954908732
    endloop
  endfacet
  facet normal 0 0 1
    outer loop
      vertex 0.031159398174555823 -0.23667912683442296 3.6421850698209024
      vertex 0.031159398174555823 0.23667912683442296 3.6421850698209024
      vertex 0 0.23872142169002217 3.6421850698209024
    endloop
  endfacet
  facet normal 0 0 1
    outer loop
      vertex 0.06178565040732772 -0.23058718649883578 3.6421850698209024
      vertex 0.06178565040732772 0.23058718649883578 3.6421850698209024
      vertex 0.031159398174555823 0.23667912683442296 3.6421850698209024
    endloop
  endfacet
  facet normal 0 0 1
    outer loop
      vertex 0.1453243938030113 -0.1893904372968516 3.6421850698209024
      vertex 0.1453243938030113 0.1893904372968516 3.6421850698209024
      vertex 0.11936071084501108 0.2067388156110967 3.6421850698209024
    endloop
  endfacet
  facet normal 0 0 1
    outer loop
      vertex 0.09135473303141167 -0.2205498354714074 3.6421850698209024
      vertex 0.09135473303141167 0.2205498354714074 3.6421850698209024
      vertex 0.06178565040732772 0.23058718649883578 3.6421850698209024
    endloop
  endfacet
  facet normal 0 0 1
    outer loop
      vertex 0.11936071084501108 -0.2067388156110967 3.6421850698209024
      vertex 0.11936071084501108 0.2067388156110967 3.6421850698209024
      vertex 0.09135473303141167 0.2205498354714074 3.6421850698209024
    endloop
  endfacet
  facet normal 0 0 1
    outer loop
      vertex 0.16880153609150805 -0.16880153609150805 3.6421850698209024
      vertex 0.16880153609150805 0.16880153609150805 3.6421850698209024
      vertex 0.1453243938030113 0.1893904372968516 3.6421850698209024
    endloop
  endfacet
  facet normal 0 0 1
    outer loop
      vertex 0.1893904372968516 -0.1453243938030113 3.6421850698209024
      vertex 0.1893904372968516 0.1453243938030113 3.6421850698209024
      vertex 0.16880153609150805 0.16880153609150805 3.6421850698209024
    endloop
  endfacet
  facet normal 0 0 1
    outer loop
      vertex 0.2067388156110967 -0.11936071084501108 3.6421850698209024
      vertex 0.2067388156110967 0.11936071084501108 3.6421850698209024
      vertex 0.1893904372968516 0.1453243938030113 3.6421850698209024
    endloop
  endfacet
  facet normal 0 0 1
    outer loop
      vertex 0.2205498354714074 -0.09135473303141167 3.6421850698209024
      vertex 0.2205498354714074 0.09135473303141167 3.6421850698209024
      vertex 0.2067388156110967 0.11936071084501108 3.6421850698209024
    endloop
  endfacet
  facet normal 0 0 1
    outer loop
      vertex 0.23058718649883578 -0.06178565040732772 3.6421850698209024
      vertex 0.23058718649883578 0.06178565040732772 3.6421850698209024
      vertex 0.2205498354714074 0.09135473303141167 3.6421850698209024
    endloop
  endfacet
  facet normal 0 0 1
    outer loop
      vertex 0.23667912683442296 -0.031159398174555823 3.6421850698209024
      vertex 0.23872142169002217 0 3.6421850698209024
      vertex 0.23667912683442296 0.031159398174555823 3.6421850698209024
    endloop
  endfacet
  facet normal 0 0 1
    outer loop
      vertex 0.23667912683442296 -0.031159398174555823 3.6421850698209024
      vertex 0.23667912683442296 0.031159398174555823 3.6421850698209024
      vertex 0.23058718649883578 0.06178565040732772 3.6421850698209024
    endloop
  endfacet
  facet normal 0.0983417534076917 0.08624340306798325 0.9914085812438553
    outer loop
      vertex 0.1893904372968516 0.1453243938030113 3.6421850698209024
      vertex 0.5035163671913709 0.5035163671913709 3.579866273471791
      vertex 0.16880153609150805 0.16880153609150805 3.6421850698209024
    endloop
  endfacet
  facet normal 0.008554825566378337 0.13052141585032975 0.9914085812438553
    outer loop
      vertex 0 0.23872142169002217 3.6421850698209024
      vertex 0.031159398174555823 0.23667912683442296 3.6421850698209024
      vertex 0 0.7120796753588681 3.579866273471791
    endloop
  endfacet
  facet normal 0.025518101261848492 0.12828815823775752 0.9914085812438553
    outer loop
      vertex 0.031159398174555823 0.23667912683442296 3.6421850698209024
      vertex 0.06178565040732772 0.23058718649883578 3.6421850698209024
      vertex 0.09294504858188353 0.7059877350232808 3.579866273471791
    endloop
  endfacet
  facet normal 0.04204475516977429 0.12385985466954015 0.9914085812438553
    outer loop
      vertex 0.06178565040732772 0.23058718649883578 3.6421850698209024
      vertex 0.09135473303141167 0.2205498354714074 3.6421850698209024
      vertex 0.1842997816132952 0.6878161488046661 3.579866273471791
    endloop
  endfacet
  facet normal 0.008554825566378436 0.13052141585032973 0.9914085812438554
    outer loop
      vertex 0.031159398174555823 0.23667912683442296 3.6421850698209024
      vertex 0.09294504858188353 0.7059877350232808 3.579866273471791
      vertex 0 0.7120796753588681 3.579866273471791
    endloop
  endfacet
  facet normal 0.02551810126184851 0.12828815823775752 0.9914085812438552
    outer loop
      vertex 0.06178565040732772 0.23058718649883578 3.6421850698209024
      vertex 0.1842997816132952 0.6878161488046661 3.579866273471791
      vertex 0.09294504858188353 0.7059877350232808 3.579866273471791
    endloop
  endfacet
  facet normal 0.05785201165973657 0.11731227464748761 0.9914085812438553
    outer loop
      vertex 0.11936071084501108 0.2067388156110967 3.6421850698209024
      vertex 0.27250109428375047 0.6578758375813398 3.579866273471791
      vertex 0.09135473303141167 0.2205498354714074 3.6421850698209024
    endloop
  endfacet
  facet normal 0.07266940419059312 0.10875744908110925 0.9914085812438553
    outer loop
      vertex 0.11936071084501108 0.2067388156110967 3.6421850698209024
      vertex 0.1453243938030113 0.1893904372968516 3.6421850698209024
      vertex 0.35603983767943403 0.6166790883793557 3.579866273471791
    endloop
  endfacet
  facet normal 0.08624340306798324 0.09834175340769169 0.9914085812438553
    outer loop
      vertex 0.1453243938030113 0.1893904372968516 3.6421850698209024
      vertex 0.16880153609150805 0.16880153609150805 3.6421850698209024
      vertex 0.4334866407395304 0.5649307889994564 3.579866273471791
    endloop
  endfacet
  facet normal 0.04204475516977425 0.12385985466954014 0.9914085812438552
    outer loop
      vertex 0.09135473303141167 0.2205498354714074 3.6421850698209024
      vertex 0.27250109428375047 0.6578758375813398 3.579866273471791
      vertex 0.1842997816132952 0.6878161488046661 3.579866273471791
    endloop
  endfacet
  facet normal 0.05785201165973656 0.1173122746474876 0.9914085812438552
    outer loop
      vertex 0.11936071084501108 0.2067388156110967 3.6421850698209024
      vertex 0.35603983767943403 0.6166790883793557 3.579866273471791
      vertex 0.27250109428375047 0.6578758375813398 3.579866273471791
    endloop
  endfacet
  facet normal 0.13052141585032975 0.008554825566378337 0.9914085812438553
    outer loop
      vertex 0.23872142169002217 0 3.6421850698209024
      vertex 0.7059877350232808 0.09294504858188353 3.579866273471791
      vertex 0.23667912683442296 0.031159398174555823 3.6421850698209024
    endloop
  endfacet
  facet normal 0.1282881582377575 0.02551810126184849 0.9914085812438553
    outer loop
      vertex 0.23667912683442296 0.031159398174555823 3.6421850698209024
      vertex 0.6878161488046661 0.1842997816132952 3.579866273471791
      vertex 0.23058718649883578 0.06178565040732772 3.6421850698209024
    endloop
  endfacet
  facet normal 0.12385985466954014 0.04204475516977428 0.9914085812438553
    outer loop
      vertex 0.23058718649883578 0.06178565040732772 3.6421850698209024
      vertex 0.6578758375813398 0.27250109428375047 3.579866273471791
      vertex 0.2205498354714074 0.09135473303141167 3.6421850698209024
    endloop
  endfacet
  facet normal 0.11731227464748763 0.05785201165973658 0.9914085812438553
    outer loop
      vertex 0.2067388156110967 0.11936071084501108 3.6421850698209024
      vertex 0.2205498354714074 0.09135473303141167 3.6421850698209024
      vertex 0.6166790883793557 0.35603983767943403 3.579866273471791
    endloop
  endfacet
  facet normal 0.10875744908110924 0.0726694041905931 0.9914085812438553
    outer loop
      vertex 0.2067388156110967 0.11936071084501108 3.6421850698209024
      vertex 0.5649307889994564 0.4334866407395304 3.579866273471791
      vertex 0.1893904372968516 0.1453243938030113 3.6421850698209024
    endloop
  endfacet
  facet normal 0.13052141585032973 0.008554825566378385 0.9914085812438552
    outer loop
      vertex 0.23872142169002217 0 3.6421850698209024
      vertex 0.7120796753588681 0 3.579866273471791
      vertex 0.7059877350232808 0.09294504858188353 3.579866273471791
    endloop
  endfacet
  facet normal 0.1282881582377575 0.02551810126184848 0.9914085812438552
    outer loop
      vertex 0.23667912683442296 0.031159398174555823 3.6421850698209024
      vertex 0.7059877350232808 0.09294504858188353 3.579866273471791
      vertex 0.6878161488046661 0.1842997816132952 3.579866273471791
    endloop
  endfacet
  facet normal 0.11731227464748763 0.057852011659736594 0.9914085812438554
    outer loop
      vertex 0.2205498354714074 0.09135473303141167 3.6421850698209024
      vertex 0.6578758375813398 0.27250109428375047 3.579866273471791
      vertex 0.6166790883793557 0.35603983767943403 3.579866273471791
    endloop
  endfacet
  facet normal 0.12385985466954016 0.04204475516977424 0.9914085812438554
    outer loop
      vertex 0.23058718649883578 0.06178565040732772 3.6421850698209024
      vertex 0.6878161488046661 0.1842997816132952 3.579866273471791
      vertex 0.6578758375813398 0.27250109428375047 3.579866273471791
    endloop
  endfacet
  facet normal 0.09834175340769155 0.08624340306798338 0.9914085812438554
    outer loop
      vertex 0.1893904372968516 0.1453243938030113 3.6421850698209024
      vertex 0.5649307889994564 0.4334866407395304 3.579866273471791
      vertex 0.5035163671913709 0.5035163671913709 3.579866273471791
    endloop
  endfacet
  facet normal 0.08624340306798331 0.09834175340769159 0.9914085812438552
    outer loop
      vertex 0.16880153609150805 0.16880153609150805 3.6421850698209024
      vertex 0.5035163671913709 0.5035163671913709 3.579866273471791
      vertex 0.4334866407395304 0.5649307889994564 3.579866273471791
    endloop
  endfacet
  facet normal 0.07266940419059299 0.10875744908110932 0.9914085812438554
    outer loop
      vertex 0.1453243938030113 0.1893904372968516 3.6421850698209024
      vertex 0.4334866407395304 0.5649307889994564 3.579866273471791
      vertex 0.35603983767943403 0.6166790883793557 3.579866273471791
    endloop
  endfacet
  facet normal 0.1087574490811093 0.07266940419059305 0.9914085812438554
    outer loop
      vertex 0.2067388156110967 0.11936071084501108 3.6421850698209024
      vertex 0.6166790883793557 0.35603983767943403 3.579866273471791
      vertex 0.5649307889994564 0.4334866407395304 3.579866273471791
    endloop
  endfacet
  facet normal 0.0169614561029132 0.25878181247039156 0.9657868722142623
    outer loop
      vertex 0 0.7120796753588681 3.579866273471791
      vertex 0.09294504858188353 0.7059877350232808 3.579866273471791
      vertex 0 1.1732540483565397 3.4562949726571355
    endloop
  endfacet
  facet normal 0.05059415309221419 0.25435398391115 0.9657868722142625
    outer loop
      vertex 0.09294504858188353 0.7059877350232808 3.579866273471791
      vertex 0.1842997816132952 0.6878161488046661 3.579866273471791
      vertex 0.15314038343873937 1.1632166973291114 3.4562949726571355
    endloop
  endfacet
  facet normal 0.08336117009475846 0.2455740881669414 0.9657868722142623
    outer loop
      vertex 0.27250109428375047 0.6578758375813398 3.579866273471791
      vertex 0.3036604924583063 1.133276386105785 3.4562949726571355
      vertex 0.1842997816132952 0.6878161488046661 3.579866273471791
    endloop
  endfacet
  facet normal 0.01696145610291302 0.25878181247039156 0.9657868722142624
    outer loop
      vertex 0.09294504858188353 0.7059877350232808 3.579866273471791
      vertex 0.15314038343873937 1.1632166973291114 3.4562949726571355
      vertex 0 1.1732540483565397 3.4562949726571355
    endloop
  endfacet
  facet normal 0.05059415309221435 0.25435398391115 0.9657868722142624
    outer loop
      vertex 0.1842997816132952 0.6878161488046661 3.579866273471791
      vertex 0.3036604924583063 1.133276386105785 3.4562949726571355
      vertex 0.15314038343873937 1.1632166973291114 3.4562949726571355
    endloop
  endfacet
  facet normal 0.14407995810549296 0.21563089558528342 0.9657868722142624
    outer loop
      vertex 0.4334866407395304 0.5649307889994564 3.579866273471791
      vertex 0.7142318110677938 0.9308050182738751 3.4562949726571355
      vertex 0.5866270241782698 1.0160678109696994 3.4562949726571355
    endloop
  endfacet
  facet normal 0.11470185436489838 0.2325923516881963 0.9657868722142623
    outer loop
      vertex 0.27250109428375047 0.6578758375813398 3.579866273471791
      vertex 0.35603983767943403 0.6166790883793557 3.579866273471791
      vertex 0.4489848862613176 1.0839454017126144 3.4562949726571355
    endloop
  endfacet
  facet normal 0.17099281381639164 0.19497993507472713 0.9657868722142625
    outer loop
      vertex 0.4334866407395304 0.5649307889994564 3.579866273471791
      vertex 0.5035163671913709 0.5035163671913709 3.579866273471791
      vertex 0.7142318110677938 0.9308050182738751 3.4562949726571355
    endloop
  endfacet
  facet normal 0.14407995810549304 0.21563089558528337 0.9657868722142625
    outer loop
      vertex 0.35603983767943403 0.6166790883793557 3.579866273471791
      vertex 0.4334866407395304 0.5649307889994564 3.579866273471791
      vertex 0.5866270241782698 1.0160678109696994 3.4562949726571355
    endloop
  endfacet
  facet normal 0.08336117009475852 0.2455740881669414 0.9657868722142625
    outer loop
      vertex 0.27250109428375047 0.6578758375813398 3.579866273471791
      vertex 0.4489848862613176 1.0839454017126144 3.4562949726571355
      vertex 0.3036604924583063 1.133276386105785 3.4562949726571355
    endloop
  endfacet
  facet normal 0.11470185436489858 0.23259235168819625 0.9657868722142623
    outer loop
      vertex 0.35603983767943403 0.6166790883793557 3.579866273471791
      vertex 0.5866270241782698 1.0160678109696994 3.4562949726571355
      vertex 0.4489848862613176 1.0839454017126144 3.4562949726571355
    endloop
  endfacet
  facet normal 0.25878181247039156 0.0169614561029132 0.9657868722142625
    outer loop
      vertex 0.7120796753588681 0 3.579866273471791
      vertex 1.1632166973291114 0.15314038343873937 3.4562949726571355
      vertex 0.7059877350232808 0.09294504858188353 3.579866273471791
    endloop
  endfacet
  facet normal 0.25435398391115 0.05059415309221419 0.9657868722142623
    outer loop
      vertex 0.7059877350232808 0.09294504858188353 3.579866273471791
      vertex 1.133276386105785 0.3036604924583063 3.4562949726571355
      vertex 0.6878161488046661 0.1842997816132952 3.579866273471791
    endloop
  endfacet
  facet normal 0.21563089558528342 0.14407995810549298 0.9657868722142624
    outer loop
      vertex 0.6166790883793557 0.35603983767943403 3.579866273471791
      vertex 1.0160678109696994 0.5866270241782698 3.4562949726571355
      vertex 0.9308050182738751 0.7142318110677938 3.4562949726571355
    endloop
  endfacet
  facet normal 0.21563089558528337 0.14407995810549304 0.9657868722142625
    outer loop
      vertex 0.5649307889994564 0.4334866407395304 3.579866273471791
      vertex 0.6166790883793557 0.35603983767943403 3.579866273471791
      vertex 0.9308050182738751 0.7142318110677938 3.4562949726571355
    endloop
  endfacet
  facet normal 0.2325923516881964 0.11470185436489841 0.9657868722142623
    outer loop
      vertex 0.6578758375813398 0.27250109428375047 3.579866273471791
      vertex 1.0160678109696994 0.5866270241782698 3.4562949726571355
      vertex 0.6166790883793557 0.35603983767943403 3.579866273471791
    endloop
  endfacet
  facet normal 0.2455740881669414 0.08336117009475846 0.9657868722142623
    outer loop
      vertex 0.6578758375813398 0.27250109428375047 3.579866273471791
      vertex 0.6878161488046661 0.1842997816132952 3.579866273471791
      vertex 1.0839454017126144 0.4489848862613176 3.4562949726571355
    endloop
  endfacet
  facet normal 0.25878181247039156 0.01696145610291298 0.9657868722142624
    outer loop
      vertex 0.7120796753588681 0 3.579866273471791
      vertex 1.1732540483565397 0 3.4562949726571355
      vertex 1.1632166973291114 0.15314038343873937 3.4562949726571355
    endloop
  endfacet
  facet normal 0.25435398391114994 0.05059415309221435 0.9657868722142625
    outer loop
      vertex 0.7059877350232808 0.09294504858188353 3.579866273471791
      vertex 1.1632166973291114 0.15314038343873937 3.4562949726571355
      vertex 1.133276386105785 0.3036604924583063 3.4562949726571355
    endloop
  endfacet
  facet normal 0.23259235168819625 0.11470185436489859 0.9657868722142625
    outer loop
      vertex 0.6578758375813398 0.27250109428375047 3.579866273471791
      vertex 1.0839454017126144 0.4489848862613176 3.4562949726571355
      vertex 1.0160678109696994 0.5866270241782698 3.4562949726571355
    endloop
  endfacet
  facet normal 0.24557408816694146 0.08336117009475852 0.9657868722142625
    outer loop
      vertex 0.6878161488046661 0.1842997816132952 3.579866273471791
      vertex 1.133276386105785 0.3036604924583063 3.4562949726571355
      vertex 1.0839454017126144 0.4489848862613176 3.4562949726571355
    endloop
  endfacet
  facet normal 0.2527826132027757 0.2882433267822653 0.9235890509462896
    outer loop
      vertex 0.8296158936474788 0.8296158936474788 3.4562949726571355
      vertex 1.1415204621502981 1.1415204621502981 3.273585506594312
      vertex 0.9827562770862183 1.280752915617722 3.273585506594312
    endloop
  endfacet
  facet normal 0.28824332678226544 0.2527826132027758 0.9235890509462896
    outer loop
      vertex 0.9308050182738751 0.7142318110677938 3.4562949726571355
      vertex 1.280752915617722 0.9827562770862183 3.273585506594312
      vertex 1.1415204621502981 1.1415204621502981 3.273585506594312
    endloop
  endfacet
  facet normal 0.17099281381639153 0.19497993507472713 0.9657868722142624
    outer loop
      vertex 0.5035163671913709 0.5035163671913709 3.579866273471791
      vertex 0.8296158936474788 0.8296158936474788 3.4562949726571355
      vertex 0.7142318110677938 0.9308050182738751 3.4562949726571355
    endloop
  endfacet
  facet normal 0.19497993507472725 0.17099281381639156 0.9657868722142624
    outer loop
      vertex 0.5649307889994564 0.4334866407395304 3.579866273471791
      vertex 0.9308050182738751 0.7142318110677938 3.4562949726571355
      vertex 0.8296158936474788 0.8296158936474788 3.4562949726571355
    endloop
  endfacet
  facet normal 0.19497993507472708 0.1709928138163916 0.9657868722142623
    outer loop
      vertex 0.5649307889994564 0.4334866407395304 3.579866273471791
      vertex 0.8296158936474788 0.8296158936474788 3.4562949726571355
      vertex 0.5035163671913709 0.5035163671913709 3.579866273471791
    endloop
  endfacet
  facet normal 0.21299671902680667 0.31877211712436143 0.9235890509462897
    outer loop
      vertex 0.5866270241782698 1.0160678109696994 3.4562949726571355
      vertex 0.7142318110677938 0.9308050182738751 3.4562949726571355
      vertex 0.8071768596496773 1.3980713316071338 3.273585506594312
    endloop
  endfacet
  facet normal 0.2527826132027761 0.28824332678226516 0.9235890509462897
    outer loop
      vertex 0.8296158936474788 0.8296158936474788 3.4562949726571355
      vertex 0.9827562770862183 1.280752915617722 3.273585506594312
      vertex 0.7142318110677938 0.9308050182738751 3.4562949726571355
    endloop
  endfacet
  facet normal 0.3438466281621317 0.16956639193444198 0.9235890509462897
    outer loop
      vertex 1.0839454017126144 0.4489848862613176 3.4562949726571355
      vertex 1.3980713316071338 0.8071768596496773 3.273585506594312
      vertex 1.0160678109696994 0.5866270241782698 3.4562949726571355
    endloop
  endfacet
  facet normal 0.3187721171243615 0.21299671902680672 0.9235890509462897
    outer loop
      vertex 1.0160678109696994 0.5866270241782698 3.4562949726571355
      vertex 1.280752915617722 0.9827562770862183 3.273585506594312
      vertex 0.9308050182738751 0.7142318110677938 3.4562949726571355
    endloop
  endfacet
  facet normal 0.288243326782265 0.252782613202776 0.9235890509462897
    outer loop
      vertex 0.8296158936474788 0.8296158936474788 3.4562949726571355
      vertex 0.9308050182738751 0.7142318110677938 3.4562949726571355
      vertex 1.1415204621502981 1.1415204621502981 3.273585506594312
    endloop
  endfacet
  facet normal 0.039868608566780546 0.6082774216426021 0.7927225696110693
    outer loop
      vertex 0 2.4066122251152513 2.744215297298268
      vertex 0 2.0278313505215477 3.03486408490429
      vertex 0.2646851046480223 2.0104829722073028 3.03486408490429
    endloop
  endfacet
  facet normal 0.03986860856678125 0.6082774216426026 0.7927225696110691
    outer loop
      vertex 0 2.4066122251152513 2.744215297298268
      vertex 0.2646851046480223 2.0104829722073028 3.03486408490429
      vertex 0.3141259298945193 2.3860233239099076 2.744215297298268
    endloop
  endfacet
  facet normal 0.11892366275409863 0.5978696263119352 0.7927225696110691
    outer loop
      vertex 0.3141259298945193 2.3860233239099076 2.744215297298268
      vertex 0.2646851046480223 2.0104829722073028 3.03486408490429
      vertex 0.524841373770942 1.9587346728274033 3.03486408490429
    endloop
  endfacet
  facet normal 0.11892366275409763 0.597869626311935 0.7927225696110696
    outer loop
      vertex 0.3141259298945193 2.3860233239099076 2.744215297298268
      vertex 0.524841373770942 1.9587346728274033 3.03486408490429
      vertex 0.622877078036382 2.3246089021018226 2.744215297298268
    endloop
  endfacet
  facet normal 0.313080316996118 0.6348640795793239 0.7063485793639769
    outer loop
      vertex 1.0714780051928068 2.4625632687419783 2.4625632687419783
      vertex 0.9209706266788905 2.223419777475426 2.744215297298268
      vertex 1.2033061125576257 2.0841873240080018 2.744215297298268
    endloop
  endfacet
  facet normal 0.19594390009982474 0.5772321159142939 0.7927225696110695
    outer loop
      vertex 0.622877078036382 2.3246089021018226 2.744215297298268
      vertex 0.524841373770942 1.9587346728274033 3.03486408490429
      vertex 0.7760174614751214 1.8734718801315788 3.03486408490429
    endloop
  endfacet
  facet normal 0.19594390009982515 0.577232115914294 0.7927225696110693
    outer loop
      vertex 0.622877078036382 2.3246089021018226 2.744215297298268
      vertex 0.7760174614751214 1.8734718801315788 3.03486408490429
      vertex 0.9209706266788905 2.223419777475426 2.744215297298268
    endloop
  endfacet
  facet normal 0.26961148298893145 0.5467180039743821 0.7927225696110695
    outer loop
      vertex 0.9209706266788905 2.223419777475426 2.744215297298268
      vertex 0.7760174614751214 1.8734718801315788 3.03486408490429
      vertex 1.0139156752607739 1.7561534641421668 3.03486408490429
    endloop
  endfacet
  facet normal 0.33866593865367073 0.5068493954076017 0.7927225696110695
    outer loop
      vertex 1.2033061125576257 2.0841873240080018 2.744215297298268
      vertex 1.0139156752607739 1.7561534641421668 3.03486408490429
      vertex 1.2344655107321814 1.6087867754835565 3.03486408490429
    endloop
  endfacet
  facet normal 0.2696114829889313 0.5467180039743821 0.7927225696110695
    outer loop
      vertex 0.9209706266788905 2.223419777475426 2.744215297298268
      vertex 1.0139156752607739 1.7561534641421668 3.03486408490429
      vertex 1.2033061125576257 2.0841873240080018 2.744215297298268
    endloop
  endfacet
  facet normal 0.03275414737353058 0.4997317194830224 0.8655607282983527
    outer loop
      vertex 0 1.6143537192993547 3.273585506594312
      vertex 0.21071544387642274 1.600542699439044 3.273585506594312
      vertex 0 2.0278313505215477 3.03486408490429
    endloop
  endfacet
  facet normal 0.025074511037770548 0.38256311096124873 0.9235890509462896
    outer loop
      vertex 0.15314038343873937 1.1632166973291114 3.4562949726571355
      vertex 0.21071544387642274 1.600542699439044 3.273585506594312
      vertex 0 1.6143537192993547 3.273585506594312
    endloop
  endfacet
  facet normal 0.07479450127748705 0.37601735006616904 0.9235890509462896
    outer loop
      vertex 0.3036604924583063 1.133276386105785 3.4562949726571355
      vertex 0.4178254880867618 1.55934595023706 3.273585506594312
      vertex 0.21071544387642274 1.600542699439044 3.273585506594312
    endloop
  endfacet
  facet normal 0.12323473686339287 0.3630378280597522 0.9235890509462897
    outer loop
      vertex 0.4489848862613176 1.0839454017126144 3.4562949726571355
      vertex 0.6177864223528258 1.491468359494145 3.273585506594312
      vertex 0.4178254880867618 1.55934595023706 3.273585506594312
    endloop
  endfacet
  facet normal 0.09770200957786486 0.49118117121085964 0.8655607282983527
    outer loop
      vertex 0.21071544387642274 1.600542699439044 3.273585506594312
      vertex 0.4178254880867618 1.55934595023706 3.273585506594312
      vertex 0.2646851046480223 2.0104829722073028 3.03486408490429
    endloop
  endfacet
  facet normal 0.16097816331020817 0.4742263769181309 0.8655607282983526
    outer loop
      vertex 0.524841373770942 1.9587346728274033 3.03486408490429
      vertex 0.4178254880867618 1.55934595023706 3.273585506594312
      vertex 0.6177864223528258 1.491468359494145 3.273585506594312
    endloop
  endfacet
  facet normal 0.025074511037770388 0.38256311096124873 0.9235890509462897
    outer loop
      vertex 0 1.1732540483565397 3.4562949726571355
      vertex 0.15314038343873937 1.1632166973291114 3.4562949726571355
      vertex 0 1.6143537192993547 3.273585506594312
    endloop
  endfacet
  facet normal 0.07479450127748735 0.376017350066169 0.9235890509462895
    outer loop
      vertex 0.15314038343873937 1.1632166973291114 3.4562949726571355
      vertex 0.3036604924583063 1.133276386105785 3.4562949726571355
      vertex 0.21071544387642274 1.600542699439044 3.273585506594312
    endloop
  endfacet
  facet normal 0.123234736863393 0.36303782805975215 0.9235890509462897
    outer loop
      vertex 0.3036604924583063 1.133276386105785 3.4562949726571355
      vertex 0.4489848862613176 1.0839454017126144 3.4562949726571355
      vertex 0.4178254880867618 1.55934595023706 3.273585506594312
    endloop
  endfacet
  facet normal 0.16956639193444192 0.3438466281621315 0.9235890509462897
    outer loop
      vertex 0.4489848862613176 1.0839454017126144 3.4562949726571355
      vertex 0.5866270241782698 1.0160678109696994 3.4562949726571355
      vertex 0.6177864223528258 1.491468359494145 3.273585506594312
    endloop
  endfacet
  facet normal 0.03275414737353027 0.49973171948302236 0.8655607282983527
    outer loop
      vertex 0.21071544387642274 1.600542699439044 3.273585506594312
      vertex 0.2646851046480223 2.0104829722073028 3.03486408490429
      vertex 0 2.0278313505215477 3.03486408490429
    endloop
  endfacet
  facet normal 0.09770200957786537 0.49118117121085975 0.8655607282983526
    outer loop
      vertex 0.524841373770942 1.9587346728274033 3.03486408490429
      vertex 0.2646851046480223 2.0104829722073028 3.03486408490429
      vertex 0.4178254880867618 1.55934595023706 3.273585506594312
    endloop
  endfacet
  facet normal 0.16956639193444215 0.3438466281621315 0.9235890509462897
    outer loop
      vertex 0.5866270241782698 1.0160678109696994 3.4562949726571355
      vertex 0.8071768596496773 1.3980713316071338 3.273585506594312
      vertex 0.6177864223528258 1.491468359494145 3.273585506594312
    endloop
  endfacet
  facet normal 0.21299671902680675 0.31877211712436127 0.9235890509462896
    outer loop
      vertex 0.7142318110677938 0.9308050182738751 3.4562949726571355
      vertex 0.9827562770862183 1.280752915617722 3.273585506594312
      vertex 0.8071768596496773 1.3980713316071338 3.273585506594312
    endloop
  endfacet
  facet normal 0.22149993603673493 0.44915743783594153 0.8655607282983527
    outer loop
      vertex 0.6177864223528258 1.491468359494145 3.273585506594312
      vertex 0.8071768596496773 1.3980713316071338 3.273585506594312
      vertex 0.7760174614751214 1.8734718801315788 3.03486408490429
    endloop
  endfacet
  facet normal 0.2214999360367347 0.44915743783594136 0.8655607282983526
    outer loop
      vertex 0.7760174614751214 1.8734718801315788 3.03486408490429
      vertex 0.8071768596496773 1.3980713316071338 3.273585506594312
      vertex 1.0139156752607739 1.7561534641421668 3.03486408490429
    endloop
  endfacet
  facet normal 0.3302030079006511 0.376524367340266 0.8655607282983528
    outer loop
      vertex 0.9827562770862183 1.280752915617722 3.273585506594312
      vertex 1.1415204621502981 1.1415204621502981 3.273585506594312
      vertex 1.2344655107321814 1.6087867754835565 3.03486408490429
    endloop
  endfacet
  facet normal 0.2782317834462879 0.4164032904624112 0.8655607282983527
    outer loop
      vertex 0.9827562770862183 1.280752915617722 3.273585506594312
      vertex 1.0139156752607739 1.7561534641421668 3.03486408490429
      vertex 0.8071768596496773 1.3980713316071338 3.273585506594312
    endloop
  endfacet
  facet normal 0.2782317834462875 0.41640329046241115 0.8655607282983527
    outer loop
      vertex 0.9827562770862183 1.280752915617722 3.273585506594312
      vertex 1.2344655107321814 1.6087867754835565 3.03486408490429
      vertex 1.0139156752607739 1.7561534641421668 3.03486408490429
    endloop
  endfacet
  facet normal 0.16097816331020803 0.474226376918131 0.8655607282983527
    outer loop
      vertex 0.524841373770942 1.9587346728274033 3.03486408490429
      vertex 0.6177864223528258 1.491468359494145 3.273585506594312
      vertex 0.7760174614751214 1.8734718801315788 3.03486408490429
    endloop
  endfacet
  facet normal 0.6082774216426026 0.03986860856678063 0.7927225696110691
    outer loop
      vertex 2.3860233239099076 0.3141259298945193 2.744215297298268
      vertex 2.0104829722073028 0.2646851046480223 3.03486408490429
      vertex 2.0278313505215477 0 3.03486408490429
    endloop
  endfacet
  facet normal 0.6082774216426022 0.03986860856678122 0.7927225696110693
    outer loop
      vertex 2.4066122251152513 0 2.744215297298268
      vertex 2.3860233239099076 0.3141259298945193 2.744215297298268
      vertex 2.0278313505215477 0 3.03486408490429
    endloop
  endfacet
  facet normal 0.5978696263119346 0.11892366275409852 0.7927225696110695
    outer loop
      vertex 2.3246089021018226 0.622877078036382 2.744215297298268
      vertex 1.9587346728274033 0.524841373770942 3.03486408490429
      vertex 2.0104829722073028 0.2646851046480223 3.03486408490429
    endloop
  endfacet
  facet normal 0.5978696263119353 0.11892366275409769 0.7927225696110691
    outer loop
      vertex 2.3860233239099076 0.3141259298945193 2.744215297298268
      vertex 2.3246089021018226 0.622877078036382 2.744215297298268
      vertex 2.0104829722073028 0.2646851046480223 3.03486408490429
    endloop
  endfacet
  facet normal 0.634864079579323 0.3130803169961175 0.7063485793639778
    outer loop
      vertex 2.223419777475426 0.9209706266788905 2.744215297298268
      vertex 2.3765601609141656 1.372107648649134 2.4066122251152513
      vertex 2.0841873240080018 1.2033061125576257 2.744215297298268
    endloop
  endfacet
  facet normal 0.5772321159142939 0.19594390009982485 0.7927225696110695
    outer loop
      vertex 2.223419777475426 0.9209706266788905 2.744215297298268
      vertex 1.8734718801315788 0.7760174614751214 3.03486408490429
      vertex 1.9587346728274033 0.524841373770942 3.03486408490429
    endloop
  endfacet
  facet normal 0.5467180039743821 0.2696114829889314 0.7927225696110695
    outer loop
      vertex 2.0841873240080018 1.2033061125576257 2.744215297298268
      vertex 1.7561534641421668 1.0139156752607739 3.03486408490429
      vertex 1.8734718801315788 0.7760174614751214 3.03486408490429
    endloop
  endfacet
  facet normal 0.5772321159142939 0.1959439000998251 0.7927225696110696
    outer loop
      vertex 2.3246089021018226 0.622877078036382 2.744215297298268
      vertex 2.223419777475426 0.9209706266788905 2.744215297298268
      vertex 1.9587346728274033 0.524841373770942 3.03486408490429
    endloop
  endfacet
  facet normal 0.5467180039743821 0.2696114829889313 0.7927225696110693
    outer loop
      vertex 2.223419777475426 0.9209706266788905 2.744215297298268
      vertex 2.0841873240080018 1.2033061125576257 2.744215297298268
      vertex 1.8734718801315788 0.7760174614751214 3.03486408490429
    endloop
  endfacet
  facet normal 0.37601735006616915 0.07479450127748706 0.9235890509462896
    outer loop
      vertex 1.1632166973291114 0.15314038343873937 3.4562949726571355
      vertex 1.600542699439044 0.21071544387642274 3.273585506594312
      vertex 1.55934595023706 0.4178254880867618 3.273585506594312
    endloop
  endfacet
  facet normal 0.36303782805975227 0.12323473686339291 0.9235890509462897
    outer loop
      vertex 1.133276386105785 0.3036604924583063 3.4562949726571355
      vertex 1.55934595023706 0.4178254880867618 3.273585506594312
      vertex 1.491468359494145 0.6177864223528258 3.273585506594312
    endloop
  endfacet
  facet normal 0.49973171948302236 0.03275414737353058 0.8655607282983528
    outer loop
      vertex 1.6143537192993547 0 3.273585506594312
      vertex 2.0104829722073028 0.2646851046480223 3.03486408490429
      vertex 1.600542699439044 0.21071544387642274 3.273585506594312
    endloop
  endfacet
  facet normal 0.38256311096124873 0.025074511037770485 0.9235890509462896
    outer loop
      vertex 1.1732540483565397 0 3.4562949726571355
      vertex 1.6143537192993547 0 3.273585506594312
      vertex 1.600542699439044 0.21071544387642274 3.273585506594312
    endloop
  endfacet
  facet normal 0.49118117121085997 0.09770200957786492 0.8655607282983527
    outer loop
      vertex 1.9587346728274033 0.524841373770942 3.03486408490429
      vertex 1.55934595023706 0.4178254880867618 3.273585506594312
      vertex 1.600542699439044 0.21071544387642274 3.273585506594312
    endloop
  endfacet
  facet normal 0.38256311096124884 0.025074511037770395 0.9235890509462897
    outer loop
      vertex 1.1732540483565397 0 3.4562949726571355
      vertex 1.600542699439044 0.21071544387642274 3.273585506594312
      vertex 1.1632166973291114 0.15314038343873937 3.4562949726571355
    endloop
  endfacet
  facet normal 0.37601735006616893 0.07479450127748734 0.9235890509462897
    outer loop
      vertex 1.133276386105785 0.3036604924583063 3.4562949726571355
      vertex 1.1632166973291114 0.15314038343873937 3.4562949726571355
      vertex 1.55934595023706 0.4178254880867618 3.273585506594312
    endloop
  endfacet
  facet normal 0.36303782805975215 0.123234736863393 0.9235890509462897
    outer loop
      vertex 1.133276386105785 0.3036604924583063 3.4562949726571355
      vertex 1.491468359494145 0.6177864223528258 3.273585506594312
      vertex 1.0839454017126144 0.4489848862613176 3.4562949726571355
    endloop
  endfacet
  facet normal 0.31877211712436127 0.2129967190268068 0.9235890509462895
    outer loop
      vertex 1.0160678109696994 0.5866270241782698 3.4562949726571355
      vertex 1.3980713316071338 0.8071768596496773 3.273585506594312
      vertex 1.280752915617722 0.9827562770862183 3.273585506594312
    endloop
  endfacet
  facet normal 0.3438466281621314 0.16956639193444212 0.9235890509462897
    outer loop
      vertex 1.0839454017126144 0.4489848862613176 3.4562949726571355
      vertex 1.491468359494145 0.6177864223528258 3.273585506594312
      vertex 1.3980713316071338 0.8071768596496773 3.273585506594312
    endloop
  endfacet
  facet normal 0.4164032904624111 0.2782317834462878 0.8655607282983527
    outer loop
      vertex 1.280752915617722 0.9827562770862183 3.273585506594312
      vertex 1.3980713316071338 0.8071768596496773 3.273585506594312
      vertex 1.6087867754835565 1.2344655107321814 3.03486408490429
    endloop
  endfacet
  facet normal 0.4491574378359414 0.22149993603673487 0.8655607282983527
    outer loop
      vertex 1.491468359494145 0.6177864223528258 3.273585506594312
      vertex 1.7561534641421668 1.0139156752607739 3.03486408490429
      vertex 1.3980713316071338 0.8071768596496773 3.273585506594312
    endloop
  endfacet
  facet normal 0.47422637691813085 0.16097816331020812 0.8655607282983526
    outer loop
      vertex 1.491468359494145 0.6177864223528258 3.273585506594312
      vertex 1.55934595023706 0.4178254880867618 3.273585506594312
      vertex 1.8734718801315788 0.7760174614751214 3.03486408490429
    endloop
  endfacet
  facet normal 0.4491574378359414 0.22149993603673482 0.8655607282983526
    outer loop
      vertex 1.491468359494145 0.6177864223528258 3.273585506594312
      vertex 1.8734718801315788 0.7760174614751214 3.03486408490429
      vertex 1.7561534641421668 1.0139156752607739 3.03486408490429
    endloop
  endfacet
  facet normal 0.4164032904624113 0.27823178344628763 0.8655607282983526
    outer loop
      vertex 1.6087867754835565 1.2344655107321814 3.03486408490429
      vertex 1.3980713316071338 0.8071768596496773 3.273585506594312
      vertex 1.7561534641421668 1.0139156752607739 3.03486408490429
    endloop
  endfacet
  facet normal 0.4997317194830225 0.03275414737353026 0.8655607282983526
    outer loop
      vertex 1.6143537192993547 0 3.273585506594312
      vertex 2.0278313505215477 0 3.03486408490429
      vertex 2.0104829722073028 0.2646851046480223 3.03486408490429
    endloop
  endfacet
  facet normal 0.49118117121085964 0.09770200957786535 0.8655607282983528
    outer loop
      vertex 1.9587346728274033 0.524841373770942 3.03486408490429
      vertex 1.600542699439044 0.21071544387642274 3.273585506594312
      vertex 2.0104829722073028 0.2646851046480223 3.03486408490429
    endloop
  endfacet
  facet normal 0.474226376918131 0.16097816331020803 0.8655607282983526
    outer loop
      vertex 1.9587346728274033 0.524841373770942 3.03486408490429
      vertex 1.8734718801315788 0.7760174614751214 3.03486408490429
      vertex 1.55934595023706 0.4178254880867618 3.273585506594312
    endloop
  endfacet
  facet normal 0.4019257262121101 0.4583084531601955 0.7927225696110693
    outer loop
      vertex 1.2344655107321814 1.6087867754835565 3.03486408490429
      vertex 1.4338932990564612 1.4338932990564612 3.03486408490429
      vertex 1.4650526972310174 1.9092938475809067 2.744215297298268
    endloop
  endfacet
  facet normal 0.45830845316019536 0.40192572621211 0.7927225696110696
    outer loop
      vertex 1.6087867754835565 1.2344655107321814 3.03486408490429
      vertex 1.7017318240654404 1.7017318240654404 2.744215297298268
      vertex 1.4338932990564612 1.4338932990564612 3.03486408490429
    endloop
  endfacet
  facet normal 0.4019257262121097 0.45830845316019564 0.7927225696110696
    outer loop
      vertex 1.4650526972310174 1.9092938475809067 2.744215297298268
      vertex 1.4338932990564612 1.4338932990564612 3.03486408490429
      vertex 1.7017318240654404 1.7017318240654404 2.744215297298268
    endloop
  endfacet
  facet normal 0.4583084531601958 0.40192572621210987 0.7927225696110695
    outer loop
      vertex 1.6087867754835565 1.2344655107321814 3.03486408490429
      vertex 1.9092938475809067 1.4650526972310174 2.744215297298268
      vertex 1.7017318240654404 1.7017318240654404 2.744215297298268
    endloop
  endfacet
  facet normal 0.3932682623678604 0.5885675477331842 0.7063485793639777
    outer loop
      vertex 1.2033061125576257 2.0841873240080018 2.744215297298268
      vertex 1.4650526972310174 1.9092938475809067 2.744215297298268
      vertex 1.372107648649134 2.3765601609141656 2.4066122251152513
    endloop
  endfacet
  facet normal 0.46672727873592884 0.5322004619635772 0.7063485793639779
    outer loop
      vertex 1.4650526972310174 1.9092938475809067 2.744215297298268
      vertex 1.7017318240654404 1.7017318240654404 2.744215297298268
      vertex 1.6705724258908847 2.177132372589886 2.4066122251152513
    endloop
  endfacet
  facet normal 0.33866593865367095 0.5068493954076017 0.7927225696110693
    outer loop
      vertex 1.2033061125576257 2.0841873240080018 2.744215297298268
      vertex 1.2344655107321814 1.6087867754835565 3.03486408490429
      vertex 1.4650526972310174 1.9092938475809067 2.744215297298268
    endloop
  endfacet
  facet normal 0.5322004619635773 0.4667272787359289 0.7063485793639777
    outer loop
      vertex 1.9404532457554629 1.9404532457554629 2.4066122251152513
      vertex 1.7017318240654404 1.7017318240654404 2.744215297298268
      vertex 1.9092938475809067 1.4650526972310174 2.744215297298268
    endloop
  endfacet
  facet normal 0.5885675477331842 0.3932682623678604 0.7063485793639779
    outer loop
      vertex 2.0841873240080018 1.2033061125576257 2.744215297298268
      vertex 2.177132372589886 1.6705724258908847 2.4066122251152513
      vertex 1.9092938475809067 1.4650526972310174 2.744215297298268
    endloop
  endfacet
  facet normal 0.5068493954076017 0.33866593865367073 0.7927225696110693
    outer loop
      vertex 1.6087867754835565 1.2344655107321814 3.03486408490429
      vertex 1.7561534641421668 1.0139156752607739 3.03486408490429
      vertex 1.9092938475809067 1.4650526972310174 2.744215297298268
    endloop
  endfacet
  facet normal 0.5068493954076015 0.3386659386536709 0.7927225696110695
    outer loop
      vertex 2.0841873240080018 1.2033061125576257 2.744215297298268
      vertex 1.9092938475809067 1.4650526972310174 2.744215297298268
      vertex 1.7561534641421668 1.0139156752607739 3.03486408490429
    endloop
  endfacet
  facet normal 0.3765243673402663 0.3302030079006513 0.8655607282983526
    outer loop
      vertex 1.280752915617722 0.9827562770862183 3.273585506594312
      vertex 1.4338932990564612 1.4338932990564612 3.03486408490429
      vertex 1.1415204621502981 1.1415204621502981 3.273585506594312
    endloop
  endfacet
  facet normal 0.330203007900652 0.37652436734026573 0.8655607282983527
    outer loop
      vertex 1.1415204621502981 1.1415204621502981 3.273585506594312
      vertex 1.4338932990564612 1.4338932990564612 3.03486408490429
      vertex 1.2344655107321814 1.6087867754835565 3.03486408490429
    endloop
  endfacet
  facet normal 0.3765243673402655 0.3302030079006517 0.8655607282983527
    outer loop
      vertex 1.280752915617722 0.9827562770862183 3.273585506594312
      vertex 1.6087867754835565 1.2344655107321814 3.03486408490429
      vertex 1.4338932990564612 1.4338932990564612 3.03486408490429
    endloop
  endfacet
  facet normal 0.13809744904270446 0.6942627593342368 0.7063485793639775
    outer loop
      vertex 0.7102551828024678 2.6507084285579308 2.4066122251152513
      vertex 0.6449518958373532 2.6636980599658346 2.4066122251152513
      vertex 0.6713271219487001 2.5314454067512906 2.5314454067512906
    endloop
  endfacet
  facet normal 0.13809744904270815 0.6942627593342359 0.7063485793639778
    outer loop
      vertex 0.622877078036382 2.3246089021018226 2.744215297298268
      vertex 0.7102551828024678 2.6507084285579308 2.4066122251152513
      vertex 0.6713271219487001 2.5314454067512906 2.5314454067512906
    endloop
  endfacet
  facet normal 0.22753548059833345 0.6702979110062756 0.706348579363977
    outer loop
      vertex 0.622877078036382 2.3246089021018226 2.744215297298268
      vertex 0.6897165036351043 2.528858898218765 2.528858898218765
      vertex 0.7102551828024678 2.6507084285579308 2.4066122251152513
    endloop
  endfacet
  facet normal 0.22753548059830855 0.670297911006282 0.706348579363979
    outer loop
      vertex 0.7102551828024678 2.6507084285579308 2.4066122251152513
      vertex 0.6897165036351043 2.528858898218765 2.528858898218765
      vertex 0.802783300994511 2.6192993647730276 2.4066122251152513
    endloop
  endfacet
  facet normal 0.1548983818312231 0.7787267522465099 0.607940076522079
    outer loop
      vertex 0.7102551828024678 2.6507084285579308 2.4066122251152513
      vertex 0.7155202497941225 2.6703579260760404 2.3801011587039085
      vertex 0.6449518958373532 2.6636980599658346 2.4066122251152513
    endloop
  endfacet
  facet normal 0.2552174424523136 0.7518463409676401 0.6079400765220788
    outer loop
      vertex 0.7102551828024678 2.6507084285579308 2.4066122251152513
      vertex 0.802783300994511 2.6192993647730276 2.4066122251152513
      vertex 0.7155202497941225 2.6703579260760404 2.3801011587039085
    endloop
  endfacet
  facet normal 0.25521744245231215 0.7518463409676402 0.607940076522079
    outer loop
      vertex 1.0630347001818952 2.566392790452348 2.362787046930709
      vertex 1.0033766955654861 2.5512070826860485 2.4066122251152513
      vertex 1.0501657291188864 2.5353243459782453 2.4066122251152513
    endloop
  endfacet
  facet normal 0.22753548059830722 0.6702979110062817 0.7063485793639797
    outer loop
      vertex 1.0267658314203107 2.4788319955962006 2.467759104544961
      vertex 1.0501657291188864 2.5353243459782453 2.4066122251152513
      vertex 1.0033766955654861 2.5512070826860485 2.4066122251152513
    endloop
  endfacet
  facet normal 0.3511696618733951 0.7121016303436288 0.607940076522079
    outer loop
      vertex 1.0630347001818952 2.566392790452348 2.362787046930709
      vertex 1.0501657291188864 2.5353243459782453 2.4066122251152513
      vertex 1.372107648649134 2.3765601609141656 2.4066122251152513
    endloop
  endfacet
  facet normal 0.3130803169961218 0.6348640795793218 0.7063485793639771
    outer loop
      vertex 1.0245632964475715 2.473514605793413 2.473514605793413
      vertex 0.9209706266788905 2.223419777475426 2.744215297298268
      vertex 1.0714780051928068 2.4625632687419783 2.4625632687419783
    endloop
  endfacet
  facet normal 0.31308031699601796 0.6348640795793228 0.7063485793640221
    outer loop
      vertex 1.0714780051928068 2.4625632687419783 2.4625632687419783
      vertex 1.2033061125576257 2.0841873240080018 2.744215297298268
      vertex 1.0501657291188864 2.5353243459782453 2.4066122251152513
    endloop
  endfacet
  facet normal 0.3130803169961203 0.6348640795793198 0.7063485793639793
    outer loop
      vertex 1.0267658314203107 2.4788319955962006 2.467759104544961
      vertex 1.0714780051928068 2.4625632687419783 2.4625632687419783
      vertex 1.0501657291188864 2.5353243459782453 2.4066122251152513
    endloop
  endfacet
  facet normal 0.3511696618733947 0.7121016303436285 0.6079400765220796
    outer loop
      vertex 1.0630347001818952 2.566392790452348 2.362787046930709
      vertex 1.372107648649134 2.3765601609141656 2.4066122251152513
      vertex 1.372011859414393 2.3904260049916903 2.3904260049916903
    endloop
  endfacet
  facet normal 0.3511696618734019 0.7121016303436264 0.607940076522078
    outer loop
      vertex 1.379034478991874 2.388557783003201 2.388557783003201
      vertex 1.372011859414393 2.3904260049916903 2.3904260049916903
      vertex 1.372107648649134 2.3765601609141656 2.4066122251152513
    endloop
  endfacet
  facet normal 0.04629653184613965 0.7063485793639778 0.7063485793639778
    outer loop
      vertex 0 2.5754137612067596 2.5754137612067596
      vertex 0 2.4066122251152513 2.744215297298268
      vertex 0.3141259298945193 2.3860233239099076 2.744215297298268
    endloop
  endfacet
  facet normal 0.04629653184613927 0.7063485793639775 0.7063485793639782
    outer loop
      vertex 0 2.5754137612067596 2.5754137612067596
      vertex 0.3141259298945193 2.3860233239099076 2.744215297298268
      vertex 0.3376030721830161 2.5643499240027907 2.5643499240027907
    endloop
  endfacet
  facet normal 0.13809744904270568 0.6942627593342359 0.7063485793639782
    outer loop
      vertex 0.3141259298945193 2.3860233239099076 2.744215297298268
      vertex 0.622877078036382 2.3246089021018226 2.744215297298268
      vertex 0.3376030721830161 2.5643499240027907 2.5643499240027907
    endloop
  endfacet
  facet normal 0.1380974490427061 0.6942627593342361 0.7063485793639779
    outer loop
      vertex 0.3376030721830161 2.5643499240027907 2.5643499240027907
      vertex 0.622877078036382 2.3246089021018226 2.744215297298268
      vertex 0.6713271219487001 2.5314454067512906 2.5314454067512906
    endloop
  endfacet
  facet normal 0.22753548059830758 0.6702979110062843 0.706348579363977
    outer loop
      vertex 0.622877078036382 2.3246089021018226 2.744215297298268
      vertex 0.9209706266788905 2.223419777475426 2.744215297298268
      vertex 0.6897165036351043 2.528858898218765 2.528858898218765
    endloop
  endfacet
  facet normal 0.2275354805983074 0.6702979110062843 0.7063485793639772
    outer loop
      vertex 1.0245632964475715 2.473514605793413 2.473514605793413
      vertex 0.6897165036351043 2.528858898218765 2.528858898218765
      vertex 0.9209706266788905 2.223419777475426 2.744215297298268
    endloop
  endfacet
  facet normal 0.6942627593342362 0.13809744904270557 0.7063485793639779
    outer loop
      vertex 2.6507084285579308 0.7102551828024678 2.4066122251152513
      vertex 2.531445406751291 0.6713271219486953 2.531445406751291
      vertex 2.6636980599658355 0.6449518958373494 2.4066122251152513
    endloop
  endfacet
  facet normal 0.6942627593342371 0.13809744904270146 0.7063485793639778
    outer loop
      vertex 2.3246089021018226 0.622877078036382 2.744215297298268
      vertex 2.531445406751291 0.6713271219486953 2.531445406751291
      vertex 2.6507084285579308 0.7102551828024678 2.4066122251152513
    endloop
  endfacet
  facet normal 0.6702979110062911 0.22753548059828302 0.7063485793639785
    outer loop
      vertex 2.3246089021018226 0.622877078036382 2.744215297298268
      vertex 2.6507084285579308 0.7102551828024678 2.4066122251152513
      vertex 2.5288588982187643 0.6897165036351124 2.5288588982187643
    endloop
  endfacet
  facet normal 0.6702979110062847 0.22753548059830797 0.7063485793639765
    outer loop
      vertex 2.6507084285579308 0.7102551828024678 2.4066122251152513
      vertex 2.6192993647730263 0.8027833009945156 2.4066122251152513
      vertex 2.5288588982187643 0.6897165036351124 2.5288588982187643
    endloop
  endfacet
  facet normal 0.634864079579324 0.31308031699611744 0.7063485793639769
    outer loop
      vertex 2.4625632687419854 1.071478005192778 2.4625632687419854
      vertex 2.5353243459782453 1.0501657291188864 2.4066122251152513
      vertex 2.3765601609141656 1.372107648649134 2.4066122251152513
    endloop
  endfacet
  facet normal 0.7518463409676417 0.2552174424523126 0.6079400765220773
    outer loop
      vertex 2.5663927904523476 1.063034700181895 2.3627870469307095
      vertex 2.5353243459782453 1.0501657291188864 2.4066122251152513
      vertex 2.5512070826860485 1.0033766955654861 2.4066122251152513
    endloop
  endfacet
  facet normal 0.6702979110062848 0.22753548059830828 0.7063485793639762
    outer loop
      vertex 2.478831995596197 1.0267658314203092 2.4677591045449656
      vertex 2.5512070826860485 1.0033766955654861 2.4066122251152513
      vertex 2.5353243459782453 1.0501657291188864 2.4066122251152513
    endloop
  endfacet
  facet normal 0.7121016303436296 0.35116966187339627 0.6079400765220772
    outer loop
      vertex 2.5663927904523476 1.063034700181895 2.3627870469307095
      vertex 2.3904260049916912 1.3720118594143889 2.3904260049916912
      vertex 2.5353243459782453 1.0501657291188864 2.4066122251152513
    endloop
  endfacet
  facet normal 0.6348640795793189 0.31308031699612515 0.7063485793639782
    outer loop
      vertex 2.4735146057934134 1.0245632964475717 2.4735146057934134
      vertex 2.4625632687419854 1.071478005192778 2.4625632687419854
      vertex 2.223419777475426 0.9209706266788905 2.744215297298268
    endloop
  endfacet
  facet normal 0.6348640795793232 0.3130803169961174 0.7063485793639777
    outer loop
      vertex 2.4625632687419854 1.071478005192778 2.4625632687419854
      vertex 2.3765601609141656 1.372107648649134 2.4066122251152513
      vertex 2.223419777475426 0.9209706266788905 2.744215297298268
    endloop
  endfacet
  facet normal 0.6348640795793239 0.31308031699611927 0.7063485793639762
    outer loop
      vertex 2.478831995596197 1.0267658314203092 2.4677591045449656
      vertex 2.5353243459782453 1.0501657291188864 2.4066122251152513
      vertex 2.4625632687419854 1.071478005192778 2.4625632687419854
    endloop
  endfacet
  facet normal 0.7787267522465092 0.15489838183122434 0.6079400765220798
    outer loop
      vertex 2.6507084285579308 0.7102551828024678 2.4066122251152513
      vertex 2.6636980599658355 0.6449518958373494 2.4066122251152513
      vertex 2.6703579260760417 0.715520249794123 2.3801011587039067
    endloop
  endfacet
  facet normal 0.75184634096764 0.2552174424523118 0.6079400765220798
    outer loop
      vertex 2.6507084285579308 0.7102551828024678 2.4066122251152513
      vertex 2.6703579260760417 0.715520249794123 2.3801011587039067
      vertex 2.6192993647730263 0.8027833009945156 2.4066122251152513
    endloop
  endfacet
  facet normal 0.7121016303436367 0.351169661873399 0.6079400765220675
    outer loop
      vertex 2.5353243459782453 1.0501657291188864 2.4066122251152513
      vertex 2.3904260049916912 1.3720118594143889 2.3904260049916912
      vertex 2.3765601609141656 1.372107648649134 2.4066122251152513
    endloop
  endfacet
  facet normal 0.7121016303436438 0.35116966187337256 0.6079400765220743
    outer loop
      vertex 2.388557783003201 1.3790344789918738 2.388557783003201
      vertex 2.3765601609141656 1.372107648649134 2.4066122251152513
      vertex 2.3904260049916912 1.3720118594143889 2.3904260049916912
    endloop
  endfacet
  facet normal 0.6601726633925706 0.44111327101719994 0.6079400765220745
    outer loop
      vertex 2.263968419522047 1.7372040682313397 2.263968419522047
      vertex 2.3765601609141656 1.372107648649134 2.4066122251152513
      vertex 2.388557783003201 1.3790344789918738 2.388557783003201
    endloop
  endfacet
  facet normal 0.7063485793639775 0.046296531846139605 0.7063485793639782
    outer loop
      vertex 2.4066122251152513 0 2.744215297298268
      vertex 2.5643499240027907 0.33760307218301605 2.5643499240027907
      vertex 2.3860233239099076 0.3141259298945193 2.744215297298268
    endloop
  endfacet
  facet normal 0.7063485793639779 0.04629653184613928 0.7063485793639779
    outer loop
      vertex 2.5754137612067596 0 2.5754137612067596
      vertex 2.5643499240027907 0.33760307218301605 2.5643499240027907
      vertex 2.4066122251152513 0 2.744215297298268
    endloop
  endfacet
  facet normal 0.6942627593342363 0.13809744904270574 0.7063485793639778
    outer loop
      vertex 2.3860233239099076 0.3141259298945193 2.744215297298268
      vertex 2.531445406751291 0.6713271219486953 2.531445406751291
      vertex 2.3246089021018226 0.622877078036382 2.744215297298268
    endloop
  endfacet
  facet normal 0.6942627593342358 0.1380974490427062 0.7063485793639781
    outer loop
      vertex 2.3860233239099076 0.3141259298945193 2.744215297298268
      vertex 2.5643499240027907 0.33760307218301605 2.5643499240027907
      vertex 2.531445406751291 0.6713271219486953 2.531445406751291
    endloop
  endfacet
  facet normal 0.6702979110062829 0.22753548059830725 0.7063485793639787
    outer loop
      vertex 2.3246089021018226 0.622877078036382 2.744215297298268
      vertex 2.5288588982187643 0.6897165036351124 2.5288588982187643
      vertex 2.4735146057934134 1.0245632964475717 2.4735146057934134
    endloop
  endfacet
  facet normal 0.6702979110062831 0.22753548059830714 0.7063485793639784
    outer loop
      vertex 2.3246089021018226 0.622877078036382 2.744215297298268
      vertex 2.4735146057934134 1.0245632964475717 2.4735146057934134
      vertex 2.223419777475426 0.9209706266788905 2.744215297298268
    endloop
  endfacet
  facet normal 0.6341847973991317 0.4422886902190066 0.6341847973991319
    outer loop
      vertex 2.350881090875014 -1.025 -4.861608077227771
      vertex 10.9950125343103 -1.025 -13.505739520663056
      vertex 10.827285442666483 -0.7845010363484339 -13.505739520663056
    endloop
  endfacet
  facet normal 0.669580715875844 0.32143946530316553 0.6695807158758438
    outer loop
      vertex 2.2670175450531067 -0.7845010363484339 -4.945471623049678
      vertex 10.827285442666483 -0.7845010363484339 -13.505739520663056
      vertex 10.705387442904954 -0.5305790424601675 -13.505739520663056
    endloop
  endfacet
  facet normal 0.6935199226610747 0.19509032201612264 0.6935199226610744
    outer loop
      vertex 2.206068545172343 -0.5305790424601675 -5.006420622930442
      vertex 10.705387442904954 -0.5305790424601675 -13.505739520663056
      vertex 10.631404243598146 -0.2675786940511057 -13.505739520663056
    endloop
  endfacet
  facet normal 0.7055928112895234 0.06540312923013875 0.7055928112895233
    outer loop
      vertex 2.169076945518938 -0.2675786940511057 -5.043412222583847
      vertex 10.631404243598146 -0.2675786940511057 -13.505739520663056
      vertex 10.606601717798211 0 -13.505739520663056
    endloop
  endfacet
  facet normal 0.5879378012096805 0.5555702330195996 0.5879378012096805
    outer loop
      vertex 2.456224254117684 -1.2479609294678773 -4.756264913985101
      vertex 11.20569886079564 -1.2479609294678773 -13.505739520663056
      vertex 10.9950125343103 -1.025 -13.505739520663056
    endloop
  endfacet
  facet normal 0.5316310262343736 0.6593458151000684 0.5316310262343736
    outer loop
      vertex 2.5812445840513925 -1.4495689014324225 -4.631244584051393
      vertex 11.455739520663055 -1.4495689014324225 -13.505739520663056
      vertex 11.20569886079564 -1.2479609294678773 -13.505739520663056
    endloop
  endfacet
  facet normal 0.46622789700423095 0.7518398074789764 0.46622789700423095
    outer loop
      vertex 2.7238029481687898 -1.626374347597032 -4.488686219933995
      vertex 11.74085624889785 -1.626374347597032 -13.505739520663056
      vertex 11.455739520663055 -1.4495689014324225 -13.505739520663056
    endloop
  endfacet
  facet normal 0.31274533209597283 0.8968727415326878 0.3127453320959728
    outer loop
      vertex 3.0515185814015404 -1.8939530416481376 -4.160970586701244
      vertex 12.396287515363351 -1.8939530416481376 -13.505739520663056
      vertex 12.056170619230633 -1.775352077758099 -13.505739520663056
    endloop
  endfacet
  facet normal 0.3928474791935515 0.8314696123025449 0.39284747919355145
    outer loop
      vertex 2.8814601333351813 -1.775352077758099 -4.331029034767604
      vertex 12.056170619230633 -1.775352077758099 -13.505739520663056
      vertex 11.74085624889785 -1.626374347597032 -13.505739520663056
    endloop
  endfacet
  facet normal 0.5316310262343739 0.659345815100068 0.5316310262343739
    outer loop
      vertex 2.456224254117684 -1.2479609294678773 -4.756264913985101
      vertex 2.5812445840513925 -1.4495689014324225 -4.631244584051393
      vertex 11.20569886079564 -1.2479609294678773 -13.505739520663056
    endloop
  endfacet
  facet normal 0.4662278970042294 0.7518398074789783 0.46622789700422945
    outer loop
      vertex 2.7238029481687898 -1.626374347597032 -4.488686219933995
      vertex 11.455739520663055 -1.4495689014324225 -13.505739520663056
      vertex 2.5812445840513925 -1.4495689014324225 -4.631244584051393
    endloop
  endfacet
  facet normal 0.3928474791935511 0.8314696123025452 0.3928474791935511
    outer loop
      vertex 2.7238029481687898 -1.626374347597032 -4.488686219933995
      vertex 2.8814601333351813 -1.775352077758099 -4.331029034767604
      vertex 11.74085624889785 -1.626374347597032 -13.505739520663056
    endloop
  endfacet
  facet normal 0.669580715875845 0.32143946530316203 0.6695807158758446
    outer loop
      vertex 2.2670175450531067 -0.7845010363484339 -4.945471623049678
      vertex 10.705387442904954 -0.5305790424601675 -13.505739520663056
      vertex 2.206068545172343 -0.5305790424601675 -5.006420622930442
    endloop
  endfacet
  facet normal 0.6341847973991339 0.4422886902190007 0.6341847973991338
    outer loop
      vertex 2.2670175450531067 -0.7845010363484339 -4.945471623049678
      vertex 2.350881090875014 -1.025 -4.861608077227771
      vertex 10.827285442666483 -0.7845010363484339 -13.505739520663056
    endloop
  endfacet
  facet normal 0.6935199226610735 0.19509032201612966 0.6935199226610735
    outer loop
      vertex 2.206068545172343 -0.5305790424601675 -5.006420622930442
      vertex 10.631404243598146 -0.2675786940511057 -13.505739520663056
      vertex 2.169076945518938 -0.2675786940511057 -5.043412222583847
    endloop
  endfacet
  facet normal 0.7055928112895233 0.06540312923014169 0.7055928112895231
    outer loop
      vertex 2.169076945518938 -0.2675786940511057 -5.043412222583847
      vertex 10.606601717798211 0 -13.505739520663056
      vertex 2.15667568261897 0 -5.055813485483815
    endloop
  endfacet
  facet normal 0.5879378012096793 0.5555702330196022 0.5879378012096794
    outer loop
      vertex 2.350881090875014 -1.025 -4.861608077227771
      vertex 2.456224254117684 -1.2479609294678773 -4.756264913985101
      vertex 10.9950125343103 -1.025 -13.505739520663056
    endloop
  endfacet
  facet normal 0.3127453320959718 0.8968727415326885 0.3127453320959717
    outer loop
      vertex 2.8814601333351813 -1.775352077758099 -4.331029034767604
      vertex 3.0515185814015404 -1.8939530416481376 -4.160970586701244
      vertex 12.056170619230633 -1.775352077758099 -13.505739520663056
    endloop
  endfacet
  facet normal 0.22729202565684414 0.9469301294951054 0.22729202565684412
    outer loop
      vertex 3.0515185814015404 -1.8939530416481376 -4.160970586701244
      vertex 3.231068545172343 -1.98014794389259 -3.981420622930442
      vertex 12.396287515363351 -1.8939530416481376 -13.505739520663056
    endloop
  endfacet
  facet normal 0.1379496896414707 0.9807852804032307 0.1379496896414707
    outer loop
      vertex 3.231068545172343 -1.98014794389259 -3.981420622930442
      vertex 3.417037874986815 -2.032461965816311 -3.7954512931159696
      vertex 12.755387442904958 -1.98014794389259 -13.505739520663056
    endloop
  endfacet
  facet normal -0.04624699618945473 0.9978589232386035 -0.04624699618945473
    outer loop
      vertex 3.6062445840513924 -2.05 -3.6062445840513924
      vertex 3.7954512931159696 -2.032461965816311 -3.417037874986815
      vertex 13.505739520663056 -2.05 -13.505739520663056
    endloop
  endfacet
  facet normal 0.04624699618945472 0.9978589232386035 0.04624699618945472
    outer loop
      vertex 3.417037874986815 -2.032461965816311 -3.7954512931159696
      vertex 3.6062445840513924 -2.05 -3.6062445840513924
      vertex 13.127326102533901 -2.032461965816311 -13.505739520663056
    endloop
  endfacet
  facet normal -0.13794968964147072 0.9807852804032307 -0.13794968964147067
    outer loop
      vertex 3.7954512931159696 -2.032461965816311 -3.417037874986815
      vertex 3.981420622930442 -1.98014794389259 -3.231068545172343
      vertex 13.884152938792209 -2.032461965816311 -13.505739520663056
    endloop
  endfacet
  facet normal -0.22729202565684412 0.9469301294951054 -0.22729202565684412
    outer loop
      vertex 3.981420622930442 -1.98014794389259 -3.231068545172343
      vertex 4.160970586701244 -1.8939530416481376 -3.0515185814015404
      vertex 14.256091598421154 -1.98014794389259 -13.505739520663056
    endloop
  endfacet
  facet normal -0.3127453320959717 0.8968727415326885 -0.3127453320959718
    outer loop
      vertex 4.160970586701244 -1.8939530416481376 -3.0515185814015404
      vertex 4.331029034767604 -1.775352077758099 -2.8814601333351813
      vertex 14.61519152596276 -1.8939530416481376 -13.505739520663056
    endloop
  endfacet
  facet normal -0.392847479193551 0.8314696123025452 -0.3928474791935512
    outer loop
      vertex 4.331029034767604 -1.775352077758099 -2.8814601333351813
      vertex 4.488686219933995 -1.626374347597032 -2.7238029481687898
      vertex 14.95530842209548 -1.775352077758099 -13.505739520663056
    endloop
  endfacet
  facet normal -0.46622789700422956 0.7518398074789783 -0.4662278970042294
    outer loop
      vertex 4.488686219933995 -1.626374347597032 -2.7238029481687898
      vertex 4.631244584051393 -1.4495689014324225 -2.5812445840513925
      vertex 15.27062279242826 -1.626374347597032 -13.505739520663056
    endloop
  endfacet
  facet normal -0.5316310262343737 0.6593458151000678 -0.5316310262343737
    outer loop
      vertex 4.631244584051393 -1.4495689014324225 -2.5812445840513925
      vertex 4.756264913985101 -1.2479609294678773 -2.456224254117684
      vertex 15.555739520663057 -1.4495689014324225 -13.505739520663056
    endloop
  endfacet
  facet normal -0.5879378012096793 0.5555702330196022 -0.5879378012096793
    outer loop
      vertex 4.756264913985101 -1.2479609294678773 -2.456224254117684
      vertex 4.861608077227771 -1.025 -2.350881090875014
      vertex 15.805780180530473 -1.2479609294678773 -13.505739520663056
    endloop
  endfacet
  facet normal -0.634184797399134 0.44228869021900075 -0.6341847973991338
    outer loop
      vertex 4.861608077227771 -1.025 -2.350881090875014
      vertex 4.945471623049678 -0.7845010363484339 -2.2670175450531067
      vertex 16.01646650701581 -1.025 -13.505739520663056
    endloop
  endfacet
  facet normal -0.6695807158758447 0.321439465303162 -0.6695807158758448
    outer loop
      vertex 4.945471623049678 -0.7845010363484339 -2.2670175450531067
      vertex 5.006420622930442 -0.5305790424601675 -2.206068545172343
      vertex 16.18419359865963 -0.7845010363484339 -13.505739520663056
    endloop
  endfacet
  facet normal -0.6935199226610734 0.1950903220161297 -0.6935199226610735
    outer loop
      vertex 5.006420622930442 -0.5305790424601675 -2.206068545172343
      vertex 5.043412222583847 -0.2675786940511057 -2.169076945518938
      vertex 16.30609159842116 -0.5305790424601675 -13.505739520663056
    endloop
  endfacet
  facet normal -0.705592811289523 0.06540312923014167 -0.7055928112895232
    outer loop
      vertex 5.043412222583847 -0.2675786940511057 -2.169076945518938
      vertex 5.055813485483815 0 -2.15667568261897
      vertex 16.380074797727968 -0.2675786940511057 -13.505739520663056
    endloop
  endfacet
  facet normal 0.22729202565684306 0.9469301294951058 0.22729202565684306
    outer loop
      vertex 3.231068545172343 -1.98014794389259 -3.981420622930442
      vertex 12.755387442904958 -1.98014794389259 -13.505739520663056
      vertex 12.396287515363351 -1.8939530416481376 -13.505739520663056
    endloop
  endfacet
  facet normal 0.1379496896414718 0.9807852804032303 0.1379496896414718
    outer loop
      vertex 3.417037874986815 -2.032461965816311 -3.7954512931159696
      vertex 13.127326102533901 -2.032461965816311 -13.505739520663056
      vertex 12.755387442904958 -1.98014794389259 -13.505739520663056
    endloop
  endfacet
  facet normal 0.046246996189454645 0.9978589232386035 0.046246996189454645
    outer loop
      vertex 3.6062445840513924 -2.05 -3.6062445840513924
      vertex 13.505739520663056 -2.05 -13.505739520663056
      vertex 13.127326102533901 -2.032461965816311 -13.505739520663056
    endloop
  endfacet
  facet normal -0.04624699618945495 0.9978589232386035 -0.046246996189454936
    outer loop
      vertex 3.7954512931159696 -2.032461965816311 -3.417037874986815
      vertex 13.884152938792209 -2.032461965816311 -13.505739520663056
      vertex 13.505739520663056 -2.05 -13.505739520663056
    endloop
  endfacet
  facet normal -0.13794968964147047 0.9807852804032308 -0.13794968964147047
    outer loop
      vertex 3.981420622930442 -1.98014794389259 -3.231068545172343
      vertex 14.256091598421154 -1.98014794389259 -13.505739520663056
      vertex 13.884152938792209 -2.032461965816311 -13.505739520663056
    endloop
  endfacet
  facet normal -0.22729202565684312 0.9469301294951059 -0.22729202565684314
    outer loop
      vertex 4.160970586701244 -1.8939530416481376 -3.0515185814015404
      vertex 14.61519152596276 -1.8939530416481376 -13.505739520663056
      vertex 14.256091598421154 -1.98014794389259 -13.505739520663056
    endloop
  endfacet
  facet normal -0.31274533209597083 0.8968727415326891 -0.31274533209597094
    outer loop
      vertex 4.331029034767604 -1.775352077758099 -2.8814601333351813
      vertex 14.95530842209548 -1.775352077758099 -13.505739520663056
      vertex 14.61519152596276 -1.8939530416481376 -13.505739520663056
    endloop
  endfacet
  facet normal -0.39284747919355417 0.8314696123025423 -0.39284747919355406
    outer loop
      vertex 4.488686219933995 -1.626374347597032 -2.7238029481687898
      vertex 15.27062279242826 -1.626374347597032 -13.505739520663056
      vertex 14.95530842209548 -1.775352077758099 -13.505739520663056
    endloop
  endfacet
  facet normal -0.4662278970042277 0.7518398074789806 -0.4662278970042277
    outer loop
      vertex 4.631244584051393 -1.4495689014324225 -2.5812445840513925
      vertex 15.555739520663057 -1.4495689014324225 -13.505739520663056
      vertex 15.27062279242826 -1.626374347597032 -13.505739520663056
    endloop
  endfacet
  facet normal -0.5316310262343739 0.6593458151000678 -0.5316310262343739
    outer loop
      vertex 4.756264913985101 -1.2479609294678773 -2.456224254117684
      vertex 15.805780180530473 -1.2479609294678773 -13.505739520663056
      vertex 15.555739520663057 -1.4495689014324225 -13.505739520663056
    endloop
  endfacet
  facet normal -0.5879378012096821 0.5555702330195967 -0.5879378012096819
    outer loop
      vertex 4.861608077227771 -1.025 -2.350881090875014
      vertex 16.01646650701581 -1.025 -13.505739520663056
      vertex 15.805780180530473 -1.2479609294678773 -13.505739520663056
    endloop
  endfacet
  facet normal -0.6341847973991303 0.4422886902190108 -0.6341847973991304
    outer loop
      vertex 4.945471623049678 -0.7845010363484339 -2.2670175450531067
      vertex 16.18419359865963 -0.7845010363484339 -13.505739520663056
      vertex 16.01646650701581 -1.025 -13.505739520663056
    endloop
  endfacet
  facet normal -0.6695807158758439 0.321439465303165 -0.6695807158758441
    outer loop
      vertex 5.006420622930442 -0.5305790424601675 -2.206068545172343
      vertex 16.30609159842116 -0.5305790424601675 -13.505739520663056
      vertex 16.18419359865963 -0.7845010363484339 -13.505739520663056
    endloop
  endfacet
  facet normal -0.6935199226610741 0.19509032201612517 -0.6935199226610743
    outer loop
      vertex 5.043412222583847 -0.2675786940511057 -2.169076945518938
      vertex 16.380074797727968 -0.2675786940511057 -13.505739520663056
      vertex 16.30609159842116 -0.5305790424601675 -13.505739520663056
    endloop
  endfacet
  facet normal -0.7055928112895232 0.06540312923014051 -0.7055928112895234
    outer loop
      vertex 16.380074797727968 -0.2675786940511057 -13.505739520663056
      vertex 5.055813485483815 0 -2.15667568261897
      vertex 16.404877323527902 0 -13.505739520663056
    endloop
  endfacet
  facet normal 0.7071067811865476 -1.8102460346376463e-15 -0.7071067811865476
    outer loop
      vertex 2.7238029481687898 -1.626374347597032 -4.488686219933995
      vertex 2.5812445840513925 -1.4495689014324225 -4.631244584051393
      vertex 4.631244584051393 -1.4495689014324225 -2.5812445840513925
    endloop
  endfacet
  facet normal 0.7071067811865475 1.536535498337036e-15 -0.7071067811865475
    outer loop
      vertex 2.456224254117684 -1.2479609294678773 -4.756264913985101
      vertex 4.756264913985101 -1.2479609294678773 -2.456224254117684
      vertex 2.5812445840513925 -1.4495689014324225 -4.631244584051393
    endloop
  endfacet
  facet normal 0.7071067811865476 1.3150491348063478e-15 -0.7071067811865476
    outer loop
      vertex 2.2670175450531067 -0.7845010363484339 -4.945471623049678
      vertex 4.945471623049678 -0.7845010363484339 -2.2670175450531067
      vertex 2.350881090875014 -1.025 -4.861608077227771
    endloop
  endfacet
  facet normal 0.7071067811865475 7.65129197630559e-19 -0.7071067811865475
    outer loop
      vertex 2.2670175450531067 -0.7845010363484339 -4.945471623049678
      vertex 2.206068545172343 -0.5305790424601675 -5.006420622930442
      vertex 5.006420622930442 -0.5305790424601675 -2.206068545172343
    endloop
  endfacet
  facet normal 0.7071067811865476 -1.3863516202213702e-15 -0.7071067811865476
    outer loop
      vertex 2.350881090875014 -1.025 -4.861608077227771
      vertex 4.861608077227771 -1.025 -2.350881090875014
      vertex 2.456224254117684 -1.2479609294678773 -4.756264913985101
    endloop
  endfacet
  facet normal 0.7071067811865476 -1.1901161381333498e-15 -0.7071067811865476
    outer loop
      vertex 2.206068545172343 -0.5305790424601675 -5.006420622930442
      vertex 2.169076945518938 -0.2675786940511057 -5.043412222583847
      vertex 5.043412222583847 -0.2675786940511057 -2.169076945518938
    endloop
  endfacet
  facet normal 0.7071067811865475 1.1716977302699844e-15 -0.7071067811865476
    outer loop
      vertex 2.169076945518938 -0.2675786940511057 -5.043412222583847
      vertex 2.15667568261897 0 -5.055813485483815
      vertex 5.055813485483815 0 -2.15667568261897
    endloop
  endfacet
  facet normal 0.7071067811865476 3.557324479092528e-15 -0.7071067811865476
    outer loop
      vertex 3.0515185814015404 -1.8939530416481376 -4.160970586701244
      vertex 4.160970586701244 -1.8939530416481376 -3.0515185814015404
      vertex 3.231068545172343 -1.98014794389259 -3.981420622930442
    endloop
  endfacet
  facet normal 0.7071067811865476 -5.280995413430693e-15 -0.7071067811865476
    outer loop
      vertex 2.8814601333351813 -1.775352077758099 -4.331029034767604
      vertex 4.331029034767604 -1.775352077758099 -2.8814601333351813
      vertex 3.0515185814015404 -1.8939530416481376 -4.160970586701244
    endloop
  endfacet
  facet normal 0.7071067811865476 2.1266735770879248e-15 -0.7071067811865476
    outer loop
      vertex 2.7238029481687898 -1.626374347597032 -4.488686219933995
      vertex 4.488686219933995 -1.626374347597032 -2.7238029481687898
      vertex 2.8814601333351813 -1.775352077758099 -4.331029034767604
    endloop
  endfacet
  facet normal 0.7071067811865475 2.369604529650587e-16 -0.7071067811865475
    outer loop
      vertex 3.231068545172343 -1.98014794389259 -3.981420622930442
      vertex 3.981420622930442 -1.98014794389259 -3.231068545172343
      vertex 3.417037874986815 -2.032461965816311 -3.7954512931159696
    endloop
  endfacet
  facet normal 0.7071067811865475 4.411406735359638e-16 -0.7071067811865475
    outer loop
      vertex 3.417037874986815 -2.032461965816311 -3.7954512931159696
      vertex 3.7954512931159696 -2.032461965816311 -3.417037874986815
      vertex 3.6062445840513924 -2.05 -3.6062445840513924
    endloop
  endfacet
  facet normal 0.7071067811865476 3.4115165809224726e-16 -0.7071067811865476
    outer loop
      vertex 3.417037874986815 -2.032461965816311 -3.7954512931159696
      vertex 3.981420622930442 -1.98014794389259 -3.231068545172343
      vertex 3.7954512931159696 -2.032461965816311 -3.417037874986815
    endloop
  endfacet
  facet normal 0.7071067811865475 3.265792909478716e-15 -0.7071067811865475
    outer loop
      vertex 3.231068545172343 -1.98014794389259 -3.981420622930442
      vertex 4.160970586701244 -1.8939530416481376 -3.0515185814015404
      vertex 3.981420622930442 -1.98014794389259 -3.231068545172343
    endloop
  endfacet
  facet normal 0.7071067811865476 -5.854837619038445e-15 -0.7071067811865476
    outer loop
      vertex 3.0515185814015404 -1.8939530416481376 -4.160970586701244
      vertex 4.331029034767604 -1.775352077758099 -2.8814601333351813
      vertex 4.160970586701244 -1.8939530416481376 -3.0515185814015404
    endloop
  endfacet
  facet normal 0.7071067811865476 1.498207298110086e-15 -0.7071067811865476
    outer loop
      vertex 2.8814601333351813 -1.775352077758099 -4.331029034767604
      vertex 4.488686219933995 -1.626374347597032 -2.7238029481687898
      vertex 4.331029034767604 -1.775352077758099 -2.8814601333351813
    endloop
  endfacet
  facet normal 0.7071067811865476 -2.15544952056689e-15 -0.7071067811865476
    outer loop
      vertex 2.7238029481687898 -1.626374347597032 -4.488686219933995
      vertex 4.631244584051393 -1.4495689014324225 -2.5812445840513925
      vertex 4.488686219933995 -1.626374347597032 -2.7238029481687898
    endloop
  endfacet
  facet normal 0.7071067811865475 2.2071996652620995e-15 -0.7071067811865475
    outer loop
      vertex 2.5812445840513925 -1.4495689014324225 -4.631244584051393
      vertex 4.756264913985101 -1.2479609294678773 -2.456224254117684
      vertex 4.631244584051393 -1.4495689014324225 -2.5812445840513925
    endloop
  endfacet
  facet normal 0.7071067811865476 -1.2971236868798528e-15 -0.7071067811865476
    outer loop
      vertex 2.456224254117684 -1.2479609294678773 -4.756264913985101
      vertex 4.861608077227771 -1.025 -2.350881090875014
      vertex 4.756264913985101 -1.2479609294678773 -2.456224254117684
    endloop
  endfacet
  facet normal 0.7071067811865476 1.0147452622889492e-15 -0.7071067811865476
    outer loop
      vertex 2.350881090875014 -1.025 -4.861608077227771
      vertex 4.945471623049678 -0.7845010363484339 -2.2670175450531067
      vertex 4.861608077227771 -1.025 -2.350881090875014
    endloop
  endfacet
  facet normal 0.7071067811865475 3.773549753650706e-16 -0.7071067811865475
    outer loop
      vertex 2.2670175450531067 -0.7845010363484339 -4.945471623049678
      vertex 5.006420622930442 -0.5305790424601675 -2.206068545172343
      vertex 4.945471623049678 -0.7845010363484339 -2.2670175450531067
    endloop
  endfacet
  facet normal 0.7071067811865476 -1.3633651922274696e-15 -0.7071067811865476
    outer loop
      vertex 2.206068545172343 -0.5305790424601675 -5.006420622930442
      vertex 5.043412222583847 -0.2675786940511057 -2.169076945518938
      vertex 5.006420622930442 -0.5305790424601675 -2.206068545172343
    endloop
  endfacet
  facet normal 0.7071067811865476 1.5132465254533993e-15 -0.7071067811865476
    outer loop
      vertex 2.169076945518938 -0.2675786940511057 -5.043412222583847
      vertex 5.055813485483815 0 -2.15667568261897
      vertex 5.043412222583847 -0.2675786940511057 -2.169076945518938
    endloop
  endfacet
  facet normal 0.7055928112895233 -0.06540312923013993 0.7055928112895233
    outer loop
      vertex 2.15667568261897 0 -5.055813485483815
      vertex 10.606601717798211 0 -13.505739520663056
      vertex 10.631404243598146 0.2675786940511057 -13.505739520663056
    endloop
  endfacet
  facet normal 0.6935199226610744 -0.19509032201612353 0.6935199226610743
    outer loop
      vertex 2.169076945518938 0.2675786940511057 -5.043412222583847
      vertex 10.631404243598146 0.2675786940511057 -13.505739520663056
      vertex 10.705387442904954 0.5305790424601675 -13.505739520663056
    endloop
  endfacet
  facet normal 0.669580715875844 -0.32143946530316553 0.6695807158758438
    outer loop
      vertex 2.206068545172343 0.5305790424601675 -5.006420622930442
      vertex 10.705387442904954 0.5305790424601675 -13.505739520663056
      vertex 10.827285442666483 0.7845010363484339 -13.505739520663056
    endloop
  endfacet
  facet normal 0.63418479739913 -0.4422886902190118 0.6341847973991299
    outer loop
      vertex 2.2670175450531067 0.7845010363484339 -4.945471623049678
      vertex 10.827285442666483 0.7845010363484339 -13.505739520663056
      vertex 10.9950125343103 1.025 -13.505739520663056
    endloop
  endfacet
  facet normal 0.587937801209681 -0.5555702330195988 0.587937801209681
    outer loop
      vertex 2.456224254117684 1.2479609294678773 -4.756264913985101
      vertex 10.9950125343103 1.025 -13.505739520663056
      vertex 11.20569886079564 1.2479609294678773 -13.505739520663056
    endloop
  endfacet
  facet normal 0.5316310262343742 -0.6593458151000673 0.5316310262343742
    outer loop
      vertex 2.456224254117684 1.2479609294678773 -4.756264913985101
      vertex 11.20569886079564 1.2479609294678773 -13.505739520663056
      vertex 11.455739520663055 1.4495689014324225 -13.505739520663056
    endloop
  endfacet
  facet normal 0.46622789700422984 -0.7518398074789779 0.46622789700422984
    outer loop
      vertex 2.5812445840513925 1.4495689014324225 -4.631244584051393
      vertex 11.455739520663055 1.4495689014324225 -13.505739520663056
      vertex 11.74085624889785 1.626374347597032 -13.505739520663056
    endloop
  endfacet
  facet normal 0.39284747919355123 -0.831469612302545 0.39284747919355123
    outer loop
      vertex 2.7238029481687898 1.626374347597032 -4.488686219933995
      vertex 11.74085624889785 1.626374347597032 -13.505739520663056
      vertex 12.056170619230633 1.775352077758099 -13.505739520663056
    endloop
  endfacet
  facet normal 0.31274533209597244 -0.896872741532688 0.31274533209597233
    outer loop
      vertex 2.8814601333351813 1.775352077758099 -4.331029034767604
      vertex 12.056170619230633 1.775352077758099 -13.505739520663056
      vertex 12.396287515363351 1.8939530416481376 -13.505739520663056
    endloop
  endfacet
  facet normal 0.7055928112895232 -0.06540312923014167 0.7055928112895232
    outer loop
      vertex 2.15667568261897 0 -5.055813485483815
      vertex 10.631404243598146 0.2675786940511057 -13.505739520663056
      vertex 2.169076945518938 0.2675786940511057 -5.043412222583847
    endloop
  endfacet
  facet normal 0.6935199226610737 -0.19509032201612966 0.6935199226610733
    outer loop
      vertex 2.169076945518938 0.2675786940511057 -5.043412222583847
      vertex 10.705387442904954 0.5305790424601675 -13.505739520663056
      vertex 2.206068545172343 0.5305790424601675 -5.006420622930442
    endloop
  endfacet
  facet normal 0.6695807158758448 -0.3214394653031619 0.6695807158758446
    outer loop
      vertex 2.206068545172343 0.5305790424601675 -5.006420622930442
      vertex 10.827285442666483 0.7845010363484339 -13.505739520663056
      vertex 2.2670175450531067 0.7845010363484339 -4.945471623049678
    endloop
  endfacet
  facet normal 0.6341847973991338 -0.4422886902190007 0.6341847973991339
    outer loop
      vertex 2.2670175450531067 0.7845010363484339 -4.945471623049678
      vertex 10.9950125343103 1.025 -13.505739520663056
      vertex 2.350881090875014 1.025 -4.861608077227771
    endloop
  endfacet
  facet normal 0.5879378012096793 -0.5555702330196022 0.5879378012096794
    outer loop
      vertex 2.350881090875014 1.025 -4.861608077227771
      vertex 10.9950125343103 1.025 -13.505739520663056
      vertex 2.456224254117684 1.2479609294678773 -4.756264913985101
    endloop
  endfacet
  facet normal 0.5316310262343739 -0.659345815100068 0.531631026234374
    outer loop
      vertex 2.456224254117684 1.2479609294678773 -4.756264913985101
      vertex 11.455739520663055 1.4495689014324225 -13.505739520663056
      vertex 2.5812445840513925 1.4495689014324225 -4.631244584051393
    endloop
  endfacet
  facet normal 0.4662278970042295 -0.7518398074789783 0.4662278970042295
    outer loop
      vertex 2.5812445840513925 1.4495689014324225 -4.631244584051393
      vertex 11.74085624889785 1.626374347597032 -13.505739520663056
      vertex 2.7238029481687898 1.626374347597032 -4.488686219933995
    endloop
  endfacet
  facet normal 0.3928474791935511 -0.8314696123025452 0.39284747919355106
    outer loop
      vertex 2.7238029481687898 1.626374347597032 -4.488686219933995
      vertex 12.056170619230633 1.775352077758099 -13.505739520663056
      vertex 2.8814601333351813 1.775352077758099 -4.331029034767604
    endloop
  endfacet
  facet normal 0.31274533209597183 -0.8968727415326885 0.3127453320959718
    outer loop
      vertex 2.8814601333351813 1.775352077758099 -4.331029034767604
      vertex 12.396287515363351 1.8939530416481376 -13.505739520663056
      vertex 3.0515185814015404 1.8939530416481376 -4.160970586701244
    endloop
  endfacet
  facet normal 0.2272920256568441 -0.9469301294951054 0.22729202565684412
    outer loop
      vertex 3.0515185814015404 1.8939530416481376 -4.160970586701244
      vertex 12.755387442904958 1.98014794389259 -13.505739520663056
      vertex 3.231068545172343 1.98014794389259 -3.981420622930442
    endloop
  endfacet
  facet normal 0.1379496896414707 -0.9807852804032307 0.13794968964147067
    outer loop
      vertex 3.231068545172343 1.98014794389259 -3.981420622930442
      vertex 13.127326102533901 2.032461965816311 -13.505739520663056
      vertex 3.417037874986815 2.032461965816311 -3.7954512931159696
    endloop
  endfacet
  facet normal 0.04624699618945472 -0.9978589232386035 0.04624699618945473
    outer loop
      vertex 3.417037874986815 2.032461965816311 -3.7954512931159696
      vertex 13.505739520663056 2.05 -13.505739520663056
      vertex 3.6062445840513924 2.05 -3.6062445840513924
    endloop
  endfacet
  facet normal -0.046246996189454735 -0.9978589232386035 -0.04624699618945473
    outer loop
      vertex 3.6062445840513924 2.05 -3.6062445840513924
      vertex 13.884152938792209 2.032461965816311 -13.505739520663056
      vertex 3.7954512931159696 2.032461965816311 -3.417037874986815
    endloop
  endfacet
  facet normal -0.1379496896414707 -0.9807852804032308 -0.13794968964147067
    outer loop
      vertex 3.7954512931159696 2.032461965816311 -3.417037874986815
      vertex 14.256091598421154 1.98014794389259 -13.505739520663056
      vertex 3.981420622930442 1.98014794389259 -3.231068545172343
    endloop
  endfacet
  facet normal -0.22729202565684412 -0.9469301294951055 -0.22729202565684414
    outer loop
      vertex 4.160970586701244 1.8939530416481376 -3.0515185814015404
      vertex 3.981420622930442 1.98014794389259 -3.231068545172343
      vertex 14.61519152596276 1.8939530416481376 -13.505739520663056
    endloop
  endfacet
  facet normal -0.3928474791935512 -0.8314696123025452 -0.39284747919355106
    outer loop
      vertex 4.488686219933995 1.626374347597032 -2.7238029481687898
      vertex 4.331029034767604 1.775352077758099 -2.8814601333351813
      vertex 15.27062279242826 1.626374347597032 -13.505739520663056
    endloop
  endfacet
  facet normal -0.3127453320959718 -0.8968727415326885 -0.31274533209597183
    outer loop
      vertex 4.160970586701244 1.8939530416481376 -3.0515185814015404
      vertex 14.95530842209548 1.775352077758099 -13.505739520663056
      vertex 4.331029034767604 1.775352077758099 -2.8814601333351813
    endloop
  endfacet
  facet normal -0.6341847973991338 -0.44228869021900075 -0.6341847973991339
    outer loop
      vertex 4.861608077227771 1.025 -2.350881090875014
      vertex 16.18419359865963 0.7845010363484339 -13.505739520663056
      vertex 4.945471623049678 0.7845010363484339 -2.2670175450531067
    endloop
  endfacet
  facet normal -0.5879378012096795 -0.5555702330196022 -0.5879378012096793
    outer loop
      vertex 4.861608077227771 1.025 -2.350881090875014
      vertex 4.756264913985101 1.2479609294678773 -2.456224254117684
      vertex 16.01646650701581 1.025 -13.505739520663056
    endloop
  endfacet
  facet normal -0.5316310262343737 -0.6593458151000678 -0.5316310262343737
    outer loop
      vertex 4.631244584051393 1.4495689014324225 -2.5812445840513925
      vertex 15.805780180530473 1.2479609294678773 -13.505739520663056
      vertex 4.756264913985101 1.2479609294678773 -2.456224254117684
    endloop
  endfacet
  facet normal -0.46622789700422956 -0.7518398074789784 -0.46622789700422956
    outer loop
      vertex 4.631244584051393 1.4495689014324225 -2.5812445840513925
      vertex 4.488686219933995 1.626374347597032 -2.7238029481687898
      vertex 15.555739520663057 1.4495689014324225 -13.505739520663056
    endloop
  endfacet
  facet normal -0.7055928112895231 -0.06540312923014167 -0.7055928112895233
    outer loop
      vertex 5.055813485483815 0 -2.15667568261897
      vertex 5.043412222583847 0.2675786940511057 -2.169076945518938
      vertex 16.404877323527902 0 -13.505739520663056
    endloop
  endfacet
  facet normal -0.6935199226610735 -0.19509032201612972 -0.6935199226610738
    outer loop
      vertex 5.043412222583847 0.2675786940511057 -2.169076945518938
      vertex 5.006420622930442 0.5305790424601675 -2.206068545172343
      vertex 16.380074797727968 0.2675786940511057 -13.505739520663056
    endloop
  endfacet
  facet normal -0.6695807158758446 -0.3214394653031619 -0.6695807158758448
    outer loop
      vertex 5.006420622930442 0.5305790424601675 -2.206068545172343
      vertex 4.945471623049678 0.7845010363484339 -2.2670175450531067
      vertex 16.30609159842116 0.5305790424601675 -13.505739520663056
    endloop
  endfacet
  facet normal 0.22729202565684256 -0.9469301294951061 0.22729202565684253
    outer loop
      vertex 3.0515185814015404 1.8939530416481376 -4.160970586701244
      vertex 12.396287515363351 1.8939530416481376 -13.505739520663056
      vertex 12.755387442904958 1.98014794389259 -13.505739520663056
    endloop
  endfacet
  facet normal 0.13794968964147086 -0.9807852804032307 0.13794968964147086
    outer loop
      vertex 3.231068545172343 1.98014794389259 -3.981420622930442
      vertex 12.755387442904958 1.98014794389259 -13.505739520663056
      vertex 13.127326102533901 2.032461965816311 -13.505739520663056
    endloop
  endfacet
  facet normal 0.046246996189454444 -0.9978589232386035 0.046246996189454444
    outer loop
      vertex 3.417037874986815 2.032461965816311 -3.7954512931159696
      vertex 13.127326102533901 2.032461965816311 -13.505739520663056
      vertex 13.505739520663056 2.05 -13.505739520663056
    endloop
  endfacet
  facet normal -0.04624699618945502 -0.9978589232386035 -0.04624699618945502
    outer loop
      vertex 3.6062445840513924 2.05 -3.6062445840513924
      vertex 13.505739520663056 2.05 -13.505739520663056
      vertex 13.884152938792209 2.032461965816311 -13.505739520663056
    endloop
  endfacet
  facet normal -0.13794968964147034 -0.9807852804032308 -0.13794968964147028
    outer loop
      vertex 3.7954512931159696 2.032461965816311 -3.417037874986815
      vertex 13.884152938792209 2.032461965816311 -13.505739520663056
      vertex 14.256091598421154 1.98014794389259 -13.505739520663056
    endloop
  endfacet
  facet normal -0.22729202565684267 -0.946930129495106 -0.22729202565684267
    outer loop
      vertex 3.981420622930442 1.98014794389259 -3.231068545172343
      vertex 14.256091598421154 1.98014794389259 -13.505739520663056
      vertex 14.61519152596276 1.8939530416481376 -13.505739520663056
    endloop
  endfacet
  facet normal -0.39284747919355484 -0.8314696123025416 -0.392847479193555
    outer loop
      vertex 4.331029034767604 1.775352077758099 -2.8814601333351813
      vertex 14.95530842209548 1.775352077758099 -13.505739520663056
      vertex 15.27062279242826 1.626374347597032 -13.505739520663056
    endloop
  endfacet
  facet normal -0.31274533209597083 -0.8968727415326891 -0.3127453320959709
    outer loop
      vertex 4.160970586701244 1.8939530416481376 -3.0515185814015404
      vertex 14.61519152596276 1.8939530416481376 -13.505739520663056
      vertex 14.95530842209548 1.775352077758099 -13.505739520663056
    endloop
  endfacet
  facet normal -0.6695807158758434 -0.3214394653031663 -0.6695807158758437
    outer loop
      vertex 4.945471623049678 0.7845010363484339 -2.2670175450531067
      vertex 16.18419359865963 0.7845010363484339 -13.505739520663056
      vertex 16.30609159842116 0.5305790424601675 -13.505739520663056
    endloop
  endfacet
  facet normal -0.6341847973991305 -0.44228869021901096 -0.6341847973991303
    outer loop
      vertex 4.861608077227771 1.025 -2.350881090875014
      vertex 16.01646650701581 1.025 -13.505739520663056
      vertex 16.18419359865963 0.7845010363484339 -13.505739520663056
    endloop
  endfacet
  facet normal -0.705592811289523 -0.06540312923014166 -0.7055928112895232
    outer loop
      vertex 5.043412222583847 0.2675786940511057 -2.169076945518938
      vertex 16.380074797727968 0.2675786940511057 -13.505739520663056
      vertex 16.404877323527902 0 -13.505739520663056
    endloop
  endfacet
  facet normal -0.6935199226610737 -0.19509032201612753 -0.6935199226610739
    outer loop
      vertex 5.006420622930442 0.5305790424601675 -2.206068545172343
      vertex 16.30609159842116 0.5305790424601675 -13.505739520663056
      vertex 16.380074797727968 0.2675786940511057 -13.505739520663056
    endloop
  endfacet
  facet normal -0.46622789700422784 -0.7518398074789804 -0.4662278970042277
    outer loop
      vertex 4.488686219933995 1.626374347597032 -2.7238029481687898
      vertex 15.27062279242826 1.626374347597032 -13.505739520663056
      vertex 15.555739520663057 1.4495689014324225 -13.505739520663056
    endloop
  endfacet
  facet normal -0.5316310262343741 -0.6593458151000676 -0.5316310262343741
    outer loop
      vertex 4.631244584051393 1.4495689014324225 -2.5812445840513925
      vertex 15.555739520663057 1.4495689014324225 -13.505739520663056
      vertex 15.805780180530473 1.2479609294678773 -13.505739520663056
    endloop
  endfacet
  facet normal -0.5879378012096824 -0.5555702330195957 -0.5879378012096824
    outer loop
      vertex 4.756264913985101 1.2479609294678773 -2.456224254117684
      vertex 15.805780180530473 1.2479609294678773 -13.505739520663056
      vertex 16.01646650701581 1.025 -13.505739520663056
    endloop
  endfacet
  facet normal 0.7071067811865476 -1.1767449810184543e-15 -0.7071067811865476
    outer loop
      vertex 2.15667568261897 0 -5.055813485483815
      vertex 2.169076945518938 0.2675786940511057 -5.043412222583847
      vertex 5.043412222583847 0.2675786940511057 -2.169076945518938
    endloop
  endfacet
  facet normal 0.7071067811865476 1.1924619673431454e-15 -0.7071067811865476
    outer loop
      vertex 2.169076945518938 0.2675786940511057 -5.043412222583847
      vertex 2.206068545172343 0.5305790424601675 -5.006420622930442
      vertex 5.006420622930442 0.5305790424601675 -2.206068545172343
    endloop
  endfacet
  facet normal 0.7071067811865475 -7.99950671523466e-19 -0.7071067811865475
    outer loop
      vertex 2.206068545172343 0.5305790424601675 -5.006420622930442
      vertex 2.2670175450531067 0.7845010363484339 -4.945471623049678
      vertex 4.945471623049678 0.7845010363484339 -2.2670175450531067
    endloop
  endfacet
  facet normal 0.7071067811865475 -1.3215110743194062e-15 -0.7071067811865476
    outer loop
      vertex 2.2670175450531067 0.7845010363484339 -4.945471623049678
      vertex 2.350881090875014 1.025 -4.861608077227771
      vertex 4.861608077227771 1.025 -2.350881090875014
    endloop
  endfacet
  facet normal 0.7071067811865476 1.3923785272751013e-15 -0.7071067811865476
    outer loop
      vertex 2.350881090875014 1.025 -4.861608077227771
      vertex 2.456224254117684 1.2479609294678773 -4.756264913985101
      vertex 4.756264913985101 1.2479609294678773 -2.456224254117684
    endloop
  endfacet
  facet normal 0.7071067811865475 -1.5123731445720806e-15 -0.7071067811865476
    outer loop
      vertex 2.456224254117684 1.2479609294678773 -4.756264913985101
      vertex 2.5812445840513925 1.4495689014324225 -4.631244584051393
      vertex 4.631244584051393 1.4495689014324225 -2.5812445840513925
    endloop
  endfacet
  facet normal 0.7071067811865476 1.833437133951588e-15 -0.7071067811865476
    outer loop
      vertex 2.5812445840513925 1.4495689014324225 -4.631244584051393
      vertex 2.7238029481687898 1.626374347597032 -4.488686219933995
      vertex 4.488686219933995 1.626374347597032 -2.7238029481687898
    endloop
  endfacet
  facet normal 0.7071067811865476 -2.1674416106129367e-15 -0.7071067811865476
    outer loop
      vertex 2.7238029481687898 1.626374347597032 -4.488686219933995
      vertex 2.8814601333351813 1.775352077758099 -4.331029034767604
      vertex 4.331029034767604 1.775352077758099 -2.8814601333351813
    endloop
  endfacet
  facet normal 0.7071067811865476 5.282867457433046e-15 -0.7071067811865476
    outer loop
      vertex 2.8814601333351813 1.775352077758099 -4.331029034767604
      vertex 3.0515185814015404 1.8939530416481376 -4.160970586701244
      vertex 4.160970586701244 1.8939530416481376 -3.0515185814015404
    endloop
  endfacet
  facet normal 0.7071067811865475 -3.66059942178562e-15 -0.7071067811865477
    outer loop
      vertex 3.0515185814015404 1.8939530416481376 -4.160970586701244
      vertex 3.231068545172343 1.98014794389259 -3.981420622930442
      vertex 3.981420622930442 1.98014794389259 -3.231068545172343
    endloop
  endfacet
  facet normal 0.7071067811865476 -2.3808324759907716e-16 -0.7071067811865476
    outer loop
      vertex 3.231068545172343 1.98014794389259 -3.981420622930442
      vertex 3.417037874986815 2.032461965816311 -3.7954512931159696
      vertex 3.7954512931159696 2.032461965816311 -3.417037874986815
    endloop
  endfacet
  facet normal 0.7071067811865476 1.426025932533762e-15 -0.7071067811865476
    outer loop
      vertex 2.169076945518938 0.2675786940511057 -5.043412222583847
      vertex 5.006420622930442 0.5305790424601675 -2.206068545172343
      vertex 5.043412222583847 0.2675786940511057 -2.169076945518938
    endloop
  endfacet
  facet normal 0.7071067811865475 -1.926181466655722e-16 -0.7071067811865475
    outer loop
      vertex 2.206068545172343 0.5305790424601675 -5.006420622930442
      vertex 4.945471623049678 0.7845010363484339 -2.2670175450531067
      vertex 5.006420622930442 0.5305790424601675 -2.206068545172343
    endloop
  endfacet
  facet normal 0.7071067811865476 -1.5671946872602396e-15 -0.7071067811865476
    outer loop
      vertex 2.2670175450531067 0.7845010363484339 -4.945471623049678
      vertex 4.861608077227771 1.025 -2.350881090875014
      vertex 4.945471623049678 0.7845010363484339 -2.2670175450531067
    endloop
  endfacet
  facet normal 0.7071067811865476 1.0011768049631533e-15 -0.7071067811865476
    outer loop
      vertex 2.350881090875014 1.025 -4.861608077227771
      vertex 4.756264913985101 1.2479609294678773 -2.456224254117684
      vertex 4.861608077227771 1.025 -2.350881090875014
    endloop
  endfacet
  facet normal 0.7071067811865475 -1.7741627836066239e-15 -0.7071067811865475
    outer loop
      vertex 2.15667568261897 0 -5.055813485483815
      vertex 5.043412222583847 0.2675786940511057 -2.169076945518938
      vertex 5.055813485483815 0 -2.15667568261897
    endloop
  endfacet
  facet normal 0.7071067811865476 -1.622432605765662e-15 -0.7071067811865476
    outer loop
      vertex 2.7238029481687898 1.626374347597032 -4.488686219933995
      vertex 4.331029034767604 1.775352077758099 -2.8814601333351813
      vertex 4.488686219933995 1.626374347597032 -2.7238029481687898
    endloop
  endfacet
  facet normal 0.7071067811865475 4.411406735359638e-16 -0.7071067811865475
    outer loop
      vertex 3.417037874986815 2.032461965816311 -3.7954512931159696
      vertex 3.6062445840513924 2.05 -3.6062445840513924
      vertex 3.7954512931159696 2.032461965816311 -3.417037874986815
    endloop
  endfacet
  facet normal 0.7071067811865475 -6.80899374065148e-17 -0.7071067811865475
    outer loop
      vertex 3.231068545172343 1.98014794389259 -3.981420622930442
      vertex 3.7954512931159696 2.032461965816311 -3.417037874986815
      vertex 3.981420622930442 1.98014794389259 -3.231068545172343
    endloop
  endfacet
  facet normal 0.7071067811865476 -3.3323700025051258e-15 -0.7071067811865476
    outer loop
      vertex 3.0515185814015404 1.8939530416481376 -4.160970586701244
      vertex 3.981420622930442 1.98014794389259 -3.231068545172343
      vertex 4.160970586701244 1.8939530416481376 -3.0515185814015404
    endloop
  endfacet
  facet normal 0.7071067811865476 5.59670201337124e-15 -0.7071067811865476
    outer loop
      vertex 2.8814601333351813 1.775352077758099 -4.331029034767604
      vertex 4.160970586701244 1.8939530416481376 -3.0515185814015404
      vertex 4.331029034767604 1.775352077758099 -2.8814601333351813
    endloop
  endfacet
  facet normal 0.7071067811865475 -1.3212270052492228e-15 -0.7071067811865475
    outer loop
      vertex 2.456224254117684 1.2479609294678773 -4.756264913985101
      vertex 4.631244584051393 1.4495689014324225 -2.5812445840513925
      vertex 4.756264913985101 1.2479609294678773 -2.456224254117684
    endloop
  endfacet
  facet normal 0.7071067811865476 1.424722731213617e-15 -0.7071067811865476
    outer loop
      vertex 2.5812445840513925 1.4495689014324225 -4.631244584051393
      vertex 4.488686219933995 1.626374347597032 -2.7238029481687898
      vertex 4.631244584051393 1.4495689014324225 -2.5812445840513925
    endloop
  endfacet
  facet normal 0.8968727415326878 0.31274533209597283 0.3127453320959728
    outer loop
      vertex -1.8939530416481376 3.0515185814015404 -4.160970586701244
      vertex -1.775352077758099 12.056170619230633 -13.505739520663056
      vertex -1.8939530416481376 12.396287515363351 -13.505739520663056
    endloop
  endfacet
  facet normal 0.7518398074789764 0.46622789700423095 0.46622789700423095
    outer loop
      vertex -1.626374347597032 2.7238029481687898 -4.488686219933995
      vertex -1.4495689014324225 11.455739520663055 -13.505739520663056
      vertex -1.626374347597032 11.74085624889785 -13.505739520663056
    endloop
  endfacet
  facet normal 0.6593458151000684 0.5316310262343736 0.5316310262343736
    outer loop
      vertex -1.4495689014324225 2.5812445840513925 -4.631244584051393
      vertex -1.2479609294678773 11.20569886079564 -13.505739520663056
      vertex -1.4495689014324225 11.455739520663055 -13.505739520663056
    endloop
  endfacet
  facet normal 0.8314696123025449 0.3928474791935515 0.39284747919355145
    outer loop
      vertex -1.775352077758099 2.8814601333351813 -4.331029034767604
      vertex -1.626374347597032 11.74085624889785 -13.505739520663056
      vertex -1.775352077758099 12.056170619230633 -13.505739520663056
    endloop
  endfacet
  facet normal 0.4422886902190112 0.6341847973991303 0.6341847973991301
    outer loop
      vertex -0.7845010363484339 2.2670175450531067 -4.945471623049678
      vertex -0.7845010363484339 10.827285442666483 -13.505739520663056
      vertex -1.025 10.9950125343103 -13.505739520663056
    endloop
  endfacet
  facet normal 0.321439465303166 0.669580715875844 0.6695807158758437
    outer loop
      vertex -0.5305790424601675 2.206068545172343 -5.006420622930442
      vertex -0.5305790424601675 10.705387442904954 -13.505739520663056
      vertex -0.7845010363484339 10.827285442666483 -13.505739520663056
    endloop
  endfacet
  facet normal 0.1950903220161211 0.6935199226610749 0.6935199226610748
    outer loop
      vertex -0.2675786940511057 2.169076945518938 -5.043412222583847
      vertex -0.2675786940511057 10.631404243598146 -13.505739520663056
      vertex -0.5305790424601675 10.705387442904954 -13.505739520663056
    endloop
  endfacet
  facet normal 0.06540312923013875 0.7055928112895234 0.7055928112895233
    outer loop
      vertex -0.2675786940511057 2.169076945518938 -5.043412222583847
      vertex 0 10.606601717798211 -13.505739520663056
      vertex -0.2675786940511057 10.631404243598146 -13.505739520663056
    endloop
  endfacet
  facet normal 0.5555702330196011 0.5879378012096799 0.5879378012096799
    outer loop
      vertex -1.025 2.350881090875014 -4.861608077227771
      vertex -1.025 10.9950125343103 -13.505739520663056
      vertex -1.2479609294678773 11.20569886079564 -13.505739520663056
    endloop
  endfacet
  facet normal 0.6593458151000678 0.5316310262343739 0.5316310262343739
    outer loop
      vertex -1.4495689014324225 2.5812445840513925 -4.631244584051393
      vertex -1.2479609294678773 2.456224254117684 -4.756264913985101
      vertex -1.2479609294678773 11.20569886079564 -13.505739520663056
    endloop
  endfacet
  facet normal 0.5555702330196022 0.5879378012096793 0.5879378012096794
    outer loop
      vertex -1.025 2.350881090875014 -4.861608077227771
      vertex -1.2479609294678773 11.20569886079564 -13.505739520663056
      vertex -1.2479609294678773 2.456224254117684 -4.756264913985101
    endloop
  endfacet
  facet normal 0.7518398074789783 0.4662278970042294 0.46622789700422945
    outer loop
      vertex -1.626374347597032 2.7238029481687898 -4.488686219933995
      vertex -1.4495689014324225 2.5812445840513925 -4.631244584051393
      vertex -1.4495689014324225 11.455739520663055 -13.505739520663056
    endloop
  endfacet
  facet normal 0.8314696123025452 0.3928474791935511 0.3928474791935511
    outer loop
      vertex -1.626374347597032 2.7238029481687898 -4.488686219933995
      vertex -1.626374347597032 11.74085624889785 -13.505739520663056
      vertex -1.775352077758099 2.8814601333351813 -4.331029034767604
    endloop
  endfacet
  facet normal 0.8968727415326885 0.3127453320959718 0.3127453320959717
    outer loop
      vertex -1.775352077758099 2.8814601333351813 -4.331029034767604
      vertex -1.775352077758099 12.056170619230633 -13.505739520663056
      vertex -1.8939530416481376 3.0515185814015404 -4.160970586701244
    endloop
  endfacet
  facet normal 0.9469301294951054 0.22729202565684414 0.22729202565684412
    outer loop
      vertex -1.8939530416481376 3.0515185814015404 -4.160970586701244
      vertex -1.8939530416481376 12.396287515363351 -13.505739520663056
      vertex -1.98014794389259 3.231068545172343 -3.981420622930442
    endloop
  endfacet
  facet normal 0.9807852804032307 0.1379496896414707 0.1379496896414707
    outer loop
      vertex -1.98014794389259 3.231068545172343 -3.981420622930442
      vertex -1.98014794389259 12.755387442904958 -13.505739520663056
      vertex -2.032461965816311 3.417037874986815 -3.7954512931159696
    endloop
  endfacet
  facet normal 0.4422886902190007 0.6341847973991338 0.6341847973991339
    outer loop
      vertex -0.7845010363484339 2.2670175450531067 -4.945471623049678
      vertex -1.025 10.9950125343103 -13.505739520663056
      vertex -1.025 2.350881090875014 -4.861608077227771
    endloop
  endfacet
  facet normal 0.321439465303162 0.6695807158758448 0.6695807158758446
    outer loop
      vertex -0.7845010363484339 2.2670175450531067 -4.945471623049678
      vertex -0.5305790424601675 2.206068545172343 -5.006420622930442
      vertex -0.7845010363484339 10.827285442666483 -13.505739520663056
    endloop
  endfacet
  facet normal 0.19509032201612966 0.6935199226610737 0.6935199226610733
    outer loop
      vertex -0.5305790424601675 2.206068545172343 -5.006420622930442
      vertex -0.2675786940511057 2.169076945518938 -5.043412222583847
      vertex -0.5305790424601675 10.705387442904954 -13.505739520663056
    endloop
  endfacet
  facet normal 0.06540312923014169 0.7055928112895233 0.7055928112895231
    outer loop
      vertex -0.2675786940511057 2.169076945518938 -5.043412222583847
      vertex 0 2.15667568261897 -5.055813485483815
      vertex 0 10.606601717798211 -13.505739520663056
    endloop
  endfacet
  facet normal 0.9978589232386035 -0.04624699618945473 -0.04624699618945473
    outer loop
      vertex -2.05 3.6062445840513924 -3.6062445840513924
      vertex -2.05 13.505739520663056 -13.505739520663056
      vertex -2.032461965816311 3.7954512931159696 -3.417037874986815
    endloop
  endfacet
  facet normal 0.9978589232386035 0.04624699618945472 0.04624699618945472
    outer loop
      vertex -2.032461965816311 3.417037874986815 -3.7954512931159696
      vertex -2.032461965816311 13.127326102533901 -13.505739520663056
      vertex -2.05 3.6062445840513924 -3.6062445840513924
    endloop
  endfacet
  facet normal 0.9807852804032307 -0.13794968964147072 -0.13794968964147067
    outer loop
      vertex -2.032461965816311 3.7954512931159696 -3.417037874986815
      vertex -2.032461965816311 13.884152938792209 -13.505739520663056
      vertex -1.98014794389259 3.981420622930442 -3.231068545172343
    endloop
  endfacet
  facet normal 0.9469301294951054 -0.22729202565684412 -0.22729202565684412
    outer loop
      vertex -1.98014794389259 3.981420622930442 -3.231068545172343
      vertex -1.98014794389259 14.256091598421154 -13.505739520663056
      vertex -1.8939530416481376 4.160970586701244 -3.0515185814015404
    endloop
  endfacet
  facet normal 0.8968727415326885 -0.3127453320959717 -0.3127453320959718
    outer loop
      vertex -1.8939530416481376 4.160970586701244 -3.0515185814015404
      vertex -1.8939530416481376 14.61519152596276 -13.505739520663056
      vertex -1.775352077758099 4.331029034767604 -2.8814601333351813
    endloop
  endfacet
  facet normal 0.8314696123025452 -0.392847479193551 -0.3928474791935512
    outer loop
      vertex -1.775352077758099 4.331029034767604 -2.8814601333351813
      vertex -1.775352077758099 14.95530842209548 -13.505739520663056
      vertex -1.626374347597032 4.488686219933995 -2.7238029481687898
    endloop
  endfacet
  facet normal 0.7518398074789783 -0.46622789700422956 -0.4662278970042294
    outer loop
      vertex -1.626374347597032 4.488686219933995 -2.7238029481687898
      vertex -1.626374347597032 15.27062279242826 -13.505739520663056
      vertex -1.4495689014324225 4.631244584051393 -2.5812445840513925
    endloop
  endfacet
  facet normal 0.6593458151000678 -0.5316310262343737 -0.5316310262343737
    outer loop
      vertex -1.4495689014324225 4.631244584051393 -2.5812445840513925
      vertex -1.4495689014324225 15.555739520663057 -13.505739520663056
      vertex -1.2479609294678773 4.756264913985101 -2.456224254117684
    endloop
  endfacet
  facet normal 0.5555702330196022 -0.5879378012096795 -0.5879378012096793
    outer loop
      vertex -1.2479609294678773 4.756264913985101 -2.456224254117684
      vertex -1.025 16.01646650701581 -13.505739520663056
      vertex -1.025 4.861608077227771 -2.350881090875014
    endloop
  endfacet
  facet normal 0.4422886902190007 -0.6341847973991338 -0.6341847973991339
    outer loop
      vertex -1.025 4.861608077227771 -2.350881090875014
      vertex -0.7845010363484339 16.18419359865963 -13.505739520663056
      vertex -0.7845010363484339 4.945471623049678 -2.2670175450531067
    endloop
  endfacet
  facet normal 0.3214394653031619 -0.6695807158758444 -0.6695807158758449
    outer loop
      vertex -0.7845010363484339 4.945471623049678 -2.2670175450531067
      vertex -0.5305790424601675 16.30609159842116 -13.505739520663056
      vertex -0.5305790424601675 5.006420622930442 -2.206068545172343
    endloop
  endfacet
  facet normal 0.19509032201612972 -0.6935199226610735 -0.6935199226610737
    outer loop
      vertex -0.5305790424601675 5.006420622930442 -2.206068545172343
      vertex -0.2675786940511057 16.380074797727968 -13.505739520663056
      vertex -0.2675786940511057 5.043412222583847 -2.169076945518938
    endloop
  endfacet
  facet normal 0.06540312923014167 -0.7055928112895231 -0.7055928112895233
    outer loop
      vertex -0.2675786940511057 5.043412222583847 -2.169076945518938
      vertex 0 16.404877323527902 -13.505739520663056
      vertex 0 5.055813485483815 -2.15667568261897
    endloop
  endfacet
  facet normal 0.9469301294951058 0.22729202565684306 0.22729202565684306
    outer loop
      vertex -1.98014794389259 3.231068545172343 -3.981420622930442
      vertex -1.8939530416481376 12.396287515363351 -13.505739520663056
      vertex -1.98014794389259 12.755387442904958 -13.505739520663056
    endloop
  endfacet
  facet normal 0.9807852804032303 0.1379496896414718 0.1379496896414718
    outer loop
      vertex -2.032461965816311 3.417037874986815 -3.7954512931159696
      vertex -1.98014794389259 12.755387442904958 -13.505739520663056
      vertex -2.032461965816311 13.127326102533901 -13.505739520663056
    endloop
  endfacet
  facet normal 0.9978589232386035 0.046246996189454645 0.046246996189454645
    outer loop
      vertex -2.05 3.6062445840513924 -3.6062445840513924
      vertex -2.032461965816311 13.127326102533901 -13.505739520663056
      vertex -2.05 13.505739520663056 -13.505739520663056
    endloop
  endfacet
  facet normal 0.9978589232386035 -0.04624699618945495 -0.046246996189454936
    outer loop
      vertex -2.032461965816311 3.7954512931159696 -3.417037874986815
      vertex -2.05 13.505739520663056 -13.505739520663056
      vertex -2.032461965816311 13.884152938792209 -13.505739520663056
    endloop
  endfacet
  facet normal 0.9807852804032308 -0.13794968964147047 -0.13794968964147047
    outer loop
      vertex -1.98014794389259 3.981420622930442 -3.231068545172343
      vertex -2.032461965816311 13.884152938792209 -13.505739520663056
      vertex -1.98014794389259 14.256091598421154 -13.505739520663056
    endloop
  endfacet
  facet normal 0.9469301294951059 -0.22729202565684312 -0.22729202565684314
    outer loop
      vertex -1.8939530416481376 4.160970586701244 -3.0515185814015404
      vertex -1.98014794389259 14.256091598421154 -13.505739520663056
      vertex -1.8939530416481376 14.61519152596276 -13.505739520663056
    endloop
  endfacet
  facet normal 0.8968727415326891 -0.31274533209597083 -0.31274533209597094
    outer loop
      vertex -1.775352077758099 4.331029034767604 -2.8814601333351813
      vertex -1.8939530416481376 14.61519152596276 -13.505739520663056
      vertex -1.775352077758099 14.95530842209548 -13.505739520663056
    endloop
  endfacet
  facet normal 0.8314696123025423 -0.39284747919355417 -0.39284747919355406
    outer loop
      vertex -1.626374347597032 4.488686219933995 -2.7238029481687898
      vertex -1.775352077758099 14.95530842209548 -13.505739520663056
      vertex -1.626374347597032 15.27062279242826 -13.505739520663056
    endloop
  endfacet
  facet normal 0.7518398074789806 -0.4662278970042277 -0.4662278970042277
    outer loop
      vertex -1.4495689014324225 4.631244584051393 -2.5812445840513925
      vertex -1.626374347597032 15.27062279242826 -13.505739520663056
      vertex -1.4495689014324225 15.555739520663057 -13.505739520663056
    endloop
  endfacet
  facet normal 0.6593458151000678 -0.5316310262343739 -0.5316310262343739
    outer loop
      vertex -1.2479609294678773 4.756264913985101 -2.456224254117684
      vertex -1.4495689014324225 15.555739520663057 -13.505739520663056
      vertex -1.2479609294678773 15.805780180530473 -13.505739520663056
    endloop
  endfacet
  facet normal 0.5555702330195953 -0.5879378012096825 -0.5879378012096825
    outer loop
      vertex -1.2479609294678773 4.756264913985101 -2.456224254117684
      vertex -1.2479609294678773 15.805780180530473 -13.505739520663056
      vertex -1.025 16.01646650701581 -13.505739520663056
    endloop
  endfacet
  facet normal 0.44228869021901174 -0.6341847973991301 -0.6341847973991299
    outer loop
      vertex -1.025 4.861608077227771 -2.350881090875014
      vertex -1.025 16.01646650701581 -13.505739520663056
      vertex -0.7845010363484339 16.18419359865963 -13.505739520663056
    endloop
  endfacet
  facet normal 0.3214394653031655 -0.6695807158758438 -0.669580715875844
    outer loop
      vertex -0.7845010363484339 4.945471623049678 -2.2670175450531067
      vertex -0.7845010363484339 16.18419359865963 -13.505739520663056
      vertex -0.5305790424601675 16.30609159842116 -13.505739520663056
    endloop
  endfacet
  facet normal 0.19509032201612728 -0.6935199226610738 -0.693519922661074
    outer loop
      vertex -0.5305790424601675 5.006420622930442 -2.206068545172343
      vertex -0.5305790424601675 16.30609159842116 -13.505739520663056
      vertex -0.2675786940511057 16.380074797727968 -13.505739520663056
    endloop
  endfacet
  facet normal 0.06540312923014316 -0.705592811289523 -0.7055928112895232
    outer loop
      vertex -0.2675786940511057 5.043412222583847 -2.169076945518938
      vertex -0.2675786940511057 16.380074797727968 -13.505739520663056
      vertex 0 16.404877323527902 -13.505739520663056
    endloop
  endfacet
  facet normal 8.156731153491882e-15 0.7071067811865488 -0.7071067811865461
    outer loop
      vertex -1.8939530416481376 3.0515185814015404 -4.160970586701244
      vertex -1.98014794389259 3.231068545172343 -3.981420622930442
      vertex -2.032461965816311 3.417037874986815 -3.7954512931159696
    endloop
  endfacet
  facet normal 2.1215337639378557e-15 0.7071067811865476 -0.7071067811865476
    outer loop
      vertex -1.626374347597032 2.7238029481687898 -4.488686219933995
      vertex -1.775352077758099 2.8814601333351813 -4.331029034767604
      vertex -1.775352077758099 4.331029034767604 -2.8814601333351813
    endloop
  endfacet
  facet normal -1.837376432542912e-15 0.7071067811865476 -0.7071067811865476
    outer loop
      vertex -1.626374347597032 2.7238029481687898 -4.488686219933995
      vertex -1.626374347597032 4.488686219933995 -2.7238029481687898
      vertex -1.4495689014324225 2.5812445840513925 -4.631244584051393
    endloop
  endfacet
  facet normal -1.3937825525994654e-15 0.7071067811865476 -0.7071067811865476
    outer loop
      vertex -1.025 2.350881090875014 -4.861608077227771
      vertex -1.2479609294678773 2.456224254117684 -4.756264913985101
      vertex -1.2479609294678773 4.756264913985101 -2.456224254117684
    endloop
  endfacet
  facet normal 1.576555301661366e-15 0.7071067811865475 -0.7071067811865475
    outer loop
      vertex -1.4495689014324225 2.5812445840513925 -4.631244584051393
      vertex -1.4495689014324225 4.631244584051393 -2.5812445840513925
      vertex -1.2479609294678773 2.456224254117684 -4.756264913985101
    endloop
  endfacet
  facet normal 1.3168049631665659e-15 0.7071067811865476 -0.7071067811865475
    outer loop
      vertex -0.7845010363484339 2.2670175450531067 -4.945471623049678
      vertex -1.025 2.350881090875014 -4.861608077227771
      vertex -1.025 4.861608077227771 -2.350881090875014
    endloop
  endfacet
  facet normal -1.0175051706965178e-17 0.7071067811865475 -0.7071067811865475
    outer loop
      vertex -0.7845010363484339 2.2670175450531067 -4.945471623049678
      vertex -0.7845010363484339 4.945471623049678 -2.2670175450531067
      vertex -0.5305790424601675 2.206068545172343 -5.006420622930442
    endloop
  endfacet
  facet normal -1.19997927769178e-15 0.7071067811865476 -0.7071067811865476
    outer loop
      vertex -0.5305790424601675 2.206068545172343 -5.006420622930442
      vertex -0.5305790424601675 5.006420622930442 -2.206068545172343
      vertex -0.2675786940511057 2.169076945518938 -5.043412222583847
    endloop
  endfacet
  facet normal 1.1721445242129276e-15 0.7071067811865476 -0.7071067811865476
    outer loop
      vertex -0.2675786940511057 2.169076945518938 -5.043412222583847
      vertex -0.2675786940511057 5.043412222583847 -2.169076945518938
      vertex 0 2.15667568261897 -5.055813485483815
    endloop
  endfacet
  facet normal 3.204105945725168e-15 0.7071067811865476 -0.7071067811865475
    outer loop
      vertex -1.8939530416481376 3.0515185814015404 -4.160970586701244
      vertex -2.032461965816311 3.417037874986815 -3.7954512931159696
      vertex -2.05 3.6062445840513924 -3.6062445840513924
    endloop
  endfacet
  facet normal 1.6716652388354946e-15 0.7071067811865475 -0.7071067811865476
    outer loop
      vertex -1.8939530416481376 3.0515185814015404 -4.160970586701244
      vertex -2.05 3.6062445840513924 -3.6062445840513924
      vertex -2.032461965816311 3.7954512931159696 -3.417037874986815
    endloop
  endfacet
  facet normal -5.232944199011702e-15 0.7071067811865476 -0.7071067811865476
    outer loop
      vertex -1.775352077758099 2.8814601333351813 -4.331029034767604
      vertex -1.8939530416481376 3.0515185814015404 -4.160970586701244
      vertex -1.8939530416481376 4.160970586701244 -3.0515185814015404
    endloop
  endfacet
  facet normal 5.94848601494556e-16 0.7071067811865475 -0.7071067811865477
    outer loop
      vertex -1.8939530416481376 3.0515185814015404 -4.160970586701244
      vertex -2.032461965816311 3.7954512931159696 -3.417037874986815
      vertex -1.98014794389259 3.981420622930442 -3.231068545172343
    endloop
  endfacet
  facet normal 3.594463854822625e-15 0.7071067811865476 -0.7071067811865476
    outer loop
      vertex -1.8939530416481376 3.0515185814015404 -4.160970586701244
      vertex -1.98014794389259 3.981420622930442 -3.231068545172343
      vertex -1.8939530416481376 4.160970586701244 -3.0515185814015404
    endloop
  endfacet
  facet normal -5.178283198548356e-15 0.7071067811865476 -0.7071067811865476
    outer loop
      vertex -1.775352077758099 2.8814601333351813 -4.331029034767604
      vertex -1.8939530416481376 4.160970586701244 -3.0515185814015404
      vertex -1.775352077758099 4.331029034767604 -2.8814601333351813
    endloop
  endfacet
  facet normal 1.6797013303349024e-15 0.7071067811865476 -0.7071067811865476
    outer loop
      vertex -1.626374347597032 2.7238029481687898 -4.488686219933995
      vertex -1.775352077758099 4.331029034767604 -2.8814601333351813
      vertex -1.626374347597032 4.488686219933995 -2.7238029481687898
    endloop
  endfacet
  facet normal -2.0840944988426877e-15 0.7071067811865476 -0.7071067811865476
    outer loop
      vertex -1.4495689014324225 2.5812445840513925 -4.631244584051393
      vertex -1.626374347597032 4.488686219933995 -2.7238029481687898
      vertex -1.4495689014324225 4.631244584051393 -2.5812445840513925
    endloop
  endfacet
  facet normal 1.5907274027586815e-15 0.7071067811865475 -0.7071067811865475
    outer loop
      vertex -1.2479609294678773 2.456224254117684 -4.756264913985101
      vertex -1.4495689014324225 4.631244584051393 -2.5812445840513925
      vertex -1.2479609294678773 4.756264913985101 -2.456224254117684
    endloop
  endfacet
  facet normal -1.5291318941566435e-15 0.7071067811865476 -0.7071067811865476
    outer loop
      vertex -1.025 2.350881090875014 -4.861608077227771
      vertex -1.2479609294678773 4.756264913985101 -2.456224254117684
      vertex -1.025 4.861608077227771 -2.350881090875014
    endloop
  endfacet
  facet normal 1.6884256537442213e-15 0.7071067811865476 -0.7071067811865476
    outer loop
      vertex -0.7845010363484339 2.2670175450531067 -4.945471623049678
      vertex -1.025 4.861608077227771 -2.350881090875014
      vertex -0.7845010363484339 4.945471623049678 -2.2670175450531067
    endloop
  endfacet
  facet normal -1.926181466655722e-16 0.7071067811865475 -0.7071067811865475
    outer loop
      vertex -0.5305790424601675 2.206068545172343 -5.006420622930442
      vertex -0.7845010363484339 4.945471623049678 -2.2670175450531067
      vertex -0.5305790424601675 5.006420622930442 -2.206068545172343
    endloop
  endfacet
  facet normal -1.4295399485325402e-15 0.7071067811865476 -0.7071067811865476
    outer loop
      vertex -0.2675786940511057 2.169076945518938 -5.043412222583847
      vertex -0.5305790424601675 5.006420622930442 -2.206068545172343
      vertex -0.2675786940511057 5.043412222583847 -2.169076945518938
    endloop
  endfacet
  facet normal 1.1716977302699844e-15 0.7071067811865476 -0.7071067811865475
    outer loop
      vertex -0.2675786940511057 5.043412222583847 -2.169076945518938
      vertex 0 5.055813485483815 -2.15667568261897
      vertex 0 2.15667568261897 -5.055813485483815
    endloop
  endfacet
  facet normal -0.06540312923014246 0.7055928112895232 0.7055928112895231
    outer loop
      vertex 0.2675786940511057 2.169076945518938 -5.043412222583847
      vertex 0.2675786940511057 10.631404243598146 -13.505739520663056
      vertex 0 10.606601717798211 -13.505739520663056
    endloop
  endfacet
  facet normal -0.19509032201612075 0.6935199226610749 0.6935199226610747
    outer loop
      vertex 0.5305790424601675 2.206068545172343 -5.006420622930442
      vertex 0.5305790424601675 10.705387442904954 -13.505739520663056
      vertex 0.2675786940511057 10.631404243598146 -13.505739520663056
    endloop
  endfacet
  facet normal -0.3214394653031649 0.6695807158758441 0.6695807158758438
    outer loop
      vertex 0.7845010363484339 2.2670175450531067 -4.945471623049678
      vertex 0.7845010363484339 10.827285442666483 -13.505739520663056
      vertex 0.5305790424601675 10.705387442904954 -13.505739520663056
    endloop
  endfacet
  facet normal -0.4422886902190068 0.6341847973991316 0.6341847973991317
    outer loop
      vertex 1.025 2.350881090875014 -4.861608077227771
      vertex 1.025 10.9950125343103 -13.505739520663056
      vertex 0.7845010363484339 10.827285442666483 -13.505739520663056
    endloop
  endfacet
  facet normal -0.5555702330195988 0.587937801209681 0.587937801209681
    outer loop
      vertex 1.2479609294678773 2.456224254117684 -4.756264913985101
      vertex 1.2479609294678773 11.20569886079564 -13.505739520663056
      vertex 1.025 10.9950125343103 -13.505739520663056
    endloop
  endfacet
  facet normal -0.6593458151000676 0.5316310262343741 0.5316310262343741
    outer loop
      vertex 1.4495689014324225 2.5812445840513925 -4.631244584051393
      vertex 1.4495689014324225 11.455739520663055 -13.505739520663056
      vertex 1.2479609294678773 11.20569886079564 -13.505739520663056
    endloop
  endfacet
  facet normal -0.7518398074789762 0.46622789700423123 0.46622789700423123
    outer loop
      vertex 1.626374347597032 2.7238029481687898 -4.488686219933995
      vertex 1.626374347597032 11.74085624889785 -13.505739520663056
      vertex 1.4495689014324225 11.455739520663055 -13.505739520663056
    endloop
  endfacet
  facet normal -0.8314696123025449 0.3928474791935515 0.39284747919355145
    outer loop
      vertex 1.775352077758099 2.8814601333351813 -4.331029034767604
      vertex 1.775352077758099 12.056170619230633 -13.505739520663056
      vertex 1.626374347597032 11.74085624889785 -13.505739520663056
    endloop
  endfacet
  facet normal -0.8968727415326878 0.3127453320959729 0.31274533209597283
    outer loop
      vertex 1.8939530416481376 3.0515185814015404 -4.160970586701244
      vertex 1.8939530416481376 12.396287515363351 -13.505739520663056
      vertex 1.775352077758099 12.056170619230633 -13.505739520663056
    endloop
  endfacet
  facet normal -0.06540312923014167 0.7055928112895232 0.7055928112895232
    outer loop
      vertex 0 2.15667568261897 -5.055813485483815
      vertex 0.2675786940511057 2.169076945518938 -5.043412222583847
      vertex 0 10.606601717798211 -13.505739520663056
    endloop
  endfacet
  facet normal -0.1950903220161297 0.6935199226610737 0.6935199226610734
    outer loop
      vertex 0.2675786940511057 2.169076945518938 -5.043412222583847
      vertex 0.5305790424601675 2.206068545172343 -5.006420622930442
      vertex 0.2675786940511057 10.631404243598146 -13.505739520663056
    endloop
  endfacet
  facet normal -0.3214394653031619 0.6695807158758448 0.6695807158758446
    outer loop
      vertex 0.5305790424601675 2.206068545172343 -5.006420622930442
      vertex 0.7845010363484339 2.2670175450531067 -4.945471623049678
      vertex 0.5305790424601675 10.705387442904954 -13.505739520663056
    endloop
  endfacet
  facet normal -0.4422886902190007 0.6341847973991339 0.6341847973991338
    outer loop
      vertex 0.7845010363484339 2.2670175450531067 -4.945471623049678
      vertex 1.025 2.350881090875014 -4.861608077227771
      vertex 0.7845010363484339 10.827285442666483 -13.505739520663056
    endloop
  endfacet
  facet normal -0.5555702330196022 0.5879378012096793 0.5879378012096794
    outer loop
      vertex 1.025 2.350881090875014 -4.861608077227771
      vertex 1.2479609294678773 2.456224254117684 -4.756264913985101
      vertex 1.025 10.9950125343103 -13.505739520663056
    endloop
  endfacet
  facet normal -0.659345815100068 0.5316310262343739 0.5316310262343739
    outer loop
      vertex 1.2479609294678773 2.456224254117684 -4.756264913985101
      vertex 1.4495689014324225 2.5812445840513925 -4.631244584051393
      vertex 1.2479609294678773 11.20569886079564 -13.505739520663056
    endloop
  endfacet
  facet normal -0.7518398074789783 0.46622789700422945 0.46622789700422945
    outer loop
      vertex 1.4495689014324225 2.5812445840513925 -4.631244584051393
      vertex 1.626374347597032 2.7238029481687898 -4.488686219933995
      vertex 1.4495689014324225 11.455739520663055 -13.505739520663056
    endloop
  endfacet
  facet normal -0.8314696123025452 0.3928474791935511 0.3928474791935511
    outer loop
      vertex 1.626374347597032 2.7238029481687898 -4.488686219933995
      vertex 1.775352077758099 2.8814601333351813 -4.331029034767604
      vertex 1.626374347597032 11.74085624889785 -13.505739520663056
    endloop
  endfacet
  facet normal -0.8968727415326885 0.3127453320959718 0.3127453320959717
    outer loop
      vertex 1.775352077758099 2.8814601333351813 -4.331029034767604
      vertex 1.8939530416481376 3.0515185814015404 -4.160970586701244
      vertex 1.775352077758099 12.056170619230633 -13.505739520663056
    endloop
  endfacet
  facet normal -0.9469301294951054 0.22729202565684414 0.22729202565684412
    outer loop
      vertex 1.8939530416481376 3.0515185814015404 -4.160970586701244
      vertex 1.98014794389259 3.231068545172343 -3.981420622930442
      vertex 1.8939530416481376 12.396287515363351 -13.505739520663056
    endloop
  endfacet
  facet normal -0.9807852804032307 0.1379496896414707 0.1379496896414707
    outer loop
      vertex 1.98014794389259 3.231068545172343 -3.981420622930442
      vertex 2.032461965816311 3.417037874986815 -3.7954512931159696
      vertex 1.98014794389259 12.755387442904958 -13.505739520663056
    endloop
  endfacet
  facet normal -0.9978589232386035 0.04624699618945472 0.04624699618945472
    outer loop
      vertex 2.032461965816311 3.417037874986815 -3.7954512931159696
      vertex 2.05 3.6062445840513924 -3.6062445840513924
      vertex 2.032461965816311 13.127326102533901 -13.505739520663056
    endloop
  endfacet
  facet normal -0.9978589232386035 -0.04624699618945473 -0.04624699618945473
    outer loop
      vertex 2.05 3.6062445840513924 -3.6062445840513924
      vertex 2.032461965816311 3.7954512931159696 -3.417037874986815
      vertex 2.05 13.505739520663056 -13.505739520663056
    endloop
  endfacet
  facet normal -0.44228869021900064 -0.6341847973991338 -0.6341847973991338
    outer loop
      vertex 0.7845010363484339 4.945471623049678 -2.2670175450531067
      vertex 1.025 16.01646650701581 -13.505739520663056
      vertex 1.025 4.861608077227771 -2.350881090875014
    endloop
  endfacet
  facet normal -0.9807852804032307 -0.13794968964147072 -0.13794968964147067
    outer loop
      vertex 2.032461965816311 3.7954512931159696 -3.417037874986815
      vertex 1.98014794389259 3.981420622930442 -3.231068545172343
      vertex 2.032461965816311 13.884152938792209 -13.505739520663056
    endloop
  endfacet
  facet normal -0.9469301294951054 -0.22729202565684412 -0.2272920256568441
    outer loop
      vertex 1.8939530416481376 4.160970586701244 -3.0515185814015404
      vertex 1.98014794389259 14.256091598421154 -13.505739520663056
      vertex 1.98014794389259 3.981420622930442 -3.231068545172343
    endloop
  endfacet
  facet normal -0.8314696123025452 -0.39284747919355106 -0.39284747919355106
    outer loop
      vertex 1.626374347597032 4.488686219933995 -2.7238029481687898
      vertex 1.775352077758099 14.95530842209548 -13.505739520663056
      vertex 1.775352077758099 4.331029034767604 -2.8814601333351813
    endloop
  endfacet
  facet normal -0.7518398074789783 -0.46622789700422956 -0.46622789700422945
    outer loop
      vertex 1.4495689014324225 4.631244584051393 -2.5812445840513925
      vertex 1.626374347597032 15.27062279242826 -13.505739520663056
      vertex 1.626374347597032 4.488686219933995 -2.7238029481687898
    endloop
  endfacet
  facet normal -0.8968727415326884 -0.3127453320959718 -0.31274533209597183
    outer loop
      vertex 1.8939530416481376 4.160970586701244 -3.0515185814015404
      vertex 1.775352077758099 4.331029034767604 -2.8814601333351813
      vertex 1.8939530416481376 14.61519152596276 -13.505739520663056
    endloop
  endfacet
  facet normal -0.659345815100068 -0.5316310262343739 -0.5316310262343739
    outer loop
      vertex 1.4495689014324225 4.631244584051393 -2.5812445840513925
      vertex 1.2479609294678773 4.756264913985101 -2.456224254117684
      vertex 1.4495689014324225 15.555739520663057 -13.505739520663056
    endloop
  endfacet
  facet normal -0.5555702330196022 -0.5879378012096793 -0.5879378012096793
    outer loop
      vertex 1.025 4.861608077227771 -2.350881090875014
      vertex 1.2479609294678773 15.805780180530473 -13.505739520663056
      vertex 1.2479609294678773 4.756264913985101 -2.456224254117684
    endloop
  endfacet
  facet normal -0.06540312923014167 -0.705592811289523 -0.7055928112895232
    outer loop
      vertex 0 5.055813485483815 -2.15667568261897
      vertex 0.2675786940511057 16.380074797727968 -13.505739520663056
      vertex 0.2675786940511057 5.043412222583847 -2.169076945518938
    endloop
  endfacet
  facet normal -0.1950903220161297 -0.6935199226610734 -0.6935199226610737
    outer loop
      vertex 0.2675786940511057 5.043412222583847 -2.169076945518938
      vertex 0.5305790424601675 16.30609159842116 -13.505739520663056
      vertex 0.5305790424601675 5.006420622930442 -2.206068545172343
    endloop
  endfacet
  facet normal -0.321439465303162 -0.6695807158758447 -0.6695807158758447
    outer loop
      vertex 0.5305790424601675 5.006420622930442 -2.206068545172343
      vertex 0.7845010363484339 16.18419359865963 -13.505739520663056
      vertex 0.7845010363484339 4.945471623049678 -2.2670175450531067
    endloop
  endfacet
  facet normal -0.9469301294951061 0.22729202565684242 0.22729202565684242
    outer loop
      vertex 1.98014794389259 3.231068545172343 -3.981420622930442
      vertex 1.98014794389259 12.755387442904958 -13.505739520663056
      vertex 1.8939530416481376 12.396287515363351 -13.505739520663056
    endloop
  endfacet
  facet normal -0.9807852804032305 0.13794968964147156 0.13794968964147156
    outer loop
      vertex 2.032461965816311 3.417037874986815 -3.7954512931159696
      vertex 2.032461965816311 13.127326102533901 -13.505739520663056
      vertex 1.98014794389259 12.755387442904958 -13.505739520663056
    endloop
  endfacet
  facet normal -0.9978589232386035 -0.04624699618945492 -0.04624699618945491
    outer loop
      vertex 2.032461965816311 3.7954512931159696 -3.417037874986815
      vertex 2.032461965816311 13.884152938792209 -13.505739520663056
      vertex 2.05 13.505739520663056 -13.505739520663056
    endloop
  endfacet
  facet normal -0.9978589232386035 0.0462469961894547 0.0462469961894547
    outer loop
      vertex 2.05 3.6062445840513924 -3.6062445840513924
      vertex 2.05 13.505739520663056 -13.505739520663056
      vertex 2.032461965816311 13.127326102533901 -13.505739520663056
    endloop
  endfacet
  facet normal -0.8314696123025425 -0.3928474791935541 -0.392847479193554
    outer loop
      vertex 1.626374347597032 4.488686219933995 -2.7238029481687898
      vertex 1.626374347597032 15.27062279242826 -13.505739520663056
      vertex 1.775352077758099 14.95530842209548 -13.505739520663056
    endloop
  endfacet
  facet normal -0.9807852804032308 -0.1379496896414704 -0.1379496896414704
    outer loop
      vertex 1.98014794389259 3.981420622930442 -3.231068545172343
      vertex 1.98014794389259 14.256091598421154 -13.505739520663056
      vertex 2.032461965816311 13.884152938792209 -13.505739520663056
    endloop
  endfacet
  facet normal -0.9469301294951059 -0.22729202565684295 -0.22729202565684298
    outer loop
      vertex 1.8939530416481376 4.160970586701244 -3.0515185814015404
      vertex 1.8939530416481376 14.61519152596276 -13.505739520663056
      vertex 1.98014794389259 14.256091598421154 -13.505739520663056
    endloop
  endfacet
  facet normal -0.8968727415326886 -0.31274533209597155 -0.31274533209597166
    outer loop
      vertex 1.775352077758099 4.331029034767604 -2.8814601333351813
      vertex 1.775352077758099 14.95530842209548 -13.505739520663056
      vertex 1.8939530416481376 14.61519152596276 -13.505739520663056
    endloop
  endfacet
  facet normal -0.5555702330195971 -0.587937801209682 -0.5879378012096818
    outer loop
      vertex 1.025 4.861608077227771 -2.350881090875014
      vertex 1.025 16.01646650701581 -13.505739520663056
      vertex 1.2479609294678773 15.805780180530473 -13.505739520663056
    endloop
  endfacet
  facet normal -0.44228869021901 -0.6341847973991305 -0.6341847973991306
    outer loop
      vertex 0.7845010363484339 4.945471623049678 -2.2670175450531067
      vertex 0.7845010363484339 16.18419359865963 -13.505739520663056
      vertex 1.025 16.01646650701581 -13.505739520663056
    endloop
  endfacet
  facet normal -0.06540312923014045 -0.7055928112895232 -0.7055928112895234
    outer loop
      vertex 0 5.055813485483815 -2.15667568261897
      vertex 0 16.404877323527902 -13.505739520663056
      vertex 0.2675786940511057 16.380074797727968 -13.505739520663056
    endloop
  endfacet
  facet normal -0.19509032201612547 -0.693519922661074 -0.6935199226610742
    outer loop
      vertex 0.2675786940511057 5.043412222583847 -2.169076945518938
      vertex 0.2675786940511057 16.380074797727968 -13.505739520663056
      vertex 0.5305790424601675 16.30609159842116 -13.505739520663056
    endloop
  endfacet
  facet normal -0.3214394653031659 -0.6695807158758436 -0.6695807158758438
    outer loop
      vertex 0.5305790424601675 5.006420622930442 -2.206068545172343
      vertex 0.5305790424601675 16.30609159842116 -13.505739520663056
      vertex 0.7845010363484339 16.18419359865963 -13.505739520663056
    endloop
  endfacet
  facet normal -0.6593458151000676 -0.5316310262343739 -0.5316310262343739
    outer loop
      vertex 1.2479609294678773 4.756264913985101 -2.456224254117684
      vertex 1.2479609294678773 15.805780180530473 -13.505739520663056
      vertex 1.4495689014324225 15.555739520663057 -13.505739520663056
    endloop
  endfacet
  facet normal -0.7518398074789805 -0.4662278970042278 -0.4662278970042278
    outer loop
      vertex 1.4495689014324225 4.631244584051393 -2.5812445840513925
      vertex 1.4495689014324225 15.555739520663057 -13.505739520663056
      vertex 1.626374347597032 15.27062279242826 -13.505739520663056
    endloop
  endfacet
  facet normal -1.1767449810184543e-15 0.7071067811865476 -0.7071067811865476
    outer loop
      vertex 0 2.15667568261897 -5.055813485483815
      vertex 0.2675786940511057 5.043412222583847 -2.169076945518938
      vertex 0.2675786940511057 2.169076945518938 -5.043412222583847
    endloop
  endfacet
  facet normal 1.1924619673431454e-15 0.7071067811865476 -0.7071067811865476
    outer loop
      vertex 0.2675786940511057 2.169076945518938 -5.043412222583847
      vertex 0.5305790424601675 5.006420622930442 -2.206068545172343
      vertex 0.5305790424601675 2.206068545172343 -5.006420622930442
    endloop
  endfacet
  facet normal -7.99950671523466e-19 0.7071067811865475 -0.7071067811865475
    outer loop
      vertex 0.5305790424601675 2.206068545172343 -5.006420622930442
      vertex 0.7845010363484339 4.945471623049678 -2.2670175450531067
      vertex 0.7845010363484339 2.2670175450531067 -4.945471623049678
    endloop
  endfacet
  facet normal -1.3215110743194062e-15 0.7071067811865475 -0.7071067811865476
    outer loop
      vertex 0.7845010363484339 2.2670175450531067 -4.945471623049678
      vertex 1.025 4.861608077227771 -2.350881090875014
      vertex 1.025 2.350881090875014 -4.861608077227771
    endloop
  endfacet
  facet normal 1.3923785272751013e-15 0.7071067811865476 -0.7071067811865476
    outer loop
      vertex 1.025 2.350881090875014 -4.861608077227771
      vertex 1.2479609294678773 4.756264913985101 -2.456224254117684
      vertex 1.2479609294678773 2.456224254117684 -4.756264913985101
    endloop
  endfacet
  facet normal -1.5123731445720806e-15 0.7071067811865475 -0.7071067811865476
    outer loop
      vertex 1.2479609294678773 2.456224254117684 -4.756264913985101
      vertex 1.4495689014324225 4.631244584051393 -2.5812445840513925
      vertex 1.4495689014324225 2.5812445840513925 -4.631244584051393
    endloop
  endfacet
  facet normal 1.833437133951588e-15 0.7071067811865476 -0.7071067811865476
    outer loop
      vertex 1.4495689014324225 2.5812445840513925 -4.631244584051393
      vertex 1.626374347597032 4.488686219933995 -2.7238029481687898
      vertex 1.626374347597032 2.7238029481687898 -4.488686219933995
    endloop
  endfacet
  facet normal -2.1674416106129367e-15 0.7071067811865476 -0.7071067811865476
    outer loop
      vertex 1.626374347597032 2.7238029481687898 -4.488686219933995
      vertex 1.775352077758099 4.331029034767604 -2.8814601333351813
      vertex 1.775352077758099 2.8814601333351813 -4.331029034767604
    endloop
  endfacet
  facet normal -9.514333904345213e-15 0.7071067811865487 -0.7071067811865462
    outer loop
      vertex 1.8939530416481376 3.0515185814015404 -4.160970586701244
      vertex 2.032461965816311 3.417037874986815 -3.7954512931159696
      vertex 1.98014794389259 3.231068545172343 -3.981420622930442
    endloop
  endfacet
  facet normal 1.426025932533762e-15 0.7071067811865476 -0.7071067811865476
    outer loop
      vertex 0.2675786940511057 2.169076945518938 -5.043412222583847
      vertex 0.2675786940511057 5.043412222583847 -2.169076945518938
      vertex 0.5305790424601675 5.006420622930442 -2.206068545172343
    endloop
  endfacet
  facet normal -1.7741627836066239e-15 0.7071067811865475 -0.7071067811865475
    outer loop
      vertex 0 2.15667568261897 -5.055813485483815
      vertex 0 5.055813485483815 -2.15667568261897
      vertex 0.2675786940511057 5.043412222583847 -2.169076945518938
    endloop
  endfacet
  facet normal -1.926181466655722e-16 0.7071067811865475 -0.7071067811865475
    outer loop
      vertex 0.5305790424601675 2.206068545172343 -5.006420622930442
      vertex 0.5305790424601675 5.006420622930442 -2.206068545172343
      vertex 0.7845010363484339 4.945471623049678 -2.2670175450531067
    endloop
  endfacet
  facet normal -1.5671946872602396e-15 0.7071067811865476 -0.7071067811865476
    outer loop
      vertex 0.7845010363484339 2.2670175450531067 -4.945471623049678
      vertex 0.7845010363484339 4.945471623049678 -2.2670175450531067
      vertex 1.025 4.861608077227771 -2.350881090875014
    endloop
  endfacet
  facet normal 1.0011768049631533e-15 0.7071067811865476 -0.7071067811865476
    outer loop
      vertex 1.025 2.350881090875014 -4.861608077227771
      vertex 1.025 4.861608077227771 -2.350881090875014
      vertex 1.2479609294678773 4.756264913985101 -2.456224254117684
    endloop
  endfacet
  facet normal 5.282867457433046e-15 0.7071067811865476 -0.7071067811865476
    outer loop
      vertex 1.775352077758099 2.8814601333351813 -4.331029034767604
      vertex 1.8939530416481376 4.160970586701244 -3.0515185814015404
      vertex 1.8939530416481376 3.0515185814015404 -4.160970586701244
    endloop
  endfacet
  facet normal -2.7713897871461646e-15 0.7071067811865476 -0.7071067811865475
    outer loop
      vertex 1.8939530416481376 3.0515185814015404 -4.160970586701244
      vertex 2.05 3.6062445840513924 -3.6062445840513924
      vertex 2.032461965816311 3.417037874986815 -3.7954512931159696
    endloop
  endfacet
  facet normal -1.8418431056981476e-15 0.7071067811865476 -0.7071067811865476
    outer loop
      vertex 1.8939530416481376 3.0515185814015404 -4.160970586701244
      vertex 2.032461965816311 3.7954512931159696 -3.417037874986815
      vertex 2.05 3.6062445840513924 -3.6062445840513924
    endloop
  endfacet
  facet normal -1.622432605765662e-15 0.7071067811865476 -0.7071067811865476
    outer loop
      vertex 1.626374347597032 2.7238029481687898 -4.488686219933995
      vertex 1.626374347597032 4.488686219933995 -2.7238029481687898
      vertex 1.775352077758099 4.331029034767604 -2.8814601333351813
    endloop
  endfacet
  facet normal -3.0807265731503333e-16 0.7071067811865475 -0.7071067811865476
    outer loop
      vertex 1.8939530416481376 3.0515185814015404 -4.160970586701244
      vertex 1.98014794389259 3.981420622930442 -3.231068545172343
      vertex 2.032461965816311 3.7954512931159696 -3.417037874986815
    endloop
  endfacet
  facet normal -3.3323700025051258e-15 0.7071067811865476 -0.7071067811865476
    outer loop
      vertex 1.8939530416481376 3.0515185814015404 -4.160970586701244
      vertex 1.8939530416481376 4.160970586701244 -3.0515185814015404
      vertex 1.98014794389259 3.981420622930442 -3.231068545172343
    endloop
  endfacet
  facet normal 5.59670201337124e-15 0.7071067811865476 -0.7071067811865476
    outer loop
      vertex 1.775352077758099 2.8814601333351813 -4.331029034767604
      vertex 1.775352077758099 4.331029034767604 -2.8814601333351813
      vertex 1.8939530416481376 4.160970586701244 -3.0515185814015404
    endloop
  endfacet
  facet normal -1.3212270052492228e-15 0.7071067811865475 -0.7071067811865475
    outer loop
      vertex 1.2479609294678773 2.456224254117684 -4.756264913985101
      vertex 1.2479609294678773 4.756264913985101 -2.456224254117684
      vertex 1.4495689014324225 4.631244584051393 -2.5812445840513925
    endloop
  endfacet
  facet normal 1.424722731213617e-15 0.7071067811865476 -0.7071067811865476
    outer loop
      vertex 1.4495689014324225 2.5812445840513925 -4.631244584051393
      vertex 1.4495689014324225 4.631244584051393 -2.5812445840513925
      vertex 1.626374347597032 4.488686219933995 -2.7238029481687898
    endloop
  endfacet
  facet normal 0.5316310262343742 0.6593458151000673 -0.5316310262343742
    outer loop
      vertex -15.805780180530473 -1.2479609294678773 -13.505739520663056
      vertex -4.631244584051393 -1.4495689014324225 -2.5812445840513925
      vertex -15.555739520663057 -1.4495689014324225 -13.505739520663056
    endloop
  endfacet
  facet normal 0.46622789700422745 0.7518398074789808 -0.4662278970042273
    outer loop
      vertex -15.27062279242826 -1.626374347597032 -13.505739520663056
      vertex -15.555739520663057 -1.4495689014324225 -13.505739520663056
      vertex -4.488686219933995 -1.626374347597032 -2.7238029481687898
    endloop
  endfacet
  facet normal 0.6341847973991303 0.4422886902190111 -0.63418479739913
    outer loop
      vertex -16.01646650701581 -1.025 -13.505739520663056
      vertex -16.18419359865963 -0.7845010363484339 -13.505739520663056
      vertex -4.861608077227771 -1.025 -2.350881090875014
    endloop
  endfacet
  facet normal 0.6695807158758434 0.3214394653031661 -0.6695807158758437
    outer loop
      vertex -16.18419359865963 -0.7845010363484339 -13.505739520663056
      vertex -16.30609159842116 -0.5305790424601675 -13.505739520663056
      vertex -4.945471623049678 -0.7845010363484339 -2.2670175450531067
    endloop
  endfacet
  facet normal 0.5879378012096821 0.5555702330195965 -0.5879378012096819
    outer loop
      vertex -16.01646650701581 -1.025 -13.505739520663056
      vertex -4.861608077227771 -1.025 -2.350881090875014
      vertex -15.805780180530473 -1.2479609294678773 -13.505739520663056
    endloop
  endfacet
  facet normal 0.693519922661074 0.1950903220161263 -0.6935199226610742
    outer loop
      vertex -16.30609159842116 -0.5305790424601675 -13.505739520663056
      vertex -16.380074797727968 -0.2675786940511057 -13.505739520663056
      vertex -5.006420622930442 -0.5305790424601675 -2.206068545172343
    endloop
  endfacet
  facet normal 0.705592811289523 0.0654031292301405 -0.7055928112895232
    outer loop
      vertex -16.380074797727968 -0.2675786940511057 -13.505739520663056
      vertex -16.404877323527902 0 -13.505739520663056
      vertex -5.043412222583847 -0.2675786940511057 -2.169076945518938
    endloop
  endfacet
  facet normal -0.137949689641471 0.9807852804032307 0.137949689641471
    outer loop
      vertex -13.127326102533901 -2.032461965816311 -13.505739520663056
      vertex -3.231068545172343 -1.98014794389259 -3.981420622930442
      vertex -12.755387442904958 -1.98014794389259 -13.505739520663056
    endloop
  endfacet
  facet normal -0.22729202565684287 0.946930129495106 0.22729202565684284
    outer loop
      vertex -12.755387442904958 -1.98014794389259 -13.505739520663056
      vertex -3.0515185814015404 -1.8939530416481376 -4.160970586701244
      vertex -12.396287515363351 -1.8939530416481376 -13.505739520663056
    endloop
  endfacet
  facet normal 0.3127453320959711 0.8968727415326889 -0.31274533209597116
    outer loop
      vertex -14.95530842209548 -1.775352077758099 -13.505739520663056
      vertex -4.160970586701244 -1.8939530416481376 -3.0515185814015404
      vertex -14.61519152596276 -1.8939530416481376 -13.505739520663056
    endloop
  endfacet
  facet normal 0.39284747919355456 0.831469612302542 -0.3928474791935547
    outer loop
      vertex -15.27062279242826 -1.626374347597032 -13.505739520663056
      vertex -4.331029034767604 -1.775352077758099 -2.8814601333351813
      vertex -14.95530842209548 -1.775352077758099 -13.505739520663056
    endloop
  endfacet
  facet normal 0.22729202565684287 0.946930129495106 -0.22729202565684287
    outer loop
      vertex -14.61519152596276 -1.8939530416481376 -13.505739520663056
      vertex -3.981420622930442 -1.98014794389259 -3.231068545172343
      vertex -14.256091598421154 -1.98014794389259 -13.505739520663056
    endloop
  endfacet
  facet normal 0.13794968964147036 0.9807852804032307 -0.1379496896414703
    outer loop
      vertex -14.256091598421154 -1.98014794389259 -13.505739520663056
      vertex -3.7954512931159696 -2.032461965816311 -3.417037874986815
      vertex -13.884152938792209 -2.032461965816311 -13.505739520663056
    endloop
  endfacet
  facet normal 0.04624699618945494 0.9978589232386035 -0.04624699618945494
    outer loop
      vertex -13.884152938792209 -2.032461965816311 -13.505739520663056
      vertex -3.6062445840513924 -2.05 -3.6062445840513924
      vertex -13.505739520663056 -2.05 -13.505739520663056
    endloop
  endfacet
  facet normal -0.04624699618945472 0.9978589232386035 0.046246996189454735
    outer loop
      vertex -13.505739520663056 -2.05 -13.505739520663056
      vertex -3.417037874986815 -2.032461965816311 -3.7954512931159696
      vertex -13.127326102533901 -2.032461965816311 -13.505739520663056
    endloop
  endfacet
  facet normal -0.31274533209597244 0.896872741532688 0.31274533209597233
    outer loop
      vertex -12.396287515363351 -1.8939530416481376 -13.505739520663056
      vertex -2.8814601333351813 -1.775352077758099 -4.331029034767604
      vertex -12.056170619230633 -1.775352077758099 -13.505739520663056
    endloop
  endfacet
  facet normal -0.3928474791935515 0.8314696123025448 0.3928474791935515
    outer loop
      vertex -12.056170619230633 -1.775352077758099 -13.505739520663056
      vertex -2.7238029481687898 -1.626374347597032 -4.488686219933995
      vertex -11.74085624889785 -1.626374347597032 -13.505739520663056
    endloop
  endfacet
  facet normal -0.5316310262343743 0.6593458151000673 0.5316310262343743
    outer loop
      vertex -11.455739520663055 -1.4495689014324225 -13.505739520663056
      vertex -2.456224254117684 -1.2479609294678773 -4.756264913985101
      vertex -11.20569886079564 -1.2479609294678773 -13.505739520663056
    endloop
  endfacet
  facet normal -0.5879378012096805 0.5555702330195997 0.5879378012096805
    outer loop
      vertex -11.20569886079564 -1.2479609294678773 -13.505739520663056
      vertex -2.456224254117684 -1.2479609294678773 -4.756264913985101
      vertex -10.9950125343103 -1.025 -13.505739520663056
    endloop
  endfacet
  facet normal -0.4662278970042291 0.7518398074789788 0.4662278970042291
    outer loop
      vertex -11.74085624889785 -1.626374347597032 -13.505739520663056
      vertex -2.5812445840513925 -1.4495689014324225 -4.631244584051393
      vertex -11.455739520663055 -1.4495689014324225 -13.505739520663056
    endloop
  endfacet
  facet normal -0.6341847973991316 0.4422886902190073 0.6341847973991316
    outer loop
      vertex -10.9950125343103 -1.025 -13.505739520663056
      vertex -2.2670175450531067 -0.7845010363484339 -4.945471623049678
      vertex -10.827285442666483 -0.7845010363484339 -13.505739520663056
    endloop
  endfacet
  facet normal -0.6695807158758438 0.3214394653031662 0.6695807158758434
    outer loop
      vertex -10.827285442666483 -0.7845010363484339 -13.505739520663056
      vertex -2.206068545172343 -0.5305790424601675 -5.006420622930442
      vertex -10.705387442904954 -0.5305790424601675 -13.505739520663056
    endloop
  endfacet
  facet normal -0.6935199226610747 0.19509032201612184 0.6935199226610745
    outer loop
      vertex -10.705387442904954 -0.5305790424601675 -13.505739520663056
      vertex -2.169076945518938 -0.2675786940511057 -5.043412222583847
      vertex -10.631404243598146 -0.2675786940511057 -13.505739520663056
    endloop
  endfacet
  facet normal -0.7055928112895233 0.06540312923014052 0.7055928112895232
    outer loop
      vertex -10.631404243598146 -0.2675786940511057 -13.505739520663056
      vertex -2.169076945518938 -0.2675786940511057 -5.043412222583847
      vertex -10.606601717798211 0 -13.505739520663056
    endloop
  endfacet
  facet normal -0.13794968964147086 0.9807852804032307 0.13794968964147086
    outer loop
      vertex -13.127326102533901 -2.032461965816311 -13.505739520663056
      vertex -3.417037874986815 -2.032461965816311 -3.7954512931159696
      vertex -3.231068545172343 -1.98014794389259 -3.981420622930442
    endloop
  endfacet
  facet normal -0.22729202565684384 0.9469301294951056 0.22729202565684384
    outer loop
      vertex -12.755387442904958 -1.98014794389259 -13.505739520663056
      vertex -3.231068545172343 -1.98014794389259 -3.981420622930442
      vertex -3.0515185814015404 -1.8939530416481376 -4.160970586701244
    endloop
  endfacet
  facet normal -0.312745332095972 0.8968727415326885 0.31274533209597194
    outer loop
      vertex -12.396287515363351 -1.8939530416481376 -13.505739520663056
      vertex -3.0515185814015404 -1.8939530416481376 -4.160970586701244
      vertex -2.8814601333351813 -1.775352077758099 -4.331029034767604
    endloop
  endfacet
  facet normal -0.3928474791935502 0.8314696123025461 0.3928474791935501
    outer loop
      vertex -12.056170619230633 -1.775352077758099 -13.505739520663056
      vertex -2.8814601333351813 -1.775352077758099 -4.331029034767604
      vertex -2.7238029481687898 -1.626374347597032 -4.488686219933995
    endloop
  endfacet
  facet normal -0.5316310262343745 0.6593458151000667 0.5316310262343745
    outer loop
      vertex -11.455739520663055 -1.4495689014324225 -13.505739520663056
      vertex -2.5812445840513925 -1.4495689014324225 -4.631244584051393
      vertex -2.456224254117684 -1.2479609294678773 -4.756264913985101
    endloop
  endfacet
  facet normal -0.46622789700422923 0.7518398074789786 0.46622789700422923
    outer loop
      vertex -11.74085624889785 -1.626374347597032 -13.505739520663056
      vertex -2.7238029481687898 -1.626374347597032 -4.488686219933995
      vertex -2.5812445840513925 -1.4495689014324225 -4.631244584051393
    endloop
  endfacet
  facet normal -0.5879378012096783 0.5555702330196043 0.5879378012096784
    outer loop
      vertex -10.9950125343103 -1.025 -13.505739520663056
      vertex -2.456224254117684 -1.2479609294678773 -4.756264913985101
      vertex -2.350881090875014 -1.025 -4.861608077227771
    endloop
  endfacet
  facet normal -0.6341847973991346 0.4422886902189985 0.6341847973991347
    outer loop
      vertex -10.9950125343103 -1.025 -13.505739520663056
      vertex -2.350881090875014 -1.025 -4.861608077227771
      vertex -2.2670175450531067 -0.7845010363484339 -4.945471623049678
    endloop
  endfacet
  facet normal -0.6695807158758434 0.32143946530316797 0.6695807158758432
    outer loop
      vertex -10.827285442666483 -0.7845010363484339 -13.505739520663056
      vertex -2.2670175450531067 -0.7845010363484339 -4.945471623049678
      vertex -2.206068545172343 -0.5305790424601675 -5.006420622930442
    endloop
  endfacet
  facet normal -0.6935199226610743 0.19509032201612528 0.693519922661074
    outer loop
      vertex -10.705387442904954 -0.5305790424601675 -13.505739520663056
      vertex -2.206068545172343 -0.5305790424601675 -5.006420622930442
      vertex -2.169076945518938 -0.2675786940511057 -5.043412222583847
    endloop
  endfacet
  facet normal -0.7055928112895233 0.06540312923014169 0.7055928112895231
    outer loop
      vertex -2.169076945518938 -0.2675786940511057 -5.043412222583847
      vertex -2.15667568261897 0 -5.055813485483815
      vertex -10.606601717798211 0 -13.505739520663056
    endloop
  endfacet
  facet normal 0.5879378012096791 0.5555702330196027 -0.5879378012096791
    outer loop
      vertex -15.805780180530473 -1.2479609294678773 -13.505739520663056
      vertex -4.861608077227771 -1.025 -2.350881090875014
      vertex -4.756264913985101 -1.2479609294678773 -2.456224254117684
    endloop
  endfacet
  facet normal 0.46622789700423095 0.7518398074789765 -0.46622789700423095
    outer loop
      vertex -15.555739520663057 -1.4495689014324225 -13.505739520663056
      vertex -4.631244584051393 -1.4495689014324225 -2.5812445840513925
      vertex -4.488686219933995 -1.626374347597032 -2.7238029481687898
    endloop
  endfacet
  facet normal 0.5316310262343743 0.6593458151000672 -0.5316310262343743
    outer loop
      vertex -15.805780180530473 -1.2479609294678773 -13.505739520663056
      vertex -4.756264913985101 -1.2479609294678773 -2.456224254117684
      vertex -4.631244584051393 -1.4495689014324225 -2.5812445840513925
    endloop
  endfacet
  facet normal 0.6341847973991352 0.44228869021899636 -0.6341847973991354
    outer loop
      vertex -16.18419359865963 -0.7845010363484339 -13.505739520663056
      vertex -4.945471623049678 -0.7845010363484339 -2.2670175450531067
      vertex -4.861608077227771 -1.025 -2.350881090875014
    endloop
  endfacet
  facet normal 0.2272920256568442 0.9469301294951055 -0.22729202565684423
    outer loop
      vertex -14.61519152596276 -1.8939530416481376 -13.505739520663056
      vertex -4.160970586701244 -1.8939530416481376 -3.0515185814015404
      vertex -3.981420622930442 -1.98014794389259 -3.231068545172343
    endloop
  endfacet
  facet normal 0.04624699618945446 0.9978589232386035 -0.046246996189454444
    outer loop
      vertex -13.884152938792209 -2.032461965816311 -13.505739520663056
      vertex -3.7954512931159696 -2.032461965816311 -3.417037874986815
      vertex -3.6062445840513924 -2.05 -3.6062445840513924
    endloop
  endfacet
  facet normal 0.13794968964147145 0.9807852804032305 -0.13794968964147145
    outer loop
      vertex -14.256091598421154 -1.98014794389259 -13.505739520663056
      vertex -3.981420622930442 -1.98014794389259 -3.231068545172343
      vertex -3.7954512931159696 -2.032461965816311 -3.417037874986815
    endloop
  endfacet
  facet normal 0.312745332095972 0.8968727415326884 -0.3127453320959721
    outer loop
      vertex -14.95530842209548 -1.775352077758099 -13.505739520663056
      vertex -4.331029034767604 -1.775352077758099 -2.8814601333351813
      vertex -4.160970586701244 -1.8939530416481376 -3.0515185814015404
    endloop
  endfacet
  facet normal 0.392847479193548 0.8314696123025481 -0.3928474791935479
    outer loop
      vertex -15.27062279242826 -1.626374347597032 -13.505739520663056
      vertex -4.488686219933995 -1.626374347597032 -2.7238029481687898
      vertex -4.331029034767604 -1.775352077758099 -2.8814601333351813
    endloop
  endfacet
  facet normal 0.6695807158758434 0.3214394653031666 -0.6695807158758437
    outer loop
      vertex -16.30609159842116 -0.5305790424601675 -13.505739520663056
      vertex -5.006420622930442 -0.5305790424601675 -2.206068545172343
      vertex -4.945471623049678 -0.7845010363484339 -2.2670175450531067
    endloop
  endfacet
  facet normal 0.6935199226610741 0.19509032201612486 -0.6935199226610743
    outer loop
      vertex -16.380074797727968 -0.2675786940511057 -13.505739520663056
      vertex -5.043412222583847 -0.2675786940511057 -2.169076945518938
      vertex -5.006420622930442 -0.5305790424601675 -2.206068545172343
    endloop
  endfacet
  facet normal 0.7055928112895231 0.06540312923014167 -0.7055928112895233
    outer loop
      vertex -5.043412222583847 -0.2675786940511057 -2.169076945518938
      vertex -16.404877323527902 0 -13.505739520663056
      vertex -5.055813485483815 0 -2.15667568261897
    endloop
  endfacet
  facet normal -0.04624699618945447 0.9978589232386035 0.04624699618945447
    outer loop
      vertex -13.505739520663056 -2.05 -13.505739520663056
      vertex -3.6062445840513924 -2.05 -3.6062445840513924
      vertex -3.417037874986815 -2.032461965816311 -3.7954512931159696
    endloop
  endfacet
  facet normal -0.7071067811865476 2.063716849994038e-15 -0.7071067811865476
    outer loop
      vertex -4.331029034767604 -1.775352077758099 -2.8814601333351813
      vertex -2.7238029481687898 -1.626374347597032 -4.488686219933995
      vertex -2.8814601333351813 -1.775352077758099 -4.331029034767604
    endloop
  endfacet
  facet normal -0.7071067811865476 -1.6332931894046378e-15 -0.7071067811865476
    outer loop
      vertex -4.488686219933995 -1.626374347597032 -2.7238029481687898
      vertex -2.5812445840513925 -1.4495689014324225 -4.631244584051393
      vertex -2.7238029481687898 -1.626374347597032 -4.488686219933995
    endloop
  endfacet
  facet normal -0.7071067811865475 8.699504584407189e-16 -0.7071067811865475
    outer loop
      vertex -4.631244584051393 -1.4495689014324225 -2.5812445840513925
      vertex -2.456224254117684 -1.2479609294678773 -4.756264913985101
      vertex -2.5812445840513925 -1.4495689014324225 -4.631244584051393
    endloop
  endfacet
  facet normal -0.7071067811865476 -1.3359529873733941e-15 -0.7071067811865476
    outer loop
      vertex -4.756264913985101 -1.2479609294678773 -2.456224254117684
      vertex -2.350881090875014 -1.025 -4.861608077227771
      vertex -2.456224254117684 -1.2479609294678773 -4.756264913985101
    endloop
  endfacet
  facet normal -0.7071067811865476 1.3310443861594268e-15 -0.7071067811865476
    outer loop
      vertex -4.861608077227771 -1.025 -2.350881090875014
      vertex -2.2670175450531067 -0.7845010363484339 -4.945471623049678
      vertex -2.350881090875014 -1.025 -4.861608077227771
    endloop
  endfacet
  facet normal -0.7071067811865475 -3.773549753650706e-16 -0.7071067811865475
    outer loop
      vertex -4.945471623049678 -0.7845010363484339 -2.2670175450531067
      vertex -2.206068545172343 -0.5305790424601675 -5.006420622930442
      vertex -2.2670175450531067 -0.7845010363484339 -4.945471623049678
    endloop
  endfacet
  facet normal -0.7071067811865476 -1.5360984060687436e-15 -0.7071067811865476
    outer loop
      vertex -5.006420622930442 -0.5305790424601675 -2.206068545172343
      vertex -2.169076945518938 -0.2675786940511057 -5.043412222583847
      vertex -2.206068545172343 -0.5305790424601675 -5.006420622930442
    endloop
  endfacet
  facet normal -0.7071067811865476 1.2934598316754257e-15 -0.7071067811865476
    outer loop
      vertex -5.043412222583847 -0.2675786940511057 -2.169076945518938
      vertex -2.15667568261897 0 -5.055813485483815
      vertex -2.169076945518938 -0.2675786940511057 -5.043412222583847
    endloop
  endfacet
  facet normal -0.7071067811865475 2.205703367679819e-16 -0.7071067811865475
    outer loop
      vertex -3.6062445840513924 -2.05 -3.6062445840513924
      vertex -3.7954512931159696 -2.032461965816311 -3.417037874986815
      vertex -3.417037874986815 -2.032461965816311 -3.7954512931159696
    endloop
  endfacet
  facet normal -0.7071067811865475 6.80899374065148e-17 -0.7071067811865475
    outer loop
      vertex -3.231068545172343 -1.98014794389259 -3.981420622930442
      vertex -3.7954512931159696 -2.032461965816311 -3.417037874986815
      vertex -3.981420622930442 -1.98014794389259 -3.231068545172343
    endloop
  endfacet
  facet normal -0.7071067811865476 3.656250033823837e-15 -0.7071067811865476
    outer loop
      vertex -3.981420622930442 -1.98014794389259 -3.231068545172343
      vertex -4.160970586701244 -1.8939530416481376 -3.0515185814015404
      vertex -3.0515185814015404 -1.8939530416481376 -4.160970586701244
    endloop
  endfacet
  facet normal -0.7071067811865476 -5.311308564542172e-15 -0.7071067811865475
    outer loop
      vertex -4.160970586701244 -1.8939530416481376 -3.0515185814015404
      vertex -4.331029034767604 -1.775352077758099 -2.8814601333351813
      vertex -2.8814601333351813 -1.775352077758099 -4.331029034767604
    endloop
  endfacet
  facet normal -0.7071067811865477 2.0800810872168067e-15 -0.7071067811865475
    outer loop
      vertex -4.331029034767604 -1.775352077758099 -2.8814601333351813
      vertex -4.488686219933995 -1.626374347597032 -2.7238029481687898
      vertex -2.7238029481687898 -1.626374347597032 -4.488686219933995
    endloop
  endfacet
  facet normal -0.7071067811865476 -1.806868023506816e-15 -0.7071067811865476
    outer loop
      vertex -4.488686219933995 -1.626374347597032 -2.7238029481687898
      vertex -4.631244584051393 -1.4495689014324225 -2.5812445840513925
      vertex -2.5812445840513925 -1.4495689014324225 -4.631244584051393
    endloop
  endfacet
  facet normal -0.7071067811865475 1.544716983709178e-15 -0.7071067811865475
    outer loop
      vertex -4.756264913985101 -1.2479609294678773 -2.456224254117684
      vertex -2.456224254117684 -1.2479609294678773 -4.756264913985101
      vertex -4.631244584051393 -1.4495689014324225 -2.5812445840513925
    endloop
  endfacet
  facet normal -0.7071067811865475 1.171967658374348e-15 -0.7071067811865476
    outer loop
      vertex -5.043412222583847 -0.2675786940511057 -2.169076945518938
      vertex -5.055813485483815 0 -2.15667568261897
      vertex -2.15667568261897 0 -5.055813485483815
    endloop
  endfacet
  facet normal -0.7071067811865476 -1.4060358619306485e-15 -0.7071067811865474
    outer loop
      vertex -4.756264913985101 -1.2479609294678773 -2.456224254117684
      vertex -4.861608077227771 -1.025 -2.350881090875014
      vertex -2.350881090875014 -1.025 -4.861608077227771
    endloop
  endfacet
  facet normal -0.7071067811865476 1.3007522229926187e-15 -0.7071067811865476
    outer loop
      vertex -4.945471623049678 -0.7845010363484339 -2.2670175450531067
      vertex -2.2670175450531067 -0.7845010363484339 -4.945471623049678
      vertex -4.861608077227771 -1.025 -2.350881090875014
    endloop
  endfacet
  facet normal -0.7071067811865475 -7.65129197630559e-19 -0.7071067811865475
    outer loop
      vertex -4.945471623049678 -0.7845010363484339 -2.2670175450531067
      vertex -5.006420622930442 -0.5305790424601675 -2.206068545172343
      vertex -2.206068545172343 -0.5305790424601675 -5.006420622930442
    endloop
  endfacet
  facet normal -0.7071067811865476 -1.1981301423138777e-15 -0.7071067811865476
    outer loop
      vertex -5.006420622930442 -0.5305790424601675 -2.206068545172343
      vertex -5.043412222583847 -0.2675786940511057 -2.169076945518938
      vertex -2.169076945518938 -0.2675786940511057 -5.043412222583847
    endloop
  endfacet
  facet normal -0.7071067811865476 2.3808324759907716e-16 -0.7071067811865476
    outer loop
      vertex -3.231068545172343 -1.98014794389259 -3.981420622930442
      vertex -3.417037874986815 -2.032461965816311 -3.7954512931159696
      vertex -3.7954512931159696 -2.032461965816311 -3.417037874986815
    endloop
  endfacet
  facet normal -0.7071067811865475 3.770202812869847e-15 -0.7071067811865475
    outer loop
      vertex -3.231068545172343 -1.98014794389259 -3.981420622930442
      vertex -3.981420622930442 -1.98014794389259 -3.231068545172343
      vertex -3.0515185814015404 -1.8939530416481376 -4.160970586701244
    endloop
  endfacet
  facet normal -0.7071067811865476 -5.406750215608347e-15 -0.7071067811865476
    outer loop
      vertex -4.160970586701244 -1.8939530416481376 -3.0515185814015404
      vertex -2.8814601333351813 -1.775352077758099 -4.331029034767604
      vertex -3.0515185814015404 -1.8939530416481376 -4.160970586701244
    endloop
  endfacet
  facet normal 0.6341847973991303 -0.442288690219011 -0.6341847973991304
    outer loop
      vertex -16.18419359865963 0.7845010363484339 -13.505739520663056
      vertex -16.01646650701581 1.025 -13.505739520663056
      vertex -4.945471623049678 0.7845010363484339 -2.2670175450531067
    endloop
  endfacet
  facet normal 0.5879378012096821 -0.5555702330195965 -0.5879378012096819
    outer loop
      vertex -16.01646650701581 1.025 -13.505739520663056
      vertex -15.805780180530473 1.2479609294678773 -13.505739520663056
      vertex -4.861608077227771 1.025 -2.350881090875014
    endloop
  endfacet
  facet normal 0.7055928112895232 -0.06540312923014051 -0.7055928112895234
    outer loop
      vertex -16.404877323527902 0 -13.505739520663056
      vertex -16.380074797727968 0.2675786940511057 -13.505739520663056
      vertex -5.055813485483815 0 -2.15667568261897
    endloop
  endfacet
  facet normal 0.693519922661074 -0.1950903220161263 -0.6935199226610742
    outer loop
      vertex -16.380074797727968 0.2675786940511057 -13.505739520663056
      vertex -16.30609159842116 0.5305790424601675 -13.505739520663056
      vertex -5.043412222583847 0.2675786940511057 -2.169076945518938
    endloop
  endfacet
  facet normal 0.6695807158758436 -0.32143946530316614 -0.6695807158758438
    outer loop
      vertex -16.30609159842116 0.5305790424601675 -13.505739520663056
      vertex -16.18419359865963 0.7845010363484339 -13.505739520663056
      vertex -5.006420622930442 0.5305790424601675 -2.206068545172343
    endloop
  endfacet
  facet normal 0.5316310262343742 -0.6593458151000672 -0.5316310262343742
    outer loop
      vertex -15.805780180530473 1.2479609294678773 -13.505739520663056
      vertex -15.555739520663057 1.4495689014324225 -13.505739520663056
      vertex -4.756264913985101 1.2479609294678773 -2.456224254117684
    endloop
  endfacet
  facet normal 0.46622789700422745 -0.7518398074789808 -0.46622789700422745
    outer loop
      vertex -15.555739520663057 1.4495689014324225 -13.505739520663056
      vertex -15.27062279242826 1.626374347597032 -13.505739520663056
      vertex -4.631244584051393 1.4495689014324225 -2.5812445840513925
    endloop
  endfacet
  facet normal -0.22729202565684287 -0.9469301294951059 0.22729202565684287
    outer loop
      vertex -12.755387442904958 1.98014794389259 -13.505739520663056
      vertex -12.396287515363351 1.8939530416481376 -13.505739520663056
      vertex -3.231068545172343 1.98014794389259 -3.981420622930442
    endloop
  endfacet
  facet normal 0.3928474791935546 -0.831469612302542 -0.3928474791935545
    outer loop
      vertex -15.27062279242826 1.626374347597032 -13.505739520663056
      vertex -14.95530842209548 1.775352077758099 -13.505739520663056
      vertex -4.488686219933995 1.626374347597032 -2.7238029481687898
    endloop
  endfacet
  facet normal 0.3127453320959711 -0.8968727415326889 -0.3127453320959712
    outer loop
      vertex -14.95530842209548 1.775352077758099 -13.505739520663056
      vertex -14.61519152596276 1.8939530416481376 -13.505739520663056
      vertex -4.331029034767604 1.775352077758099 -2.8814601333351813
    endloop
  endfacet
  facet normal 0.13794968964147036 -0.9807852804032308 -0.13794968964147036
    outer loop
      vertex -14.256091598421154 1.98014794389259 -13.505739520663056
      vertex -13.884152938792209 2.032461965816311 -13.505739520663056
      vertex -3.981420622930442 1.98014794389259 -3.231068545172343
    endloop
  endfacet
  facet normal 0.22729202565684284 -0.946930129495106 -0.22729202565684287
    outer loop
      vertex -14.61519152596276 1.8939530416481376 -13.505739520663056
      vertex -14.256091598421154 1.98014794389259 -13.505739520663056
      vertex -4.160970586701244 1.8939530416481376 -3.0515185814015404
    endloop
  endfacet
  facet normal 0.04624699618945494 -0.9978589232386035 -0.04624699618945493
    outer loop
      vertex -13.884152938792209 2.032461965816311 -13.505739520663056
      vertex -13.505739520663056 2.05 -13.505739520663056
      vertex -3.7954512931159696 2.032461965816311 -3.417037874986815
    endloop
  endfacet
  facet normal -0.04624699618945473 -0.9978589232386035 0.04624699618945473
    outer loop
      vertex -13.505739520663056 2.05 -13.505739520663056
      vertex -13.127326102533901 2.032461965816311 -13.505739520663056
      vertex -3.6062445840513924 2.05 -3.6062445840513924
    endloop
  endfacet
  facet normal -0.137949689641471 -0.9807852804032305 0.137949689641471
    outer loop
      vertex -13.127326102533901 2.032461965816311 -13.505739520663056
      vertex -12.755387442904958 1.98014794389259 -13.505739520663056
      vertex -3.417037874986815 2.032461965816311 -3.7954512931159696
    endloop
  endfacet
  facet normal -0.3928474791935515 -0.8314696123025449 0.39284747919355145
    outer loop
      vertex -12.056170619230633 1.775352077758099 -13.505739520663056
      vertex -11.74085624889785 1.626374347597032 -13.505739520663056
      vertex -2.8814601333351813 1.775352077758099 -4.331029034767604
    endloop
  endfacet
  facet normal -0.31274533209597244 -0.896872741532688 0.3127453320959724
    outer loop
      vertex -12.396287515363351 1.8939530416481376 -13.505739520663056
      vertex -12.056170619230633 1.775352077758099 -13.505739520663056
      vertex -3.0515185814015404 1.8939530416481376 -4.160970586701244
    endloop
  endfacet
  facet normal -0.5879378012096805 -0.5555702330195997 0.5879378012096805
    outer loop
      vertex -10.9950125343103 1.025 -13.505739520663056
      vertex -2.456224254117684 1.2479609294678773 -4.756264913985101
      vertex -11.20569886079564 1.2479609294678773 -13.505739520663056
    endloop
  endfacet
  facet normal -0.4662278970042291 -0.7518398074789788 0.46622789700422923
    outer loop
      vertex -11.455739520663055 1.4495689014324225 -13.505739520663056
      vertex -2.7238029481687898 1.626374347597032 -4.488686219933995
      vertex -11.74085624889785 1.626374347597032 -13.505739520663056
    endloop
  endfacet
  facet normal -0.5316310262343743 -0.6593458151000672 0.5316310262343743
    outer loop
      vertex -11.455739520663055 1.4495689014324225 -13.505739520663056
      vertex -11.20569886079564 1.2479609294678773 -13.505739520663056
      vertex -2.5812445840513925 1.4495689014324225 -4.631244584051393
    endloop
  endfacet
  facet normal -0.7055928112895233 -0.06540312923014052 0.7055928112895232
    outer loop
      vertex -10.606601717798211 0 -13.505739520663056
      vertex -2.169076945518938 0.2675786940511057 -5.043412222583847
      vertex -10.631404243598146 0.2675786940511057 -13.505739520663056
    endloop
  endfacet
  facet normal -0.6935199226610748 -0.19509032201612184 0.6935199226610745
    outer loop
      vertex -10.631404243598146 0.2675786940511057 -13.505739520663056
      vertex -2.206068545172343 0.5305790424601675 -5.006420622930442
      vertex -10.705387442904954 0.5305790424601675 -13.505739520663056
    endloop
  endfacet
  facet normal -0.6695807158758438 -0.3214394653031663 0.6695807158758436
    outer loop
      vertex -10.705387442904954 0.5305790424601675 -13.505739520663056
      vertex -2.2670175450531067 0.7845010363484339 -4.945471623049678
      vertex -10.827285442666483 0.7845010363484339 -13.505739520663056
    endloop
  endfacet
  facet normal -0.6341847973991315 -0.44228869021900724 0.6341847973991316
    outer loop
      vertex -10.9950125343103 1.025 -13.505739520663056
      vertex -10.827285442666483 0.7845010363484339 -13.505739520663056
      vertex -2.350881090875014 1.025 -4.861608077227771
    endloop
  endfacet
  facet normal -0.13794968964147178 -0.9807852804032304 0.13794968964147178
    outer loop
      vertex -12.755387442904958 1.98014794389259 -13.505739520663056
      vertex -3.231068545172343 1.98014794389259 -3.981420622930442
      vertex -3.417037874986815 2.032461965816311 -3.7954512931159696
    endloop
  endfacet
  facet normal -0.22729202565684375 -0.9469301294951056 0.22729202565684373
    outer loop
      vertex -12.396287515363351 1.8939530416481376 -13.505739520663056
      vertex -3.0515185814015404 1.8939530416481376 -4.160970586701244
      vertex -3.231068545172343 1.98014794389259 -3.981420622930442
    endloop
  endfacet
  facet normal -0.3127453320959729 -0.8968727415326877 0.31274533209597283
    outer loop
      vertex -12.056170619230633 1.775352077758099 -13.505739520663056
      vertex -2.8814601333351813 1.775352077758099 -4.331029034767604
      vertex -3.0515185814015404 1.8939530416481376 -4.160970586701244
    endloop
  endfacet
  facet normal -0.5879378012096789 -0.5555702330196033 0.587937801209679
    outer loop
      vertex -10.9950125343103 1.025 -13.505739520663056
      vertex -2.350881090875014 1.025 -4.861608077227771
      vertex -2.456224254117684 1.2479609294678773 -4.756264913985101
    endloop
  endfacet
  facet normal -0.7055928112895231 -0.06540312923014528 0.7055928112895231
    outer loop
      vertex -10.606601717798211 0 -13.505739520663056
      vertex -2.15667568261897 0 -5.055813485483815
      vertex -2.169076945518938 0.2675786940511057 -5.043412222583847
    endloop
  endfacet
  facet normal -0.6935199226610739 -0.1950903220161271 0.6935199226610738
    outer loop
      vertex -10.631404243598146 0.2675786940511057 -13.505739520663056
      vertex -2.169076945518938 0.2675786940511057 -5.043412222583847
      vertex -2.206068545172343 0.5305790424601675 -5.006420622930442
    endloop
  endfacet
  facet normal -0.634184797399136 -0.4422886902189945 0.6341847973991359
    outer loop
      vertex -10.827285442666483 0.7845010363484339 -13.505739520663056
      vertex -2.2670175450531067 0.7845010363484339 -4.945471623049678
      vertex -2.350881090875014 1.025 -4.861608077227771
    endloop
  endfacet
  facet normal -0.6695807158758442 -0.3214394653031645 0.669580715875844
    outer loop
      vertex -10.705387442904954 0.5305790424601675 -13.505739520663056
      vertex -2.206068545172343 0.5305790424601675 -5.006420622930442
      vertex -2.2670175450531067 0.7845010363484339 -4.945471623049678
    endloop
  endfacet
  facet normal -0.531631026234374 -0.6593458151000676 0.531631026234374
    outer loop
      vertex -11.20569886079564 1.2479609294678773 -13.505739520663056
      vertex -2.456224254117684 1.2479609294678773 -4.756264913985101
      vertex -2.5812445840513925 1.4495689014324225 -4.631244584051393
    endloop
  endfacet
  facet normal -0.46622789700423056 -0.7518398074789768 0.46622789700423056
    outer loop
      vertex -11.455739520663055 1.4495689014324225 -13.505739520663056
      vertex -2.5812445840513925 1.4495689014324225 -4.631244584051393
      vertex -2.7238029481687898 1.626374347597032 -4.488686219933995
    endloop
  endfacet
  facet normal -0.39284747919354995 -0.8314696123025462 0.39284747919354995
    outer loop
      vertex -11.74085624889785 1.626374347597032 -13.505739520663056
      vertex -2.7238029481687898 1.626374347597032 -4.488686219933995
      vertex -2.8814601333351813 1.775352077758099 -4.331029034767604
    endloop
  endfacet
  facet normal 0.6341847973991352 -0.4422886902189972 -0.634184797399135
    outer loop
      vertex -16.01646650701581 1.025 -13.505739520663056
      vertex -4.861608077227771 1.025 -2.350881090875014
      vertex -4.945471623049678 0.7845010363484339 -2.2670175450531067
    endloop
  endfacet
  facet normal 0.5879378012096795 -0.555570233019602 -0.5879378012096795
    outer loop
      vertex -15.805780180530473 1.2479609294678773 -13.505739520663056
      vertex -4.756264913985101 1.2479609294678773 -2.456224254117684
      vertex -4.861608077227771 1.025 -2.350881090875014
    endloop
  endfacet
  facet normal 0.5316310262343742 -0.6593458151000674 -0.5316310262343742
    outer loop
      vertex -15.555739520663057 1.4495689014324225 -13.505739520663056
      vertex -4.631244584051393 1.4495689014324225 -2.5812445840513925
      vertex -4.756264913985101 1.2479609294678773 -2.456224254117684
    endloop
  endfacet
  facet normal 0.2272920256568441 -0.9469301294951054 -0.2272920256568441
    outer loop
      vertex -14.256091598421154 1.98014794389259 -13.505739520663056
      vertex -3.981420622930442 1.98014794389259 -3.231068545172343
      vertex -4.160970586701244 1.8939530416481376 -3.0515185814015404
    endloop
  endfacet
  facet normal 0.13794968964147156 -0.9807852804032304 -0.1379496896414715
    outer loop
      vertex -13.884152938792209 2.032461965816311 -13.505739520663056
      vertex -3.7954512931159696 2.032461965816311 -3.417037874986815
      vertex -3.981420622930442 1.98014794389259 -3.231068545172343
    endloop
  endfacet
  facet normal 0.39284747919354807 -0.831469612302548 -0.39284747919354823
    outer loop
      vertex -14.95530842209548 1.775352077758099 -13.505739520663056
      vertex -4.331029034767604 1.775352077758099 -2.8814601333351813
      vertex -4.488686219933995 1.626374347597032 -2.7238029481687898
    endloop
  endfacet
  facet normal 0.4662278970042309 -0.7518398074789766 -0.46622789700423073
    outer loop
      vertex -15.27062279242826 1.626374347597032 -13.505739520663056
      vertex -4.488686219933995 1.626374347597032 -2.7238029481687898
      vertex -4.631244584051393 1.4495689014324225 -2.5812445840513925
    endloop
  endfacet
  facet normal 0.31274533209597255 -0.8968727415326879 -0.3127453320959726
    outer loop
      vertex -14.61519152596276 1.8939530416481376 -13.505739520663056
      vertex -4.160970586701244 1.8939530416481376 -3.0515185814015404
      vertex -4.331029034767604 1.775352077758099 -2.8814601333351813
    endloop
  endfacet
  facet normal 0.705592811289523 -0.06540312923014124 -0.7055928112895232
    outer loop
      vertex -16.380074797727968 0.2675786940511057 -13.505739520663056
      vertex -5.043412222583847 0.2675786940511057 -2.169076945518938
      vertex -5.055813485483815 0 -2.15667568261897
    endloop
  endfacet
  facet normal 0.6935199226610737 -0.19509032201612775 -0.6935199226610739
    outer loop
      vertex -16.30609159842116 0.5305790424601675 -13.505739520663056
      vertex -5.006420622930442 0.5305790424601675 -2.206068545172343
      vertex -5.043412222583847 0.2675786940511057 -2.169076945518938
    endloop
  endfacet
  facet normal 0.6695807158758437 -0.32143946530316564 -0.6695807158758439
    outer loop
      vertex -16.18419359865963 0.7845010363484339 -13.505739520663056
      vertex -4.945471623049678 0.7845010363484339 -2.2670175450531067
      vertex -5.006420622930442 0.5305790424601675 -2.206068545172343
    endloop
  endfacet
  facet normal -0.04624699618945476 -0.9978589232386035 0.04624699618945476
    outer loop
      vertex -13.127326102533901 2.032461965816311 -13.505739520663056
      vertex -3.417037874986815 2.032461965816311 -3.7954512931159696
      vertex -3.6062445840513924 2.05 -3.6062445840513924
    endloop
  endfacet
  facet normal 0.04624699618945449 -0.9978589232386036 -0.04624699618945449
    outer loop
      vertex -13.505739520663056 2.05 -13.505739520663056
      vertex -3.6062445840513924 2.05 -3.6062445840513924
      vertex -3.7954512931159696 2.032461965816311 -3.417037874986815
    endloop
  endfacet
  facet normal -0.7071067811865475 -1.0185717429375882e-15 -0.7071067811865475
    outer loop
      vertex -5.055813485483815 0 -2.15667568261897
      vertex -2.169076945518938 0.2675786940511057 -5.043412222583847
      vertex -2.15667568261897 0 -5.055813485483815
    endloop
  endfacet
  facet normal -0.7071067811865476 1.4295399485325402e-15 -0.7071067811865476
    outer loop
      vertex -5.043412222583847 0.2675786940511057 -2.169076945518938
      vertex -2.206068545172343 0.5305790424601675 -5.006420622930442
      vertex -2.169076945518938 0.2675786940511057 -5.043412222583847
    endloop
  endfacet
  facet normal -0.7071067811865476 1.5291318941566435e-15 -0.7071067811865476
    outer loop
      vertex -4.861608077227771 1.025 -2.350881090875014
      vertex -2.456224254117684 1.2479609294678773 -4.756264913985101
      vertex -2.350881090875014 1.025 -4.861608077227771
    endloop
  endfacet
  facet normal -0.7071067811865475 1.926181466655722e-16 -0.7071067811865475
    outer loop
      vertex -5.006420622930442 0.5305790424601675 -2.206068545172343
      vertex -2.2670175450531067 0.7845010363484339 -4.945471623049678
      vertex -2.206068545172343 0.5305790424601675 -5.006420622930442
    endloop
  endfacet
  facet normal -0.7071067811865476 -1.6884256537442213e-15 -0.7071067811865476
    outer loop
      vertex -4.945471623049678 0.7845010363484339 -2.2670175450531067
      vertex -2.350881090875014 1.025 -4.861608077227771
      vertex -2.2670175450531067 0.7845010363484339 -4.945471623049678
    endloop
  endfacet
  facet normal -0.7071067811865475 -1.5907274027586815e-15 -0.7071067811865475
    outer loop
      vertex -4.756264913985101 1.2479609294678773 -2.456224254117684
      vertex -2.5812445840513925 1.4495689014324225 -4.631244584051393
      vertex -2.456224254117684 1.2479609294678773 -4.756264913985101
    endloop
  endfacet
  facet normal -0.7071067811865476 2.0840944988426877e-15 -0.7071067811865476
    outer loop
      vertex -4.631244584051393 1.4495689014324225 -2.5812445840513925
      vertex -2.7238029481687898 1.626374347597032 -4.488686219933995
      vertex -2.5812445840513925 1.4495689014324225 -4.631244584051393
    endloop
  endfacet
  facet normal -0.7071067811865476 -1.1706377434233592e-15 -0.7071067811865476
    outer loop
      vertex -5.055813485483815 0 -2.15667568261897
      vertex -5.043412222583847 0.2675786940511057 -2.169076945518938
      vertex -2.169076945518938 0.2675786940511057 -5.043412222583847
    endloop
  endfacet
  facet normal -0.7071067811865475 1.187363644563915e-15 -0.7071067811865476
    outer loop
      vertex -5.043412222583847 0.2675786940511057 -2.169076945518938
      vertex -5.006420622930442 0.5305790424601675 -2.206068545172343
      vertex -2.206068545172343 0.5305790424601675 -5.006420622930442
    endloop
  endfacet
  facet normal -0.7071067811865475 7.99950671523466e-19 -0.7071067811865475
    outer loop
      vertex -5.006420622930442 0.5305790424601675 -2.206068545172343
      vertex -4.945471623049678 0.7845010363484339 -2.2670175450531067
      vertex -2.2670175450531067 0.7845010363484339 -4.945471623049678
    endloop
  endfacet
  facet normal -0.7071067811865475 -1.3168049631665659e-15 -0.7071067811865476
    outer loop
      vertex -4.945471623049678 0.7845010363484339 -2.2670175450531067
      vertex -4.861608077227771 1.025 -2.350881090875014
      vertex -2.350881090875014 1.025 -4.861608077227771
    endloop
  endfacet
  facet normal -0.7071067811865475 -2.369604529650587e-16 -0.7071067811865475
    outer loop
      vertex -3.231068545172343 1.98014794389259 -3.981420622930442
      vertex -3.981420622930442 1.98014794389259 -3.231068545172343
      vertex -3.417037874986815 2.032461965816311 -3.7954512931159696
    endloop
  endfacet
  facet normal -0.7071067811865475 2.205703367679819e-16 -0.7071067811865475
    outer loop
      vertex -3.6062445840513924 2.05 -3.6062445840513924
      vertex -3.417037874986815 2.032461965816311 -3.7954512931159696
      vertex -3.7954512931159696 2.032461965816311 -3.417037874986815
    endloop
  endfacet
  facet normal -0.7071067811865476 5.243261416842086e-15 -0.7071067811865476
    outer loop
      vertex -4.160970586701244 1.8939530416481376 -3.0515185814015404
      vertex -3.0515185814015404 1.8939530416481376 -4.160970586701244
      vertex -4.331029034767604 1.775352077758099 -2.8814601333351813
    endloop
  endfacet
  facet normal -0.7071067811865476 2.3808324759907716e-16 -0.7071067811865476
    outer loop
      vertex -3.981420622930442 1.98014794389259 -3.231068545172343
      vertex -3.7954512931159696 2.032461965816311 -3.417037874986815
      vertex -3.417037874986815 2.032461965816311 -3.7954512931159696
    endloop
  endfacet
  facet normal -0.7071067811865475 -3.265792909478716e-15 -0.7071067811865475
    outer loop
      vertex -3.231068545172343 1.98014794389259 -3.981420622930442
      vertex -4.160970586701244 1.8939530416481376 -3.0515185814015404
      vertex -3.981420622930442 1.98014794389259 -3.231068545172343
    endloop
  endfacet
  facet normal -0.7071067811865475 -1.564776979130738e-15 -0.7071067811865475
    outer loop
      vertex -4.756264913985101 1.2479609294678773 -2.456224254117684
      vertex -4.631244584051393 1.4495689014324225 -2.5812445840513925
      vertex -2.5812445840513925 1.4495689014324225 -4.631244584051393
    endloop
  endfacet
  facet normal -0.7071067811865476 1.3937825525994654e-15 -0.7071067811865476
    outer loop
      vertex -4.861608077227771 1.025 -2.350881090875014
      vertex -4.756264913985101 1.2479609294678773 -2.456224254117684
      vertex -2.456224254117684 1.2479609294678773 -4.756264913985101
    endloop
  endfacet
  facet normal -0.7071067811865476 1.8295134054370812e-15 -0.7071067811865476
    outer loop
      vertex -4.631244584051393 1.4495689014324225 -2.5812445840513925
      vertex -4.488686219933995 1.626374347597032 -2.7238029481687898
      vertex -2.7238029481687898 1.626374347597032 -4.488686219933995
    endloop
  endfacet
  facet normal -0.7071067811865476 -2.1215337639378557e-15 -0.7071067811865476
    outer loop
      vertex -4.488686219933995 1.626374347597032 -2.7238029481687898
      vertex -4.331029034767604 1.775352077758099 -2.8814601333351813
      vertex -2.8814601333351813 1.775352077758099 -4.331029034767604
    endloop
  endfacet
  facet normal -0.7071067811865476 -1.6797013303349024e-15 -0.7071067811865476
    outer loop
      vertex -4.488686219933995 1.626374347597032 -2.7238029481687898
      vertex -2.8814601333351813 1.775352077758099 -4.331029034767604
      vertex -2.7238029481687898 1.626374347597032 -4.488686219933995
    endloop
  endfacet
  facet normal -0.7071067811865476 5.178283198548356e-15 -0.7071067811865476
    outer loop
      vertex -4.331029034767604 1.775352077758099 -2.8814601333351813
      vertex -3.0515185814015404 1.8939530416481376 -4.160970586701244
      vertex -2.8814601333351813 1.775352077758099 -4.331029034767604
    endloop
  endfacet
  facet normal -0.7071067811865476 -3.681047882411456e-15 -0.7071067811865476
    outer loop
      vertex -3.231068545172343 1.98014794389259 -3.981420622930442
      vertex -3.0515185814015404 1.8939530416481376 -4.160970586701244
      vertex -4.160970586701244 1.8939530416481376 -3.0515185814015404
    endloop
  endfacet
  facet normal 0.7518398074789808 0.46622789700422745 -0.46622789700422745
    outer loop
      vertex -1.626374347597032 -15.27062279242826 -13.505739520663056
      vertex -1.4495689014324225 -4.631244584051393 -2.5812445840513925
      vertex -1.4495689014324225 -15.555739520663057 -13.505739520663056
    endloop
  endfacet
  facet normal 0.6593458151000672 0.5316310262343742 -0.5316310262343742
    outer loop
      vertex -1.2479609294678773 -15.805780180530473 -13.505739520663056
      vertex -1.4495689014324225 -15.555739520663057 -13.505739520663056
      vertex -1.2479609294678773 -4.756264913985101 -2.456224254117684
    endloop
  endfacet
  facet normal 0.4422886902190109 0.6341847973991301 -0.6341847973991304
    outer loop
      vertex -1.025 -16.01646650701581 -13.505739520663056
      vertex -0.7845010363484339 -4.945471623049678 -2.2670175450531067
      vertex -0.7845010363484339 -16.18419359865963 -13.505739520663056
    endloop
  endfacet
  facet normal 0.5555702330195965 0.5879378012096821 -0.5879378012096819
    outer loop
      vertex -1.2479609294678773 -15.805780180530473 -13.505739520663056
      vertex -1.025 -4.861608077227771 -2.350881090875014
      vertex -1.025 -16.01646650701581 -13.505739520663056
    endloop
  endfacet
  facet normal 0.32143946530316614 0.6695807158758436 -0.6695807158758438
    outer loop
      vertex -0.7845010363484339 -16.18419359865963 -13.505739520663056
      vertex -0.5305790424601675 -5.006420622930442 -2.206068545172343
      vertex -0.5305790424601675 -16.30609159842116 -13.505739520663056
    endloop
  endfacet
  facet normal 0.1950903220161263 0.693519922661074 -0.6935199226610742
    outer loop
      vertex -0.5305790424601675 -16.30609159842116 -13.505739520663056
      vertex -0.2675786940511057 -5.043412222583847 -2.169076945518938
      vertex -0.2675786940511057 -16.380074797727968 -13.505739520663056
    endloop
  endfacet
  facet normal 0.06540312923014051 0.7055928112895232 -0.7055928112895234
    outer loop
      vertex -0.2675786940511057 -16.380074797727968 -13.505739520663056
      vertex 0 -5.055813485483815 -2.15667568261897
      vertex 0 -16.404877323527902 -13.505739520663056
    endloop
  endfacet
  facet normal 0.9469301294951059 -0.22729202565684287 0.22729202565684287
    outer loop
      vertex -1.98014794389259 -12.755387442904958 -13.505739520663056
      vertex -1.8939530416481376 -12.396287515363351 -13.505739520663056
      vertex -1.98014794389259 -3.231068545172343 -3.981420622930442
    endloop
  endfacet
  facet normal 0.8968727415326889 0.3127453320959711 -0.3127453320959712
    outer loop
      vertex -1.775352077758099 -14.95530842209548 -13.505739520663056
      vertex -1.8939530416481376 -14.61519152596276 -13.505739520663056
      vertex -1.775352077758099 -4.331029034767604 -2.8814601333351813
    endloop
  endfacet
  facet normal 0.9807852804032308 0.13794968964147036 -0.13794968964147036
    outer loop
      vertex -1.98014794389259 -14.256091598421154 -13.505739520663056
      vertex -2.032461965816311 -13.884152938792209 -13.505739520663056
      vertex -1.98014794389259 -3.981420622930442 -3.231068545172343
    endloop
  endfacet
  facet normal 0.946930129495106 0.22729202565684284 -0.22729202565684287
    outer loop
      vertex -1.98014794389259 -14.256091598421154 -13.505739520663056
      vertex -1.8939530416481376 -4.160970586701244 -3.0515185814015404
      vertex -1.8939530416481376 -14.61519152596276 -13.505739520663056
    endloop
  endfacet
  facet normal 0.831469612302542 0.3928474791935546 -0.3928474791935545
    outer loop
      vertex -1.626374347597032 -15.27062279242826 -13.505739520663056
      vertex -1.775352077758099 -14.95530842209548 -13.505739520663056
      vertex -1.626374347597032 -4.488686219933995 -2.7238029481687898
    endloop
  endfacet
  facet normal 0.9978589232386035 -0.04624699618945473 0.04624699618945473
    outer loop
      vertex -2.05 -13.505739520663056 -13.505739520663056
      vertex -2.032461965816311 -13.127326102533901 -13.505739520663056
      vertex -2.05 -3.6062445840513924 -3.6062445840513924
    endloop
  endfacet
  facet normal 0.9978589232386035 0.04624699618945494 -0.04624699618945493
    outer loop
      vertex -2.032461965816311 -13.884152938792209 -13.505739520663056
      vertex -2.05 -13.505739520663056 -13.505739520663056
      vertex -2.032461965816311 -3.7954512931159696 -3.417037874986815
    endloop
  endfacet
  facet normal 0.9807852804032305 -0.137949689641471 0.137949689641471
    outer loop
      vertex -2.032461965816311 -13.127326102533901 -13.505739520663056
      vertex -1.98014794389259 -12.755387442904958 -13.505739520663056
      vertex -2.032461965816311 -3.417037874986815 -3.7954512931159696
    endloop
  endfacet
  facet normal 0.896872741532688 -0.31274533209597244 0.3127453320959724
    outer loop
      vertex -1.8939530416481376 -12.396287515363351 -13.505739520663056
      vertex -1.775352077758099 -12.056170619230633 -13.505739520663056
      vertex -1.8939530416481376 -3.0515185814015404 -4.160970586701244
    endloop
  endfacet
  facet normal 0.8314696123025449 -0.3928474791935515 0.39284747919355145
    outer loop
      vertex -1.775352077758099 -12.056170619230633 -13.505739520663056
      vertex -1.626374347597032 -11.74085624889785 -13.505739520663056
      vertex -1.775352077758099 -2.8814601333351813 -4.331029034767604
    endloop
  endfacet
  facet normal 0.5555702330195997 -0.5879378012096805 0.5879378012096805
    outer loop
      vertex -1.2479609294678773 -11.20569886079564 -13.505739520663056
      vertex -1.025 -10.9950125343103 -13.505739520663056
      vertex -1.2479609294678773 -2.456224254117684 -4.756264913985101
    endloop
  endfacet
  facet normal 0.7518398074789788 -0.4662278970042291 0.4662278970042291
    outer loop
      vertex -1.626374347597032 -11.74085624889785 -13.505739520663056
      vertex -1.4495689014324225 -11.455739520663055 -13.505739520663056
      vertex -1.626374347597032 -2.7238029481687898 -4.488686219933995
    endloop
  endfacet
  facet normal 0.6593458151000672 -0.5316310262343743 0.5316310262343743
    outer loop
      vertex -1.4495689014324225 -11.455739520663055 -13.505739520663056
      vertex -1.2479609294678773 -11.20569886079564 -13.505739520663056
      vertex -1.4495689014324225 -2.5812445840513925 -4.631244584051393
    endloop
  endfacet
  facet normal 0.44228869021900724 -0.6341847973991315 0.6341847973991316
    outer loop
      vertex -1.025 -10.9950125343103 -13.505739520663056
      vertex -0.7845010363484339 -10.827285442666483 -13.505739520663056
      vertex -1.025 -2.350881090875014 -4.861608077227771
    endloop
  endfacet
  facet normal 0.3214394653031663 -0.6695807158758438 0.6695807158758436
    outer loop
      vertex -0.7845010363484339 -10.827285442666483 -13.505739520663056
      vertex -0.5305790424601675 -10.705387442904954 -13.505739520663056
      vertex -0.7845010363484339 -2.2670175450531067 -4.945471623049678
    endloop
  endfacet
  facet normal 0.19509032201612184 -0.6935199226610748 0.6935199226610745
    outer loop
      vertex -0.5305790424601675 -10.705387442904954 -13.505739520663056
      vertex -0.2675786940511057 -10.631404243598146 -13.505739520663056
      vertex -0.5305790424601675 -2.206068545172343 -5.006420622930442
    endloop
  endfacet
  facet normal 0.06540312923014052 -0.7055928112895233 0.7055928112895232
    outer loop
      vertex -0.2675786940511057 -10.631404243598146 -13.505739520663056
      vertex 0 -10.606601717798211 -13.505739520663056
      vertex -0.2675786940511057 -2.169076945518938 -5.043412222583847
    endloop
  endfacet
  facet normal 0.9807852804032304 -0.13794968964147153 0.13794968964147153
    outer loop
      vertex -1.98014794389259 -12.755387442904958 -13.505739520663056
      vertex -1.98014794389259 -3.231068545172343 -3.981420622930442
      vertex -2.032461965816311 -3.417037874986815 -3.7954512931159696
    endloop
  endfacet
  facet normal 0.9469301294951054 -0.2272920256568442 0.22729202565684417
    outer loop
      vertex -1.8939530416481376 -12.396287515363351 -13.505739520663056
      vertex -1.8939530416481376 -3.0515185814015404 -4.160970586701244
      vertex -1.98014794389259 -3.231068545172343 -3.981420622930442
    endloop
  endfacet
  facet normal 0.8968727415326878 -0.3127453320959727 0.31274533209597266
    outer loop
      vertex -1.775352077758099 -12.056170619230633 -13.505739520663056
      vertex -1.775352077758099 -2.8814601333351813 -4.331029034767604
      vertex -1.8939530416481376 -3.0515185814015404 -4.160970586701244
    endloop
  endfacet
  facet normal 0.6593458151000677 -0.531631026234374 0.531631026234374
    outer loop
      vertex -1.2479609294678773 -11.20569886079564 -13.505739520663056
      vertex -1.2479609294678773 -2.456224254117684 -4.756264913985101
      vertex -1.4495689014324225 -2.5812445840513925 -4.631244584051393
    endloop
  endfacet
  facet normal 0.7518398074789769 -0.46622789700423056 0.46622789700423056
    outer loop
      vertex -1.4495689014324225 -11.455739520663055 -13.505739520663056
      vertex -1.4495689014324225 -2.5812445840513925 -4.631244584051393
      vertex -1.626374347597032 -2.7238029481687898 -4.488686219933995
    endloop
  endfacet
  facet normal 0.8314696123025469 -0.3928474791935493 0.3928474791935493
    outer loop
      vertex -1.626374347597032 -11.74085624889785 -13.505739520663056
      vertex -1.626374347597032 -2.7238029481687898 -4.488686219933995
      vertex -1.775352077758099 -2.8814601333351813 -4.331029034767604
    endloop
  endfacet
  facet normal 0.5555702330196043 -0.5879378012096783 0.5879378012096784
    outer loop
      vertex -1.025 -10.9950125343103 -13.505739520663056
      vertex -1.025 -2.350881090875014 -4.861608077227771
      vertex -1.2479609294678773 -2.456224254117684 -4.756264913985101
    endloop
  endfacet
  facet normal 0.44228869021899575 -0.6341847973991356 0.6341847973991355
    outer loop
      vertex -0.7845010363484339 -10.827285442666483 -13.505739520663056
      vertex -0.7845010363484339 -2.2670175450531067 -4.945471623049678
      vertex -1.025 -2.350881090875014 -4.861608077227771
    endloop
  endfacet
  facet normal 0.3214394653031669 -0.6695807158758437 0.6695807158758434
    outer loop
      vertex -0.5305790424601675 -10.705387442904954 -13.505739520663056
      vertex -0.5305790424601675 -2.206068545172343 -5.006420622930442
      vertex -0.7845010363484339 -2.2670175450531067 -4.945471623049678
    endloop
  endfacet
  facet normal 0.19509032201612628 -0.6935199226610741 0.693519922661074
    outer loop
      vertex -0.2675786940511057 -10.631404243598146 -13.505739520663056
      vertex -0.2675786940511057 -2.169076945518938 -5.043412222583847
      vertex -0.5305790424601675 -2.206068545172343 -5.006420622930442
    endloop
  endfacet
  facet normal 0.06540312923014169 -0.7055928112895233 0.7055928112895231
    outer loop
      vertex -0.2675786940511057 -2.169076945518938 -5.043412222583847
      vertex 0 -10.606601717798211 -13.505739520663056
      vertex 0 -2.15667568261897 -5.055813485483815
    endloop
  endfacet
  facet normal 0.5555702330196027 0.5879378012096791 -0.5879378012096791
    outer loop
      vertex -1.2479609294678773 -15.805780180530473 -13.505739520663056
      vertex -1.2479609294678773 -4.756264913985101 -2.456224254117684
      vertex -1.025 -4.861608077227771 -2.350881090875014
    endloop
  endfacet
  facet normal 0.659345815100068 0.5316310262343739 -0.5316310262343739
    outer loop
      vertex -1.4495689014324225 -15.555739520663057 -13.505739520663056
      vertex -1.4495689014324225 -4.631244584051393 -2.5812445840513925
      vertex -1.2479609294678773 -4.756264913985101 -2.456224254117684
    endloop
  endfacet
  facet normal 0.9469301294951057 0.2272920256568435 -0.2272920256568435
    outer loop
      vertex -1.98014794389259 -14.256091598421154 -13.505739520663056
      vertex -1.98014794389259 -3.981420622930442 -3.231068545172343
      vertex -1.8939530416481376 -4.160970586701244 -3.0515185814015404
    endloop
  endfacet
  facet normal 0.9807852804032304 0.13794968964147153 -0.13794968964147147
    outer loop
      vertex -2.032461965816311 -13.884152938792209 -13.505739520663056
      vertex -2.032461965816311 -3.7954512931159696 -3.417037874986815
      vertex -1.98014794389259 -3.981420622930442 -3.231068545172343
    endloop
  endfacet
  facet normal 0.8968727415326881 0.3127453320959722 -0.3127453320959723
    outer loop
      vertex -1.8939530416481376 -14.61519152596276 -13.505739520663056
      vertex -1.8939530416481376 -4.160970586701244 -3.0515185814015404
      vertex -1.775352077758099 -4.331029034767604 -2.8814601333351813
    endloop
  endfacet
  facet normal 0.8314696123025476 0.3928474791935487 -0.39284747919354884
    outer loop
      vertex -1.775352077758099 -14.95530842209548 -13.505739520663056
      vertex -1.775352077758099 -4.331029034767604 -2.8814601333351813
      vertex -1.626374347597032 -4.488686219933995 -2.7238029481687898
    endloop
  endfacet
  facet normal 0.751839807478977 0.4662278970042305 -0.46622789700423034
    outer loop
      vertex -1.626374347597032 -15.27062279242826 -13.505739520663056
      vertex -1.626374347597032 -4.488686219933995 -2.7238029481687898
      vertex -1.4495689014324225 -4.631244584051393 -2.5812445840513925
    endloop
  endfacet
  facet normal 0.44228869021899675 0.6341847973991352 -0.634184797399135
    outer loop
      vertex -1.025 -16.01646650701581 -13.505739520663056
      vertex -1.025 -4.861608077227771 -2.350881090875014
      vertex -0.7845010363484339 -4.945471623049678 -2.2670175450531067
    endloop
  endfacet
  facet normal 0.3214394653031661 0.6695807158758434 -0.6695807158758437
    outer loop
      vertex -0.7845010363484339 -16.18419359865963 -13.505739520663056
      vertex -0.7845010363484339 -4.945471623049678 -2.2670175450531067
      vertex -0.5305790424601675 -5.006420622930442 -2.206068545172343
    endloop
  endfacet
  facet normal 0.19509032201612708 0.6935199226610738 -0.693519922661074
    outer loop
      vertex -0.5305790424601675 -16.30609159842116 -13.505739520663056
      vertex -0.5305790424601675 -5.006420622930442 -2.206068545172343
      vertex -0.2675786940511057 -5.043412222583847 -2.169076945518938
    endloop
  endfacet
  facet normal 0.06540312923014358 0.7055928112895229 -0.7055928112895231
    outer loop
      vertex -0.2675786940511057 -16.380074797727968 -13.505739520663056
      vertex -0.2675786940511057 -5.043412222583847 -2.169076945518938
      vertex 0 -5.055813485483815 -2.15667568261897
    endloop
  endfacet
  facet normal 0.9978589232386035 0.04624699618945447 -0.04624699618945447
    outer loop
      vertex -2.05 -13.505739520663056 -13.505739520663056
      vertex -2.05 -3.6062445840513924 -3.6062445840513924
      vertex -2.032461965816311 -3.7954512931159696 -3.417037874986815
    endloop
  endfacet
  facet normal 0.9978589232386035 -0.04624699618945478 0.04624699618945478
    outer loop
      vertex -2.032461965816311 -13.127326102533901 -13.505739520663056
      vertex -2.032461965816311 -3.417037874986815 -3.7954512931159696
      vertex -2.05 -3.6062445840513924 -3.6062445840513924
    endloop
  endfacet
  facet normal 8.842866327516593e-15 -0.7071067811865487 -0.7071067811865464
    outer loop
      vertex -1.98014794389259 -3.231068545172343 -3.981420622930442
      vertex -1.8939530416481376 -3.0515185814015404 -4.160970586701244
      vertex -2.032461965816311 -3.417037874986815 -3.7954512931159696
    endloop
  endfacet
  facet normal 2.063716849994038e-15 -0.7071067811865476 -0.7071067811865476
    outer loop
      vertex -1.775352077758099 -4.331029034767604 -2.8814601333351813
      vertex -1.775352077758099 -2.8814601333351813 -4.331029034767604
      vertex -1.626374347597032 -2.7238029481687898 -4.488686219933995
    endloop
  endfacet
  facet normal -1.6332931894046378e-15 -0.7071067811865476 -0.7071067811865476
    outer loop
      vertex -1.626374347597032 -4.488686219933995 -2.7238029481687898
      vertex -1.626374347597032 -2.7238029481687898 -4.488686219933995
      vertex -1.4495689014324225 -2.5812445840513925 -4.631244584051393
    endloop
  endfacet
  facet normal 8.699504584407189e-16 -0.7071067811865475 -0.7071067811865475
    outer loop
      vertex -1.4495689014324225 -4.631244584051393 -2.5812445840513925
      vertex -1.4495689014324225 -2.5812445840513925 -4.631244584051393
      vertex -1.2479609294678773 -2.456224254117684 -4.756264913985101
    endloop
  endfacet
  facet normal -1.3359529873733941e-15 -0.7071067811865476 -0.7071067811865476
    outer loop
      vertex -1.2479609294678773 -4.756264913985101 -2.456224254117684
      vertex -1.2479609294678773 -2.456224254117684 -4.756264913985101
      vertex -1.025 -2.350881090875014 -4.861608077227771
    endloop
  endfacet
  facet normal 1.3310443861594268e-15 -0.7071067811865476 -0.7071067811865476
    outer loop
      vertex -1.025 -4.861608077227771 -2.350881090875014
      vertex -1.025 -2.350881090875014 -4.861608077227771
      vertex -0.7845010363484339 -2.2670175450531067 -4.945471623049678
    endloop
  endfacet
  facet normal -3.773549753650706e-16 -0.7071067811865475 -0.7071067811865475
    outer loop
      vertex -0.7845010363484339 -4.945471623049678 -2.2670175450531067
      vertex -0.7845010363484339 -2.2670175450531067 -4.945471623049678
      vertex -0.5305790424601675 -2.206068545172343 -5.006420622930442
    endloop
  endfacet
  facet normal -1.5360984060687436e-15 -0.7071067811865476 -0.7071067811865476
    outer loop
      vertex -0.5305790424601675 -5.006420622930442 -2.206068545172343
      vertex -0.5305790424601675 -2.206068545172343 -5.006420622930442
      vertex -0.2675786940511057 -2.169076945518938 -5.043412222583847
    endloop
  endfacet
  facet normal 1.2934598316754257e-15 -0.7071067811865476 -0.7071067811865476
    outer loop
      vertex -0.2675786940511057 -5.043412222583847 -2.169076945518938
      vertex -0.2675786940511057 -2.169076945518938 -5.043412222583847
      vertex 0 -2.15667568261897 -5.055813485483815
    endloop
  endfacet
  facet normal 9.89655113801463e-16 -0.7071067811865475 -0.7071067811865477
    outer loop
      vertex -1.98014794389259 -3.981420622930442 -3.231068545172343
      vertex -2.032461965816311 -3.7954512931159696 -3.417037874986815
      vertex -1.8939530416481376 -3.0515185814015404 -4.160970586701244
    endloop
  endfacet
  facet normal 3.656250033823837e-15 -0.7071067811865476 -0.7071067811865476
    outer loop
      vertex -1.98014794389259 -3.981420622930442 -3.231068545172343
      vertex -1.8939530416481376 -3.0515185814015404 -4.160970586701244
      vertex -1.8939530416481376 -4.160970586701244 -3.0515185814015404
    endloop
  endfacet
  facet normal -5.311308564542172e-15 -0.7071067811865476 -0.7071067811865475
    outer loop
      vertex -1.8939530416481376 -4.160970586701244 -3.0515185814015404
      vertex -1.775352077758099 -2.8814601333351813 -4.331029034767604
      vertex -1.775352077758099 -4.331029034767604 -2.8814601333351813
    endloop
  endfacet
  facet normal 2.0800810872168067e-15 -0.7071067811865477 -0.7071067811865475
    outer loop
      vertex -1.775352077758099 -4.331029034767604 -2.8814601333351813
      vertex -1.626374347597032 -2.7238029481687898 -4.488686219933995
      vertex -1.626374347597032 -4.488686219933995 -2.7238029481687898
    endloop
  endfacet
  facet normal -1.806868023506816e-15 -0.7071067811865476 -0.7071067811865476
    outer loop
      vertex -1.626374347597032 -4.488686219933995 -2.7238029481687898
      vertex -1.4495689014324225 -2.5812445840513925 -4.631244584051393
      vertex -1.4495689014324225 -4.631244584051393 -2.5812445840513925
    endloop
  endfacet
  facet normal 1.544716983709178e-15 -0.7071067811865475 -0.7071067811865475
    outer loop
      vertex -1.2479609294678773 -4.756264913985101 -2.456224254117684
      vertex -1.4495689014324225 -4.631244584051393 -2.5812445840513925
      vertex -1.2479609294678773 -2.456224254117684 -4.756264913985101
    endloop
  endfacet
  facet normal 2.9324369283175645e-15 -0.7071067811865477 -0.7071067811865474
    outer loop
      vertex -2.05 -3.6062445840513924 -3.6062445840513924
      vertex -2.032461965816311 -3.417037874986815 -3.7954512931159696
      vertex -1.8939530416481376 -3.0515185814015404 -4.160970586701244
    endloop
  endfacet
  facet normal 1.5346586195106643e-15 -0.7071067811865475 -0.7071067811865477
    outer loop
      vertex -2.05 -3.6062445840513924 -3.6062445840513924
      vertex -1.8939530416481376 -3.0515185814015404 -4.160970586701244
      vertex -2.032461965816311 -3.7954512931159696 -3.417037874986815
    endloop
  endfacet
  facet normal -5.406750215608347e-15 -0.7071067811865476 -0.7071067811865476
    outer loop
      vertex -1.8939530416481376 -4.160970586701244 -3.0515185814015404
      vertex -1.8939530416481376 -3.0515185814015404 -4.160970586701244
      vertex -1.775352077758099 -2.8814601333351813 -4.331029034767604
    endloop
  endfacet
  facet normal -1.4060358619306485e-15 -0.7071067811865476 -0.7071067811865474
    outer loop
      vertex -1.2479609294678773 -4.756264913985101 -2.456224254117684
      vertex -1.025 -2.350881090875014 -4.861608077227771
      vertex -1.025 -4.861608077227771 -2.350881090875014
    endloop
  endfacet
  facet normal 1.3056949736814476e-15 -0.7071067811865476 -0.7071067811865476
    outer loop
      vertex -1.025 -4.861608077227771 -2.350881090875014
      vertex -0.7845010363484339 -2.2670175450531067 -4.945471623049678
      vertex -0.7845010363484339 -4.945471623049678 -2.2670175450531067
    endloop
  endfacet
  facet normal -7.65129197630559e-19 -0.7071067811865475 -0.7071067811865475
    outer loop
      vertex -0.7845010363484339 -4.945471623049678 -2.2670175450531067
      vertex -0.5305790424601675 -2.206068545172343 -5.006420622930442
      vertex -0.5305790424601675 -5.006420622930442 -2.206068545172343
    endloop
  endfacet
  facet normal 1.171967658374348e-15 -0.7071067811865475 -0.7071067811865476
    outer loop
      vertex -0.2675786940511057 -5.043412222583847 -2.169076945518938
      vertex 0 -2.15667568261897 -5.055813485483815
      vertex 0 -5.055813485483815 -2.15667568261897
    endloop
  endfacet
  facet normal -1.1981301423138777e-15 -0.7071067811865476 -0.7071067811865476
    outer loop
      vertex -0.5305790424601675 -5.006420622930442 -2.206068545172343
      vertex -0.2675786940511057 -2.169076945518938 -5.043412222583847
      vertex -0.2675786940511057 -5.043412222583847 -2.169076945518938
    endloop
  endfacet
  facet normal -0.3214394653031661 0.6695807158758434 -0.6695807158758437
    outer loop
      vertex 0.5305790424601675 -16.30609159842116 -13.505739520663056
      vertex 0.7845010363484339 -4.945471623049678 -2.2670175450531067
      vertex 0.7845010363484339 -16.18419359865963 -13.505739520663056
    endloop
  endfacet
  facet normal -0.4422886902190111 0.6341847973991303 -0.63418479739913
    outer loop
      vertex 0.7845010363484339 -16.18419359865963 -13.505739520663056
      vertex 1.025 -4.861608077227771 -2.350881090875014
      vertex 1.025 -16.01646650701581 -13.505739520663056
    endloop
  endfacet
  facet normal -0.0654031292301405 0.705592811289523 -0.7055928112895232
    outer loop
      vertex 0 -16.404877323527902 -13.505739520663056
      vertex 0.2675786940511057 -5.043412222583847 -2.169076945518938
      vertex 0.2675786940511057 -16.380074797727968 -13.505739520663056
    endloop
  endfacet
  facet normal -0.1950903220161263 0.693519922661074 -0.6935199226610742
    outer loop
      vertex 0.2675786940511057 -16.380074797727968 -13.505739520663056
      vertex 0.5305790424601675 -5.006420622930442 -2.206068545172343
      vertex 0.5305790424601675 -16.30609159842116 -13.505739520663056
    endloop
  endfacet
  facet normal -0.5555702330195964 0.5879378012096821 -0.5879378012096821
    outer loop
      vertex 1.025 -16.01646650701581 -13.505739520663056
      vertex 1.2479609294678773 -4.756264913985101 -2.456224254117684
      vertex 1.2479609294678773 -15.805780180530473 -13.505739520663056
    endloop
  endfacet
  facet normal -0.6593458151000672 0.5316310262343742 -0.5316310262343742
    outer loop
      vertex 1.2479609294678773 -15.805780180530473 -13.505739520663056
      vertex 1.2479609294678773 -4.756264913985101 -2.456224254117684
      vertex 1.4495689014324225 -15.555739520663057 -13.505739520663056
    endloop
  endfacet
  facet normal -0.7518398074789808 0.46622789700422745 -0.46622789700422745
    outer loop
      vertex 1.4495689014324225 -15.555739520663057 -13.505739520663056
      vertex 1.4495689014324225 -4.631244584051393 -2.5812445840513925
      vertex 1.626374347597032 -15.27062279242826 -13.505739520663056
    endloop
  endfacet
  facet normal -0.9469301294951059 -0.22729202565684287 0.22729202565684287
    outer loop
      vertex 1.98014794389259 -12.755387442904958 -13.505739520663056
      vertex 1.98014794389259 -3.231068545172343 -3.981420622930442
      vertex 1.8939530416481376 -12.396287515363351 -13.505739520663056
    endloop
  endfacet
  facet normal -0.831469612302542 0.3928474791935546 -0.3928474791935545
    outer loop
      vertex 1.626374347597032 -15.27062279242826 -13.505739520663056
      vertex 1.626374347597032 -4.488686219933995 -2.7238029481687898
      vertex 1.775352077758099 -14.95530842209548 -13.505739520663056
    endloop
  endfacet
  facet normal -0.8968727415326889 0.3127453320959711 -0.3127453320959712
    outer loop
      vertex 1.775352077758099 -14.95530842209548 -13.505739520663056
      vertex 1.775352077758099 -4.331029034767604 -2.8814601333351813
      vertex 1.8939530416481376 -14.61519152596276 -13.505739520663056
    endloop
  endfacet
  facet normal -0.9807852804032308 0.13794968964147036 -0.13794968964147036
    outer loop
      vertex 1.98014794389259 -14.256091598421154 -13.505739520663056
      vertex 1.98014794389259 -3.981420622930442 -3.231068545172343
      vertex 2.032461965816311 -13.884152938792209 -13.505739520663056
    endloop
  endfacet
  facet normal -0.946930129495106 0.22729202565684284 -0.22729202565684287
    outer loop
      vertex 1.8939530416481376 -14.61519152596276 -13.505739520663056
      vertex 1.8939530416481376 -4.160970586701244 -3.0515185814015404
      vertex 1.98014794389259 -14.256091598421154 -13.505739520663056
    endloop
  endfacet
  facet normal -0.9978589232386035 0.04624699618945494 -0.04624699618945493
    outer loop
      vertex 2.032461965816311 -13.884152938792209 -13.505739520663056
      vertex 2.032461965816311 -3.7954512931159696 -3.417037874986815
      vertex 2.05 -13.505739520663056 -13.505739520663056
    endloop
  endfacet
  facet normal -0.9978589232386035 -0.04624699618945473 0.04624699618945473
    outer loop
      vertex 2.05 -13.505739520663056 -13.505739520663056
      vertex 2.05 -3.6062445840513924 -3.6062445840513924
      vertex 2.032461965816311 -13.127326102533901 -13.505739520663056
    endloop
  endfacet
  facet normal -0.9807852804032305 -0.137949689641471 0.137949689641471
    outer loop
      vertex 2.032461965816311 -13.127326102533901 -13.505739520663056
      vertex 2.032461965816311 -3.417037874986815 -3.7954512931159696
      vertex 1.98014794389259 -12.755387442904958 -13.505739520663056
    endloop
  endfacet
  facet normal -0.5555702330195996 -0.5879378012096804 0.5879378012096805
    outer loop
      vertex 1.025 -10.9950125343103 -13.505739520663056
      vertex 1.2479609294678773 -11.20569886079564 -13.505739520663056
      vertex 1.025 -2.350881090875014 -4.861608077227771
    endloop
  endfacet
  facet normal -0.06540312923014051 -0.7055928112895233 0.7055928112895233
    outer loop
      vertex 0 -10.606601717798211 -13.505739520663056
      vertex 0.2675786940511057 -10.631404243598146 -13.505739520663056
      vertex 0 -2.15667568261897 -5.055813485483815
    endloop
  endfacet
  facet normal -0.19509032201612184 -0.6935199226610747 0.6935199226610745
    outer loop
      vertex 0.2675786940511057 -10.631404243598146 -13.505739520663056
      vertex 0.5305790424601675 -10.705387442904954 -13.505739520663056
      vertex 0.2675786940511057 -2.169076945518938 -5.043412222583847
    endloop
  endfacet
  facet normal -0.3214394653031662 -0.6695807158758438 0.6695807158758434
    outer loop
      vertex 0.5305790424601675 -10.705387442904954 -13.505739520663056
      vertex 0.7845010363484339 -10.827285442666483 -13.505739520663056
      vertex 0.5305790424601675 -2.206068545172343 -5.006420622930442
    endloop
  endfacet
  facet normal -0.4422886902190073 -0.6341847973991316 0.6341847973991314
    outer loop
      vertex 1.025 -10.9950125343103 -13.505739520663056
      vertex 0.7845010363484339 -2.2670175450531067 -4.945471623049678
      vertex 0.7845010363484339 -10.827285442666483 -13.505739520663056
    endloop
  endfacet
  facet normal -0.8314696123025449 -0.3928474791935515 0.39284747919355145
    outer loop
      vertex 1.626374347597032 -11.74085624889785 -13.505739520663056
      vertex 1.775352077758099 -12.056170619230633 -13.505739520663056
      vertex 1.775352077758099 -2.8814601333351813 -4.331029034767604
    endloop
  endfacet
  facet normal -0.6593458151000672 -0.5316310262343743 0.5316310262343743
    outer loop
      vertex 1.4495689014324225 -11.455739520663055 -13.505739520663056
      vertex 1.4495689014324225 -2.5812445840513925 -4.631244584051393
      vertex 1.2479609294678773 -11.20569886079564 -13.505739520663056
    endloop
  endfacet
  facet normal -0.7518398074789788 -0.4662278970042291 0.46622789700422923
    outer loop
      vertex 1.4495689014324225 -11.455739520663055 -13.505739520663056
      vertex 1.626374347597032 -11.74085624889785 -13.505739520663056
      vertex 1.626374347597032 -2.7238029481687898 -4.488686219933995
    endloop
  endfacet
  facet normal -0.896872741532688 -0.31274533209597244 0.3127453320959724
    outer loop
      vertex 1.8939530416481376 -12.396287515363351 -13.505739520663056
      vertex 1.8939530416481376 -3.0515185814015404 -4.160970586701244
      vertex 1.775352077758099 -12.056170619230633 -13.505739520663056
    endloop
  endfacet
  facet normal -0.06540312923014543 -0.705592811289523 0.7055928112895229
    outer loop
      vertex 0.2675786940511057 -10.631404243598146 -13.505739520663056
      vertex 0.2675786940511057 -2.169076945518938 -5.043412222583847
      vertex 0 -2.15667568261897 -5.055813485483815
    endloop
  endfacet
  facet normal -0.19509032201612686 -0.6935199226610741 0.6935199226610739
    outer loop
      vertex 0.5305790424601675 -10.705387442904954 -13.505739520663056
      vertex 0.5305790424601675 -2.206068545172343 -5.006420622930442
      vertex 0.2675786940511057 -2.169076945518938 -5.043412222583847
    endloop
  endfacet
  facet normal -0.3214394653031664 -0.6695807158758438 0.6695807158758436
    outer loop
      vertex 0.7845010363484339 -10.827285442666483 -13.505739520663056
      vertex 0.7845010363484339 -2.2670175450531067 -4.945471623049678
      vertex 0.5305790424601675 -2.206068545172343 -5.006420622930442
    endloop
  endfacet
  facet normal -0.44228869021900047 -0.6341847973991338 0.6341847973991339
    outer loop
      vertex 1.025 -10.9950125343103 -13.505739520663056
      vertex 1.025 -2.350881090875014 -4.861608077227771
      vertex 0.7845010363484339 -2.2670175450531067 -4.945471623049678
    endloop
  endfacet
  facet normal -0.9807852804032304 -0.13794968964147178 0.13794968964147178
    outer loop
      vertex 1.98014794389259 -12.755387442904958 -13.505739520663056
      vertex 2.032461965816311 -3.417037874986815 -3.7954512931159696
      vertex 1.98014794389259 -3.231068545172343 -3.981420622930442
    endloop
  endfacet
  facet normal -0.9469301294951056 -0.22729202565684375 0.22729202565684373
    outer loop
      vertex 1.8939530416481376 -12.396287515363351 -13.505739520663056
      vertex 1.98014794389259 -3.231068545172343 -3.981420622930442
      vertex 1.8939530416481376 -3.0515185814015404 -4.160970586701244
    endloop
  endfacet
  facet normal -0.8968727415326877 -0.3127453320959729 0.31274533209597283
    outer loop
      vertex 1.775352077758099 -12.056170619230633 -13.505739520663056
      vertex 1.8939530416481376 -3.0515185814015404 -4.160970586701244
      vertex 1.775352077758099 -2.8814601333351813 -4.331029034767604
    endloop
  endfacet
  facet normal -0.5555702330196024 -0.5879378012096793 0.5879378012096793
    outer loop
      vertex 1.2479609294678773 -11.20569886079564 -13.505739520663056
      vertex 1.2479609294678773 -2.456224254117684 -4.756264913985101
      vertex 1.025 -2.350881090875014 -4.861608077227771
    endloop
  endfacet
  facet normal -0.6593458151000676 -0.531631026234374 0.531631026234374
    outer loop
      vertex 1.2479609294678773 -11.20569886079564 -13.505739520663056
      vertex 1.4495689014324225 -2.5812445840513925 -4.631244584051393
      vertex 1.2479609294678773 -2.456224254117684 -4.756264913985101
    endloop
  endfacet
  facet normal -0.7518398074789768 -0.46622789700423056 0.46622789700423056
    outer loop
      vertex 1.4495689014324225 -11.455739520663055 -13.505739520663056
      vertex 1.626374347597032 -2.7238029481687898 -4.488686219933995
      vertex 1.4495689014324225 -2.5812445840513925 -4.631244584051393
    endloop
  endfacet
  facet normal -0.8314696123025462 -0.39284747919354995 0.39284747919354995
    outer loop
      vertex 1.626374347597032 -11.74085624889785 -13.505739520663056
      vertex 1.775352077758099 -2.8814601333351813 -4.331029034767604
      vertex 1.626374347597032 -2.7238029481687898 -4.488686219933995
    endloop
  endfacet
  facet normal -0.44228869021899603 0.6341847973991354 -0.6341847973991355
    outer loop
      vertex 0.7845010363484339 -16.18419359865963 -13.505739520663056
      vertex 0.7845010363484339 -4.945471623049678 -2.2670175450531067
      vertex 1.025 -4.861608077227771 -2.350881090875014
    endloop
  endfacet
  facet normal -0.5555702330196025 0.5879378012096793 -0.5879378012096791
    outer loop
      vertex 1.025 -16.01646650701581 -13.505739520663056
      vertex 1.025 -4.861608077227771 -2.350881090875014
      vertex 1.2479609294678773 -4.756264913985101 -2.456224254117684
    endloop
  endfacet
  facet normal -0.6593458151000674 0.5316310262343742 -0.5316310262343742
    outer loop
      vertex 1.4495689014324225 -15.555739520663057 -13.505739520663056
      vertex 1.2479609294678773 -4.756264913985101 -2.456224254117684
      vertex 1.4495689014324225 -4.631244584051393 -2.5812445840513925
    endloop
  endfacet
  facet normal -0.9469301294951054 0.2272920256568441 -0.2272920256568441
    outer loop
      vertex 1.98014794389259 -14.256091598421154 -13.505739520663056
      vertex 1.8939530416481376 -4.160970586701244 -3.0515185814015404
      vertex 1.98014794389259 -3.981420622930442 -3.231068545172343
    endloop
  endfacet
  facet normal -0.9807852804032304 0.13794968964147156 -0.1379496896414715
    outer loop
      vertex 2.032461965816311 -13.884152938792209 -13.505739520663056
      vertex 1.98014794389259 -3.981420622930442 -3.231068545172343
      vertex 2.032461965816311 -3.7954512931159696 -3.417037874986815
    endloop
  endfacet
  facet normal -0.831469612302548 0.39284747919354807 -0.39284747919354823
    outer loop
      vertex 1.775352077758099 -14.95530842209548 -13.505739520663056
      vertex 1.626374347597032 -4.488686219933995 -2.7238029481687898
      vertex 1.775352077758099 -4.331029034767604 -2.8814601333351813
    endloop
  endfacet
  facet normal -0.7518398074789766 0.4662278970042309 -0.46622789700423073
    outer loop
      vertex 1.626374347597032 -15.27062279242826 -13.505739520663056
      vertex 1.4495689014324225 -4.631244584051393 -2.5812445840513925
      vertex 1.626374347597032 -4.488686219933995 -2.7238029481687898
    endloop
  endfacet
  facet normal -0.8968727415326879 0.31274533209597255 -0.3127453320959726
    outer loop
      vertex 1.8939530416481376 -14.61519152596276 -13.505739520663056
      vertex 1.775352077758099 -4.331029034767604 -2.8814601333351813
      vertex 1.8939530416481376 -4.160970586701244 -3.0515185814015404
    endloop
  endfacet
  facet normal -0.06540312923014262 0.7055928112895231 -0.7055928112895233
    outer loop
      vertex 0 -16.404877323527902 -13.505739520663056
      vertex 0 -5.055813485483815 -2.15667568261897
      vertex 0.2675786940511057 -5.043412222583847 -2.169076945518938
    endloop
  endfacet
  facet normal -0.19509032201612903 0.6935199226610735 -0.6935199226610738
    outer loop
      vertex 0.2675786940511057 -16.380074797727968 -13.505739520663056
      vertex 0.2675786940511057 -5.043412222583847 -2.169076945518938
      vertex 0.5305790424601675 -5.006420622930442 -2.206068545172343
    endloop
  endfacet
  facet normal -0.3214394653031643 0.669580715875844 -0.6695807158758442
    outer loop
      vertex 0.5305790424601675 -16.30609159842116 -13.505739520663056
      vertex 0.5305790424601675 -5.006420622930442 -2.206068545172343
      vertex 0.7845010363484339 -4.945471623049678 -2.2670175450531067
    endloop
  endfacet
  facet normal -0.9978589232386035 -0.04624699618945476 0.04624699618945476
    outer loop
      vertex 2.032461965816311 -13.127326102533901 -13.505739520663056
      vertex 2.05 -3.6062445840513924 -3.6062445840513924
      vertex 2.032461965816311 -3.417037874986815 -3.7954512931159696
    endloop
  endfacet
  facet normal -0.9978589232386036 0.04624699618945449 -0.04624699618945449
    outer loop
      vertex 2.05 -13.505739520663056 -13.505739520663056
      vertex 2.032461965816311 -3.7954512931159696 -3.417037874986815
      vertex 2.05 -3.6062445840513924 -3.6062445840513924
    endloop
  endfacet
  facet normal -1.5132465254533993e-15 -0.7071067811865476 -0.7071067811865476
    outer loop
      vertex 0.2675786940511057 -5.043412222583847 -2.169076945518938
      vertex 0 -2.15667568261897 -5.055813485483815
      vertex 0.2675786940511057 -2.169076945518938 -5.043412222583847
    endloop
  endfacet
  facet normal 1.3633651922274696e-15 -0.7071067811865476 -0.7071067811865476
    outer loop
      vertex 0.5305790424601675 -5.006420622930442 -2.206068545172343
      vertex 0.2675786940511057 -2.169076945518938 -5.043412222583847
      vertex 0.5305790424601675 -2.206068545172343 -5.006420622930442
    endloop
  endfacet
  facet normal -3.773549753650706e-16 -0.7071067811865475 -0.7071067811865475
    outer loop
      vertex 0.7845010363484339 -4.945471623049678 -2.2670175450531067
      vertex 0.5305790424601675 -2.206068545172343 -5.006420622930442
      vertex 0.7845010363484339 -2.2670175450531067 -4.945471623049678
    endloop
  endfacet
  facet normal -1.0147452622889492e-15 -0.7071067811865476 -0.7071067811865476
    outer loop
      vertex 1.025 -4.861608077227771 -2.350881090875014
      vertex 0.7845010363484339 -2.2670175450531067 -4.945471623049678
      vertex 1.025 -2.350881090875014 -4.861608077227771
    endloop
  endfacet
  facet normal -2.2071996652620995e-15 -0.7071067811865475 -0.7071067811865475
    outer loop
      vertex 1.4495689014324225 -4.631244584051393 -2.5812445840513925
      vertex 1.2479609294678773 -2.456224254117684 -4.756264913985101
      vertex 1.4495689014324225 -2.5812445840513925 -4.631244584051393
    endloop
  endfacet
  facet normal 1.2971236868798528e-15 -0.7071067811865476 -0.7071067811865476
    outer loop
      vertex 1.2479609294678773 -4.756264913985101 -2.456224254117684
      vertex 1.025 -2.350881090875014 -4.861608077227771
      vertex 1.2479609294678773 -2.456224254117684 -4.756264913985101
    endloop
  endfacet
  facet normal 2.15544952056689e-15 -0.7071067811865476 -0.7071067811865476
    outer loop
      vertex 1.626374347597032 -4.488686219933995 -2.7238029481687898
      vertex 1.4495689014324225 -2.5812445840513925 -4.631244584051393
      vertex 1.626374347597032 -2.7238029481687898 -4.488686219933995
    endloop
  endfacet
  facet normal -1.498207298110086e-15 -0.7071067811865476 -0.7071067811865476
    outer loop
      vertex 1.775352077758099 -4.331029034767604 -2.8814601333351813
      vertex 1.626374347597032 -2.7238029481687898 -4.488686219933995
      vertex 1.775352077758099 -2.8814601333351813 -4.331029034767604
    endloop
  endfacet
  facet normal -8.828198730320503e-15 -0.7071067811865488 -0.7071067811865461
    outer loop
      vertex 1.98014794389259 -3.231068545172343 -3.981420622930442
      vertex 2.032461965816311 -3.417037874986815 -3.7954512931159696
      vertex 1.8939530416481376 -3.0515185814015404 -4.160970586701244
    endloop
  endfacet
  facet normal -1.173731476549746e-15 -0.7071067811865475 -0.7071067811865475
    outer loop
      vertex 0 -5.055813485483815 -2.15667568261897
      vertex 0 -2.15667568261897 -5.055813485483815
      vertex 0.2675786940511057 -5.043412222583847 -2.169076945518938
    endloop
  endfacet
  facet normal 1.1924728628063913e-15 -0.7071067811865476 -0.7071067811865476
    outer loop
      vertex 0.2675786940511057 -5.043412222583847 -2.169076945518938
      vertex 0.2675786940511057 -2.169076945518938 -5.043412222583847
      vertex 0.5305790424601675 -5.006420622930442 -2.206068545172343
    endloop
  endfacet
  facet normal 1.1262394920096002e-17 -0.7071067811865475 -0.7071067811865475
    outer loop
      vertex 0.5305790424601675 -5.006420622930442 -2.206068545172343
      vertex 0.5305790424601675 -2.206068545172343 -5.006420622930442
      vertex 0.7845010363484339 -4.945471623049678 -2.2670175450531067
    endloop
  endfacet
  facet normal -1.3150491348063478e-15 -0.7071067811865476 -0.7071067811865476
    outer loop
      vertex 0.7845010363484339 -4.945471623049678 -2.2670175450531067
      vertex 0.7845010363484339 -2.2670175450531067 -4.945471623049678
      vertex 1.025 -4.861608077227771 -2.350881090875014
    endloop
  endfacet
  facet normal 1.3863516202213702e-15 -0.7071067811865476 -0.7071067811865476
    outer loop
      vertex 1.025 -4.861608077227771 -2.350881090875014
      vertex 1.025 -2.350881090875014 -4.861608077227771
      vertex 1.2479609294678773 -4.756264913985101 -2.456224254117684
    endloop
  endfacet
  facet normal -2.1266735770879248e-15 -0.7071067811865476 -0.7071067811865476
    outer loop
      vertex 1.626374347597032 -4.488686219933995 -2.7238029481687898
      vertex 1.626374347597032 -2.7238029481687898 -4.488686219933995
      vertex 1.775352077758099 -4.331029034767604 -2.8814601333351813
    endloop
  endfacet
  facet normal -8.236191381371211e-16 -0.7071067811865475 -0.7071067811865477
    outer loop
      vertex 1.98014794389259 -3.981420622930442 -3.231068545172343
      vertex 1.8939530416481376 -3.0515185814015404 -4.160970586701244
      vertex 2.032461965816311 -3.7954512931159696 -3.417037874986815
    endloop
  endfacet
  facet normal -3.557324479092528e-15 -0.7071067811865476 -0.7071067811865476
    outer loop
      vertex 1.8939530416481376 -4.160970586701244 -3.0515185814015404
      vertex 1.8939530416481376 -3.0515185814015404 -4.160970586701244
      vertex 1.98014794389259 -3.981420622930442 -3.231068545172343
    endloop
  endfacet
  facet normal 5.349518172317234e-15 -0.7071067811865475 -0.7071067811865476
    outer loop
      vertex 1.8939530416481376 -4.160970586701244 -3.0515185814015404
      vertex 1.775352077758099 -4.331029034767604 -2.8814601333351813
      vertex 1.775352077758099 -2.8814601333351813 -4.331029034767604
    endloop
  endfacet
  facet normal -1.536535498337036e-15 -0.7071067811865475 -0.7071067811865475
    outer loop
      vertex 1.2479609294678773 -4.756264913985101 -2.456224254117684
      vertex 1.2479609294678773 -2.456224254117684 -4.756264913985101
      vertex 1.4495689014324225 -4.631244584051393 -2.5812445840513925
    endloop
  endfacet
  facet normal 1.810259439207458e-15 -0.7071067811865476 -0.7071067811865476
    outer loop
      vertex 1.4495689014324225 -4.631244584051393 -2.5812445840513925
      vertex 1.4495689014324225 -2.5812445840513925 -4.631244584051393
      vertex 1.626374347597032 -4.488686219933995 -2.7238029481687898
    endloop
  endfacet
  facet normal 5.854837619038445e-15 -0.7071067811865476 -0.7071067811865476
    outer loop
      vertex 1.8939530416481376 -4.160970586701244 -3.0515185814015404
      vertex 1.775352077758099 -2.8814601333351813 -4.331029034767604
      vertex 1.8939530416481376 -3.0515185814015404 -4.160970586701244
    endloop
  endfacet
  facet normal -3.0430588045537682e-15 -0.7071067811865477 -0.7071067811865475
    outer loop
      vertex 2.05 -3.6062445840513924 -3.6062445840513924
      vertex 1.8939530416481376 -3.0515185814015404 -4.160970586701244
      vertex 2.032461965816311 -3.417037874986815 -3.7954512931159696
    endloop
  endfacet
  facet normal -1.4788704054878904e-15 -0.7071067811865475 -0.7071067811865477
    outer loop
      vertex 2.05 -3.6062445840513924 -3.6062445840513924
      vertex 2.032461965816311 -3.7954512931159696 -3.417037874986815
      vertex 1.8939530416481376 -3.0515185814015404 -4.160970586701244
    endloop
  endfacet
  facet normal 0 0 -1
    outer loop
      vertex -16.18419359865963 0.7845010363484339 -13.505739520663056
      vertex -18.274694342461828 -1.3967945281325778 -13.505739520663056
      vertex -18.491732244476257 -0.9446895146242007 -13.505739520663056
    endloop
  endfacet
  facet normal 0 0 -1
    outer loop
      vertex -16.18419359865963 0.7845010363484339 -13.505739520663056
      vertex -18.491732244476257 -0.9446895146242007 -13.505739520663056
      vertex -18.623458428607897 -0.4764206016031882 -13.505739520663056
    endloop
  endfacet
  facet normal 0 0 -1
    outer loop
      vertex -16.30609159842116 -0.5305790424601675 -13.505739520663056
      vertex -17.155739520663055 -2.5809397513308987 -13.505739520663056
      vertex -17.600933866280652 -2.2219792158818303 -13.505739520663056
    endloop
  endfacet
  facet normal 0 0 -1
    outer loop
      vertex -16.380074797727968 0.2675786940511057 -13.505739520663056
      vertex -17.600933866280652 -2.2219792158818303 -13.505739520663056
      vertex -17.976058301242354 -1.825 -13.505739520663056
    endloop
  endfacet
  facet normal 0 0 -1
    outer loop
      vertex -16.01646650701581 -1.025 -13.505739520663056
      vertex -16.648092663074273 -2.895739692063008 -13.505739520663056
      vertex -17.155739520663055 -2.5809397513308987 -13.505739520663056
    endloop
  endfacet
  facet normal 0 0 -1
    outer loop
      vertex -16.01646650701581 -1.025 -13.505739520663056
      vertex -17.155739520663055 -2.5809397513308987 -13.505739520663056
      vertex -16.18419359865963 -0.7845010363484339 -13.505739520663056
    endloop
  endfacet
  facet normal 0 0 -1
    outer loop
      vertex -16.18419359865963 -0.7845010363484339 -13.505739520663056
      vertex -17.155739520663055 -2.5809397513308987 -13.505739520663056
      vertex -16.30609159842116 -0.5305790424601675 -13.505739520663056
    endloop
  endfacet
  facet normal 0 0 -1
    outer loop
      vertex -16.18419359865963 0.7845010363484339 -13.505739520663056
      vertex -17.976058301242354 -1.825 -13.505739520663056
      vertex -18.274694342461828 -1.3967945281325778 -13.505739520663056
    endloop
  endfacet
  facet normal 0 0 -1
    outer loop
      vertex -16.30609159842116 -0.5305790424601675 -13.505739520663056
      vertex -17.600933866280652 -2.2219792158818303 -13.505739520663056
      vertex -16.380074797727968 -0.2675786940511057 -13.505739520663056
    endloop
  endfacet
  facet normal 0 0 -1
    outer loop
      vertex -16.380074797727968 -0.2675786940511057 -13.505739520663056
      vertex -17.600933866280652 -2.2219792158818303 -13.505739520663056
      vertex -16.404877323527902 0 -13.505739520663056
    endloop
  endfacet
  facet normal 0 0 -1
    outer loop
      vertex -16.404877323527902 0 -13.505739520663056
      vertex -17.600933866280652 -2.2219792158818303 -13.505739520663056
      vertex -16.380074797727968 0.2675786940511057 -13.505739520663056
    endloop
  endfacet
  facet normal 0 0 -1
    outer loop
      vertex -16.380074797727968 0.2675786940511057 -13.505739520663056
      vertex -17.976058301242354 -1.825 -13.505739520663056
      vertex -16.30609159842116 0.5305790424601675 -13.505739520663056
    endloop
  endfacet
  facet normal 0 0 -1
    outer loop
      vertex -16.30609159842116 0.5305790424601675 -13.505739520663056
      vertex -17.976058301242354 -1.825 -13.505739520663056
      vertex -16.18419359865963 0.7845010363484339 -13.505739520663056
    endloop
  endfacet
  facet normal 0 0 -1
    outer loop
      vertex -15.555739520663057 -1.4495689014324225 -13.505739520663056
      vertex -16.086679271993955 -3.1609927238132007 -13.505739520663056
      vertex -16.648092663074273 -2.895739692063008 -13.505739520663056
    endloop
  endfacet
  facet normal 0 0 -1
    outer loop
      vertex -15.27062279242826 -1.626374347597032 -13.505739520663056
      vertex -15.481105286196673 -3.3721602936661963 -13.505739520663056
      vertex -16.086679271993955 -3.1609927238132007 -13.505739520663056
    endloop
  endfacet
  facet normal 0 0 -1
    outer loop
      vertex -14.61519152596276 -1.8939530416481376 -13.505739520663056
      vertex -14.841732244476256 -3.525629265955099 -13.505739520663056
      vertex -15.481105286196673 -3.3721602936661963 -13.505739520663056
    endloop
  endfacet
  facet normal 0 0 -1
    outer loop
      vertex -14.95530842209548 -1.775352077758099 -13.505739520663056
      vertex -14.61519152596276 -1.8939530416481376 -13.505739520663056
      vertex -15.481105286196673 -3.3721602936661963 -13.505739520663056
    endloop
  endfacet
  facet normal 0 0 -1
    outer loop
      vertex -14.256091598421154 -1.98014794389259 -13.505739520663056
      vertex -14.179499996844235 -3.618773744014408 -13.505739520663056
      vertex -14.841732244476256 -3.525629265955099 -13.505739520663056
    endloop
  endfacet
  facet normal 0 0 -1
    outer loop
      vertex -14.61519152596276 -1.8939530416481376 -13.505739520663056
      vertex -14.256091598421154 -1.98014794389259 -13.505739520663056
      vertex -14.841732244476256 -3.525629265955099 -13.505739520663056
    endloop
  endfacet
  facet normal 0 0 -1
    outer loop
      vertex -15.805780180530473 -1.2479609294678773 -13.505739520663056
      vertex -15.555739520663057 -1.4495689014324225 -13.505739520663056
      vertex -16.648092663074273 -2.895739692063008 -13.505739520663056
    endloop
  endfacet
  facet normal 0 0 -1
    outer loop
      vertex -16.01646650701581 -1.025 -13.505739520663056
      vertex -15.805780180530473 -1.2479609294678773 -13.505739520663056
      vertex -16.648092663074273 -2.895739692063008 -13.505739520663056
    endloop
  endfacet
  facet normal 0 0 -1
    outer loop
      vertex -15.27062279242826 -1.626374347597032 -13.505739520663056
      vertex -16.086679271993955 -3.1609927238132007 -13.505739520663056
      vertex -15.555739520663057 -1.4495689014324225 -13.505739520663056
    endloop
  endfacet
  facet normal 0 0 -1
    outer loop
      vertex -15.27062279242826 -1.626374347597032 -13.505739520663056
      vertex -14.95530842209548 -1.775352077758099 -13.505739520663056
      vertex -15.481105286196673 -3.3721602936661963 -13.505739520663056
    endloop
  endfacet
  facet normal 0 0 -1
    outer loop
      vertex -14.256091598421154 -1.98014794389259 -13.505739520663056
      vertex -13.505739520663056 -3.65 -13.505739520663056
      vertex -14.179499996844235 -3.618773744014408 -13.505739520663056
    endloop
  endfacet
  facet normal 0 0 -1
    outer loop
      vertex -14.256091598421154 -1.98014794389259 -13.505739520663056
      vertex -12.831979044481878 -3.618773744014408 -13.505739520663056
      vertex -13.505739520663056 -3.65 -13.505739520663056
    endloop
  endfacet
  facet normal 0 0 -1
    outer loop
      vertex -14.256091598421154 -1.98014794389259 -13.505739520663056
      vertex -12.169746796849857 -3.525629265955099 -13.505739520663056
      vertex -12.831979044481878 -3.618773744014408 -13.505739520663056
    endloop
  endfacet
  facet normal 0 0 -1
    outer loop
      vertex -14.256091598421154 -1.98014794389259 -13.505739520663056
      vertex -13.884152938792209 -2.032461965816311 -13.505739520663056
      vertex -11.530373755129437 -3.3721602936661963 -13.505739520663056
    endloop
  endfacet
  facet normal 0 0 -1
    outer loop
      vertex -13.884152938792209 -2.032461965816311 -13.505739520663056
      vertex -13.505739520663056 -2.05 -13.505739520663056
      vertex -11.530373755129437 -3.3721602936661963 -13.505739520663056
    endloop
  endfacet
  facet normal 0 0 -1
    outer loop
      vertex -14.256091598421154 -1.98014794389259 -13.505739520663056
      vertex -11.530373755129437 -3.3721602936661963 -13.505739520663056
      vertex -12.169746796849857 -3.525629265955099 -13.505739520663056
    endloop
  endfacet
  facet normal 0 0 -1
    outer loop
      vertex -13.505739520663056 -2.05 -13.505739520663056
      vertex -13.127326102533901 -2.032461965816311 -13.505739520663056
      vertex -11.530373755129437 -3.3721602936661963 -13.505739520663056
    endloop
  endfacet
  facet normal 0 0 -1
    outer loop
      vertex -13.127326102533901 -2.032461965816311 -13.505739520663056
      vertex -12.755387442904958 -1.98014794389259 -13.505739520663056
      vertex -10.924799769332157 -3.1609927238132007 -13.505739520663056
    endloop
  endfacet
  facet normal 0 0 -1
    outer loop
      vertex -12.755387442904958 -1.98014794389259 -13.505739520663056
      vertex -12.396287515363351 -1.8939530416481376 -13.505739520663056
      vertex -10.924799769332157 -3.1609927238132007 -13.505739520663056
    endloop
  endfacet
  facet normal 0 0 -1
    outer loop
      vertex -13.127326102533901 -2.032461965816311 -13.505739520663056
      vertex -10.924799769332157 -3.1609927238132007 -13.505739520663056
      vertex -11.530373755129437 -3.3721602936661963 -13.505739520663056
    endloop
  endfacet
  facet normal 0 0 -1
    outer loop
      vertex -12.396287515363351 -1.8939530416481376 -13.505739520663056
      vertex -12.056170619230633 -1.775352077758099 -13.505739520663056
      vertex -10.924799769332157 -3.1609927238132007 -13.505739520663056
    endloop
  endfacet
  facet normal 0 0 -1
    outer loop
      vertex -12.056170619230633 -1.775352077758099 -13.505739520663056
      vertex -10.363386378251835 -2.895739692063008 -13.505739520663056
      vertex -10.924799769332157 -3.1609927238132007 -13.505739520663056
    endloop
  endfacet
  facet normal 0 0 -1
    outer loop
      vertex -12.056170619230633 -1.775352077758099 -13.505739520663056
      vertex -11.74085624889785 -1.626374347597032 -13.505739520663056
      vertex -10.363386378251835 -2.895739692063008 -13.505739520663056
    endloop
  endfacet
  facet normal 0 0 -1
    outer loop
      vertex -11.74085624889785 -1.626374347597032 -13.505739520663056
      vertex -11.455739520663055 -1.4495689014324225 -13.505739520663056
      vertex -10.363386378251835 -2.895739692063008 -13.505739520663056
    endloop
  endfacet
  facet normal 0 0 -1
    outer loop
      vertex -11.455739520663055 -1.4495689014324225 -13.505739520663056
      vertex -11.20569886079564 -1.2479609294678773 -13.505739520663056
      vertex -9.855739520663057 -2.5809397513308987 -13.505739520663056
    endloop
  endfacet
  facet normal 0 0 -1
    outer loop
      vertex -11.455739520663055 -1.4495689014324225 -13.505739520663056
      vertex -9.855739520663057 -2.5809397513308987 -13.505739520663056
      vertex -10.363386378251835 -2.895739692063008 -13.505739520663056
    endloop
  endfacet
  facet normal 0 0 -1
    outer loop
      vertex -11.20569886079564 -1.2479609294678773 -13.505739520663056
      vertex -10.9950125343103 -1.025 -13.505739520663056
      vertex -9.41054517504546 -2.2219792158818303 -13.505739520663056
    endloop
  endfacet
  facet normal 0 0 -1
    outer loop
      vertex -11.20569886079564 -1.2479609294678773 -13.505739520663056
      vertex -9.41054517504546 -2.2219792158818303 -13.505739520663056
      vertex -9.855739520663057 -2.5809397513308987 -13.505739520663056
    endloop
  endfacet
  facet normal 0 0 -1
    outer loop
      vertex -10.9950125343103 -1.025 -13.505739520663056
      vertex -10.827285442666483 -0.7845010363484339 -13.505739520663056
      vertex -9.41054517504546 -2.2219792158818303 -13.505739520663056
    endloop
  endfacet
  facet normal 0 0 -1
    outer loop
      vertex -10.827285442666483 -0.7845010363484339 -13.505739520663056
      vertex -9.035420740083758 -1.8250000000000002 -13.505739520663056
      vertex -9.41054517504546 -2.2219792158818303 -13.505739520663056
    endloop
  endfacet
  facet normal 0 0 -1
    outer loop
      vertex -10.705387442904954 -0.5305790424601675 -13.505739520663056
      vertex -8.736784698864282 -1.3967945281325778 -13.505739520663056
      vertex -9.035420740083758 -1.8250000000000002 -13.505739520663056
    endloop
  endfacet
  facet normal 0 0 -1
    outer loop
      vertex -10.827285442666483 -0.7845010363484339 -13.505739520663056
      vertex -10.705387442904954 -0.5305790424601675 -13.505739520663056
      vertex -9.035420740083758 -1.8250000000000002 -13.505739520663056
    endloop
  endfacet
  facet normal 0 0 -1
    outer loop
      vertex -10.705387442904954 -0.5305790424601675 -13.505739520663056
      vertex -10.631404243598146 -0.2675786940511057 -13.505739520663056
      vertex -8.736784698864282 -1.3967945281325778 -13.505739520663056
    endloop
  endfacet
  facet normal 0 0 -1
    outer loop
      vertex -10.631404243598146 -0.2675786940511057 -13.505739520663056
      vertex -10.606601717798211 0 -13.505739520663056
      vertex -8.736784698864282 -1.3967945281325778 -13.505739520663056
    endloop
  endfacet
  facet normal 0 0 -1
    outer loop
      vertex -10.606601717798211 0 -13.505739520663056
      vertex -10.631404243598146 0.2675786940511057 -13.505739520663056
      vertex -8.519746796849855 -0.9446895146242007 -13.505739520663056
    endloop
  endfacet
  facet normal 0 0 -1
    outer loop
      vertex -10.631404243598146 0.2675786940511057 -13.505739520663056
      vertex -10.705387442904954 0.5305790424601675 -13.505739520663056
      vertex -8.519746796849855 -0.9446895146242007 -13.505739520663056
    endloop
  endfacet
  facet normal 0 0 -1
    outer loop
      vertex -1.626374347597032 -15.27062279242826 -13.505739520663056
      vertex -2.895739692063008 -16.648092663074276 -13.505739520663056
      vertex -3.1609927238132007 -16.086679271993955 -13.505739520663056
    endloop
  endfacet
  facet normal 0 0 -1
    outer loop
      vertex -1.8939530416481376 -14.61519152596276 -13.505739520663056
      vertex -3.1609927238132007 -16.086679271993955 -13.505739520663056
      vertex -3.3721602936661963 -15.481105286196675 -13.505739520663056
    endloop
  endfacet
  facet normal 0 0 -1
    outer loop
      vertex -2.032461965816311 -13.884152938792209 -13.505739520663056
      vertex -3.3721602936661963 -15.481105286196675 -13.505739520663056
      vertex -3.525629265955099 -14.841732244476255 -13.505739520663056
    endloop
  endfacet
  facet normal 0 0 -1
    outer loop
      vertex -2.032461965816311 -13.127326102533901 -13.505739520663056
      vertex -3.525629265955099 -14.841732244476255 -13.505739520663056
      vertex -3.618773744014408 -14.179499996844235 -13.505739520663056
    endloop
  endfacet
  facet normal 0 0 -1
    outer loop
      vertex -1.98014794389259 -14.256091598421154 -13.505739520663056
      vertex -1.8939530416481376 -14.61519152596276 -13.505739520663056
      vertex -3.3721602936661963 -15.481105286196675 -13.505739520663056
    endloop
  endfacet
  facet normal 0 0 -1
    outer loop
      vertex -1.98014794389259 -14.256091598421154 -13.505739520663056
      vertex -3.3721602936661963 -15.481105286196675 -13.505739520663056
      vertex -2.032461965816311 -13.884152938792209 -13.505739520663056
    endloop
  endfacet
  facet normal 0 0 -1
    outer loop
      vertex -2.032461965816311 -13.884152938792209 -13.505739520663056
      vertex -3.525629265955099 -14.841732244476255 -13.505739520663056
      vertex -2.05 -13.505739520663056 -13.505739520663056
    endloop
  endfacet
  facet normal 0 0 -1
    outer loop
      vertex -1.025 -16.01646650701581 -13.505739520663056
      vertex -2.2219792158818303 -17.600933866280652 -13.505739520663056
      vertex -2.5809397513308987 -17.155739520663055 -13.505739520663056
    endloop
  endfacet
  facet normal 0 0 -1
    outer loop
      vertex -1.2479609294678773 -15.805780180530473 -13.505739520663056
      vertex -2.5809397513308987 -17.155739520663055 -13.505739520663056
      vertex -2.895739692063008 -16.648092663074276 -13.505739520663056
    endloop
  endfacet
  facet normal 0 0 -1
    outer loop
      vertex -0.5305790424601675 -16.30609159842116 -13.505739520663056
      vertex -1.825 -17.976058301242354 -13.505739520663056
      vertex -2.2219792158818303 -17.600933866280652 -13.505739520663056
    endloop
  endfacet
  facet normal 0 0 -1
    outer loop
      vertex -0.7845010363484339 -16.18419359865963 -13.505739520663056
      vertex -0.5305790424601675 -16.30609159842116 -13.505739520663056
      vertex -2.2219792158818303 -17.600933866280652 -13.505739520663056
    endloop
  endfacet
  facet normal 0 0 -1
    outer loop
      vertex -1.025 -16.01646650701581 -13.505739520663056
      vertex -0.7845010363484339 -16.18419359865963 -13.505739520663056
      vertex -2.2219792158818303 -17.600933866280652 -13.505739520663056
    endloop
  endfacet
  facet normal 0 0 -1
    outer loop
      vertex 0.7845010363484339 -16.18419359865963 -13.505739520663056
      vertex -0.9446895146242007 -18.491732244476257 -13.505739520663056
      vertex -1.3967945281325778 -18.274694342461828 -13.505739520663056
    endloop
  endfacet
  facet normal 0 0 -1
    outer loop
      vertex 0.7845010363484339 -16.18419359865963 -13.505739520663056
      vertex -0.4764206016031882 -18.623458428607897 -13.505739520663056
      vertex -0.9446895146242007 -18.491732244476257 -13.505739520663056
    endloop
  endfacet
  facet normal 0 0 -1
    outer loop
      vertex 0.7845010363484339 -16.18419359865963 -13.505739520663056
      vertex -1.3967945281325778 -18.274694342461828 -13.505739520663056
      vertex -1.825 -17.976058301242354 -13.505739520663056
    endloop
  endfacet
  facet normal 0 0 -1
    outer loop
      vertex -0.2675786940511057 -16.380074797727968 -13.505739520663056
      vertex 0 -16.404877323527902 -13.505739520663056
      vertex -1.825 -17.976058301242354 -13.505739520663056
    endloop
  endfacet
  facet normal 0 0 -1
    outer loop
      vertex -0.5305790424601675 -16.30609159842116 -13.505739520663056
      vertex -0.2675786940511057 -16.380074797727968 -13.505739520663056
      vertex -1.825 -17.976058301242354 -13.505739520663056
    endloop
  endfacet
  facet normal 0 0 -1
    outer loop
      vertex 0 -16.404877323527902 -13.505739520663056
      vertex 0.2675786940511057 -16.380074797727968 -13.505739520663056
      vertex -1.825 -17.976058301242354 -13.505739520663056
    endloop
  endfacet
  facet normal 0 0 -1
    outer loop
      vertex 0.2675786940511057 -16.380074797727968 -13.505739520663056
      vertex 0.5305790424601675 -16.30609159842116 -13.505739520663056
      vertex -1.825 -17.976058301242354 -13.505739520663056
    endloop
  endfacet
  facet normal 0 0 -1
    outer loop
      vertex 0.5305790424601675 -16.30609159842116 -13.505739520663056
      vertex 0.7845010363484339 -16.18419359865963 -13.505739520663056
      vertex -1.825 -17.976058301242354 -13.505739520663056
    endloop
  endfacet
  facet normal 0 0 -1
    outer loop
      vertex -1.626374347597032 -15.27062279242826 -13.505739520663056
      vertex -1.4495689014324225 -15.555739520663057 -13.505739520663056
      vertex -2.895739692063008 -16.648092663074276 -13.505739520663056
    endloop
  endfacet
  facet normal 0 0 -1
    outer loop
      vertex -1.2479609294678773 -15.805780180530473 -13.505739520663056
      vertex -2.895739692063008 -16.648092663074276 -13.505739520663056
      vertex -1.4495689014324225 -15.555739520663057 -13.505739520663056
    endloop
  endfacet
  facet normal 0 0 -1
    outer loop
      vertex -1.775352077758099 -14.95530842209548 -13.505739520663056
      vertex -3.1609927238132007 -16.086679271993955 -13.505739520663056
      vertex -1.8939530416481376 -14.61519152596276 -13.505739520663056
    endloop
  endfacet
  facet normal 0 0 -1
    outer loop
      vertex -1.626374347597032 -15.27062279242826 -13.505739520663056
      vertex -3.1609927238132007 -16.086679271993955 -13.505739520663056
      vertex -1.775352077758099 -14.95530842209548 -13.505739520663056
    endloop
  endfacet
  facet normal 0 0 -1
    outer loop
      vertex -1.2479609294678773 -15.805780180530473 -13.505739520663056
      vertex -1.025 -16.01646650701581 -13.505739520663056
      vertex -2.5809397513308987 -17.155739520663055 -13.505739520663056
    endloop
  endfacet
  facet normal 0 0 -1
    outer loop
      vertex -1.775352077758099 -12.056170619230633 -13.505739520663056
      vertex -3.618773744014408 -14.179499996844235 -13.505739520663056
      vertex -3.65 -13.505739520663056 -13.505739520663056
    endloop
  endfacet
  facet normal 0 0 -1
    outer loop
      vertex -2.05 -13.505739520663056 -13.505739520663056
      vertex -3.525629265955099 -14.841732244476255 -13.505739520663056
      vertex -2.032461965816311 -13.127326102533901 -13.505739520663056
    endloop
  endfacet
  facet normal 0 0 -1
    outer loop
      vertex -2.032461965816311 -13.127326102533901 -13.505739520663056
      vertex -3.618773744014408 -14.179499996844235 -13.505739520663056
      vertex -1.98014794389259 -12.755387442904958 -13.505739520663056
    endloop
  endfacet
  facet normal 0 0 -1
    outer loop
      vertex -1.98014794389259 -12.755387442904958 -13.505739520663056
      vertex -3.618773744014408 -14.179499996844235 -13.505739520663056
      vertex -1.8939530416481376 -12.396287515363351 -13.505739520663056
    endloop
  endfacet
  facet normal 0 0 -1
    outer loop
      vertex -1.8939530416481376 -12.396287515363351 -13.505739520663056
      vertex -3.618773744014408 -14.179499996844235 -13.505739520663056
      vertex -1.775352077758099 -12.056170619230633 -13.505739520663056
    endloop
  endfacet
  facet normal 0 0 -1
    outer loop
      vertex -1.4495689014324225 -11.455739520663055 -13.505739520663056
      vertex -3.65 -13.505739520663056 -13.505739520663056
      vertex -3.618773744014408 -12.831979044481876 -13.505739520663056
    endloop
  endfacet
  facet normal 0 0 -1
    outer loop
      vertex -1.775352077758099 -12.056170619230633 -13.505739520663056
      vertex -3.65 -13.505739520663056 -13.505739520663056
      vertex -1.626374347597032 -11.74085624889785 -13.505739520663056
    endloop
  endfacet
  facet normal 0 0 -1
    outer loop
      vertex -1.4495689014324225 -11.455739520663055 -13.505739520663056
      vertex -3.618773744014408 -12.831979044481876 -13.505739520663056
      vertex -3.525629265955099 -12.169746796849857 -13.505739520663056
    endloop
  endfacet
  facet normal 0 0 -1
    outer loop
      vertex -1.4495689014324225 -11.455739520663055 -13.505739520663056
      vertex -3.525629265955099 -12.169746796849857 -13.505739520663056
      vertex -3.3721602936661963 -11.530373755129439 -13.505739520663056
    endloop
  endfacet
  facet normal 0 0 -1
    outer loop
      vertex -1.4495689014324225 -11.455739520663055 -13.505739520663056
      vertex -3.3721602936661963 -11.530373755129439 -13.505739520663056
      vertex -3.160992723813201 -10.924799769332157 -13.505739520663056
    endloop
  endfacet
  facet normal 0 0 -1
    outer loop
      vertex -1.4495689014324225 -11.455739520663055 -13.505739520663056
      vertex -3.160992723813201 -10.924799769332157 -13.505739520663056
      vertex -2.895739692063008 -10.363386378251835 -13.505739520663056
    endloop
  endfacet
  facet normal 0 0 -1
    outer loop
      vertex -1.626374347597032 -11.74085624889785 -13.505739520663056
      vertex -3.65 -13.505739520663056 -13.505739520663056
      vertex -1.4495689014324225 -11.455739520663055 -13.505739520663056
    endloop
  endfacet
  facet normal 0 0 -1
    outer loop
      vertex -1.4495689014324225 -11.455739520663055 -13.505739520663056
      vertex -2.895739692063008 -10.363386378251835 -13.505739520663056
      vertex -1.2479609294678773 -11.20569886079564 -13.505739520663056
    endloop
  endfacet
  facet normal 0 0 -1
    outer loop
      vertex -1.2479609294678773 -11.20569886079564 -13.505739520663056
      vertex -2.5809397513308987 -9.855739520663056 -13.505739520663056
      vertex -1.025 -10.9950125343103 -13.505739520663056
    endloop
  endfacet
  facet normal 0 0 -1
    outer loop
      vertex -1.025 -10.9950125343103 -13.505739520663056
      vertex -2.5809397513308987 -9.855739520663056 -13.505739520663056
      vertex -0.7845010363484339 -10.827285442666483 -13.505739520663056
    endloop
  endfacet
  facet normal 0 0 -1
    outer loop
      vertex -1.2479609294678773 -11.20569886079564 -13.505739520663056
      vertex -2.895739692063008 -10.363386378251835 -13.505739520663056
      vertex -2.5809397513308987 -9.855739520663056 -13.505739520663056
    endloop
  endfacet
  facet normal 0 0 -1
    outer loop
      vertex -0.7845010363484339 -10.827285442666483 -13.505739520663056
      vertex -2.5809397513308987 -9.855739520663056 -13.505739520663056
      vertex -2.2219792158818303 -9.41054517504546 -13.505739520663056
    endloop
  endfacet
  facet normal 0 0 -1
    outer loop
      vertex -0.7845010363484339 -10.827285442666483 -13.505739520663056
      vertex -2.2219792158818303 -9.41054517504546 -13.505739520663056
      vertex -0.5305790424601675 -10.705387442904954 -13.505739520663056
    endloop
  endfacet
  facet normal 0 0 -1
    outer loop
      vertex 0 -10.606601717798211 -13.505739520663056
      vertex -2.2219792158818303 -9.41054517504546 -13.505739520663056
      vertex -1.825 -9.035420740083758 -13.505739520663056
    endloop
  endfacet
  facet normal 0 0 -1
    outer loop
      vertex -0.5305790424601675 -10.705387442904954 -13.505739520663056
      vertex -2.2219792158818303 -9.41054517504546 -13.505739520663056
      vertex -0.2675786940511057 -10.631404243598146 -13.505739520663056
    endloop
  endfacet
  facet normal 0 0 -1
    outer loop
      vertex -0.2675786940511057 -10.631404243598146 -13.505739520663056
      vertex -2.2219792158818303 -9.41054517504546 -13.505739520663056
      vertex 0 -10.606601717798211 -13.505739520663056
    endloop
  endfacet
  facet normal 0 0 -1
    outer loop
      vertex 0.7845010363484339 -10.827285442666483 -13.505739520663056
      vertex -1.825 -9.035420740083758 -13.505739520663056
      vertex -1.3967945281325778 -8.736784698864284 -13.505739520663056
    endloop
  endfacet
  facet normal 0 0 -1
    outer loop
      vertex 0 -10.606601717798211 -13.505739520663056
      vertex -1.825 -9.035420740083758 -13.505739520663056
      vertex 0.2675786940511057 -10.631404243598146 -13.505739520663056
    endloop
  endfacet
  facet normal 0 0 -1
    outer loop
      vertex 0.2675786940511057 -10.631404243598146 -13.505739520663056
      vertex -1.825 -9.035420740083758 -13.505739520663056
      vertex 0.5305790424601675 -10.705387442904954 -13.505739520663056
    endloop
  endfacet
  facet normal 0 0 -1
    outer loop
      vertex 0.5305790424601675 -10.705387442904954 -13.505739520663056
      vertex -1.825 -9.035420740083758 -13.505739520663056
      vertex 0.7845010363484339 -10.827285442666483 -13.505739520663056
    endloop
  endfacet
  facet normal 0 0 -1
    outer loop
      vertex -10.606601717798211 0 -13.505739520663056
      vertex -8.519746796849855 -0.9446895146242007 -13.505739520663056
      vertex -8.736784698864282 -1.3967945281325778 -13.505739520663056
    endloop
  endfacet
  facet normal 0 0 -1
    outer loop
      vertex -10.9950125343103 1.025 -13.505739520663056
      vertex -8.388020612718217 -0.4764206016031882 -13.505739520663056
      vertex -8.519746796849855 -0.9446895146242007 -13.505739520663056
    endloop
  endfacet
  facet normal 0 0 -1
    outer loop
      vertex -16.18419359865963 0.7845010363484339 -13.505739520663056
      vertex -18.623458428607897 -0.4764206016031882 -13.505739520663056
      vertex -18.667619023324853 0 -13.505739520663056
    endloop
  endfacet
  facet normal 0 0 -1
    outer loop
      vertex -16.18419359865963 0.7845010363484339 -13.505739520663056
      vertex -18.667619023324853 0 -13.505739520663056
      vertex -18.623458428607897 0.4764206016031882 -13.505739520663056
    endloop
  endfacet
  facet normal 0 0 -1
    outer loop
      vertex -16.18419359865963 0.7845010363484339 -13.505739520663056
      vertex -18.623458428607897 0.4764206016031882 -13.505739520663056
      vertex -18.491732244476257 0.9446895146242007 -13.505739520663056
    endloop
  endfacet
  facet normal 0 0 -1
    outer loop
      vertex -16.18419359865963 0.7845010363484339 -13.505739520663056
      vertex -18.491732244476257 0.9446895146242007 -13.505739520663056
      vertex -18.274694342461828 1.3967945281325778 -13.505739520663056
    endloop
  endfacet
  facet normal 0 0 -1
    outer loop
      vertex -16.18419359865963 0.7845010363484339 -13.505739520663056
      vertex -18.274694342461828 1.3967945281325778 -13.505739520663056
      vertex -17.976058301242354 1.825 -13.505739520663056
    endloop
  endfacet
  facet normal 0 0 -1
    outer loop
      vertex -16.18419359865963 0.7845010363484339 -13.505739520663056
      vertex -17.976058301242354 1.825 -13.505739520663056
      vertex -17.600933866280652 2.2219792158818303 -13.505739520663056
    endloop
  endfacet
  facet normal 0 0 -1
    outer loop
      vertex -16.01646650701581 1.025 -13.505739520663056
      vertex -17.600933866280652 2.2219792158818303 -13.505739520663056
      vertex -17.155739520663055 2.5809397513308987 -13.505739520663056
    endloop
  endfacet
  facet normal 0 0 -1
    outer loop
      vertex -16.18419359865963 0.7845010363484339 -13.505739520663056
      vertex -17.600933866280652 2.2219792158818303 -13.505739520663056
      vertex -16.01646650701581 1.025 -13.505739520663056
    endloop
  endfacet
  facet normal 0 0 -1
    outer loop
      vertex -15.805780180530473 1.2479609294678773 -13.505739520663056
      vertex -17.155739520663055 2.5809397513308987 -13.505739520663056
      vertex -16.648092663074273 2.895739692063008 -13.505739520663056
    endloop
  endfacet
  facet normal 0 0 -1
    outer loop
      vertex -16.01646650701581 1.025 -13.505739520663056
      vertex -17.155739520663055 2.5809397513308987 -13.505739520663056
      vertex -15.805780180530473 1.2479609294678773 -13.505739520663056
    endloop
  endfacet
  facet normal 0 0 -1
    outer loop
      vertex -15.805780180530473 1.2479609294678773 -13.505739520663056
      vertex -16.648092663074273 2.895739692063008 -13.505739520663056
      vertex -15.555739520663057 1.4495689014324225 -13.505739520663056
    endloop
  endfacet
  facet normal 0 0 -1
    outer loop
      vertex -15.555739520663057 1.4495689014324225 -13.505739520663056
      vertex -16.648092663074273 2.895739692063008 -13.505739520663056
      vertex -15.27062279242826 1.626374347597032 -13.505739520663056
    endloop
  endfacet
  facet normal 0 0 -1
    outer loop
      vertex -15.27062279242826 1.626374347597032 -13.505739520663056
      vertex -16.086679271993955 3.1609927238132007 -13.505739520663056
      vertex -14.95530842209548 1.775352077758099 -13.505739520663056
    endloop
  endfacet
  facet normal 0 0 -1
    outer loop
      vertex -14.95530842209548 1.775352077758099 -13.505739520663056
      vertex -16.086679271993955 3.1609927238132007 -13.505739520663056
      vertex -14.61519152596276 1.8939530416481376 -13.505739520663056
    endloop
  endfacet
  facet normal 0 0 -1
    outer loop
      vertex -15.27062279242826 1.626374347597032 -13.505739520663056
      vertex -16.648092663074273 2.895739692063008 -13.505739520663056
      vertex -16.086679271993955 3.1609927238132007 -13.505739520663056
    endloop
  endfacet
  facet normal 0 0 -1
    outer loop
      vertex -14.61519152596276 1.8939530416481376 -13.505739520663056
      vertex -16.086679271993955 3.1609927238132007 -13.505739520663056
      vertex -15.481105286196673 3.3721602936661963 -13.505739520663056
    endloop
  endfacet
  facet normal 0 0 -1
    outer loop
      vertex -14.61519152596276 1.8939530416481376 -13.505739520663056
      vertex -15.481105286196673 3.3721602936661963 -13.505739520663056
      vertex -14.256091598421154 1.98014794389259 -13.505739520663056
    endloop
  endfacet
  facet normal 0 0 -1
    outer loop
      vertex -13.884152938792209 2.032461965816311 -13.505739520663056
      vertex -15.481105286196673 3.3721602936661963 -13.505739520663056
      vertex -14.841732244476255 3.525629265955099 -13.505739520663056
    endloop
  endfacet
  facet normal 0 0 -1
    outer loop
      vertex -14.256091598421154 1.98014794389259 -13.505739520663056
      vertex -15.481105286196673 3.3721602936661963 -13.505739520663056
      vertex -13.884152938792209 2.032461965816311 -13.505739520663056
    endloop
  endfacet
  facet normal 0 0 -1
    outer loop
      vertex -13.884152938792209 2.032461965816311 -13.505739520663056
      vertex -14.841732244476255 3.525629265955099 -13.505739520663056
      vertex -13.505739520663056 2.05 -13.505739520663056
    endloop
  endfacet
  facet normal 0 0 -1
    outer loop
      vertex -13.127326102533901 2.032461965816311 -13.505739520663056
      vertex -14.841732244476255 3.525629265955099 -13.505739520663056
      vertex -14.179499996844235 3.618773744014408 -13.505739520663056
    endloop
  endfacet
  facet normal 0 0 -1
    outer loop
      vertex -11.455739520663055 1.4495689014324225 -13.505739520663056
      vertex -11.74085624889785 1.626374347597032 -13.505739520663056
      vertex -12.831979044481878 3.618773744014408 -13.505739520663056
    endloop
  endfacet
  facet normal 0 0 -1
    outer loop
      vertex -10.9950125343103 1.025 -13.505739520663056
      vertex -11.20569886079564 1.2479609294678773 -13.505739520663056
      vertex -12.831979044481878 3.618773744014408 -13.505739520663056
    endloop
  endfacet
  facet normal 0 0 -1
    outer loop
      vertex -11.455739520663055 1.4495689014324225 -13.505739520663056
      vertex -12.831979044481878 3.618773744014408 -13.505739520663056
      vertex -11.20569886079564 1.2479609294678773 -13.505739520663056
    endloop
  endfacet
  facet normal 0 0 -1
    outer loop
      vertex -13.505739520663056 2.05 -13.505739520663056
      vertex -14.841732244476255 3.525629265955099 -13.505739520663056
      vertex -13.127326102533901 2.032461965816311 -13.505739520663056
    endloop
  endfacet
  facet normal 0 0 -1
    outer loop
      vertex -13.127326102533901 2.032461965816311 -13.505739520663056
      vertex -14.179499996844235 3.618773744014408 -13.505739520663056
      vertex -12.755387442904958 1.98014794389259 -13.505739520663056
    endloop
  endfacet
  facet normal 0 0 -1
    outer loop
      vertex -12.755387442904958 1.98014794389259 -13.505739520663056
      vertex -14.179499996844235 3.618773744014408 -13.505739520663056
      vertex -12.396287515363351 1.8939530416481376 -13.505739520663056
    endloop
  endfacet
  facet normal 0 0 -1
    outer loop
      vertex -12.396287515363351 1.8939530416481376 -13.505739520663056
      vertex -14.179499996844235 3.618773744014408 -13.505739520663056
      vertex -12.056170619230633 1.775352077758099 -13.505739520663056
    endloop
  endfacet
  facet normal 0 0 -1
    outer loop
      vertex -12.056170619230633 1.775352077758099 -13.505739520663056
      vertex -14.179499996844235 3.618773744014408 -13.505739520663056
      vertex -13.505739520663056 3.65 -13.505739520663056
    endloop
  endfacet
  facet normal 0 0 -1
    outer loop
      vertex -12.056170619230633 1.775352077758099 -13.505739520663056
      vertex -13.505739520663056 3.65 -13.505739520663056
      vertex -11.74085624889785 1.626374347597032 -13.505739520663056
    endloop
  endfacet
  facet normal 0 0 -1
    outer loop
      vertex -11.74085624889785 1.626374347597032 -13.505739520663056
      vertex -13.505739520663056 3.65 -13.505739520663056
      vertex -12.831979044481878 3.618773744014408 -13.505739520663056
    endloop
  endfacet
  facet normal 0 0 -1
    outer loop
      vertex -10.9950125343103 1.025 -13.505739520663056
      vertex -12.831979044481878 3.618773744014408 -13.505739520663056
      vertex -12.169746796849857 3.525629265955099 -13.505739520663056
    endloop
  endfacet
  facet normal 0 0 -1
    outer loop
      vertex -10.9950125343103 1.025 -13.505739520663056
      vertex -8.519746796849855 -0.9446895146242007 -13.505739520663056
      vertex -10.827285442666483 0.7845010363484339 -13.505739520663056
    endloop
  endfacet
  facet normal 0 0 -1
    outer loop
      vertex -10.705387442904954 0.5305790424601675 -13.505739520663056
      vertex -10.827285442666483 0.7845010363484339 -13.505739520663056
      vertex -8.519746796849855 -0.9446895146242007 -13.505739520663056
    endloop
  endfacet
  facet normal 0 0 -1
    outer loop
      vertex -10.9950125343103 1.025 -13.505739520663056
      vertex -8.73678469886428 1.3967945281325778 -13.505739520663056
      vertex -8.519746796849855 0.9446895146242007 -13.505739520663056
    endloop
  endfacet
  facet normal 0 0 -1
    outer loop
      vertex -10.9950125343103 1.025 -13.505739520663056
      vertex -10.363386378251835 2.895739692063008 -13.505739520663056
      vertex -9.855739520663057 2.5809397513308987 -13.505739520663056
    endloop
  endfacet
  facet normal 0 0 -1
    outer loop
      vertex -10.9950125343103 1.025 -13.505739520663056
      vertex -9.855739520663057 2.5809397513308987 -13.505739520663056
      vertex -9.41054517504546 2.2219792158818303 -13.505739520663056
    endloop
  endfacet
  facet normal 0 0 -1
    outer loop
      vertex -10.9950125343103 1.025 -13.505739520663056
      vertex -9.41054517504546 2.2219792158818303 -13.505739520663056
      vertex -9.035420740083758 1.825 -13.505739520663056
    endloop
  endfacet
  facet normal 0 0 -1
    outer loop
      vertex -10.9950125343103 1.025 -13.505739520663056
      vertex -9.035420740083758 1.825 -13.505739520663056
      vertex -8.73678469886428 1.3967945281325778 -13.505739520663056
    endloop
  endfacet
  facet normal 0 0 -1
    outer loop
      vertex -10.9950125343103 1.025 -13.505739520663056
      vertex -12.169746796849857 3.525629265955099 -13.505739520663056
      vertex -11.530373755129437 3.3721602936661963 -13.505739520663056
    endloop
  endfacet
  facet normal 0 0 -1
    outer loop
      vertex -10.9950125343103 1.025 -13.505739520663056
      vertex -11.530373755129437 3.3721602936661963 -13.505739520663056
      vertex -10.924799769332157 3.1609927238132007 -13.505739520663056
    endloop
  endfacet
  facet normal 0 0 -1
    outer loop
      vertex -10.9950125343103 1.025 -13.505739520663056
      vertex -10.924799769332157 3.1609927238132007 -13.505739520663056
      vertex -10.363386378251835 2.895739692063008 -13.505739520663056
    endloop
  endfacet
  facet normal 0 0 -1
    outer loop
      vertex -10.9950125343103 1.025 -13.505739520663056
      vertex -8.34386001800126 0 -13.505739520663056
      vertex -8.388020612718217 -0.4764206016031882 -13.505739520663056
    endloop
  endfacet
  facet normal 0 0 -1
    outer loop
      vertex -10.9950125343103 1.025 -13.505739520663056
      vertex -8.388020612718217 0.4764206016031882 -13.505739520663056
      vertex -8.34386001800126 0 -13.505739520663056
    endloop
  endfacet
  facet normal 0 0 -1
    outer loop
      vertex -10.9950125343103 1.025 -13.505739520663056
      vertex -8.519746796849855 0.9446895146242007 -13.505739520663056
      vertex -8.388020612718217 0.4764206016031882 -13.505739520663056
    endloop
  endfacet
  facet normal 0 0 -1
    outer loop
      vertex -1.3967945281325778 8.736784698864282 -13.505739520663056
      vertex -1.825 9.035420740083758 -13.505739520663056
      vertex -2.2219792158818303 9.41054517504546 -13.505739520663056
    endloop
  endfacet
  facet normal 0 0 -1
    outer loop
      vertex -2.5809397513308987 9.855739520663057 -13.505739520663056
      vertex -0.4764206016031882 8.388020612718215 -13.505739520663056
      vertex -2.2219792158818303 9.41054517504546 -13.505739520663056
    endloop
  endfacet
  facet normal 0 0 -1
    outer loop
      vertex -1.3967945281325778 8.736784698864282 -13.505739520663056
      vertex -2.2219792158818303 9.41054517504546 -13.505739520663056
      vertex -0.9446895146242007 8.519746796849855 -13.505739520663056
    endloop
  endfacet
  facet normal 0 0 -1
    outer loop
      vertex -0.4764206016031882 8.388020612718215 -13.505739520663056
      vertex -0.9446895146242007 8.519746796849855 -13.505739520663056
      vertex -2.2219792158818303 9.41054517504546 -13.505739520663056
    endloop
  endfacet
  facet normal 0 0 -1
    outer loop
      vertex -2.5809397513308987 9.855739520663057 -13.505739520663056
      vertex 0 8.343860018001259 -13.505739520663056
      vertex -0.4764206016031882 8.388020612718215 -13.505739520663056
    endloop
  endfacet
  facet normal 0 0 -1
    outer loop
      vertex -1.2479609294678773 11.20569886079564 -13.505739520663056
      vertex 0.4764206016031882 8.388020612718217 -13.505739520663056
      vertex 0 8.343860018001259 -13.505739520663056
    endloop
  endfacet
  facet normal 0 0 -1
    outer loop
      vertex -1.2479609294678773 11.20569886079564 -13.505739520663056
      vertex -2.895739692063008 10.363386378251835 -13.505739520663056
      vertex -3.1609927238132007 10.924799769332157 -13.505739520663056
    endloop
  endfacet
  facet normal 0 0 -1
    outer loop
      vertex -1.2479609294678773 11.20569886079564 -13.505739520663056
      vertex -3.3721602936661963 11.530373755129437 -13.505739520663056
      vertex -3.525629265955099 12.169746796849857 -13.505739520663056
    endloop
  endfacet
  facet normal 0 0 -1
    outer loop
      vertex -1.2479609294678773 11.20569886079564 -13.505739520663056
      vertex -3.1609927238132007 10.924799769332157 -13.505739520663056
      vertex -3.3721602936661963 11.530373755129437 -13.505739520663056
    endloop
  endfacet
  facet normal 0 0 -1
    outer loop
      vertex -1.775352077758099 12.056170619230633 -13.505739520663056
      vertex -3.618773744014408 12.831979044481878 -13.505739520663056
      vertex -3.65 13.505739520663056 -13.505739520663056
    endloop
  endfacet
  facet normal 0 0 -1
    outer loop
      vertex -1.2479609294678773 11.20569886079564 -13.505739520663056
      vertex -3.525629265955099 12.169746796849857 -13.505739520663056
      vertex -3.618773744014408 12.831979044481878 -13.505739520663056
    endloop
  endfacet
  facet normal 0 0 -1
    outer loop
      vertex -1.775352077758099 12.056170619230633 -13.505739520663056
      vertex -1.626374347597032 11.74085624889785 -13.505739520663056
      vertex -3.618773744014408 12.831979044481878 -13.505739520663056
    endloop
  endfacet
  facet normal 0 0 -1
    outer loop
      vertex -1.775352077758099 12.056170619230633 -13.505739520663056
      vertex -3.65 13.505739520663056 -13.505739520663056
      vertex -1.8939530416481376 12.396287515363351 -13.505739520663056
    endloop
  endfacet
  facet normal 0 0 -1
    outer loop
      vertex -2.032461965816311 13.127326102533901 -13.505739520663056
      vertex -3.65 13.505739520663056 -13.505739520663056
      vertex -3.618773744014408 14.179499996844235 -13.505739520663056
    endloop
  endfacet
  facet normal 0 0 -1
    outer loop
      vertex -1.8939530416481376 12.396287515363351 -13.505739520663056
      vertex -3.65 13.505739520663056 -13.505739520663056
      vertex -1.98014794389259 12.755387442904958 -13.505739520663056
    endloop
  endfacet
  facet normal 0 0 -1
    outer loop
      vertex -1.98014794389259 12.755387442904958 -13.505739520663056
      vertex -3.65 13.505739520663056 -13.505739520663056
      vertex -2.032461965816311 13.127326102533901 -13.505739520663056
    endloop
  endfacet
  facet normal 0 0 -1
    outer loop
      vertex -2.032461965816311 13.127326102533901 -13.505739520663056
      vertex -3.618773744014408 14.179499996844235 -13.505739520663056
      vertex -2.05 13.505739520663056 -13.505739520663056
    endloop
  endfacet
  facet normal 0 0 -1
    outer loop
      vertex -2.05 13.505739520663056 -13.505739520663056
      vertex -3.618773744014408 14.179499996844235 -13.505739520663056
      vertex -2.032461965816311 13.884152938792209 -13.505739520663056
    endloop
  endfacet
  facet normal 0 0 -1
    outer loop
      vertex -2.5809397513308987 9.855739520663057 -13.505739520663056
      vertex -2.895739692063008 10.363386378251835 -13.505739520663056
      vertex 0 8.343860018001259 -13.505739520663056
    endloop
  endfacet
  facet normal 0 0 -1
    outer loop
      vertex -1.2479609294678773 11.20569886079564 -13.505739520663056
      vertex 0 8.343860018001259 -13.505739520663056
      vertex -2.895739692063008 10.363386378251835 -13.505739520663056
    endloop
  endfacet
  facet normal 0 0 -1
    outer loop
      vertex -1.2479609294678773 11.20569886079564 -13.505739520663056
      vertex -1.025 10.9950125343103 -13.505739520663056
      vertex 0.9446895146242007 8.519746796849855 -13.505739520663056
    endloop
  endfacet
  facet normal 0 0 -1
    outer loop
      vertex -0.7845010363484339 10.827285442666483 -13.505739520663056
      vertex 1.3967945281325778 8.736784698864284 -13.505739520663056
      vertex -1.025 10.9950125343103 -13.505739520663056
    endloop
  endfacet
  facet normal 0 0 -1
    outer loop
      vertex -1.2479609294678773 11.20569886079564 -13.505739520663056
      vertex -3.618773744014408 12.831979044481878 -13.505739520663056
      vertex -1.4495689014324225 11.455739520663055 -13.505739520663056
    endloop
  endfacet
  facet normal 0 0 -1
    outer loop
      vertex -1.626374347597032 11.74085624889785 -13.505739520663056
      vertex -1.4495689014324225 11.455739520663055 -13.505739520663056
      vertex -3.618773744014408 12.831979044481878 -13.505739520663056
    endloop
  endfacet
  facet normal 0 0 -1
    outer loop
      vertex -2.032461965816311 13.884152938792209 -13.505739520663056
      vertex -3.618773744014408 14.179499996844235 -13.505739520663056
      vertex -3.525629265955099 14.841732244476255 -13.505739520663056
    endloop
  endfacet
  facet normal 0 0 -1
    outer loop
      vertex -1.8939530416481376 14.61519152596276 -13.505739520663056
      vertex -3.525629265955099 14.841732244476255 -13.505739520663056
      vertex -3.3721602936661963 15.481105286196675 -13.505739520663056
    endloop
  endfacet
  facet normal 0 0 -1
    outer loop
      vertex -2.032461965816311 13.884152938792209 -13.505739520663056
      vertex -3.525629265955099 14.841732244476255 -13.505739520663056
      vertex -1.98014794389259 14.256091598421154 -13.505739520663056
    endloop
  endfacet
  facet normal 0 0 -1
    outer loop
      vertex -1.98014794389259 14.256091598421154 -13.505739520663056
      vertex -3.525629265955099 14.841732244476255 -13.505739520663056
      vertex -1.8939530416481376 14.61519152596276 -13.505739520663056
    endloop
  endfacet
  facet normal 0 0 -1
    outer loop
      vertex -1.8939530416481376 14.61519152596276 -13.505739520663056
      vertex -3.3721602936661963 15.481105286196675 -13.505739520663056
      vertex -1.775352077758099 14.95530842209548 -13.505739520663056
    endloop
  endfacet
  facet normal 0 0 -1
    outer loop
      vertex -1.626374347597032 15.27062279242826 -13.505739520663056
      vertex -3.3721602936661963 15.481105286196675 -13.505739520663056
      vertex -3.1609927238132007 16.086679271993955 -13.505739520663056
    endloop
  endfacet
  facet normal 0 0 -1
    outer loop
      vertex -1.4495689014324225 15.555739520663057 -13.505739520663056
      vertex -3.1609927238132007 16.086679271993955 -13.505739520663056
      vertex -2.895739692063008 16.648092663074276 -13.505739520663056
    endloop
  endfacet
  facet normal 0 0 -1
    outer loop
      vertex -1.775352077758099 14.95530842209548 -13.505739520663056
      vertex -3.3721602936661963 15.481105286196675 -13.505739520663056
      vertex -1.626374347597032 15.27062279242826 -13.505739520663056
    endloop
  endfacet
  facet normal 0 0 -1
    outer loop
      vertex -1.626374347597032 15.27062279242826 -13.505739520663056
      vertex -3.1609927238132007 16.086679271993955 -13.505739520663056
      vertex -1.4495689014324225 15.555739520663057 -13.505739520663056
    endloop
  endfacet
  facet normal 0 0 -1
    outer loop
      vertex -1.4495689014324225 15.555739520663057 -13.505739520663056
      vertex -2.895739692063008 16.648092663074276 -13.505739520663056
      vertex -1.2479609294678773 15.805780180530473 -13.505739520663056
    endloop
  endfacet
  facet normal 0 0 -1
    outer loop
      vertex -1.2479609294678773 15.805780180530473 -13.505739520663056
      vertex -2.895739692063008 16.648092663074276 -13.505739520663056
      vertex -1.025 16.01646650701581 -13.505739520663056
    endloop
  endfacet
  facet normal 0 0 -1
    outer loop
      vertex -1.025 16.01646650701581 -13.505739520663056
      vertex -2.895739692063008 16.648092663074276 -13.505739520663056
      vertex -2.5809397513308987 17.155739520663055 -13.505739520663056
    endloop
  endfacet
  facet normal 0 0 -1
    outer loop
      vertex -0.5305790424601675 16.30609159842116 -13.505739520663056
      vertex -2.5809397513308987 17.155739520663055 -13.505739520663056
      vertex -2.2219792158818303 17.600933866280652 -13.505739520663056
    endloop
  endfacet
  facet normal 0 0 -1
    outer loop
      vertex -1.025 16.01646650701581 -13.505739520663056
      vertex -2.5809397513308987 17.155739520663055 -13.505739520663056
      vertex -0.7845010363484339 16.18419359865963 -13.505739520663056
    endloop
  endfacet
  facet normal 0 0 -1
    outer loop
      vertex -0.7845010363484339 16.18419359865963 -13.505739520663056
      vertex -2.5809397513308987 17.155739520663055 -13.505739520663056
      vertex -0.5305790424601675 16.30609159842116 -13.505739520663056
    endloop
  endfacet
  facet normal 0 0 -1
    outer loop
      vertex 0.2675786940511057 16.380074797727968 -13.505739520663056
      vertex -2.2219792158818303 17.600933866280652 -13.505739520663056
      vertex -1.825 17.976058301242354 -13.505739520663056
    endloop
  endfacet
  facet normal 0 0 -1
    outer loop
      vertex -0.5305790424601675 16.30609159842116 -13.505739520663056
      vertex -2.2219792158818303 17.600933866280652 -13.505739520663056
      vertex -0.2675786940511057 16.380074797727968 -13.505739520663056
    endloop
  endfacet
  facet normal 0 0 -1
    outer loop
      vertex -0.2675786940511057 16.380074797727968 -13.505739520663056
      vertex -2.2219792158818303 17.600933866280652 -13.505739520663056
      vertex 0 16.404877323527902 -13.505739520663056
    endloop
  endfacet
  facet normal 0 0 -1
    outer loop
      vertex 0 16.404877323527902 -13.505739520663056
      vertex -2.2219792158818303 17.600933866280652 -13.505739520663056
      vertex 0.2675786940511057 16.380074797727968 -13.505739520663056
    endloop
  endfacet
  facet normal 0 0 -1
    outer loop
      vertex 0.7845010363484339 16.18419359865963 -13.505739520663056
      vertex -1.825 17.976058301242354 -13.505739520663056
      vertex -1.3967945281325778 18.274694342461828 -13.505739520663056
    endloop
  endfacet
  facet normal 0 0 -1
    outer loop
      vertex 0.2675786940511057 16.380074797727968 -13.505739520663056
      vertex -1.825 17.976058301242354 -13.505739520663056
      vertex 0.5305790424601675 16.30609159842116 -13.505739520663056
    endloop
  endfacet
  facet normal 0 0 -1
    outer loop
      vertex 0.5305790424601675 16.30609159842116 -13.505739520663056
      vertex -1.825 17.976058301242354 -13.505739520663056
      vertex 0.7845010363484339 16.18419359865963 -13.505739520663056
    endloop
  endfacet
  facet normal 0 0 -1
    outer loop
      vertex 0.7845010363484339 16.18419359865963 -13.505739520663056
      vertex -1.3967945281325778 18.274694342461828 -13.505739520663056
      vertex -0.9446895146242007 18.491732244476257 -13.505739520663056
    endloop
  endfacet
  facet normal 0 0 -1
    outer loop
      vertex 0.7845010363484339 16.18419359865963 -13.505739520663056
      vertex -0.9446895146242007 18.491732244476257 -13.505739520663056
      vertex -0.4764206016031882 18.623458428607897 -13.505739520663056
    endloop
  endfacet
  facet normal 0 0 -1
    outer loop
      vertex 0.7845010363484339 -16.18419359865963 -13.505739520663056
      vertex 0 -18.667619023324853 -13.505739520663056
      vertex -0.4764206016031882 -18.623458428607897 -13.505739520663056
    endloop
  endfacet
  facet normal 0 0 -1
    outer loop
      vertex 0.7845010363484339 -16.18419359865963 -13.505739520663056
      vertex 0.4764206016031882 -18.623458428607897 -13.505739520663056
      vertex 0 -18.667619023324853 -13.505739520663056
    endloop
  endfacet
  facet normal 0 0 -1
    outer loop
      vertex 0.7845010363484339 -16.18419359865963 -13.505739520663056
      vertex 0.9446895146242007 -18.491732244476257 -13.505739520663056
      vertex 0.4764206016031882 -18.623458428607897 -13.505739520663056
    endloop
  endfacet
  facet normal 0 0 -1
    outer loop
      vertex 0.7845010363484339 -16.18419359865963 -13.505739520663056
      vertex 1.3967945281325778 -18.274694342461828 -13.505739520663056
      vertex 0.9446895146242007 -18.491732244476257 -13.505739520663056
    endloop
  endfacet
  facet normal 0 0 -1
    outer loop
      vertex 0.7845010363484339 -16.18419359865963 -13.505739520663056
      vertex 1.825 -17.976058301242354 -13.505739520663056
      vertex 1.3967945281325778 -18.274694342461828 -13.505739520663056
    endloop
  endfacet
  facet normal 0 0 -1
    outer loop
      vertex 0.7845010363484339 -16.18419359865963 -13.505739520663056
      vertex 2.2219792158818303 -17.600933866280652 -13.505739520663056
      vertex 1.825 -17.976058301242354 -13.505739520663056
    endloop
  endfacet
  facet normal 0 0 -1
    outer loop
      vertex 0.7845010363484339 -16.18419359865963 -13.505739520663056
      vertex 1.025 -16.01646650701581 -13.505739520663056
      vertex 2.5809397513308987 -17.155739520663055 -13.505739520663056
    endloop
  endfacet
  facet normal 0 0 -1
    outer loop
      vertex 0.7845010363484339 -16.18419359865963 -13.505739520663056
      vertex 2.5809397513308987 -17.155739520663055 -13.505739520663056
      vertex 2.2219792158818303 -17.600933866280652 -13.505739520663056
    endloop
  endfacet
  facet normal 0 0 -1
    outer loop
      vertex 1.025 -16.01646650701581 -13.505739520663056
      vertex 2.895739692063008 -16.648092663074276 -13.505739520663056
      vertex 2.5809397513308987 -17.155739520663055 -13.505739520663056
    endloop
  endfacet
  facet normal 0 0 -1
    outer loop
      vertex 1.025 -16.01646650701581 -13.505739520663056
      vertex 1.2479609294678773 -15.805780180530473 -13.505739520663056
      vertex 2.895739692063008 -16.648092663074276 -13.505739520663056
    endloop
  endfacet
  facet normal 0 0 -1
    outer loop
      vertex 1.2479609294678773 -15.805780180530473 -13.505739520663056
      vertex 1.4495689014324225 -15.555739520663057 -13.505739520663056
      vertex 2.895739692063008 -16.648092663074276 -13.505739520663056
    endloop
  endfacet
  facet normal 0 0 -1
    outer loop
      vertex 1.4495689014324225 -15.555739520663057 -13.505739520663056
      vertex 1.626374347597032 -15.27062279242826 -13.505739520663056
      vertex 3.1609927238132007 -16.086679271993955 -13.505739520663056
    endloop
  endfacet
  facet normal 0 0 -1
    outer loop
      vertex 1.626374347597032 -15.27062279242826 -13.505739520663056
      vertex 1.775352077758099 -14.95530842209548 -13.505739520663056
      vertex 3.3721602936661963 -15.481105286196675 -13.505739520663056
    endloop
  endfacet
  facet normal 0 0 -1
    outer loop
      vertex 1.4495689014324225 -15.555739520663057 -13.505739520663056
      vertex 3.1609927238132007 -16.086679271993955 -13.505739520663056
      vertex 2.895739692063008 -16.648092663074276 -13.505739520663056
    endloop
  endfacet
  facet normal 0 0 -1
    outer loop
      vertex 1.626374347597032 -15.27062279242826 -13.505739520663056
      vertex 3.3721602936661963 -15.481105286196675 -13.505739520663056
      vertex 3.1609927238132007 -16.086679271993955 -13.505739520663056
    endloop
  endfacet
  facet normal 0 0 -1
    outer loop
      vertex 1.775352077758099 -14.95530842209548 -13.505739520663056
      vertex 1.8939530416481376 -14.61519152596276 -13.505739520663056
      vertex 3.3721602936661963 -15.481105286196675 -13.505739520663056
    endloop
  endfacet
  facet normal 0 0 -1
    outer loop
      vertex 1.8939530416481376 -14.61519152596276 -13.505739520663056
      vertex 1.98014794389259 -14.256091598421154 -13.505739520663056
      vertex 3.525629265955099 -14.841732244476255 -13.505739520663056
    endloop
  endfacet
  facet normal 0 0 -1
    outer loop
      vertex 1.98014794389259 -14.256091598421154 -13.505739520663056
      vertex 2.032461965816311 -13.884152938792209 -13.505739520663056
      vertex 3.525629265955099 -14.841732244476255 -13.505739520663056
    endloop
  endfacet
  facet normal 0 0 -1
    outer loop
      vertex 1.8939530416481376 -14.61519152596276 -13.505739520663056
      vertex 3.525629265955099 -14.841732244476255 -13.505739520663056
      vertex 3.3721602936661963 -15.481105286196675 -13.505739520663056
    endloop
  endfacet
  facet normal 0 0 -1
    outer loop
      vertex 2.032461965816311 -13.884152938792209 -13.505739520663056
      vertex 3.618773744014408 -14.179499996844235 -13.505739520663056
      vertex 3.525629265955099 -14.841732244476255 -13.505739520663056
    endloop
  endfacet
  facet normal 0 0 -1
    outer loop
      vertex 1.025 -10.9950125343103 -13.505739520663056
      vertex 3.618773744014408 -12.831979044481876 -13.505739520663056
      vertex 1.2479609294678773 -11.20569886079564 -13.505739520663056
    endloop
  endfacet
  facet normal 0 0 -1
    outer loop
      vertex 1.4495689014324225 -11.455739520663055 -13.505739520663056
      vertex 3.618773744014408 -12.831979044481876 -13.505739520663056
      vertex 1.626374347597032 -11.74085624889785 -13.505739520663056
    endloop
  endfacet
  facet normal 0 0 -1
    outer loop
      vertex 1.4495689014324225 -11.455739520663055 -13.505739520663056
      vertex 1.2479609294678773 -11.20569886079564 -13.505739520663056
      vertex 3.618773744014408 -12.831979044481876 -13.505739520663056
    endloop
  endfacet
  facet normal 0 0 -1
    outer loop
      vertex 1.025 -10.9950125343103 -13.505739520663056
      vertex -1.3967945281325778 -8.736784698864284 -13.505739520663056
      vertex 3.618773744014408 -12.831979044481876 -13.505739520663056
    endloop
  endfacet
  facet normal 0 0 -1
    outer loop
      vertex 1.025 -10.9950125343103 -13.505739520663056
      vertex 0.7845010363484339 -10.827285442666483 -13.505739520663056
      vertex -1.3967945281325778 -8.736784698864284 -13.505739520663056
    endloop
  endfacet
  facet normal 0 0 -1
    outer loop
      vertex -0.944689514624201 -8.519746796849853 -13.505739520663056
      vertex 3.525629265955099 -12.169746796849855 -13.505739520663056
      vertex -1.3967945281325778 -8.736784698864284 -13.505739520663056
    endloop
  endfacet
  facet normal 0 0 -1
    outer loop
      vertex -0.4764206016031882 -8.388020612718217 -13.505739520663056
      vertex 3.3721602936661963 -11.530373755129439 -13.505739520663056
      vertex -0.944689514624201 -8.519746796849853 -13.505739520663056
    endloop
  endfacet
  facet normal 0 0 -1
    outer loop
      vertex -1.3967945281325778 -8.736784698864284 -13.505739520663056
      vertex 3.525629265955099 -12.169746796849855 -13.505739520663056
      vertex 3.618773744014408 -12.831979044481876 -13.505739520663056
    endloop
  endfacet
  facet normal 0 0 -1
    outer loop
      vertex -0.944689514624201 -8.519746796849853 -13.505739520663056
      vertex 3.3721602936661963 -11.530373755129439 -13.505739520663056
      vertex 3.525629265955099 -12.169746796849855 -13.505739520663056
    endloop
  endfacet
  facet normal 0 0 -1
    outer loop
      vertex 3.3721602936661963 -11.530373755129439 -13.505739520663056
      vertex -0.4764206016031882 -8.388020612718217 -13.505739520663056
      vertex 3.1609927238132007 -10.924799769332157 -13.505739520663056
    endloop
  endfacet
  facet normal 0 0 -1
    outer loop
      vertex 3.1609927238132007 -10.924799769332157 -13.505739520663056
      vertex 0 -8.343860018001259 -13.505739520663056
      vertex 2.895739692063008 -10.363386378251835 -13.505739520663056
    endloop
  endfacet
  facet normal 0 0 -1
    outer loop
      vertex 2.5809397513308987 -9.855739520663056 -13.505739520663056
      vertex 2.895739692063008 -10.363386378251835 -13.505739520663056
      vertex 0 -8.343860018001259 -13.505739520663056
    endloop
  endfacet
  facet normal 0 0 -1
    outer loop
      vertex 2.032461965816311 -13.884152938792209 -13.505739520663056
      vertex 2.05 -13.505739520663056 -13.505739520663056
      vertex 3.618773744014408 -14.179499996844235 -13.505739520663056
    endloop
  endfacet
  facet normal 0 0 -1
    outer loop
      vertex 2.05 -13.505739520663056 -13.505739520663056
      vertex 2.032461965816311 -13.127326102533901 -13.505739520663056
      vertex 3.618773744014408 -14.179499996844235 -13.505739520663056
    endloop
  endfacet
  facet normal 0 0 -1
    outer loop
      vertex 2.032461965816311 -13.127326102533901 -13.505739520663056
      vertex 1.98014794389259 -12.755387442904958 -13.505739520663056
      vertex 3.65 -13.505739520663056 -13.505739520663056
    endloop
  endfacet
  facet normal 0 0 -1
    outer loop
      vertex 1.98014794389259 -12.755387442904958 -13.505739520663056
      vertex 1.8939530416481376 -12.396287515363351 -13.505739520663056
      vertex 3.65 -13.505739520663056 -13.505739520663056
    endloop
  endfacet
  facet normal 0 0 -1
    outer loop
      vertex 2.032461965816311 -13.127326102533901 -13.505739520663056
      vertex 3.65 -13.505739520663056 -13.505739520663056
      vertex 3.618773744014408 -14.179499996844235 -13.505739520663056
    endloop
  endfacet
  facet normal 0 0 -1
    outer loop
      vertex 1.8939530416481376 -12.396287515363351 -13.505739520663056
      vertex 1.775352077758099 -12.056170619230633 -13.505739520663056
      vertex 3.65 -13.505739520663056 -13.505739520663056
    endloop
  endfacet
  facet normal 0 0 -1
    outer loop
      vertex 1.626374347597032 -11.74085624889785 -13.505739520663056
      vertex 3.618773744014408 -12.831979044481876 -13.505739520663056
      vertex 1.775352077758099 -12.056170619230633 -13.505739520663056
    endloop
  endfacet
  facet normal 0 0 -1
    outer loop
      vertex 1.775352077758099 -12.056170619230633 -13.505739520663056
      vertex 3.618773744014408 -12.831979044481876 -13.505739520663056
      vertex 3.65 -13.505739520663056 -13.505739520663056
    endloop
  endfacet
  facet normal 0 0 -1
    outer loop
      vertex 0 -8.343860018001259 -13.505739520663056
      vertex 3.1609927238132007 -10.924799769332157 -13.505739520663056
      vertex -0.4764206016031882 -8.388020612718217 -13.505739520663056
    endloop
  endfacet
  facet normal 0 0 -1
    outer loop
      vertex 0.4764206016031882 -8.388020612718215 -13.505739520663056
      vertex 1.825 -9.035420740083758 -13.505739520663056
      vertex 0 -8.343860018001259 -13.505739520663056
    endloop
  endfacet
  facet normal 0 0 -1
    outer loop
      vertex 0.9446895146242007 -8.519746796849855 -13.505739520663056
      vertex 1.825 -9.035420740083758 -13.505739520663056
      vertex 0.4764206016031882 -8.388020612718215 -13.505739520663056
    endloop
  endfacet
  facet normal 0 0 -1
    outer loop
      vertex 0 -8.343860018001259 -13.505739520663056
      vertex 1.825 -9.035420740083758 -13.505739520663056
      vertex 2.2219792158818303 -9.41054517504546 -13.505739520663056
    endloop
  endfacet
  facet normal 0 0 -1
    outer loop
      vertex 1.3967945281325778 -8.736784698864282 -13.505739520663056
      vertex 1.825 -9.035420740083758 -13.505739520663056
      vertex 0.9446895146242007 -8.519746796849855 -13.505739520663056
    endloop
  endfacet
  facet normal 0 0 -1
    outer loop
      vertex 2.2219792158818303 -9.41054517504546 -13.505739520663056
      vertex 2.5809397513308987 -9.855739520663056 -13.505739520663056
      vertex 0 -8.343860018001259 -13.505739520663056
    endloop
  endfacet
  facet normal 0 0 -1
    outer loop
      vertex 11.20569886079564 -1.2479609294678773 -13.505739520663056
      vertex 8.388020612718215 -0.4764206016031882 -13.505739520663056
      vertex 8.343860018001259 0 -13.505739520663056
    endloop
  endfacet
  facet normal 0 0 -1
    outer loop
      vertex 11.20569886079564 -1.2479609294678773 -13.505739520663056
      vertex 8.343860018001259 0 -13.505739520663056
      vertex 8.388020612718217 0.4764206016031882 -13.505739520663056
    endloop
  endfacet
  facet normal 0 0 -1
    outer loop
      vertex 11.20569886079564 -1.2479609294678773 -13.505739520663056
      vertex 10.924799769332157 -3.1609927238132007 -13.505739520663056
      vertex 10.363386378251835 -2.895739692063008 -13.505739520663056
    endloop
  endfacet
  facet normal 0 0 -1
    outer loop
      vertex 11.20569886079564 -1.2479609294678773 -13.505739520663056
      vertex 11.530373755129439 -3.3721602936661963 -13.505739520663056
      vertex 10.924799769332157 -3.1609927238132007 -13.505739520663056
    endloop
  endfacet
  facet normal 0 0 -1
    outer loop
      vertex 11.20569886079564 -1.2479609294678773 -13.505739520663056
      vertex 12.169746796849857 -3.525629265955099 -13.505739520663056
      vertex 11.530373755129439 -3.3721602936661963 -13.505739520663056
    endloop
  endfacet
  facet normal 0 0 -1
    outer loop
      vertex 11.20569886079564 -1.2479609294678773 -13.505739520663056
      vertex 9.41054517504546 -2.2219792158818303 -13.505739520663056
      vertex 9.035420740083756 -1.825 -13.505739520663056
    endloop
  endfacet
  facet normal 0 0 -1
    outer loop
      vertex 11.20569886079564 -1.2479609294678773 -13.505739520663056
      vertex 8.736784698864282 -1.3967945281325778 -13.505739520663056
      vertex 8.519746796849855 -0.9446895146242007 -13.505739520663056
    endloop
  endfacet
  facet normal 0 0 -1
    outer loop
      vertex 11.20569886079564 -1.2479609294678773 -13.505739520663056
      vertex 9.035420740083756 -1.825 -13.505739520663056
      vertex 8.736784698864282 -1.3967945281325778 -13.505739520663056
    endloop
  endfacet
  facet normal 0 0 -1
    outer loop
      vertex 11.20569886079564 -1.2479609294678773 -13.505739520663056
      vertex 9.855739520663057 -2.5809397513308987 -13.505739520663056
      vertex 9.41054517504546 -2.2219792158818303 -13.505739520663056
    endloop
  endfacet
  facet normal 0 0 -1
    outer loop
      vertex 11.20569886079564 -1.2479609294678773 -13.505739520663056
      vertex 10.363386378251835 -2.895739692063008 -13.505739520663056
      vertex 9.855739520663057 -2.5809397513308987 -13.505739520663056
    endloop
  endfacet
  facet normal 0 0 -1
    outer loop
      vertex 11.20569886079564 -1.2479609294678773 -13.505739520663056
      vertex 8.519746796849855 -0.9446895146242007 -13.505739520663056
      vertex 8.388020612718215 -0.4764206016031882 -13.505739520663056
    endloop
  endfacet
  facet normal 0 0 -1
    outer loop
      vertex 10.827285442666483 -0.7845010363484339 -13.505739520663056
      vertex 8.519746796849855 0.9446895146242004 -13.505739520663056
      vertex 10.705387442904954 -0.5305790424601675 -13.505739520663056
    endloop
  endfacet
  facet normal 0 0 -1
    outer loop
      vertex 10.827285442666483 -0.7845010363484339 -13.505739520663056
      vertex 10.9950125343103 -1.025 -13.505739520663056
      vertex 8.519746796849855 0.9446895146242004 -13.505739520663056
    endloop
  endfacet
  facet normal 0 0 -1
    outer loop
      vertex 11.20569886079564 -1.2479609294678773 -13.505739520663056
      vertex 8.519746796849855 0.9446895146242004 -13.505739520663056
      vertex 10.9950125343103 -1.025 -13.505739520663056
    endloop
  endfacet
  facet normal 0 0 -1
    outer loop
      vertex 11.20569886079564 -1.2479609294678773 -13.505739520663056
      vertex 12.831979044481876 -3.618773744014408 -13.505739520663056
      vertex 12.169746796849857 -3.525629265955099 -13.505739520663056
    endloop
  endfacet
  facet normal 0 0 -1
    outer loop
      vertex 11.20569886079564 -1.2479609294678773 -13.505739520663056
      vertex 13.505739520663056 -3.65 -13.505739520663056
      vertex 12.831979044481876 -3.618773744014408 -13.505739520663056
    endloop
  endfacet
  facet normal 0 0 -1
    outer loop
      vertex 11.74085624889785 -1.626374347597032 -13.505739520663056
      vertex 12.056170619230633 -1.775352077758099 -13.505739520663056
      vertex 13.505739520663056 -3.65 -13.505739520663056
    endloop
  endfacet
  facet normal 0 0 -1
    outer loop
      vertex 12.056170619230633 -1.775352077758099 -13.505739520663056
      vertex 14.179499996844235 -3.618773744014408 -13.505739520663056
      vertex 13.505739520663056 -3.65 -13.505739520663056
    endloop
  endfacet
  facet normal 0 0 -1
    outer loop
      vertex 12.056170619230633 -1.775352077758099 -13.505739520663056
      vertex 12.396287515363351 -1.8939530416481376 -13.505739520663056
      vertex 14.179499996844235 -3.618773744014408 -13.505739520663056
    endloop
  endfacet
  facet normal 0 0 -1
    outer loop
      vertex 12.396287515363351 -1.8939530416481376 -13.505739520663056
      vertex 12.755387442904958 -1.98014794389259 -13.505739520663056
      vertex 14.179499996844235 -3.618773744014408 -13.505739520663056
    endloop
  endfacet
  facet normal 0 0 -1
    outer loop
      vertex 12.755387442904958 -1.98014794389259 -13.505739520663056
      vertex 13.127326102533901 -2.032461965816311 -13.505739520663056
      vertex 14.179499996844235 -3.618773744014408 -13.505739520663056
    endloop
  endfacet
  facet normal 0 0 -1
    outer loop
      vertex 13.127326102533901 -2.032461965816311 -13.505739520663056
      vertex 13.505739520663056 -2.05 -13.505739520663056
      vertex 14.841732244476255 -3.525629265955099 -13.505739520663056
    endloop
  endfacet
  facet normal 0 0 -1
    outer loop
      vertex 11.20569886079564 -1.2479609294678773 -13.505739520663056
      vertex 11.455739520663055 -1.4495689014324225 -13.505739520663056
      vertex 13.505739520663056 -3.65 -13.505739520663056
    endloop
  endfacet
  facet normal 0 0 -1
    outer loop
      vertex 11.74085624889785 -1.626374347597032 -13.505739520663056
      vertex 13.505739520663056 -3.65 -13.505739520663056
      vertex 11.455739520663055 -1.4495689014324225 -13.505739520663056
    endloop
  endfacet
  facet normal 0 0 -1
    outer loop
      vertex 13.127326102533901 -2.032461965816311 -13.505739520663056
      vertex 14.841732244476255 -3.525629265955099 -13.505739520663056
      vertex 14.179499996844235 -3.618773744014408 -13.505739520663056
    endloop
  endfacet
  facet normal 0 0 -1
    outer loop
      vertex 13.505739520663056 -2.05 -13.505739520663056
      vertex 13.884152938792209 -2.032461965816311 -13.505739520663056
      vertex 14.841732244476255 -3.525629265955099 -13.505739520663056
    endloop
  endfacet
  facet normal 0 0 -1
    outer loop
      vertex 13.884152938792209 -2.032461965816311 -13.505739520663056
      vertex 14.256091598421154 -1.98014794389259 -13.505739520663056
      vertex 15.481105286196673 -3.3721602936661963 -13.505739520663056
    endloop
  endfacet
  facet normal 0 0 -1
    outer loop
      vertex 13.884152938792209 -2.032461965816311 -13.505739520663056
      vertex 15.481105286196673 -3.3721602936661963 -13.505739520663056
      vertex 14.841732244476255 -3.525629265955099 -13.505739520663056
    endloop
  endfacet
  facet normal 0 0 -1
    outer loop
      vertex 14.256091598421154 -1.98014794389259 -13.505739520663056
      vertex 14.61519152596276 -1.8939530416481376 -13.505739520663056
      vertex 15.481105286196673 -3.3721602936661963 -13.505739520663056
    endloop
  endfacet
  facet normal 0 0 -1
    outer loop
      vertex 14.61519152596276 -1.8939530416481376 -13.505739520663056
      vertex 16.086679271993955 -3.1609927238132007 -13.505739520663056
      vertex 15.481105286196673 -3.3721602936661963 -13.505739520663056
    endloop
  endfacet
  facet normal 0 0 -1
    outer loop
      vertex 15.27062279242826 -1.626374347597032 -13.505739520663056
      vertex 16.648092663074273 -2.895739692063008 -13.505739520663056
      vertex 16.086679271993955 -3.1609927238132007 -13.505739520663056
    endloop
  endfacet
  facet normal 0 0 -1
    outer loop
      vertex 14.61519152596276 -1.8939530416481376 -13.505739520663056
      vertex 14.95530842209548 -1.775352077758099 -13.505739520663056
      vertex 16.086679271993955 -3.1609927238132007 -13.505739520663056
    endloop
  endfacet
  facet normal 0 0 -1
    outer loop
      vertex 14.95530842209548 -1.775352077758099 -13.505739520663056
      vertex 15.27062279242826 -1.626374347597032 -13.505739520663056
      vertex 16.086679271993955 -3.1609927238132007 -13.505739520663056
    endloop
  endfacet
  facet normal 0 0 -1
    outer loop
      vertex 15.27062279242826 -1.626374347597032 -13.505739520663056
      vertex 15.555739520663057 -1.4495689014324225 -13.505739520663056
      vertex 16.648092663074273 -2.895739692063008 -13.505739520663056
    endloop
  endfacet
  facet normal 0 0 -1
    outer loop
      vertex 15.555739520663057 -1.4495689014324225 -13.505739520663056
      vertex 15.805780180530473 -1.2479609294678773 -13.505739520663056
      vertex 16.648092663074273 -2.895739692063008 -13.505739520663056
    endloop
  endfacet
  facet normal 0 0 -1
    outer loop
      vertex 15.805780180530473 -1.2479609294678773 -13.505739520663056
      vertex 16.01646650701581 -1.025 -13.505739520663056
      vertex 17.155739520663055 -2.5809397513308987 -13.505739520663056
    endloop
  endfacet
  facet normal 0 0 -1
    outer loop
      vertex 15.805780180530473 -1.2479609294678773 -13.505739520663056
      vertex 17.155739520663055 -2.5809397513308987 -13.505739520663056
      vertex 16.648092663074273 -2.895739692063008 -13.505739520663056
    endloop
  endfacet
  facet normal 0 0 -1
    outer loop
      vertex 16.01646650701581 -1.025 -13.505739520663056
      vertex 16.18419359865963 -0.7845010363484339 -13.505739520663056
      vertex 17.600933866280652 -2.2219792158818303 -13.505739520663056
    endloop
  endfacet
  facet normal 0 0 -1
    outer loop
      vertex 16.18419359865963 -0.7845010363484339 -13.505739520663056
      vertex 16.30609159842116 -0.5305790424601675 -13.505739520663056
      vertex 17.600933866280652 -2.2219792158818303 -13.505739520663056
    endloop
  endfacet
  facet normal 0 0 -1
    outer loop
      vertex 16.01646650701581 -1.025 -13.505739520663056
      vertex 17.600933866280652 -2.2219792158818303 -13.505739520663056
      vertex 17.155739520663055 -2.5809397513308987 -13.505739520663056
    endloop
  endfacet
  facet normal 0 0 -1
    outer loop
      vertex 16.30609159842116 -0.5305790424601675 -13.505739520663056
      vertex 17.976058301242354 -1.825 -13.505739520663056
      vertex 17.600933866280652 -2.2219792158818303 -13.505739520663056
    endloop
  endfacet
  facet normal 0 0 -1
    outer loop
      vertex 16.30609159842116 -0.5305790424601675 -13.505739520663056
      vertex 16.380074797727968 -0.2675786940511057 -13.505739520663056
      vertex 17.976058301242354 -1.825 -13.505739520663056
    endloop
  endfacet
  facet normal 0 0 -1
    outer loop
      vertex 16.380074797727968 -0.2675786940511057 -13.505739520663056
      vertex 16.404877323527902 0 -13.505739520663056
      vertex 17.976058301242354 -1.825 -13.505739520663056
    endloop
  endfacet
  facet normal 0 0 -1
    outer loop
      vertex 16.404877323527902 0 -13.505739520663056
      vertex 18.274694342461828 -1.3967945281325778 -13.505739520663056
      vertex 17.976058301242354 -1.825 -13.505739520663056
    endloop
  endfacet
  facet normal 0 0 -1
    outer loop
      vertex 16.404877323527902 0 -13.505739520663056
      vertex 18.491732244476257 -0.9446895146242007 -13.505739520663056
      vertex 18.274694342461828 -1.3967945281325778 -13.505739520663056
    endloop
  endfacet
  facet normal 0 0 -1
    outer loop
      vertex 16.404877323527902 0 -13.505739520663056
      vertex 18.623458428607897 -0.4764206016031882 -13.505739520663056
      vertex 18.491732244476257 -0.9446895146242007 -13.505739520663056
    endloop
  endfacet
  facet normal 0 0 -1
    outer loop
      vertex 16.404877323527902 0 -13.505739520663056
      vertex 18.667619023324853 0 -13.505739520663056
      vertex 18.623458428607897 -0.4764206016031882 -13.505739520663056
    endloop
  endfacet
  facet normal 0 0 -1
    outer loop
      vertex 10.705387442904954 -0.5305790424601675 -13.505739520663056
      vertex 8.519746796849855 0.9446895146242004 -13.505739520663056
      vertex 8.736784698864284 1.3967945281325778 -13.505739520663056
    endloop
  endfacet
  facet normal 0 0 -1
    outer loop
      vertex -1.2479609294678773 11.20569886079564 -13.505739520663056
      vertex 0.9446895146242007 8.519746796849855 -13.505739520663056
      vertex 0.4764206016031882 8.388020612718217 -13.505739520663056
    endloop
  endfacet
  facet normal 0 0 -1
    outer loop
      vertex -1.025 10.9950125343103 -13.505739520663056
      vertex 1.3967945281325778 8.736784698864284 -13.505739520663056
      vertex 0.9446895146242007 8.519746796849855 -13.505739520663056
    endloop
  endfacet
  facet normal 0 0 -1
    outer loop
      vertex -0.7845010363484339 10.827285442666483 -13.505739520663056
      vertex -0.5305790424601675 10.705387442904954 -13.505739520663056
      vertex 1.3967945281325778 8.736784698864284 -13.505739520663056
    endloop
  endfacet
  facet normal 0 0 -1
    outer loop
      vertex -0.5305790424601675 10.705387442904954 -13.505739520663056
      vertex -0.2675786940511057 10.631404243598146 -13.505739520663056
      vertex 1.8249999999999997 9.035420740083758 -13.505739520663056
    endloop
  endfacet
  facet normal 0 0 -1
    outer loop
      vertex -0.2675786940511057 10.631404243598146 -13.505739520663056
      vertex 0 10.606601717798211 -13.505739520663056
      vertex 1.8249999999999997 9.035420740083758 -13.505739520663056
    endloop
  endfacet
  facet normal 0 0 -1
    outer loop
      vertex -0.5305790424601675 10.705387442904954 -13.505739520663056
      vertex 1.8249999999999997 9.035420740083758 -13.505739520663056
      vertex 1.3967945281325778 8.736784698864284 -13.505739520663056
    endloop
  endfacet
  facet normal 0 0 -1
    outer loop
      vertex 0 10.606601717798211 -13.505739520663056
      vertex 0.2675786940511057 10.631404243598146 -13.505739520663056
      vertex 1.8249999999999997 9.035420740083758 -13.505739520663056
    endloop
  endfacet
  facet normal 0 0 -1
    outer loop
      vertex 0.2675786940511057 10.631404243598146 -13.505739520663056
      vertex 0.5305790424601675 10.705387442904954 -13.505739520663056
      vertex 2.2219792158818303 9.41054517504546 -13.505739520663056
    endloop
  endfacet
  facet normal 0 0 -1
    outer loop
      vertex 0.2675786940511057 10.631404243598146 -13.505739520663056
      vertex 2.2219792158818303 9.41054517504546 -13.505739520663056
      vertex 1.8249999999999997 9.035420740083758 -13.505739520663056
    endloop
  endfacet
  facet normal 0 0 -1
    outer loop
      vertex 0.5305790424601675 10.705387442904954 -13.505739520663056
      vertex 0.7845010363484339 10.827285442666483 -13.505739520663056
      vertex 2.2219792158818303 9.41054517504546 -13.505739520663056
    endloop
  endfacet
  facet normal 0 0 -1
    outer loop
      vertex 0.7845010363484339 10.827285442666483 -13.505739520663056
      vertex 2.5809397513308987 9.855739520663056 -13.505739520663056
      vertex 2.2219792158818303 9.41054517504546 -13.505739520663056
    endloop
  endfacet
  facet normal 0 0 -1
    outer loop
      vertex 1.2479609294678773 11.20569886079564 -13.505739520663056
      vertex 2.895739692063008 10.363386378251835 -13.505739520663056
      vertex 2.5809397513308987 9.855739520663056 -13.505739520663056
    endloop
  endfacet
  facet normal 0 0 -1
    outer loop
      vertex 0.7845010363484339 10.827285442666483 -13.505739520663056
      vertex 1.025 10.9950125343103 -13.505739520663056
      vertex 2.5809397513308987 9.855739520663056 -13.505739520663056
    endloop
  endfacet
  facet normal 0 0 -1
    outer loop
      vertex 1.025 10.9950125343103 -13.505739520663056
      vertex 1.2479609294678773 11.20569886079564 -13.505739520663056
      vertex 2.5809397513308987 9.855739520663056 -13.505739520663056
    endloop
  endfacet
  facet normal 0 0 -1
    outer loop
      vertex 1.2479609294678773 11.20569886079564 -13.505739520663056
      vertex 1.4495689014324225 11.455739520663055 -13.505739520663056
      vertex 2.895739692063008 10.363386378251835 -13.505739520663056
    endloop
  endfacet
  facet normal 0 0 -1
    outer loop
      vertex 1.4495689014324225 11.455739520663055 -13.505739520663056
      vertex 1.626374347597032 11.74085624889785 -13.505739520663056
      vertex 3.1609927238132007 10.924799769332155 -13.505739520663056
    endloop
  endfacet
  facet normal 0 0 -1
    outer loop
      vertex 1.626374347597032 11.74085624889785 -13.505739520663056
      vertex 1.775352077758099 12.056170619230633 -13.505739520663056
      vertex 3.1609927238132007 10.924799769332155 -13.505739520663056
    endloop
  endfacet
  facet normal 0 0 -1
    outer loop
      vertex 1.4495689014324225 11.455739520663055 -13.505739520663056
      vertex 3.1609927238132007 10.924799769332155 -13.505739520663056
      vertex 2.895739692063008 10.363386378251835 -13.505739520663056
    endloop
  endfacet
  facet normal 0 0 -1
    outer loop
      vertex 1.775352077758099 12.056170619230633 -13.505739520663056
      vertex 3.3721602936661963 11.530373755129439 -13.505739520663056
      vertex 3.1609927238132007 10.924799769332155 -13.505739520663056
    endloop
  endfacet
  facet normal 0 0 -1
    outer loop
      vertex 1.775352077758099 12.056170619230633 -13.505739520663056
      vertex 1.8939530416481376 12.396287515363351 -13.505739520663056
      vertex 3.3721602936661963 11.530373755129439 -13.505739520663056
    endloop
  endfacet
  facet normal 0 0 -1
    outer loop
      vertex 1.8939530416481376 12.396287515363351 -13.505739520663056
      vertex 1.98014794389259 12.755387442904958 -13.505739520663056
      vertex 3.3721602936661963 11.530373755129439 -13.505739520663056
    endloop
  endfacet
  facet normal 0 0 -1
    outer loop
      vertex 1.98014794389259 12.755387442904958 -13.505739520663056
      vertex 2.032461965816311 13.127326102533901 -13.505739520663056
      vertex 3.525629265955099 12.169746796849855 -13.505739520663056
    endloop
  endfacet
  facet normal 0 0 -1
    outer loop
      vertex 1.98014794389259 12.755387442904958 -13.505739520663056
      vertex 3.525629265955099 12.169746796849855 -13.505739520663056
      vertex 3.3721602936661963 11.530373755129439 -13.505739520663056
    endloop
  endfacet
  facet normal 0 0 -1
    outer loop
      vertex 2.032461965816311 13.127326102533901 -13.505739520663056
      vertex 2.05 13.505739520663056 -13.505739520663056
      vertex 3.525629265955099 12.169746796849855 -13.505739520663056
    endloop
  endfacet
  facet normal 0 0 -1
    outer loop
      vertex 2.05 13.505739520663056 -13.505739520663056
      vertex 3.618773744014408 12.831979044481876 -13.505739520663056
      vertex 3.525629265955099 12.169746796849855 -13.505739520663056
    endloop
  endfacet
  facet normal 0 0 -1
    outer loop
      vertex 2.05 13.505739520663056 -13.505739520663056
      vertex 3.65 13.505739520663056 -13.505739520663056
      vertex 3.618773744014408 12.831979044481876 -13.505739520663056
    endloop
  endfacet
  facet normal 0 0 -1
    outer loop
      vertex 2.05 13.505739520663056 -13.505739520663056
      vertex 3.618773744014408 14.179499996844235 -13.505739520663056
      vertex 3.65 13.505739520663056 -13.505739520663056
    endloop
  endfacet
  facet normal 0 0 -1
    outer loop
      vertex 1.025 16.01646650701581 -13.505739520663056
      vertex 2.5809397513308987 17.155739520663055 -13.505739520663056
      vertex 1.2479609294678773 15.805780180530473 -13.505739520663056
    endloop
  endfacet
  facet normal 0 0 -1
    outer loop
      vertex 1.775352077758099 14.95530842209548 -13.505739520663056
      vertex 1.626374347597032 15.27062279242826 -13.505739520663056
      vertex 3.1609927238132007 16.086679271993955 -13.505739520663056
    endloop
  endfacet
  facet normal 0 0 -1
    outer loop
      vertex 1.8939530416481376 14.61519152596276 -13.505739520663056
      vertex 1.775352077758099 14.95530842209548 -13.505739520663056
      vertex 3.1609927238132007 16.086679271993955 -13.505739520663056
    endloop
  endfacet
  facet normal 0 0 -1
    outer loop
      vertex 1.4495689014324225 15.555739520663057 -13.505739520663056
      vertex 1.2479609294678773 15.805780180530473 -13.505739520663056
      vertex 2.895739692063008 16.648092663074276 -13.505739520663056
    endloop
  endfacet
  facet normal 0 0 -1
    outer loop
      vertex 1.4495689014324225 15.555739520663057 -13.505739520663056
      vertex 2.895739692063008 16.648092663074276 -13.505739520663056
      vertex 1.626374347597032 15.27062279242826 -13.505739520663056
    endloop
  endfacet
  facet normal 0 0 -1
    outer loop
      vertex 0.7845010363484339 16.18419359865963 -13.505739520663056
      vertex -0.4764206016031882 18.623458428607897 -13.505739520663056
      vertex 0 18.667619023324853 -13.505739520663056
    endloop
  endfacet
  facet normal 0 0 -1
    outer loop
      vertex 0.7845010363484339 16.18419359865963 -13.505739520663056
      vertex 0 18.667619023324853 -13.505739520663056
      vertex 0.4764206016031882 18.623458428607897 -13.505739520663056
    endloop
  endfacet
  facet normal 0 0 -1
    outer loop
      vertex 0.7845010363484339 16.18419359865963 -13.505739520663056
      vertex 0.4764206016031882 18.623458428607897 -13.505739520663056
      vertex 0.9446895146242007 18.491732244476257 -13.505739520663056
    endloop
  endfacet
  facet normal 0 0 -1
    outer loop
      vertex 0.7845010363484339 16.18419359865963 -13.505739520663056
      vertex 0.9446895146242007 18.491732244476257 -13.505739520663056
      vertex 1.3967945281325778 18.274694342461828 -13.505739520663056
    endloop
  endfacet
  facet normal 0 0 -1
    outer loop
      vertex 0.7845010363484339 16.18419359865963 -13.505739520663056
      vertex 2.2219792158818303 17.600933866280652 -13.505739520663056
      vertex 1.025 16.01646650701581 -13.505739520663056
    endloop
  endfacet
  facet normal 0 0 -1
    outer loop
      vertex 0.7845010363484339 16.18419359865963 -13.505739520663056
      vertex 1.3967945281325778 18.274694342461828 -13.505739520663056
      vertex 1.825 17.976058301242354 -13.505739520663056
    endloop
  endfacet
  facet normal 0 0 -1
    outer loop
      vertex 0.7845010363484339 16.18419359865963 -13.505739520663056
      vertex 1.825 17.976058301242354 -13.505739520663056
      vertex 2.2219792158818303 17.600933866280652 -13.505739520663056
    endloop
  endfacet
  facet normal 0 0 -1
    outer loop
      vertex 1.2479609294678773 15.805780180530473 -13.505739520663056
      vertex 2.5809397513308987 17.155739520663055 -13.505739520663056
      vertex 2.895739692063008 16.648092663074276 -13.505739520663056
    endloop
  endfacet
  facet normal 0 0 -1
    outer loop
      vertex 1.025 16.01646650701581 -13.505739520663056
      vertex 2.2219792158818303 17.600933866280652 -13.505739520663056
      vertex 2.5809397513308987 17.155739520663055 -13.505739520663056
    endloop
  endfacet
  facet normal 0 0 -1
    outer loop
      vertex 2.05 13.505739520663056 -13.505739520663056
      vertex 2.032461965816311 13.884152938792209 -13.505739520663056
      vertex 3.525629265955099 14.841732244476255 -13.505739520663056
    endloop
  endfacet
  facet normal 0 0 -1
    outer loop
      vertex 2.032461965816311 13.884152938792209 -13.505739520663056
      vertex 1.98014794389259 14.256091598421154 -13.505739520663056
      vertex 3.3721602936661963 15.481105286196675 -13.505739520663056
    endloop
  endfacet
  facet normal 0 0 -1
    outer loop
      vertex 1.8939530416481376 14.61519152596276 -13.505739520663056
      vertex 3.3721602936661963 15.481105286196675 -13.505739520663056
      vertex 1.98014794389259 14.256091598421154 -13.505739520663056
    endloop
  endfacet
  facet normal 0 0 -1
    outer loop
      vertex 2.05 13.505739520663056 -13.505739520663056
      vertex 3.525629265955099 14.841732244476255 -13.505739520663056
      vertex 3.618773744014408 14.179499996844235 -13.505739520663056
    endloop
  endfacet
  facet normal 0 0 -1
    outer loop
      vertex 2.032461965816311 13.884152938792209 -13.505739520663056
      vertex 3.3721602936661963 15.481105286196675 -13.505739520663056
      vertex 3.525629265955099 14.841732244476255 -13.505739520663056
    endloop
  endfacet
  facet normal 0 0 -1
    outer loop
      vertex 1.8939530416481376 14.61519152596276 -13.505739520663056
      vertex 3.1609927238132007 16.086679271993955 -13.505739520663056
      vertex 3.3721602936661963 15.481105286196675 -13.505739520663056
    endloop
  endfacet
  facet normal 0 0 -1
    outer loop
      vertex 1.626374347597032 15.27062279242826 -13.505739520663056
      vertex 2.895739692063008 16.648092663074276 -13.505739520663056
      vertex 3.1609927238132007 16.086679271993955 -13.505739520663056
    endloop
  endfacet
  facet normal 0 0 -1
    outer loop
      vertex 11.20569886079564 -1.2479609294678773 -13.505739520663056
      vertex 8.388020612718217 0.4764206016031882 -13.505739520663056
      vertex 8.519746796849855 0.9446895146242004 -13.505739520663056
    endloop
  endfacet
  facet normal 0 0 -1
    outer loop
      vertex 10.631404243598146 0.2675786940511057 -13.505739520663056
      vertex 8.736784698864284 1.3967945281325778 -13.505739520663056
      vertex 9.035420740083756 1.825 -13.505739520663056
    endloop
  endfacet
  facet normal 0 0 -1
    outer loop
      vertex 10.705387442904954 -0.5305790424601675 -13.505739520663056
      vertex 8.736784698864284 1.3967945281325778 -13.505739520663056
      vertex 10.631404243598146 -0.2675786940511057 -13.505739520663056
    endloop
  endfacet
  facet normal 0 0 -1
    outer loop
      vertex 10.631404243598146 -0.2675786940511057 -13.505739520663056
      vertex 8.736784698864284 1.3967945281325778 -13.505739520663056
      vertex 10.606601717798211 0 -13.505739520663056
    endloop
  endfacet
  facet normal 0 0 -1
    outer loop
      vertex 10.606601717798211 0 -13.505739520663056
      vertex 8.736784698864284 1.3967945281325778 -13.505739520663056
      vertex 10.631404243598146 0.2675786940511057 -13.505739520663056
    endloop
  endfacet
  facet normal 0 0 -1
    outer loop
      vertex 10.631404243598146 0.2675786940511057 -13.505739520663056
      vertex 9.035420740083756 1.825 -13.505739520663056
      vertex 10.705387442904954 0.5305790424601675 -13.505739520663056
    endloop
  endfacet
  facet normal 0 0 -1
    outer loop
      vertex 10.705387442904954 0.5305790424601675 -13.505739520663056
      vertex 9.035420740083756 1.825 -13.505739520663056
      vertex 10.827285442666483 0.7845010363484339 -13.505739520663056
    endloop
  endfacet
  facet normal 0 0 -1
    outer loop
      vertex 10.827285442666483 0.7845010363484339 -13.505739520663056
      vertex 9.035420740083756 1.825 -13.505739520663056
      vertex 9.41054517504546 2.2219792158818303 -13.505739520663056
    endloop
  endfacet
  facet normal 0 0 -1
    outer loop
      vertex 10.827285442666483 0.7845010363484339 -13.505739520663056
      vertex 9.41054517504546 2.2219792158818303 -13.505739520663056
      vertex 10.9950125343103 1.025 -13.505739520663056
    endloop
  endfacet
  facet normal 0 0 -1
    outer loop
      vertex 11.20569886079564 1.2479609294678773 -13.505739520663056
      vertex 9.41054517504546 2.2219792158818303 -13.505739520663056
      vertex 9.855739520663057 2.5809397513308987 -13.505739520663056
    endloop
  endfacet
  facet normal 0 0 -1
    outer loop
      vertex 10.9950125343103 1.025 -13.505739520663056
      vertex 9.41054517504546 2.2219792158818303 -13.505739520663056
      vertex 11.20569886079564 1.2479609294678773 -13.505739520663056
    endloop
  endfacet
  facet normal 0 0 -1
    outer loop
      vertex 11.455739520663055 1.4495689014324225 -13.505739520663056
      vertex 9.855739520663057 2.5809397513308987 -13.505739520663056
      vertex 10.363386378251835 2.895739692063008 -13.505739520663056
    endloop
  endfacet
  facet normal 0 0 -1
    outer loop
      vertex 11.20569886079564 1.2479609294678773 -13.505739520663056
      vertex 9.855739520663057 2.5809397513308987 -13.505739520663056
      vertex 11.455739520663055 1.4495689014324225 -13.505739520663056
    endloop
  endfacet
  facet normal 0 0 -1
    outer loop
      vertex 11.455739520663055 1.4495689014324225 -13.505739520663056
      vertex 10.363386378251835 2.895739692063008 -13.505739520663056
      vertex 11.74085624889785 1.626374347597032 -13.505739520663056
    endloop
  endfacet
  facet normal 0 0 -1
    outer loop
      vertex 11.74085624889785 1.626374347597032 -13.505739520663056
      vertex 10.363386378251835 2.895739692063008 -13.505739520663056
      vertex 12.056170619230633 1.775352077758099 -13.505739520663056
    endloop
  endfacet
  facet normal 0 0 -1
    outer loop
      vertex 12.056170619230633 1.775352077758099 -13.505739520663056
      vertex 10.363386378251835 2.895739692063008 -13.505739520663056
      vertex 10.924799769332157 3.1609927238132007 -13.505739520663056
    endloop
  endfacet
  facet normal 0 0 -1
    outer loop
      vertex 12.056170619230633 1.775352077758099 -13.505739520663056
      vertex 10.924799769332157 3.1609927238132007 -13.505739520663056
      vertex 12.396287515363351 1.8939530416481376 -13.505739520663056
    endloop
  endfacet
  facet normal 0 0 -1
    outer loop
      vertex 12.755387442904958 1.98014794389259 -13.505739520663056
      vertex 10.924799769332157 3.1609927238132007 -13.505739520663056
      vertex 11.530373755129439 3.3721602936661963 -13.505739520663056
    endloop
  endfacet
  facet normal 0 0 -1
    outer loop
      vertex 12.396287515363351 1.8939530416481376 -13.505739520663056
      vertex 10.924799769332157 3.1609927238132007 -13.505739520663056
      vertex 12.755387442904958 1.98014794389259 -13.505739520663056
    endloop
  endfacet
  facet normal 0 0 -1
    outer loop
      vertex 12.755387442904958 1.98014794389259 -13.505739520663056
      vertex 11.530373755129439 3.3721602936661963 -13.505739520663056
      vertex 13.127326102533901 2.032461965816311 -13.505739520663056
    endloop
  endfacet
  facet normal 0 0 -1
    outer loop
      vertex 13.127326102533901 2.032461965816311 -13.505739520663056
      vertex 11.530373755129439 3.3721602936661963 -13.505739520663056
      vertex 13.505739520663056 2.05 -13.505739520663056
    endloop
  endfacet
  facet normal 0 0 -1
    outer loop
      vertex 13.505739520663056 2.05 -13.505739520663056
      vertex 11.530373755129439 3.3721602936661963 -13.505739520663056
      vertex 12.169746796849857 3.525629265955099 -13.505739520663056
    endloop
  endfacet
  facet normal 0 0 -1
    outer loop
      vertex 13.505739520663056 2.05 -13.505739520663056
      vertex 12.169746796849857 3.525629265955099 -13.505739520663056
      vertex 13.884152938792209 2.032461965816311 -13.505739520663056
    endloop
  endfacet
  facet normal 0 0 -1
    outer loop
      vertex 14.61519152596276 1.8939530416481376 -13.505739520663056
      vertex 12.169746796849857 3.525629265955099 -13.505739520663056
      vertex 12.831979044481876 3.618773744014408 -13.505739520663056
    endloop
  endfacet
  facet normal 0 0 -1
    outer loop
      vertex 13.884152938792209 2.032461965816311 -13.505739520663056
      vertex 12.169746796849857 3.525629265955099 -13.505739520663056
      vertex 14.256091598421154 1.98014794389259 -13.505739520663056
    endloop
  endfacet
  facet normal 0 0 -1
    outer loop
      vertex 14.256091598421154 1.98014794389259 -13.505739520663056
      vertex 12.169746796849857 3.525629265955099 -13.505739520663056
      vertex 14.61519152596276 1.8939530416481376 -13.505739520663056
    endloop
  endfacet
  facet normal 0 0 -1
    outer loop
      vertex 14.61519152596276 1.8939530416481376 -13.505739520663056
      vertex 12.831979044481876 3.618773744014408 -13.505739520663056
      vertex 13.505739520663056 3.65 -13.505739520663056
    endloop
  endfacet
  facet normal 0 0 -1
    outer loop
      vertex 15.555739520663057 1.4495689014324225 -13.505739520663056
      vertex 15.27062279242826 1.626374347597032 -13.505739520663056
      vertex 13.505739520663056 3.65 -13.505739520663056
    endloop
  endfacet
  facet normal 0 0 -1
    outer loop
      vertex 15.555739520663057 1.4495689014324225 -13.505739520663056
      vertex 13.505739520663056 3.65 -13.505739520663056
      vertex 15.805780180530473 1.2479609294678773 -13.505739520663056
    endloop
  endfacet
  facet normal 0 0 -1
    outer loop
      vertex 15.805780180530473 1.2479609294678773 -13.505739520663056
      vertex 16.648092663074276 2.895739692063008 -13.505739520663056
      vertex 16.01646650701581 1.025 -13.505739520663056
    endloop
  endfacet
  facet normal 0 0 -1
    outer loop
      vertex 14.61519152596276 1.8939530416481376 -13.505739520663056
      vertex 13.505739520663056 3.65 -13.505739520663056
      vertex 14.95530842209548 1.775352077758099 -13.505739520663056
    endloop
  endfacet
  facet normal 0 0 -1
    outer loop
      vertex 14.95530842209548 1.775352077758099 -13.505739520663056
      vertex 13.505739520663056 3.65 -13.505739520663056
      vertex 15.27062279242826 1.626374347597032 -13.505739520663056
    endloop
  endfacet
  facet normal 0 0 -1
    outer loop
      vertex 15.805780180530473 1.2479609294678773 -13.505739520663056
      vertex 13.505739520663056 3.65 -13.505739520663056
      vertex 14.179499996844235 3.618773744014408 -13.505739520663056
    endloop
  endfacet
  facet normal 0 0 -1
    outer loop
      vertex 15.805780180530473 1.2479609294678773 -13.505739520663056
      vertex 14.179499996844235 3.618773744014408 -13.505739520663056
      vertex 14.841732244476255 3.525629265955099 -13.505739520663056
    endloop
  endfacet
  facet normal 0 0 -1
    outer loop
      vertex 15.805780180530473 1.2479609294678773 -13.505739520663056
      vertex 14.841732244476255 3.525629265955099 -13.505739520663056
      vertex 15.481105286196673 3.3721602936661963 -13.505739520663056
    endloop
  endfacet
  facet normal 0 0 -1
    outer loop
      vertex 15.805780180530473 1.2479609294678773 -13.505739520663056
      vertex 15.481105286196673 3.3721602936661963 -13.505739520663056
      vertex 16.086679271993955 3.1609927238132007 -13.505739520663056
    endloop
  endfacet
  facet normal 0 0 -1
    outer loop
      vertex 15.805780180530473 1.2479609294678773 -13.505739520663056
      vertex 16.086679271993955 3.1609927238132007 -13.505739520663056
      vertex 16.648092663074276 2.895739692063008 -13.505739520663056
    endloop
  endfacet
  facet normal 0 0 -1
    outer loop
      vertex 16.404877323527902 0 -13.505739520663056
      vertex 16.380074797727968 0.2675786940511057 -13.505739520663056
      vertex 17.600933866280652 2.2219792158818303 -13.505739520663056
    endloop
  endfacet
  facet normal 0 0 -1
    outer loop
      vertex 16.380074797727968 0.2675786940511057 -13.505739520663056
      vertex 16.30609159842116 0.5305790424601675 -13.505739520663056
      vertex 17.600933866280652 2.2219792158818303 -13.505739520663056
    endloop
  endfacet
  facet normal 0 0 -1
    outer loop
      vertex 16.30609159842116 0.5305790424601675 -13.505739520663056
      vertex 16.18419359865963 0.7845010363484339 -13.505739520663056
      vertex 17.155739520663055 2.5809397513308987 -13.505739520663056
    endloop
  endfacet
  facet normal 0 0 -1
    outer loop
      vertex 16.18419359865963 0.7845010363484339 -13.505739520663056
      vertex 16.01646650701581 1.025 -13.505739520663056
      vertex 17.155739520663055 2.5809397513308987 -13.505739520663056
    endloop
  endfacet
  facet normal 0 0 -1
    outer loop
      vertex 16.01646650701581 1.025 -13.505739520663056
      vertex 16.648092663074276 2.895739692063008 -13.505739520663056
      vertex 17.155739520663055 2.5809397513308987 -13.505739520663056
    endloop
  endfacet
  facet normal 0 0 -1
    outer loop
      vertex 16.404877323527902 0 -13.505739520663056
      vertex 17.600933866280652 2.2219792158818303 -13.505739520663056
      vertex 17.976058301242354 1.825 -13.505739520663056
    endloop
  endfacet
  facet normal 0 0 -1
    outer loop
      vertex 16.30609159842116 0.5305790424601675 -13.505739520663056
      vertex 17.155739520663055 2.5809397513308987 -13.505739520663056
      vertex 17.600933866280652 2.2219792158818303 -13.505739520663056
    endloop
  endfacet
  facet normal 0 0 -1
    outer loop
      vertex 16.404877323527902 0 -13.505739520663056
      vertex 18.623458428607897 0.4764206016031882 -13.505739520663056
      vertex 18.667619023324853 0 -13.505739520663056
    endloop
  endfacet
  facet normal 0 0 -1
    outer loop
      vertex 16.404877323527902 0 -13.505739520663056
      vertex 18.491732244476257 0.9446895146242007 -13.505739520663056
      vertex 18.623458428607897 0.4764206016031882 -13.505739520663056
    endloop
  endfacet
  facet normal 0 0 -1
    outer loop
      vertex 16.404877323527902 0 -13.505739520663056
      vertex 18.274694342461828 1.3967945281325778 -13.505739520663056
      vertex 18.491732244476257 0.9446895146242007 -13.505739520663056
    endloop
  endfacet
  facet normal 0 0 -1
    outer loop
      vertex 16.404877323527902 0 -13.505739520663056
      vertex 17.976058301242354 1.825 -13.505739520663056
      vertex 18.274694342461828 1.3967945281325778 -13.505739520663056
    endloop
  endfacet
endsolid OpenSCAD_Model
