solid OpenSCAD_Model
  facet normal -0.740951125354959 -0.6715589548470184 0
    outer loop
      vertex -23.19031360088211 -19.031798524909366 0
      vertex -21.213203435596427 -21.213203435596427 0
      vertex -23.19031360088211 -19.031798524909366 10
    endloop
  endfacet
  facet normal -0.803207531480645 -0.5956993044924331 -6.37943289412276e-19
    outer loop
      vertex -23.19031360088211 -19.031798524909366 0
      vertex -24.944088369076358 -16.667106990588067 10
      vertex -24.944088369076358 -16.667106990588067 0
    endloop
  endfacet
  facet normal -0.6715589548470184 -0.740951125354959 0
    outer loop
      vertex -19.031798524909366 -23.19031360088211 0
      vertex -19.031798524909366 -23.19031360088211 10
      vertex -21.213203435596427 -21.213203435596427 0
    endloop
  endfacet
  facet normal -0.5956993044924331 -0.803207531480645 -6.37943289412276e-19
    outer loop
      vertex -19.031798524909366 -23.19031360088211 0
      vertex -16.667106990588067 -24.944088369076358 0
      vertex -16.667106990588067 -24.944088369076358 10
    endloop
  endfacet
  facet normal 0 0 -1
    outer loop
      vertex -26.45763793045065 -14.141902104779929 0
      vertex -27.716385975338603 -11.480502970952694 0
      vertex -26.45763793045065 14.141902104779929 0
    endloop
  endfacet
  facet normal 0 0 -1
    outer loop
      vertex -28.708210071966263 -8.70854031763387 0
      vertex -29.423558412096913 -5.852709660483847 0
      vertex -28.708210071966263 8.70854031763387 0
    endloop
  endfacet
  facet normal 0 0 -1
    outer loop
      vertex -29.423558412096913 -5.852709660483847 0
      vertex -29.85554180016591 -2.940514209886818 0
      vertex -29.423558412096913 5.852709660483847 0
    endloop
  endfacet
  facet normal 0 0 -1
    outer loop
      vertex -27.716385975338603 -11.480502970952694 0
      vertex -28.708210071966263 -8.70854031763387 0
      vertex -27.716385975338603 11.480502970952694 0
    endloop
  endfacet
  facet normal 0 0 -1
    outer loop
      vertex -24.944088369076358 -16.667106990588067 0
      vertex -26.45763793045065 -14.141902104779929 0
      vertex -24.944088369076358 16.667106990588067 0
    endloop
  endfacet
  facet normal 0 0 -1
    outer loop
      vertex -23.19031360088211 -19.031798524909366 0
      vertex -24.944088369076358 -16.667106990588067 0
      vertex -23.19031360088211 19.031798524909366 0
    endloop
  endfacet
  facet normal 0 0 -1
    outer loop
      vertex -19.031798524909366 -23.19031360088211 0
      vertex -16.667106990588067 24.944088369076358 0
      vertex -16.667106990588067 -24.944088369076358 0
    endloop
  endfacet
  facet normal 0 0 -1
    outer loop
      vertex -23.19031360088211 -19.031798524909366 0
      vertex -21.213203435596427 21.213203435596427 0
      vertex -21.213203435596427 -21.213203435596427 0
    endloop
  endfacet
  facet normal 0 0 -1
    outer loop
      vertex -19.031798524909366 -23.19031360088211 0
      vertex -21.213203435596427 -21.213203435596427 0
      vertex -19.031798524909366 23.19031360088211 0
    endloop
  endfacet
  facet normal -0.9039892931234432 -0.42755509343028225 6.90476582758934e-18
    outer loop
      vertex -26.45763793045065 -14.141902104779929 0
      vertex -27.716385975338603 -11.480502970952694 10
      vertex -27.716385975338603 -11.480502970952694 0
    endloop
  endfacet
  facet normal -0.9415440651830213 -0.33688985339221894 6.258102425269306e-18
    outer loop
      vertex -27.716385975338603 -11.480502970952694 0
      vertex -28.708210071966263 -8.70854031763387 10
      vertex -28.708210071966263 -8.70854031763387 0
    endloop
  endfacet
  facet normal -0.8577286100002721 -0.5141027441932216 1.8645054960873685e-18
    outer loop
      vertex -24.944088369076358 -16.667106990588067 0
      vertex -26.45763793045065 -14.141902104779929 10
      vertex -26.45763793045065 -14.141902104779929 0
    endloop
  endfacet
  facet normal -0.9700312531945439 -0.2429801799032645 2.23972647380802e-18
    outer loop
      vertex -28.708210071966263 -8.70854031763387 0
      vertex -29.423558412096913 -5.852709660483847 10
      vertex -29.423558412096913 -5.852709660483847 0
    endloop
  endfacet
  facet normal -0.9891765099647808 -0.14673047445536286 -3.0245300028428e-18
    outer loop
      vertex -29.423558412096913 -5.852709660483847 0
      vertex -29.85554180016591 -2.940514209886818 10
      vertex -29.85554180016591 -2.940514209886818 0
    endloop
  endfacet
  facet normal -0.9987954562051724 -0.049067674327417134 -4.990598941135705e-20
    outer loop
      vertex -29.85554180016591 -2.940514209886818 0
      vertex -30 0 10
      vertex -30 0 0
    endloop
  endfacet
  facet normal 0 0 -1
    outer loop
      vertex -11.480502970952694 -27.716385975338603 0
      vertex -8.545885675729401 -3.5398217493770803 0
      vertex -8.70854031763387 -28.708210071966263 0
    endloop
  endfacet
  facet normal 0 0 -1
    outer loop
      vertex -5.852709660483847 -29.423558412096913 0
      vertex -2.6851332646037767 -8.851698105522932 0
      vertex -2.940514209886818 -29.85554180016591 0
    endloop
  endfacet
  facet normal 0 0 -1
    outer loop
      vertex -2.940514209886818 -29.85554180016591 0
      vertex 0 -9.25 0
      vertex 0 -30 0
    endloop
  endfacet
  facet normal 0 0 -1
    outer loop
      vertex -8.70854031763387 -28.708210071966263 0
      vertex -5.13902465543132 -7.691093913798543 0
      vertex -5.852709660483847 -29.423558412096913 0
    endloop
  endfacet
  facet normal 0 0 -1
    outer loop
      vertex -5.852709660483847 -29.423558412096913 0
      vertex -5.13902465543132 -7.691093913798543 0
      vertex -4.360419815640478 -8.157771695222284 0
    endloop
  endfacet
  facet normal 0 0 -1
    outer loop
      vertex -5.852709660483847 -29.423558412096913 0
      vertex -4.360419815640478 -8.157771695222284 0
      vertex -3.5398217493770803 -8.545885675729401 0
    endloop
  endfacet
  facet normal 0 0 -1
    outer loop
      vertex -5.852709660483847 -29.423558412096913 0
      vertex -3.5398217493770803 -8.545885675729401 0
      vertex -2.6851332646037767 -8.851698105522932 0
    endloop
  endfacet
  facet normal 0 0 -1
    outer loop
      vertex -2.940514209886818 -29.85554180016591 0
      vertex -1.8045854786491864 -9.072263843729882 0
      vertex -0.9066585480484356 -9.205458721717822 0
    endloop
  endfacet
  facet normal 0 0 -1
    outer loop
      vertex -2.940514209886818 -29.85554180016591 0
      vertex -2.6851332646037767 -8.851698105522932 0
      vertex -1.8045854786491864 -9.072263843729882 0
    endloop
  endfacet
  facet normal 0 0 -1
    outer loop
      vertex -2.940514209886818 -29.85554180016591 0
      vertex -0.9066585480484356 -9.205458721717822 0
      vertex 0 -9.25 0
    endloop
  endfacet
  facet normal -0.42755509343028225 -0.9039892931234432 6.90476582758934e-18
    outer loop
      vertex -14.141902104779929 -26.45763793045065 0
      vertex -11.480502970952694 -27.716385975338603 0
      vertex -11.480502970952694 -27.716385975338603 10
    endloop
  endfacet
  facet normal -0.5141027441932216 -0.8577286100002721 1.8645054960873685e-18
    outer loop
      vertex -16.667106990588067 -24.944088369076358 0
      vertex -14.141902104779929 -26.45763793045065 0
      vertex -14.141902104779929 -26.45763793045065 10
    endloop
  endfacet
  facet normal -0.33688985339221894 -0.9415440651830213 6.258102425269306e-18
    outer loop
      vertex -11.480502970952694 -27.716385975338603 0
      vertex -8.70854031763387 -28.708210071966263 0
      vertex -8.70854031763387 -28.708210071966263 10
    endloop
  endfacet
  facet normal -0.2429801799032645 -0.9700312531945439 2.23972647380802e-18
    outer loop
      vertex -8.70854031763387 -28.708210071966263 0
      vertex -5.852709660483847 -29.423558412096913 0
      vertex -5.852709660483847 -29.423558412096913 10
    endloop
  endfacet
  facet normal -0.14673047445536286 -0.9891765099647808 -3.0245300028428e-18
    outer loop
      vertex -5.852709660483847 -29.423558412096913 0
      vertex -2.940514209886818 -29.85554180016591 0
      vertex -2.940514209886818 -29.85554180016591 10
    endloop
  endfacet
  facet normal -0.049067674327417134 -0.9987954562051724 -4.990598941135705e-20
    outer loop
      vertex -2.940514209886818 -29.85554180016591 0
      vertex 0 -30 0
      vertex 0 -30 10
    endloop
  endfacet
  facet normal 0 0 -1
    outer loop
      vertex -16.667106990588067 -24.944088369076358 0
      vertex -14.141902104779929 26.45763793045065 0
      vertex -14.141902104779929 -26.45763793045065 0
    endloop
  endfacet
  facet normal 0 0 -1
    outer loop
      vertex -14.141902104779929 -26.45763793045065 0
      vertex -11.480502970952694 27.716385975338603 0
      vertex -11.480502970952694 -27.716385975338603 0
    endloop
  endfacet
  facet normal 0 0 -1
    outer loop
      vertex -11.480502970952694 -27.716385975338603 0
      vertex -8.851698105522932 -2.6851332646037767 0
      vertex -8.545885675729401 -3.5398217493770803 0
    endloop
  endfacet
  facet normal 0 0 -1
    outer loop
      vertex -8.70854031763387 -28.708210071966263 0
      vertex -7.691093913798543 -5.13902465543132 0
      vertex -7.150346693605317 -5.86813787851372 0
    endloop
  endfacet
  facet normal 0 0 -1
    outer loop
      vertex -8.70854031763387 -28.708210071966263 0
      vertex -8.545885675729401 -3.5398217493770803 0
      vertex -8.157771695222284 -4.360419815640478 0
    endloop
  endfacet
  facet normal 0 0 -1
    outer loop
      vertex -8.70854031763387 -28.708210071966263 0
      vertex -8.157771695222284 -4.360419815640478 0
      vertex -7.691093913798543 -5.13902465543132 0
    endloop
  endfacet
  facet normal 0 0 -1
    outer loop
      vertex -11.480502970952694 -27.716385975338603 0
      vertex -9.072263843729882 -1.8045854786491864 0
      vertex -8.851698105522932 -2.6851332646037767 0
    endloop
  endfacet
  facet normal 0 0 -1
    outer loop
      vertex -11.480502970952694 -27.716385975338603 0
      vertex -9.205458721717822 -0.9066585480484356 0
      vertex -9.072263843729882 -1.8045854786491864 0
    endloop
  endfacet
  facet normal 0 0 -1
    outer loop
      vertex -11.480502970952694 -27.716385975338603 0
      vertex -9.25 0 0
      vertex -9.205458721717822 -0.9066585480484356 0
    endloop
  endfacet
  facet normal 0 0 -1
    outer loop
      vertex -11.480502970952694 -27.716385975338603 0
      vertex -9.205458721717822 0.9066585480484356 0
      vertex -9.25 0 0
    endloop
  endfacet
  facet normal 0 0 -1
    outer loop
      vertex -8.70854031763387 -28.708210071966263 0
      vertex -6.540737725975565 -6.540737725975565 0
      vertex -5.86813787851372 -7.150346693605317 0
    endloop
  endfacet
  facet normal 0 0 -1
    outer loop
      vertex -8.70854031763387 -28.708210071966263 0
      vertex -5.86813787851372 -7.150346693605317 0
      vertex -5.13902465543132 -7.691093913798543 0
    endloop
  endfacet
  facet normal 0 0 -1
    outer loop
      vertex -8.70854031763387 -28.708210071966263 0
      vertex -7.150346693605317 -5.86813787851372 0
      vertex -6.540737725975565 -6.540737725975565 0
    endloop
  endfacet
  facet normal -0.8577286100002721 -0.5141027441932216 0
    outer loop
      vertex -24.944088369076358 -16.667106990588067 0
      vertex -24.944088369076358 -16.667106990588067 10
      vertex -26.45763793045065 -14.141902104779929 10
    endloop
  endfacet
  facet normal -0.803207531480645 -0.5956993044924331 0
    outer loop
      vertex -23.19031360088211 -19.031798524909366 0
      vertex -23.19031360088211 -19.031798524909366 10
      vertex -24.944088369076358 -16.667106990588067 10
    endloop
  endfacet
  facet normal -0.5956993044924331 -0.803207531480645 0
    outer loop
      vertex -19.031798524909366 -23.19031360088211 0
      vertex -16.667106990588067 -24.944088369076358 10
      vertex -19.031798524909366 -23.19031360088211 10
    endloop
  endfacet
  facet normal -0.5141027441932216 -0.8577286100002721 0
    outer loop
      vertex -16.667106990588067 -24.944088369076358 0
      vertex -14.141902104779929 -26.45763793045065 10
      vertex -16.667106990588067 -24.944088369076358 10
    endloop
  endfacet
  facet normal -0.740951125354959 -0.6715589548470184 0
    outer loop
      vertex -21.213203435596427 -21.213203435596427 0
      vertex -21.213203435596427 -21.213203435596427 10
      vertex -23.19031360088211 -19.031798524909366 10
    endloop
  endfacet
  facet normal -0.6715589548470184 -0.740951125354959 0
    outer loop
      vertex -21.213203435596427 -21.213203435596427 0
      vertex -19.031798524909366 -23.19031360088211 10
      vertex -21.213203435596427 -21.213203435596427 10
    endloop
  endfacet
  facet normal -0.9039892931234432 -0.42755509343028225 0
    outer loop
      vertex -26.45763793045065 -14.141902104779929 0
      vertex -26.45763793045065 -14.141902104779929 10
      vertex -27.716385975338603 -11.480502970952694 10
    endloop
  endfacet
  facet normal -0.9700312531945439 -0.2429801799032645 0
    outer loop
      vertex -28.708210071966263 -8.70854031763387 0
      vertex -28.708210071966263 -8.70854031763387 10
      vertex -29.423558412096913 -5.852709660483847 10
    endloop
  endfacet
  facet normal -0.9415440651830213 -0.33688985339221894 0
    outer loop
      vertex -27.716385975338603 -11.480502970952694 0
      vertex -27.716385975338603 -11.480502970952694 10
      vertex -28.708210071966263 -8.70854031763387 10
    endloop
  endfacet
  facet normal -0.9891765099647808 -0.14673047445536286 0
    outer loop
      vertex -29.423558412096913 -5.852709660483847 0
      vertex -29.423558412096913 -5.852709660483847 10
      vertex -29.85554180016591 -2.940514209886818 10
    endloop
  endfacet
  facet normal -0.9987954562051724 -0.049067674327417134 0
    outer loop
      vertex -29.85554180016591 -2.940514209886818 0
      vertex -29.85554180016591 -2.940514209886818 10
      vertex -30 0 10
    endloop
  endfacet
  facet normal 0 0 1
    outer loop
      vertex -27.716385975338603 -11.480502970952694 10
      vertex -28.708210071966263 8.70854031763387 10
      vertex -28.708210071966263 -8.70854031763387 10
    endloop
  endfacet
  facet normal 0 0 1
    outer loop
      vertex -26.45763793045065 -14.141902104779929 10
      vertex -27.716385975338603 11.480502970952694 10
      vertex -27.716385975338603 -11.480502970952694 10
    endloop
  endfacet
  facet normal 0 0 1
    outer loop
      vertex -28.708210071966263 -8.70854031763387 10
      vertex -29.423558412096913 5.852709660483847 10
      vertex -29.423558412096913 -5.852709660483847 10
    endloop
  endfacet
  facet normal 0 0 1
    outer loop
      vertex -29.423558412096913 -5.852709660483847 10
      vertex -29.85554180016591 2.940514209886818 10
      vertex -29.85554180016591 -2.940514209886818 10
    endloop
  endfacet
  facet normal 0 0 1
    outer loop
      vertex -24.944088369076358 -16.667106990588067 10
      vertex -26.45763793045065 14.141902104779929 10
      vertex -26.45763793045065 -14.141902104779929 10
    endloop
  endfacet
  facet normal 0 0 1
    outer loop
      vertex -23.19031360088211 -19.031798524909366 10
      vertex -24.944088369076358 16.667106990588067 10
      vertex -24.944088369076358 -16.667106990588067 10
    endloop
  endfacet
  facet normal 0 0 1
    outer loop
      vertex -23.19031360088211 -19.031798524909366 10
      vertex -21.213203435596427 -21.213203435596427 10
      vertex -23.19031360088211 19.031798524909366 10
    endloop
  endfacet
  facet normal 0 0 1
    outer loop
      vertex -19.031798524909366 -23.19031360088211 10
      vertex -21.213203435596427 21.213203435596427 10
      vertex -21.213203435596427 -21.213203435596427 10
    endloop
  endfacet
  facet normal 0 0 1
    outer loop
      vertex -19.031798524909366 -23.19031360088211 10
      vertex -16.667106990588067 -24.944088369076358 10
      vertex -19.031798524909366 23.19031360088211 10
    endloop
  endfacet
  facet normal 0 0 1
    outer loop
      vertex -16.667106990588067 -24.944088369076358 10
      vertex -14.141902104779929 -26.45763793045065 10
      vertex -16.667106990588067 24.944088369076358 10
    endloop
  endfacet
  facet normal -0.42755509343028225 -0.9039892931234432 0
    outer loop
      vertex -14.141902104779929 -26.45763793045065 0
      vertex -11.480502970952694 -27.716385975338603 10
      vertex -14.141902104779929 -26.45763793045065 10
    endloop
  endfacet
  facet normal -0.33688985339221894 -0.9415440651830213 0
    outer loop
      vertex -11.480502970952694 -27.716385975338603 0
      vertex -8.70854031763387 -28.708210071966263 10
      vertex -11.480502970952694 -27.716385975338603 10
    endloop
  endfacet
  facet normal -0.2429801799032645 -0.9700312531945439 0
    outer loop
      vertex -8.70854031763387 -28.708210071966263 0
      vertex -5.852709660483847 -29.423558412096913 10
      vertex -8.70854031763387 -28.708210071966263 10
    endloop
  endfacet
  facet normal -0.14673047445536286 -0.9891765099647808 0
    outer loop
      vertex -5.852709660483847 -29.423558412096913 0
      vertex -2.940514209886818 -29.85554180016591 10
      vertex -5.852709660483847 -29.423558412096913 10
    endloop
  endfacet
  facet normal -0.049067674327417134 -0.9987954562051724 0
    outer loop
      vertex -2.940514209886818 -29.85554180016591 0
      vertex 0 -30 10
      vertex -2.940514209886818 -29.85554180016591 10
    endloop
  endfacet
  facet normal 0 0 1
    outer loop
      vertex -11.480502970952694 -27.716385975338603 10
      vertex -8.70854031763387 -28.708210071966263 10
      vertex -10.265708094271304 -5.4871352948081915 10
    endloop
  endfacet
  facet normal 0 0 1
    outer loop
      vertex -8.70854031763387 -28.708210071966263 10
      vertex -7.384441826563877 -8.9979684001674 10
      vertex -8.230838852155872 -8.230838852155872 10
    endloop
  endfacet
  facet normal 0 0 1
    outer loop
      vertex -5.852709660483847 -29.423558412096913 10
      vertex -2.940514209886818 -29.85554180016591 10
      vertex -4.454497887718558 -10.754109214092445 10
    endloop
  endfacet
  facet normal 0 0 1
    outer loop
      vertex -2.940514209886818 -29.85554180016591 10
      vertex 0 -30 10
      vertex -1.140935581819746 -11.584113363501533 10
    endloop
  endfacet
  facet normal 0 0 1
    outer loop
      vertex -8.70854031763387 -28.708210071966263 10
      vertex -5.852709660483847 -29.423558412096913 10
      vertex -7.384441826563877 -8.9979684001674 10
    endloop
  endfacet
  facet normal 0 0 1
    outer loop
      vertex -5.852709660483847 -29.423558412096913 10
      vertex -6.4669285894355495 -9.678442593695447 10
      vertex -7.384441826563877 -8.9979684001674 10
    endloop
  endfacet
  facet normal 0 0 1
    outer loop
      vertex -5.852709660483847 -29.423558412096913 10
      vertex -5.487135294808191 -10.265708094271304 10
      vertex -6.4669285894355495 -9.678442593695447 10
    endloop
  endfacet
  facet normal 0 0 1
    outer loop
      vertex -5.852709660483847 -29.423558412096913 10
      vertex -4.454497887718558 -10.754109214092445 10
      vertex -5.487135294808191 -10.265708094271304 10
    endloop
  endfacet
  facet normal 0 0 1
    outer loop
      vertex -2.940514209886818 -29.85554180016591 10
      vertex -3.378961230893951 -11.138942383387786 10
      vertex -4.454497887718558 -10.754109214092445 10
    endloop
  endfacet
  facet normal 0 0 1
    outer loop
      vertex -2.940514209886818 -29.85554180016591 10
      vertex -2.2708833302877354 -11.4165014483658 10
      vertex -3.378961230893951 -11.138942383387786 10
    endloop
  endfacet
  facet normal 0 0 1
    outer loop
      vertex -2.940514209886818 -29.85554180016591 10
      vertex -1.140935581819746 -11.584113363501533 10
      vertex -2.2708833302877354 -11.4165014483658 10
    endloop
  endfacet
  facet normal 0 0 1
    outer loop
      vertex 0 -30 10
      vertex 0 -11.64016393442623 10
      vertex -1.140935581819746 -11.584113363501533 10
    endloop
  endfacet
  facet normal 0 0 1
    outer loop
      vertex -14.141902104779929 -26.45763793045065 10
      vertex -11.480502970952694 -27.716385975338603 10
      vertex -14.141902104779929 26.45763793045065 10
    endloop
  endfacet
  facet normal 0 0 1
    outer loop
      vertex -11.480502970952694 -27.716385975338603 10
      vertex -11.138942383387786 -3.378961230893951 10
      vertex -11.4165014483658 -2.2708833302877354 10
    endloop
  endfacet
  facet normal 0 0 1
    outer loop
      vertex -11.480502970952694 -27.716385975338603 10
      vertex -11.4165014483658 -2.2708833302877354 10
      vertex -11.584113363501533 -1.140935581819746 10
    endloop
  endfacet
  facet normal 0 0 1
    outer loop
      vertex -8.70854031763387 -28.708210071966263 10
      vertex -9.678442593695447 -6.4669285894355495 10
      vertex -10.265708094271304 -5.4871352948081915 10
    endloop
  endfacet
  facet normal 0 0 1
    outer loop
      vertex -11.480502970952694 -27.716385975338603 10
      vertex -10.265708094271304 -5.4871352948081915 10
      vertex -10.754109214092445 -4.454497887718558 10
    endloop
  endfacet
  facet normal 0 0 1
    outer loop
      vertex -11.480502970952694 -27.716385975338603 10
      vertex -10.754109214092445 -4.454497887718558 10
      vertex -11.138942383387786 -3.378961230893951 10
    endloop
  endfacet
  facet normal 0 0 1
    outer loop
      vertex -8.70854031763387 -28.708210071966263 10
      vertex -8.9979684001674 -7.384441826563877 10
      vertex -9.678442593695447 -6.4669285894355495 10
    endloop
  endfacet
  facet normal 0 0 1
    outer loop
      vertex -8.70854031763387 -28.708210071966263 10
      vertex -8.230838852155872 -8.230838852155872 10
      vertex -8.9979684001674 -7.384441826563877 10
    endloop
  endfacet
  facet normal 0 0 1
    outer loop
      vertex -11.480502970952694 -27.716385975338603 10
      vertex -11.584113363501533 -1.140935581819746 10
      vertex -14.141902104779929 26.45763793045065 10
    endloop
  endfacet
  facet normal 0 0 -1
    outer loop
      vertex -29.85554180016591 -2.940514209886818 0
      vertex -30 0 0
      vertex -29.85554180016591 2.940514209886818 0
    endloop
  endfacet
  facet normal 0 0 -1
    outer loop
      vertex -29.85554180016591 -2.940514209886818 0
      vertex -29.85554180016591 2.940514209886818 0
      vertex -29.423558412096913 5.852709660483847 0
    endloop
  endfacet
  facet normal 0 0 -1
    outer loop
      vertex -29.423558412096913 -5.852709660483847 0
      vertex -29.423558412096913 5.852709660483847 0
      vertex -28.708210071966263 8.70854031763387 0
    endloop
  endfacet
  facet normal 0 0 -1
    outer loop
      vertex -28.708210071966263 -8.70854031763387 0
      vertex -28.708210071966263 8.70854031763387 0
      vertex -27.716385975338603 11.480502970952694 0
    endloop
  endfacet
  facet normal 0 0 -1
    outer loop
      vertex -27.716385975338603 -11.480502970952694 0
      vertex -27.716385975338603 11.480502970952694 0
      vertex -26.45763793045065 14.141902104779929 0
    endloop
  endfacet
  facet normal 0 0 -1
    outer loop
      vertex -26.45763793045065 -14.141902104779929 0
      vertex -26.45763793045065 14.141902104779929 0
      vertex -24.944088369076358 16.667106990588067 0
    endloop
  endfacet
  facet normal 0 0 -1
    outer loop
      vertex -24.944088369076358 -16.667106990588067 0
      vertex -24.944088369076358 16.667106990588067 0
      vertex -23.19031360088211 19.031798524909366 0
    endloop
  endfacet
  facet normal 0 0 -1
    outer loop
      vertex -23.19031360088211 -19.031798524909366 0
      vertex -23.19031360088211 19.031798524909366 0
      vertex -21.213203435596427 21.213203435596427 0
    endloop
  endfacet
  facet normal 0 0 -1
    outer loop
      vertex -21.213203435596427 -21.213203435596427 0
      vertex -21.213203435596427 21.213203435596427 0
      vertex -19.031798524909366 23.19031360088211 0
    endloop
  endfacet
  facet normal 0 0 -1
    outer loop
      vertex -19.031798524909366 -23.19031360088211 0
      vertex -19.031798524909366 23.19031360088211 0
      vertex -16.667106990588067 24.944088369076358 0
    endloop
  endfacet
  facet normal 0 0 -1
    outer loop
      vertex -16.667106990588067 -24.944088369076358 0
      vertex -16.667106990588067 24.944088369076358 0
      vertex -14.141902104779929 26.45763793045065 0
    endloop
  endfacet
  facet normal -0.9987954562051724 0.049067674327417134 4.990598941135705e-20
    outer loop
      vertex -30 0 0
      vertex -29.85554180016591 2.940514209886818 10
      vertex -29.85554180016591 2.940514209886818 0
    endloop
  endfacet
  facet normal -0.9891765099647808 0.14673047445536286 3.0245300028428e-18
    outer loop
      vertex -29.85554180016591 2.940514209886818 0
      vertex -29.423558412096913 5.852709660483847 10
      vertex -29.423558412096913 5.852709660483847 0
    endloop
  endfacet
  facet normal -0.9700312531945439 0.2429801799032645 -2.23972647380802e-18
    outer loop
      vertex -29.423558412096913 5.852709660483847 0
      vertex -28.708210071966263 8.70854031763387 10
      vertex -28.708210071966263 8.70854031763387 0
    endloop
  endfacet
  facet normal -0.9415440651830213 0.33688985339221894 -6.258102425269306e-18
    outer loop
      vertex -28.708210071966263 8.70854031763387 0
      vertex -27.716385975338603 11.480502970952694 10
      vertex -27.716385975338603 11.480502970952694 0
    endloop
  endfacet
  facet normal -0.9039892931234432 0.42755509343028225 -6.90476582758934e-18
    outer loop
      vertex -27.716385975338603 11.480502970952694 0
      vertex -26.45763793045065 14.141902104779929 10
      vertex -26.45763793045065 14.141902104779929 0
    endloop
  endfacet
  facet normal -0.8577286100002721 0.5141027441932216 -1.8645054960873685e-18
    outer loop
      vertex -26.45763793045065 14.141902104779929 0
      vertex -24.944088369076358 16.667106990588067 10
      vertex -24.944088369076358 16.667106990588067 0
    endloop
  endfacet
  facet normal -0.803207531480645 0.5956993044924331 6.37943289412276e-19
    outer loop
      vertex -24.944088369076358 16.667106990588067 0
      vertex -23.19031360088211 19.031798524909366 10
      vertex -23.19031360088211 19.031798524909366 0
    endloop
  endfacet
  facet normal -0.740951125354959 0.6715589548470184 1.371707807608528e-18
    outer loop
      vertex -23.19031360088211 19.031798524909366 0
      vertex -21.213203435596427 21.213203435596427 10
      vertex -21.213203435596427 21.213203435596427 0
    endloop
  endfacet
  facet normal -0.6715589548470184 0.740951125354959 0
    outer loop
      vertex -21.213203435596427 21.213203435596427 0
      vertex -21.213203435596427 21.213203435596427 10
      vertex -19.031798524909366 23.19031360088211 0
    endloop
  endfacet
  facet normal -0.5956993044924331 0.803207531480645 0
    outer loop
      vertex -19.031798524909366 23.19031360088211 0
      vertex -19.031798524909366 23.19031360088211 10
      vertex -16.667106990588067 24.944088369076358 0
    endloop
  endfacet
  facet normal -0.5141027441932216 0.8577286100002721 0
    outer loop
      vertex -16.667106990588067 24.944088369076358 0
      vertex -16.667106990588067 24.944088369076358 10
      vertex -14.141902104779929 26.45763793045065 0
    endloop
  endfacet
  facet normal 0 0 -1
    outer loop
      vertex -11.480502970952694 -27.716385975338603 0
      vertex -8.70854031763387 28.708210071966263 0
      vertex -9.205458721717822 0.9066585480484356 0
    endloop
  endfacet
  facet normal 0 0 -1
    outer loop
      vertex -14.141902104779929 -26.45763793045065 0
      vertex -14.141902104779929 26.45763793045065 0
      vertex -11.480502970952694 27.716385975338603 0
    endloop
  endfacet
  facet normal 0 0 -1
    outer loop
      vertex -11.480502970952694 -27.716385975338603 0
      vertex -11.480502970952694 27.716385975338603 0
      vertex -8.70854031763387 28.708210071966263 0
    endloop
  endfacet
  facet normal 0 0 -1
    outer loop
      vertex -8.70854031763387 28.708210071966263 0
      vertex -9.072263843729882 1.8045854786491864 0
      vertex -9.205458721717822 0.9066585480484356 0
    endloop
  endfacet
  facet normal 0 0 -1
    outer loop
      vertex -8.70854031763387 28.708210071966263 0
      vertex -8.851698105522932 2.6851332646037767 0
      vertex -9.072263843729882 1.8045854786491864 0
    endloop
  endfacet
  facet normal 0 0 -1
    outer loop
      vertex -8.70854031763387 28.708210071966263 0
      vertex -8.545885675729401 3.5398217493770803 0
      vertex -8.851698105522932 2.6851332646037767 0
    endloop
  endfacet
  facet normal 0 0 -1
    outer loop
      vertex -8.70854031763387 28.708210071966263 0
      vertex -8.157771695222284 4.360419815640478 0
      vertex -8.545885675729401 3.5398217493770803 0
    endloop
  endfacet
  facet normal 0 0 -1
    outer loop
      vertex -8.70854031763387 28.708210071966263 0
      vertex -7.691093913798543 5.13902465543132 0
      vertex -8.157771695222284 4.360419815640478 0
    endloop
  endfacet
  facet normal 0 0 -1
    outer loop
      vertex -8.70854031763387 28.708210071966263 0
      vertex -7.150346693605317 5.86813787851372 0
      vertex -7.691093913798543 5.13902465543132 0
    endloop
  endfacet
  facet normal 0 0 -1
    outer loop
      vertex -5.852709660483847 29.423558412096913 0
      vertex -6.540737725975565 6.540737725975565 0
      vertex -7.150346693605317 5.86813787851372 0
    endloop
  endfacet
  facet normal 0 0 -1
    outer loop
      vertex -5.852709660483847 29.423558412096913 0
      vertex -5.86813787851372 7.150346693605317 0
      vertex -6.540737725975565 6.540737725975565 0
    endloop
  endfacet
  facet normal 0 0 -1
    outer loop
      vertex -5.852709660483847 29.423558412096913 0
      vertex -5.13902465543132 7.691093913798543 0
      vertex -5.86813787851372 7.150346693605317 0
    endloop
  endfacet
  facet normal 0 0 -1
    outer loop
      vertex -5.852709660483847 29.423558412096913 0
      vertex -4.360419815640478 8.157771695222284 0
      vertex -5.13902465543132 7.691093913798543 0
    endloop
  endfacet
  facet normal 0 0 -1
    outer loop
      vertex -8.70854031763387 28.708210071966263 0
      vertex -5.852709660483847 29.423558412096913 0
      vertex -7.150346693605317 5.86813787851372 0
    endloop
  endfacet
  facet normal 0 0 -1
    outer loop
      vertex -5.852709660483847 29.423558412096913 0
      vertex -2.940514209886818 29.85554180016591 0
      vertex -4.360419815640478 8.157771695222284 0
    endloop
  endfacet
  facet normal 0 0 -1
    outer loop
      vertex -2.940514209886818 29.85554180016591 0
      vertex -3.5398217493770803 8.545885675729401 0
      vertex -4.360419815640478 8.157771695222284 0
    endloop
  endfacet
  facet normal 0 0 -1
    outer loop
      vertex -2.940514209886818 29.85554180016591 0
      vertex -2.6851332646037767 8.851698105522932 0
      vertex -3.5398217493770803 8.545885675729401 0
    endloop
  endfacet
  facet normal 0 0 -1
    outer loop
      vertex -2.940514209886818 29.85554180016591 0
      vertex -1.8045854786491864 9.072263843729882 0
      vertex -2.6851332646037767 8.851698105522932 0
    endloop
  endfacet
  facet normal 0 0 -1
    outer loop
      vertex 0 30 0
      vertex -0.9066585480484356 9.205458721717822 0
      vertex -1.8045854786491864 9.072263843729882 0
    endloop
  endfacet
  facet normal 0 0 -1
    outer loop
      vertex 0 30 0
      vertex 0 9.25 0
      vertex -0.9066585480484356 9.205458721717822 0
    endloop
  endfacet
  facet normal 0 0 -1
    outer loop
      vertex -2.940514209886818 29.85554180016591 0
      vertex 0 30 0
      vertex -1.8045854786491864 9.072263843729882 0
    endloop
  endfacet
  facet normal -0.42755509343028225 0.9039892931234432 0
    outer loop
      vertex -14.141902104779929 26.45763793045065 0
      vertex -14.141902104779929 26.45763793045065 10
      vertex -11.480502970952694 27.716385975338603 0
    endloop
  endfacet
  facet normal -0.33688985339221894 0.9415440651830213 0
    outer loop
      vertex -11.480502970952694 27.716385975338603 0
      vertex -11.480502970952694 27.716385975338603 10
      vertex -8.70854031763387 28.708210071966263 0
    endloop
  endfacet
  facet normal -0.2429801799032645 0.9700312531945439 0
    outer loop
      vertex -8.70854031763387 28.708210071966263 0
      vertex -8.70854031763387 28.708210071966263 10
      vertex -5.852709660483847 29.423558412096913 0
    endloop
  endfacet
  facet normal -0.14673047445536286 0.9891765099647808 0
    outer loop
      vertex -5.852709660483847 29.423558412096913 0
      vertex -5.852709660483847 29.423558412096913 10
      vertex -2.940514209886818 29.85554180016591 0
    endloop
  endfacet
  facet normal -0.049067674327417134 0.9987954562051724 0
    outer loop
      vertex -2.940514209886818 29.85554180016591 0
      vertex -2.940514209886818 29.85554180016591 10
      vertex 0 30 0
    endloop
  endfacet
  facet normal -0.9987954562051724 0.049067674327417134 0
    outer loop
      vertex -30 0 0
      vertex -30 0 10
      vertex -29.85554180016591 2.940514209886818 10
    endloop
  endfacet
  facet normal -0.9891765099647808 0.14673047445536286 0
    outer loop
      vertex -29.85554180016591 2.940514209886818 0
      vertex -29.85554180016591 2.940514209886818 10
      vertex -29.423558412096913 5.852709660483847 10
    endloop
  endfacet
  facet normal -0.9700312531945439 0.2429801799032645 0
    outer loop
      vertex -29.423558412096913 5.852709660483847 0
      vertex -29.423558412096913 5.852709660483847 10
      vertex -28.708210071966263 8.70854031763387 10
    endloop
  endfacet
  facet normal -0.9415440651830213 0.33688985339221894 0
    outer loop
      vertex -28.708210071966263 8.70854031763387 0
      vertex -28.708210071966263 8.70854031763387 10
      vertex -27.716385975338603 11.480502970952694 10
    endloop
  endfacet
  facet normal -0.9039892931234432 0.42755509343028225 0
    outer loop
      vertex -27.716385975338603 11.480502970952694 0
      vertex -27.716385975338603 11.480502970952694 10
      vertex -26.45763793045065 14.141902104779929 10
    endloop
  endfacet
  facet normal -0.8577286100002721 0.5141027441932216 0
    outer loop
      vertex -26.45763793045065 14.141902104779929 0
      vertex -26.45763793045065 14.141902104779929 10
      vertex -24.944088369076358 16.667106990588067 10
    endloop
  endfacet
  facet normal 0 0 1
    outer loop
      vertex -29.85554180016591 -2.940514209886818 10
      vertex -29.85554180016591 2.940514209886818 10
      vertex -30 0 10
    endloop
  endfacet
  facet normal 0 0 1
    outer loop
      vertex -29.423558412096913 -5.852709660483847 10
      vertex -29.423558412096913 5.852709660483847 10
      vertex -29.85554180016591 2.940514209886818 10
    endloop
  endfacet
  facet normal 0 0 1
    outer loop
      vertex -28.708210071966263 -8.70854031763387 10
      vertex -28.708210071966263 8.70854031763387 10
      vertex -29.423558412096913 5.852709660483847 10
    endloop
  endfacet
  facet normal 0 0 1
    outer loop
      vertex -27.716385975338603 -11.480502970952694 10
      vertex -27.716385975338603 11.480502970952694 10
      vertex -28.708210071966263 8.70854031763387 10
    endloop
  endfacet
  facet normal 0 0 1
    outer loop
      vertex -26.45763793045065 -14.141902104779929 10
      vertex -26.45763793045065 14.141902104779929 10
      vertex -27.716385975338603 11.480502970952694 10
    endloop
  endfacet
  facet normal 0 0 1
    outer loop
      vertex -24.944088369076358 -16.667106990588067 10
      vertex -24.944088369076358 16.667106990588067 10
      vertex -26.45763793045065 14.141902104779929 10
    endloop
  endfacet
  facet normal 0 0 1
    outer loop
      vertex -23.19031360088211 -19.031798524909366 10
      vertex -23.19031360088211 19.031798524909366 10
      vertex -24.944088369076358 16.667106990588067 10
    endloop
  endfacet
  facet normal 0 0 1
    outer loop
      vertex -21.213203435596427 -21.213203435596427 10
      vertex -21.213203435596427 21.213203435596427 10
      vertex -23.19031360088211 19.031798524909366 10
    endloop
  endfacet
  facet normal 0 0 1
    outer loop
      vertex -19.031798524909366 -23.19031360088211 10
      vertex -19.031798524909366 23.19031360088211 10
      vertex -21.213203435596427 21.213203435596427 10
    endloop
  endfacet
  facet normal 0 0 1
    outer loop
      vertex -16.667106990588067 -24.944088369076358 10
      vertex -16.667106990588067 24.944088369076358 10
      vertex -19.031798524909366 23.19031360088211 10
    endloop
  endfacet
  facet normal -0.803207531480645 0.5956993044924331 0
    outer loop
      vertex -24.944088369076358 16.667106990588067 0
      vertex -24.944088369076358 16.667106990588067 10
      vertex -23.19031360088211 19.031798524909366 10
    endloop
  endfacet
  facet normal -0.740951125354959 0.6715589548470184 0
    outer loop
      vertex -23.19031360088211 19.031798524909366 0
      vertex -23.19031360088211 19.031798524909366 10
      vertex -21.213203435596427 21.213203435596427 10
    endloop
  endfacet
  facet normal -0.6715589548470184 0.740951125354959 0
    outer loop
      vertex -19.031798524909366 23.19031360088211 0
      vertex -21.213203435596427 21.213203435596427 10
      vertex -19.031798524909366 23.19031360088211 10
    endloop
  endfacet
  facet normal -0.5956993044924331 0.803207531480645 0
    outer loop
      vertex -16.667106990588067 24.944088369076358 0
      vertex -19.031798524909366 23.19031360088211 10
      vertex -16.667106990588067 24.944088369076358 10
    endloop
  endfacet
  facet normal 0 0 1
    outer loop
      vertex -14.141902104779929 -26.45763793045065 10
      vertex -14.141902104779929 26.45763793045065 10
      vertex -16.667106990588067 24.944088369076358 10
    endloop
  endfacet
  facet normal 0 0 1
    outer loop
      vertex -14.141902104779929 26.45763793045065 10
      vertex -11.584113363501533 -1.140935581819746 10
      vertex -11.64016393442623 0 10
    endloop
  endfacet
  facet normal 0 0 1
    outer loop
      vertex -14.141902104779929 26.45763793045065 10
      vertex -11.64016393442623 0 10
      vertex -11.584113363501533 1.140935581819746 10
    endloop
  endfacet
  facet normal 0 0 1
    outer loop
      vertex -14.141902104779929 26.45763793045065 10
      vertex -11.584113363501533 1.140935581819746 10
      vertex -11.4165014483658 2.2708833302877354 10
    endloop
  endfacet
  facet normal 0 0 1
    outer loop
      vertex -11.480502970952694 27.716385975338603 10
      vertex -11.4165014483658 2.2708833302877354 10
      vertex -11.138942383387786 3.378961230893951 10
    endloop
  endfacet
  facet normal 0 0 1
    outer loop
      vertex -11.480502970952694 27.716385975338603 10
      vertex -11.138942383387786 3.378961230893951 10
      vertex -10.754109214092445 4.454497887718558 10
    endloop
  endfacet
  facet normal 0 0 1
    outer loop
      vertex -11.480502970952694 27.716385975338603 10
      vertex -10.754109214092445 4.454497887718558 10
      vertex -10.265708094271304 5.487135294808191 10
    endloop
  endfacet
  facet normal 0 0 1
    outer loop
      vertex -11.480502970952694 27.716385975338603 10
      vertex -10.265708094271304 5.487135294808191 10
      vertex -9.678442593695447 6.4669285894355495 10
    endloop
  endfacet
  facet normal 0 0 1
    outer loop
      vertex -11.480502970952694 27.716385975338603 10
      vertex -9.678442593695447 6.4669285894355495 10
      vertex -8.9979684001674 7.384441826563877 10
    endloop
  endfacet
  facet normal 0 0 1
    outer loop
      vertex -11.480502970952694 27.716385975338603 10
      vertex -8.9979684001674 7.384441826563877 10
      vertex -8.230838852155872 8.230838852155872 10
    endloop
  endfacet
  facet normal -0.5141027441932216 0.8577286100002721 0
    outer loop
      vertex -14.141902104779929 26.45763793045065 0
      vertex -16.667106990588067 24.944088369076358 10
      vertex -14.141902104779929 26.45763793045065 10
    endloop
  endfacet
  facet normal -0.42755509343028225 0.9039892931234432 0
    outer loop
      vertex -11.480502970952694 27.716385975338603 0
      vertex -14.141902104779929 26.45763793045065 10
      vertex -11.480502970952694 27.716385975338603 10
    endloop
  endfacet
  facet normal -0.33688985339221894 0.9415440651830213 0
    outer loop
      vertex -8.70854031763387 28.708210071966263 0
      vertex -11.480502970952694 27.716385975338603 10
      vertex -8.70854031763387 28.708210071966263 10
    endloop
  endfacet
  facet normal -0.2429801799032645 0.9700312531945439 0
    outer loop
      vertex -5.852709660483847 29.423558412096913 0
      vertex -8.70854031763387 28.708210071966263 10
      vertex -5.852709660483847 29.423558412096913 10
    endloop
  endfacet
  facet normal -0.14673047445536286 0.9891765099647808 0
    outer loop
      vertex -2.940514209886818 29.85554180016591 0
      vertex -5.852709660483847 29.423558412096913 10
      vertex -2.940514209886818 29.85554180016591 10
    endloop
  endfacet
  facet normal -0.049067674327417134 0.9987954562051724 4.990598941135705e-20
    outer loop
      vertex -2.940514209886818 29.85554180016591 10
      vertex 0 30 10
      vertex 0 30 0
    endloop
  endfacet
  facet normal 0 0 1
    outer loop
      vertex -14.141902104779929 26.45763793045065 10
      vertex -11.4165014483658 2.2708833302877354 10
      vertex -11.480502970952694 27.716385975338603 10
    endloop
  endfacet
  facet normal 0 0 1
    outer loop
      vertex -8.70854031763387 28.708210071966263 10
      vertex -8.230838852155872 8.230838852155872 10
      vertex -7.384441826563877 8.9979684001674 10
    endloop
  endfacet
  facet normal 0 0 1
    outer loop
      vertex -8.70854031763387 28.708210071966263 10
      vertex -7.384441826563877 8.9979684001674 10
      vertex -6.4669285894355495 9.678442593695447 10
    endloop
  endfacet
  facet normal 0 0 1
    outer loop
      vertex -11.480502970952694 27.716385975338603 10
      vertex -8.230838852155872 8.230838852155872 10
      vertex -8.70854031763387 28.708210071966263 10
    endloop
  endfacet
  facet normal 0 0 1
    outer loop
      vertex -8.70854031763387 28.708210071966263 10
      vertex -6.4669285894355495 9.678442593695447 10
      vertex -5.487135294808191 10.265708094271304 10
    endloop
  endfacet
  facet normal 0 0 1
    outer loop
      vertex -5.852709660483847 29.423558412096913 10
      vertex -5.487135294808191 10.265708094271304 10
      vertex -4.454497887718558 10.754109214092445 10
    endloop
  endfacet
  facet normal 0 0 1
    outer loop
      vertex -5.852709660483847 29.423558412096913 10
      vertex -4.454497887718558 10.754109214092445 10
      vertex -3.378961230893951 11.138942383387786 10
    endloop
  endfacet
  facet normal 0 0 1
    outer loop
      vertex -5.852709660483847 29.423558412096913 10
      vertex -3.378961230893951 11.138942383387786 10
      vertex -2.2708833302877354 11.4165014483658 10
    endloop
  endfacet
  facet normal 0 0 1
    outer loop
      vertex -2.940514209886818 29.85554180016591 10
      vertex -2.2708833302877354 11.4165014483658 10
      vertex -1.140935581819746 11.584113363501533 10
    endloop
  endfacet
  facet normal 0 0 1
    outer loop
      vertex -2.940514209886818 29.85554180016591 10
      vertex -1.140935581819746 11.584113363501533 10
      vertex 0 11.64016393442623 10
    endloop
  endfacet
  facet normal 0 0 1
    outer loop
      vertex -8.70854031763387 28.708210071966263 10
      vertex -5.487135294808191 10.265708094271304 10
      vertex -5.852709660483847 29.423558412096913 10
    endloop
  endfacet
  facet normal 0 0 1
    outer loop
      vertex -5.852709660483847 29.423558412096913 10
      vertex -2.2708833302877354 11.4165014483658 10
      vertex -2.940514209886818 29.85554180016591 10
    endloop
  endfacet
  facet normal 0 0 1
    outer loop
      vertex -2.940514209886818 29.85554180016591 10
      vertex 0 11.64016393442623 10
      vertex 0 30 10
    endloop
  endfacet
  facet normal 0 0 -1
    outer loop
      vertex 0 -30 0
      vertex 1.8045854786491864 -9.072263843729882 0
      vertex 2.940514209886818 -29.85554180016591 0
    endloop
  endfacet
  facet normal 0 0 -1
    outer loop
      vertex 0 -30 0
      vertex 0 -9.25 0
      vertex 0.9066585480484356 -9.205458721717822 0
    endloop
  endfacet
  facet normal 0 0 -1
    outer loop
      vertex 0 -30 0
      vertex 0.9066585480484356 -9.205458721717822 0
      vertex 1.8045854786491864 -9.072263843729882 0
    endloop
  endfacet
  facet normal 0 0 -1
    outer loop
      vertex 2.940514209886818 -29.85554180016591 0
      vertex 1.8045854786491864 -9.072263843729882 0
      vertex 2.6851332646037767 -8.851698105522932 0
    endloop
  endfacet
  facet normal 0 0 -1
    outer loop
      vertex 2.940514209886818 -29.85554180016591 0
      vertex 2.6851332646037767 -8.851698105522932 0
      vertex 3.5398217493770803 -8.545885675729401 0
    endloop
  endfacet
  facet normal 0 0 -1
    outer loop
      vertex 2.940514209886818 -29.85554180016591 0
      vertex 3.5398217493770803 -8.545885675729401 0
      vertex 4.360419815640478 -8.157771695222284 0
    endloop
  endfacet
  facet normal 0 0 -1
    outer loop
      vertex 2.940514209886818 -29.85554180016591 0
      vertex 4.360419815640478 -8.157771695222284 0
      vertex 5.852709660483847 -29.423558412096913 0
    endloop
  endfacet
  facet normal 0 0 -1
    outer loop
      vertex 5.852709660483847 -29.423558412096913 0
      vertex 7.150346693605317 -5.86813787851372 0
      vertex 8.70854031763387 -28.708210071966263 0
    endloop
  endfacet
  facet normal 0 0 -1
    outer loop
      vertex 5.852709660483847 -29.423558412096913 0
      vertex 4.360419815640478 -8.157771695222284 0
      vertex 5.13902465543132 -7.691093913798543 0
    endloop
  endfacet
  facet normal 0.049067674327417134 -0.9987954562051724 4.990598941135705e-20
    outer loop
      vertex 0 -30 0
      vertex 2.940514209886818 -29.85554180016591 0
      vertex 2.940514209886818 -29.85554180016591 10
    endloop
  endfacet
  facet normal 0.14673047445536286 -0.9891765099647808 3.0245300028428e-18
    outer loop
      vertex 2.940514209886818 -29.85554180016591 0
      vertex 5.852709660483847 -29.423558412096913 0
      vertex 5.852709660483847 -29.423558412096913 10
    endloop
  endfacet
  facet normal 0.2429801799032645 -0.9700312531945439 -2.23972647380802e-18
    outer loop
      vertex 5.852709660483847 -29.423558412096913 0
      vertex 8.70854031763387 -28.708210071966263 0
      vertex 8.70854031763387 -28.708210071966263 10
    endloop
  endfacet
  facet normal 0.33688985339221894 -0.9415440651830213 -6.258102425269306e-18
    outer loop
      vertex 8.70854031763387 -28.708210071966263 0
      vertex 11.480502970952694 -27.716385975338603 0
      vertex 11.480502970952694 -27.716385975338603 10
    endloop
  endfacet
  facet normal 0.42755509343028225 -0.9039892931234432 -6.90476582758934e-18
    outer loop
      vertex 11.480502970952694 -27.716385975338603 0
      vertex 14.141902104779929 -26.45763793045065 0
      vertex 14.141902104779929 -26.45763793045065 10
    endloop
  endfacet
  facet normal 0 0 -1
    outer loop
      vertex 5.852709660483847 -29.423558412096913 0
      vertex 5.13902465543132 -7.691093913798543 0
      vertex 5.86813787851372 -7.150346693605317 0
    endloop
  endfacet
  facet normal 0 0 -1
    outer loop
      vertex 5.852709660483847 -29.423558412096913 0
      vertex 5.86813787851372 -7.150346693605317 0
      vertex 6.540737725975565 -6.540737725975565 0
    endloop
  endfacet
  facet normal 0 0 -1
    outer loop
      vertex 5.852709660483847 -29.423558412096913 0
      vertex 6.540737725975565 -6.540737725975565 0
      vertex 7.150346693605317 -5.86813787851372 0
    endloop
  endfacet
  facet normal 0 0 -1
    outer loop
      vertex 8.70854031763387 -28.708210071966263 0
      vertex 7.150346693605317 -5.86813787851372 0
      vertex 7.691093913798543 -5.13902465543132 0
    endloop
  endfacet
  facet normal 0 0 -1
    outer loop
      vertex 8.70854031763387 -28.708210071966263 0
      vertex 7.691093913798543 -5.13902465543132 0
      vertex 8.157771695222284 -4.360419815640478 0
    endloop
  endfacet
  facet normal 0 0 -1
    outer loop
      vertex 8.70854031763387 -28.708210071966263 0
      vertex 8.157771695222284 -4.360419815640478 0
      vertex 8.545885675729401 -3.5398217493770803 0
    endloop
  endfacet
  facet normal 0 0 -1
    outer loop
      vertex 8.70854031763387 -28.708210071966263 0
      vertex 8.545885675729401 -3.5398217493770803 0
      vertex 8.851698105522932 -2.6851332646037767 0
    endloop
  endfacet
  facet normal 0 0 -1
    outer loop
      vertex 8.70854031763387 -28.708210071966263 0
      vertex 8.851698105522932 -2.6851332646037767 0
      vertex 9.072263843729882 -1.8045854786491864 0
    endloop
  endfacet
  facet normal 0 0 -1
    outer loop
      vertex 8.70854031763387 -28.708210071966263 0
      vertex 9.072263843729882 -1.8045854786491864 0
      vertex 9.205458721717822 -0.9066585480484356 0
    endloop
  endfacet
  facet normal 0 0 -1
    outer loop
      vertex 8.70854031763387 -28.708210071966263 0
      vertex 11.480502970952694 27.716385975338603 0
      vertex 11.480502970952694 -27.716385975338603 0
    endloop
  endfacet
  facet normal 0 0 -1
    outer loop
      vertex 11.480502970952694 -27.716385975338603 0
      vertex 14.141902104779929 26.45763793045065 0
      vertex 14.141902104779929 -26.45763793045065 0
    endloop
  endfacet
  facet normal 0 0 -1
    outer loop
      vertex 8.70854031763387 -28.708210071966263 0
      vertex 9.205458721717822 -0.9066585480484356 0
      vertex 11.480502970952694 27.716385975338603 0
    endloop
  endfacet
  facet normal 0.5141027441932216 -0.8577286100002721 -1.8645054960873685e-18
    outer loop
      vertex 14.141902104779929 -26.45763793045065 0
      vertex 16.667106990588067 -24.944088369076358 0
      vertex 16.667106990588067 -24.944088369076358 10
    endloop
  endfacet
  facet normal 0.5956993044924331 -0.803207531480645 6.37943289412276e-19
    outer loop
      vertex 16.667106990588067 -24.944088369076358 0
      vertex 19.031798524909366 -23.19031360088211 0
      vertex 19.031798524909366 -23.19031360088211 10
    endloop
  endfacet
  facet normal 0.6715589548470184 -0.740951125354959 1.371707807608528e-18
    outer loop
      vertex 19.031798524909366 -23.19031360088211 0
      vertex 21.213203435596427 -21.213203435596427 0
      vertex 21.213203435596427 -21.213203435596427 10
    endloop
  endfacet
  facet normal 0.740951125354959 -0.6715589548470184 0
    outer loop
      vertex 21.213203435596427 -21.213203435596427 0
      vertex 23.19031360088211 -19.031798524909366 0
      vertex 21.213203435596427 -21.213203435596427 10
    endloop
  endfacet
  facet normal 0.803207531480645 -0.5956993044924331 0
    outer loop
      vertex 23.19031360088211 -19.031798524909366 0
      vertex 24.944088369076358 -16.667106990588067 0
      vertex 23.19031360088211 -19.031798524909366 10
    endloop
  endfacet
  facet normal 0.8577286100002721 -0.5141027441932216 0
    outer loop
      vertex 24.944088369076358 -16.667106990588067 0
      vertex 26.45763793045065 -14.141902104779929 0
      vertex 24.944088369076358 -16.667106990588067 10
    endloop
  endfacet
  facet normal 0 0 -1
    outer loop
      vertex 14.141902104779929 -26.45763793045065 0
      vertex 16.667106990588067 24.944088369076358 0
      vertex 16.667106990588067 -24.944088369076358 0
    endloop
  endfacet
  facet normal 0 0 -1
    outer loop
      vertex 16.667106990588067 -24.944088369076358 0
      vertex 19.031798524909366 23.19031360088211 0
      vertex 19.031798524909366 -23.19031360088211 0
    endloop
  endfacet
  facet normal 0 0 -1
    outer loop
      vertex 19.031798524909366 -23.19031360088211 0
      vertex 21.213203435596427 21.213203435596427 0
      vertex 21.213203435596427 -21.213203435596427 0
    endloop
  endfacet
  facet normal 0 0 -1
    outer loop
      vertex 21.213203435596427 -21.213203435596427 0
      vertex 23.19031360088211 19.031798524909366 0
      vertex 23.19031360088211 -19.031798524909366 0
    endloop
  endfacet
  facet normal 0 0 -1
    outer loop
      vertex 23.19031360088211 -19.031798524909366 0
      vertex 24.944088369076358 16.667106990588067 0
      vertex 24.944088369076358 -16.667106990588067 0
    endloop
  endfacet
  facet normal 0 0 -1
    outer loop
      vertex 24.944088369076358 -16.667106990588067 0
      vertex 26.45763793045065 14.141902104779929 0
      vertex 26.45763793045065 -14.141902104779929 0
    endloop
  endfacet
  facet normal 0 0 -1
    outer loop
      vertex 26.45763793045065 -14.141902104779929 0
      vertex 27.716385975338603 11.480502970952694 0
      vertex 27.716385975338603 -11.480502970952694 0
    endloop
  endfacet
  facet normal 0 0 -1
    outer loop
      vertex 27.716385975338603 -11.480502970952694 0
      vertex 28.708210071966263 8.70854031763387 0
      vertex 28.708210071966263 -8.70854031763387 0
    endloop
  endfacet
  facet normal 0 0 -1
    outer loop
      vertex 28.708210071966263 -8.70854031763387 0
      vertex 29.423558412096913 5.852709660483847 0
      vertex 29.423558412096913 -5.852709660483847 0
    endloop
  endfacet
  facet normal 0 0 -1
    outer loop
      vertex 29.423558412096913 -5.852709660483847 0
      vertex 29.85554180016591 2.940514209886818 0
      vertex 29.85554180016591 -2.940514209886818 0
    endloop
  endfacet
  facet normal 0.9039892931234432 -0.42755509343028225 0
    outer loop
      vertex 26.45763793045065 -14.141902104779929 0
      vertex 27.716385975338603 -11.480502970952694 0
      vertex 26.45763793045065 -14.141902104779929 10
    endloop
  endfacet
  facet normal 0.9415440651830213 -0.33688985339221894 0
    outer loop
      vertex 27.716385975338603 -11.480502970952694 0
      vertex 28.708210071966263 -8.70854031763387 0
      vertex 27.716385975338603 -11.480502970952694 10
    endloop
  endfacet
  facet normal 0.9700312531945439 -0.2429801799032645 0
    outer loop
      vertex 28.708210071966263 -8.70854031763387 0
      vertex 29.423558412096913 -5.852709660483847 0
      vertex 28.708210071966263 -8.70854031763387 10
    endloop
  endfacet
  facet normal 0.9891765099647808 -0.14673047445536286 0
    outer loop
      vertex 29.423558412096913 -5.852709660483847 0
      vertex 29.85554180016591 -2.940514209886818 0
      vertex 29.423558412096913 -5.852709660483847 10
    endloop
  endfacet
  facet normal 0.9987954562051724 -0.049067674327417134 0
    outer loop
      vertex 29.85554180016591 -2.940514209886818 0
      vertex 30 0 0
      vertex 29.85554180016591 -2.940514209886818 10
    endloop
  endfacet
  facet normal 0.049067674327417134 -0.9987954562051724 0
    outer loop
      vertex 0 -30 0
      vertex 2.940514209886818 -29.85554180016591 10
      vertex 0 -30 10
    endloop
  endfacet
  facet normal 0.14673047445536286 -0.9891765099647808 0
    outer loop
      vertex 2.940514209886818 -29.85554180016591 0
      vertex 5.852709660483847 -29.423558412096913 10
      vertex 2.940514209886818 -29.85554180016591 10
    endloop
  endfacet
  facet normal 0.2429801799032645 -0.9700312531945439 0
    outer loop
      vertex 5.852709660483847 -29.423558412096913 0
      vertex 8.70854031763387 -28.708210071966263 10
      vertex 5.852709660483847 -29.423558412096913 10
    endloop
  endfacet
  facet normal 0.33688985339221894 -0.9415440651830213 0
    outer loop
      vertex 8.70854031763387 -28.708210071966263 0
      vertex 11.480502970952694 -27.716385975338603 10
      vertex 8.70854031763387 -28.708210071966263 10
    endloop
  endfacet
  facet normal 0.42755509343028225 -0.9039892931234432 0
    outer loop
      vertex 11.480502970952694 -27.716385975338603 0
      vertex 14.141902104779929 -26.45763793045065 10
      vertex 11.480502970952694 -27.716385975338603 10
    endloop
  endfacet
  facet normal 0.5141027441932216 -0.8577286100002721 0
    outer loop
      vertex 14.141902104779929 -26.45763793045065 0
      vertex 16.667106990588067 -24.944088369076358 10
      vertex 14.141902104779929 -26.45763793045065 10
    endloop
  endfacet
  facet normal 0 0 1
    outer loop
      vertex 0 -30 10
      vertex 2.940514209886818 -29.85554180016591 10
      vertex 0 -11.64016393442623 10
    endloop
  endfacet
  facet normal 0 0 1
    outer loop
      vertex 2.940514209886818 -29.85554180016591 10
      vertex 5.852709660483847 -29.423558412096913 10
      vertex 2.2708833302877354 -11.4165014483658 10
    endloop
  endfacet
  facet normal 0 0 1
    outer loop
      vertex 5.852709660483847 -29.423558412096913 10
      vertex 8.70854031763387 -28.708210071966263 10
      vertex 5.487135294808191 -10.265708094271304 10
    endloop
  endfacet
  facet normal 0 0 1
    outer loop
      vertex 2.940514209886818 -29.85554180016591 10
      vertex 1.140935581819746 -11.584113363501533 10
      vertex 0 -11.64016393442623 10
    endloop
  endfacet
  facet normal 0 0 1
    outer loop
      vertex 2.940514209886818 -29.85554180016591 10
      vertex 2.2708833302877354 -11.4165014483658 10
      vertex 1.140935581819746 -11.584113363501533 10
    endloop
  endfacet
  facet normal 0 0 1
    outer loop
      vertex 5.852709660483847 -29.423558412096913 10
      vertex 3.378961230893951 -11.138942383387786 10
      vertex 2.2708833302877354 -11.4165014483658 10
    endloop
  endfacet
  facet normal 0 0 1
    outer loop
      vertex 5.852709660483847 -29.423558412096913 10
      vertex 4.454497887718558 -10.754109214092445 10
      vertex 3.378961230893951 -11.138942383387786 10
    endloop
  endfacet
  facet normal 0 0 1
    outer loop
      vertex 5.852709660483847 -29.423558412096913 10
      vertex 5.487135294808191 -10.265708094271304 10
      vertex 4.454497887718558 -10.754109214092445 10
    endloop
  endfacet
  facet normal 0 0 1
    outer loop
      vertex 8.70854031763387 -28.708210071966263 10
      vertex 6.4669285894355495 -9.678442593695447 10
      vertex 5.487135294808191 -10.265708094271304 10
    endloop
  endfacet
  facet normal 0 0 1
    outer loop
      vertex 8.70854031763387 -28.708210071966263 10
      vertex 11.480502970952694 -27.716385975338603 10
      vertex 8.230838852155872 -8.230838852155872 10
    endloop
  endfacet
  facet normal 0 0 1
    outer loop
      vertex 8.70854031763387 -28.708210071966263 10
      vertex 7.384441826563877 -8.9979684001674 10
      vertex 6.4669285894355495 -9.678442593695447 10
    endloop
  endfacet
  facet normal 0 0 1
    outer loop
      vertex 8.70854031763387 -28.708210071966263 10
      vertex 8.230838852155872 -8.230838852155872 10
      vertex 7.384441826563877 -8.9979684001674 10
    endloop
  endfacet
  facet normal 0 0 1
    outer loop
      vertex 11.480502970952694 -27.716385975338603 10
      vertex 14.141902104779929 -26.45763793045065 10
      vertex 11.4165014483658 -2.2708833302877354 10
    endloop
  endfacet
  facet normal 0 0 1
    outer loop
      vertex 11.480502970952694 -27.716385975338603 10
      vertex 8.9979684001674 -7.384441826563877 10
      vertex 8.230838852155872 -8.230838852155872 10
    endloop
  endfacet
  facet normal 0 0 1
    outer loop
      vertex 11.480502970952694 -27.716385975338603 10
      vertex 9.678442593695447 -6.4669285894355495 10
      vertex 8.9979684001674 -7.384441826563877 10
    endloop
  endfacet
  facet normal 0 0 1
    outer loop
      vertex 11.480502970952694 -27.716385975338603 10
      vertex 10.265708094271304 -5.487135294808191 10
      vertex 9.678442593695447 -6.4669285894355495 10
    endloop
  endfacet
  facet normal 0 0 1
    outer loop
      vertex 11.480502970952694 -27.716385975338603 10
      vertex 10.754109214092445 -4.454497887718558 10
      vertex 10.265708094271304 -5.487135294808191 10
    endloop
  endfacet
  facet normal 0 0 1
    outer loop
      vertex 11.480502970952694 -27.716385975338603 10
      vertex 11.138942383387786 -3.378961230893951 10
      vertex 10.754109214092445 -4.454497887718558 10
    endloop
  endfacet
  facet normal 0 0 1
    outer loop
      vertex 11.480502970952694 -27.716385975338603 10
      vertex 11.4165014483658 -2.2708833302877354 10
      vertex 11.138942383387786 -3.378961230893951 10
    endloop
  endfacet
  facet normal 0 0 1
    outer loop
      vertex 14.141902104779929 -26.45763793045065 10
      vertex 11.584113363501533 -1.140935581819746 10
      vertex 11.4165014483658 -2.2708833302877354 10
    endloop
  endfacet
  facet normal 0 0 1
    outer loop
      vertex 14.141902104779929 -26.45763793045065 10
      vertex 11.64016393442623 0 10
      vertex 11.584113363501533 -1.140935581819746 10
    endloop
  endfacet
  facet normal 0 0 1
    outer loop
      vertex 14.141902104779929 -26.45763793045065 10
      vertex 11.584113363501533 1.140935581819746 10
      vertex 11.64016393442623 0 10
    endloop
  endfacet
  facet normal 0 0 1
    outer loop
      vertex 14.141902104779929 -26.45763793045065 10
      vertex 16.667106990588067 -24.944088369076358 10
      vertex 14.141902104779929 26.45763793045065 10
    endloop
  endfacet
  facet normal 0.5956993044924331 -0.803207531480645 0
    outer loop
      vertex 16.667106990588067 -24.944088369076358 0
      vertex 19.031798524909366 -23.19031360088211 10
      vertex 16.667106990588067 -24.944088369076358 10
    endloop
  endfacet
  facet normal 0.6715589548470184 -0.740951125354959 0
    outer loop
      vertex 19.031798524909366 -23.19031360088211 0
      vertex 21.213203435596427 -21.213203435596427 10
      vertex 19.031798524909366 -23.19031360088211 10
    endloop
  endfacet
  facet normal 0.740951125354959 -0.6715589548470184 0
    outer loop
      vertex 23.19031360088211 -19.031798524909366 0
      vertex 23.19031360088211 -19.031798524909366 10
      vertex 21.213203435596427 -21.213203435596427 10
    endloop
  endfacet
  facet normal 0.803207531480645 -0.5956993044924331 0
    outer loop
      vertex 24.944088369076358 -16.667106990588067 0
      vertex 24.944088369076358 -16.667106990588067 10
      vertex 23.19031360088211 -19.031798524909366 10
    endloop
  endfacet
  facet normal 0.8577286100002721 -0.5141027441932216 0
    outer loop
      vertex 26.45763793045065 -14.141902104779929 0
      vertex 26.45763793045065 -14.141902104779929 10
      vertex 24.944088369076358 -16.667106990588067 10
    endloop
  endfacet
  facet normal 0.9039892931234432 -0.42755509343028225 0
    outer loop
      vertex 27.716385975338603 -11.480502970952694 0
      vertex 27.716385975338603 -11.480502970952694 10
      vertex 26.45763793045065 -14.141902104779929 10
    endloop
  endfacet
  facet normal 0.9415440651830213 -0.33688985339221894 0
    outer loop
      vertex 28.708210071966263 -8.70854031763387 0
      vertex 28.708210071966263 -8.70854031763387 10
      vertex 27.716385975338603 -11.480502970952694 10
    endloop
  endfacet
  facet normal 0.9700312531945439 -0.2429801799032645 0
    outer loop
      vertex 29.423558412096913 -5.852709660483847 0
      vertex 29.423558412096913 -5.852709660483847 10
      vertex 28.708210071966263 -8.70854031763387 10
    endloop
  endfacet
  facet normal 0.9891765099647808 -0.14673047445536286 0
    outer loop
      vertex 29.85554180016591 -2.940514209886818 0
      vertex 29.85554180016591 -2.940514209886818 10
      vertex 29.423558412096913 -5.852709660483847 10
    endloop
  endfacet
  facet normal 0.9987954562051724 -0.049067674327417134 4.990598941135705e-20
    outer loop
      vertex 29.85554180016591 -2.940514209886818 10
      vertex 30 0 0
      vertex 30 0 10
    endloop
  endfacet
  facet normal 0 0 1
    outer loop
      vertex 16.667106990588067 -24.944088369076358 10
      vertex 19.031798524909366 -23.19031360088211 10
      vertex 16.667106990588067 24.944088369076358 10
    endloop
  endfacet
  facet normal 0 0 1
    outer loop
      vertex 19.031798524909366 -23.19031360088211 10
      vertex 21.213203435596427 -21.213203435596427 10
      vertex 19.031798524909366 23.19031360088211 10
    endloop
  endfacet
  facet normal 0 0 1
    outer loop
      vertex 21.213203435596427 -21.213203435596427 10
      vertex 23.19031360088211 -19.031798524909366 10
      vertex 21.213203435596427 21.213203435596427 10
    endloop
  endfacet
  facet normal 0 0 1
    outer loop
      vertex 23.19031360088211 -19.031798524909366 10
      vertex 24.944088369076358 -16.667106990588067 10
      vertex 23.19031360088211 19.031798524909366 10
    endloop
  endfacet
  facet normal 0 0 1
    outer loop
      vertex 24.944088369076358 -16.667106990588067 10
      vertex 26.45763793045065 -14.141902104779929 10
      vertex 24.944088369076358 16.667106990588067 10
    endloop
  endfacet
  facet normal 0 0 1
    outer loop
      vertex 26.45763793045065 -14.141902104779929 10
      vertex 27.716385975338603 -11.480502970952694 10
      vertex 26.45763793045065 14.141902104779929 10
    endloop
  endfacet
  facet normal 0 0 1
    outer loop
      vertex 27.716385975338603 -11.480502970952694 10
      vertex 28.708210071966263 -8.70854031763387 10
      vertex 27.716385975338603 11.480502970952694 10
    endloop
  endfacet
  facet normal 0 0 1
    outer loop
      vertex 28.708210071966263 -8.70854031763387 10
      vertex 29.423558412096913 -5.852709660483847 10
      vertex 28.708210071966263 8.70854031763387 10
    endloop
  endfacet
  facet normal 0 0 1
    outer loop
      vertex 29.423558412096913 -5.852709660483847 10
      vertex 29.85554180016591 -2.940514209886818 10
      vertex 29.423558412096913 5.852709660483847 10
    endloop
  endfacet
  facet normal 0 0 -1
    outer loop
      vertex 8.70854031763387 28.708210071966263 0
      vertex 7.150346693605317 5.86813787851372 0
      vertex 6.540737725975565 6.540737725975565 0
    endloop
  endfacet
  facet normal 0 0 -1
    outer loop
      vertex 8.70854031763387 28.708210071966263 0
      vertex 5.86813787851372 7.150346693605317 0
      vertex 5.13902465543132 7.691093913798543 0
    endloop
  endfacet
  facet normal 0 0 -1
    outer loop
      vertex 8.70854031763387 28.708210071966263 0
      vertex 6.540737725975565 6.540737725975565 0
      vertex 5.86813787851372 7.150346693605317 0
    endloop
  endfacet
  facet normal 0 0 -1
    outer loop
      vertex 11.480502970952694 27.716385975338603 0
      vertex 9.205458721717822 -0.9066585480484356 0
      vertex 9.25 0 0
    endloop
  endfacet
  facet normal 0 0 -1
    outer loop
      vertex 11.480502970952694 27.716385975338603 0
      vertex 9.25 0 0
      vertex 9.205458721717822 0.9066585480484356 0
    endloop
  endfacet
  facet normal 0 0 -1
    outer loop
      vertex 11.480502970952694 27.716385975338603 0
      vertex 9.205458721717822 0.9066585480484356 0
      vertex 9.072263843729882 1.8045854786491864 0
    endloop
  endfacet
  facet normal 0 0 -1
    outer loop
      vertex 11.480502970952694 27.716385975338603 0
      vertex 9.072263843729882 1.8045854786491864 0
      vertex 8.851698105522932 2.6851332646037767 0
    endloop
  endfacet
  facet normal 0 0 -1
    outer loop
      vertex 8.70854031763387 28.708210071966263 0
      vertex 8.157771695222284 4.360419815640478 0
      vertex 7.691093913798543 5.13902465543132 0
    endloop
  endfacet
  facet normal 0 0 -1
    outer loop
      vertex 8.70854031763387 28.708210071966263 0
      vertex 8.545885675729401 3.5398217493770803 0
      vertex 8.157771695222284 4.360419815640478 0
    endloop
  endfacet
  facet normal 0 0 -1
    outer loop
      vertex 8.70854031763387 28.708210071966263 0
      vertex 7.691093913798543 5.13902465543132 0
      vertex 7.150346693605317 5.86813787851372 0
    endloop
  endfacet
  facet normal 0 0 -1
    outer loop
      vertex 11.480502970952694 27.716385975338603 0
      vertex 8.851698105522932 2.6851332646037767 0
      vertex 8.545885675729401 3.5398217493770803 0
    endloop
  endfacet
  facet normal 0 0 -1
    outer loop
      vertex 11.480502970952694 -27.716385975338603 0
      vertex 11.480502970952694 27.716385975338603 0
      vertex 14.141902104779929 26.45763793045065 0
    endloop
  endfacet
  facet normal 0 0 -1
    outer loop
      vertex 14.141902104779929 -26.45763793045065 0
      vertex 14.141902104779929 26.45763793045065 0
      vertex 16.667106990588067 24.944088369076358 0
    endloop
  endfacet
  facet normal 0 0 -1
    outer loop
      vertex 2.940514209886818 29.85554180016591 0
      vertex 0.9066585480484356 9.205458721717822 0
      vertex 0 9.25 0
    endloop
  endfacet
  facet normal 0 0 -1
    outer loop
      vertex 2.940514209886818 29.85554180016591 0
      vertex 2.6851332646037767 8.851698105522932 0
      vertex 1.8045854786491864 9.072263843729882 0
    endloop
  endfacet
  facet normal 0 0 -1
    outer loop
      vertex 2.940514209886818 29.85554180016591 0
      vertex 1.8045854786491864 9.072263843729882 0
      vertex 0.9066585480484356 9.205458721717822 0
    endloop
  endfacet
  facet normal 0 0 -1
    outer loop
      vertex 5.852709660483847 29.423558412096913 0
      vertex 3.5398217493770803 8.545885675729401 0
      vertex 2.6851332646037767 8.851698105522932 0
    endloop
  endfacet
  facet normal 0 0 -1
    outer loop
      vertex 5.852709660483847 29.423558412096913 0
      vertex 4.360419815640478 8.157771695222284 0
      vertex 3.5398217493770803 8.545885675729401 0
    endloop
  endfacet
  facet normal 0 0 -1
    outer loop
      vertex 5.852709660483847 29.423558412096913 0
      vertex 5.13902465543132 7.691093913798543 0
      vertex 4.360419815640478 8.157771695222284 0
    endloop
  endfacet
  facet normal 0 0 -1
    outer loop
      vertex 5.852709660483847 29.423558412096913 0
      vertex 8.70854031763387 28.708210071966263 0
      vertex 5.13902465543132 7.691093913798543 0
    endloop
  endfacet
  facet normal 0 0 -1
    outer loop
      vertex 0 30 0
      vertex 2.940514209886818 29.85554180016591 0
      vertex 0 9.25 0
    endloop
  endfacet
  facet normal 0 0 -1
    outer loop
      vertex 2.940514209886818 29.85554180016591 0
      vertex 5.852709660483847 29.423558412096913 0
      vertex 2.6851332646037767 8.851698105522932 0
    endloop
  endfacet
  facet normal 0 0 -1
    outer loop
      vertex 8.70854031763387 28.708210071966263 0
      vertex 11.480502970952694 27.716385975338603 0
      vertex 8.545885675729401 3.5398217493770803 0
    endloop
  endfacet
  facet normal 0.049067674327417134 0.9987954562051724 0
    outer loop
      vertex 0 30 0
      vertex 0 30 10
      vertex 2.940514209886818 29.85554180016591 0
    endloop
  endfacet
  facet normal 0.14673047445536286 0.9891765099647808 0
    outer loop
      vertex 2.940514209886818 29.85554180016591 0
      vertex 2.940514209886818 29.85554180016591 10
      vertex 5.852709660483847 29.423558412096913 0
    endloop
  endfacet
  facet normal 0.2429801799032645 0.9700312531945439 0
    outer loop
      vertex 5.852709660483847 29.423558412096913 0
      vertex 5.852709660483847 29.423558412096913 10
      vertex 8.70854031763387 28.708210071966263 0
    endloop
  endfacet
  facet normal 0.33688985339221894 0.9415440651830213 0
    outer loop
      vertex 8.70854031763387 28.708210071966263 0
      vertex 8.70854031763387 28.708210071966263 10
      vertex 11.480502970952694 27.716385975338603 0
    endloop
  endfacet
  facet normal 0.5141027441932216 0.8577286100002721 0
    outer loop
      vertex 14.141902104779929 26.45763793045065 0
      vertex 14.141902104779929 26.45763793045065 10
      vertex 16.667106990588067 24.944088369076358 0
    endloop
  endfacet
  facet normal 0.42755509343028225 0.9039892931234432 0
    outer loop
      vertex 11.480502970952694 27.716385975338603 0
      vertex 11.480502970952694 27.716385975338603 10
      vertex 14.141902104779929 26.45763793045065 0
    endloop
  endfacet
  facet normal 0 0 -1
    outer loop
      vertex 19.031798524909366 -23.19031360088211 0
      vertex 19.031798524909366 23.19031360088211 0
      vertex 21.213203435596427 21.213203435596427 0
    endloop
  endfacet
  facet normal 0 0 -1
    outer loop
      vertex 21.213203435596427 -21.213203435596427 0
      vertex 21.213203435596427 21.213203435596427 0
      vertex 23.19031360088211 19.031798524909366 0
    endloop
  endfacet
  facet normal 0 0 -1
    outer loop
      vertex 16.667106990588067 -24.944088369076358 0
      vertex 16.667106990588067 24.944088369076358 0
      vertex 19.031798524909366 23.19031360088211 0
    endloop
  endfacet
  facet normal 0 0 -1
    outer loop
      vertex 23.19031360088211 -19.031798524909366 0
      vertex 23.19031360088211 19.031798524909366 0
      vertex 24.944088369076358 16.667106990588067 0
    endloop
  endfacet
  facet normal 0 0 -1
    outer loop
      vertex 24.944088369076358 -16.667106990588067 0
      vertex 24.944088369076358 16.667106990588067 0
      vertex 26.45763793045065 14.141902104779929 0
    endloop
  endfacet
  facet normal 0 0 -1
    outer loop
      vertex 27.716385975338603 -11.480502970952694 0
      vertex 27.716385975338603 11.480502970952694 0
      vertex 28.708210071966263 8.70854031763387 0
    endloop
  endfacet
  facet normal 0 0 -1
    outer loop
      vertex 29.85554180016591 -2.940514209886818 0
      vertex 29.85554180016591 2.940514209886818 0
      vertex 30 0 0
    endloop
  endfacet
  facet normal 0 0 -1
    outer loop
      vertex 29.423558412096913 -5.852709660483847 0
      vertex 29.423558412096913 5.852709660483847 0
      vertex 29.85554180016591 2.940514209886818 0
    endloop
  endfacet
  facet normal 0 0 -1
    outer loop
      vertex 28.708210071966263 -8.70854031763387 0
      vertex 28.708210071966263 8.70854031763387 0
      vertex 29.423558412096913 5.852709660483847 0
    endloop
  endfacet
  facet normal 0 0 -1
    outer loop
      vertex 26.45763793045065 -14.141902104779929 0
      vertex 26.45763793045065 14.141902104779929 0
      vertex 27.716385975338603 11.480502970952694 0
    endloop
  endfacet
  facet normal 0.9987954562051724 0.049067674327417134 0
    outer loop
      vertex 30 0 0
      vertex 29.85554180016591 2.940514209886818 0
      vertex 30 0 10
    endloop
  endfacet
  facet normal 0.9891765099647808 0.14673047445536286 0
    outer loop
      vertex 29.85554180016591 2.940514209886818 0
      vertex 29.423558412096913 5.852709660483847 0
      vertex 29.85554180016591 2.940514209886818 10
    endloop
  endfacet
  facet normal 0.9700312531945439 0.2429801799032645 0
    outer loop
      vertex 29.423558412096913 5.852709660483847 0
      vertex 28.708210071966263 8.70854031763387 0
      vertex 29.423558412096913 5.852709660483847 10
    endloop
  endfacet
  facet normal 0.8577286100002721 0.5141027441932216 0
    outer loop
      vertex 26.45763793045065 14.141902104779929 0
      vertex 24.944088369076358 16.667106990588067 0
      vertex 26.45763793045065 14.141902104779929 10
    endloop
  endfacet
  facet normal 0.9415440651830213 0.33688985339221894 0
    outer loop
      vertex 28.708210071966263 8.70854031763387 0
      vertex 27.716385975338603 11.480502970952694 0
      vertex 28.708210071966263 8.70854031763387 10
    endloop
  endfacet
  facet normal 0.9039892931234432 0.42755509343028225 0
    outer loop
      vertex 27.716385975338603 11.480502970952694 0
      vertex 26.45763793045065 14.141902104779929 0
      vertex 27.716385975338603 11.480502970952694 10
    endloop
  endfacet
  facet normal 0.5956993044924331 0.803207531480645 0
    outer loop
      vertex 16.667106990588067 24.944088369076358 0
      vertex 16.667106990588067 24.944088369076358 10
      vertex 19.031798524909366 23.19031360088211 0
    endloop
  endfacet
  facet normal 0.6715589548470184 0.740951125354959 -1.371707807608528e-18
    outer loop
      vertex 21.213203435596427 21.213203435596427 0
      vertex 19.031798524909366 23.19031360088211 0
      vertex 19.031798524909366 23.19031360088211 10
    endloop
  endfacet
  facet normal 0.803207531480645 0.5956993044924331 0
    outer loop
      vertex 24.944088369076358 16.667106990588067 0
      vertex 23.19031360088211 19.031798524909366 0
      vertex 24.944088369076358 16.667106990588067 10
    endloop
  endfacet
  facet normal 0.740951125354959 0.6715589548470184 -1.371707807608528e-18
    outer loop
      vertex 21.213203435596427 21.213203435596427 0
      vertex 23.19031360088211 19.031798524909366 10
      vertex 23.19031360088211 19.031798524909366 0
    endloop
  endfacet
  facet normal 0 0 1
    outer loop
      vertex 14.141902104779929 -26.45763793045065 10
      vertex 11.480502970952694 27.716385975338603 10
      vertex 11.584113363501533 1.140935581819746 10
    endloop
  endfacet
  facet normal 0 0 1
    outer loop
      vertex 8.70854031763387 28.708210071966263 10
      vertex 8.230838852155872 8.230838852155872 10
      vertex 8.9979684001674 7.384441826563877 10
    endloop
  endfacet
  facet normal 0 0 1
    outer loop
      vertex 8.70854031763387 28.708210071966263 10
      vertex 8.9979684001674 7.384441826563877 10
      vertex 9.678442593695447 6.4669285894355495 10
    endloop
  endfacet
  facet normal 0 0 1
    outer loop
      vertex 11.480502970952694 27.716385975338603 10
      vertex 10.754109214092445 4.454497887718558 10
      vertex 11.138942383387786 3.378961230893951 10
    endloop
  endfacet
  facet normal 0 0 1
    outer loop
      vertex 11.480502970952694 27.716385975338603 10
      vertex 10.265708094271304 5.4871352948081915 10
      vertex 10.754109214092445 4.454497887718558 10
    endloop
  endfacet
  facet normal 0 0 1
    outer loop
      vertex 8.70854031763387 28.708210071966263 10
      vertex 9.678442593695447 6.4669285894355495 10
      vertex 10.265708094271304 5.4871352948081915 10
    endloop
  endfacet
  facet normal 0 0 1
    outer loop
      vertex 11.480502970952694 27.716385975338603 10
      vertex 11.4165014483658 2.2708833302877354 10
      vertex 11.584113363501533 1.140935581819746 10
    endloop
  endfacet
  facet normal 0 0 1
    outer loop
      vertex 11.480502970952694 27.716385975338603 10
      vertex 11.138942383387786 3.378961230893951 10
      vertex 11.4165014483658 2.2708833302877354 10
    endloop
  endfacet
  facet normal 0 0 1
    outer loop
      vertex 14.141902104779929 -26.45763793045065 10
      vertex 14.141902104779929 26.45763793045065 10
      vertex 11.480502970952694 27.716385975338603 10
    endloop
  endfacet
  facet normal 0.049067674327417134 0.9987954562051724 0
    outer loop
      vertex 2.940514209886818 29.85554180016591 0
      vertex 0 30 10
      vertex 2.940514209886818 29.85554180016591 10
    endloop
  endfacet
  facet normal 0.14673047445536286 0.9891765099647808 0
    outer loop
      vertex 5.852709660483847 29.423558412096913 0
      vertex 2.940514209886818 29.85554180016591 10
      vertex 5.852709660483847 29.423558412096913 10
    endloop
  endfacet
  facet normal 0.2429801799032645 0.9700312531945439 0
    outer loop
      vertex 8.70854031763387 28.708210071966263 0
      vertex 5.852709660483847 29.423558412096913 10
      vertex 8.70854031763387 28.708210071966263 10
    endloop
  endfacet
  facet normal 0.33688985339221894 0.9415440651830213 0
    outer loop
      vertex 11.480502970952694 27.716385975338603 0
      vertex 8.70854031763387 28.708210071966263 10
      vertex 11.480502970952694 27.716385975338603 10
    endloop
  endfacet
  facet normal 0.42755509343028225 0.9039892931234432 0
    outer loop
      vertex 14.141902104779929 26.45763793045065 0
      vertex 11.480502970952694 27.716385975338603 10
      vertex 14.141902104779929 26.45763793045065 10
    endloop
  endfacet
  facet normal 0 0 1
    outer loop
      vertex 0 30 10
      vertex 0 11.64016393442623 10
      vertex 1.140935581819746 11.584113363501533 10
    endloop
  endfacet
  facet normal 0 0 1
    outer loop
      vertex 2.940514209886818 29.85554180016591 10
      vertex 1.140935581819746 11.584113363501533 10
      vertex 2.2708833302877354 11.4165014483658 10
    endloop
  endfacet
  facet normal 0 0 1
    outer loop
      vertex 2.940514209886818 29.85554180016591 10
      vertex 2.2708833302877354 11.4165014483658 10
      vertex 3.378961230893951 11.138942383387786 10
    endloop
  endfacet
  facet normal 0 0 1
    outer loop
      vertex 2.940514209886818 29.85554180016591 10
      vertex 3.378961230893951 11.138942383387786 10
      vertex 4.454497887718558 10.754109214092445 10
    endloop
  endfacet
  facet normal 0 0 1
    outer loop
      vertex 5.852709660483847 29.423558412096913 10
      vertex 4.454497887718558 10.754109214092445 10
      vertex 5.487135294808191 10.265708094271304 10
    endloop
  endfacet
  facet normal 0 0 1
    outer loop
      vertex 5.852709660483847 29.423558412096913 10
      vertex 5.487135294808191 10.265708094271304 10
      vertex 6.4669285894355495 9.678442593695447 10
    endloop
  endfacet
  facet normal 0 0 1
    outer loop
      vertex 5.852709660483847 29.423558412096913 10
      vertex 6.4669285894355495 9.678442593695447 10
      vertex 7.384441826563877 8.9979684001674 10
    endloop
  endfacet
  facet normal 0 0 1
    outer loop
      vertex 5.852709660483847 29.423558412096913 10
      vertex 7.384441826563877 8.9979684001674 10
      vertex 8.70854031763387 28.708210071966263 10
    endloop
  endfacet
  facet normal 0 0 1
    outer loop
      vertex 0 30 10
      vertex 1.140935581819746 11.584113363501533 10
      vertex 2.940514209886818 29.85554180016591 10
    endloop
  endfacet
  facet normal 0 0 1
    outer loop
      vertex 2.940514209886818 29.85554180016591 10
      vertex 4.454497887718558 10.754109214092445 10
      vertex 5.852709660483847 29.423558412096913 10
    endloop
  endfacet
  facet normal 0 0 1
    outer loop
      vertex 8.70854031763387 28.708210071966263 10
      vertex 7.384441826563877 8.9979684001674 10
      vertex 8.230838852155872 8.230838852155872 10
    endloop
  endfacet
  facet normal 0 0 1
    outer loop
      vertex 8.70854031763387 28.708210071966263 10
      vertex 10.265708094271304 5.4871352948081915 10
      vertex 11.480502970952694 27.716385975338603 10
    endloop
  endfacet
  facet normal 0.9987954562051724 0.049067674327417134 0
    outer loop
      vertex 29.85554180016591 2.940514209886818 0
      vertex 29.85554180016591 2.940514209886818 10
      vertex 30 0 10
    endloop
  endfacet
  facet normal 0.9891765099647808 0.14673047445536286 0
    outer loop
      vertex 29.423558412096913 5.852709660483847 0
      vertex 29.423558412096913 5.852709660483847 10
      vertex 29.85554180016591 2.940514209886818 10
    endloop
  endfacet
  facet normal 0.9415440651830213 0.33688985339221894 0
    outer loop
      vertex 27.716385975338603 11.480502970952694 0
      vertex 27.716385975338603 11.480502970952694 10
      vertex 28.708210071966263 8.70854031763387 10
    endloop
  endfacet
  facet normal 0.9700312531945439 0.2429801799032645 0
    outer loop
      vertex 28.708210071966263 8.70854031763387 0
      vertex 28.708210071966263 8.70854031763387 10
      vertex 29.423558412096913 5.852709660483847 10
    endloop
  endfacet
  facet normal 0.9039892931234432 0.42755509343028225 0
    outer loop
      vertex 26.45763793045065 14.141902104779929 0
      vertex 26.45763793045065 14.141902104779929 10
      vertex 27.716385975338603 11.480502970952694 10
    endloop
  endfacet
  facet normal 0 0 1
    outer loop
      vertex 16.667106990588067 -24.944088369076358 10
      vertex 16.667106990588067 24.944088369076358 10
      vertex 14.141902104779929 26.45763793045065 10
    endloop
  endfacet
  facet normal 0 0 1
    outer loop
      vertex 19.031798524909366 -23.19031360088211 10
      vertex 19.031798524909366 23.19031360088211 10
      vertex 16.667106990588067 24.944088369076358 10
    endloop
  endfacet
  facet normal 0 0 1
    outer loop
      vertex 21.213203435596427 -21.213203435596427 10
      vertex 21.213203435596427 21.213203435596427 10
      vertex 19.031798524909366 23.19031360088211 10
    endloop
  endfacet
  facet normal 0 0 1
    outer loop
      vertex 23.19031360088211 -19.031798524909366 10
      vertex 23.19031360088211 19.031798524909366 10
      vertex 21.213203435596427 21.213203435596427 10
    endloop
  endfacet
  facet normal 0 0 1
    outer loop
      vertex 24.944088369076358 -16.667106990588067 10
      vertex 24.944088369076358 16.667106990588067 10
      vertex 23.19031360088211 19.031798524909366 10
    endloop
  endfacet
  facet normal 0 0 1
    outer loop
      vertex 26.45763793045065 -14.141902104779929 10
      vertex 26.45763793045065 14.141902104779929 10
      vertex 24.944088369076358 16.667106990588067 10
    endloop
  endfacet
  facet normal 0 0 1
    outer loop
      vertex 29.85554180016591 -2.940514209886818 10
      vertex 30 0 10
      vertex 29.85554180016591 2.940514209886818 10
    endloop
  endfacet
  facet normal 0 0 1
    outer loop
      vertex 29.85554180016591 -2.940514209886818 10
      vertex 29.85554180016591 2.940514209886818 10
      vertex 29.423558412096913 5.852709660483847 10
    endloop
  endfacet
  facet normal 0 0 1
    outer loop
      vertex 29.423558412096913 -5.852709660483847 10
      vertex 29.423558412096913 5.852709660483847 10
      vertex 28.708210071966263 8.70854031763387 10
    endloop
  endfacet
  facet normal 0 0 1
    outer loop
      vertex 27.716385975338603 -11.480502970952694 10
      vertex 27.716385975338603 11.480502970952694 10
      vertex 26.45763793045065 14.141902104779929 10
    endloop
  endfacet
  facet normal 0 0 1
    outer loop
      vertex 28.708210071966263 -8.70854031763387 10
      vertex 28.708210071966263 8.70854031763387 10
      vertex 27.716385975338603 11.480502970952694 10
    endloop
  endfacet
  facet normal 0.6715589548470184 0.740951125354959 0
    outer loop
      vertex 21.213203435596427 21.213203435596427 0
      vertex 19.031798524909366 23.19031360088211 10
      vertex 21.213203435596427 21.213203435596427 10
    endloop
  endfacet
  facet normal 0.740951125354959 0.6715589548470184 0
    outer loop
      vertex 21.213203435596427 21.213203435596427 0
      vertex 21.213203435596427 21.213203435596427 10
      vertex 23.19031360088211 19.031798524909366 10
    endloop
  endfacet
  facet normal 0.5141027441932216 0.8577286100002721 0
    outer loop
      vertex 16.667106990588067 24.944088369076358 0
      vertex 14.141902104779929 26.45763793045065 10
      vertex 16.667106990588067 24.944088369076358 10
    endloop
  endfacet
  facet normal 0.5956993044924331 0.803207531480645 0
    outer loop
      vertex 19.031798524909366 23.19031360088211 0
      vertex 16.667106990588067 24.944088369076358 10
      vertex 19.031798524909366 23.19031360088211 10
    endloop
  endfacet
  facet normal 0.803207531480645 0.5956993044924331 0
    outer loop
      vertex 23.19031360088211 19.031798524909366 0
      vertex 23.19031360088211 19.031798524909366 10
      vertex 24.944088369076358 16.667106990588067 10
    endloop
  endfacet
  facet normal 0.8577286100002721 0.5141027441932216 0
    outer loop
      vertex 24.944088369076358 16.667106990588067 0
      vertex 24.944088369076358 16.667106990588067 10
      vertex 26.45763793045065 14.141902104779929 10
    endloop
  endfacet
  facet normal 0 0 1
    outer loop
      vertex -9.187739215943125 -6.139051074866605 3
      vertex -8.541765509658244 -7.010045790008283 3
      vertex -8.157771695222284 -4.360419815640478 3
    endloop
  endfacet
  facet normal 0 0 1
    outer loop
      vertex -7.813529932111352 -7.813529932111352 3
      vertex -7.691093913798543 -5.13902465543132 3
      vertex -8.541765509658244 -7.010045790008283 3
    endloop
  endfacet
  facet normal 0 0 1
    outer loop
      vertex -7.813529932111352 -7.813529932111352 3
      vertex -7.150346693605317 -5.86813787851372 3
      vertex -7.691093913798543 -5.13902465543132 3
    endloop
  endfacet
  facet normal 0 0 1
    outer loop
      vertex -9.187739215943125 -6.139051074866605 3
      vertex -9.072263843729882 -1.8045854786491864 3
      vertex -9.745229971049325 -5.208933941927274 3
    endloop
  endfacet
  facet normal 0 0 1
    outer loop
      vertex -9.187739215943125 -6.139051074866605 3
      vertex -8.157771695222284 -4.360419815640478 3
      vertex -8.545885675729401 -3.5398217493770803 3
    endloop
  endfacet
  facet normal 0 0 1
    outer loop
      vertex -9.187739215943125 -6.139051074866605 3
      vertex -8.545885675729401 -3.5398217493770803 3
      vertex -8.851698105522932 -2.6851332646037767 3
    endloop
  endfacet
  facet normal 0 0 1
    outer loop
      vertex -8.541765509658244 -7.010045790008283 3
      vertex -7.691093913798543 -5.13902465543132 3
      vertex -8.157771695222284 -4.360419815640478 3
    endloop
  endfacet
  facet normal 0 0 1
    outer loop
      vertex -9.745229971049325 -5.208933941927274 3
      vertex -9.205458721717822 -0.9066585480484356 3
      vertex -9.25 0 3
    endloop
  endfacet
  facet normal 0 0 1
    outer loop
      vertex -10.208868834249719 -4.2286519276342425 3
      vertex -10.208868834249719 4.2286519276342425 3
      vertex -10.574190709840908 -3.207645683661809 3
    endloop
  endfacet
  facet normal 0 0 1
    outer loop
      vertex -10.837677348455697 -2.1557480582782174 3
      vertex -10.837677348455697 2.1557480582782174 3
      vertex -10.996791229727776 -1.0830894006416447 3
    endloop
  endfacet
  facet normal 0 0 1
    outer loop
      vertex -10.574190709840908 -3.207645683661809 3
      vertex -10.574190709840908 3.207645683661809 3
      vertex -10.837677348455697 -2.1557480582782174 3
    endloop
  endfacet
  facet normal 0 0 1
    outer loop
      vertex -10.208868834249719 -4.2286519276342425 3
      vertex -9.745229971049325 -5.208933941927274 3
      vertex -9.745229971049325 5.208933941927274 3
    endloop
  endfacet
  facet normal 0 0 1
    outer loop
      vertex -9.187739215943125 -6.139051074866605 3
      vertex -8.851698105522932 -2.6851332646037767 3
      vertex -9.072263843729882 -1.8045854786491864 3
    endloop
  endfacet
  facet normal 0 0 1
    outer loop
      vertex -9.745229971049325 -5.208933941927274 3
      vertex -9.072263843729882 -1.8045854786491864 3
      vertex -9.205458721717822 -0.9066585480484356 3
    endloop
  endfacet
  facet normal 0 0 1
    outer loop
      vertex -7.813529932111352 -7.813529932111352 3
      vertex -7.010045790008283 -8.541765509658244 3
      vertex -6.540737725975565 -6.540737725975565 3
    endloop
  endfacet
  facet normal 0 0 1
    outer loop
      vertex -6.139051074866605 -9.187739215943125 3
      vertex -5.86813787851372 -7.150346693605317 3
      vertex -7.010045790008283 -8.541765509658244 3
    endloop
  endfacet
  facet normal 0 0 1
    outer loop
      vertex -6.139051074866605 -9.187739215943125 3
      vertex -5.13902465543132 -7.691093913798543 3
      vertex -5.86813787851372 -7.150346693605317 3
    endloop
  endfacet
  facet normal 0 0 1
    outer loop
      vertex -5.208933941927274 -9.745229971049325 3
      vertex -4.2286519276342425 -10.208868834249719 3
      vertex -3.5398217493770803 -8.545885675729401 3
    endloop
  endfacet
  facet normal 0 0 1
    outer loop
      vertex -6.139051074866605 -9.187739215943125 3
      vertex -5.208933941927274 -9.745229971049325 3
      vertex -5.13902465543132 -7.691093913798543 3
    endloop
  endfacet
  facet normal 0 0 1
    outer loop
      vertex -5.208933941927274 -9.745229971049325 3
      vertex -4.360419815640478 -8.157771695222284 3
      vertex -5.13902465543132 -7.691093913798543 3
    endloop
  endfacet
  facet normal 0 0 1
    outer loop
      vertex -5.208933941927274 -9.745229971049325 3
      vertex -3.5398217493770803 -8.545885675729401 3
      vertex -4.360419815640478 -8.157771695222284 3
    endloop
  endfacet
  facet normal 0 0 1
    outer loop
      vertex -4.2286519276342425 -10.208868834249719 3
      vertex -3.207645683661809 -10.574190709840908 3
      vertex -2.6851332646037767 -8.851698105522932 3
    endloop
  endfacet
  facet normal 0 0 1
    outer loop
      vertex -3.207645683661809 -10.574190709840908 3
      vertex -2.1557480582782174 -10.837677348455697 3
      vertex -1.8045854786491864 -9.072263843729882 3
    endloop
  endfacet
  facet normal 0 0 1
    outer loop
      vertex -3.207645683661809 -10.574190709840908 3
      vertex -1.8045854786491864 -9.072263843729882 3
      vertex -2.6851332646037767 -8.851698105522932 3
    endloop
  endfacet
  facet normal 0 0 1
    outer loop
      vertex -4.2286519276342425 -10.208868834249719 3
      vertex -2.6851332646037767 -8.851698105522932 3
      vertex -3.5398217493770803 -8.545885675729401 3
    endloop
  endfacet
  facet normal 0 0 1
    outer loop
      vertex -2.1557480582782174 -10.837677348455697 3
      vertex -1.0830894006416447 -10.996791229727776 3
      vertex -0.9066585480484356 -9.205458721717822 3
    endloop
  endfacet
  facet normal 0 0 1
    outer loop
      vertex -2.1557480582782174 -10.837677348455697 3
      vertex -0.9066585480484356 -9.205458721717822 3
      vertex -1.8045854786491864 -9.072263843729882 3
    endloop
  endfacet
  facet normal 0 0 1
    outer loop
      vertex -1.0830894006416447 -10.996791229727776 3
      vertex 0 -11.05 3
      vertex 0 -9.25 3
    endloop
  endfacet
  facet normal 0 0 1
    outer loop
      vertex -1.0830894006416447 -10.996791229727776 3
      vertex 0 -9.25 3
      vertex -0.9066585480484356 -9.205458721717822 3
    endloop
  endfacet
  facet normal 0 0 1
    outer loop
      vertex -7.813529932111352 -7.813529932111352 3
      vertex -6.540737725975565 -6.540737725975565 3
      vertex -7.150346693605317 -5.86813787851372 3
    endloop
  endfacet
  facet normal 0 0 1
    outer loop
      vertex -7.010045790008283 -8.541765509658244 3
      vertex -5.86813787851372 -7.150346693605317 3
      vertex -6.540737725975565 -6.540737725975565 3
    endloop
  endfacet
  facet normal 0.6715589548470174 0.74095112535496 0
    outer loop
      vertex -7.813529932111352 -7.813529932111352 3
      vertex -7.813529932111352 -7.813529932111352 9.4
      vertex -7.010045790008283 -8.541765509658244 3
    endloop
  endfacet
  facet normal 0.74095112535496 0.6715589548470174 0
    outer loop
      vertex -7.813529932111352 -7.813529932111352 3
      vertex -8.541765509658244 -7.010045790008283 9.4
      vertex -7.813529932111352 -7.813529932111352 9.4
    endloop
  endfacet
  facet normal 0.8577286100002716 0.5141027441932224 1.53237285865468e-19
    outer loop
      vertex -9.187739215943125 -6.139051074866605 3
      vertex -9.745229971049325 -5.208933941927274 3
      vertex -9.745229971049325 -5.208933941927274 9.4
    endloop
  endfacet
  facet normal 0.9039892931234437 0.4275550934302813 0
    outer loop
      vertex -10.208868834249719 -4.2286519276342425 3
      vertex -10.208868834249719 -4.2286519276342425 9.4
      vertex -9.745229971049325 -5.208933941927274 3
    endloop
  endfacet
  facet normal 0.803207531480645 0.5956993044924331 0
    outer loop
      vertex -9.187739215943125 -6.139051074866605 3
      vertex -9.187739215943125 -6.139051074866605 9.4
      vertex -8.541765509658244 -7.010045790008283 3
    endloop
  endfacet
  facet normal 0.74095112535496 0.6715589548470174 -5.479977323161861e-18
    outer loop
      vertex -7.813529932111352 -7.813529932111352 3
      vertex -8.541765509658244 -7.010045790008283 3
      vertex -8.541765509658244 -7.010045790008283 9.4
    endloop
  endfacet
  facet normal 0.941544065183021 0.3368898533922193 -3.731841499438942e-18
    outer loop
      vertex -10.208868834249719 -4.2286519276342425 3
      vertex -10.574190709840908 -3.207645683661809 3
      vertex -10.574190709840908 -3.207645683661809 9.4
    endloop
  endfacet
  facet normal 0.9700312531945438 0.2429801799032651 1.3030477978598525e-18
    outer loop
      vertex -10.574190709840908 -3.207645683661809 3
      vertex -10.837677348455697 -2.1557480582782174 3
      vertex -10.837677348455697 -2.1557480582782174 9.4
    endloop
  endfacet
  facet normal 0.989176509964781 0.14673047445536158 -5.387997286799929e-19
    outer loop
      vertex -10.837677348455697 -2.1557480582782174 3
      vertex -10.996791229727776 -1.0830894006416447 3
      vertex -10.996791229727776 -1.0830894006416447 9.4
    endloop
  endfacet
  facet normal 0.9987954562051724 0.04906767432741799 4.0549847988370284e-19
    outer loop
      vertex -10.996791229727776 -1.0830894006416447 3
      vertex -11.05 0 3
      vertex -11.05 0 9.4
    endloop
  endfacet
  facet normal 0.941544065183021 0.3368898533922193 0
    outer loop
      vertex -10.208868834249719 -4.2286519276342425 3
      vertex -10.574190709840908 -3.207645683661809 9.4
      vertex -10.208868834249719 -4.2286519276342425 9.4
    endloop
  endfacet
  facet normal 0.9039892931234437 0.4275550934302813 0
    outer loop
      vertex -9.745229971049325 -5.208933941927274 3
      vertex -10.208868834249719 -4.2286519276342425 9.4
      vertex -9.745229971049325 -5.208933941927274 9.4
    endloop
  endfacet
  facet normal 0.803207531480645 0.5956993044924331 0
    outer loop
      vertex -8.541765509658244 -7.010045790008283 3
      vertex -9.187739215943125 -6.139051074866605 9.4
      vertex -8.541765509658244 -7.010045790008283 9.4
    endloop
  endfacet
  facet normal 0.8577286100002716 0.5141027441932224 0
    outer loop
      vertex -9.187739215943125 -6.139051074866605 3
      vertex -9.745229971049325 -5.208933941927274 9.4
      vertex -9.187739215943125 -6.139051074866605 9.4
    endloop
  endfacet
  facet normal 0.9700312531945438 0.2429801799032651 0
    outer loop
      vertex -10.574190709840908 -3.207645683661809 3
      vertex -10.837677348455697 -2.1557480582782174 9.4
      vertex -10.574190709840908 -3.207645683661809 9.4
    endloop
  endfacet
  facet normal 0.989176509964781 0.14673047445536158 0
    outer loop
      vertex -10.837677348455697 -2.1557480582782174 3
      vertex -10.996791229727776 -1.0830894006416447 9.4
      vertex -10.837677348455697 -2.1557480582782174 9.4
    endloop
  endfacet
  facet normal 0.9987954562051724 0.04906767432741799 0
    outer loop
      vertex -10.996791229727776 -1.0830894006416447 3
      vertex -11.05 0 9.4
      vertex -10.996791229727776 -1.0830894006416447 9.4
    endloop
  endfacet
  facet normal 0.5956993044924331 0.803207531480645 -5.533124806131933e-18
    outer loop
      vertex -6.139051074866605 -9.187739215943125 3
      vertex -7.010045790008283 -8.541765509658244 3
      vertex -7.010045790008283 -8.541765509658244 9.4
    endloop
  endfacet
  facet normal 0.5141027441932224 0.8577286100002716 0
    outer loop
      vertex -6.139051074866605 -9.187739215943125 3
      vertex -6.139051074866605 -9.187739215943125 9.4
      vertex -5.208933941927274 -9.745229971049325 3
    endloop
  endfacet
  facet normal 0.4275550934302813 0.9039892931234437 0
    outer loop
      vertex -5.208933941927274 -9.745229971049325 3
      vertex -5.208933941927274 -9.745229971049325 9.4
      vertex -4.2286519276342425 -10.208868834249719 3
    endloop
  endfacet
  facet normal 0.3368898533922193 0.941544065183021 0
    outer loop
      vertex -4.2286519276342425 -10.208868834249719 3
      vertex -4.2286519276342425 -10.208868834249719 9.4
      vertex -3.207645683661809 -10.574190709840908 3
    endloop
  endfacet
  facet normal 0.2429801799032651 0.9700312531945438 0
    outer loop
      vertex -3.207645683661809 -10.574190709840908 3
      vertex -3.207645683661809 -10.574190709840908 9.4
      vertex -2.1557480582782174 -10.837677348455697 3
    endloop
  endfacet
  facet normal 0.14673047445536158 0.989176509964781 0
    outer loop
      vertex -2.1557480582782174 -10.837677348455697 3
      vertex -2.1557480582782174 -10.837677348455697 9.4
      vertex -1.0830894006416447 -10.996791229727776 3
    endloop
  endfacet
  facet normal 0.04906767432741799 0.9987954562051724 0
    outer loop
      vertex -1.0830894006416447 -10.996791229727776 3
      vertex -1.0830894006416447 -10.996791229727776 9.4
      vertex 0 -11.05 3
    endloop
  endfacet
  facet normal 0.6715589548470174 0.74095112535496 0
    outer loop
      vertex -7.010045790008283 -8.541765509658244 3
      vertex -7.813529932111352 -7.813529932111352 9.4
      vertex -7.010045790008283 -8.541765509658244 9.4
    endloop
  endfacet
  facet normal 0.5956993044924331 0.803207531480645 0
    outer loop
      vertex -6.139051074866605 -9.187739215943125 3
      vertex -7.010045790008283 -8.541765509658244 9.4
      vertex -6.139051074866605 -9.187739215943125 9.4
    endloop
  endfacet
  facet normal 0.5141027441932224 0.8577286100002716 0
    outer loop
      vertex -5.208933941927274 -9.745229971049325 3
      vertex -6.139051074866605 -9.187739215943125 9.4
      vertex -5.208933941927274 -9.745229971049325 9.4
    endloop
  endfacet
  facet normal 0.4275550934302813 0.9039892931234437 0
    outer loop
      vertex -4.2286519276342425 -10.208868834249719 3
      vertex -5.208933941927274 -9.745229971049325 9.4
      vertex -4.2286519276342425 -10.208868834249719 9.4
    endloop
  endfacet
  facet normal 0.3368898533922193 0.941544065183021 0
    outer loop
      vertex -3.207645683661809 -10.574190709840908 3
      vertex -4.2286519276342425 -10.208868834249719 9.4
      vertex -3.207645683661809 -10.574190709840908 9.4
    endloop
  endfacet
  facet normal 0.2429801799032651 0.9700312531945438 0
    outer loop
      vertex -2.1557480582782174 -10.837677348455697 3
      vertex -3.207645683661809 -10.574190709840908 9.4
      vertex -2.1557480582782174 -10.837677348455697 9.4
    endloop
  endfacet
  facet normal 0.14673047445536158 0.989176509964781 0
    outer loop
      vertex -1.0830894006416447 -10.996791229727776 3
      vertex -2.1557480582782174 -10.837677348455697 9.4
      vertex -1.0830894006416447 -10.996791229727776 9.4
    endloop
  endfacet
  facet normal 0.04906767432741799 0.9987954562051724 4.0549847988370284e-19
    outer loop
      vertex -1.0830894006416447 -10.996791229727776 9.4
      vertex 0 -11.05 9.4
      vertex 0 -11.05 3
    endloop
  endfacet
  facet normal 0 0 1
    outer loop
      vertex -10.996791229727776 -1.0830894006416447 3
      vertex -10.996791229727776 1.0830894006416447 3
      vertex -11.05 0 3
    endloop
  endfacet
  facet normal 0 0 1
    outer loop
      vertex -10.996791229727776 -1.0830894006416447 3
      vertex -10.837677348455697 2.1557480582782174 3
      vertex -10.996791229727776 1.0830894006416447 3
    endloop
  endfacet
  facet normal 0 0 1
    outer loop
      vertex -10.837677348455697 -2.1557480582782174 3
      vertex -10.574190709840908 3.207645683661809 3
      vertex -10.837677348455697 2.1557480582782174 3
    endloop
  endfacet
  facet normal 0 0 1
    outer loop
      vertex -10.574190709840908 -3.207645683661809 3
      vertex -10.208868834249719 4.2286519276342425 3
      vertex -10.574190709840908 3.207645683661809 3
    endloop
  endfacet
  facet normal 0 0 1
    outer loop
      vertex -9.745229971049325 -5.208933941927274 3
      vertex -9.25 0 3
      vertex -9.187739215943125 6.139051074866605 3
    endloop
  endfacet
  facet normal 0 0 1
    outer loop
      vertex -10.208868834249719 -4.2286519276342425 3
      vertex -9.745229971049325 5.208933941927274 3
      vertex -10.208868834249719 4.2286519276342425 3
    endloop
  endfacet
  facet normal 0 0 1
    outer loop
      vertex -9.745229971049325 -5.208933941927274 3
      vertex -9.187739215943125 6.139051074866605 3
      vertex -9.745229971049325 5.208933941927274 3
    endloop
  endfacet
  facet normal 0 0 1
    outer loop
      vertex -9.25 0 3
      vertex -9.205458721717822 0.9066585480484356 3
      vertex -9.187739215943125 6.139051074866605 3
    endloop
  endfacet
  facet normal 0 0 1
    outer loop
      vertex -9.205458721717822 0.9066585480484356 3
      vertex -9.072263843729882 1.8045854786491864 3
      vertex -9.187739215943125 6.139051074866605 3
    endloop
  endfacet
  facet normal 0 0 1
    outer loop
      vertex -9.072263843729882 1.8045854786491864 3
      vertex -8.851698105522932 2.6851332646037767 3
      vertex -9.187739215943125 6.139051074866605 3
    endloop
  endfacet
  facet normal 0 0 1
    outer loop
      vertex -8.851698105522932 2.6851332646037767 3
      vertex -8.545885675729401 3.5398217493770803 3
      vertex -8.541765509658244 7.010045790008283 3
    endloop
  endfacet
  facet normal 0 0 1
    outer loop
      vertex -8.851698105522932 2.6851332646037767 3
      vertex -8.541765509658244 7.010045790008283 3
      vertex -9.187739215943125 6.139051074866605 3
    endloop
  endfacet
  facet normal 0 0 1
    outer loop
      vertex -8.545885675729401 3.5398217493770803 3
      vertex -8.157771695222284 4.360419815640478 3
      vertex -8.541765509658244 7.010045790008283 3
    endloop
  endfacet
  facet normal 0 0 1
    outer loop
      vertex -8.157771695222284 4.360419815640478 3
      vertex -7.813529932111352 7.813529932111352 3
      vertex -8.541765509658244 7.010045790008283 3
    endloop
  endfacet
  facet normal 0 0 1
    outer loop
      vertex -8.157771695222284 4.360419815640478 3
      vertex -7.691093913798543 5.13902465543132 3
      vertex -7.813529932111352 7.813529932111352 3
    endloop
  endfacet
  facet normal 0 0 1
    outer loop
      vertex -7.691093913798543 5.13902465543132 3
      vertex -7.150346693605317 5.86813787851372 3
      vertex -7.813529932111352 7.813529932111352 3
    endloop
  endfacet
  facet normal 0 0 1
    outer loop
      vertex -7.813529932111352 7.813529932111352 3
      vertex -7.150346693605317 5.86813787851372 3
      vertex -7.010045790008283 8.541765509658244 3
    endloop
  endfacet
  facet normal 0 0 1
    outer loop
      vertex -7.150346693605317 5.86813787851372 3
      vertex -6.540737725975565 6.540737725975565 3
      vertex -7.010045790008283 8.541765509658244 3
    endloop
  endfacet
  facet normal 0 0 1
    outer loop
      vertex -6.540737725975565 6.540737725975565 3
      vertex -6.139051074866605 9.187739215943125 3
      vertex -7.010045790008283 8.541765509658244 3
    endloop
  endfacet
  facet normal 0 0 1
    outer loop
      vertex -6.540737725975565 6.540737725975565 3
      vertex -5.86813787851372 7.150346693605317 3
      vertex -6.139051074866605 9.187739215943125 3
    endloop
  endfacet
  facet normal 0 0 1
    outer loop
      vertex -5.86813787851372 7.150346693605317 3
      vertex -5.208933941927274 9.745229971049325 3
      vertex -6.139051074866605 9.187739215943125 3
    endloop
  endfacet
  facet normal 0 0 1
    outer loop
      vertex -5.86813787851372 7.150346693605317 3
      vertex -5.13902465543132 7.691093913798543 3
      vertex -5.208933941927274 9.745229971049325 3
    endloop
  endfacet
  facet normal 0 0 1
    outer loop
      vertex -5.13902465543132 7.691093913798543 3
      vertex -4.360419815640478 8.157771695222284 3
      vertex -5.208933941927274 9.745229971049325 3
    endloop
  endfacet
  facet normal 0 0 1
    outer loop
      vertex -4.360419815640478 8.157771695222284 3
      vertex -4.2286519276342425 10.208868834249719 3
      vertex -5.208933941927274 9.745229971049325 3
    endloop
  endfacet
  facet normal 0 0 1
    outer loop
      vertex -4.360419815640478 8.157771695222284 3
      vertex -3.5398217493770803 8.545885675729401 3
      vertex -4.2286519276342425 10.208868834249719 3
    endloop
  endfacet
  facet normal 0 0 1
    outer loop
      vertex -3.5398217493770803 8.545885675729401 3
      vertex -2.6851332646037767 8.851698105522932 3
      vertex -3.207645683661809 10.574190709840908 3
    endloop
  endfacet
  facet normal 0 0 1
    outer loop
      vertex -3.5398217493770803 8.545885675729401 3
      vertex -3.207645683661809 10.574190709840908 3
      vertex -4.2286519276342425 10.208868834249719 3
    endloop
  endfacet
  facet normal 0 0 1
    outer loop
      vertex -3.207645683661809 10.574190709840908 3
      vertex -2.6851332646037767 8.851698105522932 3
      vertex -2.1557480582782174 10.837677348455697 3
    endloop
  endfacet
  facet normal 0 0 1
    outer loop
      vertex -2.6851332646037767 8.851698105522932 3
      vertex -1.8045854786491864 9.072263843729882 3
      vertex -2.1557480582782174 10.837677348455697 3
    endloop
  endfacet
  facet normal 0 0 1
    outer loop
      vertex -1.8045854786491864 9.072263843729882 3
      vertex -1.0830894006416447 10.996791229727776 3
      vertex -2.1557480582782174 10.837677348455697 3
    endloop
  endfacet
  facet normal 0 0 1
    outer loop
      vertex -1.8045854786491864 9.072263843729882 3
      vertex -0.9066585480484356 9.205458721717822 3
      vertex -1.0830894006416447 10.996791229727776 3
    endloop
  endfacet
  facet normal 0 0 1
    outer loop
      vertex -0.9066585480484356 9.205458721717822 3
      vertex 0 9.25 3
      vertex 0 11.05 3
    endloop
  endfacet
  facet normal 0 0 1
    outer loop
      vertex -0.9066585480484356 9.205458721717822 3
      vertex 0 11.05 3
      vertex -1.0830894006416447 10.996791229727776 3
    endloop
  endfacet
  facet normal 0.9987954562051724 -0.04906767432741799 -4.0549847988370284e-19
    outer loop
      vertex -11.05 0 3
      vertex -10.996791229727776 1.0830894006416447 3
      vertex -10.996791229727776 1.0830894006416447 9.4
    endloop
  endfacet
  facet normal 0.989176509964781 -0.14673047445536158 5.387997286799929e-19
    outer loop
      vertex -10.996791229727776 1.0830894006416447 3
      vertex -10.837677348455697 2.1557480582782174 3
      vertex -10.837677348455697 2.1557480582782174 9.4
    endloop
  endfacet
  facet normal 0.9700312531945438 -0.2429801799032651 -1.3030477978598525e-18
    outer loop
      vertex -10.837677348455697 2.1557480582782174 3
      vertex -10.574190709840908 3.207645683661809 3
      vertex -10.574190709840908 3.207645683661809 9.4
    endloop
  endfacet
  facet normal 0.941544065183021 -0.3368898533922193 3.731841499438942e-18
    outer loop
      vertex -10.574190709840908 3.207645683661809 3
      vertex -10.208868834249719 4.2286519276342425 3
      vertex -10.208868834249719 4.2286519276342425 9.4
    endloop
  endfacet
  facet normal 0.9039892931234437 -0.4275550934302813 3.015090113409268e-18
    outer loop
      vertex -10.208868834249719 4.2286519276342425 3
      vertex -9.745229971049325 5.208933941927274 3
      vertex -9.745229971049325 5.208933941927274 9.4
    endloop
  endfacet
  facet normal 0.8577286100002716 -0.5141027441932224 -1.53237285865468e-19
    outer loop
      vertex -9.745229971049325 5.208933941927274 3
      vertex -9.187739215943125 6.139051074866605 3
      vertex -9.187739215943125 6.139051074866605 9.4
    endloop
  endfacet
  facet normal 0.803207531480645 -0.5956993044924331 5.533124806131933e-18
    outer loop
      vertex -9.187739215943125 6.139051074866605 3
      vertex -8.541765509658244 7.010045790008283 3
      vertex -8.541765509658244 7.010045790008283 9.4
    endloop
  endfacet
  facet normal 0.9987954562051724 -0.04906767432741799 0
    outer loop
      vertex -11.05 0 3
      vertex -10.996791229727776 1.0830894006416447 9.4
      vertex -11.05 0 9.4
    endloop
  endfacet
  facet normal 0.989176509964781 -0.14673047445536158 0
    outer loop
      vertex -10.996791229727776 1.0830894006416447 3
      vertex -10.837677348455697 2.1557480582782174 9.4
      vertex -10.996791229727776 1.0830894006416447 9.4
    endloop
  endfacet
  facet normal 0.9700312531945438 -0.2429801799032651 0
    outer loop
      vertex -10.837677348455697 2.1557480582782174 3
      vertex -10.574190709840908 3.207645683661809 9.4
      vertex -10.837677348455697 2.1557480582782174 9.4
    endloop
  endfacet
  facet normal 0.941544065183021 -0.3368898533922193 0
    outer loop
      vertex -10.574190709840908 3.207645683661809 3
      vertex -10.208868834249719 4.2286519276342425 9.4
      vertex -10.574190709840908 3.207645683661809 9.4
    endloop
  endfacet
  facet normal 0.9039892931234437 -0.4275550934302813 0
    outer loop
      vertex -10.208868834249719 4.2286519276342425 3
      vertex -9.745229971049325 5.208933941927274 9.4
      vertex -10.208868834249719 4.2286519276342425 9.4
    endloop
  endfacet
  facet normal 0.8577286100002716 -0.5141027441932224 0
    outer loop
      vertex -9.745229971049325 5.208933941927274 3
      vertex -9.187739215943125 6.139051074866605 9.4
      vertex -9.745229971049325 5.208933941927274 9.4
    endloop
  endfacet
  facet normal 0.803207531480645 -0.5956993044924331 0
    outer loop
      vertex -9.187739215943125 6.139051074866605 3
      vertex -8.541765509658244 7.010045790008283 9.4
      vertex -9.187739215943125 6.139051074866605 9.4
    endloop
  endfacet
  facet normal 0.74095112535496 -0.6715589548470174 0
    outer loop
      vertex -8.541765509658244 7.010045790008283 3
      vertex -7.813529932111352 7.813529932111352 9.4
      vertex -8.541765509658244 7.010045790008283 9.4
    endloop
  endfacet
  facet normal 0.74095112535496 -0.6715589548470174 5.479977323161861e-18
    outer loop
      vertex -8.541765509658244 7.010045790008283 3
      vertex -7.813529932111352 7.813529932111352 3
      vertex -7.813529932111352 7.813529932111352 9.4
    endloop
  endfacet
  facet normal 0.6715589548470174 -0.74095112535496 0
    outer loop
      vertex -7.813529932111352 7.813529932111352 3
      vertex -7.010045790008283 8.541765509658244 9.4
      vertex -7.813529932111352 7.813529932111352 9.4
    endloop
  endfacet
  facet normal 0.6715589548470174 -0.74095112535496 5.479977323161861e-18
    outer loop
      vertex -7.813529932111352 7.813529932111352 3
      vertex -7.010045790008283 8.541765509658244 3
      vertex -7.010045790008283 8.541765509658244 9.4
    endloop
  endfacet
  facet normal 0.5956993044924331 -0.803207531480645 5.533124806131933e-18
    outer loop
      vertex -7.010045790008283 8.541765509658244 3
      vertex -6.139051074866605 9.187739215943125 3
      vertex -6.139051074866605 9.187739215943125 9.4
    endloop
  endfacet
  facet normal 0.5141027441932224 -0.8577286100002716 -1.53237285865468e-19
    outer loop
      vertex -6.139051074866605 9.187739215943125 3
      vertex -5.208933941927274 9.745229971049325 3
      vertex -5.208933941927274 9.745229971049325 9.4
    endloop
  endfacet
  facet normal 0.4275550934302813 -0.9039892931234437 3.015090113409268e-18
    outer loop
      vertex -5.208933941927274 9.745229971049325 3
      vertex -4.2286519276342425 10.208868834249719 3
      vertex -4.2286519276342425 10.208868834249719 9.4
    endloop
  endfacet
  facet normal 0.3368898533922193 -0.941544065183021 3.731841499438942e-18
    outer loop
      vertex -4.2286519276342425 10.208868834249719 3
      vertex -3.207645683661809 10.574190709840908 3
      vertex -3.207645683661809 10.574190709840908 9.4
    endloop
  endfacet
  facet normal 0.2429801799032651 -0.9700312531945438 -1.3030477978598525e-18
    outer loop
      vertex -3.207645683661809 10.574190709840908 3
      vertex -2.1557480582782174 10.837677348455697 3
      vertex -2.1557480582782174 10.837677348455697 9.4
    endloop
  endfacet
  facet normal 0.14673047445536158 -0.989176509964781 5.387997286799929e-19
    outer loop
      vertex -2.1557480582782174 10.837677348455697 3
      vertex -1.0830894006416447 10.996791229727776 3
      vertex -1.0830894006416447 10.996791229727776 9.4
    endloop
  endfacet
  facet normal 0.04906767432741799 -0.9987954562051724 -4.0549847988370284e-19
    outer loop
      vertex -1.0830894006416447 10.996791229727776 3
      vertex 0 11.05 3
      vertex 0 11.05 9.4
    endloop
  endfacet
  facet normal 0.5956993044924331 -0.803207531480645 0
    outer loop
      vertex -7.010045790008283 8.541765509658244 3
      vertex -6.139051074866605 9.187739215943125 9.4
      vertex -7.010045790008283 8.541765509658244 9.4
    endloop
  endfacet
  facet normal 0.5141027441932224 -0.8577286100002716 0
    outer loop
      vertex -6.139051074866605 9.187739215943125 3
      vertex -5.208933941927274 9.745229971049325 9.4
      vertex -6.139051074866605 9.187739215943125 9.4
    endloop
  endfacet
  facet normal 0.4275550934302813 -0.9039892931234437 0
    outer loop
      vertex -5.208933941927274 9.745229971049325 3
      vertex -4.2286519276342425 10.208868834249719 9.4
      vertex -5.208933941927274 9.745229971049325 9.4
    endloop
  endfacet
  facet normal 0.3368898533922193 -0.941544065183021 0
    outer loop
      vertex -4.2286519276342425 10.208868834249719 3
      vertex -3.207645683661809 10.574190709840908 9.4
      vertex -4.2286519276342425 10.208868834249719 9.4
    endloop
  endfacet
  facet normal 0.2429801799032651 -0.9700312531945438 0
    outer loop
      vertex -3.207645683661809 10.574190709840908 3
      vertex -2.1557480582782174 10.837677348455697 9.4
      vertex -3.207645683661809 10.574190709840908 9.4
    endloop
  endfacet
  facet normal 0.14673047445536158 -0.989176509964781 0
    outer loop
      vertex -2.1557480582782174 10.837677348455697 3
      vertex -1.0830894006416447 10.996791229727776 9.4
      vertex -2.1557480582782174 10.837677348455697 9.4
    endloop
  endfacet
  facet normal 0.04906767432741799 -0.9987954562051724 0
    outer loop
      vertex -1.0830894006416447 10.996791229727776 3
      vertex 0 11.05 9.4
      vertex -1.0830894006416447 10.996791229727776 9.4
    endloop
  endfacet
  facet normal 0 0 1
    outer loop
      vertex 0 -11.05 3
      vertex 1.0830894006416447 -10.996791229727776 3
      vertex 0.9066585480484356 -9.205458721717822 3
    endloop
  endfacet
  facet normal 0 0 1
    outer loop
      vertex 0 -11.05 3
      vertex 0.9066585480484356 -9.205458721717822 3
      vertex 0 -9.25 3
    endloop
  endfacet
  facet normal 0 0 1
    outer loop
      vertex 1.0830894006416447 -10.996791229727776 3
      vertex 1.8045854786491864 -9.072263843729882 3
      vertex 0.9066585480484356 -9.205458721717822 3
    endloop
  endfacet
  facet normal 0 0 1
    outer loop
      vertex 1.0830894006416447 -10.996791229727776 3
      vertex 2.1557480582782174 -10.837677348455697 3
      vertex 1.8045854786491864 -9.072263843729882 3
    endloop
  endfacet
  facet normal 0 0 1
    outer loop
      vertex 2.1557480582782174 -10.837677348455697 3
      vertex 2.6851332646037767 -8.851698105522932 3
      vertex 1.8045854786491864 -9.072263843729882 3
    endloop
  endfacet
  facet normal 0 0 1
    outer loop
      vertex 2.1557480582782174 -10.837677348455697 3
      vertex 3.207645683661809 -10.574190709840908 3
      vertex 2.6851332646037767 -8.851698105522932 3
    endloop
  endfacet
  facet normal 0 0 1
    outer loop
      vertex 3.207645683661809 -10.574190709840908 3
      vertex 4.2286519276342425 -10.208868834249719 3
      vertex 3.5398217493770803 -8.545885675729401 3
    endloop
  endfacet
  facet normal 0 0 1
    outer loop
      vertex 2.6851332646037767 -8.851698105522932 3
      vertex 3.207645683661809 -10.574190709840908 3
      vertex 3.5398217493770803 -8.545885675729401 3
    endloop
  endfacet
  facet normal 0 0 1
    outer loop
      vertex 4.2286519276342425 -10.208868834249719 3
      vertex 4.360419815640478 -8.157771695222284 3
      vertex 3.5398217493770803 -8.545885675729401 3
    endloop
  endfacet
  facet normal 0 0 1
    outer loop
      vertex 4.2286519276342425 -10.208868834249719 3
      vertex 5.208933941927274 -9.745229971049325 3
      vertex 4.360419815640478 -8.157771695222284 3
    endloop
  endfacet
  facet normal 0 0 1
    outer loop
      vertex 5.208933941927274 -9.745229971049325 3
      vertex 5.13902465543132 -7.691093913798543 3
      vertex 4.360419815640478 -8.157771695222284 3
    endloop
  endfacet
  facet normal 0 0 1
    outer loop
      vertex 5.208933941927274 -9.745229971049325 3
      vertex 5.86813787851372 -7.150346693605317 3
      vertex 5.13902465543132 -7.691093913798543 3
    endloop
  endfacet
  facet normal 0 0 1
    outer loop
      vertex 5.208933941927274 -9.745229971049325 3
      vertex 6.139051074866605 -9.187739215943125 3
      vertex 5.86813787851372 -7.150346693605317 3
    endloop
  endfacet
  facet normal 0 0 1
    outer loop
      vertex 6.139051074866605 -9.187739215943125 3
      vertex 6.540737725975565 -6.540737725975565 3
      vertex 5.86813787851372 -7.150346693605317 3
    endloop
  endfacet
  facet normal 0 0 1
    outer loop
      vertex 6.139051074866605 -9.187739215943125 3
      vertex 7.010045790008283 -8.541765509658244 3
      vertex 6.540737725975565 -6.540737725975565 3
    endloop
  endfacet
  facet normal 0 0 1
    outer loop
      vertex 7.010045790008283 -8.541765509658244 3
      vertex 7.150346693605317 -5.86813787851372 3
      vertex 6.540737725975565 -6.540737725975565 3
    endloop
  endfacet
  facet normal 0 0 1
    outer loop
      vertex 7.010045790008283 -8.541765509658244 3
      vertex 7.813529932111352 -7.813529932111352 3
      vertex 7.150346693605317 -5.86813787851372 3
    endloop
  endfacet
  facet normal 0 0 1
    outer loop
      vertex 7.150346693605317 -5.86813787851372 3
      vertex 7.813529932111352 -7.813529932111352 3
      vertex 7.691093913798543 -5.13902465543132 3
    endloop
  endfacet
  facet normal 0 0 1
    outer loop
      vertex 7.813529932111352 -7.813529932111352 3
      vertex 8.157771695222284 -4.360419815640478 3
      vertex 7.691093913798543 -5.13902465543132 3
    endloop
  endfacet
  facet normal 0 0 1
    outer loop
      vertex 7.813529932111352 -7.813529932111352 3
      vertex 8.541765509658244 -7.010045790008283 3
      vertex 8.157771695222284 -4.360419815640478 3
    endloop
  endfacet
  facet normal 0 0 1
    outer loop
      vertex 8.541765509658244 -7.010045790008283 3
      vertex 8.545885675729401 -3.5398217493770803 3
      vertex 8.157771695222284 -4.360419815640478 3
    endloop
  endfacet
  facet normal 0 0 1
    outer loop
      vertex 8.541765509658244 -7.010045790008283 3
      vertex 9.187739215943125 -6.139051074866605 3
      vertex 8.851698105522932 -2.6851332646037767 3
    endloop
  endfacet
  facet normal 0 0 1
    outer loop
      vertex 8.541765509658244 -7.010045790008283 3
      vertex 8.851698105522932 -2.6851332646037767 3
      vertex 8.545885675729401 -3.5398217493770803 3
    endloop
  endfacet
  facet normal 0 0 1
    outer loop
      vertex 9.187739215943125 -6.139051074866605 3
      vertex 9.072263843729882 -1.8045854786491864 3
      vertex 8.851698105522932 -2.6851332646037767 3
    endloop
  endfacet
  facet normal 0 0 1
    outer loop
      vertex 9.187739215943125 -6.139051074866605 3
      vertex 9.205458721717822 -0.9066585480484356 3
      vertex 9.072263843729882 -1.8045854786491864 3
    endloop
  endfacet
  facet normal 0 0 1
    outer loop
      vertex 9.187739215943125 -6.139051074866605 3
      vertex 9.25 0 3
      vertex 9.205458721717822 -0.9066585480484356 3
    endloop
  endfacet
  facet normal 0 0 1
    outer loop
      vertex 9.187739215943125 -6.139051074866605 3
      vertex 9.745229971049325 -5.208933941927274 3
      vertex 9.745229971049325 5.208933941927274 3
    endloop
  endfacet
  facet normal 0 0 1
    outer loop
      vertex 9.745229971049325 -5.208933941927274 3
      vertex 10.208868834249719 -4.2286519276342425 3
      vertex 10.208868834249719 4.2286519276342425 3
    endloop
  endfacet
  facet normal 0 0 1
    outer loop
      vertex 9.187739215943125 -6.139051074866605 3
      vertex 9.745229971049325 5.208933941927274 3
      vertex 9.25 0 3
    endloop
  endfacet
  facet normal 0 0 1
    outer loop
      vertex 10.208868834249719 -4.2286519276342425 3
      vertex 10.574190709840908 -3.207645683661809 3
      vertex 10.574190709840908 3.207645683661809 3
    endloop
  endfacet
  facet normal 0 0 1
    outer loop
      vertex 10.574190709840908 -3.207645683661809 3
      vertex 10.837677348455697 -2.1557480582782174 3
      vertex 10.837677348455697 2.1557480582782174 3
    endloop
  endfacet
  facet normal 0 0 1
    outer loop
      vertex 10.837677348455697 -2.1557480582782174 3
      vertex 10.996791229727776 -1.0830894006416447 3
      vertex 10.996791229727776 1.0830894006416447 3
    endloop
  endfacet
  facet normal -0.04906767432741799 0.9987954562051724 0
    outer loop
      vertex 0 -11.05 3
      vertex 0 -11.05 9.4
      vertex 1.0830894006416447 -10.996791229727776 3
    endloop
  endfacet
  facet normal -0.14673047445536158 0.989176509964781 0
    outer loop
      vertex 1.0830894006416447 -10.996791229727776 3
      vertex 1.0830894006416447 -10.996791229727776 9.4
      vertex 2.1557480582782174 -10.837677348455697 3
    endloop
  endfacet
  facet normal -0.2429801799032651 0.9700312531945438 0
    outer loop
      vertex 2.1557480582782174 -10.837677348455697 3
      vertex 2.1557480582782174 -10.837677348455697 9.4
      vertex 3.207645683661809 -10.574190709840908 3
    endloop
  endfacet
  facet normal -0.3368898533922193 0.941544065183021 0
    outer loop
      vertex 3.207645683661809 -10.574190709840908 3
      vertex 3.207645683661809 -10.574190709840908 9.4
      vertex 4.2286519276342425 -10.208868834249719 3
    endloop
  endfacet
  facet normal -0.4275550934302813 0.9039892931234437 0
    outer loop
      vertex 4.2286519276342425 -10.208868834249719 3
      vertex 4.2286519276342425 -10.208868834249719 9.4
      vertex 5.208933941927274 -9.745229971049325 3
    endloop
  endfacet
  facet normal -0.5141027441932224 0.8577286100002716 0
    outer loop
      vertex 5.208933941927274 -9.745229971049325 3
      vertex 5.208933941927274 -9.745229971049325 9.4
      vertex 6.139051074866605 -9.187739215943125 3
    endloop
  endfacet
  facet normal -0.5956993044924331 0.803207531480645 0
    outer loop
      vertex 6.139051074866605 -9.187739215943125 3
      vertex 6.139051074866605 -9.187739215943125 9.4
      vertex 7.010045790008283 -8.541765509658244 3
    endloop
  endfacet
  facet normal -0.6715589548470174 0.74095112535496 0
    outer loop
      vertex 7.010045790008283 -8.541765509658244 3
      vertex 7.010045790008283 -8.541765509658244 9.4
      vertex 7.813529932111352 -7.813529932111352 3
    endloop
  endfacet
  facet normal -0.04906767432741799 0.9987954562051724 0
    outer loop
      vertex 1.0830894006416447 -10.996791229727776 3
      vertex 0 -11.05 9.4
      vertex 1.0830894006416447 -10.996791229727776 9.4
    endloop
  endfacet
  facet normal -0.14673047445536158 0.989176509964781 0
    outer loop
      vertex 2.1557480582782174 -10.837677348455697 3
      vertex 1.0830894006416447 -10.996791229727776 9.4
      vertex 2.1557480582782174 -10.837677348455697 9.4
    endloop
  endfacet
  facet normal -0.2429801799032651 0.9700312531945438 0
    outer loop
      vertex 3.207645683661809 -10.574190709840908 3
      vertex 2.1557480582782174 -10.837677348455697 9.4
      vertex 3.207645683661809 -10.574190709840908 9.4
    endloop
  endfacet
  facet normal -0.3368898533922193 0.941544065183021 0
    outer loop
      vertex 4.2286519276342425 -10.208868834249719 3
      vertex 3.207645683661809 -10.574190709840908 9.4
      vertex 4.2286519276342425 -10.208868834249719 9.4
    endloop
  endfacet
  facet normal -0.4275550934302813 0.9039892931234437 0
    outer loop
      vertex 5.208933941927274 -9.745229971049325 3
      vertex 4.2286519276342425 -10.208868834249719 9.4
      vertex 5.208933941927274 -9.745229971049325 9.4
    endloop
  endfacet
  facet normal -0.5141027441932224 0.8577286100002716 0
    outer loop
      vertex 6.139051074866605 -9.187739215943125 3
      vertex 5.208933941927274 -9.745229971049325 9.4
      vertex 6.139051074866605 -9.187739215943125 9.4
    endloop
  endfacet
  facet normal -0.5956993044924331 0.803207531480645 0
    outer loop
      vertex 7.010045790008283 -8.541765509658244 3
      vertex 6.139051074866605 -9.187739215943125 9.4
      vertex 7.010045790008283 -8.541765509658244 9.4
    endloop
  endfacet
  facet normal -0.74095112535496 0.6715589548470174 0
    outer loop
      vertex 7.813529932111352 -7.813529932111352 3
      vertex 7.813529932111352 -7.813529932111352 9.4
      vertex 8.541765509658244 -7.010045790008283 3
    endloop
  endfacet
  facet normal -0.6715589548470174 0.74095112535496 0
    outer loop
      vertex 7.813529932111352 -7.813529932111352 3
      vertex 7.010045790008283 -8.541765509658244 9.4
      vertex 7.813529932111352 -7.813529932111352 9.4
    endloop
  endfacet
  facet normal -0.803207531480645 0.5956993044924331 0
    outer loop
      vertex 8.541765509658244 -7.010045790008283 3
      vertex 8.541765509658244 -7.010045790008283 9.4
      vertex 9.187739215943125 -6.139051074866605 3
    endloop
  endfacet
  facet normal -0.8577286100002716 0.5141027441932224 0
    outer loop
      vertex 9.187739215943125 -6.139051074866605 3
      vertex 9.187739215943125 -6.139051074866605 9.4
      vertex 9.745229971049325 -5.208933941927274 3
    endloop
  endfacet
  facet normal -0.9039892931234437 0.4275550934302813 0
    outer loop
      vertex 9.745229971049325 -5.208933941927274 3
      vertex 9.745229971049325 -5.208933941927274 9.4
      vertex 10.208868834249719 -4.2286519276342425 3
    endloop
  endfacet
  facet normal -0.941544065183021 0.3368898533922193 0
    outer loop
      vertex 10.208868834249719 -4.2286519276342425 3
      vertex 10.208868834249719 -4.2286519276342425 9.4
      vertex 10.574190709840908 -3.207645683661809 3
    endloop
  endfacet
  facet normal -0.9700312531945438 0.2429801799032651 0
    outer loop
      vertex 10.574190709840908 -3.207645683661809 3
      vertex 10.574190709840908 -3.207645683661809 9.4
      vertex 10.837677348455697 -2.1557480582782174 3
    endloop
  endfacet
  facet normal -0.989176509964781 0.14673047445536158 0
    outer loop
      vertex 10.837677348455697 -2.1557480582782174 3
      vertex 10.837677348455697 -2.1557480582782174 9.4
      vertex 10.996791229727776 -1.0830894006416447 3
    endloop
  endfacet
  facet normal -0.9987954562051724 0.04906767432741799 0
    outer loop
      vertex 10.996791229727776 -1.0830894006416447 3
      vertex 10.996791229727776 -1.0830894006416447 9.4
      vertex 11.05 0 3
    endloop
  endfacet
  facet normal -0.74095112535496 0.6715589548470174 0
    outer loop
      vertex 8.541765509658244 -7.010045790008283 3
      vertex 7.813529932111352 -7.813529932111352 9.4
      vertex 8.541765509658244 -7.010045790008283 9.4
    endloop
  endfacet
  facet normal -0.803207531480645 0.5956993044924331 0
    outer loop
      vertex 9.187739215943125 -6.139051074866605 3
      vertex 8.541765509658244 -7.010045790008283 9.4
      vertex 9.187739215943125 -6.139051074866605 9.4
    endloop
  endfacet
  facet normal -0.8577286100002716 0.5141027441932224 0
    outer loop
      vertex 9.745229971049325 -5.208933941927274 3
      vertex 9.187739215943125 -6.139051074866605 9.4
      vertex 9.745229971049325 -5.208933941927274 9.4
    endloop
  endfacet
  facet normal -0.9039892931234437 0.4275550934302813 0
    outer loop
      vertex 10.208868834249719 -4.2286519276342425 3
      vertex 9.745229971049325 -5.208933941927274 9.4
      vertex 10.208868834249719 -4.2286519276342425 9.4
    endloop
  endfacet
  facet normal -0.941544065183021 0.3368898533922193 0
    outer loop
      vertex 10.574190709840908 -3.207645683661809 3
      vertex 10.208868834249719 -4.2286519276342425 9.4
      vertex 10.574190709840908 -3.207645683661809 9.4
    endloop
  endfacet
  facet normal -0.9700312531945438 0.2429801799032651 0
    outer loop
      vertex 10.837677348455697 -2.1557480582782174 3
      vertex 10.574190709840908 -3.207645683661809 9.4
      vertex 10.837677348455697 -2.1557480582782174 9.4
    endloop
  endfacet
  facet normal -0.989176509964781 0.14673047445536158 0
    outer loop
      vertex 10.996791229727776 -1.0830894006416447 3
      vertex 10.837677348455697 -2.1557480582782174 9.4
      vertex 10.996791229727776 -1.0830894006416447 9.4
    endloop
  endfacet
  facet normal -0.9987954562051724 0.04906767432741799 -4.0549847988370284e-19
    outer loop
      vertex 10.996791229727776 -1.0830894006416447 9.4
      vertex 11.05 0 9.4
      vertex 11.05 0 3
    endloop
  endfacet
  facet normal 0 0 1
    outer loop
      vertex 6.540737725975565 6.540737725975565 3
      vertex 7.010045790008283 8.541765509658244 3
      vertex 5.86813787851372 7.150346693605317 3
    endloop
  endfacet
  facet normal 0 0 1
    outer loop
      vertex 6.540737725975565 6.540737725975565 3
      vertex 7.150346693605317 5.86813787851372 3
      vertex 7.813529932111352 7.813529932111352 3
    endloop
  endfacet
  facet normal 0 0 1
    outer loop
      vertex 0 9.25 3
      vertex 0.9066585480484356 9.205458721717822 3
      vertex 1.0830894006416447 10.996791229727776 3
    endloop
  endfacet
  facet normal 0 0 1
    outer loop
      vertex 0 9.25 3
      vertex 1.0830894006416447 10.996791229727776 3
      vertex 0 11.05 3
    endloop
  endfacet
  facet normal 0 0 1
    outer loop
      vertex 0.9066585480484356 9.205458721717822 3
      vertex 1.8045854786491864 9.072263843729882 3
      vertex 2.1557480582782174 10.837677348455697 3
    endloop
  endfacet
  facet normal 0 0 1
    outer loop
      vertex 0.9066585480484356 9.205458721717822 3
      vertex 2.1557480582782174 10.837677348455697 3
      vertex 1.0830894006416447 10.996791229727776 3
    endloop
  endfacet
  facet normal 0 0 1
    outer loop
      vertex 2.6851332646037767 8.851698105522932 3
      vertex 3.5398217493770803 8.545885675729401 3
      vertex 4.2286519276342425 10.208868834249719 3
    endloop
  endfacet
  facet normal 0 0 1
    outer loop
      vertex 1.8045854786491864 9.072263843729882 3
      vertex 2.6851332646037767 8.851698105522932 3
      vertex 3.207645683661809 10.574190709840908 3
    endloop
  endfacet
  facet normal 0 0 1
    outer loop
      vertex 1.8045854786491864 9.072263843729882 3
      vertex 3.207645683661809 10.574190709840908 3
      vertex 2.1557480582782174 10.837677348455697 3
    endloop
  endfacet
  facet normal 0 0 1
    outer loop
      vertex 2.6851332646037767 8.851698105522932 3
      vertex 4.2286519276342425 10.208868834249719 3
      vertex 3.207645683661809 10.574190709840908 3
    endloop
  endfacet
  facet normal 0 0 1
    outer loop
      vertex 3.5398217493770803 8.545885675729401 3
      vertex 4.360419815640478 8.157771695222284 3
      vertex 5.208933941927274 9.745229971049325 3
    endloop
  endfacet
  facet normal 0 0 1
    outer loop
      vertex 4.360419815640478 8.157771695222284 3
      vertex 5.13902465543132 7.691093913798543 3
      vertex 5.208933941927274 9.745229971049325 3
    endloop
  endfacet
  facet normal 0 0 1
    outer loop
      vertex 5.13902465543132 7.691093913798543 3
      vertex 6.139051074866605 9.187739215943125 3
      vertex 5.208933941927274 9.745229971049325 3
    endloop
  endfacet
  facet normal 0 0 1
    outer loop
      vertex 3.5398217493770803 8.545885675729401 3
      vertex 5.208933941927274 9.745229971049325 3
      vertex 4.2286519276342425 10.208868834249719 3
    endloop
  endfacet
  facet normal 0 0 1
    outer loop
      vertex 5.13902465543132 7.691093913798543 3
      vertex 5.86813787851372 7.150346693605317 3
      vertex 6.139051074866605 9.187739215943125 3
    endloop
  endfacet
  facet normal 0 0 1
    outer loop
      vertex 5.86813787851372 7.150346693605317 3
      vertex 7.010045790008283 8.541765509658244 3
      vertex 6.139051074866605 9.187739215943125 3
    endloop
  endfacet
  facet normal 0 0 1
    outer loop
      vertex 6.540737725975565 6.540737725975565 3
      vertex 7.813529932111352 7.813529932111352 3
      vertex 7.010045790008283 8.541765509658244 3
    endloop
  endfacet
  facet normal 0 0 1
    outer loop
      vertex 9.205458721717822 0.9066585480484356 3
      vertex 9.745229971049325 5.208933941927274 3
      vertex 9.072263843729882 1.8045854786491864 3
    endloop
  endfacet
  facet normal 0 0 1
    outer loop
      vertex 9.072263843729882 1.8045854786491864 3
      vertex 9.187739215943125 6.139051074866605 3
      vertex 8.851698105522932 2.6851332646037767 3
    endloop
  endfacet
  facet normal 0 0 1
    outer loop
      vertex 9.745229971049325 -5.208933941927274 3
      vertex 10.208868834249719 4.2286519276342425 3
      vertex 9.745229971049325 5.208933941927274 3
    endloop
  endfacet
  facet normal 0 0 1
    outer loop
      vertex 10.574190709840908 -3.207645683661809 3
      vertex 10.837677348455697 2.1557480582782174 3
      vertex 10.574190709840908 3.207645683661809 3
    endloop
  endfacet
  facet normal 0 0 1
    outer loop
      vertex 10.996791229727776 -1.0830894006416447 3
      vertex 11.05 0 3
      vertex 10.996791229727776 1.0830894006416447 3
    endloop
  endfacet
  facet normal 0 0 1
    outer loop
      vertex 10.837677348455697 -2.1557480582782174 3
      vertex 10.996791229727776 1.0830894006416447 3
      vertex 10.837677348455697 2.1557480582782174 3
    endloop
  endfacet
  facet normal 0 0 1
    outer loop
      vertex 10.208868834249719 -4.2286519276342425 3
      vertex 10.574190709840908 3.207645683661809 3
      vertex 10.208868834249719 4.2286519276342425 3
    endloop
  endfacet
  facet normal 0 0 1
    outer loop
      vertex 9.25 0 3
      vertex 9.745229971049325 5.208933941927274 3
      vertex 9.205458721717822 0.9066585480484356 3
    endloop
  endfacet
  facet normal 0 0 1
    outer loop
      vertex 8.157771695222284 4.360419815640478 3
      vertex 8.541765509658244 7.010045790008283 3
      vertex 7.691093913798543 5.13902465543132 3
    endloop
  endfacet
  facet normal 0 0 1
    outer loop
      vertex 8.545885675729401 3.5398217493770803 3
      vertex 8.851698105522932 2.6851332646037767 3
      vertex 9.187739215943125 6.139051074866605 3
    endloop
  endfacet
  facet normal 0 0 1
    outer loop
      vertex 8.545885675729401 3.5398217493770803 3
      vertex 9.187739215943125 6.139051074866605 3
      vertex 8.157771695222284 4.360419815640478 3
    endloop
  endfacet
  facet normal 0 0 1
    outer loop
      vertex 9.072263843729882 1.8045854786491864 3
      vertex 9.745229971049325 5.208933941927274 3
      vertex 9.187739215943125 6.139051074866605 3
    endloop
  endfacet
  facet normal 0 0 1
    outer loop
      vertex 7.691093913798543 5.13902465543132 3
      vertex 7.813529932111352 7.813529932111352 3
      vertex 7.150346693605317 5.86813787851372 3
    endloop
  endfacet
  facet normal 0 0 1
    outer loop
      vertex 7.691093913798543 5.13902465543132 3
      vertex 8.541765509658244 7.010045790008283 3
      vertex 7.813529932111352 7.813529932111352 3
    endloop
  endfacet
  facet normal 0 0 1
    outer loop
      vertex 8.157771695222284 4.360419815640478 3
      vertex 9.187739215943125 6.139051074866605 3
      vertex 8.541765509658244 7.010045790008283 3
    endloop
  endfacet
  facet normal -0.04906767432741799 -0.9987954562051724 4.0549847988370284e-19
    outer loop
      vertex 0 11.05 3
      vertex 1.0830894006416447 10.996791229727776 3
      vertex 1.0830894006416447 10.996791229727776 9.4
    endloop
  endfacet
  facet normal -0.14673047445536158 -0.989176509964781 -5.387997286799929e-19
    outer loop
      vertex 1.0830894006416447 10.996791229727776 3
      vertex 2.1557480582782174 10.837677348455697 3
      vertex 2.1557480582782174 10.837677348455697 9.4
    endloop
  endfacet
  facet normal -0.2429801799032651 -0.9700312531945438 1.3030477978598525e-18
    outer loop
      vertex 2.1557480582782174 10.837677348455697 3
      vertex 3.207645683661809 10.574190709840908 3
      vertex 3.207645683661809 10.574190709840908 9.4
    endloop
  endfacet
  facet normal -0.3368898533922193 -0.941544065183021 -3.731841499438942e-18
    outer loop
      vertex 3.207645683661809 10.574190709840908 3
      vertex 4.2286519276342425 10.208868834249719 3
      vertex 4.2286519276342425 10.208868834249719 9.4
    endloop
  endfacet
  facet normal -0.4275550934302813 -0.9039892931234437 -3.015090113409268e-18
    outer loop
      vertex 4.2286519276342425 10.208868834249719 3
      vertex 5.208933941927274 9.745229971049325 3
      vertex 5.208933941927274 9.745229971049325 9.4
    endloop
  endfacet
  facet normal -0.5141027441932224 -0.8577286100002716 1.53237285865468e-19
    outer loop
      vertex 5.208933941927274 9.745229971049325 3
      vertex 6.139051074866605 9.187739215943125 3
      vertex 6.139051074866605 9.187739215943125 9.4
    endloop
  endfacet
  facet normal -0.5956993044924331 -0.803207531480645 0
    outer loop
      vertex 7.010045790008283 8.541765509658244 3
      vertex 7.010045790008283 8.541765509658244 9.4
      vertex 6.139051074866605 9.187739215943125 3
    endloop
  endfacet
  facet normal -0.04906767432741799 -0.9987954562051724 0
    outer loop
      vertex 0 11.05 3
      vertex 1.0830894006416447 10.996791229727776 9.4
      vertex 0 11.05 9.4
    endloop
  endfacet
  facet normal -0.14673047445536158 -0.989176509964781 0
    outer loop
      vertex 1.0830894006416447 10.996791229727776 3
      vertex 2.1557480582782174 10.837677348455697 9.4
      vertex 1.0830894006416447 10.996791229727776 9.4
    endloop
  endfacet
  facet normal -0.2429801799032651 -0.9700312531945438 0
    outer loop
      vertex 2.1557480582782174 10.837677348455697 3
      vertex 3.207645683661809 10.574190709840908 9.4
      vertex 2.1557480582782174 10.837677348455697 9.4
    endloop
  endfacet
  facet normal -0.3368898533922193 -0.941544065183021 0
    outer loop
      vertex 3.207645683661809 10.574190709840908 3
      vertex 4.2286519276342425 10.208868834249719 9.4
      vertex 3.207645683661809 10.574190709840908 9.4
    endloop
  endfacet
  facet normal -0.4275550934302813 -0.9039892931234437 0
    outer loop
      vertex 4.2286519276342425 10.208868834249719 3
      vertex 5.208933941927274 9.745229971049325 9.4
      vertex 4.2286519276342425 10.208868834249719 9.4
    endloop
  endfacet
  facet normal -0.5141027441932224 -0.8577286100002716 0
    outer loop
      vertex 5.208933941927274 9.745229971049325 3
      vertex 6.139051074866605 9.187739215943125 9.4
      vertex 5.208933941927274 9.745229971049325 9.4
    endloop
  endfacet
  facet normal -0.5956993044924331 -0.803207531480645 0
    outer loop
      vertex 6.139051074866605 9.187739215943125 3
      vertex 7.010045790008283 8.541765509658244 9.4
      vertex 6.139051074866605 9.187739215943125 9.4
    endloop
  endfacet
  facet normal -0.6715589548470174 -0.74095112535496 0
    outer loop
      vertex 7.010045790008283 8.541765509658244 3
      vertex 7.813529932111352 7.813529932111352 9.4
      vertex 7.010045790008283 8.541765509658244 9.4
    endloop
  endfacet
  facet normal -0.9987954562051724 -0.04906767432741799 0
    outer loop
      vertex 11.05 0 3
      vertex 11.05 0 9.4
      vertex 10.996791229727776 1.0830894006416447 3
    endloop
  endfacet
  facet normal -0.989176509964781 -0.14673047445536158 0
    outer loop
      vertex 10.996791229727776 1.0830894006416447 3
      vertex 10.996791229727776 1.0830894006416447 9.4
      vertex 10.837677348455697 2.1557480582782174 3
    endloop
  endfacet
  facet normal -0.9700312531945438 -0.2429801799032651 0
    outer loop
      vertex 10.837677348455697 2.1557480582782174 3
      vertex 10.837677348455697 2.1557480582782174 9.4
      vertex 10.574190709840908 3.207645683661809 3
    endloop
  endfacet
  facet normal -0.941544065183021 -0.3368898533922193 0
    outer loop
      vertex 10.574190709840908 3.207645683661809 3
      vertex 10.574190709840908 3.207645683661809 9.4
      vertex 10.208868834249719 4.2286519276342425 3
    endloop
  endfacet
  facet normal -0.74095112535496 -0.6715589548470174 0
    outer loop
      vertex 8.541765509658244 7.010045790008283 3
      vertex 8.541765509658244 7.010045790008283 9.4
      vertex 7.813529932111352 7.813529932111352 3
    endloop
  endfacet
  facet normal -0.803207531480645 -0.5956993044924331 -5.533124806131933e-18
    outer loop
      vertex 8.541765509658244 7.010045790008283 3
      vertex 9.187739215943125 6.139051074866605 3
      vertex 9.187739215943125 6.139051074866605 9.4
    endloop
  endfacet
  facet normal -0.9039892931234437 -0.4275550934302813 -3.015090113409268e-18
    outer loop
      vertex 9.745229971049325 5.208933941927274 3
      vertex 10.208868834249719 4.2286519276342425 3
      vertex 10.208868834249719 4.2286519276342425 9.4
    endloop
  endfacet
  facet normal -0.8577286100002716 -0.5141027441932224 0
    outer loop
      vertex 9.745229971049325 5.208933941927274 3
      vertex 9.745229971049325 5.208933941927274 9.4
      vertex 9.187739215943125 6.139051074866605 3
    endloop
  endfacet
  facet normal -0.9987954562051724 -0.04906767432741799 0
    outer loop
      vertex 10.996791229727776 1.0830894006416447 3
      vertex 11.05 0 9.4
      vertex 10.996791229727776 1.0830894006416447 9.4
    endloop
  endfacet
  facet normal -0.989176509964781 -0.14673047445536158 0
    outer loop
      vertex 10.837677348455697 2.1557480582782174 3
      vertex 10.996791229727776 1.0830894006416447 9.4
      vertex 10.837677348455697 2.1557480582782174 9.4
    endloop
  endfacet
  facet normal -0.9700312531945438 -0.2429801799032651 0
    outer loop
      vertex 10.574190709840908 3.207645683661809 3
      vertex 10.837677348455697 2.1557480582782174 9.4
      vertex 10.574190709840908 3.207645683661809 9.4
    endloop
  endfacet
  facet normal -0.8577286100002716 -0.5141027441932224 0
    outer loop
      vertex 9.187739215943125 6.139051074866605 3
      vertex 9.745229971049325 5.208933941927274 9.4
      vertex 9.187739215943125 6.139051074866605 9.4
    endloop
  endfacet
  facet normal -0.803207531480645 -0.5956993044924331 0
    outer loop
      vertex 8.541765509658244 7.010045790008283 3
      vertex 9.187739215943125 6.139051074866605 9.4
      vertex 8.541765509658244 7.010045790008283 9.4
    endloop
  endfacet
  facet normal -0.9039892931234437 -0.4275550934302813 0
    outer loop
      vertex 9.745229971049325 5.208933941927274 3
      vertex 10.208868834249719 4.2286519276342425 9.4
      vertex 9.745229971049325 5.208933941927274 9.4
    endloop
  endfacet
  facet normal -0.941544065183021 -0.3368898533922193 0
    outer loop
      vertex 10.208868834249719 4.2286519276342425 3
      vertex 10.574190709840908 3.207645683661809 9.4
      vertex 10.208868834249719 4.2286519276342425 9.4
    endloop
  endfacet
  facet normal -0.6715589548470174 -0.74095112535496 -5.479977323161861e-18
    outer loop
      vertex 7.010045790008283 8.541765509658244 3
      vertex 7.813529932111352 7.813529932111352 3
      vertex 7.813529932111352 7.813529932111352 9.4
    endloop
  endfacet
  facet normal -0.74095112535496 -0.6715589548470174 0
    outer loop
      vertex 7.813529932111352 7.813529932111352 3
      vertex 8.541765509658244 7.010045790008283 9.4
      vertex 7.813529932111352 7.813529932111352 9.4
    endloop
  endfacet
  facet normal 0.8032075314806453 0.5956993044924328 0
    outer loop
      vertex -7.691093913798543 -5.13902465543132 3
      vertex -7.150346693605317 -5.86813787851372 0
      vertex -7.691093913798543 -5.13902465543132 0
    endloop
  endfacet
  facet normal 0.8577286100002718 0.514102744193222 0
    outer loop
      vertex -8.157771695222284 -4.360419815640478 3
      vertex -7.691093913798543 -5.13902465543132 0
      vertex -8.157771695222284 -4.360419815640478 0
    endloop
  endfacet
  facet normal 0.9039892931234437 0.4275550934302816 0
    outer loop
      vertex -8.545885675729401 -3.5398217493770803 3
      vertex -8.157771695222284 -4.360419815640478 0
      vertex -8.545885675729401 -3.5398217493770803 0
    endloop
  endfacet
  facet normal 0.9415440651830207 0.33688985339222055 0
    outer loop
      vertex -8.851698105522932 -2.6851332646037767 3
      vertex -8.545885675729401 -3.5398217493770803 0
      vertex -8.851698105522932 -2.6851332646037767 0
    endloop
  endfacet
  facet normal 0.9700312531945439 0.24298017990326468 0
    outer loop
      vertex -9.072263843729882 -1.8045854786491864 3
      vertex -8.851698105522932 -2.6851332646037767 0
      vertex -9.072263843729882 -1.8045854786491864 0
    endloop
  endfacet
  facet normal 0.9891765099647809 0.14673047445536194 0
    outer loop
      vertex -9.205458721717822 -0.9066585480484356 3
      vertex -9.072263843729882 -1.8045854786491864 0
      vertex -9.205458721717822 -0.9066585480484356 0
    endloop
  endfacet
  facet normal 0.9987954562051724 0.04906767432741752 0
    outer loop
      vertex -9.25 0 3
      vertex -9.205458721717822 -0.9066585480484356 0
      vertex -9.25 0 0
    endloop
  endfacet
  facet normal 0.8577286100002718 0.514102744193222 0
    outer loop
      vertex -7.691093913798543 -5.13902465543132 3
      vertex -7.691093913798543 -5.13902465543132 0
      vertex -8.157771695222284 -4.360419815640478 3
    endloop
  endfacet
  facet normal 0.9039892931234437 0.4275550934302816 0
    outer loop
      vertex -8.157771695222284 -4.360419815640478 3
      vertex -8.157771695222284 -4.360419815640478 0
      vertex -8.545885675729401 -3.5398217493770803 3
    endloop
  endfacet
  facet normal 0.9415440651830207 0.33688985339222055 -7.230076859960972e-18
    outer loop
      vertex -8.851698105522932 -2.6851332646037767 3
      vertex -8.545885675729401 -3.5398217493770803 3
      vertex -8.545885675729401 -3.5398217493770803 0
    endloop
  endfacet
  facet normal 0.9700312531945439 0.24298017990326468 0
    outer loop
      vertex -8.851698105522932 -2.6851332646037767 3
      vertex -8.851698105522932 -2.6851332646037767 0
      vertex -9.072263843729882 -1.8045854786491864 3
    endloop
  endfacet
  facet normal 0.9891765099647809 0.14673047445536194 0
    outer loop
      vertex -9.072263843729882 -1.8045854786491864 3
      vertex -9.072263843729882 -1.8045854786491864 0
      vertex -9.205458721717822 -0.9066585480484356 3
    endloop
  endfacet
  facet normal 0.9987954562051724 0.04906767432741752 0
    outer loop
      vertex -9.205458721717822 -0.9066585480484356 3
      vertex -9.205458721717822 -0.9066585480484356 0
      vertex -9.25 0 3
    endloop
  endfacet
  facet normal 0.514102744193222 0.8577286100002718 0
    outer loop
      vertex -5.13902465543132 -7.691093913798543 3
      vertex -4.360419815640478 -8.157771695222284 0
      vertex -5.13902465543132 -7.691093913798543 0
    endloop
  endfacet
  facet normal 0.4275550934302816 0.9039892931234437 0
    outer loop
      vertex -4.360419815640478 -8.157771695222284 3
      vertex -3.5398217493770803 -8.545885675729401 0
      vertex -4.360419815640478 -8.157771695222284 0
    endloop
  endfacet
  facet normal 0.33688985339222055 0.9415440651830207 0
    outer loop
      vertex -3.5398217493770803 -8.545885675729401 3
      vertex -2.6851332646037767 -8.851698105522932 0
      vertex -3.5398217493770803 -8.545885675729401 0
    endloop
  endfacet
  facet normal 0.24298017990326468 0.9700312531945439 0
    outer loop
      vertex -2.6851332646037767 -8.851698105522932 3
      vertex -1.8045854786491864 -9.072263843729882 0
      vertex -2.6851332646037767 -8.851698105522932 0
    endloop
  endfacet
  facet normal 0.14673047445536194 0.9891765099647809 0
    outer loop
      vertex -1.8045854786491864 -9.072263843729882 3
      vertex -0.9066585480484356 -9.205458721717822 0
      vertex -1.8045854786491864 -9.072263843729882 0
    endloop
  endfacet
  facet normal 0.04906767432741752 0.9987954562051724 0
    outer loop
      vertex -0.9066585480484356 -9.205458721717822 3
      vertex 0 -9.25 0
      vertex -0.9066585480484356 -9.205458721717822 0
    endloop
  endfacet
  facet normal 0.5956993044924328 0.8032075314806453 -8.147967965215388e-18
    outer loop
      vertex -5.86813787851372 -7.150346693605317 3
      vertex -5.13902465543132 -7.691093913798543 3
      vertex -5.13902465543132 -7.691093913798543 0
    endloop
  endfacet
  facet normal 0.514102744193222 0.8577286100002718 -1.9272496364172936e-19
    outer loop
      vertex -5.13902465543132 -7.691093913798543 3
      vertex -4.360419815640478 -8.157771695222284 3
      vertex -4.360419815640478 -8.157771695222284 0
    endloop
  endfacet
  facet normal 0.4275550934302816 0.9039892931234437 3.5644978952746923e-19
    outer loop
      vertex -4.360419815640478 -8.157771695222284 3
      vertex -3.5398217493770803 -8.545885675729401 3
      vertex -3.5398217493770803 -8.545885675729401 0
    endloop
  endfacet
  facet normal 0.33688985339222055 0.9415440651830207 -7.230076859960972e-18
    outer loop
      vertex -3.5398217493770803 -8.545885675729401 3
      vertex -2.6851332646037767 -8.851698105522932 3
      vertex -2.6851332646037767 -8.851698105522932 0
    endloop
  endfacet
  facet normal 0.24298017990326468 0.9700312531945439 2.535748343731518e-18
    outer loop
      vertex -2.6851332646037767 -8.851698105522932 3
      vertex -1.8045854786491864 -9.072263843729882 3
      vertex -1.8045854786491864 -9.072263843729882 0
    endloop
  endfacet
  facet normal 0.14673047445536194 0.9891765099647809 -7.253336456936748e-19
    outer loop
      vertex -1.8045854786491864 -9.072263843729882 3
      vertex -0.9066585480484356 -9.205458721717822 3
      vertex -0.9066585480484356 -9.205458721717822 0
    endloop
  endfacet
  facet normal 0.04906767432741752 0.9987954562051724 4.603957177393461e-19
    outer loop
      vertex -0.9066585480484356 -9.205458721717822 3
      vertex 0 -9.25 3
      vertex 0 -9.25 0
    endloop
  endfacet
  facet normal 0.7409511253549597 0.6715589548470177 0
    outer loop
      vertex -7.150346693605317 -5.86813787851372 3
      vertex -6.540737725975565 -6.540737725975565 0
      vertex -7.150346693605317 -5.86813787851372 0
    endloop
  endfacet
  facet normal 0.6715589548470177 0.7409511253549597 0
    outer loop
      vertex -6.540737725975565 -6.540737725975565 3
      vertex -5.86813787851372 -7.150346693605317 0
      vertex -6.540737725975565 -6.540737725975565 0
    endloop
  endfacet
  facet normal 0.5956993044924328 0.8032075314806453 0
    outer loop
      vertex -5.86813787851372 -7.150346693605317 3
      vertex -5.13902465543132 -7.691093913798543 0
      vertex -5.86813787851372 -7.150346693605317 0
    endloop
  endfacet
  facet normal 0.8032075314806453 0.5956993044924328 0
    outer loop
      vertex -7.150346693605317 -5.86813787851372 3
      vertex -7.150346693605317 -5.86813787851372 0
      vertex -7.691093913798543 -5.13902465543132 3
    endloop
  endfacet
  facet normal 0.7409511253549597 0.6715589548470177 4.338893571202003e-18
    outer loop
      vertex -7.150346693605317 -5.86813787851372 3
      vertex -6.540737725975565 -6.540737725975565 3
      vertex -6.540737725975565 -6.540737725975565 0
    endloop
  endfacet
  facet normal 0.6715589548470177 0.7409511253549597 0
    outer loop
      vertex -5.86813787851372 -7.150346693605317 3
      vertex -5.86813787851372 -7.150346693605317 0
      vertex -6.540737725975565 -6.540737725975565 3
    endloop
  endfacet
  facet normal 0.9987954562051724 -0.04906767432741752 0
    outer loop
      vertex -9.205458721717822 0.9066585480484356 3
      vertex -9.25 0 0
      vertex -9.205458721717822 0.9066585480484356 0
    endloop
  endfacet
  facet normal 0.9891765099647809 -0.14673047445536194 0
    outer loop
      vertex -9.072263843729882 1.8045854786491864 3
      vertex -9.205458721717822 0.9066585480484356 0
      vertex -9.072263843729882 1.8045854786491864 0
    endloop
  endfacet
  facet normal 0.9700312531945439 -0.24298017990326468 0
    outer loop
      vertex -8.851698105522932 2.6851332646037767 3
      vertex -9.072263843729882 1.8045854786491864 0
      vertex -8.851698105522932 2.6851332646037767 0
    endloop
  endfacet
  facet normal 0.9415440651830207 -0.33688985339222055 0
    outer loop
      vertex -8.545885675729401 3.5398217493770803 3
      vertex -8.851698105522932 2.6851332646037767 0
      vertex -8.545885675729401 3.5398217493770803 0
    endloop
  endfacet
  facet normal 0.9039892931234437 -0.4275550934302816 0
    outer loop
      vertex -8.157771695222284 4.360419815640478 3
      vertex -8.545885675729401 3.5398217493770803 0
      vertex -8.157771695222284 4.360419815640478 0
    endloop
  endfacet
  facet normal 0.8577286100002718 -0.514102744193222 0
    outer loop
      vertex -7.691093913798543 5.13902465543132 3
      vertex -8.157771695222284 4.360419815640478 0
      vertex -7.691093913798543 5.13902465543132 0
    endloop
  endfacet
  facet normal 0.9987954562051724 -0.04906767432741752 0
    outer loop
      vertex -9.25 0 3
      vertex -9.25 0 0
      vertex -9.205458721717822 0.9066585480484356 3
    endloop
  endfacet
  facet normal 0.9891765099647809 -0.14673047445536194 0
    outer loop
      vertex -9.205458721717822 0.9066585480484356 3
      vertex -9.205458721717822 0.9066585480484356 0
      vertex -9.072263843729882 1.8045854786491864 3
    endloop
  endfacet
  facet normal 0.9700312531945439 -0.24298017990326468 0
    outer loop
      vertex -9.072263843729882 1.8045854786491864 3
      vertex -9.072263843729882 1.8045854786491864 0
      vertex -8.851698105522932 2.6851332646037767 3
    endloop
  endfacet
  facet normal 0.9415440651830207 -0.33688985339222055 0
    outer loop
      vertex -8.851698105522932 2.6851332646037767 3
      vertex -8.851698105522932 2.6851332646037767 0
      vertex -8.545885675729401 3.5398217493770803 3
    endloop
  endfacet
  facet normal 0.9039892931234437 -0.4275550934302816 0
    outer loop
      vertex -8.545885675729401 3.5398217493770803 3
      vertex -8.545885675729401 3.5398217493770803 0
      vertex -8.157771695222284 4.360419815640478 3
    endloop
  endfacet
  facet normal 0.8577286100002718 -0.514102744193222 0
    outer loop
      vertex -8.157771695222284 4.360419815640478 3
      vertex -8.157771695222284 4.360419815640478 0
      vertex -7.691093913798543 5.13902465543132 3
    endloop
  endfacet
  facet normal 0.8032075314806453 -0.5956993044924328 0
    outer loop
      vertex -7.691093913798543 5.13902465543132 3
      vertex -7.691093913798543 5.13902465543132 0
      vertex -7.150346693605317 5.86813787851372 3
    endloop
  endfacet
  facet normal 0.8032075314806453 -0.5956993044924328 0
    outer loop
      vertex -7.150346693605317 5.86813787851372 3
      vertex -7.691093913798543 5.13902465543132 0
      vertex -7.150346693605317 5.86813787851372 0
    endloop
  endfacet
  facet normal 0.7409511253549597 -0.6715589548470177 0
    outer loop
      vertex -6.540737725975565 6.540737725975565 3
      vertex -7.150346693605317 5.86813787851372 0
      vertex -6.540737725975565 6.540737725975565 0
    endloop
  endfacet
  facet normal 0.6715589548470177 -0.7409511253549597 0
    outer loop
      vertex -5.86813787851372 7.150346693605317 3
      vertex -6.540737725975565 6.540737725975565 0
      vertex -5.86813787851372 7.150346693605317 0
    endloop
  endfacet
  facet normal 0.7409511253549597 -0.6715589548470177 0
    outer loop
      vertex -7.150346693605317 5.86813787851372 3
      vertex -7.150346693605317 5.86813787851372 0
      vertex -6.540737725975565 6.540737725975565 3
    endloop
  endfacet
  facet normal 0.6715589548470177 -0.7409511253549597 0
    outer loop
      vertex -6.540737725975565 6.540737725975565 3
      vertex -6.540737725975565 6.540737725975565 0
      vertex -5.86813787851372 7.150346693605317 3
    endloop
  endfacet
  facet normal 0.5956993044924328 -0.8032075314806453 0
    outer loop
      vertex -5.86813787851372 7.150346693605317 3
      vertex -5.86813787851372 7.150346693605317 0
      vertex -5.13902465543132 7.691093913798543 3
    endloop
  endfacet
  facet normal 0.5956993044924328 -0.8032075314806453 0
    outer loop
      vertex -5.13902465543132 7.691093913798543 3
      vertex -5.86813787851372 7.150346693605317 0
      vertex -5.13902465543132 7.691093913798543 0
    endloop
  endfacet
  facet normal 0.514102744193222 -0.8577286100002718 0
    outer loop
      vertex -4.360419815640478 8.157771695222284 3
      vertex -5.13902465543132 7.691093913798543 0
      vertex -4.360419815640478 8.157771695222284 0
    endloop
  endfacet
  facet normal 0.4275550934302816 -0.9039892931234437 0
    outer loop
      vertex -3.5398217493770803 8.545885675729401 3
      vertex -4.360419815640478 8.157771695222284 0
      vertex -3.5398217493770803 8.545885675729401 0
    endloop
  endfacet
  facet normal 0.33688985339222055 -0.9415440651830207 0
    outer loop
      vertex -2.6851332646037767 8.851698105522932 3
      vertex -3.5398217493770803 8.545885675729401 0
      vertex -2.6851332646037767 8.851698105522932 0
    endloop
  endfacet
  facet normal 0.24298017990326468 -0.9700312531945439 0
    outer loop
      vertex -1.8045854786491864 9.072263843729882 3
      vertex -2.6851332646037767 8.851698105522932 0
      vertex -1.8045854786491864 9.072263843729882 0
    endloop
  endfacet
  facet normal 0.14673047445536194 -0.9891765099647809 0
    outer loop
      vertex -0.9066585480484356 9.205458721717822 3
      vertex -1.8045854786491864 9.072263843729882 0
      vertex -0.9066585480484356 9.205458721717822 0
    endloop
  endfacet
  facet normal 0.04906767432741752 -0.9987954562051724 0
    outer loop
      vertex 0 9.25 3
      vertex -0.9066585480484356 9.205458721717822 0
      vertex 0 9.25 0
    endloop
  endfacet
  facet normal 0.514102744193222 -0.8577286100002718 0
    outer loop
      vertex -5.13902465543132 7.691093913798543 3
      vertex -5.13902465543132 7.691093913798543 0
      vertex -4.360419815640478 8.157771695222284 3
    endloop
  endfacet
  facet normal 0.4275550934302816 -0.9039892931234437 0
    outer loop
      vertex -4.360419815640478 8.157771695222284 3
      vertex -4.360419815640478 8.157771695222284 0
      vertex -3.5398217493770803 8.545885675729401 3
    endloop
  endfacet
  facet normal 0.33688985339222055 -0.9415440651830207 0
    outer loop
      vertex -3.5398217493770803 8.545885675729401 3
      vertex -3.5398217493770803 8.545885675729401 0
      vertex -2.6851332646037767 8.851698105522932 3
    endloop
  endfacet
  facet normal 0.24298017990326468 -0.9700312531945439 0
    outer loop
      vertex -2.6851332646037767 8.851698105522932 3
      vertex -2.6851332646037767 8.851698105522932 0
      vertex -1.8045854786491864 9.072263843729882 3
    endloop
  endfacet
  facet normal 0.14673047445536194 -0.9891765099647809 0
    outer loop
      vertex -1.8045854786491864 9.072263843729882 3
      vertex -1.8045854786491864 9.072263843729882 0
      vertex -0.9066585480484356 9.205458721717822 3
    endloop
  endfacet
  facet normal 0.04906767432741752 -0.9987954562051724 0
    outer loop
      vertex -0.9066585480484356 9.205458721717822 3
      vertex -0.9066585480484356 9.205458721717822 0
      vertex 0 9.25 3
    endloop
  endfacet
  facet normal -0.04906767432741752 0.9987954562051724 0
    outer loop
      vertex 0 -9.25 3
      vertex 0.9066585480484356 -9.205458721717822 0
      vertex 0 -9.25 0
    endloop
  endfacet
  facet normal -0.14673047445536194 0.9891765099647809 0
    outer loop
      vertex 0.9066585480484356 -9.205458721717822 3
      vertex 1.8045854786491864 -9.072263843729882 0
      vertex 0.9066585480484356 -9.205458721717822 0
    endloop
  endfacet
  facet normal -0.24298017990326468 0.9700312531945439 0
    outer loop
      vertex 1.8045854786491864 -9.072263843729882 3
      vertex 2.6851332646037767 -8.851698105522932 0
      vertex 1.8045854786491864 -9.072263843729882 0
    endloop
  endfacet
  facet normal -0.33688985339222055 0.9415440651830207 0
    outer loop
      vertex 2.6851332646037767 -8.851698105522932 3
      vertex 3.5398217493770803 -8.545885675729401 0
      vertex 2.6851332646037767 -8.851698105522932 0
    endloop
  endfacet
  facet normal -0.4275550934302816 0.9039892931234437 0
    outer loop
      vertex 3.5398217493770803 -8.545885675729401 3
      vertex 4.360419815640478 -8.157771695222284 0
      vertex 3.5398217493770803 -8.545885675729401 0
    endloop
  endfacet
  facet normal -0.514102744193222 0.8577286100002718 0
    outer loop
      vertex 4.360419815640478 -8.157771695222284 3
      vertex 5.13902465543132 -7.691093913798543 0
      vertex 4.360419815640478 -8.157771695222284 0
    endloop
  endfacet
  facet normal -0.5956993044924328 0.8032075314806453 0
    outer loop
      vertex 5.13902465543132 -7.691093913798543 3
      vertex 5.86813787851372 -7.150346693605317 0
      vertex 5.13902465543132 -7.691093913798543 0
    endloop
  endfacet
  facet normal -0.04906767432741752 0.9987954562051724 -4.603957177393461e-19
    outer loop
      vertex 0 -9.25 3
      vertex 0.9066585480484356 -9.205458721717822 3
      vertex 0.9066585480484356 -9.205458721717822 0
    endloop
  endfacet
  facet normal -0.14673047445536194 0.9891765099647809 7.253336456936748e-19
    outer loop
      vertex 0.9066585480484356 -9.205458721717822 3
      vertex 1.8045854786491864 -9.072263843729882 3
      vertex 1.8045854786491864 -9.072263843729882 0
    endloop
  endfacet
  facet normal -0.24298017990326468 0.9700312531945439 -2.535748343731518e-18
    outer loop
      vertex 1.8045854786491864 -9.072263843729882 3
      vertex 2.6851332646037767 -8.851698105522932 3
      vertex 2.6851332646037767 -8.851698105522932 0
    endloop
  endfacet
  facet normal -0.33688985339222055 0.9415440651830207 7.230076859960972e-18
    outer loop
      vertex 2.6851332646037767 -8.851698105522932 3
      vertex 3.5398217493770803 -8.545885675729401 3
      vertex 3.5398217493770803 -8.545885675729401 0
    endloop
  endfacet
  facet normal -0.4275550934302816 0.9039892931234437 -3.5644978952746923e-19
    outer loop
      vertex 3.5398217493770803 -8.545885675729401 3
      vertex 4.360419815640478 -8.157771695222284 3
      vertex 4.360419815640478 -8.157771695222284 0
    endloop
  endfacet
  facet normal -0.514102744193222 0.8577286100002718 1.9272496364172936e-19
    outer loop
      vertex 4.360419815640478 -8.157771695222284 3
      vertex 5.13902465543132 -7.691093913798543 3
      vertex 5.13902465543132 -7.691093913798543 0
    endloop
  endfacet
  facet normal -0.6715589548470177 0.7409511253549597 0
    outer loop
      vertex 5.86813787851372 -7.150346693605317 3
      vertex 6.540737725975565 -6.540737725975565 0
      vertex 5.86813787851372 -7.150346693605317 0
    endloop
  endfacet
  facet normal -0.7409511253549597 0.6715589548470177 0
    outer loop
      vertex 6.540737725975565 -6.540737725975565 3
      vertex 7.150346693605317 -5.86813787851372 0
      vertex 6.540737725975565 -6.540737725975565 0
    endloop
  endfacet
  facet normal -0.8032075314806453 0.5956993044924328 0
    outer loop
      vertex 7.150346693605317 -5.86813787851372 3
      vertex 7.691093913798543 -5.13902465543132 0
      vertex 7.150346693605317 -5.86813787851372 0
    endloop
  endfacet
  facet normal -0.5956993044924328 0.8032075314806453 8.147967965215388e-18
    outer loop
      vertex 5.13902465543132 -7.691093913798543 3
      vertex 5.86813787851372 -7.150346693605317 3
      vertex 5.86813787851372 -7.150346693605317 0
    endloop
  endfacet
  facet normal -0.6715589548470177 0.7409511253549597 -4.338893571202003e-18
    outer loop
      vertex 5.86813787851372 -7.150346693605317 3
      vertex 6.540737725975565 -6.540737725975565 3
      vertex 6.540737725975565 -6.540737725975565 0
    endloop
  endfacet
  facet normal -0.7409511253549597 0.6715589548470177 -4.338893571202003e-18
    outer loop
      vertex 6.540737725975565 -6.540737725975565 3
      vertex 7.150346693605317 -5.86813787851372 3
      vertex 7.150346693605317 -5.86813787851372 0
    endloop
  endfacet
  facet normal -0.8577286100002718 0.514102744193222 0
    outer loop
      vertex 7.691093913798543 -5.13902465543132 3
      vertex 8.157771695222284 -4.360419815640478 0
      vertex 7.691093913798543 -5.13902465543132 0
    endloop
  endfacet
  facet normal -0.9039892931234437 0.4275550934302816 0
    outer loop
      vertex 8.157771695222284 -4.360419815640478 3
      vertex 8.545885675729401 -3.5398217493770803 0
      vertex 8.157771695222284 -4.360419815640478 0
    endloop
  endfacet
  facet normal -0.9415440651830207 0.33688985339222055 0
    outer loop
      vertex 8.545885675729401 -3.5398217493770803 3
      vertex 8.851698105522932 -2.6851332646037767 0
      vertex 8.545885675729401 -3.5398217493770803 0
    endloop
  endfacet
  facet normal -0.9700312531945439 0.24298017990326468 0
    outer loop
      vertex 8.851698105522932 -2.6851332646037767 3
      vertex 9.072263843729882 -1.8045854786491864 0
      vertex 8.851698105522932 -2.6851332646037767 0
    endloop
  endfacet
  facet normal -0.9891765099647809 0.14673047445536194 0
    outer loop
      vertex 9.072263843729882 -1.8045854786491864 3
      vertex 9.205458721717822 -0.9066585480484356 0
      vertex 9.072263843729882 -1.8045854786491864 0
    endloop
  endfacet
  facet normal -0.9987954562051724 0.04906767432741752 0
    outer loop
      vertex 9.205458721717822 -0.9066585480484356 3
      vertex 9.25 0 0
      vertex 9.205458721717822 -0.9066585480484356 0
    endloop
  endfacet
  facet normal -0.8032075314806453 0.5956993044924328 8.147967965215388e-18
    outer loop
      vertex 7.150346693605317 -5.86813787851372 3
      vertex 7.691093913798543 -5.13902465543132 3
      vertex 7.691093913798543 -5.13902465543132 0
    endloop
  endfacet
  facet normal -0.8577286100002718 0.514102744193222 1.9272496364172936e-19
    outer loop
      vertex 7.691093913798543 -5.13902465543132 3
      vertex 8.157771695222284 -4.360419815640478 3
      vertex 8.157771695222284 -4.360419815640478 0
    endloop
  endfacet
  facet normal -0.9039892931234437 0.4275550934302816 -3.5644978952746923e-19
    outer loop
      vertex 8.157771695222284 -4.360419815640478 3
      vertex 8.545885675729401 -3.5398217493770803 3
      vertex 8.545885675729401 -3.5398217493770803 0
    endloop
  endfacet
  facet normal -0.9415440651830207 0.33688985339222055 7.230076859960972e-18
    outer loop
      vertex 8.545885675729401 -3.5398217493770803 3
      vertex 8.851698105522932 -2.6851332646037767 3
      vertex 8.851698105522932 -2.6851332646037767 0
    endloop
  endfacet
  facet normal -0.9700312531945439 0.24298017990326468 -2.535748343731518e-18
    outer loop
      vertex 8.851698105522932 -2.6851332646037767 3
      vertex 9.072263843729882 -1.8045854786491864 3
      vertex 9.072263843729882 -1.8045854786491864 0
    endloop
  endfacet
  facet normal -0.9891765099647809 0.14673047445536194 7.253336456936748e-19
    outer loop
      vertex 9.072263843729882 -1.8045854786491864 3
      vertex 9.205458721717822 -0.9066585480484356 3
      vertex 9.205458721717822 -0.9066585480484356 0
    endloop
  endfacet
  facet normal -0.9987954562051724 0.04906767432741752 -4.603957177393461e-19
    outer loop
      vertex 9.205458721717822 -0.9066585480484356 3
      vertex 9.25 0 3
      vertex 9.25 0 0
    endloop
  endfacet
  facet normal -0.5956993044924328 -0.8032075314806453 0
    outer loop
      vertex 5.86813787851372 7.150346693605317 3
      vertex 5.13902465543132 7.691093913798543 0
      vertex 5.86813787851372 7.150346693605317 0
    endloop
  endfacet
  facet normal -0.6715589548470177 -0.7409511253549597 0
    outer loop
      vertex 6.540737725975565 6.540737725975565 3
      vertex 5.86813787851372 7.150346693605317 0
      vertex 6.540737725975565 6.540737725975565 0
    endloop
  endfacet
  facet normal -0.7409511253549597 -0.6715589548470177 0
    outer loop
      vertex 7.150346693605317 5.86813787851372 3
      vertex 6.540737725975565 6.540737725975565 0
      vertex 7.150346693605317 5.86813787851372 0
    endloop
  endfacet
  facet normal -0.6715589548470177 -0.7409511253549597 4.338893571202003e-18
    outer loop
      vertex 6.540737725975565 6.540737725975565 3
      vertex 5.86813787851372 7.150346693605317 3
      vertex 5.86813787851372 7.150346693605317 0
    endloop
  endfacet
  facet normal -0.7409511253549597 -0.6715589548470177 0
    outer loop
      vertex 6.540737725975565 6.540737725975565 3
      vertex 6.540737725975565 6.540737725975565 0
      vertex 7.150346693605317 5.86813787851372 3
    endloop
  endfacet
  facet normal -0.8032075314806453 -0.5956993044924328 -8.147967965215388e-18
    outer loop
      vertex 7.691093913798543 5.13902465543132 3
      vertex 7.150346693605317 5.86813787851372 3
      vertex 7.150346693605317 5.86813787851372 0
    endloop
  endfacet
  facet normal -0.04906767432741752 -0.9987954562051724 0
    outer loop
      vertex 0.9066585480484356 9.205458721717822 3
      vertex 0 9.25 0
      vertex 0.9066585480484356 9.205458721717822 0
    endloop
  endfacet
  facet normal -0.14673047445536194 -0.9891765099647809 0
    outer loop
      vertex 1.8045854786491864 9.072263843729882 3
      vertex 0.9066585480484356 9.205458721717822 0
      vertex 1.8045854786491864 9.072263843729882 0
    endloop
  endfacet
  facet normal -0.24298017990326468 -0.9700312531945439 0
    outer loop
      vertex 2.6851332646037767 8.851698105522932 3
      vertex 1.8045854786491864 9.072263843729882 0
      vertex 2.6851332646037767 8.851698105522932 0
    endloop
  endfacet
  facet normal -0.33688985339222055 -0.9415440651830207 0
    outer loop
      vertex 3.5398217493770803 8.545885675729401 3
      vertex 2.6851332646037767 8.851698105522932 0
      vertex 3.5398217493770803 8.545885675729401 0
    endloop
  endfacet
  facet normal -0.4275550934302816 -0.9039892931234437 0
    outer loop
      vertex 4.360419815640478 8.157771695222284 3
      vertex 3.5398217493770803 8.545885675729401 0
      vertex 4.360419815640478 8.157771695222284 0
    endloop
  endfacet
  facet normal -0.514102744193222 -0.8577286100002718 0
    outer loop
      vertex 5.13902465543132 7.691093913798543 3
      vertex 4.360419815640478 8.157771695222284 0
      vertex 5.13902465543132 7.691093913798543 0
    endloop
  endfacet
  facet normal -0.04906767432741752 -0.9987954562051724 0
    outer loop
      vertex 0 9.25 3
      vertex 0 9.25 0
      vertex 0.9066585480484356 9.205458721717822 3
    endloop
  endfacet
  facet normal -0.14673047445536194 -0.9891765099647809 0
    outer loop
      vertex 0.9066585480484356 9.205458721717822 3
      vertex 0.9066585480484356 9.205458721717822 0
      vertex 1.8045854786491864 9.072263843729882 3
    endloop
  endfacet
  facet normal -0.24298017990326468 -0.9700312531945439 0
    outer loop
      vertex 1.8045854786491864 9.072263843729882 3
      vertex 1.8045854786491864 9.072263843729882 0
      vertex 2.6851332646037767 8.851698105522932 3
    endloop
  endfacet
  facet normal -0.33688985339222055 -0.9415440651830207 0
    outer loop
      vertex 2.6851332646037767 8.851698105522932 3
      vertex 2.6851332646037767 8.851698105522932 0
      vertex 3.5398217493770803 8.545885675729401 3
    endloop
  endfacet
  facet normal -0.4275550934302816 -0.9039892931234437 0
    outer loop
      vertex 3.5398217493770803 8.545885675729401 3
      vertex 3.5398217493770803 8.545885675729401 0
      vertex 4.360419815640478 8.157771695222284 3
    endloop
  endfacet
  facet normal -0.514102744193222 -0.8577286100002718 0
    outer loop
      vertex 4.360419815640478 8.157771695222284 3
      vertex 4.360419815640478 8.157771695222284 0
      vertex 5.13902465543132 7.691093913798543 3
    endloop
  endfacet
  facet normal -0.5956993044924328 -0.8032075314806453 0
    outer loop
      vertex 5.13902465543132 7.691093913798543 3
      vertex 5.13902465543132 7.691093913798543 0
      vertex 5.86813787851372 7.150346693605317 3
    endloop
  endfacet
  facet normal -0.9987954562051724 -0.04906767432741752 0
    outer loop
      vertex 9.25 0 3
      vertex 9.205458721717822 0.9066585480484356 0
      vertex 9.25 0 0
    endloop
  endfacet
  facet normal -0.9891765099647809 -0.14673047445536194 0
    outer loop
      vertex 9.205458721717822 0.9066585480484356 3
      vertex 9.072263843729882 1.8045854786491864 0
      vertex 9.205458721717822 0.9066585480484356 0
    endloop
  endfacet
  facet normal -0.9700312531945439 -0.24298017990326468 0
    outer loop
      vertex 9.072263843729882 1.8045854786491864 3
      vertex 8.851698105522932 2.6851332646037767 0
      vertex 9.072263843729882 1.8045854786491864 0
    endloop
  endfacet
  facet normal -0.9415440651830207 -0.33688985339222055 0
    outer loop
      vertex 8.851698105522932 2.6851332646037767 3
      vertex 8.545885675729401 3.5398217493770803 0
      vertex 8.851698105522932 2.6851332646037767 0
    endloop
  endfacet
  facet normal -0.9039892931234437 -0.4275550934302816 0
    outer loop
      vertex 8.545885675729401 3.5398217493770803 3
      vertex 8.157771695222284 4.360419815640478 0
      vertex 8.545885675729401 3.5398217493770803 0
    endloop
  endfacet
  facet normal -0.8577286100002718 -0.514102744193222 0
    outer loop
      vertex 8.157771695222284 4.360419815640478 3
      vertex 7.691093913798543 5.13902465543132 0
      vertex 8.157771695222284 4.360419815640478 0
    endloop
  endfacet
  facet normal -0.8032075314806453 -0.5956993044924328 0
    outer loop
      vertex 7.691093913798543 5.13902465543132 3
      vertex 7.150346693605317 5.86813787851372 0
      vertex 7.691093913798543 5.13902465543132 0
    endloop
  endfacet
  facet normal -0.9987954562051724 -0.04906767432741752 4.603957177393461e-19
    outer loop
      vertex 9.25 0 3
      vertex 9.205458721717822 0.9066585480484356 3
      vertex 9.205458721717822 0.9066585480484356 0
    endloop
  endfacet
  facet normal -0.9891765099647809 -0.14673047445536194 -7.253336456936748e-19
    outer loop
      vertex 9.205458721717822 0.9066585480484356 3
      vertex 9.072263843729882 1.8045854786491864 3
      vertex 9.072263843729882 1.8045854786491864 0
    endloop
  endfacet
  facet normal -0.9700312531945439 -0.24298017990326468 2.535748343731518e-18
    outer loop
      vertex 9.072263843729882 1.8045854786491864 3
      vertex 8.851698105522932 2.6851332646037767 3
      vertex 8.851698105522932 2.6851332646037767 0
    endloop
  endfacet
  facet normal -0.9415440651830207 -0.33688985339222055 0
    outer loop
      vertex 8.545885675729401 3.5398217493770803 3
      vertex 8.545885675729401 3.5398217493770803 0
      vertex 8.851698105522932 2.6851332646037767 3
    endloop
  endfacet
  facet normal -0.9039892931234437 -0.4275550934302816 3.5644978952746923e-19
    outer loop
      vertex 8.545885675729401 3.5398217493770803 3
      vertex 8.157771695222284 4.360419815640478 3
      vertex 8.157771695222284 4.360419815640478 0
    endloop
  endfacet
  facet normal -0.8577286100002718 -0.514102744193222 -1.9272496364172936e-19
    outer loop
      vertex 8.157771695222284 4.360419815640478 3
      vertex 7.691093913798543 5.13902465543132 3
      vertex 7.691093913798543 5.13902465543132 0
    endloop
  endfacet
  facet normal 0.47905570204253634 0.5285565161095761 0.7008092776345359
    outer loop
      vertex -7.813529932111352 -7.813529932111352 9.4
      vertex -8.230838852155872 -8.230838852155872 10
      vertex -7.010045790008283 -8.541765509658244 9.4
    endloop
  endfacet
  facet normal 0.4790557020425363 0.5285565161095767 0.7008092776345356
    outer loop
      vertex -7.010045790008283 -8.541765509658244 9.4
      vertex -8.230838852155872 -8.230838852155872 10
      vertex -7.384441826563877 -8.9979684001674 10
    endloop
  endfacet
  facet normal 0.5285565161095764 0.4790557020425361 0.7008092776345359
    outer loop
      vertex -7.813529932111352 -7.813529932111352 9.4
      vertex -8.9979684001674 -7.384441826563877 10
      vertex -8.230838852155872 -8.230838852155872 10
    endloop
  endfacet
  facet normal 0.7056277695427545 0.10466999202960715 0.7008092776345354
    outer loop
      vertex -10.837677348455697 -2.1557480582782174 9.4
      vertex -11.584113363501533 -1.140935581819746 10
      vertex -11.4165014483658 -2.2708833302877354 10
    endloop
  endfacet
  facet normal 0.712489432261777 0.035002361301056314 0.7008092776345366
    outer loop
      vertex -10.996791229727776 -1.0830894006416447 9.4
      vertex -11.64016393442623 0 10
      vertex -11.584113363501533 -1.140935581819746 10
    endloop
  endfacet
  facet normal 0.6118595820366255 0.3667345201250168 0.7008092776345356
    outer loop
      vertex -9.187739215943125 -6.139051074866605 9.4
      vertex -10.265708094271304 -5.4871352948081915 10
      vertex -9.678442593695447 -6.4669285894355495 10
    endloop
  endfacet
  facet normal 0.6118595820366255 0.3667345201250168 0.7008092776345355
    outer loop
      vertex -9.187739215943125 -6.139051074866605 9.4
      vertex -9.745229971049325 -5.208933941927274 9.4
      vertex -10.265708094271304 -5.4871352948081915 10
    endloop
  endfacet
  facet normal 0.6448595798336721 0.3049958666574028 0.7008092776345356
    outer loop
      vertex -10.208868834249719 -4.2286519276342425 9.4
      vertex -10.754109214092445 -4.454497887718558 10
      vertex -9.745229971049325 -5.208933941927274 9.4
    endloop
  endfacet
  facet normal 0.6716492273608152 0.24031993626617953 0.7008092776345355
    outer loop
      vertex -10.208868834249719 -4.2286519276342425 9.4
      vertex -11.138942383387786 -3.378961230893951 10
      vertex -10.754109214092445 -4.454497887718558 10
    endloop
  endfacet
  facet normal 0.6448595798336721 0.30499586665740286 0.7008092776345355
    outer loop
      vertex -9.745229971049325 -5.208933941927274 9.4
      vertex -10.754109214092445 -4.454497887718558 10
      vertex -10.265708094271304 -5.4871352948081915 10
    endloop
  endfacet
  facet normal 0.5285565161095764 0.4790557020425366 0.7008092776345356
    outer loop
      vertex -7.813529932111352 -7.813529932111352 9.4
      vertex -8.541765509658244 -7.010045790008283 9.4
      vertex -8.9979684001674 -7.384441826563877 10
    endloop
  endfacet
  facet normal 0.5729670419880966 0.42494131968634374 0.7008092776345355
    outer loop
      vertex -9.187739215943125 -6.139051074866605 9.4
      vertex -9.678442593695447 -6.4669285894355495 10
      vertex -8.541765509658244 -7.010045790008283 9.4
    endloop
  endfacet
  facet normal 0.5729670419880964 0.42494131968634385 0.7008092776345355
    outer loop
      vertex -8.541765509658244 -7.010045790008283 9.4
      vertex -9.678442593695447 -6.4669285894355495 10
      vertex -8.9979684001674 -7.384441826563877 10
    endloop
  endfacet
  facet normal 0.6716492273608147 0.24031993626617848 0.7008092776345364
    outer loop
      vertex -10.208868834249719 -4.2286519276342425 9.4
      vertex -10.574190709840908 -3.207645683661809 9.4
      vertex -11.138942383387786 -3.378961230893951 10
    endloop
  endfacet
  facet normal 0.6919705256676583 0.17332959351647234 0.7008092776345353
    outer loop
      vertex -10.574190709840908 -3.207645683661809 9.4
      vertex -10.837677348455697 -2.1557480582782174 9.4
      vertex -11.4165014483658 -2.2708833302877354 10
    endloop
  endfacet
  facet normal 0.6919705256676575 0.17332959351647112 0.7008092776345364
    outer loop
      vertex -10.574190709840908 -3.207645683661809 9.4
      vertex -11.4165014483658 -2.2708833302877354 10
      vertex -11.138942383387786 -3.378961230893951 10
    endloop
  endfacet
  facet normal 0.7056277695427535 0.10466999202960564 0.7008092776345366
    outer loop
      vertex -10.837677348455697 -2.1557480582782174 9.4
      vertex -10.996791229727776 -1.0830894006416447 9.4
      vertex -11.584113363501533 -1.140935581819746 10
    endloop
  endfacet
  facet normal 0.7124894322617779 0.03500236130105735 0.7008092776345356
    outer loop
      vertex -10.996791229727776 -1.0830894006416447 9.4
      vertex -11.05 0 9.4
      vertex -11.64016393442623 0 10
    endloop
  endfacet
  facet normal 0.3667345201250168 0.6118595820366255 0.7008092776345356
    outer loop
      vertex -6.139051074866605 -9.187739215943125 9.4
      vertex -6.4669285894355495 -9.678442593695447 10
      vertex -5.208933941927274 -9.745229971049325 9.4
    endloop
  endfacet
  facet normal 0.36673452012501667 0.6118595820366258 0.7008092776345353
    outer loop
      vertex -5.208933941927274 -9.745229971049325 9.4
      vertex -6.4669285894355495 -9.678442593695447 10
      vertex -5.487135294808191 -10.265708094271304 10
    endloop
  endfacet
  facet normal 0.4249413196863438 0.5729670419880966 0.7008092776345355
    outer loop
      vertex -6.139051074866605 -9.187739215943125 9.4
      vertex -7.010045790008283 -8.541765509658244 9.4
      vertex -7.384441826563877 -8.9979684001674 10
    endloop
  endfacet
  facet normal 0.4249413196863438 0.5729670419880963 0.7008092776345355
    outer loop
      vertex -6.139051074866605 -9.187739215943125 9.4
      vertex -7.384441826563877 -8.9979684001674 10
      vertex -6.4669285894355495 -9.678442593695447 10
    endloop
  endfacet
  facet normal 0.3049958666574029 0.6448595798336725 0.7008092776345353
    outer loop
      vertex -5.208933941927274 -9.745229971049325 9.4
      vertex -5.487135294808191 -10.265708094271304 10
      vertex -4.2286519276342425 -10.208868834249719 9.4
    endloop
  endfacet
  facet normal 0.24031993626617879 0.6716492273608154 0.7008092776345355
    outer loop
      vertex -4.2286519276342425 -10.208868834249719 9.4
      vertex -4.454497887718558 -10.754109214092445 10
      vertex -3.207645683661809 -10.574190709840908 9.4
    endloop
  endfacet
  facet normal 0.304995866657403 0.644859579833672 0.7008092776345355
    outer loop
      vertex -4.2286519276342425 -10.208868834249719 9.4
      vertex -5.487135294808191 -10.265708094271304 10
      vertex -4.454497887718558 -10.754109214092445 10
    endloop
  endfacet
  facet normal 0.104669992029607 0.7056277695427533 0.7008092776345366
    outer loop
      vertex -1.0830894006416447 -10.996791229727776 9.4
      vertex -2.2708833302877354 -11.4165014483658 10
      vertex -1.140935581819746 -11.584113363501533 10
    endloop
  endfacet
  facet normal 0.035002361301056384 0.7124894322617777 0.7008092776345357
    outer loop
      vertex 0 -11.05 9.4
      vertex -1.140935581819746 -11.584113363501533 10
      vertex 0 -11.64016393442623 10
    endloop
  endfacet
  facet normal 0.17332959351647212 0.6919705256676573 0.7008092776345365
    outer loop
      vertex -3.207645683661809 -10.574190709840908 9.4
      vertex -3.378961230893951 -11.138942383387786 10
      vertex -2.1557480582782174 -10.837677348455697 9.4
    endloop
  endfacet
  facet normal 0.24031993626617928 0.6716492273608144 0.7008092776345363
    outer loop
      vertex -3.207645683661809 -10.574190709840908 9.4
      vertex -4.454497887718558 -10.754109214092445 10
      vertex -3.378961230893951 -11.138942383387786 10
    endloop
  endfacet
  facet normal 0.17332959351647131 0.6919705256676585 0.7008092776345354
    outer loop
      vertex -2.1557480582782174 -10.837677348455697 9.4
      vertex -3.378961230893951 -11.138942383387786 10
      vertex -2.2708833302877354 -11.4165014483658 10
    endloop
  endfacet
  facet normal 0.10466999202960584 0.7056277695427547 0.7008092776345353
    outer loop
      vertex -2.1557480582782174 -10.837677348455697 9.4
      vertex -2.2708833302877354 -11.4165014483658 10
      vertex -1.0830894006416447 -10.996791229727776 9.4
    endloop
  endfacet
  facet normal 0.03500236130105731 0.712489432261777 0.7008092776345366
    outer loop
      vertex -1.0830894006416447 -10.996791229727776 9.4
      vertex -1.140935581819746 -11.584113363501533 10
      vertex 0 -11.05 9.4
    endloop
  endfacet
  facet normal 0.7124894322617777 -0.03500236130105639 0.7008092776345357
    outer loop
      vertex -11.05 0 9.4
      vertex -11.584113363501533 1.140935581819746 10
      vertex -11.64016393442623 0 10
    endloop
  endfacet
  facet normal 0.7056277695427533 -0.10466999202960699 0.7008092776345366
    outer loop
      vertex -10.996791229727776 1.0830894006416447 9.4
      vertex -11.4165014483658 2.2708833302877354 10
      vertex -11.584113363501533 1.140935581819746 10
    endloop
  endfacet
  facet normal 0.712489432261777 -0.03500236130105731 0.7008092776345366
    outer loop
      vertex -11.05 0 9.4
      vertex -10.996791229727776 1.0830894006416447 9.4
      vertex -11.584113363501533 1.140935581819746 10
    endloop
  endfacet
  facet normal 0.7056277695427547 -0.10466999202960584 0.7008092776345353
    outer loop
      vertex -10.996791229727776 1.0830894006416447 9.4
      vertex -10.837677348455697 2.1557480582782174 9.4
      vertex -11.4165014483658 2.2708833302877354 10
    endloop
  endfacet
  facet normal 0.6919705256676573 -0.17332959351647212 0.7008092776345365
    outer loop
      vertex -10.837677348455697 2.1557480582782174 9.4
      vertex -10.574190709840908 3.207645683661809 9.4
      vertex -11.138942383387786 3.378961230893951 10
    endloop
  endfacet
  facet normal 0.6919705256676584 -0.17332959351647131 0.7008092776345354
    outer loop
      vertex -10.837677348455697 2.1557480582782174 9.4
      vertex -11.138942383387786 3.378961230893951 10
      vertex -11.4165014483658 2.2708833302877354 10
    endloop
  endfacet
  facet normal 0.6716492273608144 -0.24031993626617928 0.7008092776345363
    outer loop
      vertex -10.574190709840908 3.207645683661809 9.4
      vertex -10.754109214092445 4.454497887718558 10
      vertex -11.138942383387786 3.378961230893951 10
    endloop
  endfacet
  facet normal 0.6716492273608154 -0.24031993626617876 0.7008092776345356
    outer loop
      vertex -10.574190709840908 3.207645683661809 9.4
      vertex -10.208868834249719 4.2286519276342425 9.4
      vertex -10.754109214092445 4.454497887718558 10
    endloop
  endfacet
  facet normal 0.6448595798336725 -0.3049958666574029 0.7008092776345354
    outer loop
      vertex -10.208868834249719 4.2286519276342425 9.4
      vertex -9.745229971049325 5.208933941927274 9.4
      vertex -10.265708094271304 5.487135294808191 10
    endloop
  endfacet
  facet normal 0.644859579833672 -0.304995866657403 0.7008092776345356
    outer loop
      vertex -10.208868834249719 4.2286519276342425 9.4
      vertex -10.265708094271304 5.487135294808191 10
      vertex -10.754109214092445 4.454497887718558 10
    endloop
  endfacet
  facet normal 0.6118595820366255 -0.3667345201250168 0.7008092776345356
    outer loop
      vertex -9.745229971049325 5.208933941927274 9.4
      vertex -9.187739215943125 6.139051074866605 9.4
      vertex -9.678442593695447 6.4669285894355495 10
    endloop
  endfacet
  facet normal 0.6118595820366259 -0.3667345201250167 0.7008092776345353
    outer loop
      vertex -9.745229971049325 5.208933941927274 9.4
      vertex -9.678442593695447 6.4669285894355495 10
      vertex -10.265708094271304 5.487135294808191 10
    endloop
  endfacet
  facet normal 0.5729670419880966 -0.4249413196863438 0.7008092776345355
    outer loop
      vertex -9.187739215943125 6.139051074866605 9.4
      vertex -8.541765509658244 7.010045790008283 9.4
      vertex -8.9979684001674 7.384441826563877 10
    endloop
  endfacet
  facet normal 0.5729670419880963 -0.42494131968634374 0.7008092776345356
    outer loop
      vertex -9.187739215943125 6.139051074866605 9.4
      vertex -8.9979684001674 7.384441826563877 10
      vertex -9.678442593695447 6.4669285894355495 10
    endloop
  endfacet
  facet normal 0.5285565161095761 -0.47905570204253634 0.7008092776345359
    outer loop
      vertex -8.541765509658244 7.010045790008283 9.4
      vertex -7.813529932111352 7.813529932111352 9.4
      vertex -8.230838852155872 8.230838852155872 10
    endloop
  endfacet
  facet normal 0.5285565161095767 -0.4790557020425363 0.7008092776345356
    outer loop
      vertex -8.541765509658244 7.010045790008283 9.4
      vertex -8.230838852155872 8.230838852155872 10
      vertex -8.9979684001674 7.384441826563877 10
    endloop
  endfacet
  facet normal 0.4790557020425361 -0.5285565161095764 0.7008092776345359
    outer loop
      vertex -7.813529932111352 7.813529932111352 9.4
      vertex -7.384441826563877 8.9979684001674 10
      vertex -8.230838852155872 8.230838852155872 10
    endloop
  endfacet
  facet normal 0.4790557020425366 -0.5285565161095764 0.7008092776345356
    outer loop
      vertex -7.813529932111352 7.813529932111352 9.4
      vertex -7.010045790008283 8.541765509658244 9.4
      vertex -7.384441826563877 8.9979684001674 10
    endloop
  endfacet
  facet normal 0.42494131968634374 -0.5729670419880966 0.7008092776345355
    outer loop
      vertex -7.010045790008283 8.541765509658244 9.4
      vertex -6.139051074866605 9.187739215943125 9.4
      vertex -6.4669285894355495 9.678442593695447 10
    endloop
  endfacet
  facet normal 0.4249413196863438 -0.5729670419880964 0.7008092776345355
    outer loop
      vertex -7.010045790008283 8.541765509658244 9.4
      vertex -6.4669285894355495 9.678442593695447 10
      vertex -7.384441826563877 8.9979684001674 10
    endloop
  endfacet
  facet normal 0.36673452012501656 -0.6118595820366256 0.7008092776345355
    outer loop
      vertex -6.139051074866605 9.187739215943125 9.4
      vertex -5.487135294808191 10.265708094271304 10
      vertex -6.4669285894355495 9.678442593695447 10
    endloop
  endfacet
  facet normal 0.3667345201250169 -0.6118595820366257 0.7008092776345353
    outer loop
      vertex -6.139051074866605 9.187739215943125 9.4
      vertex -5.208933941927274 9.745229971049325 9.4
      vertex -5.487135294808191 10.265708094271304 10
    endloop
  endfacet
  facet normal 0.3049958666574028 -0.6448595798336721 0.7008092776345356
    outer loop
      vertex -5.208933941927274 9.745229971049325 9.4
      vertex -4.2286519276342425 10.208868834249719 9.4
      vertex -4.454497887718558 10.754109214092445 10
    endloop
  endfacet
  facet normal 0.30499586665740314 -0.6448595798336723 0.7008092776345354
    outer loop
      vertex -5.208933941927274 9.745229971049325 9.4
      vertex -4.454497887718558 10.754109214092445 10
      vertex -5.487135294808191 10.265708094271304 10
    endloop
  endfacet
  facet normal 0.2403199362661796 -0.6716492273608151 0.7008092776345356
    outer loop
      vertex -4.2286519276342425 10.208868834249719 9.4
      vertex -3.378961230893951 11.138942383387786 10
      vertex -4.454497887718558 10.754109214092445 10
    endloop
  endfacet
  facet normal 0.24031993626617848 -0.6716492273608147 0.7008092776345364
    outer loop
      vertex -4.2286519276342425 10.208868834249719 9.4
      vertex -3.207645683661809 10.574190709840908 9.4
      vertex -3.378961230893951 11.138942383387786 10
    endloop
  endfacet
  facet normal 0.17332959351647234 -0.6919705256676583 0.7008092776345353
    outer loop
      vertex -3.207645683661809 10.574190709840908 9.4
      vertex -2.1557480582782174 10.837677348455697 9.4
      vertex -2.2708833302877354 11.4165014483658 10
    endloop
  endfacet
  facet normal 0.1733295935164711 -0.6919705256676575 0.7008092776345364
    outer loop
      vertex -3.207645683661809 10.574190709840908 9.4
      vertex -2.2708833302877354 11.4165014483658 10
      vertex -3.378961230893951 11.138942383387786 10
    endloop
  endfacet
  facet normal 0.10466999202960564 -0.7056277695427535 0.7008092776345366
    outer loop
      vertex -2.1557480582782174 10.837677348455697 9.4
      vertex -1.0830894006416447 10.996791229727776 9.4
      vertex -1.140935581819746 11.584113363501533 10
    endloop
  endfacet
  facet normal 0.03500236130105735 -0.7124894322617779 0.7008092776345356
    outer loop
      vertex -1.0830894006416447 10.996791229727776 9.4
      vertex 0 11.05 9.4
      vertex 0 11.64016393442623 10
    endloop
  endfacet
  facet normal 0.10466999202960717 -0.7056277695427545 0.7008092776345354
    outer loop
      vertex -2.1557480582782174 10.837677348455697 9.4
      vertex -1.140935581819746 11.584113363501533 10
      vertex -2.2708833302877354 11.4165014483658 10
    endloop
  endfacet
  facet normal 0.03500236130105632 -0.712489432261777 0.7008092776345366
    outer loop
      vertex -1.0830894006416447 10.996791229727776 9.4
      vertex 0 11.64016393442623 10
      vertex -1.140935581819746 11.584113363501533 10
    endloop
  endfacet
  facet normal -0.03500236130105632 0.712489432261777 0.7008092776345366
    outer loop
      vertex 1.0830894006416447 -10.996791229727776 9.4
      vertex 0 -11.64016393442623 10
      vertex 1.140935581819746 -11.584113363501533 10
    endloop
  endfacet
  facet normal -0.10466999202960717 0.7056277695427545 0.7008092776345354
    outer loop
      vertex 2.1557480582782174 -10.837677348455697 9.4
      vertex 1.140935581819746 -11.584113363501533 10
      vertex 2.2708833302877354 -11.4165014483658 10
    endloop
  endfacet
  facet normal -0.03500236130105735 0.7124894322617779 0.7008092776345356
    outer loop
      vertex 0 -11.05 9.4
      vertex 0 -11.64016393442623 10
      vertex 1.0830894006416447 -10.996791229727776 9.4
    endloop
  endfacet
  facet normal -0.10466999202960564 0.7056277695427535 0.7008092776345366
    outer loop
      vertex 1.0830894006416447 -10.996791229727776 9.4
      vertex 1.140935581819746 -11.584113363501533 10
      vertex 2.1557480582782174 -10.837677348455697 9.4
    endloop
  endfacet
  facet normal -0.17332959351647234 0.6919705256676583 0.7008092776345353
    outer loop
      vertex 2.1557480582782174 -10.837677348455697 9.4
      vertex 2.2708833302877354 -11.4165014483658 10
      vertex 3.207645683661809 -10.574190709840908 9.4
    endloop
  endfacet
  facet normal -0.24031993626617848 0.6716492273608147 0.7008092776345364
    outer loop
      vertex 3.207645683661809 -10.574190709840908 9.4
      vertex 3.378961230893951 -11.138942383387786 10
      vertex 4.2286519276342425 -10.208868834249719 9.4
    endloop
  endfacet
  facet normal -0.1733295935164711 0.6919705256676575 0.7008092776345364
    outer loop
      vertex 3.207645683661809 -10.574190709840908 9.4
      vertex 2.2708833302877354 -11.4165014483658 10
      vertex 3.378961230893951 -11.138942383387786 10
    endloop
  endfacet
  facet normal -0.3049958666574028 0.6448595798336721 0.7008092776345356
    outer loop
      vertex 4.2286519276342425 -10.208868834249719 9.4
      vertex 4.454497887718558 -10.754109214092445 10
      vertex 5.208933941927274 -9.745229971049325 9.4
    endloop
  endfacet
  facet normal -0.36673452012501695 0.6118595820366257 0.7008092776345353
    outer loop
      vertex 5.208933941927274 -9.745229971049325 9.4
      vertex 5.487135294808191 -10.265708094271304 10
      vertex 6.139051074866605 -9.187739215943125 9.4
    endloop
  endfacet
  facet normal -0.2403199362661796 0.6716492273608151 0.7008092776345356
    outer loop
      vertex 4.2286519276342425 -10.208868834249719 9.4
      vertex 3.378961230893951 -11.138942383387786 10
      vertex 4.454497887718558 -10.754109214092445 10
    endloop
  endfacet
  facet normal -0.30499586665740314 0.6448595798336723 0.7008092776345354
    outer loop
      vertex 5.208933941927274 -9.745229971049325 9.4
      vertex 4.454497887718558 -10.754109214092445 10
      vertex 5.487135294808191 -10.265708094271304 10
    endloop
  endfacet
  facet normal -0.36673452012501656 0.6118595820366256 0.7008092776345355
    outer loop
      vertex 6.139051074866605 -9.187739215943125 9.4
      vertex 5.487135294808191 -10.265708094271304 10
      vertex 6.4669285894355495 -9.678442593695447 10
    endloop
  endfacet
  facet normal -0.42494131968634374 0.5729670419880966 0.7008092776345355
    outer loop
      vertex 6.139051074866605 -9.187739215943125 9.4
      vertex 6.4669285894355495 -9.678442593695447 10
      vertex 7.010045790008283 -8.541765509658244 9.4
    endloop
  endfacet
  facet normal -0.4790557020425366 0.5285565161095764 0.7008092776345356
    outer loop
      vertex 7.010045790008283 -8.541765509658244 9.4
      vertex 7.384441826563877 -8.9979684001674 10
      vertex 7.813529932111352 -7.813529932111352 9.4
    endloop
  endfacet
  facet normal -0.4249413196863438 0.5729670419880964 0.7008092776345355
    outer loop
      vertex 7.010045790008283 -8.541765509658244 9.4
      vertex 6.4669285894355495 -9.678442593695447 10
      vertex 7.384441826563877 -8.9979684001674 10
    endloop
  endfacet
  facet normal -0.5285565161095762 0.4790557020425364 0.7008092776345358
    outer loop
      vertex 7.813529932111352 -7.813529932111352 9.4
      vertex 8.230838852155872 -8.230838852155872 10
      vertex 8.541765509658244 -7.010045790008283 9.4
    endloop
  endfacet
  facet normal -0.4790557020425361 0.5285565161095764 0.7008092776345359
    outer loop
      vertex 7.813529932111352 -7.813529932111352 9.4
      vertex 7.384441826563877 -8.9979684001674 10
      vertex 8.230838852155872 -8.230838852155872 10
    endloop
  endfacet
  facet normal -0.5285565161095767 0.4790557020425363 0.7008092776345356
    outer loop
      vertex 8.541765509658244 -7.010045790008283 9.4
      vertex 8.230838852155872 -8.230838852155872 10
      vertex 8.9979684001674 -7.384441826563877 10
    endloop
  endfacet
  facet normal -0.5729670419880966 0.4249413196863438 0.7008092776345355
    outer loop
      vertex 8.541765509658244 -7.010045790008283 9.4
      vertex 8.9979684001674 -7.384441826563877 10
      vertex 9.187739215943125 -6.139051074866605 9.4
    endloop
  endfacet
  facet normal -0.5729670419880963 0.42494131968634374 0.7008092776345356
    outer loop
      vertex 9.187739215943125 -6.139051074866605 9.4
      vertex 8.9979684001674 -7.384441826563877 10
      vertex 9.678442593695447 -6.4669285894355495 10
    endloop
  endfacet
  facet normal -0.6118595820366255 0.3667345201250168 0.7008092776345356
    outer loop
      vertex 9.187739215943125 -6.139051074866605 9.4
      vertex 9.678442593695447 -6.4669285894355495 10
      vertex 9.745229971049325 -5.208933941927274 9.4
    endloop
  endfacet
  facet normal -0.6118595820366259 0.3667345201250167 0.7008092776345353
    outer loop
      vertex 9.745229971049325 -5.208933941927274 9.4
      vertex 9.678442593695447 -6.4669285894355495 10
      vertex 10.265708094271304 -5.487135294808191 10
    endloop
  endfacet
  facet normal -0.6448595798336725 0.3049958666574029 0.7008092776345354
    outer loop
      vertex 9.745229971049325 -5.208933941927274 9.4
      vertex 10.265708094271304 -5.487135294808191 10
      vertex 10.208868834249719 -4.2286519276342425 9.4
    endloop
  endfacet
  facet normal -0.6716492273608154 0.24031993626617879 0.7008092776345355
    outer loop
      vertex 10.208868834249719 -4.2286519276342425 9.4
      vertex 10.754109214092445 -4.454497887718558 10
      vertex 10.574190709840908 -3.207645683661809 9.4
    endloop
  endfacet
  facet normal -0.644859579833672 0.304995866657403 0.7008092776345356
    outer loop
      vertex 10.208868834249719 -4.2286519276342425 9.4
      vertex 10.265708094271304 -5.487135294808191 10
      vertex 10.754109214092445 -4.454497887718558 10
    endloop
  endfacet
  facet normal -0.6919705256676573 0.17332959351647212 0.7008092776345365
    outer loop
      vertex 10.574190709840908 -3.207645683661809 9.4
      vertex 11.138942383387786 -3.378961230893951 10
      vertex 10.837677348455697 -2.1557480582782174 9.4
    endloop
  endfacet
  facet normal -0.6716492273608144 0.24031993626617928 0.7008092776345363
    outer loop
      vertex 10.574190709840908 -3.207645683661809 9.4
      vertex 10.754109214092445 -4.454497887718558 10
      vertex 11.138942383387786 -3.378961230893951 10
    endloop
  endfacet
  facet normal -0.6919705256676584 0.17332959351647131 0.7008092776345354
    outer loop
      vertex 10.837677348455697 -2.1557480582782174 9.4
      vertex 11.138942383387786 -3.378961230893951 10
      vertex 11.4165014483658 -2.2708833302877354 10
    endloop
  endfacet
  facet normal -0.7056277695427547 0.10466999202960584 0.7008092776345353
    outer loop
      vertex 10.837677348455697 -2.1557480582782174 9.4
      vertex 11.4165014483658 -2.2708833302877354 10
      vertex 10.996791229727776 -1.0830894006416447 9.4
    endloop
  endfacet
  facet normal -0.712489432261777 0.03500236130105731 0.7008092776345366
    outer loop
      vertex 10.996791229727776 -1.0830894006416447 9.4
      vertex 11.584113363501533 -1.140935581819746 10
      vertex 11.05 0 9.4
    endloop
  endfacet
  facet normal -0.7056277695427533 0.10466999202960699 0.7008092776345366
    outer loop
      vertex 10.996791229727776 -1.0830894006416447 9.4
      vertex 11.4165014483658 -2.2708833302877354 10
      vertex 11.584113363501533 -1.140935581819746 10
    endloop
  endfacet
  facet normal -0.7124894322617777 0.03500236130105639 0.7008092776345357
    outer loop
      vertex 11.05 0 9.4
      vertex 11.584113363501533 -1.140935581819746 10
      vertex 11.64016393442623 0 10
    endloop
  endfacet
  facet normal -0.03500236130105731 -0.712489432261777 0.7008092776345366
    outer loop
      vertex 0 11.05 9.4
      vertex 1.0830894006416447 10.996791229727776 9.4
      vertex 1.140935581819746 11.584113363501533 10
    endloop
  endfacet
  facet normal -0.10466999202960584 -0.7056277695427547 0.7008092776345353
    outer loop
      vertex 1.0830894006416447 10.996791229727776 9.4
      vertex 2.1557480582782174 10.837677348455697 9.4
      vertex 2.2708833302877354 11.4165014483658 10
    endloop
  endfacet
  facet normal -0.17332959351647212 -0.6919705256676573 0.7008092776345363
    outer loop
      vertex 2.1557480582782174 10.837677348455697 9.4
      vertex 3.207645683661809 10.574190709840908 9.4
      vertex 3.378961230893951 11.138942383387786 10
    endloop
  endfacet
  facet normal -0.17332959351647131 -0.6919705256676585 0.7008092776345354
    outer loop
      vertex 2.1557480582782174 10.837677348455697 9.4
      vertex 3.378961230893951 11.138942383387786 10
      vertex 2.2708833302877354 11.4165014483658 10
    endloop
  endfacet
  facet normal -0.24031993626617928 -0.6716492273608144 0.7008092776345363
    outer loop
      vertex 3.207645683661809 10.574190709840908 9.4
      vertex 4.454497887718558 10.754109214092445 10
      vertex 3.378961230893951 11.138942383387786 10
    endloop
  endfacet
  facet normal -0.035002361301056384 -0.7124894322617777 0.7008092776345357
    outer loop
      vertex 0 11.05 9.4
      vertex 1.140935581819746 11.584113363501533 10
      vertex 0 11.64016393442623 10
    endloop
  endfacet
  facet normal -0.104669992029607 -0.7056277695427533 0.7008092776345366
    outer loop
      vertex 1.0830894006416447 10.996791229727776 9.4
      vertex 2.2708833302877354 11.4165014483658 10
      vertex 1.140935581819746 11.584113363501533 10
    endloop
  endfacet
  facet normal -0.24031993626617876 -0.6716492273608154 0.7008092776345356
    outer loop
      vertex 3.207645683661809 10.574190709840908 9.4
      vertex 4.2286519276342425 10.208868834249719 9.4
      vertex 4.454497887718558 10.754109214092445 10
    endloop
  endfacet
  facet normal -0.3049958666574029 -0.6448595798336725 0.7008092776345354
    outer loop
      vertex 4.2286519276342425 10.208868834249719 9.4
      vertex 5.208933941927274 9.745229971049325 9.4
      vertex 5.487135294808191 10.265708094271304 10
    endloop
  endfacet
  facet normal -0.304995866657403 -0.644859579833672 0.7008092776345355
    outer loop
      vertex 4.2286519276342425 10.208868834249719 9.4
      vertex 5.487135294808191 10.265708094271304 10
      vertex 4.454497887718558 10.754109214092445 10
    endloop
  endfacet
  facet normal -0.4249413196863438 -0.5729670419880966 0.7008092776345355
    outer loop
      vertex 7.010045790008283 8.541765509658244 9.4
      vertex 7.384441826563877 8.9979684001674 10
      vertex 6.139051074866605 9.187739215943125 9.4
    endloop
  endfacet
  facet normal -0.4249413196863438 -0.5729670419880963 0.7008092776345355
    outer loop
      vertex 6.139051074866605 9.187739215943125 9.4
      vertex 7.384441826563877 8.9979684001674 10
      vertex 6.4669285894355495 9.678442593695447 10
    endloop
  endfacet
  facet normal -0.3667345201250168 -0.6118595820366255 0.7008092776345356
    outer loop
      vertex 5.208933941927274 9.745229971049325 9.4
      vertex 6.139051074866605 9.187739215943125 9.4
      vertex 6.4669285894355495 9.678442593695447 10
    endloop
  endfacet
  facet normal -0.36673452012501667 -0.6118595820366258 0.7008092776345353
    outer loop
      vertex 5.208933941927274 9.745229971049325 9.4
      vertex 6.4669285894355495 9.678442593695447 10
      vertex 5.487135294808191 10.265708094271304 10
    endloop
  endfacet
  facet normal -0.7124894322617779 -0.03500236130105735 0.7008092776345356
    outer loop
      vertex 11.05 0 9.4
      vertex 11.64016393442623 0 10
      vertex 10.996791229727776 1.0830894006416447 9.4
    endloop
  endfacet
  facet normal -0.7056277695427535 -0.10466999202960564 0.7008092776345366
    outer loop
      vertex 10.996791229727776 1.0830894006416447 9.4
      vertex 11.584113363501533 1.140935581819746 10
      vertex 10.837677348455697 2.1557480582782174 9.4
    endloop
  endfacet
  facet normal -0.6919705256676583 -0.17332959351647234 0.7008092776345353
    outer loop
      vertex 10.837677348455697 2.1557480582782174 9.4
      vertex 11.4165014483658 2.2708833302877354 10
      vertex 10.574190709840908 3.207645683661809 9.4
    endloop
  endfacet
  facet normal -0.6716492273608147 -0.24031993626617848 0.7008092776345364
    outer loop
      vertex 10.574190709840908 3.207645683661809 9.4
      vertex 11.138942383387786 3.378961230893951 10
      vertex 10.208868834249719 4.2286519276342425 9.4
    endloop
  endfacet
  facet normal -0.6919705256676575 -0.17332959351647112 0.7008092776345364
    outer loop
      vertex 10.574190709840908 3.207645683661809 9.4
      vertex 11.4165014483658 2.2708833302877354 10
      vertex 11.138942383387786 3.378961230893951 10
    endloop
  endfacet
  facet normal -0.5729670419880966 -0.42494131968634374 0.7008092776345355
    outer loop
      vertex 8.541765509658244 7.010045790008283 9.4
      vertex 9.187739215943125 6.139051074866605 9.4
      vertex 9.678442593695447 6.4669285894355495 10
    endloop
  endfacet
  facet normal -0.5285565161095764 -0.4790557020425366 0.7008092776345356
    outer loop
      vertex 8.541765509658244 7.010045790008283 9.4
      vertex 8.9979684001674 7.384441826563877 10
      vertex 7.813529932111352 7.813529932111352 9.4
    endloop
  endfacet
  facet normal -0.5729670419880964 -0.42494131968634385 0.7008092776345355
    outer loop
      vertex 8.541765509658244 7.010045790008283 9.4
      vertex 9.678442593695447 6.4669285894355495 10
      vertex 8.9979684001674 7.384441826563877 10
    endloop
  endfacet
  facet normal -0.6448595798336721 -0.3049958666574028 0.7008092776345356
    outer loop
      vertex 9.745229971049325 5.208933941927274 9.4
      vertex 10.208868834249719 4.2286519276342425 9.4
      vertex 10.754109214092445 4.454497887718558 10
    endloop
  endfacet
  facet normal -0.6118595820366255 -0.3667345201250168 0.7008092776345356
    outer loop
      vertex 9.745229971049325 5.208933941927274 9.4
      vertex 10.265708094271304 5.4871352948081915 10
      vertex 9.187739215943125 6.139051074866605 9.4
    endloop
  endfacet
  facet normal -0.6448595798336721 -0.30499586665740286 0.7008092776345355
    outer loop
      vertex 9.745229971049325 5.208933941927274 9.4
      vertex 10.754109214092445 4.454497887718558 10
      vertex 10.265708094271304 5.4871352948081915 10
    endloop
  endfacet
  facet normal -0.6716492273608152 -0.24031993626617953 0.7008092776345355
    outer loop
      vertex 10.208868834249719 4.2286519276342425 9.4
      vertex 11.138942383387786 3.378961230893951 10
      vertex 10.754109214092445 4.454497887718558 10
    endloop
  endfacet
  facet normal -0.6118595820366255 -0.3667345201250168 0.7008092776345356
    outer loop
      vertex 9.187739215943125 6.139051074866605 9.4
      vertex 10.265708094271304 5.4871352948081915 10
      vertex 9.678442593695447 6.4669285894355495 10
    endloop
  endfacet
  facet normal -0.712489432261777 -0.035002361301056314 0.7008092776345366
    outer loop
      vertex 10.996791229727776 1.0830894006416447 9.4
      vertex 11.64016393442623 0 10
      vertex 11.584113363501533 1.140935581819746 10
    endloop
  endfacet
  facet normal -0.7056277695427545 -0.10466999202960715 0.7008092776345354
    outer loop
      vertex 10.837677348455697 2.1557480582782174 9.4
      vertex 11.584113363501533 1.140935581819746 10
      vertex 11.4165014483658 2.2708833302877354 10
    endloop
  endfacet
  facet normal -0.47905570204253634 -0.5285565161095761 0.7008092776345359
    outer loop
      vertex 7.010045790008283 8.541765509658244 9.4
      vertex 7.813529932111352 7.813529932111352 9.4
      vertex 8.230838852155872 8.230838852155872 10
    endloop
  endfacet
  facet normal -0.5285565161095764 -0.4790557020425361 0.7008092776345359
    outer loop
      vertex 7.813529932111352 7.813529932111352 9.4
      vertex 8.9979684001674 7.384441826563877 10
      vertex 8.230838852155872 8.230838852155872 10
    endloop
  endfacet
  facet normal -0.4790557020425363 -0.5285565161095767 0.7008092776345356
    outer loop
      vertex 7.010045790008283 8.541765509658244 9.4
      vertex 8.230838852155872 8.230838852155872 10
      vertex 7.384441826563877 8.9979684001674 10
    endloop
  endfacet
endsolid OpenSCAD_Model
