solid OpenSCAD_Model
  facet normal -0.7322935269887156 -0.44228869021900263 -0.5178097187527348
    outer loop
      vertex 1.0536642412710686 -1.824999999999997 -6.965106260193103
      vertex 0.8064396968199409 -1.3967945281325758 -6.981230916375047
      vertex 7.155980514525502 -1.8249999999999984 -15.595084695719564
    endloop
  endfacet
  facet normal -0.773165213110203 -0.3214394653031602 -0.5467103651677668
    outer loop
      vertex 0.5454167455689003 -0.9446895146241988 -6.877904776014932
      vertex 6.89735411634382 -1.3967945281325769 -15.595084695719564
      vertex 0.8064396968199409 -1.3967945281325758 -6.981230916375047
    endloop
  endfacet
  facet normal -0.800807828073479 -0.1950903220161274 -0.5662566456580276
    outer loop
      vertex 0.2750615625830857 -0.476420601603186 -6.65689577802174
      vertex 6.709393779615246 -0.9446895146241998 -15.595084695719564
      vertex 0.5454167455689003 -0.9446895146241988 -6.877904776014932
    endloop
  endfacet
  facet normal -0.8147483990725416 -0.06540312923015133 -0.5761141179450775
    outer loop
      vertex 0.2750615625830857 -0.476420601603186 -6.65689577802174
      vertex -2.2291120288694997e-16 1.500991699779442e-18 -6.321985447626408
      vertex 6.595315557813665 -0.47642060160318717 -15.595084695719564
    endloop
  endfacet
  facet normal 0.45362119572572596 -0.831469612302545 0.32075862358761015
    outer loop
      vertex 1.8249999999999995 -3.160992723813201 0.5800529724823016
      vertex 1.7954172841431437 -2.948291007416671 1.1732540483565397
      vertex 1.7418525359360064 -3.016977091533855 1.070958165446119
    endloop
  endfacet
  facet normal 0.4536211957257258 -0.8314696123025452 0.3207586235876099
    outer loop
      vertex 1.7954172841431437 -2.948291007416671 1.1732540483565397
      vertex 1.814238432659984 -2.895739692063008 1.2828602984231283
      vertex 1.7421684827587343 -2.9547180173674623 1.2318991481281771
    endloop
  endfacet
  facet normal -0.5773502691897067 1.1111661135515747e-13 0.8164965809276687
    outer loop
      vertex 1.7421684827587343 -2.9547180173674623 1.2318991481281771
      vertex 1.814238432659984 -2.895739692063008 1.2828602984231283
      vertex 2.0367472660822084 -2.654340715223293 1.4401978034098912
    endloop
  endfacet
  facet normal -0.5773502691895732 -6.723552583891305e-14 0.8164965809277632
    outer loop
      vertex 1.814238432659984 -2.895739692063008 1.2828602984231283
      vertex 2.107328482542134 -2.5809397513308987 1.4901062601931
      vertex 2.0367472660822084 -2.654340715223293 1.4401978034098912
    endloop
  endfacet
  facet normal -0.577350269189622 -3.030278103124657e-15 0.8164965809277289
    outer loop
      vertex 2.0367472660822084 -2.654340715223293 1.4401978034098912
      vertex 2.107328482542134 -2.5809397513308987 1.4901062601931
      vertex 2.22911166898985 -2.4108629712602374 1.5762199771647853
    endloop
  endfacet
  facet normal 0.6138746322119435 -0.6593458151000701 0.4340749152354641
    outer loop
      vertex 2.356695391821921 -2.2669729068332054 1.6143537192993547
      vertex 2.3643615578261525 -2.2219792158818303 1.6718560907156617
      vertex 2.3256653528659577 -2.276020550589473 1.6444937417821235
    endloop
  endfacet
  facet normal -0.5773502691896163 -8.11490229256865e-15 0.8164965809277327
    outer loop
      vertex 2.3256653528659577 -2.276020550589473 1.6444937417821235
      vertex 2.3643615578261525 -2.2219792158818303 1.6718560907156617
      vertex 2.520273794004618 -1.9338740992358703 1.7821026901874133
    endloop
  endfacet
  facet normal 0.6788920955903305 -0.5555702330196017 0.48004920448586813
    outer loop
      vertex 2.3643615578261525 -2.2219792158818303 1.6718560907156617
      vertex 2.5288050793967978 -2.0707194213205637 1.6143537192993547
      vertex 2.5428671986124667 -1.9512106283418007 1.7327767181276128
    endloop
  endfacet
  facet normal 0.6788920955903311 -0.555570233019602 0.4800492044858672
    outer loop
      vertex 2.3643615578261525 -2.2219792158818303 1.6718560907156617
      vertex 2.5428671986124667 -1.9512106283418007 1.7327767181276128
      vertex 2.5809397513308983 -1.825 1.8249999999999997
    endloop
  endfacet
  facet normal -0.5773502691896052 -1.740260633940123e-14 0.8164965809277406
    outer loop
      vertex 2.3643615578261525 -2.2219792158818303 1.6718560907156617
      vertex 2.5809397513308983 -1.825 1.8249999999999997
      vertex 2.520273794004618 -1.9338740992358703 1.7821026901874133
    endloop
  endfacet
  facet normal -0.5773502691896242 -1.2759185834859159e-15 0.8164965809277273
    outer loop
      vertex 2.520273794004618 -1.9338740992358703 1.7821026901874133
      vertex 2.5809397513308983 -1.825 1.8249999999999997
      vertex 2.685018925365427 -1.5665155289114046 1.8985950897401098
    endloop
  endfacet
  facet normal 0.7322935269887155 -0.442288690219001 0.5178097187527362
    outer loop
      vertex 2.5809397513308983 -1.825 1.8249999999999997
      vertex 2.7044289765396865 -1.561402797609412 1.8755121865624318
      vertex 2.685018925365427 -1.5665155289114046 1.8985950897401098
    endloop
  endfacet
  facet normal -0.5773502691896266 3.836727976933147e-16 0.8164965809277255
    outer loop
      vertex 2.694001415337766 -1.5442071834513569 1.904946669311491
      vertex 2.753357350118686 -1.3967945281325778 1.9469176532987458
      vertex 2.795260932967882 -1.2456071535527786 1.9765479608874246
    endloop
  endfacet
  facet normal -0.577350269189615 -4.826029859193135e-15 0.8164965809277338
    outer loop
      vertex 2.8497808157170024 -1.0489003954480558 2.0150993396888235
      vertex 2.878664241271067 -0.9446895146242007 2.0355230057619993
      vertex 2.867786598112922 -0.9730375606732639 2.0278313505215477
    endloop
  endfacet
  facet normal -0.5773502691896228 -2.1684937867607644e-16 0.8164965809277281
    outer loop
      vertex 2.867786598112922 -0.9730375606732639 2.0278313505215477
      vertex 2.878664241271067 -0.9446895146242007 2.0355230057619993
      vertex 2.893084144443116 -0.8559031677088152 2.0457194170790087
    endloop
  endfacet
  facet normal 0.8008078280734761 -0.1950903220161259 0.5662566456580322
    outer loop
      vertex 2.878664241271067 -0.9446895146242007 2.0355230057619993
      vertex 2.9011180775505605 -0.8748461885890099 2.0278313505215477
      vertex 2.893084144443116 -0.8559031677088152 2.0457194170790087
    endloop
  endfacet
  facet normal 0.8008078280734815 -0.19509032201612767 0.5662566456580241
    outer loop
      vertex 2.92485057442734 -0.66031064262796 2.068181675134941
      vertex 2.96956151843123 -0.593899175579345 2.0278313505215477
      vertex 2.95471638913879 -0.4764206016031882 2.089299995243068
    endloop
  endfacet
  facet normal -0.5773502691896094 -3.5802521957793285e-15 0.8164965809277375
    outer loop
      vertex 2.92485057442734 -0.66031064262796 2.068181675134941
      vertex 2.95471638913879 -0.4764206016031882 2.089299995243068
      vertex 2.9592315145494466 -0.39205098710814856 2.092492671038851
    endloop
  endfacet
  facet normal 0.8147483990725407 -0.06540312923014308 0.5761141179450797
    outer loop
      vertex 2.95471638913879 -0.4764206016031882 2.089299995243068
      vertex 3.001734816120971 -0.43215308551179016 2.0278313505215477
      vertex 2.9592315145494466 -0.39205098710814856 2.092492671038851
    endloop
  endfacet
  facet normal -0.5773502691896257 4.441708424453635e-16 0.816496580927726
    outer loop
      vertex 2.9602377362971892 -0.3732487317481523 2.0932041772600574
      vertex 2.9802125203861998 0 2.1073284825421337
      vertex 2.9760968689210596 0 2.1044182774821327
    endloop
  endfacet
  facet normal 0.8147483990725422 -0.0654031292301431 0.5761141179450775
    outer loop
      vertex 2.9602377362971892 -0.3732487317481523 2.0932041772600574
      vertex 3.0279166666656434 -0.10599711916703054 2.0278313505215477
      vertex 2.9802125203861998 0 2.1073284825421337
    endloop
  endfacet
  facet normal -0.8008078280734795 0.1950903220161237 -0.566256645658028
    outer loop
      vertex 0.2750615625830858 0.47642060160318617 -6.65689577802174
      vertex 0.5454167455688997 0.9446895146241997 -6.877904776014934
      vertex 6.595315557813665 0.4764206016031872 -15.595084695719564
    endloop
  endfacet
  facet normal -0.7731652131102019 0.321439465303164 -0.546710365167766
    outer loop
      vertex 0.5454167455688997 0.9446895146241997 -6.877904776014934
      vertex 0.806439696819941 1.3967945281325753 -6.981230916375047
      vertex 6.709393779615248 0.9446895146242003 -15.595084695719564
    endloop
  endfacet
  facet normal -0.7322935269887171 0.44228869021899936 -0.5178097187527357
    outer loop
      vertex 0.806439696819941 1.3967945281325753 -6.981230916375047
      vertex 1.0536642412710677 1.824999999999999 -6.965106260193103
      vertex 6.89735411634382 1.3967945281325767 -15.595084695719564
    endloop
  endfacet
  facet normal -0.8147483990725415 0.06540312923015142 -0.5761141179450776
    outer loop
      vertex 0.2750615625830858 0.47642060160318617 -6.65689577802174
      vertex 6.557071360942547 6.983296170029381e-19 -15.595084695719564
      vertex -2.2291120288694997e-16 1.500991699779442e-18 -6.321985447626408
    endloop
  endfacet
  facet normal 0.45362119572572573 0.8314696123025452 0.3207586235876099
    outer loop
      vertex 1.814238432659984 2.895739692063008 1.2828602984231283
      vertex 1.7954172841431437 2.948291007416671 1.1732540483565397
      vertex 1.7421684827587343 2.9547180173674623 1.2318991481281771
    endloop
  endfacet
  facet normal -0.5773502691896258 -4.3860047889715094e-16 0.816496580927726
    outer loop
      vertex 2.9802125203861998 0 2.1073284825421337
      vertex 2.9602377362971892 0.3732487317481523 2.0932041772600574
      vertex 2.9760968689210596 0 2.1044182774821327
    endloop
  endfacet
  facet normal 0.8147483990725422 0.0654031292301431 0.5761141179450775
    outer loop
      vertex 2.9802125203861998 0 2.1073284825421337
      vertex 3.0279166666656434 0.10599711916703054 2.0278313505215477
      vertex 2.9602377362971892 0.3732487317481523 2.0932041772600574
    endloop
  endfacet
  facet normal -0.5773502691896094 3.60703967448221e-15 0.8164965809277376
    outer loop
      vertex 2.9592315145494466 0.39205098710814856 2.092492671038851
      vertex 2.95471638913879 0.4764206016031882 2.089299995243068
      vertex 2.92485057442734 0.66031064262796 2.068181675134941
    endloop
  endfacet
  facet normal 0.8008078280734813 0.19509032201612772 0.5662566456580241
    outer loop
      vertex 2.95471638913879 0.4764206016031882 2.089299995243068
      vertex 2.96956151843123 0.593899175579345 2.0278313505215477
      vertex 2.92485057442734 0.66031064262796 2.068181675134941
    endloop
  endfacet
  facet normal 0.8147483990725407 0.06540312923014308 0.5761141179450796
    outer loop
      vertex 2.9592315145494466 0.39205098710814856 2.092492671038851
      vertex 3.001734816120971 0.43215308551179016 2.0278313505215477
      vertex 2.95471638913879 0.4764206016031882 2.089299995243068
    endloop
  endfacet
  facet normal 0.7322935269887157 0.44228869021900097 0.517809718752736
    outer loop
      vertex 2.5809397513308983 1.825 1.8249999999999997
      vertex 2.685018925365427 1.5665155289114046 1.8985950897401098
      vertex 2.7044289765396865 1.561402797609412 1.8755121865624318
    endloop
  endfacet
  facet normal 0.8008078280734761 0.1950903220161259 0.5662566456580321
    outer loop
      vertex 2.9011180775505605 0.8748461885890099 2.0278313505215477
      vertex 2.878664241271067 0.9446895146242007 2.0355230057619993
      vertex 2.893084144443116 0.8559031677088152 2.0457194170790087
    endloop
  endfacet
  facet normal -0.5773502691896228 1.992019843635865e-16 0.816496580927728
    outer loop
      vertex 2.867786598112922 0.9730375606732643 2.0278313505215477
      vertex 2.893084144443116 0.8559031677088152 2.0457194170790087
      vertex 2.878664241271067 0.9446895146242007 2.0355230057619993
    endloop
  endfacet
  facet normal -0.5773502691896149 4.917883162566919e-15 0.8164965809277337
    outer loop
      vertex 2.867786598112922 0.9730375606732643 2.0278313505215477
      vertex 2.878664241271067 0.9446895146242007 2.0355230057619993
      vertex 2.8497808157170024 1.0489003954480558 2.0150993396888235
    endloop
  endfacet
  facet normal -0.5773502691896265 -6.080994583209792e-16 0.8164965809277255
    outer loop
      vertex 2.694001415337766 1.5442071834513569 1.904946669311491
      vertex 2.795260932967882 1.2456071535527786 1.9765479608874246
      vertex 2.753357350118686 1.3967945281325778 1.9469176532987458
    endloop
  endfacet
  facet normal -0.5773502691896379 -1.4119976677143114e-14 0.8164965809277174
    outer loop
      vertex 2.036747266082209 2.654340715223293 1.440197803409891
      vertex 2.22911166898985 2.4108629712602374 1.5762199771647853
      vertex 2.107328482542134 2.5809397513308987 1.4901062601931
    endloop
  endfacet
  facet normal -0.5773502691897108 -1.1862189833270685e-13 0.8164965809276659
    outer loop
      vertex 1.814238432659984 2.895739692063008 1.2828602984231283
      vertex 1.7421684827587343 2.9547180173674623 1.2318991481281771
      vertex 2.036747266082209 2.654340715223293 1.440197803409891
    endloop
  endfacet
  facet normal -0.5773502691897044 -1.135896883293982e-13 0.8164965809276704
    outer loop
      vertex 1.814238432659984 2.895739692063008 1.2828602984231283
      vertex 2.036747266082209 2.654340715223293 1.440197803409891
      vertex 2.107328482542134 2.5809397513308987 1.4901062601931
    endloop
  endfacet
  facet normal -0.5773502691896161 8.09102713546388e-15 0.8164965809277329
    outer loop
      vertex 2.520273794004618 1.9338740992358703 1.7821026901874133
      vertex 2.3643615578261525 2.2219792158818303 1.6718560907156617
      vertex 2.3256653528659577 2.276020550589473 1.6444937417821235
    endloop
  endfacet
  facet normal -0.5773502691896242 1.2309395935041173e-15 0.816496580927727
    outer loop
      vertex 2.520273794004618 1.9338740992358703 1.7821026901874133
      vertex 2.685018925365427 1.5665155289114046 1.8985950897401098
      vertex 2.5809397513308983 1.825 1.8249999999999997
    endloop
  endfacet
  facet normal 0.6788920955903306 0.5555702330196018 0.48004920448586813
    outer loop
      vertex 2.5428671986124667 1.9512106283418007 1.7327767181276128
      vertex 2.5288050793967978 2.0707194213205637 1.6143537192993547
      vertex 2.3643615578261525 2.2219792158818303 1.6718560907156617
    endloop
  endfacet
  facet normal -0.577350269189608 1.5412295426097312e-14 0.8164965809277387
    outer loop
      vertex 2.520273794004618 1.9338740992358703 1.7821026901874133
      vertex 2.5809397513308983 1.825 1.8249999999999997
      vertex 2.3643615578261525 2.2219792158818303 1.6718560907156617
    endloop
  endfacet
  facet normal 0.6788920955903311 0.555570233019602 0.48004920448586724
    outer loop
      vertex 2.5809397513308983 1.825 1.8249999999999997
      vertex 2.5428671986124667 1.9512106283418007 1.7327767181276128
      vertex 2.3643615578261525 2.2219792158818303 1.6718560907156617
    endloop
  endfacet
  facet normal 0.6138746322119435 0.6593458151000701 0.4340749152354641
    outer loop
      vertex 2.356695391821921 2.2669729068332054 1.6143537192993547
      vertex 2.3256653528659577 2.276020550589473 1.6444937417821235
      vertex 2.3643615578261525 2.2219792158818303 1.6718560907156617
    endloop
  endfacet
  facet normal -0.8008078280734798 -0.19509032201612148 -0.5662566456580285
    outer loop
      vertex 0.2750615625830857 -0.476420601603186 -6.65689577802174
      vertex 6.595315557813665 -0.47642060160318717 -15.595084695719564
      vertex 6.709393779615246 -0.9446895146241998 -15.595084695719564
    endloop
  endfacet
  facet normal -0.8147483990725417 -0.0654031292301494 -0.5761141179450776
    outer loop
      vertex -2.2291120288694997e-16 1.500991699779442e-18 -6.321985447626408
      vertex 6.557071360942547 6.983296170029381e-19 -15.595084695719564
      vertex 6.595315557813665 -0.47642060160318717 -15.595084695719564
    endloop
  endfacet
  facet normal -0.6788920955903308 -0.555570233019601 -0.4800492044858687
    outer loop
      vertex 1.0536642412710686 -1.824999999999997 -6.965106260193103
      vertex 7.155980514525502 -1.8249999999999984 -15.595084695719564
      vertex 7.48084780478262 -2.221979215881829 -15.595084695719564
    endloop
  endfacet
  facet normal -0.5383536036782107 -0.7518398074789775 -0.38067348383707783
    outer loop
      vertex 1.4901062601931012 -2.5809397513308965 -6.577647263121437
      vertex 7.866397417708647 -2.5809397513308974 -15.595084695719564
      vertex 8.306032492531873 -2.8957396920630076 -15.595084695719564
    endloop
  endfacet
  facet normal -0.6138746322119455 -0.659345815100068 -0.4340749152354644
    outer loop
      vertex 1.2828602984231292 -2.2219792158818277 -6.829806704806973
      vertex 7.48084780478262 -2.221979215881829 -15.595084695719564
      vertex 7.866397417708647 -2.5809397513308974 -15.595084695719564
    endloop
  endfacet
  facet normal -0.7322935269887157 -0.44228869021900213 -0.517809718752735
    outer loop
      vertex 0.8064396968199409 -1.3967945281325758 -6.981230916375047
      vertex 6.89735411634382 -1.3967945281325769 -15.595084695719564
      vertex 7.155980514525502 -1.8249999999999984 -15.595084695719564
    endloop
  endfacet
  facet normal -0.7731652131102016 -0.3214394653031657 -0.5467103651677654
    outer loop
      vertex 0.5454167455689003 -0.9446895146241988 -6.877904776014932
      vertex 6.709393779615246 -0.9446895146241998 -15.595084695719564
      vertex 6.89735411634382 -1.3967945281325769 -15.595084695719564
    endloop
  endfacet
  facet normal -0.15929058089825862 -0.9807852804032303 -0.11263544993230298
    outer loop
      vertex 2.035523005761999 -3.5256292659550983 -4.514914477977769
      vertex 9.870386503428449 -3.5256292659550987 -15.595084695719564
      vertex 10.443896453083047 -3.618773744014408 -15.595084695719564
    endloop
  endfacet
  facet normal -0.053401431398386004 -0.9978589232386035 -0.03776051426686692
    outer loop
      vertex 2.0892999952430684 -3.6187737440144074 -3.7799010768880468
      vertex 10.443896453083047 -3.618773744014408 -15.595084695719564
      vertex 11.027390141521849 -3.65 -15.595084695719564
    endloop
  endfacet
  facet normal 0.05340143139838615 -0.9978589232386036 0.03776051426686707
    outer loop
      vertex 2.1073284825421337 -3.65 -2.9802125203862038
      vertex 11.027390141521849 -3.65 -15.595084695719564
      vertex 11.610883829960649 -3.618773744014408 -15.595084695719564
    endloop
  endfacet
  facet normal 0.15929058089825848 -0.9807852804032302 0.11263544993230294
    outer loop
      vertex 2.089299995243068 -3.618773744014408 -2.1295317013895407
      vertex 11.610883829960649 -3.618773744014408 -15.595084695719564
      vertex 12.184393779615245 -3.525629265955099 -15.595084695719564
    endloop
  endfacet
  facet normal 0.2624542243952683 -0.9469301294951056 0.18558316182094994
    outer loop
      vertex 2.035523005761999 -3.5256292659550996 -1.2424140045643728
      vertex 12.184393779615245 -3.525629265955099 -15.595084695719564
      vertex 12.738107076240055 -3.3721602936661963 -15.595084695719564
    endloop
  endfacet
  facet normal -0.45362119572572457 -0.8314696123025458 -0.32075862358761004
    outer loop
      vertex 1.6718560907156623 -2.8957396920630067 -6.2129424530955415
      vertex 8.306032492531873 -2.8957396920630076 -15.595084695719564
      vertex 8.7922307512322 -3.1609927238132003 -15.595084695719564
    endloop
  endfacet
  facet normal -0.36112720334681897 -0.8968727415326869 -0.255355494357469
    outer loop
      vertex 1.8250000000000002 -3.1609927238132 -5.741932475144102
      vertex 8.7922307512322 -3.1609927238132003 -15.595084695719564
      vertex 9.316673206803637 -3.372160293666196 -15.595084695719564
    endloop
  endfacet
  facet normal -0.2624542243952673 -0.946930129495106 -0.18558316182094925
    outer loop
      vertex 1.9469176532987462 -3.372160293666195 -5.1726764405785115
      vertex 9.316673206803637 -3.372160293666196 -15.595084695719564
      vertex 9.870386503428449 -3.5256292659550987 -15.595084695719564
    endloop
  endfacet
  facet normal -0.2624542243952687 -0.9469301294951052 -0.18558316182095036
    outer loop
      vertex 1.9469176532987462 -3.372160293666195 -5.1726764405785115
      vertex 9.870386503428449 -3.5256292659550987 -15.595084695719564
      vertex 2.035523005761999 -3.5256292659550983 -4.514914477977769
    endloop
  endfacet
  facet normal -0.15929058089825837 -0.9807852804032303 -0.1126354499323028
    outer loop
      vertex 2.035523005761999 -3.5256292659550983 -4.514914477977769
      vertex 10.443896453083047 -3.618773744014408 -15.595084695719564
      vertex 2.0892999952430684 -3.6187737440144074 -3.7799010768880468
    endloop
  endfacet
  facet normal -0.05340143139838687 -0.9978589232386036 -0.03776051426686758
    outer loop
      vertex 2.0892999952430684 -3.6187737440144074 -3.7799010768880468
      vertex 11.027390141521849 -3.65 -15.595084695719564
      vertex 2.1073284825421337 -3.65 -2.9802125203862038
    endloop
  endfacet
  facet normal 0.05340143139838603 -0.9978589232386035 0.03776051426686699
    outer loop
      vertex 2.1073284825421337 -3.65 -2.9802125203862038
      vertex 11.610883829960649 -3.618773744014408 -15.595084695719564
      vertex 2.089299995243068 -3.618773744014408 -2.1295317013895407
    endloop
  endfacet
  facet normal 0.15929058089825707 -0.9807852804032307 0.11263544993230187
    outer loop
      vertex 2.089299995243068 -3.618773744014408 -2.1295317013895407
      vertex 12.184393779615245 -3.525629265955099 -15.595084695719564
      vertex 2.035523005761999 -3.5256292659550996 -1.2424140045643728
    endloop
  endfacet
  facet normal -0.6788920955903309 -0.5555702330196008 -0.4800492044858688
    outer loop
      vertex 1.2828602984231292 -2.2219792158818277 -6.829806704806973
      vertex 1.0536642412710686 -1.824999999999997 -6.965106260193103
      vertex 7.48084780478262 -2.221979215881829 -15.595084695719564
    endloop
  endfacet
  facet normal -0.613874632211945 -0.6593458151000685 -0.43407491523546404
    outer loop
      vertex 1.2828602984231292 -2.2219792158818277 -6.829806704806973
      vertex 7.866397417708647 -2.5809397513308974 -15.595084695719564
      vertex 1.4901062601931012 -2.5809397513308965 -6.577647263121437
    endloop
  endfacet
  facet normal -0.5383536036782122 -0.751839807478976 -0.3806734838370789
    outer loop
      vertex 1.4901062601931012 -2.5809397513308965 -6.577647263121437
      vertex 8.306032492531873 -2.8957396920630076 -15.595084695719564
      vertex 1.6718560907156623 -2.8957396920630067 -6.2129424530955415
    endloop
  endfacet
  facet normal -0.45362119572572523 -0.8314696123025452 -0.3207586235876105
    outer loop
      vertex 1.6718560907156623 -2.8957396920630067 -6.2129424530955415
      vertex 8.7922307512322 -3.1609927238132003 -15.595084695719564
      vertex 1.8250000000000002 -3.1609927238132 -5.741932475144102
    endloop
  endfacet
  facet normal -0.3611272033468172 -0.896872741532688 -0.2553554943574677
    outer loop
      vertex 1.8250000000000002 -3.1609927238132 -5.741932475144102
      vertex 9.316673206803637 -3.372160293666196 -15.595084695719564
      vertex 1.9469176532987462 -3.372160293666195 -5.1726764405785115
    endloop
  endfacet
  facet normal 0.3611272033468155 -0.8968727415326893 0.2553554943574664
    outer loop
      vertex 1.9469176532987458 -3.3721602936661967 -0.3340382596588679
      vertex 12.738107076240055 -3.3721602936661963 -15.595084695719564
      vertex 13.262549531811498 -3.1609927238132007 -15.595084695719564
    endloop
  endfacet
  facet normal 0.453621195725724 -0.8314696123025463 0.3207586235876095
    outer loop
      vertex 1.8249999999999995 -3.160992723813201 0.5800529724823016
      vertex 13.262549531811498 -3.1609927238132007 -15.595084695719564
      vertex 13.748747790511826 -2.895739692063008 -15.595084695719564
    endloop
  endfacet
  facet normal 0.5383536036782095 -0.7518398074789788 0.380673483837077
    outer loop
      vertex 1.814238432659984 -2.895739692063008 1.2828602984231283
      vertex 13.748747790511826 -2.895739692063008 -15.595084695719564
      vertex 14.188382865335052 -2.5809397513308987 -15.595084695719564
    endloop
  endfacet
  facet normal 0.6138746322119449 -0.6593458151000688 0.43407491523546404
    outer loop
      vertex 2.107328482542134 -2.5809397513308987 1.4901062601931
      vertex 14.188382865335052 -2.5809397513308987 -15.595084695719564
      vertex 14.573932478261078 -2.2219792158818303 -15.595084695719564
    endloop
  endfacet
  facet normal 0.6788920955903323 -0.5555702330195983 0.4800492044858698
    outer loop
      vertex 2.3643615578261525 -2.2219792158818303 1.6718560907156617
      vertex 14.573932478261078 -2.2219792158818303 -15.595084695719564
      vertex 14.898799768518193 -1.825 -15.595084695719564
    endloop
  endfacet
  facet normal 0.7322935269887146 -0.44228869021900513 0.5178097187527341
    outer loop
      vertex 2.5809397513308983 -1.825 1.8249999999999997
      vertex 14.898799768518193 -1.825 -15.595084695719564
      vertex 15.157426166699878 -1.3967945281325778 -15.595084695719564
    endloop
  endfacet
  facet normal 0.7731652131102021 -0.32143946530316303 0.546710365167766
    outer loop
      vertex 2.753357350118686 -1.3967945281325778 1.9469176532987458
      vertex 15.157426166699878 -1.3967945281325778 -15.595084695719564
      vertex 15.34538650342845 -0.9446895146242007 -15.595084695719564
    endloop
  endfacet
  facet normal 0.8008078280734786 -0.1950903220161286 0.5662566456580276
    outer loop
      vertex 2.878664241271067 -0.9446895146242007 2.0355230057619993
      vertex 15.34538650342845 -0.9446895146242007 -15.595084695719564
      vertex 15.459464725230033 -0.4764206016031882 -15.595084695719564
    endloop
  endfacet
  facet normal 0.8147483990725423 -0.06540312923013748 0.5761141179450779
    outer loop
      vertex 2.95471638913879 -0.4764206016031882 2.089299995243068
      vertex 15.459464725230033 -0.4764206016031882 -15.595084695719564
      vertex 15.497708922101145 0 -15.595084695719564
    endloop
  endfacet
  facet normal 0.26245422439526783 -0.9469301294951056 0.18558316182094964
    outer loop
      vertex 2.035523005761999 -3.5256292659550996 -1.2424140045643728
      vertex 12.738107076240055 -3.3721602936661963 -15.595084695719564
      vertex 1.9469176532987458 -3.3721602936661967 -0.3340382596588679
    endloop
  endfacet
  facet normal 0.3611272033468165 -0.8968727415326886 0.25535549435746724
    outer loop
      vertex 1.9469176532987458 -3.3721602936661967 -0.3340382596588679
      vertex 13.262549531811498 -3.1609927238132007 -15.595084695719564
      vertex 1.8249999999999995 -3.160992723813201 0.5800529724823016
    endloop
  endfacet
  facet normal 0.45362119572572496 -0.8314696123025455 0.32075862358761026
    outer loop
      vertex 1.8249999999999995 -3.160992723813201 0.5800529724823016
      vertex 13.748747790511826 -2.895739692063008 -15.595084695719564
      vertex 1.7954172841431437 -2.948291007416671 1.1732540483565397
    endloop
  endfacet
  facet normal 0.4536211957257249 -0.8314696123025456 0.32075862358761026
    outer loop
      vertex 1.7954172841431437 -2.948291007416671 1.1732540483565397
      vertex 13.748747790511826 -2.895739692063008 -15.595084695719564
      vertex 1.814238432659984 -2.895739692063008 1.2828602984231283
    endloop
  endfacet
  facet normal 0.5383536036782103 -0.751839807478978 0.38067348383707755
    outer loop
      vertex 1.814238432659984 -2.895739692063008 1.2828602984231283
      vertex 14.188382865335052 -2.5809397513308987 -15.595084695719564
      vertex 2.107328482542134 -2.5809397513308987 1.4901062601931
    endloop
  endfacet
  facet normal 0.6138746322119453 -0.6593458151000685 0.43407491523546426
    outer loop
      vertex 2.107328482542134 -2.5809397513308987 1.4901062601931
      vertex 14.573932478261078 -2.2219792158818303 -15.595084695719564
      vertex 2.22911166898985 -2.4108629712602374 1.5762199771647853
    endloop
  endfacet
  facet normal 0.6138746322119457 -0.6593458151000677 0.43407491523546454
    outer loop
      vertex 2.22911166898985 -2.4108629712602374 1.5762199771647853
      vertex 14.573932478261078 -2.2219792158818303 -15.595084695719564
      vertex 2.342473315664926 -2.342473315664926 1.51978408306708
    endloop
  endfacet
  facet normal 0.6138746322119455 -0.6593458151000678 0.4340749152354645
    outer loop
      vertex 2.342473315664926 -2.342473315664926 1.51978408306708
      vertex 14.573932478261078 -2.2219792158818303 -15.595084695719564
      vertex 2.356695391821921 -2.2669729068332054 1.6143537192993547
    endloop
  endfacet
  facet normal 0.6138746322119444 -0.6593458151000695 0.43407491523546365
    outer loop
      vertex 2.356695391821921 -2.2669729068332054 1.6143537192993547
      vertex 14.573932478261078 -2.2219792158818303 -15.595084695719564
      vertex 2.3643615578261525 -2.2219792158818303 1.6718560907156617
    endloop
  endfacet
  facet normal 0.6788920955903305 -0.5555702330196016 0.4800492044858684
    outer loop
      vertex 2.3643615578261525 -2.2219792158818303 1.6718560907156617
      vertex 14.898799768518193 -1.825 -15.595084695719564
      vertex 2.5288050793967978 -2.0707194213205637 1.6143537192993547
    endloop
  endfacet
  facet normal 0.6788920955903305 -0.5555702330196015 0.4800492044858683
    outer loop
      vertex 2.5288050793967978 -2.0707194213205637 1.6143537192993547
      vertex 14.898799768518193 -1.825 -15.595084695719564
      vertex 2.6058274091751374 -1.9995216970753762 1.5878261998240522
    endloop
  endfacet
  facet normal 0.6788920955903307 -0.5555702330196012 0.48004920448586863
    outer loop
      vertex 2.6058274091751374 -1.9995216970753762 1.5878261998240522
      vertex 14.898799768518193 -1.825 -15.595084695719564
      vertex 2.617427955525782 -1.9624246162417511 1.6143537192993547
    endloop
  endfacet
  facet normal 0.6788920955903283 -0.555570233019606 0.4800492044858667
    outer loop
      vertex 2.617427955525782 -1.9624246162417511 1.6143537192993547
      vertex 14.898799768518193 -1.825 -15.595084695719564
      vertex 2.5428671986124667 -1.9512106283418007 1.7327767181276128
    endloop
  endfacet
  facet normal 0.6788920955903301 -0.5555702330196023 0.48004920448586813
    outer loop
      vertex 2.5428671986124667 -1.9512106283418007 1.7327767181276128
      vertex 14.898799768518193 -1.825 -15.595084695719564
      vertex 2.5809397513308983 -1.825 1.8249999999999997
    endloop
  endfacet
  facet normal 0.7322935269887163 -0.4422886902190011 0.5178097187527353
    outer loop
      vertex 2.5809397513308983 -1.825 1.8249999999999997
      vertex 15.157426166699878 -1.3967945281325778 -15.595084695719564
      vertex 2.7044289765396865 -1.561402797609412 1.8755121865624318
    endloop
  endfacet
  facet normal 0.7322935269887163 -0.44228869021900097 0.5178097187527353
    outer loop
      vertex 2.694001415337766 -1.5442071834513569 1.904946669311491
      vertex 2.7044289765396865 -1.561402797609412 1.8755121865624318
      vertex 15.157426166699878 -1.3967945281325778 -15.595084695719564
    endloop
  endfacet
  facet normal 0.7322935269887161 -0.4422886902190017 0.5178097187527352
    outer loop
      vertex 2.694001415337766 -1.5442071834513569 1.904946669311491
      vertex 15.157426166699878 -1.3967945281325778 -15.595084695719564
      vertex 2.753357350118686 -1.3967945281325778 1.9469176532987458
    endloop
  endfacet
  facet normal 0.7731652131102026 -0.321439465303162 0.5467103651677663
    outer loop
      vertex 2.753357350118686 -1.3967945281325778 1.9469176532987458
      vertex 15.34538650342845 -0.9446895146242007 -15.595084695719564
      vertex 2.795260932967882 -1.2456071535527786 1.9765479608874246
    endloop
  endfacet
  facet normal 0.7731652131102034 -0.3214394653031586 0.546710365167767
    outer loop
      vertex 2.867967175983634 -1.1879509007332865 1.907624916440532
      vertex 2.795260932967882 -1.2456071535527786 1.9765479608874246
      vertex 15.34538650342845 -0.9446895146242007 -15.595084695719564
    endloop
  endfacet
  facet normal 0.7731652131102018 -0.32143946530316414 0.5467103651677659
    outer loop
      vertex 2.867967175983634 -1.1879509007332865 1.907624916440532
      vertex 15.34538650342845 -0.9446895146242007 -15.595084695719564
      vertex 2.8497808157170024 -1.0489003954480558 2.0150993396888235
    endloop
  endfacet
  facet normal 0.7731652131102029 -0.3214394653031606 0.5467103651677667
    outer loop
      vertex 2.8497808157170024 -1.0489003954480558 2.0150993396888235
      vertex 15.34538650342845 -0.9446895146242007 -15.595084695719564
      vertex 2.878664241271067 -0.9446895146242007 2.0355230057619993
    endloop
  endfacet
  facet normal 0.8008078280734789 -0.1950903220161273 0.5662566456580278
    outer loop
      vertex 2.878664241271067 -0.9446895146242007 2.0355230057619993
      vertex 15.459464725230033 -0.4764206016031882 -15.595084695719564
      vertex 2.9011180775505605 -0.8748461885890099 2.0278313505215477
    endloop
  endfacet
  facet normal 0.8008078280734787 -0.19509032201612883 0.5662566456580276
    outer loop
      vertex 2.9011180775505605 -0.8748461885890099 2.0278313505215477
      vertex 15.459464725230033 -0.4764206016031882 -15.595084695719564
      vertex 2.973711776242918 -0.7968036689672092 1.9520560598884142
    endloop
  endfacet
  facet normal 0.800807828073479 -0.19509032201612642 0.5662566456580279
    outer loop
      vertex 2.973711776242918 -0.7968036689672092 1.9520560598884142
      vertex 15.459464725230033 -0.4764206016031882 -15.595084695719564
      vertex 2.96956151843123 -0.593899175579345 2.0278313505215477
    endloop
  endfacet
  facet normal 0.8008078280734784 -0.19509032201612977 0.5662566456580275
    outer loop
      vertex 2.96956151843123 -0.593899175579345 2.0278313505215477
      vertex 15.459464725230033 -0.4764206016031882 -15.595084695719564
      vertex 2.95471638913879 -0.4764206016031882 2.089299995243068
    endloop
  endfacet
  facet normal 0.8147483990725422 -0.06540312923013994 0.5761141179450778
    outer loop
      vertex 3.001734816120971 -0.43215308551179016 2.0278313505215477
      vertex 15.497708922101145 0 -15.595084695719564
      vertex 3.027916666665642 -0.39863279165303406 1.9946100006035523
    endloop
  endfacet
  facet normal 0.8147483990725419 -0.06540312923014734 0.5761141179450775
    outer loop
      vertex 2.95471638913879 -0.4764206016031882 2.089299995243068
      vertex 15.497708922101145 0 -15.595084695719564
      vertex 3.001734816120971 -0.43215308551179016 2.0278313505215477
    endloop
  endfacet
  facet normal 0.814748399072542 -0.06540312923014267 0.5761141179450778
    outer loop
      vertex 3.027916666665642 -0.39863279165303406 1.9946100006035523
      vertex 15.497708922101145 0 -15.595084695719564
      vertex 3.0279166666656434 -0.10599711916703054 2.0278313505215477
    endloop
  endfacet
  facet normal 0.8147483990725422 -0.0654031292301433 0.5761141179450777
    outer loop
      vertex 3.0279166666656434 -0.10599711916703054 2.0278313505215477
      vertex 15.497708922101145 0 -15.595084695719564
      vertex 2.9802125203861998 0 2.1073284825421337
    endloop
  endfacet
  facet normal -0.8147483990725417 0.06540312923014935 -0.5761141179450776
    outer loop
      vertex 0.2750615625830858 0.47642060160318617 -6.65689577802174
      vertex 6.595315557813665 0.4764206016031872 -15.595084695719564
      vertex 6.557071360942547 6.983296170029381e-19 -15.595084695719564
    endloop
  endfacet
  facet normal -0.8008078280734789 0.1950903220161256 -0.566256645658028
    outer loop
      vertex 0.5454167455688997 0.9446895146241997 -6.877904776014934
      vertex 6.709393779615248 0.9446895146242003 -15.595084695719564
      vertex 6.595315557813665 0.4764206016031872 -15.595084695719564
    endloop
  endfacet
  facet normal -0.7731652131102027 0.32143946530316136 -0.5467103651677665
    outer loop
      vertex 0.806439696819941 1.3967945281325753 -6.981230916375047
      vertex 6.89735411634382 1.3967945281325767 -15.595084695719564
      vertex 6.709393779615248 0.9446895146242003 -15.595084695719564
    endloop
  endfacet
  facet normal -0.7322935269887166 0.44228869021900036 -0.5178097187527355
    outer loop
      vertex 1.0536642412710677 1.824999999999999 -6.965106260193103
      vertex 7.155980514525501 1.8249999999999995 -15.595084695719564
      vertex 6.89735411634382 1.3967945281325767 -15.595084695719564
    endloop
  endfacet
  facet normal -0.6788920955903303 0.5555702330196018 -0.4800492044858684
    outer loop
      vertex 1.0536642412710677 1.824999999999999 -6.965106260193103
      vertex 7.480847804782619 2.2219792158818295 -15.595084695719564
      vertex 7.155980514525501 1.8249999999999995 -15.595084695719564
    endloop
  endfacet
  facet normal -0.6138746322119444 0.6593458151000695 -0.43407491523546377
    outer loop
      vertex 1.4901062601931008 2.5809397513308974 -6.577647263121439
      vertex 7.866397417708648 2.5809397513308983 -15.595084695719564
      vertex 7.480847804782619 2.2219792158818295 -15.595084695719564
    endloop
  endfacet
  facet normal -0.5383536036782102 0.751839807478978 -0.38067348383707755
    outer loop
      vertex 1.4901062601931008 2.5809397513308974 -6.577647263121439
      vertex 8.306032492531873 2.8957396920630076 -15.595084695719564
      vertex 7.866397417708648 2.5809397513308983 -15.595084695719564
    endloop
  endfacet
  facet normal -0.45362119572572546 0.831469612302545 -0.3207586235876106
    outer loop
      vertex 1.6718560907156623 2.8957396920630067 -6.212942453095541
      vertex 8.7922307512322 3.1609927238132007 -15.595084695719564
      vertex 8.306032492531873 2.8957396920630076 -15.595084695719564
    endloop
  endfacet
  facet normal -0.3611272033468182 0.8968727415326874 -0.2553554943574684
    outer loop
      vertex 1.8250000000000002 3.1609927238132 -5.741932475144102
      vertex 9.316673206803637 3.372160293666196 -15.595084695719564
      vertex 8.7922307512322 3.1609927238132007 -15.595084695719564
    endloop
  endfacet
  facet normal -0.26245422439526833 0.9469301294951056 -0.18558316182094997
    outer loop
      vertex 1.9469176532987462 3.372160293666195 -5.1726764405785115
      vertex 9.870386503428447 3.5256292659550987 -15.595084695719564
      vertex 9.316673206803637 3.372160293666196 -15.595084695719564
    endloop
  endfacet
  facet normal -0.1592905808982581 0.9807852804032304 -0.1126354499323026
    outer loop
      vertex 2.035523005761999 3.5256292659550983 -4.514914477977769
      vertex 10.443896453083047 3.618773744014408 -15.595084695719564
      vertex 9.870386503428447 3.5256292659550987 -15.595084695719564
    endloop
  endfacet
  facet normal -0.05340143139838613 0.9978589232386035 -0.03776051426686701
    outer loop
      vertex 2.0892999952430684 3.6187737440144074 -3.7799010768880468
      vertex 11.027390141521847 3.65 -15.595084695719564
      vertex 10.443896453083047 3.618773744014408 -15.595084695719564
    endloop
  endfacet
  facet normal 0.05340143139838594 0.9978589232386036 0.03776051426686692
    outer loop
      vertex 2.1073284825421337 3.65 -2.9802125203862038
      vertex 11.610883829960649 3.618773744014408 -15.595084695719564
      vertex 11.027390141521847 3.65 -15.595084695719564
    endloop
  endfacet
  facet normal 0.15929058089825748 0.9807852804032305 0.11263544993230222
    outer loop
      vertex 2.089299995243068 3.618773744014408 -2.1295317013895407
      vertex 12.184393779615249 3.525629265955099 -15.595084695719564
      vertex 11.610883829960649 3.618773744014408 -15.595084695719564
    endloop
  endfacet
  facet normal 0.26245422439526933 0.9469301294951051 0.18558316182095078
    outer loop
      vertex 2.035523005761999 3.5256292659550996 -1.2424140045643728
      vertex 12.738107076240055 3.3721602936661963 -15.595084695719564
      vertex 12.184393779615249 3.525629265955099 -15.595084695719564
    endloop
  endfacet
  facet normal -0.6788920955903301 0.5555702330196021 -0.48004920448586824
    outer loop
      vertex 1.0536642412710677 1.824999999999999 -6.965106260193103
      vertex 1.2828602984231285 2.2219792158818286 -6.829806704806973
      vertex 7.480847804782619 2.2219792158818295 -15.595084695719564
    endloop
  endfacet
  facet normal -0.6138746322119457 0.6593458151000676 -0.43407491523546465
    outer loop
      vertex 1.2828602984231285 2.2219792158818286 -6.829806704806973
      vertex 1.4901062601931008 2.5809397513308974 -6.577647263121439
      vertex 7.480847804782619 2.2219792158818295 -15.595084695719564
    endloop
  endfacet
  facet normal -0.5383536036782096 0.7518398074789787 -0.38067348383707705
    outer loop
      vertex 1.4901062601931008 2.5809397513308974 -6.577647263121439
      vertex 1.6718560907156623 2.8957396920630067 -6.212942453095541
      vertex 8.306032492531873 2.8957396920630076 -15.595084695719564
    endloop
  endfacet
  facet normal -0.4536211957257258 0.831469612302545 -0.32075862358761076
    outer loop
      vertex 1.6718560907156623 2.8957396920630067 -6.212942453095541
      vertex 1.8250000000000002 3.1609927238132 -5.741932475144102
      vertex 8.7922307512322 3.1609927238132007 -15.595084695719564
    endloop
  endfacet
  facet normal -0.36112720334681725 0.896872741532688 -0.2553554943574677
    outer loop
      vertex 1.8250000000000002 3.1609927238132 -5.741932475144102
      vertex 1.9469176532987462 3.372160293666195 -5.1726764405785115
      vertex 9.316673206803637 3.372160293666196 -15.595084695719564
    endloop
  endfacet
  facet normal -0.2624542243952688 0.9469301294951052 -0.18558316182095033
    outer loop
      vertex 1.9469176532987462 3.372160293666195 -5.1726764405785115
      vertex 2.035523005761999 3.5256292659550983 -4.514914477977769
      vertex 9.870386503428447 3.5256292659550987 -15.595084695719564
    endloop
  endfacet
  facet normal -0.15929058089825837 0.9807852804032303 -0.1126354499323028
    outer loop
      vertex 2.035523005761999 3.5256292659550983 -4.514914477977769
      vertex 2.0892999952430684 3.6187737440144074 -3.7799010768880468
      vertex 10.443896453083047 3.618773744014408 -15.595084695719564
    endloop
  endfacet
  facet normal -0.053401431398386885 0.9978589232386036 -0.03776051426686758
    outer loop
      vertex 2.0892999952430684 3.6187737440144074 -3.7799010768880468
      vertex 2.1073284825421337 3.65 -2.9802125203862038
      vertex 11.027390141521847 3.65 -15.595084695719564
    endloop
  endfacet
  facet normal 0.053401431398386046 0.9978589232386035 0.037760514266867
    outer loop
      vertex 2.1073284825421337 3.65 -2.9802125203862038
      vertex 2.089299995243068 3.618773744014408 -2.1295317013895407
      vertex 11.610883829960649 3.618773744014408 -15.595084695719564
    endloop
  endfacet
  facet normal 0.15929058089825704 0.9807852804032307 0.1126354499323019
    outer loop
      vertex 2.089299995243068 3.618773744014408 -2.1295317013895407
      vertex 2.035523005761999 3.5256292659550996 -1.2424140045643728
      vertex 12.184393779615249 3.525629265955099 -15.595084695719564
    endloop
  endfacet
  facet normal 0.36112720334681614 0.8968727415326888 0.25535549435746696
    outer loop
      vertex 1.9469176532987458 3.3721602936661967 -0.3340382596588679
      vertex 13.262549531811498 3.1609927238132007 -15.595084695719564
      vertex 12.738107076240055 3.3721602936661963 -15.595084695719564
    endloop
  endfacet
  facet normal 0.4536211957257236 0.8314696123025466 0.3207586235876093
    outer loop
      vertex 1.7954172841431437 2.948291007416671 1.1732540483565397
      vertex 13.748747790511826 2.895739692063008 -15.595084695719564
      vertex 13.262549531811498 3.1609927238132007 -15.595084695719564
    endloop
  endfacet
  facet normal 0.5383536036782102 0.7518398074789783 0.3806734838370775
    outer loop
      vertex 2.107328482542134 2.5809397513308987 1.4901062601931
      vertex 14.188382865335052 2.5809397513308987 -15.595084695719564
      vertex 13.748747790511826 2.895739692063008 -15.595084695719564
    endloop
  endfacet
  facet normal 0.6138746322119464 0.6593458151000666 0.43407491523546515
    outer loop
      vertex 2.356695391821921 2.2669729068332054 1.6143537192993547
      vertex 14.573932478261078 2.2219792158818303 -15.595084695719564
      vertex 14.188382865335052 2.5809397513308987 -15.595084695719564
    endloop
  endfacet
  facet normal 0.6788920955903326 0.5555702330195978 0.4800492044858699
    outer loop
      vertex 2.5428671986124667 1.9512106283418007 1.7327767181276128
      vertex 14.898799768518193 1.825 -15.595084695719564
      vertex 14.573932478261078 2.2219792158818303 -15.595084695719564
    endloop
  endfacet
  facet normal 0.8147483990725424 0.06540312923013841 0.5761141179450779
    outer loop
      vertex 3.0279166666656434 0.10599711916703054 2.0278313505215477
      vertex 15.497708922101145 0 -15.595084695719564
      vertex 15.459464725230033 0.4764206016031882 -15.595084695719564
    endloop
  endfacet
  facet normal 0.8008078280734789 0.1950903220161267 0.5662566456580278
    outer loop
      vertex 2.96956151843123 0.593899175579345 2.0278313505215477
      vertex 15.459464725230033 0.4764206016031882 -15.595084695719564
      vertex 15.34538650342845 0.9446895146242007 -15.595084695719564
    endloop
  endfacet
  facet normal 0.7731652131102024 0.3214394653031622 0.5467103651677663
    outer loop
      vertex 2.878664241271067 0.9446895146242007 2.0355230057619993
      vertex 15.34538650342845 0.9446895146242007 -15.595084695719564
      vertex 15.157426166699878 1.3967945281325778 -15.595084695719564
    endloop
  endfacet
  facet normal 0.7322935269887143 0.4422886902190057 0.517809718752734
    outer loop
      vertex 2.753357350118686 1.3967945281325778 1.9469176532987458
      vertex 15.157426166699878 1.3967945281325778 -15.595084695719564
      vertex 14.898799768518193 1.825 -15.595084695719564
    endloop
  endfacet
  facet normal 0.26245422439526783 0.9469301294951056 0.18558316182094964
    outer loop
      vertex 2.035523005761999 3.5256292659550996 -1.2424140045643728
      vertex 1.9469176532987458 3.3721602936661967 -0.3340382596588679
      vertex 12.738107076240055 3.3721602936661963 -15.595084695719564
    endloop
  endfacet
  facet normal 0.3611272033468165 0.8968727415326886 0.25535549435746724
    outer loop
      vertex 1.9469176532987458 3.3721602936661967 -0.3340382596588679
      vertex 1.8249999999999995 3.160992723813201 0.5800529724823016
      vertex 13.262549531811498 3.1609927238132007 -15.595084695719564
    endloop
  endfacet
  facet normal 0.4536211957257246 0.8314696123025457 0.32075862358761004
    outer loop
      vertex 1.7418525359360058 3.0169770915338554 1.070958165446119
      vertex 13.262549531811498 3.1609927238132007 -15.595084695719564
      vertex 1.8249999999999995 3.160992723813201 0.5800529724823016
    endloop
  endfacet
  facet normal 0.4536211957257258 0.8314696123025448 0.3207586235876108
    outer loop
      vertex 1.7418525359360058 3.0169770915338554 1.070958165446119
      vertex 1.7954172841431437 2.948291007416671 1.1732540483565397
      vertex 13.262549531811498 3.1609927238132007 -15.595084695719564
    endloop
  endfacet
  facet normal 0.5383536036782103 0.751839807478978 0.38067348383707755
    outer loop
      vertex 1.814238432659984 2.895739692063008 1.2828602984231283
      vertex 2.107328482542134 2.5809397513308987 1.4901062601931
      vertex 13.748747790511826 2.895739692063008 -15.595084695719564
    endloop
  endfacet
  facet normal 0.4536211957257249 0.8314696123025455 0.32075862358761026
    outer loop
      vertex 1.814238432659984 2.895739692063008 1.2828602984231283
      vertex 13.748747790511826 2.895739692063008 -15.595084695719564
      vertex 1.7954172841431437 2.948291007416671 1.1732540483565397
    endloop
  endfacet
  facet normal 0.7731652131102034 0.32143946530315876 0.5467103651677669
    outer loop
      vertex 2.867967175983634 1.1879509007332865 1.907624916440532
      vertex 15.157426166699878 1.3967945281325778 -15.595084695719564
      vertex 2.795260932967882 1.2456071535527786 1.9765479608874246
    endloop
  endfacet
  facet normal 0.7731652131102025 0.32143946530316203 0.5467103651677664
    outer loop
      vertex 2.795260932967882 1.2456071535527786 1.9765479608874246
      vertex 15.157426166699878 1.3967945281325778 -15.595084695719564
      vertex 2.753357350118686 1.3967945281325778 1.9469176532987458
    endloop
  endfacet
  facet normal 0.732293526988716 0.4422886902190017 0.517809718752735
    outer loop
      vertex 2.694001415337766 1.5442071834513569 1.904946669311491
      vertex 2.753357350118686 1.3967945281325778 1.9469176532987458
      vertex 14.898799768518193 1.825 -15.595084695719564
    endloop
  endfacet
  facet normal 0.7322935269887164 0.4422886902190008 0.5178097187527352
    outer loop
      vertex 2.694001415337766 1.5442071834513569 1.904946669311491
      vertex 14.898799768518193 1.825 -15.595084695719564
      vertex 2.7044289765396865 1.561402797609412 1.8755121865624318
    endloop
  endfacet
  facet normal 0.8147483990725422 0.0654031292301433 0.5761141179450777
    outer loop
      vertex 2.9802125203861998 0 2.1073284825421337
      vertex 15.497708922101145 0 -15.595084695719564
      vertex 3.0279166666656434 0.10599711916703054 2.0278313505215477
    endloop
  endfacet
  facet normal 0.814748399072542 0.06540312923014267 0.5761141179450778
    outer loop
      vertex 3.0279166666656434 0.10599711916703054 2.0278313505215477
      vertex 15.459464725230033 0.4764206016031882 -15.595084695719564
      vertex 3.027916666665642 0.39863279165303406 1.9946100006035523
    endloop
  endfacet
  facet normal 0.8147483990725417 0.06540312923014699 0.5761141179450776
    outer loop
      vertex 2.95471638913879 0.4764206016031882 2.089299995243068
      vertex 3.001734816120971 0.43215308551179016 2.0278313505215477
      vertex 15.459464725230033 0.4764206016031882 -15.595084695719564
    endloop
  endfacet
  facet normal 0.8008078280734784 0.19509032201612977 0.5662566456580275
    outer loop
      vertex 2.95471638913879 0.4764206016031882 2.089299995243068
      vertex 15.459464725230033 0.4764206016031882 -15.595084695719564
      vertex 2.96956151843123 0.593899175579345 2.0278313505215477
    endloop
  endfacet
  facet normal 0.800807828073479 0.1950903220161264 0.5662566456580279
    outer loop
      vertex 2.96956151843123 0.593899175579345 2.0278313505215477
      vertex 15.34538650342845 0.9446895146242007 -15.595084695719564
      vertex 2.973711776242918 0.7968036689672092 1.9520560598884142
    endloop
  endfacet
  facet normal 0.8147483990725423 0.06540312923013988 0.5761141179450779
    outer loop
      vertex 3.001734816120971 0.43215308551179016 2.0278313505215477
      vertex 3.027916666665642 0.39863279165303406 1.9946100006035523
      vertex 15.459464725230033 0.4764206016031882 -15.595084695719564
    endloop
  endfacet
  facet normal 0.7731652131102018 0.32143946530316414 0.5467103651677659
    outer loop
      vertex 2.867967175983634 1.1879509007332865 1.907624916440532
      vertex 2.8497808157170024 1.0489003954480558 2.0150993396888235
      vertex 15.157426166699878 1.3967945281325778 -15.595084695719564
    endloop
  endfacet
  facet normal 0.8008078280734789 0.19509032201612728 0.5662566456580278
    outer loop
      vertex 2.9011180775505605 0.8748461885890099 2.0278313505215477
      vertex 15.34538650342845 0.9446895146242007 -15.595084695719564
      vertex 2.878664241271067 0.9446895146242007 2.0355230057619993
    endloop
  endfacet
  facet normal 0.8008078280734786 0.19509032201612866 0.5662566456580277
    outer loop
      vertex 2.9011180775505605 0.8748461885890099 2.0278313505215477
      vertex 2.973711776242918 0.7968036689672092 1.9520560598884142
      vertex 15.34538650342845 0.9446895146242007 -15.595084695719564
    endloop
  endfacet
  facet normal 0.773165213110203 0.3214394653031606 0.5467103651677667
    outer loop
      vertex 2.878664241271067 0.9446895146242007 2.0355230057619993
      vertex 15.157426166699878 1.3967945281325778 -15.595084695719564
      vertex 2.8497808157170024 1.0489003954480558 2.0150993396888235
    endloop
  endfacet
  facet normal 0.6138746322119452 0.6593458151000684 0.43407491523546426
    outer loop
      vertex 2.107328482542134 2.5809397513308987 1.4901062601931
      vertex 2.22911166898985 2.4108629712602374 1.5762199771647853
      vertex 14.188382865335052 2.5809397513308987 -15.595084695719564
    endloop
  endfacet
  facet normal 0.6138746322119456 0.6593458151000676 0.43407491523546465
    outer loop
      vertex 2.22911166898985 2.4108629712602374 1.5762199771647853
      vertex 2.342473315664926 2.342473315664926 1.51978408306708
      vertex 14.188382865335052 2.5809397513308987 -15.595084695719564
    endloop
  endfacet
  facet normal 0.6138746322119456 0.659345815100068 0.4340749152354646
    outer loop
      vertex 2.356695391821921 2.2669729068332054 1.6143537192993547
      vertex 14.188382865335052 2.5809397513308987 -15.595084695719564
      vertex 2.342473315664926 2.342473315664926 1.51978408306708
    endloop
  endfacet
  facet normal 0.6138746322119444 0.6593458151000695 0.43407491523546365
    outer loop
      vertex 2.356695391821921 2.2669729068332054 1.6143537192993547
      vertex 2.3643615578261525 2.2219792158818303 1.6718560907156617
      vertex 14.573932478261078 2.2219792158818303 -15.595084695719564
    endloop
  endfacet
  facet normal 0.6788920955903305 0.5555702330196016 0.4800492044858686
    outer loop
      vertex 2.3643615578261525 2.2219792158818303 1.6718560907156617
      vertex 2.5288050793967978 2.0707194213205637 1.6143537192993547
      vertex 14.573932478261078 2.2219792158818303 -15.595084695719564
    endloop
  endfacet
  facet normal 0.7322935269887163 0.442288690219001 0.5178097187527352
    outer loop
      vertex 2.5809397513308983 1.825 1.8249999999999997
      vertex 2.7044289765396865 1.561402797609412 1.8755121865624318
      vertex 14.898799768518193 1.825 -15.595084695719564
    endloop
  endfacet
  facet normal 0.6788920955903301 0.5555702330196024 0.4800492044858682
    outer loop
      vertex 2.5809397513308983 1.825 1.8249999999999997
      vertex 14.898799768518193 1.825 -15.595084695719564
      vertex 2.5428671986124667 1.9512106283418007 1.7327767181276128
    endloop
  endfacet
  facet normal 0.6788920955903268 0.5555702330196083 0.48004920448586597
    outer loop
      vertex 2.617427955525782 1.9624246162417511 1.6143537192993547
      vertex 2.5428671986124667 1.9512106283418007 1.7327767181276128
      vertex 14.573932478261078 2.2219792158818303 -15.595084695719564
    endloop
  endfacet
  facet normal 0.6788920955903306 0.5555702330196014 0.48004920448586863
    outer loop
      vertex 2.6058274091751374 1.9995216970753762 1.5878261998240522
      vertex 14.573932478261078 2.2219792158818303 -15.595084695719564
      vertex 2.5288050793967978 2.0707194213205637 1.6143537192993547
    endloop
  endfacet
  facet normal 0.6788920955903307 0.5555702330196012 0.48004920448586863
    outer loop
      vertex 2.617427955525782 1.9624246162417511 1.6143537192993547
      vertex 14.573932478261078 2.2219792158818303 -15.595084695719564
      vertex 2.6058274091751374 1.9995216970753762 1.5878261998240522
    endloop
  endfacet
  facet normal -0.688838435554017 -0.7007570904043952 -0.18558316182094875
    outer loop
      vertex -3.8938353065974916 0 -5.1726764405785115
      vertex -7.988477760357217 6.785190824162536 -15.595084695719564
      vertex -7.578713083349933 6.382395529016673 -15.595084695719564
    endloop
  endfacet
  facet normal -0.837470461218425 -0.5451764578087542 -0.03776051426686518
    outer loop
      vertex -4.178599990486136 0 -3.779901076888047
      vertex -8.674687794574119 7.724999999999987 -15.595084695719564
      vertex -8.355898219406122 7.2352927708568995 -15.595084695719564
    endloop
  endfacet
  facet normal -0.7697396780379114 -0.6283423298430879 -0.11263544993230314
    outer loop
      vertex -4.071046011523999 0 -4.51491447797777
      vertex -8.355898219406122 7.2352927708568995 -15.595084695719564
      vertex -7.988477760357217 6.785190824162536 -15.595084695719564
    endloop
  endfacet
  facet normal -0.8908718926168104 -0.4526824654298459 0.037760514266868314
    outer loop
      vertex -4.214656965084268 -2.220446049250313e-16 -2.980212520386204
      vertex -8.93939190784492 8.245933485128667 -15.595084695719564
      vertex -8.674687794574119 7.724999999999987 -15.595084695719564
    endloop
  endfacet
  facet normal -0.9512926599492841 -0.24617303909070493 0.18558316182095222
    outer loop
      vertex -4.071046011523999 0 -1.2424140045643721
      vertex -9.28943001806814 9.345444177317102 -15.595084695719564
      vertex -9.145481398450617 8.789179909882334 -15.595084695719564
    endloop
  endfacet
  facet normal -0.929030258936169 -0.3524429505601485 0.11263544993229939
    outer loop
      vertex -4.178599990486136 0 -2.1295317013895403
      vertex -9.145481398450617 8.789179909882334 -15.595084695719564
      vertex -8.93939190784492 8.245933485128667 -15.595084695719564
    endloop
  endfacet
  facet normal -0.5961509764556934 -0.761181702862317 -0.2553554943574679
    outer loop
      vertex -3.6499999999999995 0 -5.741932475144106
      vertex -7.578713083349933 6.382395529016673 -15.595084695719564
      vertex -7.133615375616094 6.0337988245952126 -15.595084695719564
    endloop
  endfacet
  facet normal -0.4932632088659387 -0.8085822853448241 -0.320758623587611
    outer loop
      vertex -3.3437121814313233 0 -6.212942453095543
      vertex -7.133615375616094 6.0337988245952126 -15.595084695719564
      vertex -6.660800382339423 5.745365297160069 -15.595084695719564
    endloop
  endfacet
  facet normal -0.38193557101409314 -0.8421478007437184 -0.38067348383707633
    outer loop
      vertex -2.9802125203862 2.4334892827622784e-16 -6.577647263121441
      vertex -6.660800382339423 5.745365297160069 -15.595084695719564
      vertex -6.168358099143967 5.522030124334536 -15.595084695719564
    endloop
  endfacet
  facet normal -0.264072909649644 -0.8613039337844081 -0.43407491523546377
    outer loop
      vertex -2.9802125203862 2.4334892827622784e-16 -6.577647263121441
      vertex -6.168358099143967 5.522030124334536 -15.595084695719564
      vertex -5.664714350025997 5.367614632845874 -15.595084695719564
    endloop
  endfacet
  facet normal -0.14169188758624857 -0.8657229177194807 -0.48004920448586824
    outer loop
      vertex -2.5657205968462566 4.440892098500626e-16 -6.829806704806975
      vertex -5.664714350025997 5.367614632845874 -15.595084695719564
      vertex -5.158486619169346 5.284760914565512 -15.595084695719564
    endloop
  endfacet
  facet normal -0.016886478041843393 -0.8553291425086347 -0.5178097187527346
    outer loop
      vertex -2.107328482542134 0 -6.965106260193107
      vertex -5.158486619169346 5.284760914565512 -15.595084695719564
      vertex -4.658336603401814 5.274886619584617 -15.595084695719564
    endloop
  endfacet
  facet normal 0.10820786382367832 -0.8303004485274256 -0.5467103651677658
    outer loop
      vertex -1.6128793936398802 0 -6.9812309163750506
      vertex -4.658336603401814 5.274886619584617 -15.595084695719564
      vertex -4.172822008160967 5.338160699827986 -15.595084695719564
    endloop
  endfacet
  facet normal -0.9572781798025111 -0.13569103867037216 0.25535549435746774
    outer loop
      vertex -3.6499999999999995 0 0.5800529724823023
      vertex -9.36877476590574 9.905208451591557 -15.595084695719564
      vertex -9.28943001806814 9.345444177317102 -15.595084695719564
    endloop
  endfacet
  facet normal -0.9468844045916656 -0.022887326957724448 0.3207586235876086
    outer loop
      vertex -3.414903352403485 0.12330672517410646 1.2828602984231272
      vertex -9.382158031329398 10.458895010776896 -15.595084695719564
      vertex -9.36877476590574 9.905208451591557 -15.595084695719564
    endloop
  endfacet
  facet normal -0.6888384355540147 -0.7007570904043972 -0.18558316182095033
    outer loop
      vertex -3.8938353065974916 0 -5.1726764405785115
      vertex -4.071046011523999 0 -4.51491447797777
      vertex -7.988477760357217 6.785190824162536 -15.595084695719564
    endloop
  endfacet
  facet normal -0.5961509764556947 -0.7611817028623162 -0.25535549435746696
    outer loop
      vertex -3.8938353065974916 0 -5.1726764405785115
      vertex -7.578713083349933 6.382395529016673 -15.595084695719564
      vertex -3.6499999999999995 0 -5.741932475144106
    endloop
  endfacet
  facet normal -0.26407290964964253 -0.8613039337844083 -0.4340749152354642
    outer loop
      vertex -2.5657205968462566 4.440892098500626e-16 -6.829806704806975
      vertex -2.9802125203862 2.4334892827622784e-16 -6.577647263121441
      vertex -5.664714350025997 5.367614632845874 -15.595084695719564
    endloop
  endfacet
  facet normal -0.1416918875862526 -0.8657229177194807 -0.48004920448586713
    outer loop
      vertex -2.5657205968462566 4.440892098500626e-16 -6.829806704806975
      vertex -5.158486619169346 5.284760914565512 -15.595084695719564
      vertex -2.107328482542134 0 -6.965106260193107
    endloop
  endfacet
  facet normal -0.4932632088659393 -0.8085822853448239 -0.32075862358761037
    outer loop
      vertex -3.3437121814313233 0 -6.212942453095543
      vertex -3.6499999999999995 0 -5.741932475144106
      vertex -7.133615375616094 6.0337988245952126 -15.595084695719564
    endloop
  endfacet
  facet normal -0.3819355710140912 -0.842147800743719 -0.3806734838370774
    outer loop
      vertex -3.3437121814313233 0 -6.212942453095543
      vertex -6.660800382339423 5.745365297160069 -15.595084695719564
      vertex -2.9802125203862 2.4334892827622784e-16 -6.577647263121441
    endloop
  endfacet
  facet normal -0.7697396780379134 -0.628342329843086 -0.11263544993230146
    outer loop
      vertex -4.071046011523999 0 -4.51491447797777
      vertex -4.178599990486136 0 -3.779901076888047
      vertex -8.355898219406122 7.2352927708568995 -15.595084695719564
    endloop
  endfacet
  facet normal -0.837470461218423 -0.5451764578087572 -0.03776051426686801
    outer loop
      vertex -4.178599990486136 0 -3.779901076888047
      vertex -4.214656965084268 -2.220446049250313e-16 -2.980212520386204
      vertex -8.674687794574119 7.724999999999987 -15.595084695719564
    endloop
  endfacet
  facet normal -0.8908718926168105 -0.45268246542984614 0.03776051426686799
    outer loop
      vertex -4.214656965084268 -2.220446049250313e-16 -2.980212520386204
      vertex -4.178599990486136 0 -2.1295317013895403
      vertex -8.93939190784492 8.245933485128667 -15.595084695719564
    endloop
  endfacet
  facet normal -0.9290302589361701 -0.3524429505601449 0.11263544993230151
    outer loop
      vertex -4.178599990486136 0 -2.1295317013895403
      vertex -4.071046011523999 0 -1.2424140045643721
      vertex -9.145481398450617 8.789179909882334 -15.595084695719564
    endloop
  endfacet
  facet normal -0.920289174692301 0.09030799326474319 0.3806734838370786
    outer loop
      vertex -3.2888236315607178 0.5345301243345515 1.490106260193099
      vertex -9.329350822957167 10.997030124334534 -15.595084695719564
      vertex -9.382158031329398 10.458895010776896 -15.595084695719564
    endloop
  endfacet
  facet normal -0.8779475418615906 0.20195811868433686 0.43407491523546227
    outer loop
      vertex -3.106471226547769 0.9366075648678838 1.6718560907156603
      vertex -9.211256686765225 11.510406151272267 -15.595084695719564
      vertex -9.329350822957167 10.997030124334534 -15.595084695719564
    endloop
  endfacet
  facet normal -0.8205839831765799 0.31015268469988083 0.48004920448586813
    outer loop
      vertex -2.87096623757205 1.3226593902896506 1.8249999999999984
      vertex -9.029896246165691 11.990239085434458 -15.595084695719564
      vertex -9.211256686765225 11.510406151272267 -15.595084695719564
    endloop
  endfacet
  facet normal -0.7491800050305589 0.4130404522896332 0.5178097187527354
    outer loop
      vertex -2.5863382202892535 1.686080146833099 1.9469176532987442
      vertex -8.788372628579841 12.428318852282775 -15.595084695719564
      vertex -9.029896246165691 11.990239085434458 -15.595084695719564
    endloop
  endfacet
  facet normal -0.6649573492865266 0.5088609832242637 0.5467103651677659
    outer loop
      vertex -2.257457238988883 2.020651604594501 2.0355230057619975
      vertex -8.490818370067565 12.817149785547786 -15.595084695719564
      vertex -8.788372628579841 12.428318852282775 -15.595084695719564
    endloop
  endfacet
  facet normal -0.569357088935193 0.5959747616530099 0.5662566456580275
    outer loop
      vertex -1.9991125325539596 2.2747661252724676 2.0278313505215477
      vertex -8.142324706489635 13.15007888015702 -15.595084695719564
      vertex -8.490818370067565 12.817149785547786 -15.595084695719564
    endloop
  endfacet
  facet normal -0.4640149709365714 0.6728912466744521 0.5761141179450775
    outer loop
      vertex -1.605754531259471 2.569254194291207 2.0278313505215477
      vertex -7.748854461050568 13.421409626996333 -15.595084695719564
      vertex -8.142324706489635 13.15007888015702 -15.595084695719564
    endloop
  endfacet
  facet normal -0.3507334281359703 0.7382943759045953 0.5761141179450772
    outer loop
      vertex -1.126611857683451 2.815655148940865 2.0278313505215477
      vertex -7.317140018740384 13.626499481760208 -15.595084695719564
      vertex -7.748854461050568 13.421409626996333 -15.595084695719564
    endloop
  endfacet
  facet normal -0.23145073913828396 0.7910650836691387 0.5662566456580272
    outer loop
      vertex -1.0647658506947695 2.7970697547740144 2.0892999952430666
      vertex -6.854568133360869 13.761839300171985 -15.595084695719564
      vertex -7.317140018740384 13.626499481760208 -15.595084695719564
    endloop
  endfacet
  facet normal -0.10820786382367403 0.8303004485274267 0.5467103651677656
    outer loop
      vertex -0.31890302837160917 3.043570554932767 1.9765479608874226
      vertex -6.369053538120021 13.825113380415353 -15.595084695719564
      vertex -6.854568133360869 13.761839300171985 -15.595084695719564
    endloop
  endfacet
  facet normal 0.016886478041840413 0.8553291425086342 0.5178097187527356
    outer loop
      vertex 0.014132780777380899 3.108552363464157 1.8985950897401078
      vertex -5.8689035223524915 13.81523908543446 -15.595084695719564
      vertex -6.369053538120021 13.825113380415353 -15.595084695719564
    endloop
  endfacet
  facet normal 0.14169188758624732 0.865722917719481 0.48004920448586846
    outer loop
      vertex 0.52889308327501 3.225369150637035 1.6143537192993547
      vertex -5.36267579149584 13.732385367154098 -15.595084695719564
      vertex -5.8689035223524915 13.81523908543446 -15.595084695719564
    endloop
  endfacet
  facet normal 0.231450739138285 -0.7910650836691386 -0.566256645658027
    outer loop
      vertex -1.0908334911377984 1.8138772154119034e-16 -6.877904776014937
      vertex -4.172822008160967 5.338160699827986 -15.595084695719564
      vertex -3.7102501227814524 5.473500518239764 -15.595084695719564
    endloop
  endfacet
  facet normal 0.350733428135971 -0.7382943759045948 -0.5761141179450774
    outer loop
      vertex -0.5501231251661683 3.7339708948586113e-16 -6.656895778021744
      vertex -3.7102501227814524 5.473500518239764 -15.595084695719564
      vertex -3.2785356804712693 5.678590373003639 -15.595084695719564
    endloop
  endfacet
  facet normal 0.5693570889351934 -0.5959747616530098 -0.5662566456580271
    outer loop
      vertex 0.2750615625830858 0.47642060160318617 -6.65689577802174
      vertex -2.8850654350321996 5.949921119842952 -15.595084695719564
      vertex -2.53657177145427 6.2828502144521865 -15.595084695719564
    endloop
  endfacet
  facet normal 0.464014970936571 -0.6728912466744525 -0.5761141179450772
    outer loop
      vertex -2.2291120288694997e-16 1.500991699779442e-18 -6.321985447626408
      vertex -3.2785356804712693 5.678590373003639 -15.595084695719564
      vertex -2.8850654350321996 5.949921119842952 -15.595084695719564
    endloop
  endfacet
  facet normal 0.6649573492865258 -0.5088609832242645 -0.5467103651677663
    outer loop
      vertex 0.806439696819941 1.3967945281325753 -6.981230916375047
      vertex -2.53657177145427 6.2828502144521865 -15.595084695719564
      vertex -2.2390175129419942 6.671681147717195 -15.595084695719564
    endloop
  endfacet
  facet normal 0.7491800050305591 -0.4130404522896332 -0.517809718752735
    outer loop
      vertex 1.0536642412710677 1.824999999999999 -6.965106260193103
      vertex -2.2390175129419942 6.671681147717195 -15.595084695719564
      vertex -1.997493895356144 7.109760914565513 -15.595084695719564
    endloop
  endfacet
  facet normal 0.8205839831765809 -0.3101526846998787 -0.4800492044858679
    outer loop
      vertex 1.0536642412710677 1.824999999999999 -6.965106260193103
      vertex -1.997493895356144 7.109760914565513 -15.595084695719564
      vertex -1.816133454756612 7.589593848727704 -15.595084695719564
    endloop
  endfacet
  facet normal 0.8779475418615895 -0.20195811868433916 -0.43407491523546343
    outer loop
      vertex 1.2828602984231285 2.2219792158818286 -6.829806704806973
      vertex -1.816133454756612 7.589593848727704 -15.595084695719564
      vertex -1.698039318564668 8.102969875665435 -15.595084695719564
    endloop
  endfacet
  facet normal 0.9202891746923014 -0.09030799326474222 -0.3806734838370779
    outer loop
      vertex 1.4901062601931008 2.5809397513308974 -6.577647263121439
      vertex -1.698039318564668 8.102969875665435 -15.595084695719564
      vertex -1.6452321101924374 8.641104989223075 -15.595084695719564
    endloop
  endfacet
  facet normal 0.9468844045916653 0.022887326957722467 -0.3207586235876091
    outer loop
      vertex 1.6718560907156623 2.8957396920630067 -6.212942453095541
      vertex -1.6452321101924374 8.641104989223075 -15.595084695719564
      vertex -1.6586153756160942 9.194791548408414 -15.595084695719564
    endloop
  endfacet
  facet normal -0.016886478041842474 -0.8553291425086346 -0.5178097187527347
    outer loop
      vertex -2.107328482542134 0 -6.965106260193107
      vertex -4.658336603401814 5.274886619584617 -15.595084695719564
      vertex -1.6128793936398802 0 -6.9812309163750506
    endloop
  endfacet
  facet normal 0.10820786382367692 -0.8303004485274259 -0.5467103651677659
    outer loop
      vertex -1.6128793936398802 0 -6.9812309163750506
      vertex -4.172822008160967 5.338160699827986 -15.595084695719564
      vertex -1.0908334911377984 1.8138772154119034e-16 -6.877904776014937
    endloop
  endfacet
  facet normal 0.23145073913828607 -0.7910650836691381 -0.5662566456580271
    outer loop
      vertex -1.0908334911377984 1.8138772154119034e-16 -6.877904776014937
      vertex -3.7102501227814524 5.473500518239764 -15.595084695719564
      vertex -0.5501231251661683 3.7339708948586113e-16 -6.656895778021744
    endloop
  endfacet
  facet normal 0.5693570889351935 -0.5959747616530096 -0.5662566456580271
    outer loop
      vertex 0.2750615625830858 0.47642060160318617 -6.65689577802174
      vertex -2.53657177145427 6.2828502144521865 -15.595084695719564
      vertex 0.5454167455688997 0.9446895146241997 -6.877904776014934
    endloop
  endfacet
  facet normal 0.6649573492865257 -0.5088609832242649 -0.546710365167766
    outer loop
      vertex 0.5454167455688997 0.9446895146241997 -6.877904776014934
      vertex -2.53657177145427 6.2828502144521865 -15.595084695719564
      vertex 0.806439696819941 1.3967945281325753 -6.981230916375047
    endloop
  endfacet
  facet normal 0.74918000503056 -0.41304045228963226 -0.5178097187527344
    outer loop
      vertex 0.806439696819941 1.3967945281325753 -6.981230916375047
      vertex -2.2390175129419942 6.671681147717195 -15.595084695719564
      vertex 1.0536642412710677 1.824999999999999 -6.965106260193103
    endloop
  endfacet
  facet normal 0.3507334281359702 -0.7382943759045952 -0.5761141179450775
    outer loop
      vertex -0.5501231251661683 3.7339708948586113e-16 -6.656895778021744
      vertex -3.2785356804712693 5.678590373003639 -15.595084695719564
      vertex -2.2291120288694997e-16 1.500991699779442e-18 -6.321985447626408
    endloop
  endfacet
  facet normal 0.46401497093657246 -0.6728912466744514 -0.5761141179450774
    outer loop
      vertex 0.2750615625830858 0.47642060160318617 -6.65689577802174
      vertex -2.2291120288694997e-16 1.500991699779442e-18 -6.321985447626408
      vertex -2.8850654350321996 5.949921119842952 -15.595084695719564
    endloop
  endfacet
  facet normal 0.8205839831765809 -0.3101526846998786 -0.48004920448586785
    outer loop
      vertex 1.0536642412710677 1.824999999999999 -6.965106260193103
      vertex -1.816133454756612 7.589593848727704 -15.595084695719564
      vertex 1.2828602984231285 2.2219792158818286 -6.829806704806973
    endloop
  endfacet
  facet normal 0.8779475418615887 -0.20195811868434088 -0.4340749152354645
    outer loop
      vertex 1.2828602984231285 2.2219792158818286 -6.829806704806973
      vertex -1.698039318564668 8.102969875665435 -15.595084695719564
      vertex 1.4901062601931008 2.5809397513308974 -6.577647263121439
    endloop
  endfacet
  facet normal 0.9202891746923021 -0.09030799326474014 -0.3806734838370767
    outer loop
      vertex 1.4901062601931008 2.5809397513308974 -6.577647263121439
      vertex -1.6452321101924374 8.641104989223075 -15.595084695719564
      vertex 1.6718560907156623 2.8957396920630067 -6.212942453095541
    endloop
  endfacet
  facet normal 0.9468844045916653 0.022887326957721884 -0.3207586235876099
    outer loop
      vertex 1.6718560907156623 2.8957396920630067 -6.212942453095541
      vertex -1.6586153756160942 9.194791548408414 -15.595084695719564
      vertex 1.8250000000000002 3.1609927238132 -5.741932475144102
    endloop
  endfacet
  facet normal 0.9572781798025113 0.13569103867037086 -0.2553554943574679
    outer loop
      vertex 1.8250000000000002 3.1609927238132 -5.741932475144102
      vertex -1.7379601234536954 9.75455582268287 -15.595084695719564
      vertex 1.9469176532987462 3.372160293666195 -5.1726764405785115
    endloop
  endfacet
  facet normal 0.9512926599492836 0.24617303909070998 -0.185583161820949
    outer loop
      vertex 1.9469176532987462 3.372160293666195 -5.1726764405785115
      vertex -1.8819087430712196 10.310820090117634 -15.595084695719564
      vertex 2.035523005761999 3.5256292659550983 -4.514914477977769
    endloop
  endfacet
  facet normal 0.9290302589361709 0.3524429505601427 -0.11263544993230311
    outer loop
      vertex 2.035523005761999 3.5256292659550983 -4.514914477977769
      vertex -2.087998233676916 10.854066514871308 -15.595084695719564
      vertex 2.0892999952430684 3.6187737440144074 -3.7799010768880468
    endloop
  endfacet
  facet normal 0.8908718926168095 0.4526824654298477 -0.037760514266866746
    outer loop
      vertex 2.0892999952430684 3.6187737440144074 -3.7799010768880468
      vertex -2.352702346947717 11.374999999999986 -15.595084695719564
      vertex 2.1073284825421337 3.65 -2.9802125203862038
    endloop
  endfacet
  facet normal 0.8374704612184237 0.545176457808756 0.037760514266866975
    outer loop
      vertex 2.1073284825421337 3.65 -2.9802125203862038
      vertex -2.6714919221157163 11.864707229143074 -15.595084695719564
      vertex 2.089299995243068 3.618773744014408 -2.1295317013895407
    endloop
  endfacet
  facet normal 0.7697396780379128 0.6283423298430866 0.11263544993230211
    outer loop
      vertex 2.089299995243068 3.618773744014408 -2.1295317013895407
      vertex -3.0389123811646184 12.314809175837436 -15.595084695719564
      vertex 2.035523005761999 3.5256292659550996 -1.2424140045643728
    endloop
  endfacet
  facet normal 0.9572781798025114 0.1356910386703728 -0.25535549435746646
    outer loop
      vertex 1.8250000000000002 3.1609927238132 -5.741932475144102
      vertex -1.6586153756160942 9.194791548408414 -15.595084695719564
      vertex -1.7379601234536954 9.75455582268287 -15.595084695719564
    endloop
  endfacet
  facet normal 0.951292659949284 0.2461730390907075 -0.1855831618209505
    outer loop
      vertex 1.9469176532987462 3.372160293666195 -5.1726764405785115
      vertex -1.7379601234536954 9.75455582268287 -15.595084695719564
      vertex -1.8819087430712196 10.310820090117634 -15.595084695719564
    endloop
  endfacet
  facet normal 0.9290302589361703 0.3524429505601445 -0.1126354499323019
    outer loop
      vertex 2.035523005761999 3.5256292659550983 -4.514914477977769
      vertex -1.8819087430712196 10.310820090117634 -15.595084695719564
      vertex -2.087998233676916 10.854066514871308 -15.595084695719564
    endloop
  endfacet
  facet normal 0.8908718926168093 0.4526824654298487 -0.03776051426686586
    outer loop
      vertex 2.0892999952430684 3.6187737440144074 -3.7799010768880468
      vertex -2.087998233676916 10.854066514871308 -15.595084695719564
      vertex -2.352702346947717 11.374999999999986 -15.595084695719564
    endloop
  endfacet
  facet normal 0.8374704612184232 0.5451764578087568 0.037760514266867044
    outer loop
      vertex 2.1073284825421337 3.65 -2.9802125203862038
      vertex -2.352702346947717 11.374999999999986 -15.595084695719564
      vertex -2.6714919221157163 11.864707229143074 -15.595084695719564
    endloop
  endfacet
  facet normal 0.769739678037912 0.6283423298430875 0.11263544993230268
    outer loop
      vertex 2.089299995243068 3.618773744014408 -2.1295317013895407
      vertex -2.6714919221157163 11.864707229143074 -15.595084695719564
      vertex -3.0389123811646184 12.314809175837436 -15.595084695719564
    endloop
  endfacet
  facet normal 0.688838435554016 0.700757090404396 0.18558316182094983
    outer loop
      vertex 2.035523005761999 3.5256292659550996 -1.2424140045643728
      vertex -3.0389123811646184 12.314809175837436 -15.595084695719564
      vertex -3.4486770581719033 12.717604470983298 -15.595084695719564
    endloop
  endfacet
  facet normal 0.2640729096496485 0.8613039337844076 0.4340749152354617
    outer loop
      vertex 1.1814951490185825 3.1154698756654504 1.490106260193099
      vertex -4.8590320423778675 13.577969875665433 -15.595084695719564
      vertex -5.36267579149584 13.732385367154098 -15.595084695719564
    endloop
  endfacet
  facet normal 0.38193557101408987 0.8421478007437194 0.3806734838370777
    outer loop
      vertex 1.6006649197435 3.0190464172371145 1.2828602984231272
      vertex -4.366589759182414 13.354634702839903 -15.595084695719564
      vertex -4.8590320423778675 13.577969875665433 -15.595084695719564
    endloop
  endfacet
  facet normal 0.49326320886593955 0.8085822853448237 0.3207586235876107
    outer loop
      vertex 1.8249999999999995 3.160992723813201 0.5800529724823016
      vertex -3.893774765905743 13.066201175404759 -15.595084695719564
      vertex -4.366589759182414 13.354634702839903 -15.595084695719564
    endloop
  endfacet
  facet normal 0.5961509764556933 0.7611817028623168 0.2553554943574686
    outer loop
      vertex 1.9469176532987458 3.3721602936661967 -0.3340382596588679
      vertex -3.4486770581719033 12.717604470983298 -15.595084695719564
      vertex -3.893774765905743 13.066201175404759 -15.595084695719564
    endloop
  endfacet
  facet normal -0.9512926599492837 -0.2461730390907088 0.18558316182094975
    outer loop
      vertex -4.071046011523999 0 -1.2424140045643721
      vertex -3.893835306597492 0 -0.33403825965886713
      vertex -9.28943001806814 9.345444177317102 -15.595084695719564
    endloop
  endfacet
  facet normal -0.9572781798025113 -0.1356910386703713 0.2553554943574675
    outer loop
      vertex -3.893835306597492 0 -0.33403825965886713
      vertex -3.6499999999999995 0 0.5800529724823023
      vertex -9.28943001806814 9.345444177317102 -15.595084695719564
    endloop
  endfacet
  facet normal -0.9468844045916652 -0.02288732695772177 0.3207586235876099
    outer loop
      vertex -3.6499999999999995 0 0.5800529724823023
      vertex -3.4837050718720124 0 1.0709581654461156
      vertex -9.36877476590574 9.905208451591557 -15.595084695719564
    endloop
  endfacet
  facet normal -0.946884404591665 -0.02288732695772092 0.32075862358761037
    outer loop
      vertex -3.4837050718720124 0 1.0709581654461156
      vertex -3.4510035522436238 0.08073147475329176 1.1732540483565397
      vertex -9.36877476590574 9.905208451591557 -15.595084695719564
    endloop
  endfacet
  facet normal -0.9468844045916649 -0.022887326957720597 0.32075862358761054
    outer loop
      vertex -3.4510035522436238 0.08073147475329176 1.1732540483565397
      vertex -3.414903352403485 0.12330672517410646 1.2828602984231272
      vertex -9.36877476590574 9.905208451591557 -15.595084695719564
    endloop
  endfacet
  facet normal -0.920289174692302 0.09030799326474034 0.38067348383707694
    outer loop
      vertex -3.414903352403485 0.12330672517410646 1.2828602984231272
      vertex -3.2888236315607178 0.5345301243345515 1.490106260193099
      vertex -9.382158031329398 10.458895010776896 -15.595084695719564
    endloop
  endfacet
  facet normal -0.8779475418615892 0.20195811868433985 0.43407491523546404
    outer loop
      vertex -3.2888236315607178 0.5345301243345515 1.490106260193099
      vertex -3.2024244126495245 0.7250358475874197 1.5762199771647836
      vertex -9.329350822957167 10.997030124334534 -15.595084695719564
    endloop
  endfacet
  facet normal -0.8779475418615881 0.20195811868434227 0.43407491523546504
    outer loop
      vertex -3.2024244126495245 0.7250358475874197 1.5762199771647836
      vertex -3.199878056885455 0.8574047412205277 1.5197840830670752
      vertex -9.329350822957167 10.997030124334534 -15.595084695719564
    endloop
  endfacet
  facet normal -0.8779475418615899 0.20195811868433805 0.43407491523546315
    outer loop
      vertex -3.199878056885455 0.8574047412205277 1.5197840830670752
      vertex -3.1416038229195693 0.9074716248829046 1.6143537192993547
      vertex -9.329350822957167 10.997030124334534 -15.595084695719564
    endloop
  endfacet
  facet normal -0.8779475418615877 0.20195811868434285 0.43407491523546526
    outer loop
      vertex -3.1416038229195693 0.9074716248829046 1.6143537192993547
      vertex -3.106471226547769 0.9366075648678838 1.6718560907156603
      vertex -9.329350822957167 10.997030124334534 -15.595084695719564
    endloop
  endfacet
  facet normal -0.8205839831765804 0.3101526846998791 0.48004920448586813
    outer loop
      vertex -3.106471226547769 0.9366075648678838 1.6718560907156603
      vertex -3.057698162671819 1.1546497293164693 1.6143537192993547
      vertex -9.211256686765225 11.510406151272267 -15.595084695719564
    endloop
  endfacet
  facet normal -0.8205839831765819 0.31015268469987695 0.48004920448586724
    outer loop
      vertex -3.057698162671819 1.1546497293164693 1.6143537192993547
      vertex -3.034550289673017 1.2569518856857678 1.5878261998240528
      vertex -9.211256686765225 11.510406151272267 -15.595084695719564
    endloop
  endfacet
  facet normal -0.8205839831765817 0.3101526846998771 0.48004920448586735
    outer loop
      vertex -3.034550289673017 1.2569518856857678 1.5878261998240528
      vertex -3.008223548440176 1.285546793940016 1.6143537192993547
      vertex -9.211256686765225 11.510406151272267 -15.595084695719564
    endloop
  endfacet
  facet normal -0.820583983176569 0.3101526846998984 0.48004920448587546
    outer loop
      vertex -2.961231571584432 1.2265822782776665 1.7327767181276075
      vertex -9.211256686765225 11.510406151272267 -15.595084695719564
      vertex -3.008223548440176 1.285546793940016 1.6143537192993547
    endloop
  endfacet
  facet normal -0.8205839831765818 0.31015268469987695 0.4800492044858673
    outer loop
      vertex -2.961231571584432 1.2265822782776665 1.7327767181276075
      vertex -2.87096623757205 1.3226593902896506 1.8249999999999984
      vertex -9.211256686765225 11.510406151272267 -15.595084695719564
    endloop
  endfacet
  facet normal -0.7491800050305587 0.413040452289634 0.5178097187527351
    outer loop
      vertex -2.87096623757205 1.3226593902896506 1.8249999999999984
      vertex -2.6991517061428065 1.5420368345527518 1.8985950897401083
      vertex -9.029896246165691 11.990239085434458 -15.595084695719564
    endloop
  endfacet
  facet normal -0.7491800050305679 0.413040452289622 0.5178097187527312
    outer loop
      vertex -2.7044289765396874 1.5614027976094127 1.8755121865624298
      vertex -9.029896246165691 11.990239085434458 -15.595084695719564
      vertex -2.6991517061428065 1.5420368345527518 1.8985950897401083
    endloop
  endfacet
  facet normal -0.7491800050305654 0.4130404522896254 0.5178097187527324
    outer loop
      vertex -2.7044289765396874 1.5614027976094127 1.8755121865624298
      vertex -2.684323357244176 1.5609700717880601 1.9049466693114894
      vertex -9.029896246165691 11.990239085434458 -15.595084695719564
    endloop
  endfacet
  facet normal -0.7491800050305589 0.41304045228963365 0.517809718752735
    outer loop
      vertex -2.684323357244176 1.5609700717880601 1.9049466693114894
      vertex -2.5863382202892535 1.686080146833099 1.9469176532987442
      vertex -9.029896246165691 11.990239085434458 -15.595084695719564
    endloop
  endfacet
  facet normal -0.6649573492865273 0.5088609832242631 0.5467103651677656
    outer loop
      vertex -2.5863382202892535 1.686080146833099 1.9469176532987442
      vertex -2.4763579045962723 1.7979634013799881 1.976547960887423
      vertex -8.788372628579841 12.428318852282775 -15.595084695719564
    endloop
  endfacet
  facet normal -0.6649573492865224 0.5088609832242681 0.5467103651677669
    outer loop
      vertex -2.4627792464754505 1.8897569812551012 1.9076249164405286
      vertex -8.788372628579841 12.428318852282775 -15.595084695719564
      vertex -2.4763579045962723 1.7979634013799881 1.976547960887423
    endloop
  endfacet
  facet normal -0.6649573492865277 0.5088609832242625 0.5467103651677656
    outer loop
      vertex -2.4627792464754505 1.8897569812551012 1.9076249164405286
      vertex -2.3332647963560595 1.9435323839044394 2.015099339688822
      vertex -8.788372628579841 12.428318852282775 -15.595084695719564
    endloop
  endfacet
  facet normal -0.6649573492865264 0.5088609832242641 0.5467103651677658
    outer loop
      vertex -2.3332647963560595 1.9435323839044394 2.015099339688822
      vertex -2.257457238988883 2.020651604594501 2.0355230057619975
      vertex -8.788372628579841 12.428318852282775 -15.595084695719564
    endloop
  endfacet
  facet normal -0.5693570889351942 0.5959747616530091 0.566256645658027
    outer loop
      vertex -2.257457238988883 2.020651604594501 2.0355230057619975
      vertex -2.208198062497357 2.075018860242552 2.0278313505215477
      vertex -8.490818370067565 12.817149785547786 -15.595084695719564
    endloop
  endfacet
  facet normal -0.5693570889351925 0.5959747616530104 0.5662566456580272
    outer loop
      vertex -2.208198062497357 2.075018860242552 2.0278313505215477
      vertex -2.176908107275709 2.176908107275709 1.9520560598884142
      vertex -8.490818370067565 12.817149785547786 -15.595084695719564
    endloop
  endfacet
  facet normal -0.5693570889351923 0.5959747616530104 0.5662566456580272
    outer loop
      vertex -2.176908107275709 2.176908107275709 1.9520560598884142
      vertex -1.9991125325539596 2.2747661252724676 2.0278313505215477
      vertex -8.490818370067565 12.817149785547786 -15.595084695719564
    endloop
  endfacet
  facet normal -0.5693570889351923 0.5959747616530107 0.5662566456580274
    outer loop
      vertex -1.9991125325539596 2.2747661252724676 2.0278313505215477
      vertex -1.8899505384440218 2.3206491531708258 2.0892999952430666
      vertex -8.142324706489635 13.15007888015702 -15.595084695719564
    endloop
  endfacet
  facet normal -0.4640149709365717 0.6728912466744518 0.5761141179450773
    outer loop
      vertex -1.8751229584375269 2.383502063429075 2.0278313505215477
      vertex -1.859184457685859 2.4229363580482284 1.9946100006035499
      vertex -8.142324706489635 13.15007888015702 -15.595084695719564
    endloop
  endfacet
  facet normal -0.46401497093657246 0.6728912466744514 0.5761141179450774
    outer loop
      vertex -1.8751229584375269 2.383502063429075 2.0278313505215477
      vertex -8.142324706489635 13.15007888015702 -15.595084695719564
      vertex -1.8899505384440218 2.3206491531708258 2.0892999952430666
    endloop
  endfacet
  facet normal -0.46401497093657285 0.672891246674451 0.5761141179450774
    outer loop
      vertex -1.859184457685859 2.4229363580482284 1.9946100006035499
      vertex -1.605754531259471 2.569254194291207 2.0278313505215477
      vertex -8.142324706489635 13.15007888015702 -15.595084695719564
    endloop
  endfacet
  facet normal -0.4640149709365713 0.6728912466744521 0.5761141179450774
    outer loop
      vertex -1.605754531259471 2.569254194291207 2.0278313505215477
      vertex -1.4901062601931006 2.5809397513308996 2.1073284825421323
      vertex -7.748854461050568 13.421409626996333 -15.595084695719564
    endloop
  endfacet
  facet normal -0.35073342813597186 0.7382943759045945 0.5761141179450775
    outer loop
      vertex -1.4901062601931006 2.5809397513308996 2.1073284825421323
      vertex -1.4221621354061666 2.6752513134582805 2.0278313505215477
      vertex -7.748854461050568 13.421409626996333 -15.595084695719564
    endloop
  endfacet
  facet normal -0.3507334281359703 0.738294375904595 0.5761141179450773
    outer loop
      vertex -1.4221621354061666 2.6752513134582805 2.0278313505215477
      vertex -1.1687322089797831 2.8215691497012587 1.9946100006035568
      vertex -7.748854461050568 13.421409626996333 -15.595084695719564
    endloop
  endfacet
  facet normal -0.35073342813597047 0.738294375904595 0.5761141179450774
    outer loop
      vertex -1.1687322089797831 2.8215691497012587 1.9946100006035568
      vertex -1.126611857683451 2.815655148940865 2.0278313505215477
      vertex -7.748854461050568 13.421409626996333 -15.595084695719564
    endloop
  endfacet
  facet normal -0.3507334281359689 0.7382943759045958 0.5761141179450772
    outer loop
      vertex -1.0647658506947695 2.7970697547740144 2.0892999952430666
      vertex -7.317140018740384 13.626499481760208 -15.595084695719564
      vertex -1.126611857683451 2.815655148940865 2.0278313505215477
    endloop
  endfacet
  facet normal -0.9468844045916649 -0.022887326957721093 0.3207586235876107
    outer loop
      vertex -3.4510035522436238 0.08073147475329176 1.1732540483565397
      vertex -3.429945105439179 0.03140315505792468 1.2318991481281782
      vertex -3.414903352403485 0.12330672517410646 1.2828602984231272
    endloop
  endfacet
  facet normal 0.2886751345948076 -0.49999999999999944 0.8164965809277283
    outer loop
      vertex -3.429945105439179 0.03140315505792468 1.2318991481281782
      vertex -3.3171001227238324 0.43670451590404985 1.4401978034098897
      vertex -3.414903352403485 0.12330672517410646 1.2828602984231272
    endloop
  endfacet
  facet normal 0.28867513459477817 -0.4999999999999967 0.8164965809277404
    outer loop
      vertex -3.414903352403485 0.12330672517410646 1.2828602984231272
      vertex -3.3171001227238324 0.43670451590404985 1.4401978034098897
      vertex -3.2888236315607178 0.5345301243345515 1.490106260193099
    endloop
  endfacet
  facet normal 0.2886751345948168 -0.49999999999999956 0.8164965809277249
    outer loop
      vertex -3.3171001227238324 0.43670451590404985 1.4401978034098897
      vertex -3.2024244126495245 0.7250358475874197 1.5762199771647836
      vertex -3.2888236315607178 0.5345301243345515 1.490106260193099
    endloop
  endfacet
  facet normal -0.23145073913828637 0.7910650836691381 0.5662566456580274
    outer loop
      vertex -1.0647658506947695 2.7970697547740144 2.0892999952430666
      vertex -0.9704489858772594 2.8686653008518124 2.0278313505215477
      vertex -6.854568133360869 13.761839300171985 -15.595084695719564
    endloop
  endfacet
  facet normal -0.23145073913828432 0.7910650836691389 0.5662566456580271
    outer loop
      vertex -0.9704489858772594 2.8686653008518124 2.0278313505215477
      vertex -0.7968036689672093 2.973711776242918 1.9520560598884138
      vertex -6.854568133360869 13.761839300171985 -15.595084695719564
    endloop
  endfacet
  facet normal -0.23145073913828684 0.7910650836691377 0.5662566456580272
    outer loop
      vertex -0.7968036689672093 2.973711776242918 1.9520560598884138
      vertex -0.6929200150532036 2.949865048831564 2.0278313505215477
      vertex -6.854568133360869 13.761839300171985 -15.595084695719564
    endloop
  endfacet
  facet normal -0.1082078638236775 0.8303004485274257 0.546710365167766
    outer loop
      vertex -0.4051879295081854 3.077707881988388 1.9076249164405295
      vertex -6.854568133360869 13.761839300171985 -15.595084695719564
      vertex -0.516516019360945 2.992432779352492 2.015099339688822
    endloop
  endfacet
  facet normal -0.10820786382367317 0.8303004485274269 0.5467103651677652
    outer loop
      vertex -0.4051879295081854 3.077707881988388 1.9076249164405295
      vertex -0.31890302837160917 3.043570554932767 1.9765479608874226
      vertex -6.854568133360869 13.761839300171985 -15.595084695719564
    endloop
  endfacet
  facet normal -0.2314507391382858 0.7910650836691382 0.5662566456580272
    outer loop
      vertex -0.6929200150532036 2.949865048831564 2.0278313505215477
      vertex -0.6212070022821854 2.9653411192187016 2.0355230057619975
      vertex -6.854568133360869 13.761839300171985 -15.595084695719564
    endloop
  endfacet
  facet normal -0.10820786382367666 0.8303004485274259 0.5467103651677659
    outer loop
      vertex -0.6212070022821854 2.9653411192187016 2.0355230057619975
      vertex -0.516516019360945 2.992432779352492 2.015099339688822
      vertex -6.854568133360869 13.761839300171985 -15.595084695719564
    endloop
  endfacet
  facet normal -0.10820786382367671 0.830300448527426 0.5467103651677659
    outer loop
      vertex -0.31890302837160917 3.043570554932767 1.9765479608874226
      vertex -0.16701912982943334 3.0828746749656766 1.9469176532987442
      vertex -6.369053538120021 13.825113380415353 -15.595084695719564
    endloop
  endfacet
  facet normal 0.01688647804184315 0.8553291425086346 0.5178097187527347
    outer loop
      vertex -0.16701912982943334 3.0828746749656766 1.9469176532987442
      vertex -0.009678058093592698 3.105177255239417 1.9049466693114898
      vertex -6.369053538120021 13.825113380415353 -15.595084695719564
    endloop
  endfacet
  facet normal 0.016886478041846058 0.855329142508635 0.5178097187527338
    outer loop
      vertex 0 3.1228055952188285 1.875512186562425
      vertex 0.014132780777380899 3.108552363464157 1.8985950897401078
      vertex -6.369053538120021 13.825113380415353 -15.595084695719564
    endloop
  endfacet
  facet normal 0.016886478041827153 0.8553291425086321 0.5178097187527391
    outer loop
      vertex 0 3.1228055952188285 1.875512186562425
      vertex -6.369053538120021 13.825113380415353 -15.595084695719564
      vertex -0.009678058093592698 3.105177255239417 1.9049466693114898
    endloop
  endfacet
  facet normal 0.016886478041842592 0.8553291425086346 0.517809718752735
    outer loop
      vertex 0.014132780777380899 3.108552363464157 1.8985950897401078
      vertex 0.29002648624115085 3.147659390289651 1.8249999999999984
      vertex -5.8689035223524915 13.81523908543446 -15.595084695719564
    endloop
  endfacet
  facet normal 0.1416918875862442 0.8657229177194805 0.48004920448587
    outer loop
      vertex 0.39079559291439836 3.247971410181768 1.6143537192993547
      vertex 0.4287228804978796 3.2564735827611426 1.5878261998240557
      vertex -5.8689035223524915 13.81523908543446 -15.595084695719564
    endloop
  endfacet
  facet normal 0.1416918875862538 0.865722917719481 0.4800492044858667
    outer loop
      vertex 0.4287228804978796 3.2564735827611426 1.5878261998240557
      vertex 0.52889308327501 3.225369150637035 1.6143537192993547
      vertex -5.8689035223524915 13.81523908543446 -15.595084695719564
    endloop
  endfacet
  facet normal 0.1416918875862315 0.8657229177194802 0.4800492044858744
    outer loop
      vertex 0.39079559291439836 3.247971410181768 1.6143537192993547
      vertex -5.8689035223524915 13.81523908543446 -15.595084695719564
      vertex 0.41836437297196377 3.1777929066194726 1.7327767181276006
    endloop
  endfacet
  facet normal 0.14169188758625256 0.8657229177194807 0.4800492044858672
    outer loop
      vertex 0.29002648624115085 3.147659390289651 1.8249999999999984
      vertex 0.41836437297196377 3.1777929066194726 1.7327767181276006
      vertex -5.8689035223524915 13.81523908543446 -15.595084695719564
    endloop
  endfacet
  facet normal 0.26407290964964336 0.8613039337844081 0.4340749152354642
    outer loop
      vertex 1.1814951490185825 3.1154698756654504 1.490106260193099
      vertex -5.36267579149584 13.732385367154098 -15.595084695719564
      vertex 0.973312743659669 3.1358988188476586 1.5762199771647858
    endloop
  endfacet
  facet normal 0.2640729096496463 0.8613039337844078 0.43407491523546293
    outer loop
      vertex 0.7849084310976497 3.1744445317161074 1.6143537192993547
      vertex -5.36267579149584 13.732385367154098 -15.595084695719564
      vertex 0.7421096687216157 3.1585867807497143 1.6718560907156603
    endloop
  endfacet
  facet normal 0.14169188758624934 0.8657229177194807 0.48004920448586824
    outer loop
      vertex 0.52889308327501 3.225369150637035 1.6143537192993547
      vertex 0.7421096687216157 3.1585867807497143 1.6718560907156603
      vertex -5.36267579149584 13.732385367154098 -15.595084695719564
    endloop
  endfacet
  facet normal 0.2640729096496425 0.8613039337844081 0.43407491523546443
    outer loop
      vertex 0.7849084310976497 3.1744445317161074 1.6143537192993547
      vertex 0.8574047412205271 3.1998780568854532 1.51978408306708
      vertex -5.36267579149584 13.732385367154098 -15.595084695719564
    endloop
  endfacet
  facet normal 0.2640729096496438 0.861303933784408 0.43407491523546393
    outer loop
      vertex 0.8574047412205271 3.1998780568854532 1.51978408306708
      vertex 0.973312743659669 3.1358988188476586 1.5762199771647858
      vertex -5.36267579149584 13.732385367154098 -15.595084695719564
    endloop
  endfacet
  facet normal 0.38193557101409187 0.8421478007437189 0.3806734838370769
    outer loop
      vertex 1.6006649197435 3.0190464172371145 1.2828602984231272
      vertex -4.8590320423778675 13.577969875665433 -15.595084695719564
      vertex 1.1814951490185825 3.1154698756654504 1.490106260193099
    endloop
  endfacet
  facet normal 0.49326320886593833 0.8085822853448243 0.3207586235876109
    outer loop
      vertex 1.6006649197435 3.0190464172371145 1.2828602984231272
      vertex 1.6555862681004812 3.029022482169961 1.1732540483565397
      vertex -4.366589759182414 13.354634702839903 -15.595084695719564
    endloop
  endfacet
  facet normal 0.4932632088659391 0.8085822853448241 0.3207586235876104
    outer loop
      vertex 1.6555862681004812 3.029022482169961 1.1732540483565397
      vertex 1.7418525359360058 3.0169770915338554 1.070958165446119
      vertex -4.366589759182414 13.354634702839903 -15.595084695719564
    endloop
  endfacet
  facet normal 0.49326320886594 0.8085822853448237 0.3207586235876099
    outer loop
      vertex 1.7418525359360058 3.0169770915338554 1.070958165446119
      vertex 1.8249999999999995 3.160992723813201 0.5800529724823016
      vertex -4.366589759182414 13.354634702839903 -15.595084695719564
    endloop
  endfacet
  facet normal 0.6888384355540156 0.7007570904043965 0.18558316182094955
    outer loop
      vertex 2.035523005761999 3.5256292659550996 -1.2424140045643728
      vertex -3.4486770581719033 12.717604470983298 -15.595084695719564
      vertex 1.9469176532987458 3.3721602936661967 -0.3340382596588679
    endloop
  endfacet
  facet normal 0.5961509764556943 0.7611817028623162 0.25535549435746724
    outer loop
      vertex 1.9469176532987458 3.3721602936661967 -0.3340382596588679
      vertex -3.893774765905743 13.066201175404759 -15.595084695719564
      vertex 1.8249999999999995 3.160992723813201 0.5800529724823016
    endloop
  endfacet
  facet normal -0.8779475418615877 0.20195811868433589 0.4340749152354687
    outer loop
      vertex -3.1339242927789073 0.8760750009884857 1.6444937417821228
      vertex -3.106471226547769 0.9366075648678838 1.6718560907156603
      vertex -3.1416038229195693 0.9074716248829046 1.6143537192993547
    endloop
  endfacet
  facet normal 0.2886751345948039 -0.49999999999999656 0.8164965809277314
    outer loop
      vertex -3.1339242927789073 0.8760750009884857 1.6444937417821228
      vertex -2.9349209946613217 1.2156840804822537 1.7821026901874117
      vertex -3.106471226547769 0.9366075648678838 1.6718560907156603
    endloop
  endfacet
  facet normal -0.8205839831765807 0.310152684699879 0.48004920448586785
    outer loop
      vertex -3.106471226547769 0.9366075648678838 1.6718560907156603
      vertex -2.961231571584432 1.2265822782776665 1.7327767181276075
      vertex -3.057698162671819 1.1546497293164693 1.6143537192993547
    endloop
  endfacet
  facet normal 0.28867513459480737 -0.49999999999999745 0.8164965809277295
    outer loop
      vertex -3.106471226547769 0.9366075648678838 1.6718560907156603
      vertex -2.9349209946613217 1.2156840804822537 1.7821026901874117
      vertex -2.87096623757205 1.3226593902896506 1.8249999999999984
    endloop
  endfacet
  facet normal -0.8205839831765822 0.3101526846998807 0.48004920448586386
    outer loop
      vertex -3.106471226547769 0.9366075648678838 1.6718560907156603
      vertex -2.87096623757205 1.3226593902896506 1.8249999999999984
      vertex -2.961231571584432 1.2265822782776665 1.7327767181276075
    endloop
  endfacet
  facet normal 0.28867513459481386 -0.5000000000000001 0.8164965809277256
    outer loop
      vertex -2.9349209946613217 1.2156840804822537 1.7821026901874117
      vertex -2.6991517061428065 1.5420368345527518 1.8985950897401083
      vertex -2.87096623757205 1.3226593902896506 1.8249999999999984
    endloop
  endfacet
  facet normal 0.2886751345948121 -0.49999999999999883 0.8164965809277269
    outer loop
      vertex -2.684323357244176 1.5609700717880601 1.9049466693114894
      vertex -2.4763579045962723 1.7979634013799881 1.976547960887423
      vertex -2.5863382202892535 1.686080146833099 1.9469176532987442
    endloop
  endfacet
  facet normal 0.2886751345947924 -0.499999999999986 0.8164965809277418
    outer loop
      vertex -2.3332647963560595 1.9435323839044394 2.015099339688822
      vertex -2.2765685454359423 1.9970572662617216 2.0278313505215477
      vertex -2.257457238988883 2.020651604594501 2.0355230057619975
    endloop
  endfacet
  facet normal 0.2886751345948049 -0.49999999999999295 0.8164965809277331
    outer loop
      vertex -2.2765685454359423 1.9970572662617216 2.0278313505215477
      vertex -2.1877759586369674 2.077532780519299 2.045719417079007
      vertex -2.257457238988883 2.020651604594501 2.0355230057619975
    endloop
  endfacet
  facet normal -0.5693570889351921 0.5959747616530078 0.5662566456580304
    outer loop
      vertex -2.257457238988883 2.020651604594501 2.0355230057619975
      vertex -2.1877759586369674 2.077532780519299 2.045719417079007
      vertex -2.208198062497357 2.075018860242552 2.0278313505215477
    endloop
  endfacet
  facet normal -0.5693570889351924 0.5959747616530089 0.566256645658029
    outer loop
      vertex -1.9991125325539596 2.2747661252724676 2.0278313505215477
      vertex -2.03427107811871 2.202839578413607 2.0681816751349396
      vertex -1.8899505384440218 2.3206491531708258 2.0892999952430666
    endloop
  endfacet
  facet normal 0.28867513459482286 -0.5000000000000121 0.8164965809277152
    outer loop
      vertex -2.03427107811871 2.202839578413607 2.0681816751349396
      vertex -1.8191418716891463 2.3667441737252473 2.09249267103885
      vertex -1.8899505384440218 2.3206491531708258 2.0892999952430666
    endloop
  endfacet
  facet normal -0.46401497093657684 0.6728912466744503 0.576114117945075
    outer loop
      vertex -1.8751229584375269 2.383502063429075 2.0278313505215477
      vertex -1.8899505384440218 2.3206491531708258 2.0892999952430666
      vertex -1.8191418716891463 2.3667441737252473 2.09249267103885
    endloop
  endfacet
  facet normal -0.4640149709365722 0.6728912466744502 0.5761141179450787
    outer loop
      vertex -1.8033617517728202 2.3770167150006296 2.0932041772600556
      vertex -1.4901062601931006 2.5809397513308996 2.1073284825421323
      vertex -1.605754531259471 2.569254194291207 2.0278313505215477
    endloop
  endfacet
  facet normal 0.2886751345948262 -0.5000000000000189 0.8164965809277098
    outer loop
      vertex -1.8033617517728202 2.3770167150006296 2.0932041772600556
      vertex -1.4880484344605305 2.577375492608965 2.104418277482131
      vertex -1.4901062601931006 2.5809397513308996 2.1073284825421323
    endloop
  endfacet
  facet normal 0.2886751345948234 -0.5000000000000214 0.8164965809277092
    outer loop
      vertex -1.4901062601931006 2.5809397513308996 2.1073284825421323
      vertex -1.4880484344605305 2.577375492608965 2.104418277482131
      vertex -1.1568759845243333 2.7502654467488035 2.0932041772600543
    endloop
  endfacet
  facet normal -0.3507334281359708 0.7382943759045942 0.5761141179450782
    outer loop
      vertex -1.4901062601931006 2.5809397513308996 2.1073284825421323
      vertex -1.1568759845243333 2.7502654467488035 2.0932041772600543
      vertex -1.4221621354061666 2.6752513134582805 2.0278313505215477
    endloop
  endfacet
  facet normal -0.35073342813596964 0.7382943759045951 0.5761141179450777
    outer loop
      vertex -1.1400896428603073 2.7587951608333934 2.09249267103885
      vertex -1.0647658506947695 2.7970697547740144 2.0892999952430666
      vertex -1.126611857683451 2.815655148940865 2.0278313505215477
    endloop
  endfacet
  facet normal 0.2886751345948136 -0.5000000000000054 0.8164965809277224
    outer loop
      vertex -1.1400896428603073 2.7587951608333934 2.09249267103885
      vertex -0.8905794963086251 2.8631502210415674 2.068181675134939
      vertex -1.0647658506947695 2.7970697547740144 2.0892999952430666
    endloop
  endfacet
  facet normal -0.23145073913828668 0.7910650836691381 0.5662566456580269
    outer loop
      vertex -1.0647658506947695 2.7970697547740144 2.0892999952430666
      vertex -0.8905794963086251 2.8631502210415674 2.068181675134939
      vertex -0.9704489858772594 2.8686653008518124 2.0278313505215477
    endloop
  endfacet
  facet normal -0.23145073913828565 0.7910650836691359 0.5662566456580305
    outer loop
      vertex -0.7053081858061476 2.933435948228117 2.0457194170790065
      vertex -0.6212070022821854 2.9653411192187016 2.0355230057619975
      vertex -0.6929200150532036 2.949865048831564 2.0278313505215477
    endloop
  endfacet
  facet normal 0.28867513459481353 -0.5000000000000032 0.8164965809277238
    outer loop
      vertex -0.7053081858061476 2.933435948228117 2.0457194170790065
      vertex -0.591218052676983 2.970094826934975 2.0278313505215477
      vertex -0.6212070022821854 2.9653411192187016 2.0355230057619975
    endloop
  endfacet
  facet normal 0.2886751345948135 -0.4999999999999977 0.8164965809277271
    outer loop
      vertex -0.6212070022821854 2.9653411192187016 2.0355230057619975
      vertex -0.591218052676983 2.970094826934975 2.0278313505215477
      vertex -0.516516019360945 2.992432779352492 2.015099339688822
    endloop
  endfacet
  facet normal 0.28867513459481214 -0.4999999999999983 0.8164965809277274
    outer loop
      vertex -0.31890302837160917 3.043570554932767 1.9765479608874226
      vertex -0.009678058093592698 3.105177255239417 1.9049466693114898
      vertex -0.16701912982943334 3.0828746749656766 1.9469176532987442
    endloop
  endfacet
  facet normal 0.4932632088659421 0.8085822853448216 0.32075862358761253
    outer loop
      vertex 1.6006649197435 3.0190464172371145 1.2828602984231272
      vertex 1.6877766226804454 2.986121172425386 1.2318991481281778
      vertex 1.6555862681004812 3.029022482169961 1.1732540483565397
    endloop
  endfacet
  facet normal 0.28867513459481253 -0.5000000000000085 0.816496580927721
    outer loop
      vertex 0.014132780777380899 3.108552363464157 1.8985950897401078
      vertex 0.4146472006567032 3.1495581797181242 1.7821026901874113
      vertex 0.29002648624115085 3.147659390289651 1.8249999999999984
    endloop
  endfacet
  facet normal 0.28867513459479766 -0.5000000000000945 0.8164965809276735
    outer loop
      vertex 0.29002648624115085 3.147659390289651 1.8249999999999984
      vertex 0.4146472006567032 3.1495581797181242 1.7821026901874113
      vertex 0.7421096687216157 3.1585867807497143 1.6718560907156603
    endloop
  endfacet
  facet normal 0.14169188758624798 0.8657229177194844 0.480049204485862
    outer loop
      vertex 0.29002648624115085 3.147659390289651 1.8249999999999984
      vertex 0.7421096687216157 3.1585867807497143 1.6718560907156603
      vertex 0.41836437297196377 3.1777929066194726 1.7327767181276006
    endloop
  endfacet
  facet normal 0.14169188758624907 0.8657229177194804 0.48004920448586885
    outer loop
      vertex 0.52889308327501 3.225369150637035 1.6143537192993547
      vertex 0.41836437297196377 3.1777929066194726 1.7327767181276006
      vertex 0.7421096687216157 3.1585867807497143 1.6718560907156603
    endloop
  endfacet
  facet normal 0.2886751345948144 -0.4999999999999891 0.816496580927732
    outer loop
      vertex 0.4146472006567032 3.1495581797181242 1.7821026901874113
      vertex 0.8082589399129496 3.1520955515779576 1.6444937417821222
      vertex 0.7421096687216157 3.1585867807497143 1.6718560907156603
    endloop
  endfacet
  facet normal 0.2640729096496429 0.8613039337844098 0.434074915235461
    outer loop
      vertex 0.7849084310976497 3.1744445317161074 1.6143537192993547
      vertex 0.7421096687216157 3.1585867807497143 1.6718560907156603
      vertex 0.8082589399129496 3.1520955515779576 1.6444937417821222
    endloop
  endfacet
  facet normal 0.28867513459481203 -0.5000000000000002 0.8164965809277263
    outer loop
      vertex 1.1814951490185825 3.1154698756654504 1.490106260193099
      vertex 0.973312743659669 3.1358988188476586 1.5762199771647858
      vertex 1.2803528566416238 3.091045231127343 1.4401978034098895
    endloop
  endfacet
  facet normal 0.28867513459482835 -0.4999999999999637 0.8164965809277429
    outer loop
      vertex 1.6006649197435 3.0190464172371145 1.2828602984231272
      vertex 1.1814951490185825 3.1154698756654504 1.490106260193099
      vertex 1.2803528566416238 3.091045231127343 1.4401978034098895
    endloop
  endfacet
  facet normal 0.28867513459481464 -0.49999999999999595 0.8164965809277279
    outer loop
      vertex 1.6006649197435 3.0190464172371145 1.2828602984231272
      vertex 1.2803528566416238 3.091045231127343 1.4401978034098895
      vertex 1.6877766226804454 2.986121172425386 1.2318991481281778
    endloop
  endfacet
  facet normal -0.7491800050305586 -0.41304045228963415 0.5178097187527351
    outer loop
      vertex -2.6991517061428065 -1.5420368345527518 1.8985950897401083
      vertex -9.029896246165691 -11.99023908543446 -15.595084695719564
      vertex -8.788372628579841 -12.428318852282775 -15.595084695719564
    endloop
  endfacet
  facet normal -0.5693570889351937 -0.5959747616530094 0.5662566456580272
    outer loop
      vertex -2.257457238988883 -2.020651604594501 2.0355230057619975
      vertex -8.490818370067565 -12.817149785547786 -15.595084695719564
      vertex -8.142324706489635 -13.15007888015702 -15.595084695719564
    endloop
  endfacet
  facet normal -0.6649573492865269 -0.5088609832242631 0.546710365167766
    outer loop
      vertex -2.4763579045962723 -1.7979634013799881 1.976547960887423
      vertex -8.788372628579841 -12.428318852282775 -15.595084695719564
      vertex -8.490818370067565 -12.817149785547786 -15.595084695719564
    endloop
  endfacet
  facet normal -0.8205839831765797 -0.3101526846998794 0.480049204485869
    outer loop
      vertex -3.057698162671819 -1.1546497293164693 1.6143537192993547
      vertex -9.211256686765225 -11.510406151272267 -15.595084695719564
      vertex -9.029896246165691 -11.99023908543446 -15.595084695719564
    endloop
  endfacet
  facet normal -0.8779475418615907 -0.20195811868433652 0.4340749152354626
    outer loop
      vertex -3.2024244126495245 -0.7250358475874197 1.5762199771647836
      vertex -9.329350822957167 -10.997030124334534 -15.595084695719564
      vertex -9.211256686765225 -11.510406151272267 -15.595084695719564
    endloop
  endfacet
  facet normal -0.9202891746923021 -0.09030799326473914 0.380673483837077
    outer loop
      vertex -3.2888236315607178 -0.5345301243345515 1.490106260193099
      vertex -9.382158031329396 -10.458895010776894 -15.595084695719564
      vertex -9.329350822957167 -10.997030124334534 -15.595084695719564
    endloop
  endfacet
  facet normal -0.4640149709365719 -0.6728912466744519 0.576114117945077
    outer loop
      vertex -1.8899505384440218 -2.3206491531708258 2.0892999952430666
      vertex -8.142324706489635 -13.15007888015702 -15.595084695719564
      vertex -7.748854461050568 -13.421409626996333 -15.595084695719564
    endloop
  endfacet
  facet normal -0.35073342813596803 -0.7382943759045966 0.5761141179450769
    outer loop
      vertex -1.4901062601931006 -2.5809397513308996 2.1073284825421323
      vertex -7.748854461050568 -13.421409626996333 -15.595084695719564
      vertex -7.317140018740384 -13.626499481760208 -15.595084695719564
    endloop
  endfacet
  facet normal -0.23145073913828387 -0.7910650836691387 0.5662566456580274
    outer loop
      vertex -1.0647658506947695 -2.7970697547740144 2.0892999952430666
      vertex -7.317140018740384 -13.626499481760208 -15.595084695719564
      vertex -6.854568133360869 -13.761839300171985 -15.595084695719564
    endloop
  endfacet
  facet normal -0.10820786382367566 -0.8303004485274261 0.5467103651677658
    outer loop
      vertex -0.6212070022821854 -2.9653411192187016 2.0355230057619975
      vertex -6.854568133360869 -13.761839300171985 -15.595084695719564
      vertex -6.369053538120021 -13.825113380415353 -15.595084695719564
    endloop
  endfacet
  facet normal 0.01688647804183911 -0.8553291425086341 0.5178097187527355
    outer loop
      vertex -0.16701912982943334 -3.0828746749656766 1.9469176532987442
      vertex -6.369053538120021 -13.825113380415353 -15.595084695719564
      vertex -5.8689035223524915 -13.81523908543446 -15.595084695719564
    endloop
  endfacet
  facet normal 0.1416918875862481 -0.8657229177194806 0.4800492044858688
    outer loop
      vertex 0.29002648624115085 -3.147659390289651 1.8249999999999984
      vertex -5.8689035223524915 -13.81523908543446 -15.595084695719564
      vertex -5.36267579149584 -13.732385367154098 -15.595084695719564
    endloop
  endfacet
  facet normal -0.890871892616811 0.4526824654298449 0.03776051426686939
    outer loop
      vertex -4.214656965084268 -2.220446049250313e-16 -2.980212520386204
      vertex -8.674687794574119 -7.724999999999985 -15.595084695719564
      vertex -8.93939190784492 -8.245933485128667 -15.595084695719564
    endloop
  endfacet
  facet normal -0.9512926599492836 0.24617303909071092 0.18558316182094783
    outer loop
      vertex -4.071046011523999 0 -1.2424140045643721
      vertex -9.145481398450615 -8.789179909882336 -15.595084695719564
      vertex -9.289430018068142 -9.345444177317102 -15.595084695719564
    endloop
  endfacet
  facet normal -0.9290302589361703 0.35244295056014463 0.11263544993230144
    outer loop
      vertex -4.178599990486136 0 -2.1295317013895403
      vertex -8.93939190784492 -8.245933485128667 -15.595084695719564
      vertex -9.145481398450615 -8.789179909882336 -15.595084695719564
    endloop
  endfacet
  facet normal -0.6888384355540136 0.7007570904043983 -0.18558316182095067
    outer loop
      vertex -3.8938353065974916 0 -5.1726764405785115
      vertex -7.578713083349932 -6.382395529016674 -15.595084695719564
      vertex -7.988477760357216 -6.785190824162534 -15.595084695719564
    endloop
  endfacet
  facet normal -0.8374704612184234 0.5451764578087565 -0.03776051426686801
    outer loop
      vertex -4.178599990486136 0 -3.779901076888047
      vertex -8.35589821940612 -7.235292770856899 -15.595084695719564
      vertex -8.674687794574119 -7.724999999999985 -15.595084695719564
    endloop
  endfacet
  facet normal -0.7697396780379132 0.6283423298430862 -0.11263544993230133
    outer loop
      vertex -4.071046011523999 0 -4.51491447797777
      vertex -7.988477760357216 -6.785190824162534 -15.595084695719564
      vertex -8.35589821940612 -7.235292770856899 -15.595084695719564
    endloop
  endfacet
  facet normal -0.5961509764556955 0.7611817028623158 -0.25535549435746635
    outer loop
      vertex -3.6499999999999995 0 -5.741932475144106
      vertex -7.133615375616093 -6.033798824595212 -15.595084695719564
      vertex -7.578713083349932 -6.382395529016674 -15.595084695719564
    endloop
  endfacet
  facet normal -0.4932632088659399 0.8085822853448237 -0.3207586235876103
    outer loop
      vertex -3.3437121814313233 0 -6.212942453095543
      vertex -6.660800382339423 -5.745365297160068 -15.595084695719564
      vertex -7.133615375616093 -6.033798824595212 -15.595084695719564
    endloop
  endfacet
  facet normal -0.3819355710140917 0.8421478007437189 -0.38067348383707683
    outer loop
      vertex -2.9802125203862 2.4334892827622784e-16 -6.577647263121441
      vertex -6.168358099143968 -5.522030124334536 -15.595084695719564
      vertex -6.660800382339423 -5.745365297160068 -15.595084695719564
    endloop
  endfacet
  facet normal -0.26407290964964136 0.8613039337844082 -0.4340749152354649
    outer loop
      vertex -2.5657205968462566 4.440892098500626e-16 -6.829806704806975
      vertex -5.664714350025997 -5.367614632845874 -15.595084695719564
      vertex -6.168358099143968 -5.522030124334536 -15.595084695719564
    endloop
  endfacet
  facet normal -0.14169188758625248 0.8657229177194807 -0.4800492044858671
    outer loop
      vertex -2.5657205968462566 4.440892098500626e-16 -6.829806704806975
      vertex -5.158486619169346 -5.284760914565512 -15.595084695719564
      vertex -5.664714350025997 -5.367614632845874 -15.595084695719564
    endloop
  endfacet
  facet normal -0.016886478041843806 0.8553291425086346 -0.5178097187527345
    outer loop
      vertex -2.107328482542134 0 -6.965106260193107
      vertex -4.658336603401814 -5.274886619584617 -15.595084695719564
      vertex -5.158486619169346 -5.284760914565512 -15.595084695719564
    endloop
  endfacet
  facet normal 0.10820786382367825 0.8303004485274257 -0.5467103651677659
    outer loop
      vertex -1.6128793936398802 0 -6.9812309163750506
      vertex -4.172822008160966 -5.338160699827986 -15.595084695719564
      vertex -4.658336603401814 -5.274886619584617 -15.595084695719564
    endloop
  endfacet
  facet normal -0.9468844045916652 0.022887326957720482 0.3207586235876096
    outer loop
      vertex -3.6499999999999995 0 0.5800529724823023
      vertex -9.36877476590574 -9.905208451591557 -15.595084695719564
      vertex -9.382158031329396 -10.458895010776894 -15.595084695719564
    endloop
  endfacet
  facet normal -0.9572781798025113 0.13569103867036886 0.25535549435746885
    outer loop
      vertex -3.893835306597492 0 -0.33403825965886713
      vertex -9.289430018068142 -9.345444177317102 -15.595084695719564
      vertex -9.36877476590574 -9.905208451591557 -15.595084695719564
    endloop
  endfacet
  facet normal -0.6888384355540148 0.7007570904043973 -0.18558316182095033
    outer loop
      vertex -3.8938353065974916 0 -5.1726764405785115
      vertex -7.988477760357216 -6.785190824162534 -15.595084695719564
      vertex -4.071046011523999 0 -4.51491447797777
    endloop
  endfacet
  facet normal -0.5961509764556948 0.7611817028623162 -0.255355494357467
    outer loop
      vertex -3.8938353065974916 0 -5.1726764405785115
      vertex -3.6499999999999995 0 -5.741932475144106
      vertex -7.578713083349932 -6.382395529016674 -15.595084695719564
    endloop
  endfacet
  facet normal -0.26407290964964325 0.8613039337844082 -0.43407491523546404
    outer loop
      vertex -2.5657205968462566 4.440892098500626e-16 -6.829806704806975
      vertex -6.168358099143968 -5.522030124334536 -15.595084695719564
      vertex -2.9802125203862 2.4334892827622784e-16 -6.577647263121441
    endloop
  endfacet
  facet normal -0.14169188758625104 0.8657229177194807 -0.48004920448586763
    outer loop
      vertex -2.5657205968462566 4.440892098500626e-16 -6.829806704806975
      vertex -2.107328482542134 0 -6.965106260193107
      vertex -5.158486619169346 -5.284760914565512 -15.595084695719564
    endloop
  endfacet
  facet normal -0.4932632088659394 0.808582285344824 -0.32075862358761037
    outer loop
      vertex -3.3437121814313233 0 -6.212942453095543
      vertex -7.133615375616093 -6.033798824595212 -15.595084695719564
      vertex -3.6499999999999995 0 -5.741932475144106
    endloop
  endfacet
  facet normal -0.38193557101409187 0.8421478007437188 -0.3806734838370769
    outer loop
      vertex -3.3437121814313233 0 -6.212942453095543
      vertex -2.9802125203862 2.4334892827622784e-16 -6.577647263121441
      vertex -6.660800382339423 -5.745365297160068 -15.595084695719564
    endloop
  endfacet
  facet normal -0.7697396780379134 0.6283423298430859 -0.11263544993230147
    outer loop
      vertex -4.071046011523999 0 -4.51491447797777
      vertex -8.35589821940612 -7.235292770856899 -15.595084695719564
      vertex -4.178599990486136 0 -3.779901076888047
    endloop
  endfacet
  facet normal -0.8374704612184232 0.545176457808757 -0.03776051426686772
    outer loop
      vertex -4.178599990486136 0 -3.779901076888047
      vertex -8.674687794574119 -7.724999999999985 -15.595084695719564
      vertex -4.214656965084268 -2.220446049250313e-16 -2.980212520386204
    endloop
  endfacet
  facet normal -0.8908718926168103 0.45268246542984636 0.03776051426686773
    outer loop
      vertex -4.214656965084268 -2.220446049250313e-16 -2.980212520386204
      vertex -8.93939190784492 -8.245933485128667 -15.595084695719564
      vertex -4.178599990486136 0 -2.1295317013895403
    endloop
  endfacet
  facet normal -0.9290302589361701 0.3524429505601447 0.11263544993230151
    outer loop
      vertex -4.178599990486136 0 -2.1295317013895403
      vertex -9.145481398450615 -8.789179909882336 -15.595084695719564
      vertex -4.071046011523999 0 -1.2424140045643721
    endloop
  endfacet
  facet normal 0.6888384355540155 -0.7007570904043966 0.18558316182094914
    outer loop
      vertex 2.035523005761999 -3.5256292659550996 -1.2424140045643728
      vertex -3.4486770581719033 -12.717604470983298 -15.595084695719564
      vertex -3.0389123811646184 -12.314809175837436 -15.595084695719564
    endloop
  endfacet
  facet normal 0.8374704612184234 -0.5451764578087565 0.037760514266867266
    outer loop
      vertex 2.1073284825421337 -3.65 -2.9802125203862038
      vertex -2.6714919221157163 -11.864707229143074 -15.595084695719564
      vertex -2.352702346947717 -11.374999999999986 -15.595084695719564
    endloop
  endfacet
  facet normal 0.7697396780379118 -0.6283423298430876 0.11263544993230303
    outer loop
      vertex 2.089299995243068 -3.618773744014408 -2.1295317013895407
      vertex -3.0389123811646184 -12.314809175837436 -15.595084695719564
      vertex -2.6714919221157163 -11.864707229143074 -15.595084695719564
    endloop
  endfacet
  facet normal 0.9512926599492838 -0.24617303909070803 -0.18558316182095
    outer loop
      vertex 1.9469176532987462 -3.372160293666195 -5.1726764405785115
      vertex -1.8819087430712196 -10.310820090117634 -15.595084695719564
      vertex -1.7379601234536948 -9.75455582268287 -15.595084695719564
    endloop
  endfacet
  facet normal 0.9572781798025113 -0.13569103867037027 -0.2553554943574682
    outer loop
      vertex 1.8250000000000002 -3.1609927238132 -5.741932475144102
      vertex -1.7379601234536948 -9.75455582268287 -15.595084695719564
      vertex -1.6586153756160948 -9.194791548408414 -15.595084695719564
    endloop
  endfacet
  facet normal 0.9290302589361704 -0.3524429505601442 -0.11263544993230197
    outer loop
      vertex 2.035523005761999 -3.5256292659550983 -4.514914477977769
      vertex -2.087998233676916 -10.854066514871308 -15.595084695719564
      vertex -1.8819087430712196 -10.310820090117634 -15.595084695719564
    endloop
  endfacet
  facet normal 0.8908718926168094 -0.4526824654298484 -0.03776051426686604
    outer loop
      vertex 2.0892999952430684 -3.6187737440144074 -3.7799010768880468
      vertex -2.352702346947717 -11.374999999999986 -15.595084695719564
      vertex -2.087998233676916 -10.854066514871308 -15.595084695719564
    endloop
  endfacet
  facet normal 0.2640729096496467 -0.8613039337844076 0.4340749152354629
    outer loop
      vertex 0.7849084310976497 -3.1744445317161074 1.6143537192993547
      vertex -5.36267579149584 -13.732385367154098 -15.595084695719564
      vertex -4.8590320423778675 -13.577969875665433 -15.595084695719564
    endloop
  endfacet
  facet normal 0.3819355710140926 -0.8421478007437185 0.3806734838370766
    outer loop
      vertex 1.1814951490185825 -3.1154698756654504 1.490106260193099
      vertex -4.8590320423778675 -13.577969875665433 -15.595084695719564
      vertex -4.366589759182414 -13.354634702839903 -15.595084695719564
    endloop
  endfacet
  facet normal 0.5961509764556915 -0.7611817028623182 0.25535549435746857
    outer loop
      vertex 1.9469176532987458 -3.3721602936661967 -0.3340382596588679
      vertex -3.893774765905743 -13.066201175404759 -15.595084695719564
      vertex -3.4486770581719033 -12.717604470983298 -15.595084695719564
    endloop
  endfacet
  facet normal 0.49326320886594033 -0.8085822853448235 0.3207586235876101
    outer loop
      vertex 1.6555862681004812 -3.029022482169961 1.1732540483565397
      vertex -4.366589759182414 -13.354634702839903 -15.595084695719564
      vertex -3.893774765905743 -13.066201175404759 -15.595084695719564
    endloop
  endfacet
  facet normal 0.231450739138285 0.7910650836691384 -0.5662566456580271
    outer loop
      vertex -1.0908334911377984 1.8138772154119034e-16 -6.877904776014937
      vertex -3.7102501227814524 -5.473500518239764 -15.595084695719564
      vertex -4.172822008160966 -5.338160699827986 -15.595084695719564
    endloop
  endfacet
  facet normal 0.3507334281359738 0.7382943759045931 -0.5761141179450777
    outer loop
      vertex -0.5501231251661683 3.7339708948586113e-16 -6.656895778021744
      vertex -3.2785356804712698 -5.678590373003641 -15.595084695719564
      vertex -3.7102501227814524 -5.473500518239764 -15.595084695719564
    endloop
  endfacet
  facet normal 0.5693570889351924 0.5959747616530102 -0.5662566456580275
    outer loop
      vertex 0.5454167455689003 -0.9446895146241988 -6.877904776014932
      vertex -2.5365717714542697 -6.2828502144521865 -15.595084695719564
      vertex -2.8850654350322 -5.949921119842952 -15.595084695719564
    endloop
  endfacet
  facet normal 0.46401497093656896 0.6728912466744537 -0.5761141179450775
    outer loop
      vertex 0.2750615625830857 -0.476420601603186 -6.65689577802174
      vertex -2.8850654350322 -5.949921119842952 -15.595084695719564
      vertex -3.2785356804712698 -5.678590373003641 -15.595084695719564
    endloop
  endfacet
  facet normal 0.8205839831765812 0.3101526846998777 -0.4800492044858678
    outer loop
      vertex 1.2828602984231292 -2.2219792158818277 -6.829806704806973
      vertex -1.8161334547566121 -7.589593848727706 -15.595084695719564
      vertex -1.9974938953561443 -7.109760914565513 -15.595084695719564
    endloop
  endfacet
  facet normal 0.7491800050305591 0.41304045228963326 -0.517809718752735
    outer loop
      vertex 1.0536642412710686 -1.824999999999997 -6.965106260193103
      vertex -1.9974938953561443 -7.109760914565513 -15.595084695719564
      vertex -2.2390175129419947 -6.6716811477171944 -15.595084695719564
    endloop
  endfacet
  facet normal 0.8779475418615892 0.20195811868433952 -0.4340749152354641
    outer loop
      vertex 1.4901062601931012 -2.5809397513308965 -6.577647263121437
      vertex -1.698039318564668 -8.102969875665437 -15.595084695719564
      vertex -1.8161334547566121 -7.589593848727706 -15.595084695719564
    endloop
  endfacet
  facet normal 0.9202891746923019 0.0903079932647406 -0.38067348383707716
    outer loop
      vertex 1.4901062601931012 -2.5809397513308965 -6.577647263121437
      vertex -1.6452321101924383 -8.641104989223077 -15.595084695719564
      vertex -1.698039318564668 -8.102969875665437 -15.595084695719564
    endloop
  endfacet
  facet normal 0.9468844045916651 -0.022887326957722425 -0.32075862358761
    outer loop
      vertex 1.6718560907156623 -2.8957396920630067 -6.2129424530955415
      vertex -1.6586153756160948 -9.194791548408414 -15.595084695719564
      vertex -1.6452321101924383 -8.641104989223077 -15.595084695719564
    endloop
  endfacet
  facet normal 0.6649573492865263 0.508860983224264 -0.5467103651677658
    outer loop
      vertex 0.8064396968199409 -1.3967945281325758 -6.981230916375047
      vertex -2.2390175129419947 -6.6716811477171944 -15.595084695719564
      vertex -2.5365717714542697 -6.2828502144521865 -15.595084695719564
    endloop
  endfacet
  facet normal -0.016886478041842477 0.8553291425086345 -0.5178097187527348
    outer loop
      vertex -2.107328482542134 0 -6.965106260193107
      vertex -1.6128793936398802 0 -6.9812309163750506
      vertex -4.658336603401814 -5.274886619584617 -15.595084695719564
    endloop
  endfacet
  facet normal 0.10820786382367634 0.830300448527426 -0.5467103651677658
    outer loop
      vertex -1.6128793936398802 0 -6.9812309163750506
      vertex -1.0908334911377984 1.8138772154119034e-16 -6.877904776014937
      vertex -4.172822008160966 -5.338160699827986 -15.595084695719564
    endloop
  endfacet
  facet normal 0.23145073913828546 0.7910650836691382 -0.5662566456580271
    outer loop
      vertex -1.0908334911377984 1.8138772154119034e-16 -6.877904776014937
      vertex -0.5501231251661683 3.7339708948586113e-16 -6.656895778021744
      vertex -3.7102501227814524 -5.473500518239764 -15.595084695719564
    endloop
  endfacet
  facet normal 0.7491800050305579 0.4130404522896351 -0.5178097187527354
    outer loop
      vertex 1.0536642412710686 -1.824999999999997 -6.965106260193103
      vertex -2.2390175129419947 -6.6716811477171944 -15.595084695719564
      vertex 0.8064396968199409 -1.3967945281325758 -6.981230916375047
    endloop
  endfacet
  facet normal 0.6649573492865258 0.5088609832242647 -0.546710365167766
    outer loop
      vertex 0.5454167455689003 -0.9446895146241988 -6.877904776014932
      vertex 0.8064396968199409 -1.3967945281325758 -6.981230916375047
      vertex -2.5365717714542697 -6.2828502144521865 -15.595084695719564
    endloop
  endfacet
  facet normal 0.5693570889351939 0.5959747616530092 -0.566256645658027
    outer loop
      vertex 0.2750615625830857 -0.476420601603186 -6.65689577802174
      vertex 0.5454167455689003 -0.9446895146241988 -6.877904776014932
      vertex -2.8850654350322 -5.949921119842952 -15.595084695719564
    endloop
  endfacet
  facet normal 0.35073342813597125 0.7382943759045946 -0.5761141179450775
    outer loop
      vertex -0.5501231251661683 3.7339708948586113e-16 -6.656895778021744
      vertex -2.2291120288694997e-16 1.500991699779442e-18 -6.321985447626408
      vertex -3.2785356804712698 -5.678590373003641 -15.595084695719564
    endloop
  endfacet
  facet normal 0.46401497093657207 0.6728912466744514 -0.5761141179450774
    outer loop
      vertex 0.2750615625830857 -0.476420601603186 -6.65689577802174
      vertex -3.2785356804712698 -5.678590373003641 -15.595084695719564
      vertex -2.2291120288694997e-16 1.500991699779442e-18 -6.321985447626408
    endloop
  endfacet
  facet normal 0.9512926599492836 -0.24617303909070998 -0.185583161820949
    outer loop
      vertex 1.9469176532987462 -3.372160293666195 -5.1726764405785115
      vertex 2.035523005761999 -3.5256292659550983 -4.514914477977769
      vertex -1.8819087430712196 -10.310820090117634 -15.595084695719564
    endloop
  endfacet
  facet normal 0.9572781798025113 -0.13569103867037074 -0.2553554943574679
    outer loop
      vertex 1.8250000000000002 -3.1609927238132 -5.741932475144102
      vertex 1.9469176532987462 -3.372160293666195 -5.1726764405785115
      vertex -1.7379601234536948 -9.75455582268287 -15.595084695719564
    endloop
  endfacet
  facet normal 0.8779475418615895 0.20195811868433916 -0.4340749152354637
    outer loop
      vertex 1.2828602984231292 -2.2219792158818277 -6.829806704806973
      vertex 1.4901062601931012 -2.5809397513308965 -6.577647263121437
      vertex -1.8161334547566121 -7.589593848727706 -15.595084695719564
    endloop
  endfacet
  facet normal 0.8205839831765813 0.31015268469987767 -0.48004920448586763
    outer loop
      vertex 1.2828602984231292 -2.2219792158818277 -6.829806704806973
      vertex -1.9974938953561443 -7.109760914565513 -15.595084695719564
      vertex 1.0536642412710686 -1.824999999999997 -6.965106260193103
    endloop
  endfacet
  facet normal 0.9468844045916652 -0.022887326957722498 -0.3207586235876096
    outer loop
      vertex 1.6718560907156623 -2.8957396920630067 -6.2129424530955415
      vertex 1.8250000000000002 -3.1609927238132 -5.741932475144102
      vertex -1.6586153756160948 -9.194791548408414 -15.595084695719564
    endloop
  endfacet
  facet normal 0.9202891746923019 0.09030799326474094 -0.3806734838370774
    outer loop
      vertex 1.4901062601931012 -2.5809397513308965 -6.577647263121437
      vertex 1.6718560907156623 -2.8957396920630067 -6.2129424530955415
      vertex -1.6452321101924383 -8.641104989223077 -15.595084695719564
    endloop
  endfacet
  facet normal 0.8908718926168097 -0.4526824654298477 -0.03776051426686675
    outer loop
      vertex 2.0892999952430684 -3.6187737440144074 -3.7799010768880468
      vertex 2.1073284825421337 -3.65 -2.9802125203862038
      vertex -2.352702346947717 -11.374999999999986 -15.595084695719564
    endloop
  endfacet
  facet normal 0.9290302589361709 -0.3524429505601427 -0.11263544993230311
    outer loop
      vertex 2.035523005761999 -3.5256292659550983 -4.514914477977769
      vertex 2.0892999952430684 -3.6187737440144074 -3.7799010768880468
      vertex -2.087998233676916 -10.854066514871308 -15.595084695719564
    endloop
  endfacet
  facet normal 0.8374704612184237 -0.545176457808756 0.037760514266866975
    outer loop
      vertex 2.1073284825421337 -3.65 -2.9802125203862038
      vertex 2.089299995243068 -3.618773744014408 -2.1295317013895407
      vertex -2.6714919221157163 -11.864707229143074 -15.595084695719564
    endloop
  endfacet
  facet normal 0.7697396780379128 -0.6283423298430866 0.11263544993230211
    outer loop
      vertex 2.089299995243068 -3.618773744014408 -2.1295317013895407
      vertex 2.035523005761999 -3.5256292659550996 -1.2424140045643728
      vertex -3.0389123811646184 -12.314809175837436 -15.595084695719564
    endloop
  endfacet
  facet normal -0.877947541861588 -0.20195811868434232 0.43407491523546515
    outer loop
      vertex -3.199878056885455 -0.8574047412205277 1.5197840830670752
      vertex -3.2024244126495245 -0.7250358475874197 1.5762199771647836
      vertex -9.211256686765225 -11.510406151272267 -15.595084695719564
    endloop
  endfacet
  facet normal -0.8205839831765804 -0.31015268469987917 0.48004920448586813
    outer loop
      vertex -3.057698162671819 -1.1546497293164693 1.6143537192993547
      vertex -3.106471226547769 -0.9366075648678838 1.6718560907156603
      vertex -9.211256686765225 -11.510406151272267 -15.595084695719564
    endloop
  endfacet
  facet normal -0.877947541861588 -0.20195811868434266 0.4340749152354653
    outer loop
      vertex -3.1416038229195693 -0.9074716248829046 1.6143537192993547
      vertex -9.211256686765225 -11.510406151272267 -15.595084695719564
      vertex -3.106471226547769 -0.9366075648678838 1.6718560907156603
    endloop
  endfacet
  facet normal -0.87794754186159 -0.20195811868433797 0.4340749152354632
    outer loop
      vertex -3.1416038229195693 -0.9074716248829046 1.6143537192993547
      vertex -3.199878056885455 -0.8574047412205277 1.5197840830670752
      vertex -9.211256686765225 -11.510406151272267 -15.595084695719564
    endloop
  endfacet
  facet normal -0.8205839831765817 -0.31015268469987717 0.4800492044858673
    outer loop
      vertex -3.008223548440176 -1.285546793940016 1.6143537192993547
      vertex -3.034550289673017 -1.2569518856857678 1.5878261998240528
      vertex -9.029896246165691 -11.99023908543446 -15.595084695719564
    endloop
  endfacet
  facet normal -0.8205839831765819 -0.310152684699877 0.48004920448586724
    outer loop
      vertex -3.034550289673017 -1.2569518856857678 1.5878261998240528
      vertex -3.057698162671819 -1.1546497293164693 1.6143537192993547
      vertex -9.029896246165691 -11.99023908543446 -15.595084695719564
    endloop
  endfacet
  facet normal -0.8205839831765809 -0.3101526846998785 0.48004920448586785
    outer loop
      vertex -3.008223548440176 -1.285546793940016 1.6143537192993547
      vertex -9.029896246165691 -11.99023908543446 -15.595084695719564
      vertex -2.87096623757205 -1.3226593902896506 1.8249999999999984
    endloop
  endfacet
  facet normal -0.7491800050305691 -0.4130404522896207 0.5178097187527305
    outer loop
      vertex -2.7044289765396874 -1.5614027976094127 1.8755121865624298
      vertex -2.6991517061428065 -1.5420368345527518 1.8985950897401083
      vertex -8.788372628579841 -12.428318852282775 -15.595084695719564
    endloop
  endfacet
  facet normal -0.7491800050305651 -0.41304045228962577 0.5178097187527323
    outer loop
      vertex -2.7044289765396874 -1.5614027976094127 1.8755121865624298
      vertex -8.788372628579841 -12.428318852282775 -15.595084695719564
      vertex -2.684323357244176 -1.5609700717880601 1.9049466693114894
    endloop
  endfacet
  facet normal -0.7491800050305588 -0.41304045228963393 0.517809718752735
    outer loop
      vertex -2.87096623757205 -1.3226593902896506 1.8249999999999984
      vertex -9.029896246165691 -11.99023908543446 -15.595084695719564
      vertex -2.6991517061428065 -1.5420368345527518 1.8985950897401083
    endloop
  endfacet
  facet normal -0.8779475418615892 -0.20195811868433988 0.43407491523546404
    outer loop
      vertex -3.2888236315607178 -0.5345301243345515 1.490106260193099
      vertex -9.329350822957167 -10.997030124334534 -15.595084695719564
      vertex -3.2024244126495245 -0.7250358475874197 1.5762199771647836
    endloop
  endfacet
  facet normal -0.9468844045916652 0.022887326957721305 0.3207586235876102
    outer loop
      vertex -3.414903352403485 -0.12330672517410646 1.2828602984231272
      vertex -3.6499999999999995 0 0.5800529724823023
      vertex -9.382158031329396 -10.458895010776894 -15.595084695719564
    endloop
  endfacet
  facet normal -0.920289174692302 -0.09030799326474041 0.38067348383707694
    outer loop
      vertex -3.414903352403485 -0.12330672517410646 1.2828602984231272
      vertex -9.382158031329396 -10.458895010776894 -15.595084695719564
      vertex -3.2888236315607178 -0.5345301243345515 1.490106260193099
    endloop
  endfacet
  facet normal -0.749180005030559 -0.4130404522896337 0.5178097187527351
    outer loop
      vertex -2.684323357244176 -1.5609700717880601 1.9049466693114894
      vertex -8.788372628579841 -12.428318852282775 -15.595084695719564
      vertex -2.5863382202892535 -1.686080146833099 1.9469176532987442
    endloop
  endfacet
  facet normal -0.6649573492865273 -0.5088609832242631 0.5467103651677657
    outer loop
      vertex -2.4763579045962723 -1.7979634013799881 1.976547960887423
      vertex -2.5863382202892535 -1.686080146833099 1.9469176532987442
      vertex -8.788372628579841 -12.428318852282775 -15.595084695719564
    endloop
  endfacet
  facet normal -0.6649573492865277 -0.5088609832242627 0.5467103651677656
    outer loop
      vertex -2.4627792464754505 -1.8897569812551012 1.9076249164405286
      vertex -8.490818370067565 -12.817149785547786 -15.595084695719564
      vertex -2.3332647963560595 -1.9435323839044394 2.015099339688822
    endloop
  endfacet
  facet normal -0.6649573492865222 -0.5088609832242681 0.546710365167767
    outer loop
      vertex -2.4627792464754505 -1.8897569812551012 1.9076249164405286
      vertex -2.4763579045962723 -1.7979634013799881 1.976547960887423
      vertex -8.490818370067565 -12.817149785547786 -15.595084695719564
    endloop
  endfacet
  facet normal -0.6649573492865264 -0.5088609832242641 0.5467103651677658
    outer loop
      vertex -2.3332647963560595 -1.9435323839044394 2.015099339688822
      vertex -8.490818370067565 -12.817149785547786 -15.595084695719564
      vertex -2.257457238988883 -2.020651604594501 2.0355230057619975
    endloop
  endfacet
  facet normal -0.5693570889351942 -0.5959747616530091 0.566256645658027
    outer loop
      vertex -2.208198062497357 -2.075018860242552 2.0278313505215477
      vertex -2.257457238988883 -2.020651604594501 2.0355230057619975
      vertex -8.142324706489635 -13.15007888015702 -15.595084695719564
    endloop
  endfacet
  facet normal -0.5693570889351925 -0.5959747616530104 0.5662566456580274
    outer loop
      vertex -2.176908107275709 -2.176908107275709 1.9520560598884142
      vertex -2.208198062497357 -2.075018860242552 2.0278313505215477
      vertex -8.142324706489635 -13.15007888015702 -15.595084695719564
    endloop
  endfacet
  facet normal -0.5693570889351923 -0.5959747616530104 0.5662566456580272
    outer loop
      vertex -2.176908107275709 -2.176908107275709 1.9520560598884142
      vertex -8.142324706489635 -13.15007888015702 -15.595084695719564
      vertex -1.9991125325539596 -2.2747661252724676 2.0278313505215477
    endloop
  endfacet
  facet normal -0.5693570889351923 -0.5959747616530107 0.5662566456580274
    outer loop
      vertex -1.9991125325539596 -2.2747661252724676 2.0278313505215477
      vertex -8.142324706489635 -13.15007888015702 -15.595084695719564
      vertex -1.8899505384440218 -2.3206491531708258 2.0892999952430666
    endloop
  endfacet
  facet normal -0.46401497093657174 -0.6728912466744518 0.5761141179450773
    outer loop
      vertex -1.859184457685859 -2.4229363580482284 1.9946100006035499
      vertex -1.8751229584375269 -2.383502063429075 2.0278313505215477
      vertex -7.748854461050568 -13.421409626996333 -15.595084695719564
    endloop
  endfacet
  facet normal -0.4640149709365729 -0.6728912466744511 0.5761141179450774
    outer loop
      vertex -1.605754531259471 -2.569254194291207 2.0278313505215477
      vertex -1.859184457685859 -2.4229363580482284 1.9946100006035499
      vertex -7.748854461050568 -13.421409626996333 -15.595084695719564
    endloop
  endfacet
  facet normal -0.4640149709365713 -0.6728912466744521 0.5761141179450774
    outer loop
      vertex -1.605754531259471 -2.569254194291207 2.0278313505215477
      vertex -7.748854461050568 -13.421409626996333 -15.595084695719564
      vertex -1.4901062601931006 -2.5809397513308996 2.1073284825421323
    endloop
  endfacet
  facet normal -0.3507334281359719 -0.7382943759045943 0.5761141179450773
    outer loop
      vertex -1.4901062601931006 -2.5809397513308996 2.1073284825421323
      vertex -7.317140018740384 -13.626499481760208 -15.595084695719564
      vertex -1.4221621354061666 -2.6752513134582805 2.0278313505215477
    endloop
  endfacet
  facet normal -0.3507334281359703 -0.7382943759045951 0.5761141179450774
    outer loop
      vertex -1.4221621354061666 -2.6752513134582805 2.0278313505215477
      vertex -7.317140018740384 -13.626499481760208 -15.595084695719564
      vertex -1.1687322089797831 -2.8215691497012587 1.9946100006035568
    endloop
  endfacet
  facet normal -0.3507334281359704 -0.738294375904595 0.5761141179450773
    outer loop
      vertex -1.1687322089797831 -2.8215691497012587 1.9946100006035568
      vertex -7.317140018740384 -13.626499481760208 -15.595084695719564
      vertex -1.126611857683451 -2.815655148940865 2.0278313505215477
    endloop
  endfacet
  facet normal -0.35073342813596886 -0.7382943759045958 0.5761141179450773
    outer loop
      vertex -1.126611857683451 -2.815655148940865 2.0278313505215477
      vertex -7.317140018740384 -13.626499481760208 -15.595084695719564
      vertex -1.0647658506947695 -2.7970697547740144 2.0892999952430666
    endloop
  endfacet
  facet normal -0.46401497093657235 -0.6728912466744514 0.5761141179450774
    outer loop
      vertex -1.8751229584375269 -2.383502063429075 2.0278313505215477
      vertex -1.8899505384440218 -2.3206491531708258 2.0892999952430666
      vertex -7.748854461050568 -13.421409626996333 -15.595084695719564
    endloop
  endfacet
  facet normal -0.9512926599492837 0.24617303909070906 0.18558316182094975
    outer loop
      vertex -4.071046011523999 0 -1.2424140045643721
      vertex -9.289430018068142 -9.345444177317102 -15.595084695719564
      vertex -3.893835306597492 0 -0.33403825965886713
    endloop
  endfacet
  facet normal -0.9572781798025114 0.1356910386703713 0.25535549435746757
    outer loop
      vertex -3.893835306597492 0 -0.33403825965886713
      vertex -9.36877476590574 -9.905208451591557 -15.595084695719564
      vertex -3.6499999999999995 0 0.5800529724823023
    endloop
  endfacet
  facet normal -0.9468844045916653 0.022887326957718505 0.3207586235876097
    outer loop
      vertex -3.4510035522436238 -0.08073147475329231 1.1732540483565397
      vertex -3.6499999999999995 0 0.5800529724823023
      vertex -3.414903352403485 -0.12330672517410646 1.2828602984231272
    endloop
  endfacet
  facet normal -0.9468844045916651 0.022887326957720167 0.3207586235876099
    outer loop
      vertex -3.4510035522436238 -0.08073147475329231 1.1732540483565397
      vertex -3.4837050718720124 0 1.0709581654461156
      vertex -3.6499999999999995 0 0.5800529724823023
    endloop
  endfacet
  facet normal -0.946884404591665 0.022887326957721037 0.3207586235876106
    outer loop
      vertex -3.4510035522436238 -0.08073147475329231 1.1732540483565397
      vertex -3.414903352403485 -0.12330672517410646 1.2828602984231272
      vertex -3.429945105439179 -0.031403155057924674 1.2318991481281782
    endloop
  endfacet
  facet normal 0.28867513459481686 0.49999999999999967 0.8164965809277247
    outer loop
      vertex -3.2888236315607178 -0.5345301243345515 1.490106260193099
      vertex -3.2024244126495245 -0.7250358475874197 1.5762199771647836
      vertex -3.3171001227238324 -0.43670451590404985 1.4401978034098897
    endloop
  endfacet
  facet normal 0.28867513459480787 0.4999999999999995 0.8164965809277281
    outer loop
      vertex -3.414903352403485 -0.12330672517410646 1.2828602984231272
      vertex -3.3171001227238324 -0.43670451590404985 1.4401978034098897
      vertex -3.429945105439179 -0.031403155057924674 1.2318991481281782
    endloop
  endfacet
  facet normal 0.28867513459477584 0.49999999999999495 0.8164965809277422
    outer loop
      vertex -3.414903352403485 -0.12330672517410646 1.2828602984231272
      vertex -3.2888236315607178 -0.5345301243345515 1.490106260193099
      vertex -3.3171001227238324 -0.43670451590404985 1.4401978034098897
    endloop
  endfacet
  facet normal -0.23145073913828432 -0.7910650836691387 0.566256645658027
    outer loop
      vertex -0.9704489858772594 -2.8686653008518124 2.0278313505215477
      vertex -6.854568133360869 -13.761839300171985 -15.595084695719564
      vertex -0.7968036689672093 -2.973711776242918 1.9520560598884138
    endloop
  endfacet
  facet normal -0.23145073913828684 -0.7910650836691377 0.5662566456580272
    outer loop
      vertex -0.7968036689672093 -2.973711776242918 1.9520560598884138
      vertex -6.854568133360869 -13.761839300171985 -15.595084695719564
      vertex -0.6929200150532036 -2.949865048831564 2.0278313505215477
    endloop
  endfacet
  facet normal -0.23145073913828643 -0.7910650836691381 0.5662566456580272
    outer loop
      vertex -1.0647658506947695 -2.7970697547740144 2.0892999952430666
      vertex -6.854568133360869 -13.761839300171985 -15.595084695719564
      vertex -0.9704489858772594 -2.8686653008518124 2.0278313505215477
    endloop
  endfacet
  facet normal -0.10820786382367757 -0.8303004485274257 0.5467103651677659
    outer loop
      vertex -0.4051879295081854 -3.077707881988388 1.9076249164405295
      vertex -0.516516019360945 -2.992432779352492 2.015099339688822
      vertex -6.369053538120021 -13.825113380415353 -15.595084695719564
    endloop
  endfacet
  facet normal -0.23145073913828584 -0.7910650836691382 0.5662566456580274
    outer loop
      vertex -0.6929200150532036 -2.949865048831564 2.0278313505215477
      vertex -6.854568133360869 -13.761839300171985 -15.595084695719564
      vertex -0.6212070022821854 -2.9653411192187016 2.0355230057619975
    endloop
  endfacet
  facet normal -0.10820786382367667 -0.830300448527426 0.5467103651677658
    outer loop
      vertex -0.6212070022821854 -2.9653411192187016 2.0355230057619975
      vertex -6.369053538120021 -13.825113380415353 -15.595084695719564
      vertex -0.516516019360945 -2.992432779352492 2.015099339688822
    endloop
  endfacet
  facet normal -0.10820786382367326 -0.8303004485274269 0.5467103651677653
    outer loop
      vertex -0.4051879295081854 -3.077707881988388 1.9076249164405295
      vertex -6.369053538120021 -13.825113380415353 -15.595084695719564
      vertex -0.31890302837160917 -3.043570554932767 1.9765479608874226
    endloop
  endfacet
  facet normal -0.1082078638236767 -0.8303004485274259 0.5467103651677659
    outer loop
      vertex -0.16701912982943334 -3.0828746749656766 1.9469176532987442
      vertex -0.31890302837160917 -3.043570554932767 1.9765479608874226
      vertex -6.369053538120021 -13.825113380415353 -15.595084695719564
    endloop
  endfacet
  facet normal 0.016886478041843175 -0.8553291425086346 0.5178097187527347
    outer loop
      vertex -0.16701912982943334 -3.0828746749656766 1.9469176532987442
      vertex -5.8689035223524915 -13.81523908543446 -15.595084695719564
      vertex -0.009678058093592698 -3.105177255239417 1.9049466693114898
    endloop
  endfacet
  facet normal 0.016886478041845385 -0.8553291425086347 0.5178097187527342
    outer loop
      vertex 0 -3.1228055952188285 1.875512186562425
      vertex -5.8689035223524915 -13.81523908543446 -15.595084695719564
      vertex 0.014132780777380899 -3.108552363464157 1.8985950897401078
    endloop
  endfacet
  facet normal 0.016886478041826563 -0.8553291425086323 0.5178097187527391
    outer loop
      vertex 0 -3.1228055952188285 1.875512186562425
      vertex -0.009678058093592698 -3.105177255239417 1.9049466693114898
      vertex -5.8689035223524915 -13.81523908543446 -15.595084695719564
    endloop
  endfacet
  facet normal 0.0168864780418426 -0.8553291425086345 0.5178097187527348
    outer loop
      vertex 0.014132780777380899 -3.108552363464157 1.8985950897401078
      vertex -5.8689035223524915 -13.81523908543446 -15.595084695719564
      vertex 0.29002648624115085 -3.147659390289651 1.8249999999999984
    endloop
  endfacet
  facet normal 0.2640729096496433 -0.861303933784408 0.434074915235464
    outer loop
      vertex 1.1814951490185825 -3.1154698756654504 1.490106260193099
      vertex 0.973312743659669 -3.1358988188476586 1.5762199771647858
      vertex -4.8590320423778675 -13.577969875665433 -15.595084695719564
    endloop
  endfacet
  facet normal 0.14169188758624415 -0.8657229177194806 0.48004920448586996
    outer loop
      vertex 0.39079559291439836 -3.247971410181768 1.6143537192993547
      vertex -5.36267579149584 -13.732385367154098 -15.595084695719564
      vertex 0.4287228804978796 -3.2564735827611426 1.5878261998240557
    endloop
  endfacet
  facet normal 0.14169188758625076 -0.8657229177194806 0.48004920448586785
    outer loop
      vertex 0.29002648624115085 -3.147659390289651 1.8249999999999984
      vertex -5.36267579149584 -13.732385367154098 -15.595084695719564
      vertex 0.39079559291439836 -3.247971410181768 1.6143537192993547
    endloop
  endfacet
  facet normal 0.14169188758625376 -0.8657229177194807 0.48004920448586674
    outer loop
      vertex 0.4287228804978796 -3.2564735827611426 1.5878261998240557
      vertex -5.36267579149584 -13.732385367154098 -15.595084695719564
      vertex 0.52889308327501 -3.225369150637035 1.6143537192993547
    endloop
  endfacet
  facet normal 0.14169188758624934 -0.8657229177194807 0.4800492044858683
    outer loop
      vertex 0.52889308327501 -3.225369150637035 1.6143537192993547
      vertex -5.36267579149584 -13.732385367154098 -15.595084695719564
      vertex 0.7421096687216157 -3.1585867807497143 1.6718560907156603
    endloop
  endfacet
  facet normal 0.26407290964964625 -0.8613039337844078 0.43407491523546293
    outer loop
      vertex 0.7849084310976497 -3.1744445317161074 1.6143537192993547
      vertex 0.7421096687216157 -3.1585867807497143 1.6718560907156603
      vertex -5.36267579149584 -13.732385367154098 -15.595084695719564
    endloop
  endfacet
  facet normal 0.2640729096496424 -0.8613039337844082 0.43407491523546443
    outer loop
      vertex 0.7849084310976497 -3.1744445317161074 1.6143537192993547
      vertex -4.8590320423778675 -13.577969875665433 -15.595084695719564
      vertex 0.8574047412205271 -3.1998780568854532 1.51978408306708
    endloop
  endfacet
  facet normal 0.26407290964964386 -0.8613039337844081 0.4340749152354639
    outer loop
      vertex 0.8574047412205271 -3.1998780568854532 1.51978408306708
      vertex -4.8590320423778675 -13.577969875665433 -15.595084695719564
      vertex 0.973312743659669 -3.1358988188476586 1.5762199771647858
    endloop
  endfacet
  facet normal 0.38193557101409187 -0.8421478007437189 0.38067348383707694
    outer loop
      vertex 1.1814951490185825 -3.1154698756654504 1.490106260193099
      vertex -4.366589759182414 -13.354634702839903 -15.595084695719564
      vertex 1.6006649197435 -3.0190464172371145 1.2828602984231272
    endloop
  endfacet
  facet normal 0.49326320886594 -0.8085822853448238 0.32075862358761
    outer loop
      vertex 1.8249999999999995 -3.160992723813201 0.5800529724823016
      vertex 1.7418525359360064 -3.016977091533855 1.070958165446119
      vertex -3.893774765905743 -13.066201175404759 -15.595084695719564
    endloop
  endfacet
  facet normal 0.4932632088659384 -0.8085822853448243 0.320758623587611
    outer loop
      vertex 1.6006649197435 -3.0190464172371145 1.2828602984231272
      vertex -4.366589759182414 -13.354634702839903 -15.595084695719564
      vertex 1.6555862681004812 -3.029022482169961 1.1732540483565397
    endloop
  endfacet
  facet normal 0.49326320886593933 -0.808582285344824 0.32075862358761037
    outer loop
      vertex 1.6555862681004812 -3.029022482169961 1.1732540483565397
      vertex -3.893774765905743 -13.066201175404759 -15.595084695719564
      vertex 1.7418525359360064 -3.016977091533855 1.070958165446119
    endloop
  endfacet
  facet normal 0.6888384355540156 -0.7007570904043963 0.18558316182094953
    outer loop
      vertex 2.035523005761999 -3.5256292659550996 -1.2424140045643728
      vertex 1.9469176532987458 -3.3721602936661967 -0.3340382596588679
      vertex -3.4486770581719033 -12.717604470983298 -15.595084695719564
    endloop
  endfacet
  facet normal 0.5961509764556943 -0.7611817028623162 0.25535549435746724
    outer loop
      vertex 1.9469176532987458 -3.3721602936661967 -0.3340382596588679
      vertex 1.8249999999999995 -3.160992723813201 0.5800529724823016
      vertex -3.893774765905743 -13.066201175404759 -15.595084695719564
    endloop
  endfacet
  facet normal 0.2886751345948137 0.5000000000000023 0.8164965809277244
    outer loop
      vertex -2.3332647963560595 -1.9435323839044394 2.015099339688822
      vertex -2.257457238988883 -2.020651604594501 2.0355230057619975
      vertex -2.2765685454359423 -1.9970572662617219 2.0278313505215477
    endloop
  endfacet
  facet normal -0.5693570889351921 -0.5959747616530078 0.5662566456580304
    outer loop
      vertex -2.208198062497357 -2.075018860242552 2.0278313505215477
      vertex -2.1877759586369674 -2.077532780519299 2.045719417079007
      vertex -2.257457238988883 -2.020651604594501 2.0355230057619975
    endloop
  endfacet
  facet normal 0.2886751345948132 0.5000000000000017 0.8164965809277248
    outer loop
      vertex -2.1877759586369674 -2.077532780519299 2.045719417079007
      vertex -2.2765685454359423 -1.9970572662617219 2.0278313505215477
      vertex -2.257457238988883 -2.020651604594501 2.0355230057619975
    endloop
  endfacet
  facet normal 0.2886751345948228 0.5000000000000118 0.8164965809277154
    outer loop
      vertex -2.03427107811871 -2.202839578413607 2.0681816751349396
      vertex -1.8899505384440218 -2.3206491531708258 2.0892999952430666
      vertex -1.8191418716891463 -2.3667441737252473 2.09249267103885
    endloop
  endfacet
  facet normal -0.5693570889351924 -0.5959747616530089 0.566256645658029
    outer loop
      vertex -1.9991125325539596 -2.2747661252724676 2.0278313505215477
      vertex -1.8899505384440218 -2.3206491531708258 2.0892999952430666
      vertex -2.03427107811871 -2.202839578413607 2.0681816751349396
    endloop
  endfacet
  facet normal -0.46401497093657684 -0.6728912466744503 0.576114117945075
    outer loop
      vertex -1.8751229584375269 -2.383502063429075 2.0278313505215477
      vertex -1.8191418716891463 -2.3667441737252473 2.09249267103885
      vertex -1.8899505384440218 -2.3206491531708258 2.0892999952430666
    endloop
  endfacet
  facet normal -0.4640149709365722 -0.6728912466744503 0.5761141179450788
    outer loop
      vertex -1.605754531259471 -2.569254194291207 2.0278313505215477
      vertex -1.4901062601931006 -2.5809397513308996 2.1073284825421323
      vertex -1.8033617517728202 -2.3770167150006296 2.0932041772600556
    endloop
  endfacet
  facet normal 0.2886751345948138 0.5000000000000003 0.8164965809277255
    outer loop
      vertex -2.87096623757205 -1.3226593902896506 1.8249999999999984
      vertex -2.6991517061428065 -1.5420368345527518 1.8985950897401083
      vertex -2.9349209946613217 -1.2156840804822537 1.7821026901874117
    endloop
  endfacet
  facet normal -0.8205839831765807 -0.31015268469987906 0.48004920448586785
    outer loop
      vertex -3.057698162671819 -1.1546497293164693 1.6143537192993547
      vertex -2.961231571584432 -1.2265822782776665 1.7327767181276075
      vertex -3.106471226547769 -0.9366075648678838 1.6718560907156603
    endloop
  endfacet
  facet normal -0.8205839831765823 -0.3101526846998808 0.48004920448586397
    outer loop
      vertex -2.87096623757205 -1.3226593902896506 1.8249999999999984
      vertex -3.106471226547769 -0.9366075648678838 1.6718560907156603
      vertex -2.961231571584432 -1.2265822782776665 1.7327767181276075
    endloop
  endfacet
  facet normal 0.288675134594806 0.49999999999999567 0.8164965809277311
    outer loop
      vertex -2.87096623757205 -1.3226593902896506 1.8249999999999984
      vertex -2.9349209946613217 -1.2156840804822537 1.7821026901874117
      vertex -3.106471226547769 -0.9366075648678838 1.6718560907156603
    endloop
  endfacet
  facet normal -0.8779475418615877 -0.20195811868433589 0.4340749152354687
    outer loop
      vertex -3.1416038229195693 -0.9074716248829046 1.6143537192993547
      vertex -3.106471226547769 -0.9366075648678838 1.6718560907156603
      vertex -3.1339242927789073 -0.8760750009884857 1.6444937417821228
    endloop
  endfacet
  facet normal 0.2886751345948037 0.49999999999999645 0.8164965809277314
    outer loop
      vertex -2.9349209946613217 -1.2156840804822537 1.7821026901874117
      vertex -3.1339242927789073 -0.8760750009884857 1.6444937417821228
      vertex -3.106471226547769 -0.9366075648678838 1.6718560907156603
    endloop
  endfacet
  facet normal -0.8205839831765815 -0.3101526846998752 0.4800492044858689
    outer loop
      vertex -3.008223548440176 -1.285546793940016 1.6143537192993547
      vertex -2.87096623757205 -1.3226593902896506 1.8249999999999984
      vertex -2.961231571584432 -1.2265822782776665 1.7327767181276075
    endloop
  endfacet
  facet normal 0.288675134594812 0.4999999999999988 0.816496580927727
    outer loop
      vertex -2.684323357244176 -1.5609700717880601 1.9049466693114894
      vertex -2.5863382202892535 -1.686080146833099 1.9469176532987442
      vertex -2.4763579045962723 -1.7979634013799881 1.976547960887423
    endloop
  endfacet
  facet normal 0.28867513459481897 0.500000000000012 0.8164965809277165
    outer loop
      vertex -1.4901062601931006 -2.5809397513308996 2.1073284825421323
      vertex -1.1568759845243333 -2.7502654467488035 2.0932041772600543
      vertex -1.4880484344605303 -2.577375492608965 2.104418277482131
    endloop
  endfacet
  facet normal -0.3507334281359708 -0.7382943759045942 0.5761141179450782
    outer loop
      vertex -1.4901062601931006 -2.5809397513308996 2.1073284825421323
      vertex -1.4221621354061666 -2.6752513134582805 2.0278313505215477
      vertex -1.1568759845243333 -2.7502654467488035 2.0932041772600543
    endloop
  endfacet
  facet normal -0.3507334281359695 -0.7382943759045952 0.5761141179450777
    outer loop
      vertex -1.126611857683451 -2.815655148940865 2.0278313505215477
      vertex -1.0647658506947695 -2.7970697547740144 2.0892999952430666
      vertex -1.1400896428603073 -2.7587951608333934 2.09249267103885
    endloop
  endfacet
  facet normal 0.2886751345948136 0.5000000000000054 0.8164965809277227
    outer loop
      vertex -1.1400896428603073 -2.7587951608333934 2.09249267103885
      vertex -1.0647658506947695 -2.7970697547740144 2.0892999952430666
      vertex -0.8905794963086251 -2.8631502210415674 2.068181675134939
    endloop
  endfacet
  facet normal -0.23145073913828676 -0.7910650836691382 0.5662566456580269
    outer loop
      vertex -1.0647658506947695 -2.7970697547740144 2.0892999952430666
      vertex -0.9704489858772594 -2.8686653008518124 2.0278313505215477
      vertex -0.8905794963086251 -2.8631502210415674 2.068181675134939
    endloop
  endfacet
  facet normal 0.28867513459482064 0.5000000000000111 0.8164965809277166
    outer loop
      vertex -1.4901062601931006 -2.5809397513308996 2.1073284825421323
      vertex -1.4880484344605303 -2.577375492608965 2.104418277482131
      vertex -1.8033617517728202 -2.3770167150006296 2.0932041772600556
    endloop
  endfacet
  facet normal -0.23145073913828565 -0.791065083669136 0.5662566456580305
    outer loop
      vertex -0.6929200150532036 -2.949865048831564 2.0278313505215477
      vertex -0.6212070022821854 -2.9653411192187016 2.0355230057619975
      vertex -0.7053081858061476 -2.933435948228117 2.0457194170790065
    endloop
  endfacet
  facet normal 0.2886751345948134 0.500000000000003 0.8164965809277239
    outer loop
      vertex -0.7053081858061476 -2.933435948228117 2.0457194170790065
      vertex -0.6212070022821854 -2.9653411192187016 2.0355230057619975
      vertex -0.591218052676983 -2.970094826934975 2.0278313505215477
    endloop
  endfacet
  facet normal 0.2886751345948135 0.49999999999999767 0.8164965809277271
    outer loop
      vertex -0.6212070022821854 -2.9653411192187016 2.0355230057619975
      vertex -0.516516019360945 -2.992432779352492 2.015099339688822
      vertex -0.591218052676983 -2.970094826934975 2.0278313505215477
    endloop
  endfacet
  facet normal 0.28867513459481214 0.4999999999999984 0.8164965809277273
    outer loop
      vertex -0.16701912982943334 -3.0828746749656766 1.9469176532987442
      vertex -0.009678058093592698 -3.105177255239417 1.9049466693114898
      vertex -0.31890302837160917 -3.043570554932767 1.9765479608874226
    endloop
  endfacet
  facet normal 0.4932632088659421 -0.8085822853448216 0.32075862358761253
    outer loop
      vertex 1.6006649197435 -3.0190464172371145 1.2828602984231272
      vertex 1.6555862681004812 -3.029022482169961 1.1732540483565397
      vertex 1.6877766226804454 -2.986121172425386 1.2318991481281778
    endloop
  endfacet
  facet normal 0.28867513459481264 0.5000000000000084 0.8164965809277209
    outer loop
      vertex 0.014132780777380899 -3.108552363464157 1.8985950897401078
      vertex 0.29002648624115085 -3.147659390289651 1.8249999999999984
      vertex 0.4146472006567032 -3.1495581797181242 1.7821026901874113
    endloop
  endfacet
  facet normal 0.14169188758625406 -0.8657229177194796 0.4800492044858689
    outer loop
      vertex 0.29002648624115085 -3.147659390289651 1.8249999999999984
      vertex 0.39079559291439836 -3.247971410181768 1.6143537192993547
      vertex 0.41836437297196377 -3.1777929066194726 1.7327767181276006
    endloop
  endfacet
  facet normal 0.28867513459479766 0.5000000000000945 0.8164965809276736
    outer loop
      vertex 0.29002648624115085 -3.147659390289651 1.8249999999999984
      vertex 0.7421096687216157 -3.1585867807497143 1.6718560907156603
      vertex 0.4146472006567032 -3.1495581797181242 1.7821026901874113
    endloop
  endfacet
  facet normal 0.14169188758624798 -0.8657229177194844 0.480049204485862
    outer loop
      vertex 0.29002648624115085 -3.147659390289651 1.8249999999999984
      vertex 0.41836437297196377 -3.1777929066194726 1.7327767181276006
      vertex 0.7421096687216157 -3.1585867807497143 1.6718560907156603
    endloop
  endfacet
  facet normal 0.14169188758624904 -0.8657229177194804 0.48004920448586885
    outer loop
      vertex 0.52889308327501 -3.225369150637035 1.6143537192993547
      vertex 0.7421096687216157 -3.1585867807497143 1.6718560907156603
      vertex 0.41836437297196377 -3.1777929066194726 1.7327767181276006
    endloop
  endfacet
  facet normal 0.28867513459481436 0.49999999999998973 0.8164965809277318
    outer loop
      vertex 0.4146472006567032 -3.1495581797181242 1.7821026901874113
      vertex 0.7421096687216157 -3.1585867807497143 1.6718560907156603
      vertex 0.8082589399129496 -3.1520955515779576 1.6444937417821222
    endloop
  endfacet
  facet normal 0.26407290964964286 -0.8613039337844098 0.434074915235461
    outer loop
      vertex 0.7849084310976497 -3.1744445317161074 1.6143537192993547
      vertex 0.8082589399129496 -3.1520955515779576 1.6444937417821222
      vertex 0.7421096687216157 -3.1585867807497143 1.6718560907156603
    endloop
  endfacet
  facet normal 0.288675134594812 0.5 0.8164965809277264
    outer loop
      vertex 1.1814951490185825 -3.1154698756654504 1.490106260193099
      vertex 1.2803528566416238 -3.091045231127343 1.4401978034098895
      vertex 0.973312743659669 -3.1358988188476586 1.5762199771647858
    endloop
  endfacet
  facet normal 0.2886751345948275 0.4999999999999666 0.8164965809277412
    outer loop
      vertex 1.1814951490185825 -3.1154698756654504 1.490106260193099
      vertex 1.6006649197435 -3.0190464172371145 1.2828602984231272
      vertex 1.2803528566416238 -3.091045231127343 1.4401978034098895
    endloop
  endfacet
  facet normal 0.2886751345948147 0.4999999999999963 0.8164965809277276
    outer loop
      vertex 1.2803528566416238 -3.091045231127343 1.4401978034098895
      vertex 1.6006649197435 -3.0190464172371145 1.2828602984231272
      vertex 1.6877766226804454 -2.986121172425386 1.2318991481281778
    endloop
  endfacet
  facet normal -0.9639958278814477 -0.06318362469879195 0.25830190358780625
    outer loop
      vertex -3.4510035522436238 -0.08073147475329231 1.1732540483565397
      vertex -3.4562949726571355 0 1.1732540483565397
      vertex -3.4837050718720124 0 1.0709581654461156
    endloop
  endfacet
  facet normal -0.9221903271536542 -0.06044354741636743 0.3819837405963261
    outer loop
      vertex -3.4510035522436238 -0.08073147475329231 1.1732540483565397
      vertex -3.429945105439179 -0.031403155057924674 1.2318991481281782
      vertex -3.4562949726571355 0 1.1732540483565397
    endloop
  endfacet
  facet normal -0.8751235125267676 -0.2970644033586859 0.381983740596325
    outer loop
      vertex -3.1416038229195693 -0.9074716248829046 1.6143537192993547
      vertex -3.162040785385029 -0.8472662748781914 1.6143537192993547
      vertex -3.199878056885455 -0.8574047412205277 1.5197840830670752
    endloop
  endfacet
  facet normal -0.9064113949765933 -0.18029643639469334 0.3819837405963249
    outer loop
      vertex -3.199878056885455 -0.8574047412205277 1.5197840830670752
      vertex -3.162040785385029 -0.8472662748781914 1.6143537192993547
      vertex -3.2024244126495245 -0.7250358475874197 1.5762199771647836
    endloop
  endfacet
  facet normal -0.9064113949765916 -0.18029643639469115 0.38198374059633006
    outer loop
      vertex -3.162040785385029 -0.8472662748781914 1.6143537192993547
      vertex -3.2455795287807123 -0.4272886510825041 1.6143537192993547
      vertex -3.2024244126495245 -0.7250358475874197 1.5762199771647836
    endloop
  endfacet
  facet normal -0.9064113949765937 -0.1802964363946908 0.381983740596325
    outer loop
      vertex -3.2024244126495245 -0.7250358475874197 1.5762199771647836
      vertex -3.2455795287807123 -0.4272886510825041 1.6143537192993547
      vertex -3.3171001227238324 -0.43670451590404985 1.4401978034098897
    endloop
  endfacet
  facet normal -0.9221903271536545 -0.06044354741636928 0.38198374059632534
    outer loop
      vertex -3.429945105439179 -0.031403155057924674 1.2318991481281782
      vertex -3.273585506594312 0 1.6143537192993547
      vertex -3.4562949726571355 0 1.1732540483565397
    endloop
  endfacet
  facet normal -0.9221903271536546 -0.06044354741636874 0.3819837405963253
    outer loop
      vertex -3.429945105439179 -0.031403155057924674 1.2318991481281782
      vertex -3.3171001227238324 -0.43670451590404985 1.4401978034098897
      vertex -3.273585506594312 0 1.6143537192993547
    endloop
  endfacet
  facet normal -0.9221903271536548 -0.06044354741636859 0.38198374059632506
    outer loop
      vertex -3.3171001227238324 -0.43670451590404985 1.4401978034098897
      vertex -3.2455795287807123 -0.4272886510825041 1.6143537192993547
      vertex -3.273585506594312 0 1.6143537192993547
    endloop
  endfacet
  facet normal -0.864633616861439 -0.05667108131556327 0.49919645144535135
    outer loop
      vertex -3.2455795287807123 -0.4272886510825041 1.6143537192993547
      vertex -3.0089004019462897 -0.39612925290794826 2.0278313505215477
      vertex -3.273585506594312 0 1.6143537192993547
    endloop
  endfacet
  facet normal -0.7204591365102447 -0.48139540450993323 0.4991964514453506
    outer loop
      vertex -2.4627792464754505 -1.8897569812551012 1.9076249164405286
      vertex -2.4077195590887213 -1.847508197173579 2.0278313505215477
      vertex -2.4763579045962723 -1.7979634013799881 1.976547960887423
    endloop
  endfacet
  facet normal -0.6514607996199847 -0.5713157878291653 0.4991964514453505
    outer loop
      vertex -2.4627792464754505 -1.8897569812551012 1.9076249164405286
      vertex -2.3332647963560595 -1.9435323839044394 2.015099339688822
      vertex -2.4077195590887213 -1.847508197173579 2.0278313505215477
    endloop
  endfacet
  facet normal -0.5713157878291664 -0.6514607996199835 0.4991964514453511
    outer loop
      vertex -2.176908107275709 -2.176908107275709 1.9520560598884142
      vertex -1.9991125325539596 -2.2747661252724676 2.0278313505215477
      vertex -2.1459729744153297 -2.1459729744153297 2.0278313505215477
    endloop
  endfacet
  facet normal -0.5235093097941973 -0.5969479591364141 0.6079400765220808
    outer loop
      vertex -2.1459729744153297 -2.1459729744153297 2.0278313505215477
      vertex -1.9991125325539596 -2.2747661252724676 2.0278313505215477
      vertex -2.03427107811871 -2.202839578413607 2.0681816751349396
    endloop
  endfacet
  facet normal -0.6514607996199799 -0.5713157878291627 0.49919645144535996
    outer loop
      vertex -2.4077195590887213 -1.847508197173579 2.0278313505215477
      vertex -2.3332647963560595 -1.9435323839044394 2.015099339688822
      vertex -2.2765685454359423 -1.9970572662617219 2.0278313505215477
    endloop
  endfacet
  facet normal -0.6514607996199824 -0.5713157878291675 0.4991964514453511
    outer loop
      vertex -2.176908107275709 -2.176908107275709 1.9520560598884142
      vertex -2.1459729744153297 -2.1459729744153297 2.0278313505215477
      vertex -2.208198062497357 -2.075018860242552 2.0278313505215477
    endloop
  endfacet
  facet normal -0.5969479591364133 -0.5235093097941984 0.6079400765220805
    outer loop
      vertex -2.208198062497357 -2.075018860242552 2.0278313505215477
      vertex -2.1459729744153297 -2.1459729744153297 2.0278313505215477
      vertex -2.1877759586369674 -2.077532780519299 2.045719417079007
    endloop
  endfacet
  facet normal -0.5969479591364163 -0.5235093097941989 0.6079400765220772
    outer loop
      vertex -2.4077195590887213 -1.847508197173579 2.0278313505215477
      vertex -2.2765685454359423 -1.9970572662617219 2.0278313505215477
      vertex -2.177132372589886 -1.6705724258908847 2.4066122251152513
    endloop
  endfacet
  facet normal -0.5969479591364167 -0.5235093097941985 0.607940076522077
    outer loop
      vertex -2.1877759586369674 -2.077532780519299 2.045719417079007
      vertex -2.177132372589886 -1.6705724258908847 2.4066122251152513
      vertex -2.2765685454359423 -1.9970572662617219 2.0278313505215477
    endloop
  endfacet
  facet normal -0.5969479591364155 -0.5235093097941991 0.6079400765220776
    outer loop
      vertex -2.1877759586369674 -2.077532780519299 2.045719417079007
      vertex -2.1459729744153297 -2.1459729744153297 2.0278313505215477
      vertex -2.177132372589886 -1.6705724258908847 2.4066122251152513
    endloop
  endfacet
  facet normal -0.5235093097941976 -0.5969479591364172 0.6079400765220773
    outer loop
      vertex -2.1459729744153297 -2.1459729744153297 2.0278313505215477
      vertex -2.03427107811871 -2.202839578413607 2.0681816751349396
      vertex -1.9404532457554629 -1.9404532457554629 2.4066122251152513
    endloop
  endfacet
  facet normal -0.5969479591364162 -0.5235093097941989 0.6079400765220773
    outer loop
      vertex -2.1459729744153297 -2.1459729744153297 2.0278313505215477
      vertex -1.9404532457554629 -1.9404532457554629 2.4066122251152513
      vertex -2.177132372589886 -1.6705724258908847 2.4066122251152513
    endloop
  endfacet
  facet normal -0.5713157878291651 -0.6514607996199838 0.49919645144535185
    outer loop
      vertex -1.859184457685859 -2.4229363580482284 1.9946100006035499
      vertex -1.847508197173579 -2.4077195590887213 2.0278313505215477
      vertex -1.8751229584375269 -2.383502063429075 2.0278313505215477
    endloop
  endfacet
  facet normal -0.5235093097941997 -0.5969479591364184 0.6079400765220744
    outer loop
      vertex -1.8751229584375269 -2.383502063429075 2.0278313505215477
      vertex -1.847508197173579 -2.4077195590887213 2.0278313505215477
      vertex -1.8191418716891463 -2.3667441737252473 2.09249267103885
    endloop
  endfacet
  facet normal -0.48139540450993024 -0.7204591365102462 0.4991964514453516
    outer loop
      vertex -1.605754531259471 -2.569254194291207 2.0278313505215477
      vertex -1.847508197173579 -2.4077195590887213 2.0278313505215477
      vertex -1.859184457685859 -2.4229363580482284 1.9946100006035499
    endloop
  endfacet
  facet normal -0.4411132710172004 -0.6601726633925662 0.607940076522079
    outer loop
      vertex -1.605754531259471 -2.569254194291207 2.0278313505215477
      vertex -1.8033617517728202 -2.3770167150006296 2.0932041772600556
      vertex -1.847508197173579 -2.4077195590887213 2.0278313505215477
    endloop
  endfacet
  facet normal -0.5235093097942003 -0.5969479591364155 0.6079400765220766
    outer loop
      vertex -2.03427107811871 -2.202839578413607 2.0681816751349396
      vertex -1.8191418716891463 -2.3667441737252473 2.09249267103885
      vertex -1.9404532457554629 -1.9404532457554629 2.4066122251152513
    endloop
  endfacet
  facet normal -0.5235093097941986 -0.5969479591364159 0.6079400765220776
    outer loop
      vertex -1.8191418716891463 -2.3667441737252473 2.09249267103885
      vertex -1.6705724258908847 -2.177132372589886 2.4066122251152513
      vertex -1.9404532457554629 -1.9404532457554629 2.4066122251152513
    endloop
  endfacet
  facet normal -0.4411132710172009 -0.6601726633925681 0.6079400765220766
    outer loop
      vertex -1.4880484344605303 -2.577375492608965 2.104418277482131
      vertex -1.6705724258908847 -2.177132372589886 2.4066122251152513
      vertex -1.8033617517728202 -2.3770167150006296 2.0932041772600556
    endloop
  endfacet
  facet normal -0.5235093097941064 -0.5969479591364935 0.6079400765220808
    outer loop
      vertex -1.847508197173579 -2.4077195590887213 2.0278313505215477
      vertex -1.6705724258908847 -2.177132372589886 2.4066122251152513
      vertex -1.8191418716891463 -2.3667441737252473 2.09249267103885
    endloop
  endfacet
  facet normal -0.4411132710171903 -0.6601726633925753 0.6079400765220766
    outer loop
      vertex -1.847508197173579 -2.4077195590887213 2.0278313505215477
      vertex -1.8033617517728202 -2.3770167150006296 2.0932041772600556
      vertex -1.6705724258908847 -2.177132372589886 2.4066122251152513
    endloop
  endfacet
  facet normal -0.46672727873592895 -0.5322004619635771 0.7063485793639778
    outer loop
      vertex -1.6705724258908847 -2.177132372589886 2.4066122251152513
      vertex -1.7017318240654404 -1.7017318240654404 2.744215297298268
      vertex -1.9404532457554629 -1.9404532457554629 2.4066122251152513
    endloop
  endfacet
  facet normal -0.46672727873592884 -0.5322004619635772 0.7063485793639779
    outer loop
      vertex -1.6705724258908847 -2.177132372589886 2.4066122251152513
      vertex -1.4650526972310174 -1.9092938475809067 2.744215297298268
      vertex -1.7017318240654404 -1.7017318240654404 2.744215297298268
    endloop
  endfacet
  facet normal -0.828862024147532 -0.4087495160194011 0.38198374059632606
    outer loop
      vertex -3.008223548440176 -1.285546793940016 1.6143537192993547
      vertex -3.0243986474680766 -1.2527469378041225 1.6143537192993547
      vertex -3.034550289673017 -1.2569518856857678 1.5878261998240528
    endloop
  endfacet
  facet normal -0.8751235125267665 -0.29706440335868695 0.38198374059632656
    outer loop
      vertex -3.034550289673017 -1.2569518856857678 1.5878261998240528
      vertex -3.0243986474680766 -1.2527469378041225 1.6143537192993547
      vertex -3.057698162671819 -1.1546497293164693 1.6143537192993547
    endloop
  endfacet
  facet normal -0.7771302178258089 -0.38323821235150624 0.4991964514453529
    outer loop
      vertex -3.008223548440176 -1.285546793940016 1.6143537192993547
      vertex -2.961231571584432 -1.2265822782776665 1.7327767181276075
      vertex -3.0243986474680766 -1.2527469378041225 1.6143537192993547
    endloop
  endfacet
  facet normal -0.8205043856531694 -0.2785237081260454 0.4991964514453529
    outer loop
      vertex -3.057698162671819 -1.1546497293164693 1.6143537192993547
      vertex -3.0243986474680766 -1.2527469378041225 1.6143537192993547
      vertex -2.961231571584432 -1.2265822782776665 1.7327767181276075
    endloop
  endfacet
  facet normal -0.8205043856531672 -0.27852370812604327 0.49919645144535774
    outer loop
      vertex -3.1416038229195693 -0.9074716248829046 1.6143537192993547
      vertex -3.1339242927789073 -0.8760750009884857 1.6444937417821228
      vertex -3.162040785385029 -0.8472662748781914 1.6143537192993547
    endloop
  endfacet
  facet normal -0.8205043856531719 -0.2785237081260738 0.499196451445333
    outer loop
      vertex -3.162040785385029 -0.8472662748781914 1.6143537192993547
      vertex -3.1339242927789073 -0.8760750009884857 1.6444937417821228
      vertex -2.8038488119966694 -1.161392204772711 2.0278313505215477
    endloop
  endfacet
  facet normal -0.8205043856531699 -0.27852370812604593 0.4991964514453519
    outer loop
      vertex -2.9349209946613217 -1.2156840804822537 1.7821026901874117
      vertex -2.8038488119966694 -1.161392204772711 2.0278313505215477
      vertex -3.1339242927789073 -0.8760750009884857 1.6444937417821228
    endloop
  endfacet
  facet normal -0.7771302178258082 -0.383238212351509 0.49919645144535185
    outer loop
      vertex -2.9349209946613217 -1.2156840804822537 1.7821026901874117
      vertex -2.6991517061428065 -1.5420368345527518 1.8985950897401083
      vertex -2.8038488119966694 -1.161392204772711 2.0278313505215477
    endloop
  endfacet
  facet normal -0.8205043856531696 -0.27852370812604643 0.4991964514453519
    outer loop
      vertex -3.162040785385029 -0.8472662748781914 1.6143537192993547
      vertex -2.8038488119966694 -1.161392204772711 2.0278313505215477
      vertex -2.9314535988861934 -0.7854806244708638 2.0278313505215477
    endloop
  endfacet
  facet normal -0.7771302178258124 -0.38323821235150196 0.4991964514453508
    outer loop
      vertex -2.7044289765396874 -1.5614027976094127 1.8755121865624298
      vertex -2.6282693945601285 -1.517432042452145 2.0278313505215477
      vertex -2.6991517061428065 -1.5420368345527518 1.8985950897401083
    endloop
  endfacet
  facet normal -0.7204591365102462 -0.48139540450992946 0.499196451445352
    outer loop
      vertex -2.684323357244176 -1.5609700717880601 1.9049466693114894
      vertex -2.4763579045962723 -1.7979634013799881 1.976547960887423
      vertex -2.6282693945601285 -1.517432042452145 2.0278313505215477
    endloop
  endfacet
  facet normal -0.720459136510256 -0.4813954045099156 0.4991964514453516
    outer loop
      vertex -2.7044289765396874 -1.5614027976094127 1.8755121865624298
      vertex -2.684323357244176 -1.5609700717880601 1.9049466693114894
      vertex -2.6282693945601285 -1.517432042452145 2.0278313505215477
    endloop
  endfacet
  facet normal -0.7771302178258094 -0.38323821235150884 0.49919645144535035
    outer loop
      vertex -2.6991517061428065 -1.5420368345527518 1.8985950897401083
      vertex -2.6282693945601285 -1.517432042452145 2.0278313505215477
      vertex -2.8038488119966694 -1.161392204772711 2.0278313505215477
    endloop
  endfacet
  facet normal -0.7204591365102448 -0.4813954045099292 0.49919645144535446
    outer loop
      vertex -2.4763579045962723 -1.7979634013799881 1.976547960887423
      vertex -2.4077195590887213 -1.847508197173579 2.0278313505215477
      vertex -2.6282693945601285 -1.517432042452145 2.0278313505215477
    endloop
  endfacet
  facet normal -0.7121016303436299 -0.35116966187339554 0.6079400765220773
    outer loop
      vertex -2.8038488119966694 -1.161392204772711 2.0278313505215477
      vertex -2.6282693945601285 -1.517432042452145 2.0278313505215477
      vertex -2.3765601609141656 -1.372107648649134 2.4066122251152513
    endloop
  endfacet
  facet normal -0.6601726633925675 -0.44111327101720116 0.6079400765220772
    outer loop
      vertex -2.4077195590887213 -1.847508197173579 2.0278313505215477
      vertex -2.177132372589886 -1.6705724258908847 2.4066122251152513
      vertex -2.6282693945601285 -1.517432042452145 2.0278313505215477
    endloop
  endfacet
  facet normal -0.6601726633925676 -0.4411132710172008 0.6079400765220774
    outer loop
      vertex -2.6282693945601285 -1.517432042452145 2.0278313505215477
      vertex -2.177132372589886 -1.6705724258908847 2.4066122251152513
      vertex -2.3765601609141656 -1.372107648649134 2.4066122251152513
    endloop
  endfacet
  facet normal -0.751846340967642 -0.25521744245231204 0.6079400765220773
    outer loop
      vertex -2.9314535988861934 -0.7854806244708638 2.0278313505215477
      vertex -2.8038488119966694 -1.161392204772711 2.0278313505215477
      vertex -2.5353243459782453 -1.0501657291188864 2.4066122251152513
    endloop
  endfacet
  facet normal -0.7121016303436299 -0.3511696618733957 0.6079400765220773
    outer loop
      vertex -2.8038488119966694 -1.161392204772711 2.0278313505215477
      vertex -2.3765601609141656 -1.372107648649134 2.4066122251152513
      vertex -2.5353243459782453 -1.0501657291188864 2.4066122251152513
    endloop
  endfacet
  facet normal -0.8498394959552125 -0.16904358603318573 0.49919645144535185
    outer loop
      vertex -3.162040785385029 -0.8472662748781914 1.6143537192993547
      vertex -2.9314535988861934 -0.7854806244708638 2.0278313505215477
      vertex -3.2455795287807123 -0.4272886510825041 1.6143537192993547
    endloop
  endfacet
  facet normal -0.8498394959552125 -0.16904358603318656 0.4991964514453513
    outer loop
      vertex -3.2455795287807123 -0.4272886510825041 1.6143537192993547
      vertex -2.9314535988861934 -0.7854806244708638 2.0278313505215477
      vertex -3.0089004019462897 -0.39612925290794826 2.0278313505215477
    endloop
  endfacet
  facet normal -0.7787267522465112 -0.15489838183122587 0.6079400765220769
    outer loop
      vertex -2.9314535988861934 -0.7854806244708638 2.0278313505215477
      vertex -2.6507084285579308 -0.7102551828024678 2.4066122251152513
      vertex -3.0089004019462897 -0.39612925290794826 2.0278313505215477
    endloop
  endfacet
  facet normal -0.778726752246511 -0.15489838183122542 0.607940076522077
    outer loop
      vertex -3.0089004019462897 -0.39612925290794826 2.0278313505215477
      vertex -2.6507084285579308 -0.7102551828024678 2.4066122251152513
      vertex -2.720738155009771 -0.3581919733883597 2.4066122251152513
    endloop
  endfacet
  facet normal -0.864633616861439 -0.05667108131556294 0.4991964514453516
    outer loop
      vertex -3.0089004019462897 -0.39612925290794826 2.0278313505215477
      vertex -3.03486408490429 0 2.0278313505215477
      vertex -3.273585506594312 0 1.6143537192993547
    endloop
  endfacet
  facet normal -0.7922829328905973 -0.051928966951063 0.6079400765220772
    outer loop
      vertex -3.0089004019462897 -0.39612925290794826 2.0278313505215477
      vertex -2.720738155009771 -0.3581919733883597 2.4066122251152513
      vertex -3.03486408490429 0 2.0278313505215477
    endloop
  endfacet
  facet normal -0.792282932890597 -0.05192896695106269 0.6079400765220773
    outer loop
      vertex -2.720738155009771 -0.3581919733883597 2.4066122251152513
      vertex -2.744215297298268 0 2.4066122251152513
      vertex -3.03486408490429 0 2.0278313505215477
    endloop
  endfacet
  facet normal -0.751846340967642 -0.25521744245231276 0.6079400765220768
    outer loop
      vertex -2.9314535988861934 -0.7854806244708638 2.0278313505215477
      vertex -2.5353243459782453 -1.0501657291188864 2.4066122251152513
      vertex -2.6507084285579308 -0.7102551828024678 2.4066122251152513
    endloop
  endfacet
  facet normal -0.6942627593342359 -0.13809744904270624 0.706348579363978
    outer loop
      vertex -2.6507084285579308 -0.7102551828024678 2.4066122251152513
      vertex -2.3860233239099076 -0.3141259298945193 2.744215297298268
      vertex -2.720738155009771 -0.3581919733883597 2.4066122251152513
    endloop
  endfacet
  facet normal -0.6702979110062836 -0.22753548059830783 0.7063485793639778
    outer loop
      vertex -2.5353243459782453 -1.0501657291188864 2.4066122251152513
      vertex -2.3246089021018226 -0.622877078036382 2.744215297298268
      vertex -2.6507084285579308 -0.7102551828024678 2.4066122251152513
    endloop
  endfacet
  facet normal -0.6942627593342363 -0.1380974490427057 0.7063485793639779
    outer loop
      vertex -2.6507084285579308 -0.7102551828024678 2.4066122251152513
      vertex -2.3246089021018226 -0.622877078036382 2.744215297298268
      vertex -2.3860233239099076 -0.3141259298945193 2.744215297298268
    endloop
  endfacet
  facet normal -0.7063485793639779 -0.046296531846139195 0.7063485793639779
    outer loop
      vertex -2.720738155009771 -0.3581919733883597 2.4066122251152513
      vertex -2.4066122251152513 0 2.744215297298268
      vertex -2.744215297298268 0 2.4066122251152513
    endloop
  endfacet
  facet normal -0.7063485793639777 -0.046296531846139646 0.7063485793639781
    outer loop
      vertex -2.720738155009771 -0.3581919733883597 2.4066122251152513
      vertex -2.3860233239099076 -0.3141259298945193 2.744215297298268
      vertex -2.4066122251152513 0 2.744215297298268
    endloop
  endfacet
  facet normal -0.5885675477331843 -0.39326826236786033 0.7063485793639777
    outer loop
      vertex -2.177132372589886 -1.6705724258908847 2.4066122251152513
      vertex -2.0841873240080018 -1.2033061125576257 2.744215297298268
      vertex -2.3765601609141656 -1.372107648649134 2.4066122251152513
    endloop
  endfacet
  facet normal -0.5322004619635771 -0.46672727873592895 0.7063485793639778
    outer loop
      vertex -2.177132372589886 -1.6705724258908847 2.4066122251152513
      vertex -1.9404532457554629 -1.9404532457554629 2.4066122251152513
      vertex -1.9092938475809067 -1.4650526972310174 2.744215297298268
    endloop
  endfacet
  facet normal -0.5885675477331843 -0.3932682623678604 0.7063485793639779
    outer loop
      vertex -2.177132372589886 -1.6705724258908847 2.4066122251152513
      vertex -1.9092938475809067 -1.4650526972310174 2.744215297298268
      vertex -2.0841873240080018 -1.2033061125576257 2.744215297298268
    endloop
  endfacet
  facet normal -0.6348640795793233 -0.31308031699611716 0.7063485793639775
    outer loop
      vertex -2.5353243459782453 -1.0501657291188864 2.4066122251152513
      vertex -2.3765601609141656 -1.372107648649134 2.4066122251152513
      vertex -2.223419777475426 -0.9209706266788905 2.744215297298268
    endloop
  endfacet
  facet normal -0.634864079579323 -0.3130803169961175 0.7063485793639778
    outer loop
      vertex -2.3765601609141656 -1.372107648649134 2.4066122251152513
      vertex -2.0841873240080018 -1.2033061125576257 2.744215297298268
      vertex -2.223419777475426 -0.9209706266788905 2.744215297298268
    endloop
  endfacet
  facet normal -0.6702979110062839 -0.22753548059830742 0.7063485793639775
    outer loop
      vertex -2.5353243459782453 -1.0501657291188864 2.4066122251152513
      vertex -2.223419777475426 -0.9209706266788905 2.744215297298268
      vertex -2.3246089021018226 -0.622877078036382 2.744215297298268
    endloop
  endfacet
  facet normal -0.5467180039743821 -0.2696114829889313 0.7927225696110693
    outer loop
      vertex -2.0841873240080018 -1.2033061125576257 2.744215297298268
      vertex -1.8734718801315788 -0.7760174614751214 3.03486408490429
      vertex -2.223419777475426 -0.9209706266788905 2.744215297298268
    endloop
  endfacet
  facet normal -0.5322004619635773 -0.4667272787359289 0.7063485793639777
    outer loop
      vertex -1.9404532457554629 -1.9404532457554629 2.4066122251152513
      vertex -1.7017318240654404 -1.7017318240654404 2.744215297298268
      vertex -1.9092938475809067 -1.4650526972310174 2.744215297298268
    endloop
  endfacet
  facet normal -0.4583084531601958 -0.4019257262121098 0.7927225696110695
    outer loop
      vertex -1.7017318240654404 -1.7017318240654404 2.744215297298268
      vertex -1.6087867754835565 -1.2344655107321814 3.03486408490429
      vertex -1.9092938475809067 -1.4650526972310174 2.744215297298268
    endloop
  endfacet
  facet normal -0.5068493954076015 -0.3386659386536709 0.7927225696110695
    outer loop
      vertex -2.0841873240080018 -1.2033061125576257 2.744215297298268
      vertex -1.9092938475809067 -1.4650526972310174 2.744215297298268
      vertex -1.7561534641421668 -1.0139156752607739 3.03486408490429
    endloop
  endfacet
  facet normal -0.5467180039743821 -0.2696114829889314 0.7927225696110695
    outer loop
      vertex -2.0841873240080018 -1.2033061125576257 2.744215297298268
      vertex -1.7561534641421668 -1.0139156752607739 3.03486408490429
      vertex -1.8734718801315788 -0.7760174614751214 3.03486408490429
    endloop
  endfacet
  facet normal -0.5068493954076017 -0.33866593865367073 0.7927225696110693
    outer loop
      vertex -1.9092938475809067 -1.4650526972310174 2.744215297298268
      vertex -1.6087867754835565 -1.2344655107321814 3.03486408490429
      vertex -1.7561534641421668 -1.0139156752607739 3.03486408490429
    endloop
  endfacet
  facet normal -0.5772321159142939 -0.1959439000998251 0.7927225696110696
    outer loop
      vertex -2.223419777475426 -0.9209706266788905 2.744215297298268
      vertex -1.9587346728274033 -0.524841373770942 3.03486408490429
      vertex -2.3246089021018226 -0.622877078036382 2.744215297298268
    endloop
  endfacet
  facet normal -0.5772321159142939 -0.19594390009982485 0.7927225696110695
    outer loop
      vertex -2.223419777475426 -0.9209706266788905 2.744215297298268
      vertex -1.8734718801315788 -0.7760174614751214 3.03486408490429
      vertex -1.9587346728274033 -0.524841373770942 3.03486408490429
    endloop
  endfacet
  facet normal -0.5978696263119346 -0.11892366275409852 0.7927225696110695
    outer loop
      vertex -2.3246089021018226 -0.622877078036382 2.744215297298268
      vertex -1.9587346728274033 -0.524841373770942 3.03486408490429
      vertex -2.0104829722073028 -0.2646851046480223 3.03486408490429
    endloop
  endfacet
  facet normal -0.5978696263119353 -0.11892366275409769 0.7927225696110691
    outer loop
      vertex -2.3246089021018226 -0.622877078036382 2.744215297298268
      vertex -2.0104829722073028 -0.2646851046480223 3.03486408490429
      vertex -2.3860233239099076 -0.3141259298945193 2.744215297298268
    endloop
  endfacet
  facet normal -0.6082774216426022 -0.03986860856678122 0.7927225696110693
    outer loop
      vertex -2.3860233239099076 -0.3141259298945193 2.744215297298268
      vertex -2.0278313505215477 0 3.03486408490429
      vertex -2.4066122251152513 0 2.744215297298268
    endloop
  endfacet
  facet normal -0.6082774216426026 -0.03986860856678063 0.7927225696110691
    outer loop
      vertex -2.3860233239099076 -0.3141259298945193 2.744215297298268
      vertex -2.0104829722073028 -0.2646851046480223 3.03486408490429
      vertex -2.0278313505215477 0 3.03486408490429
    endloop
  endfacet
  facet normal -0.4491574378359415 -0.22149993603673476 0.8655607282983526
    outer loop
      vertex -1.8734718801315788 -0.7760174614751214 3.03486408490429
      vertex -1.7561534641421668 -1.0139156752607739 3.03486408490429
      vertex -1.491468359494145 -0.6177864223528258 3.273585506594312
    endloop
  endfacet
  facet normal -0.474226376918131 -0.16097816331020803 0.8655607282983526
    outer loop
      vertex -1.9587346728274033 -0.524841373770942 3.03486408490429
      vertex -1.8734718801315788 -0.7760174614751214 3.03486408490429
      vertex -1.55934595023706 -0.4178254880867618 3.273585506594312
    endloop
  endfacet
  facet normal -0.47422637691813085 -0.16097816331020817 0.8655607282983526
    outer loop
      vertex -1.8734718801315788 -0.7760174614751214 3.03486408490429
      vertex -1.491468359494145 -0.6177864223528258 3.273585506594312
      vertex -1.55934595023706 -0.4178254880867618 3.273585506594312
    endloop
  endfacet
  facet normal -0.49118117121085964 -0.09770200957786535 0.8655607282983528
    outer loop
      vertex -1.9587346728274033 -0.524841373770942 3.03486408490429
      vertex -1.600542699439044 -0.21071544387642274 3.273585506594312
      vertex -2.0104829722073028 -0.2646851046480223 3.03486408490429
    endloop
  endfacet
  facet normal -0.4997317194830225 -0.0327541473735303 0.8655607282983526
    outer loop
      vertex -2.0104829722073028 -0.2646851046480223 3.03486408490429
      vertex -1.6143537192993547 0 3.273585506594312
      vertex -2.0278313505215477 0 3.03486408490429
    endloop
  endfacet
  facet normal -0.49118117121085997 -0.09770200957786492 0.8655607282983527
    outer loop
      vertex -1.9587346728274033 -0.524841373770942 3.03486408490429
      vertex -1.55934595023706 -0.4178254880867618 3.273585506594312
      vertex -1.600542699439044 -0.21071544387642274 3.273585506594312
    endloop
  endfacet
  facet normal -0.4997317194830224 -0.03275414737353052 0.8655607282983528
    outer loop
      vertex -2.0104829722073028 -0.2646851046480223 3.03486408490429
      vertex -1.600542699439044 -0.21071544387642274 3.273585506594312
      vertex -1.6143537192993547 0 3.273585506594312
    endloop
  endfacet
  facet normal -0.3832382123515085 -0.7771302178258102 0.49919645144534897
    outer loop
      vertex -1.4221621354061666 -2.6752513134582805 2.0278313505215477
      vertex -1.1687322089797831 -2.8215691497012587 1.9946100006035568
      vertex -1.161392204772711 -2.8038488119966694 2.0278313505215477
    endloop
  endfacet
  facet normal -0.35116966187339527 -0.7121016303436306 0.6079400765220767
    outer loop
      vertex -1.4221621354061666 -2.6752513134582805 2.0278313505215477
      vertex -1.161392204772711 -2.8038488119966694 2.0278313505215477
      vertex -1.1568759845243333 -2.7502654467488035 2.0932041772600543
    endloop
  endfacet
  facet normal -0.2785237081260446 -0.8205043856531719 0.49919645144534913
    outer loop
      vertex -1.1687322089797831 -2.8215691497012587 1.9946100006035568
      vertex -1.126611857683451 -2.815655148940865 2.0278313505215477
      vertex -1.161392204772711 -2.8038488119966694 2.0278313505215477
    endloop
  endfacet
  facet normal -0.2552174424523099 -0.7518463409676424 0.6079400765220777
    outer loop
      vertex -1.126611857683451 -2.815655148940865 2.0278313505215477
      vertex -1.1400896428603073 -2.7587951608333934 2.09249267103885
      vertex -1.161392204772711 -2.8038488119966694 2.0278313505215477
    endloop
  endfacet
  facet normal -0.27852370812604627 -0.8205043856531704 0.4991964514453505
    outer loop
      vertex -0.9704489858772594 -2.8686653008518124 2.0278313505215477
      vertex -0.7968036689672093 -2.973711776242918 1.9520560598884138
      vertex -0.7854806244708638 -2.9314535988861934 2.0278313505215477
    endloop
  endfacet
  facet normal -0.25521744245231226 -0.7518463409676438 0.6079400765220747
    outer loop
      vertex -0.9704489858772594 -2.8686653008518124 2.0278313505215477
      vertex -0.7854806244708638 -2.9314535988861934 2.0278313505215477
      vertex -0.8905794963086251 -2.8631502210415674 2.068181675134939
    endloop
  endfacet
  facet normal -0.351169661873392 -0.7121016303436317 0.6079400765220774
    outer loop
      vertex -1.161392204772711 -2.8038488119966694 2.0278313505215477
      vertex -1.0501657291188864 -2.5353243459782453 2.4066122251152513
      vertex -1.1568759845243333 -2.7502654467488035 2.0932041772600543
    endloop
  endfacet
  facet normal -0.25521744245231304 -0.7518463409676417 0.607940076522077
    outer loop
      vertex -1.1400896428603073 -2.7587951608333934 2.09249267103885
      vertex -0.8905794963086251 -2.8631502210415674 2.068181675134939
      vertex -1.0501657291188864 -2.5353243459782453 2.4066122251152513
    endloop
  endfacet
  facet normal -0.2552174424522839 -0.7518463409676519 0.6079400765220768
    outer loop
      vertex -1.161392204772711 -2.8038488119966694 2.0278313505215477
      vertex -1.1400896428603073 -2.7587951608333934 2.09249267103885
      vertex -1.0501657291188864 -2.5353243459782453 2.4066122251152513
    endloop
  endfacet
  facet normal -0.25521744245230915 -0.7518463409676416 0.6079400765220789
    outer loop
      vertex -1.0501657291188864 -2.5353243459782453 2.4066122251152513
      vertex -0.8905794963086251 -2.8631502210415674 2.068181675134939
      vertex -0.7854806244708638 -2.9314535988861934 2.0278313505215477
    endloop
  endfacet
  facet normal -0.25521744245231276 -0.751846340967642 0.6079400765220767
    outer loop
      vertex -1.0501657291188864 -2.5353243459782453 2.4066122251152513
      vertex -0.7854806244708638 -2.9314535988861934 2.0278313505215477
      vertex -0.7102551828024678 -2.6507084285579308 2.4066122251152513
    endloop
  endfacet
  facet normal -0.44111327101720116 -0.6601726633925681 0.6079400765220765
    outer loop
      vertex -1.4880484344605303 -2.577375492608965 2.104418277482131
      vertex -1.372107648649134 -2.3765601609141656 2.4066122251152513
      vertex -1.6705724258908847 -2.177132372589886 2.4066122251152513
    endloop
  endfacet
  facet normal -0.3511696618733968 -0.7121016303436299 0.6079400765220765
    outer loop
      vertex -1.4880484344605303 -2.577375492608965 2.104418277482131
      vertex -1.1568759845243333 -2.7502654467488035 2.0932041772600543
      vertex -1.372107648649134 -2.3765601609141656 2.4066122251152513
    endloop
  endfacet
  facet normal -0.3511696618733956 -0.7121016303436298 0.6079400765220773
    outer loop
      vertex -1.1568759845243333 -2.7502654467488035 2.0932041772600543
      vertex -1.0501657291188864 -2.5353243459782453 2.4066122251152513
      vertex -1.372107648649134 -2.3765601609141656 2.4066122251152513
    endloop
  endfacet
  facet normal -0.169043586033187 -0.8498394959552128 0.4991964514453505
    outer loop
      vertex -0.7968036689672093 -2.973711776242918 1.9520560598884138
      vertex -0.6929200150532036 -2.949865048831564 2.0278313505215477
      vertex -0.7854806244708638 -2.9314535988861934 2.0278313505215477
    endloop
  endfacet
  facet normal -0.1548983818312264 -0.7787267522465118 0.6079400765220758
    outer loop
      vertex -0.6929200150532036 -2.949865048831564 2.0278313505215477
      vertex -0.7053081858061476 -2.933435948228117 2.0457194170790065
      vertex -0.7854806244708638 -2.9314535988861934 2.0278313505215477
    endloop
  endfacet
  facet normal -0.16904358603318587 -0.8498394959552139 0.49919645144534897
    outer loop
      vertex -0.591218052676983 -2.970094826934975 2.0278313505215477
      vertex -0.516516019360945 -2.992432779352492 2.015099339688822
      vertex -0.39612925290794826 -3.0089004019462897 2.0278313505215477
    endloop
  endfacet
  facet normal -0.1548983818312266 -0.778726752246511 0.6079400765220768
    outer loop
      vertex -0.7854806244708638 -2.9314535988861934 2.0278313505215477
      vertex -0.7053081858061476 -2.933435948228117 2.0457194170790065
      vertex -0.7102551828024678 -2.6507084285579308 2.4066122251152513
    endloop
  endfacet
  facet normal -0.1548983818312267 -0.7787267522465109 0.6079400765220768
    outer loop
      vertex -0.7053081858061476 -2.933435948228117 2.0457194170790065
      vertex -0.591218052676983 -2.970094826934975 2.0278313505215477
      vertex -0.7102551828024678 -2.6507084285579308 2.4066122251152513
    endloop
  endfacet
  facet normal -0.15489838183122495 -0.7787267522465109 0.6079400765220774
    outer loop
      vertex -0.591218052676983 -2.970094826934975 2.0278313505215477
      vertex -0.39612925290794826 -3.0089004019462897 2.0278313505215477
      vertex -0.7102551828024678 -2.6507084285579308 2.4066122251152513
    endloop
  endfacet
  facet normal -0.1548983818312255 -0.778726752246511 0.607940076522077
    outer loop
      vertex -0.7102551828024678 -2.6507084285579308 2.4066122251152513
      vertex -0.39612925290794826 -3.0089004019462897 2.0278313505215477
      vertex -0.3581919733883597 -2.720738155009771 2.4066122251152513
    endloop
  endfacet
  facet normal -0.1690435860331859 -0.849839495955212 0.49919645144535235
    outer loop
      vertex -0.4051879295081854 -3.077707881988388 1.9076249164405295
      vertex -0.39612925290794826 -3.0089004019462897 2.0278313505215477
      vertex -0.516516019360945 -2.992432779352492 2.015099339688822
    endloop
  endfacet
  facet normal -0.05667108131556267 -0.8646336168614386 0.49919645144535235
    outer loop
      vertex -0.4051879295081854 -3.077707881988388 1.9076249164405295
      vertex -0.31890302837160917 -3.043570554932767 1.9765479608874226
      vertex -0.39612925290794826 -3.0089004019462897 2.0278313505215477
    endloop
  endfacet
  facet normal -0.05667108131556264 -0.8646336168614397 0.4991964514453504
    outer loop
      vertex -0.31890302837160917 -3.043570554932767 1.9765479608874226
      vertex -0.009678058093592698 -3.105177255239417 1.9049466693114898
      vertex 0 -3.03486408490429 2.0278313505215477
    endloop
  endfacet
  facet normal -0.056671081315562914 -0.8646336168614386 0.49919645144535196
    outer loop
      vertex -0.39612925290794826 -3.0089004019462897 2.0278313505215477
      vertex -0.31890302837160917 -3.043570554932767 1.9765479608874226
      vertex 0 -3.03486408490429 2.0278313505215477
    endloop
  endfacet
  facet normal -0.051928966951063 -0.7922829328905973 0.6079400765220772
    outer loop
      vertex -0.39612925290794826 -3.0089004019462897 2.0278313505215477
      vertex 0 -3.03486408490429 2.0278313505215477
      vertex -0.3581919733883597 -2.720738155009771 2.4066122251152513
    endloop
  endfacet
  facet normal -0.05192896695106269 -0.792282932890597 0.6079400765220773
    outer loop
      vertex -0.3581919733883597 -2.720738155009771 2.4066122251152513
      vertex 0 -3.03486408490429 2.0278313505215477
      vertex 0 -2.744215297298268 2.4066122251152513
    endloop
  endfacet
  facet normal -0.39326826236786033 -0.5885675477331843 0.7063485793639778
    outer loop
      vertex -1.6705724258908847 -2.177132372589886 2.4066122251152513
      vertex -1.372107648649134 -2.3765601609141656 2.4066122251152513
      vertex -1.4650526972310174 -1.9092938475809067 2.744215297298268
    endloop
  endfacet
  facet normal -0.39326826236786044 -0.5885675477331842 0.7063485793639778
    outer loop
      vertex -1.372107648649134 -2.3765601609141656 2.4066122251152513
      vertex -1.2033061125576257 -2.0841873240080018 2.744215297298268
      vertex -1.4650526972310174 -1.9092938475809067 2.744215297298268
    endloop
  endfacet
  facet normal -0.33866593865367095 -0.5068493954076017 0.7927225696110693
    outer loop
      vertex -1.2033061125576257 -2.0841873240080018 2.744215297298268
      vertex -1.2344655107321814 -1.6087867754835565 3.03486408490429
      vertex -1.4650526972310174 -1.9092938475809067 2.744215297298268
    endloop
  endfacet
  facet normal -0.3130803169961171 -0.6348640795793232 0.7063485793639778
    outer loop
      vertex -1.372107648649134 -2.3765601609141656 2.4066122251152513
      vertex -1.0501657291188864 -2.5353243459782453 2.4066122251152513
      vertex -1.2033061125576257 -2.0841873240080018 2.744215297298268
    endloop
  endfacet
  facet normal -0.31308031699611755 -0.6348640795793231 0.7063485793639775
    outer loop
      vertex -1.0501657291188864 -2.5353243459782453 2.4066122251152513
      vertex -0.9209706266788905 -2.223419777475426 2.744215297298268
      vertex -1.2033061125576257 -2.0841873240080018 2.744215297298268
    endloop
  endfacet
  facet normal -0.22753548059830786 -0.6702979110062837 0.7063485793639775
    outer loop
      vertex -1.0501657291188864 -2.5353243459782453 2.4066122251152513
      vertex -0.7102551828024678 -2.6507084285579308 2.4066122251152513
      vertex -0.9209706266788905 -2.223419777475426 2.744215297298268
    endloop
  endfacet
  facet normal -0.2696114829889313 -0.5467180039743821 0.7927225696110693
    outer loop
      vertex -1.2033061125576257 -2.0841873240080018 2.744215297298268
      vertex -0.9209706266788905 -2.223419777475426 2.744215297298268
      vertex -1.0139156752607739 -1.7561534641421668 3.03486408490429
    endloop
  endfacet
  facet normal -0.33866593865367073 -0.5068493954076017 0.7927225696110695
    outer loop
      vertex -1.2033061125576257 -2.0841873240080018 2.744215297298268
      vertex -1.0139156752607739 -1.7561534641421668 3.03486408490429
      vertex -1.2344655107321814 -1.6087867754835565 3.03486408490429
    endloop
  endfacet
  facet normal -0.26961148298893145 -0.5467180039743821 0.7927225696110695
    outer loop
      vertex -0.9209706266788905 -2.223419777475426 2.744215297298268
      vertex -0.7760174614751214 -1.8734718801315788 3.03486408490429
      vertex -1.0139156752607739 -1.7561534641421668 3.03486408490429
    endloop
  endfacet
  facet normal -0.04629653184613918 -0.7063485793639777 0.7063485793639781
    outer loop
      vertex -0.3581919733883597 -2.720738155009771 2.4066122251152513
      vertex 0 -2.744215297298268 2.4066122251152513
      vertex -0.3141259298945193 -2.3860233239099076 2.744215297298268
    endloop
  endfacet
  facet normal -0.22753548059830733 -0.6702979110062836 0.7063485793639778
    outer loop
      vertex -0.7102551828024678 -2.6507084285579308 2.4066122251152513
      vertex -0.622877078036382 -2.3246089021018226 2.744215297298268
      vertex -0.9209706266788905 -2.223419777475426 2.744215297298268
    endloop
  endfacet
  facet normal -0.1380974490427063 -0.6942627593342361 0.7063485793639778
    outer loop
      vertex -0.7102551828024678 -2.6507084285579308 2.4066122251152513
      vertex -0.3581919733883597 -2.720738155009771 2.4066122251152513
      vertex -0.622877078036382 -2.3246089021018226 2.744215297298268
    endloop
  endfacet
  facet normal -0.11892366275409763 -0.597869626311935 0.7927225696110696
    outer loop
      vertex -0.622877078036382 -2.3246089021018226 2.744215297298268
      vertex -0.3141259298945193 -2.3860233239099076 2.744215297298268
      vertex -0.524841373770942 -1.9587346728274033 3.03486408490429
    endloop
  endfacet
  facet normal -0.19594390009982515 -0.577232115914294 0.7927225696110695
    outer loop
      vertex -0.9209706266788905 -2.223419777475426 2.744215297298268
      vertex -0.622877078036382 -2.3246089021018226 2.744215297298268
      vertex -0.7760174614751214 -1.8734718801315788 3.03486408490429
    endloop
  endfacet
  facet normal -0.19594390009982474 -0.5772321159142939 0.7927225696110695
    outer loop
      vertex -0.622877078036382 -2.3246089021018226 2.744215297298268
      vertex -0.524841373770942 -1.9587346728274033 3.03486408490429
      vertex -0.7760174614751214 -1.8734718801315788 3.03486408490429
    endloop
  endfacet
  facet normal -0.13809744904270568 -0.6942627593342359 0.7063485793639781
    outer loop
      vertex -0.622877078036382 -2.3246089021018226 2.744215297298268
      vertex -0.3581919733883597 -2.720738155009771 2.4066122251152513
      vertex -0.3141259298945193 -2.3860233239099076 2.744215297298268
    endloop
  endfacet
  facet normal -0.046296531846139626 -0.7063485793639778 0.7063485793639779
    outer loop
      vertex -0.3141259298945193 -2.3860233239099076 2.744215297298268
      vertex 0 -2.744215297298268 2.4066122251152513
      vertex 0 -2.4066122251152513 2.744215297298268
    endloop
  endfacet
  facet normal -0.03986860856678125 -0.6082774216426026 0.7927225696110691
    outer loop
      vertex -0.3141259298945193 -2.3860233239099076 2.744215297298268
      vertex 0 -2.4066122251152513 2.744215297298268
      vertex -0.2646851046480223 -2.0104829722073028 3.03486408490429
    endloop
  endfacet
  facet normal -0.11892366275409863 -0.5978696263119352 0.7927225696110691
    outer loop
      vertex -0.3141259298945193 -2.3860233239099076 2.744215297298268
      vertex -0.2646851046480223 -2.0104829722073028 3.03486408490429
      vertex -0.524841373770942 -1.9587346728274033 3.03486408490429
    endloop
  endfacet
  facet normal -0.03986860856678058 -0.6082774216426021 0.7927225696110693
    outer loop
      vertex -0.2646851046480223 -2.0104829722073028 3.03486408490429
      vertex 0 -2.4066122251152513 2.744215297298268
      vertex 0 -2.0278313505215477 3.03486408490429
    endloop
  endfacet
  facet normal -0.16097816331020803 -0.474226376918131 0.8655607282983527
    outer loop
      vertex -0.7760174614751214 -1.8734718801315788 3.03486408490429
      vertex -0.524841373770942 -1.9587346728274033 3.03486408490429
      vertex -0.6177864223528258 -1.491468359494145 3.273585506594312
    endloop
  endfacet
  facet normal -0.09770200957786537 -0.49118117121085975 0.8655607282983526
    outer loop
      vertex -0.524841373770942 -1.9587346728274033 3.03486408490429
      vertex -0.2646851046480223 -2.0104829722073028 3.03486408490429
      vertex -0.4178254880867618 -1.55934595023706 3.273585506594312
    endloop
  endfacet
  facet normal -0.032754147373530294 -0.49973171948302236 0.8655607282983527
    outer loop
      vertex -0.2646851046480223 -2.0104829722073028 3.03486408490429
      vertex 0 -2.0278313505215477 3.03486408490429
      vertex -0.21071544387642274 -1.600542699439044 3.273585506594312
    endloop
  endfacet
  facet normal -0.03275414737353058 -0.4997317194830224 0.8655607282983527
    outer loop
      vertex -0.21071544387642274 -1.600542699439044 3.273585506594312
      vertex 0 -2.0278313505215477 3.03486408490429
      vertex 0 -1.6143537192993547 3.273585506594312
    endloop
  endfacet
  facet normal -0.4019257262121097 -0.45830845316019564 0.7927225696110696
    outer loop
      vertex -1.7017318240654404 -1.7017318240654404 2.744215297298268
      vertex -1.4650526972310174 -1.9092938475809067 2.744215297298268
      vertex -1.4338932990564612 -1.4338932990564612 3.03486408490429
    endloop
  endfacet
  facet normal -0.45830845316019536 -0.40192572621211 0.7927225696110696
    outer loop
      vertex -1.7017318240654404 -1.7017318240654404 2.744215297298268
      vertex -1.4338932990564612 -1.4338932990564612 3.03486408490429
      vertex -1.6087867754835565 -1.2344655107321814 3.03486408490429
    endloop
  endfacet
  facet normal -0.40192572621211003 -0.4583084531601955 0.7927225696110693
    outer loop
      vertex -1.4650526972310174 -1.9092938475809067 2.744215297298268
      vertex -1.2344655107321814 -1.6087867754835565 3.03486408490429
      vertex -1.4338932990564612 -1.4338932990564612 3.03486408490429
    endloop
  endfacet
  facet normal -0.33020300790065193 -0.3765243673402658 0.8655607282983527
    outer loop
      vertex -1.2344655107321814 -1.6087867754835565 3.03486408490429
      vertex -1.1415204621502981 -1.1415204621502981 3.273585506594312
      vertex -1.4338932990564612 -1.4338932990564612 3.03486408490429
    endloop
  endfacet
  facet normal -0.3765243673402655 -0.3302030079006517 0.8655607282983527
    outer loop
      vertex -1.6087867754835565 -1.2344655107321814 3.03486408490429
      vertex -1.4338932990564612 -1.4338932990564612 3.03486408490429
      vertex -1.280752915617722 -0.9827562770862183 3.273585506594312
    endloop
  endfacet
  facet normal -0.4164032904624113 -0.27823178344628763 0.8655607282983526
    outer loop
      vertex -1.6087867754835565 -1.2344655107321814 3.03486408490429
      vertex -1.3980713316071338 -0.8071768596496773 3.273585506594312
      vertex -1.7561534641421668 -1.0139156752607739 3.03486408490429
    endloop
  endfacet
  facet normal -0.41640329046241104 -0.2782317834462878 0.8655607282983527
    outer loop
      vertex -1.6087867754835565 -1.2344655107321814 3.03486408490429
      vertex -1.280752915617722 -0.9827562770862183 3.273585506594312
      vertex -1.3980713316071338 -0.8071768596496773 3.273585506594312
    endloop
  endfacet
  facet normal -0.37652436734026634 -0.3302030079006513 0.8655607282983526
    outer loop
      vertex -1.4338932990564612 -1.4338932990564612 3.03486408490429
      vertex -1.1415204621502981 -1.1415204621502981 3.273585506594312
      vertex -1.280752915617722 -0.9827562770862183 3.273585506594312
    endloop
  endfacet
  facet normal -0.2782317834462875 -0.4164032904624112 0.8655607282983527
    outer loop
      vertex -1.2344655107321814 -1.6087867754835565 3.03486408490429
      vertex -1.0139156752607739 -1.7561534641421668 3.03486408490429
      vertex -0.9827562770862183 -1.280752915617722 3.273585506594312
    endloop
  endfacet
  facet normal -0.33020300790065116 -0.376524367340266 0.8655607282983528
    outer loop
      vertex -1.2344655107321814 -1.6087867754835565 3.03486408490429
      vertex -0.9827562770862183 -1.280752915617722 3.273585506594312
      vertex -1.1415204621502981 -1.1415204621502981 3.273585506594312
    endloop
  endfacet
  facet normal -0.2214999360367347 -0.44915743783594136 0.8655607282983526
    outer loop
      vertex -1.0139156752607739 -1.7561534641421668 3.03486408490429
      vertex -0.7760174614751214 -1.8734718801315788 3.03486408490429
      vertex -0.8071768596496773 -1.3980713316071338 3.273585506594312
    endloop
  endfacet
  facet normal -0.2782317834462879 -0.41640329046241115 0.8655607282983527
    outer loop
      vertex -1.0139156752607739 -1.7561534641421668 3.03486408490429
      vertex -0.8071768596496773 -1.3980713316071338 3.273585506594312
      vertex -0.9827562770862183 -1.280752915617722 3.273585506594312
    endloop
  endfacet
  facet normal -0.2882433267822654 -0.2527826132027758 0.9235890509462896
    outer loop
      vertex -1.1415204621502981 -1.1415204621502981 3.273585506594312
      vertex -0.9308050182738751 -0.7142318110677938 3.4562949726571355
      vertex -1.280752915617722 -0.9827562770862183 3.273585506594312
    endloop
  endfacet
  facet normal -0.2527826132027757 -0.2882433267822653 0.9235890509462896
    outer loop
      vertex -1.1415204621502981 -1.1415204621502981 3.273585506594312
      vertex -0.9827562770862183 -1.280752915617722 3.273585506594312
      vertex -0.8296158936474788 -0.8296158936474788 3.4562949726571355
    endloop
  endfacet
  facet normal -0.2129967190268068 -0.31877211712436127 0.9235890509462896
    outer loop
      vertex -0.9827562770862183 -1.280752915617722 3.273585506594312
      vertex -0.8071768596496773 -1.3980713316071338 3.273585506594312
      vertex -0.7142318110677938 -0.9308050182738751 3.4562949726571355
    endloop
  endfacet
  facet normal -0.28824332678226505 -0.252782613202776 0.9235890509462897
    outer loop
      vertex -1.1415204621502981 -1.1415204621502981 3.273585506594312
      vertex -0.8296158936474788 -0.8296158936474788 3.4562949726571355
      vertex -0.9308050182738751 -0.7142318110677938 3.4562949726571355
    endloop
  endfacet
  facet normal -0.2527826132027761 -0.2882433267822651 0.9235890509462897
    outer loop
      vertex -0.9827562770862183 -1.280752915617722 3.273585506594312
      vertex -0.7142318110677938 -0.9308050182738751 3.4562949726571355
      vertex -0.8296158936474788 -0.8296158936474788 3.4562949726571355
    endloop
  endfacet
  facet normal -0.4491574378359413 -0.22149993603673485 0.8655607282983527
    outer loop
      vertex -1.7561534641421668 -1.0139156752607739 3.03486408490429
      vertex -1.3980713316071338 -0.8071768596496773 3.273585506594312
      vertex -1.491468359494145 -0.6177864223528258 3.273585506594312
    endloop
  endfacet
  facet normal -0.31877211712436127 -0.21299671902680678 0.9235890509462896
    outer loop
      vertex -1.3980713316071338 -0.8071768596496773 3.273585506594312
      vertex -1.280752915617722 -0.9827562770862183 3.273585506594312
      vertex -1.0160678109696994 -0.5866270241782698 3.4562949726571355
    endloop
  endfacet
  facet normal -0.3438466281621314 -0.16956639193444212 0.9235890509462897
    outer loop
      vertex -1.491468359494145 -0.6177864223528258 3.273585506594312
      vertex -1.3980713316071338 -0.8071768596496773 3.273585506594312
      vertex -1.0839454017126144 -0.4489848862613176 3.4562949726571355
    endloop
  endfacet
  facet normal -0.3630378280597522 -0.12323473686339291 0.9235890509462897
    outer loop
      vertex -1.491468359494145 -0.6177864223528258 3.273585506594312
      vertex -1.133276386105785 -0.3036604924583063 3.4562949726571355
      vertex -1.55934595023706 -0.4178254880867618 3.273585506594312
    endloop
  endfacet
  facet normal -0.3630378280597522 -0.12323473686339294 0.9235890509462897
    outer loop
      vertex -1.491468359494145 -0.6177864223528258 3.273585506594312
      vertex -1.0839454017126144 -0.4489848862613176 3.4562949726571355
      vertex -1.133276386105785 -0.3036604924583063 3.4562949726571355
    endloop
  endfacet
  facet normal -0.37601735006616915 -0.07479450127748703 0.9235890509462896
    outer loop
      vertex -1.55934595023706 -0.4178254880867618 3.273585506594312
      vertex -1.1632166973291114 -0.15314038343873937 3.4562949726571355
      vertex -1.600542699439044 -0.21071544387642274 3.273585506594312
    endloop
  endfacet
  facet normal -0.38256311096124873 -0.025074511037770492 0.9235890509462896
    outer loop
      vertex -1.600542699439044 -0.21071544387642274 3.273585506594312
      vertex -1.1732540483565397 0 3.4562949726571355
      vertex -1.6143537192993547 0 3.273585506594312
    endloop
  endfacet
  facet normal -0.3760173500661689 -0.07479450127748734 0.9235890509462897
    outer loop
      vertex -1.55934595023706 -0.4178254880867618 3.273585506594312
      vertex -1.133276386105785 -0.3036604924583063 3.4562949726571355
      vertex -1.1632166973291114 -0.15314038343873937 3.4562949726571355
    endloop
  endfacet
  facet normal -0.3825631109612488 -0.025074511037770437 0.9235890509462897
    outer loop
      vertex -1.600542699439044 -0.21071544387642274 3.273585506594312
      vertex -1.1632166973291114 -0.15314038343873937 3.4562949726571355
      vertex -1.1732540483565397 0 3.4562949726571355
    endloop
  endfacet
  facet normal -0.3187721171243615 -0.21299671902680672 0.9235890509462897
    outer loop
      vertex -1.280752915617722 -0.9827562770862183 3.273585506594312
      vertex -0.9308050182738751 -0.7142318110677938 3.4562949726571355
      vertex -1.0160678109696994 -0.5866270241782698 3.4562949726571355
    endloop
  endfacet
  facet normal -0.3438466281621316 -0.1695663919344421 0.9235890509462897
    outer loop
      vertex -1.3980713316071338 -0.8071768596496773 3.273585506594312
      vertex -1.0160678109696994 -0.5866270241782698 3.4562949726571355
      vertex -1.0839454017126144 -0.4489848862613176 3.4562949726571355
    endloop
  endfacet
  facet normal -0.21563089558528337 -0.14407995810549298 0.9657868722142624
    outer loop
      vertex -0.9308050182738751 -0.7142318110677938 3.4562949726571355
      vertex -0.6166790883793557 -0.35603983767943403 3.579866273471791
      vertex -1.0160678109696994 -0.5866270241782698 3.4562949726571355
    endloop
  endfacet
  facet normal -0.23259235168819625 -0.11470185436489858 0.9657868722142625
    outer loop
      vertex -1.0839454017126144 -0.4489848862613176 3.4562949726571355
      vertex -1.0160678109696994 -0.5866270241782698 3.4562949726571355
      vertex -0.6578758375813398 -0.27250109428375047 3.579866273471791
    endloop
  endfacet
  facet normal -0.2455740881669414 -0.0833611700947585 0.9657868722142625
    outer loop
      vertex -1.0839454017126144 -0.4489848862613176 3.4562949726571355
      vertex -0.6878161488046661 -0.1842997816132952 3.579866273471791
      vertex -1.133276386105785 -0.3036604924583063 3.4562949726571355
    endloop
  endfacet
  facet normal -0.25435398391114994 -0.05059415309221433 0.9657868722142625
    outer loop
      vertex -1.133276386105785 -0.3036604924583063 3.4562949726571355
      vertex -0.7059877350232808 -0.09294504858188353 3.579866273471791
      vertex -1.1632166973291114 -0.15314038343873937 3.4562949726571355
    endloop
  endfacet
  facet normal -0.25878181247039156 -0.016961456102913015 0.9657868722142624
    outer loop
      vertex -1.1632166973291114 -0.15314038343873937 3.4562949726571355
      vertex -0.7120796753588681 0 3.579866273471791
      vertex -1.1732540483565397 0 3.4562949726571355
    endloop
  endfacet
  facet normal -0.25435398391115005 -0.05059415309221422 0.9657868722142623
    outer loop
      vertex -1.133276386105785 -0.3036604924583063 3.4562949726571355
      vertex -0.6878161488046661 -0.1842997816132952 3.579866273471791
      vertex -0.7059877350232808 -0.09294504858188353 3.579866273471791
    endloop
  endfacet
  facet normal -0.25878181247039156 -0.016961456102913237 0.9657868722142625
    outer loop
      vertex -1.1632166973291114 -0.15314038343873937 3.4562949726571355
      vertex -0.7059877350232808 -0.09294504858188353 3.579866273471791
      vertex -0.7120796753588681 0 3.579866273471791
    endloop
  endfacet
  facet normal -0.22149993603673493 -0.44915743783594153 0.8655607282983527
    outer loop
      vertex -0.7760174614751214 -1.8734718801315788 3.03486408490429
      vertex -0.6177864223528258 -1.491468359494145 3.273585506594312
      vertex -0.8071768596496773 -1.3980713316071338 3.273585506594312
    endloop
  endfacet
  facet normal -0.16956639193444217 -0.3438466281621315 0.9235890509462897
    outer loop
      vertex -0.8071768596496773 -1.3980713316071338 3.273585506594312
      vertex -0.6177864223528258 -1.491468359494145 3.273585506594312
      vertex -0.5866270241782698 -1.0160678109696994 3.4562949726571355
    endloop
  endfacet
  facet normal -0.16097816331020814 -0.4742263769181309 0.8655607282983526
    outer loop
      vertex -0.6177864223528258 -1.491468359494145 3.273585506594312
      vertex -0.524841373770942 -1.9587346728274033 3.03486408490429
      vertex -0.4178254880867618 -1.55934595023706 3.273585506594312
    endloop
  endfacet
  facet normal -0.12323473686339291 -0.3630378280597522 0.9235890509462897
    outer loop
      vertex -0.6177864223528258 -1.491468359494145 3.273585506594312
      vertex -0.4178254880867618 -1.55934595023706 3.273585506594312
      vertex -0.4489848862613176 -1.0839454017126144 3.4562949726571355
    endloop
  endfacet
  facet normal -0.21299671902680659 -0.3187721171243613 0.9235890509462897
    outer loop
      vertex -0.8071768596496773 -1.3980713316071338 3.273585506594312
      vertex -0.5866270241782698 -1.0160678109696994 3.4562949726571355
      vertex -0.7142318110677938 -0.9308050182738751 3.4562949726571355
    endloop
  endfacet
  facet normal -0.16956639193444187 -0.3438466281621315 0.9235890509462897
    outer loop
      vertex -0.6177864223528258 -1.491468359494145 3.273585506594312
      vertex -0.4489848862613176 -1.0839454017126144 3.4562949726571355
      vertex -0.5866270241782698 -1.0160678109696994 3.4562949726571355
    endloop
  endfacet
  facet normal -0.11470185436489858 -0.23259235168819625 0.9657868722142623
    outer loop
      vertex -0.4489848862613176 -1.0839454017126144 3.4562949726571355
      vertex -0.35603983767943403 -0.6166790883793557 3.579866273471791
      vertex -0.5866270241782698 -1.0160678109696994 3.4562949726571355
    endloop
  endfacet
  facet normal -0.09770200957786486 -0.49118117121085975 0.8655607282983528
    outer loop
      vertex -0.2646851046480223 -2.0104829722073028 3.03486408490429
      vertex -0.21071544387642274 -1.600542699439044 3.273585506594312
      vertex -0.4178254880867618 -1.55934595023706 3.273585506594312
    endloop
  endfacet
  facet normal -0.074794501277487 -0.37601735006616904 0.9235890509462896
    outer loop
      vertex -0.4178254880867618 -1.55934595023706 3.273585506594312
      vertex -0.21071544387642274 -1.600542699439044 3.273585506594312
      vertex -0.3036604924583063 -1.133276386105785 3.4562949726571355
    endloop
  endfacet
  facet normal -0.025074511037770492 -0.38256311096124873 0.9235890509462896
    outer loop
      vertex -0.21071544387642274 -1.600542699439044 3.273585506594312
      vertex 0 -1.6143537192993547 3.273585506594312
      vertex -0.15314038343873937 -1.1632166973291114 3.4562949726571355
    endloop
  endfacet
  facet normal -0.07479450127748742 -0.3760173500661691 0.9235890509462895
    outer loop
      vertex -0.21071544387642274 -1.600542699439044 3.273585506594312
      vertex -0.15314038343873937 -1.1632166973291114 3.4562949726571355
      vertex -0.3036604924583063 -1.133276386105785 3.4562949726571355
    endloop
  endfacet
  facet normal -0.12323473686339294 -0.36303782805975227 0.9235890509462897
    outer loop
      vertex -0.4178254880867618 -1.55934595023706 3.273585506594312
      vertex -0.3036604924583063 -1.133276386105785 3.4562949726571355
      vertex -0.4489848862613176 -1.0839454017126144 3.4562949726571355
    endloop
  endfacet
  facet normal -0.0833611700947585 -0.2455740881669414 0.9657868722142625
    outer loop
      vertex -0.4489848862613176 -1.0839454017126144 3.4562949726571355
      vertex -0.3036604924583063 -1.133276386105785 3.4562949726571355
      vertex -0.27250109428375047 -0.6578758375813398 3.579866273471791
    endloop
  endfacet
  facet normal -0.05059415309221433 -0.25435398391114994 0.9657868722142623
    outer loop
      vertex -0.3036604924583063 -1.133276386105785 3.4562949726571355
      vertex -0.15314038343873937 -1.1632166973291114 3.4562949726571355
      vertex -0.1842997816132952 -0.6878161488046661 3.579866273471791
    endloop
  endfacet
  facet normal -0.016961456102913015 -0.25878181247039156 0.9657868722142624
    outer loop
      vertex -0.15314038343873937 -1.1632166973291114 3.4562949726571355
      vertex 0 -1.1732540483565397 3.4562949726571355
      vertex -0.09294504858188353 -0.7059877350232808 3.579866273471791
    endloop
  endfacet
  facet normal -0.19497993507472722 -0.17099281381639156 0.9657868722142624
    outer loop
      vertex -0.8296158936474788 -0.8296158936474788 3.4562949726571355
      vertex -0.5649307889994564 -0.4334866407395304 3.579866273471791
      vertex -0.9308050182738751 -0.7142318110677938 3.4562949726571355
    endloop
  endfacet
  facet normal -0.1709928138163915 -0.19497993507472716 0.9657868722142624
    outer loop
      vertex -0.8296158936474788 -0.8296158936474788 3.4562949726571355
      vertex -0.7142318110677938 -0.9308050182738751 3.4562949726571355
      vertex -0.5035163671913709 -0.5035163671913709 3.579866273471791
    endloop
  endfacet
  facet normal -0.2156308955852834 -0.14407995810549307 0.9657868722142625
    outer loop
      vertex -0.9308050182738751 -0.7142318110677938 3.4562949726571355
      vertex -0.5649307889994564 -0.4334866407395304 3.579866273471791
      vertex -0.6166790883793557 -0.35603983767943403 3.579866273471791
    endloop
  endfacet
  facet normal -0.14407995810549298 -0.21563089558528337 0.9657868722142624
    outer loop
      vertex -0.7142318110677938 -0.9308050182738751 3.4562949726571355
      vertex -0.5866270241782698 -1.0160678109696994 3.4562949726571355
      vertex -0.4334866407395304 -0.5649307889994564 3.579866273471791
    endloop
  endfacet
  facet normal -0.17099281381639167 -0.1949799350747272 0.9657868722142623
    outer loop
      vertex -0.7142318110677938 -0.9308050182738751 3.4562949726571355
      vertex -0.4334866407395304 -0.5649307889994564 3.579866273471791
      vertex -0.5035163671913709 -0.5035163671913709 3.579866273471791
    endloop
  endfacet
  facet normal -0.144079958105493 -0.21563089558528334 0.9657868722142625
    outer loop
      vertex -0.5866270241782698 -1.0160678109696994 3.4562949726571355
      vertex -0.35603983767943403 -0.6166790883793557 3.579866273471791
      vertex -0.4334866407395304 -0.5649307889994564 3.579866273471791
    endloop
  endfacet
  facet normal -0.19497993507472713 -0.17099281381639153 0.9657868722142623
    outer loop
      vertex -0.8296158936474788 -0.8296158936474788 3.4562949726571355
      vertex -0.5035163671913709 -0.5035163671913709 3.579866273471791
      vertex -0.5649307889994564 -0.4334866407395304 3.579866273471791
    endloop
  endfacet
  facet normal -0.2325923516881963 -0.11470185436489844 0.9657868722142625
    outer loop
      vertex -1.0160678109696994 -0.5866270241782698 3.4562949726571355
      vertex -0.6166790883793557 -0.35603983767943403 3.579866273471791
      vertex -0.6578758375813398 -0.27250109428375047 3.579866273471791
    endloop
  endfacet
  facet normal -0.24557408816694146 -0.0833611700947585 0.9657868722142623
    outer loop
      vertex -1.0839454017126144 -0.4489848862613176 3.4562949726571355
      vertex -0.6578758375813398 -0.27250109428375047 3.579866273471791
      vertex -0.6878161488046661 -0.1842997816132952 3.579866273471791
    endloop
  endfacet
  facet normal -0.11731227464748763 -0.05785201165973658 0.9914085812438554
    outer loop
      vertex -0.6578758375813398 -0.27250109428375047 3.579866273471791
      vertex -0.6166790883793557 -0.35603983767943403 3.579866273471791
      vertex -0.2205498354714074 -0.09135473303141167 3.6421850698209024
    endloop
  endfacet
  facet normal -0.10875744908110929 -0.07266940419059303 0.9914085812438552
    outer loop
      vertex -0.6166790883793557 -0.35603983767943403 3.579866273471791
      vertex -0.5649307889994564 -0.4334866407395304 3.579866273471791
      vertex -0.2067388156110967 -0.11936071084501108 3.6421850698209024
    endloop
  endfacet
  facet normal -0.12828815823775752 -0.02551810126184847 0.9914085812438552
    outer loop
      vertex -0.6878161488046661 -0.1842997816132952 3.579866273471791
      vertex -0.23667912683442296 -0.031159398174555823 3.6421850698209024
      vertex -0.7059877350232808 -0.09294504858188353 3.579866273471791
    endloop
  endfacet
  facet normal -0.13052141585032973 -0.0085548255663784 0.9914085812438552
    outer loop
      vertex -0.7059877350232808 -0.09294504858188353 3.579866273471791
      vertex -0.23872142169002217 0 3.6421850698209024
      vertex -0.7120796753588681 0 3.579866273471791
    endloop
  endfacet
  facet normal -0.12385985466954016 -0.04204475516977423 0.9914085812438554
    outer loop
      vertex -0.6578758375813398 -0.27250109428375047 3.579866273471791
      vertex -0.23058718649883578 -0.06178565040732772 3.6421850698209024
      vertex -0.6878161488046661 -0.1842997816132952 3.579866273471791
    endloop
  endfacet
  facet normal -0.1147018543648984 -0.23259235168819628 0.9657868722142623
    outer loop
      vertex -0.4489848862613176 -1.0839454017126144 3.4562949726571355
      vertex -0.27250109428375047 -0.6578758375813398 3.579866273471791
      vertex -0.35603983767943403 -0.6166790883793557 3.579866273471791
    endloop
  endfacet
  facet normal -0.08336117009475848 -0.2455740881669414 0.9657868722142623
    outer loop
      vertex -0.3036604924583063 -1.133276386105785 3.4562949726571355
      vertex -0.1842997816132952 -0.6878161488046661 3.579866273471791
      vertex -0.27250109428375047 -0.6578758375813398 3.579866273471791
    endloop
  endfacet
  facet normal -0.07266940419059303 -0.10875744908110929 0.9914085812438554
    outer loop
      vertex -0.4334866407395304 -0.5649307889994564 3.579866273471791
      vertex -0.35603983767943403 -0.6166790883793557 3.579866273471791
      vertex -0.1453243938030113 -0.1893904372968516 3.6421850698209024
    endloop
  endfacet
  facet normal -0.05785201165973658 -0.11731227464748763 0.9914085812438552
    outer loop
      vertex -0.35603983767943403 -0.6166790883793557 3.579866273471791
      vertex -0.27250109428375047 -0.6578758375813398 3.579866273471791
      vertex -0.11936071084501108 -0.2067388156110967 3.6421850698209024
    endloop
  endfacet
  facet normal -0.05059415309221421 -0.25435398391115 0.9657868722142625
    outer loop
      vertex -0.15314038343873937 -1.1632166973291114 3.4562949726571355
      vertex -0.09294504858188353 -0.7059877350232808 3.579866273471791
      vertex -0.1842997816132952 -0.6878161488046661 3.579866273471791
    endloop
  endfacet
  facet normal -0.04204475516977422 -0.12385985466954014 0.9914085812438552
    outer loop
      vertex -0.27250109428375047 -0.6578758375813398 3.579866273471791
      vertex -0.1842997816132952 -0.6878161488046661 3.579866273471791
      vertex -0.09135473303141167 -0.2205498354714074 3.6421850698209024
    endloop
  endfacet
  facet normal -0.025518101261848475 -0.12828815823775755 0.9914085812438552
    outer loop
      vertex -0.1842997816132952 -0.6878161488046661 3.579866273471791
      vertex -0.09294504858188353 -0.7059877350232808 3.579866273471791
      vertex -0.06178565040732772 -0.23058718649883578 3.6421850698209024
    endloop
  endfacet
  facet normal -0.0983417534076916 -0.08624340306798331 0.9914085812438552
    outer loop
      vertex -0.5649307889994564 -0.4334866407395304 3.579866273471791
      vertex -0.5035163671913709 -0.5035163671913709 3.579866273471791
      vertex -0.1893904372968516 -0.1453243938030113 3.6421850698209024
    endloop
  endfacet
  facet normal -0.08624340306798334 -0.09834175340769163 0.9914085812438554
    outer loop
      vertex -0.4334866407395304 -0.5649307889994564 3.579866273471791
      vertex -0.16880153609150805 -0.16880153609150805 3.6421850698209024
      vertex -0.5035163671913709 -0.5035163671913709 3.579866273471791
    endloop
  endfacet
  facet normal -0.10875744908110915 -0.0726694041905933 0.9914085812438553
    outer loop
      vertex -0.5649307889994564 -0.4334866407395304 3.579866273471791
      vertex -0.1893904372968516 -0.1453243938030113 3.6421850698209024
      vertex -0.2067388156110967 -0.11936071084501108 3.6421850698209024
    endloop
  endfacet
  facet normal -0.09834175340769162 -0.08624340306798316 0.9914085812438553
    outer loop
      vertex -0.5035163671913709 -0.5035163671913709 3.579866273471791
      vertex -0.16880153609150805 -0.16880153609150805 3.6421850698209024
      vertex -0.1893904372968516 -0.1453243938030113 3.6421850698209024
    endloop
  endfacet
  facet normal -0.08624340306798303 -0.09834175340769181 0.9914085812438553
    outer loop
      vertex -0.4334866407395304 -0.5649307889994564 3.579866273471791
      vertex -0.1453243938030113 -0.1893904372968516 3.6421850698209024
      vertex -0.16880153609150805 -0.16880153609150805 3.6421850698209024
    endloop
  endfacet
  facet normal -0.11731227464748775 -0.05785201165973655 0.9914085812438553
    outer loop
      vertex -0.6166790883793557 -0.35603983767943403 3.579866273471791
      vertex -0.2067388156110967 -0.11936071084501108 3.6421850698209024
      vertex -0.2205498354714074 -0.09135473303141167 3.6421850698209024
    endloop
  endfacet
  facet normal -0.12385985466953997 -0.042044755169774496 0.9914085812438553
    outer loop
      vertex -0.6578758375813398 -0.27250109428375047 3.579866273471791
      vertex -0.2205498354714074 -0.09135473303141167 3.6421850698209024
      vertex -0.23058718649883578 -0.06178565040732772 3.6421850698209024
    endloop
  endfacet
  facet normal -0.1305214158503297 -0.008554825566378581 0.9914085812438553
    outer loop
      vertex -0.7059877350232808 -0.09294504858188353 3.579866273471791
      vertex -0.23667912683442296 -0.031159398174555823 3.6421850698209024
      vertex -0.23872142169002217 0 3.6421850698209024
    endloop
  endfacet
  facet normal -0.12828815823775752 -0.02551810126184828 0.9914085812438553
    outer loop
      vertex -0.6878161488046661 -0.1842997816132952 3.579866273471791
      vertex -0.23058718649883578 -0.06178565040732772 3.6421850698209024
      vertex -0.23667912683442296 -0.031159398174555823 3.6421850698209024
    endloop
  endfacet
  facet normal -0.07266940419059316 -0.10875744908110915 0.9914085812438553
    outer loop
      vertex -0.35603983767943403 -0.6166790883793557 3.579866273471791
      vertex -0.11936071084501108 -0.2067388156110967 3.6421850698209024
      vertex -0.1453243938030113 -0.1893904372968516 3.6421850698209024
    endloop
  endfacet
  facet normal -0.057852011659736406 -0.1173122746474877 0.9914085812438553
    outer loop
      vertex -0.27250109428375047 -0.6578758375813398 3.579866273471791
      vertex -0.09135473303141167 -0.2205498354714074 3.6421850698209024
      vertex -0.11936071084501108 -0.2067388156110967 3.6421850698209024
    endloop
  endfacet
  facet normal -0.04204475516977461 -0.12385985466954008 0.9914085812438553
    outer loop
      vertex -0.1842997816132952 -0.6878161488046661 3.579866273471791
      vertex -0.06178565040732772 -0.23058718649883578 3.6421850698209024
      vertex -0.09135473303141167 -0.2205498354714074 3.6421850698209024
    endloop
  endfacet
  facet normal -0.025518101261848367 -0.12828815823775752 0.9914085812438553
    outer loop
      vertex -0.09294504858188353 -0.7059877350232808 3.579866273471791
      vertex -0.031159398174555823 -0.23667912683442296 3.6421850698209024
      vertex -0.06178565040732772 -0.23058718649883578 3.6421850698209024
    endloop
  endfacet
  facet normal 0 0 1
    outer loop
      vertex -0.23058718649883578 -0.06178565040732772 3.6421850698209024
      vertex -0.2205498354714074 -0.09135473303141167 3.6421850698209024
      vertex -0.23058718649883578 0.06178565040732772 3.6421850698209024
    endloop
  endfacet
  facet normal 0 0 1
    outer loop
      vertex -0.23058718649883578 -0.06178565040732772 3.6421850698209024
      vertex -0.23667912683442296 0.031159398174555823 3.6421850698209024
      vertex -0.23667912683442296 -0.031159398174555823 3.6421850698209024
    endloop
  endfacet
  facet normal 0 0 1
    outer loop
      vertex -0.2067388156110967 -0.11936071084501108 3.6421850698209024
      vertex -0.2205498354714074 0.09135473303141167 3.6421850698209024
      vertex -0.2205498354714074 -0.09135473303141167 3.6421850698209024
    endloop
  endfacet
  facet normal 0 0 1
    outer loop
      vertex -0.1893904372968516 -0.1453243938030113 3.6421850698209024
      vertex -0.2067388156110967 0.11936071084501108 3.6421850698209024
      vertex -0.2067388156110967 -0.11936071084501108 3.6421850698209024
    endloop
  endfacet
  facet normal 0 0 1
    outer loop
      vertex -0.16880153609150805 -0.16880153609150805 3.6421850698209024
      vertex -0.1893904372968516 0.1453243938030113 3.6421850698209024
      vertex -0.1893904372968516 -0.1453243938030113 3.6421850698209024
    endloop
  endfacet
  facet normal 0 0 1
    outer loop
      vertex -0.16880153609150805 -0.16880153609150805 3.6421850698209024
      vertex -0.1453243938030113 -0.1893904372968516 3.6421850698209024
      vertex -0.16880153609150805 0.16880153609150805 3.6421850698209024
    endloop
  endfacet
  facet normal 0 0 1
    outer loop
      vertex -0.11936071084501108 -0.2067388156110967 3.6421850698209024
      vertex -0.1453243938030113 0.1893904372968516 3.6421850698209024
      vertex -0.1453243938030113 -0.1893904372968516 3.6421850698209024
    endloop
  endfacet
  facet normal 0 0 1
    outer loop
      vertex -0.11936071084501108 -0.2067388156110967 3.6421850698209024
      vertex -0.09135473303141167 -0.2205498354714074 3.6421850698209024
      vertex -0.11936071084501108 0.2067388156110967 3.6421850698209024
    endloop
  endfacet
  facet normal 0 0 1
    outer loop
      vertex -0.09135473303141167 -0.2205498354714074 3.6421850698209024
      vertex -0.06178565040732772 -0.23058718649883578 3.6421850698209024
      vertex -0.09135473303141167 0.2205498354714074 3.6421850698209024
    endloop
  endfacet
  facet normal 0.4087495160194035 -0.8288620241475301 0.38198374059632806
    outer loop
      vertex 1.6555862681004812 -3.029022482169961 1.1732540483565397
      vertex 1.7281474863285677 -2.993239249293521 1.1732540483565397
      vertex 1.6877766226804454 -2.986121172425386 1.2318991481281778
    endloop
  endfacet
  facet normal 0.4272792898483884 -0.8664366884369411 0.2583019035878055
    outer loop
      vertex 1.6555862681004812 -3.029022482169961 1.1732540483565397
      vertex 1.7418525359360064 -3.016977091533855 1.070958165446119
      vertex 1.7281474863285677 -2.993239249293521 1.1732540483565397
    endloop
  endfacet
  facet normal 0.5367165380330587 -0.8032530637381495 0.25830190358780647
    outer loop
      vertex 1.7418525359360064 -3.016977091533855 1.070958165446119
      vertex 1.7954172841431437 -2.948291007416671 1.1732540483565397
      vertex 1.7281474863285677 -2.993239249293521 1.1732540483565397
    endloop
  endfacet
  facet normal 0.5134408111342503 -0.7684184767311644 0.38198374059632445
    outer loop
      vertex 1.7281474863285677 -2.993239249293521 1.1732540483565397
      vertex 1.7954172841431437 -2.948291007416671 1.1732540483565397
      vertex 1.7421684827587343 -2.9547180173674623 1.2318991481281771
    endloop
  endfacet
  facet normal 0.060443547416366324 -0.9221903271536517 0.3819837405963327
    outer loop
      vertex 0.39079559291439836 -3.247971410181768 1.6143537192993547
      vertex 0.4287228804978796 -3.2564735827611426 1.5878261998240557
      vertex 0.4272886510825041 -3.2455795287807123 1.6143537192993547
    endloop
  endfacet
  facet normal 0.1802964363946922 -0.9064113949765903 0.3819837405963325
    outer loop
      vertex 0.4287228804978796 -3.2564735827611426 1.5878261998240557
      vertex 0.52889308327501 -3.225369150637035 1.6143537192993547
      vertex 0.4272886510825041 -3.2455795287807123 1.6143537192993547
    endloop
  endfacet
  facet normal 0.05667108131556128 -0.8646336168614381 0.4991964514453531
    outer loop
      vertex 0.39079559291439836 -3.247971410181768 1.6143537192993547
      vertex 0.4272886510825041 -3.2455795287807123 1.6143537192993547
      vertex 0.41836437297196377 -3.1777929066194726 1.7327767181276006
    endloop
  endfacet
  facet normal 0.16904358603318675 -0.8498394959552115 0.4991964514453531
    outer loop
      vertex 0.4272886510825041 -3.2455795287807123 1.6143537192993547
      vertex 0.52889308327501 -3.225369150637035 1.6143537192993547
      vertex 0.41836437297196377 -3.1777929066194726 1.7327767181276006
    endloop
  endfacet
  facet normal 0.16904358603318562 -0.8498394959552122 0.49919645144535196
    outer loop
      vertex 0.4146472006567032 -3.1495581797181242 1.7821026901874113
      vertex 0.8082589399129496 -3.1520955515779576 1.6444937417821222
      vertex 0.7854806244708638 -2.9314535988861934 2.0278313505215477
    endloop
  endfacet
  facet normal 0.056671081315564316 -0.8646336168614385 0.4991964514453521
    outer loop
      vertex 0 -3.1228055952188285 1.875512186562425
      vertex 0.014132780777380899 -3.108552363464157 1.8985950897401078
      vertex 0 -3.03486408490429 2.0278313505215477
    endloop
  endfacet
  facet normal -0.05667108131559234 -0.864633616861437 0.4991964514453513
    outer loop
      vertex 0 -3.1228055952188285 1.875512186562425
      vertex 0 -3.03486408490429 2.0278313505215477
      vertex -0.009678058093592698 -3.105177255239417 1.9049466693114898
    endloop
  endfacet
  facet normal 0.05667108131556384 -0.8646336168614386 0.49919645144535213
    outer loop
      vertex 0.014132780777380899 -3.108552363464157 1.8985950897401078
      vertex 0.4146472006567032 -3.1495581797181242 1.7821026901874113
      vertex 0 -3.03486408490429 2.0278313505215477
    endloop
  endfacet
  facet normal 0.05667108131556296 -0.8646336168614394 0.499196451445351
    outer loop
      vertex 0.4146472006567032 -3.1495581797181242 1.7821026901874113
      vertex 0.39612925290794826 -3.0089004019462897 2.0278313505215477
      vertex 0 -3.03486408490429 2.0278313505215477
    endloop
  endfacet
  facet normal 0.05192896695106269 -0.792282932890597 0.6079400765220773
    outer loop
      vertex 0 -3.03486408490429 2.0278313505215477
      vertex 0.3581919733883597 -2.720738155009771 2.4066122251152513
      vertex 0 -2.744215297298268 2.4066122251152513
    endloop
  endfacet
  facet normal 0.051928966951063 -0.7922829328905973 0.6079400765220772
    outer loop
      vertex 0 -3.03486408490429 2.0278313505215477
      vertex 0.39612925290794826 -3.0089004019462897 2.0278313505215477
      vertex 0.3581919733883597 -2.720738155009771 2.4066122251152513
    endloop
  endfacet
  facet normal 0.16904358603318656 -0.8498394959552127 0.49919645144535096
    outer loop
      vertex 0.4146472006567032 -3.1495581797181242 1.7821026901874113
      vertex 0.7854806244708638 -2.9314535988861934 2.0278313505215477
      vertex 0.39612925290794826 -3.0089004019462897 2.0278313505215477
    endloop
  endfacet
  facet normal 0.1548983818312255 -0.778726752246511 0.607940076522077
    outer loop
      vertex 0.39612925290794826 -3.0089004019462897 2.0278313505215477
      vertex 0.7102551828024678 -2.6507084285579308 2.4066122251152513
      vertex 0.3581919733883597 -2.720738155009771 2.4066122251152513
    endloop
  endfacet
  facet normal 0.15489838183122587 -0.7787267522465112 0.6079400765220769
    outer loop
      vertex 0.39612925290794826 -3.0089004019462897 2.0278313505215477
      vertex 0.7854806244708638 -2.9314535988861934 2.0278313505215477
      vertex 0.7102551828024678 -2.6507084285579308 2.4066122251152513
    endloop
  endfacet
  facet normal 0.16904358603318417 -0.8498394959552147 0.4991964514453486
    outer loop
      vertex 0.7849084310976497 -3.1744445317161074 1.6143537192993547
      vertex 0.8472662748781914 -3.162040785385029 1.6143537192993547
      vertex 0.8082589399129496 -3.1520955515779576 1.6444937417821222
    endloop
  endfacet
  facet normal 0.18029643639468948 -0.9064113949765938 0.38198374059632545
    outer loop
      vertex 0.7849084310976497 -3.1744445317161074 1.6143537192993547
      vertex 0.8574047412205271 -3.1998780568854532 1.51978408306708
      vertex 0.8472662748781914 -3.162040785385029 1.6143537192993547
    endloop
  endfacet
  facet normal 0.29706440335868867 -0.8751235125267663 0.38198374059632545
    outer loop
      vertex 0.8574047412205271 -3.1998780568854532 1.51978408306708
      vertex 0.973312743659669 -3.1358988188476586 1.5762199771647858
      vertex 0.8472662748781914 -3.162040785385029 1.6143537192993547
    endloop
  endfacet
  facet normal 0.16904358603318753 -0.849839495955212 0.49919645144535196
    outer loop
      vertex 0.8472662748781914 -3.162040785385029 1.6143537192993547
      vertex 0.7854806244708638 -2.9314535988861934 2.0278313505215477
      vertex 0.8082589399129496 -3.1520955515779576 1.6444937417821222
    endloop
  endfacet
  facet normal 0.2970644033586885 -0.8751235125267668 0.3819837405963245
    outer loop
      vertex 0.8472662748781914 -3.162040785385029 1.6143537192993547
      vertex 0.973312743659669 -3.1358988188476586 1.5762199771647858
      vertex 1.2527469378041225 -3.0243986474680766 1.6143537192993547
    endloop
  endfacet
  facet normal 0.2785237081260469 -0.8205043856531697 0.4991964514453515
    outer loop
      vertex 0.8472662748781914 -3.162040785385029 1.6143537192993547
      vertex 1.2527469378041225 -3.0243986474680766 1.6143537192993547
      vertex 1.161392204772711 -2.8038488119966694 2.0278313505215477
    endloop
  endfacet
  facet normal 0.40874951601940307 -0.8288620241475319 0.3819837405963246
    outer loop
      vertex 1.2803528566416238 -3.091045231127343 1.4401978034098895
      vertex 1.6877766226804454 -2.986121172425386 1.2318991481281778
      vertex 1.2527469378041225 -3.0243986474680766 1.6143537192993547
    endloop
  endfacet
  facet normal 0.2970644033586885 -0.8751235125267669 0.3819837405963245
    outer loop
      vertex 0.973312743659669 -3.1358988188476586 1.5762199771647858
      vertex 1.2803528566416238 -3.091045231127343 1.4401978034098895
      vertex 1.2527469378041225 -3.0243986474680766 1.6143537192993547
    endloop
  endfacet
  facet normal 0.38323821235150846 -0.7771302178258087 0.4991964514453515
    outer loop
      vertex 1.2527469378041225 -3.0243986474680766 1.6143537192993547
      vertex 1.636792753297156 -2.835008210171225 1.6143537192993547
      vertex 1.517432042452145 -2.6282693945601285 2.0278313505215477
    endloop
  endfacet
  facet normal 0.2785237081260464 -0.8205043856531697 0.4991964514453518
    outer loop
      vertex 0.8472662748781914 -3.162040785385029 1.6143537192993547
      vertex 1.161392204772711 -2.8038488119966694 2.0278313505215477
      vertex 0.7854806244708638 -2.9314535988861934 2.0278313505215477
    endloop
  endfacet
  facet normal 0.25521744245231276 -0.751846340967642 0.6079400765220767
    outer loop
      vertex 0.7854806244708638 -2.9314535988861934 2.0278313505215477
      vertex 1.0501657291188864 -2.5353243459782453 2.4066122251152513
      vertex 0.7102551828024678 -2.6507084285579308 2.4066122251152513
    endloop
  endfacet
  facet normal 0.25521744245231204 -0.751846340967642 0.6079400765220773
    outer loop
      vertex 0.7854806244708638 -2.9314535988861934 2.0278313505215477
      vertex 1.161392204772711 -2.8038488119966694 2.0278313505215477
      vertex 1.0501657291188864 -2.5353243459782453 2.4066122251152513
    endloop
  endfacet
  facet normal 0.38323821235150846 -0.7771302178258087 0.4991964514453515
    outer loop
      vertex 1.2527469378041225 -3.0243986474680766 1.6143537192993547
      vertex 1.517432042452145 -2.6282693945601285 2.0278313505215477
      vertex 1.161392204772711 -2.8038488119966694 2.0278313505215477
    endloop
  endfacet
  facet normal 0.3511696618733956 -0.71210163034363 0.6079400765220773
    outer loop
      vertex 1.161392204772711 -2.8038488119966694 2.0278313505215477
      vertex 1.517432042452145 -2.6282693945601285 2.0278313505215477
      vertex 1.372107648649134 -2.3765601609141656 2.4066122251152513
    endloop
  endfacet
  facet normal 0.35116966187339566 -0.7121016303436299 0.6079400765220773
    outer loop
      vertex 1.161392204772711 -2.8038488119966694 2.0278313505215477
      vertex 1.372107648649134 -2.3765601609141656 2.4066122251152513
      vertex 1.0501657291188864 -2.5353243459782453 2.4066122251152513
    endloop
  endfacet
  facet normal 0.04629653184613918 -0.7063485793639777 0.7063485793639781
    outer loop
      vertex 0 -2.744215297298268 2.4066122251152513
      vertex 0.3581919733883597 -2.720738155009771 2.4066122251152513
      vertex 0.3141259298945193 -2.3860233239099076 2.744215297298268
    endloop
  endfacet
  facet normal 0.04629653184613962 -0.7063485793639778 0.7063485793639778
    outer loop
      vertex 0 -2.744215297298268 2.4066122251152513
      vertex 0.3141259298945193 -2.3860233239099076 2.744215297298268
      vertex 0 -2.4066122251152513 2.744215297298268
    endloop
  endfacet
  facet normal 0.03986860856678122 -0.6082774216426022 0.7927225696110693
    outer loop
      vertex 0 -2.4066122251152513 2.744215297298268
      vertex 0.3141259298945193 -2.3860233239099076 2.744215297298268
      vertex 0 -2.0278313505215477 3.03486408490429
    endloop
  endfacet
  facet normal 0.03986860856678055 -0.6082774216426025 0.7927225696110691
    outer loop
      vertex 0.3141259298945193 -2.3860233239099076 2.744215297298268
      vertex 0.2646851046480223 -2.0104829722073028 3.03486408490429
      vertex 0 -2.0278313505215477 3.03486408490429
    endloop
  endfacet
  facet normal 0.13809744904270568 -0.6942627593342361 0.7063485793639781
    outer loop
      vertex 0.3141259298945193 -2.3860233239099076 2.744215297298268
      vertex 0.3581919733883597 -2.720738155009771 2.4066122251152513
      vertex 0.622877078036382 -2.3246089021018226 2.744215297298268
    endloop
  endfacet
  facet normal 0.1380974490427063 -0.6942627593342361 0.7063485793639778
    outer loop
      vertex 0.3581919733883597 -2.720738155009771 2.4066122251152513
      vertex 0.7102551828024678 -2.6507084285579308 2.4066122251152513
      vertex 0.622877078036382 -2.3246089021018226 2.744215297298268
    endloop
  endfacet
  facet normal 0.11892366275409763 -0.597869626311935 0.7927225696110696
    outer loop
      vertex 0.3141259298945193 -2.3860233239099076 2.744215297298268
      vertex 0.622877078036382 -2.3246089021018226 2.744215297298268
      vertex 0.524841373770942 -1.9587346728274033 3.03486408490429
    endloop
  endfacet
  facet normal 0.11892366275409863 -0.5978696263119352 0.7927225696110691
    outer loop
      vertex 0.3141259298945193 -2.3860233239099076 2.744215297298268
      vertex 0.524841373770942 -1.9587346728274033 3.03486408490429
      vertex 0.2646851046480223 -2.0104829722073028 3.03486408490429
    endloop
  endfacet
  facet normal 0.19594390009982485 -0.5772321159142939 0.7927225696110695
    outer loop
      vertex 0.622877078036382 -2.3246089021018226 2.744215297298268
      vertex 0.7760174614751214 -1.8734718801315788 3.03486408490429
      vertex 0.524841373770942 -1.9587346728274033 3.03486408490429
    endloop
  endfacet
  facet normal 0.0327541473735303 -0.4997317194830225 0.8655607282983526
    outer loop
      vertex 0 -2.0278313505215477 3.03486408490429
      vertex 0.2646851046480223 -2.0104829722073028 3.03486408490429
      vertex 0 -1.6143537192993547 3.273585506594312
    endloop
  endfacet
  facet normal 0.03275414737353064 -0.49973171948302236 0.8655607282983528
    outer loop
      vertex 0.2646851046480223 -2.0104829722073028 3.03486408490429
      vertex 0.21071544387642274 -1.600542699439044 3.273585506594312
      vertex 0 -1.6143537192993547 3.273585506594312
    endloop
  endfacet
  facet normal 0.09770200957786537 -0.49118117121085975 0.8655607282983526
    outer loop
      vertex 0.2646851046480223 -2.0104829722073028 3.03486408490429
      vertex 0.524841373770942 -1.9587346728274033 3.03486408490429
      vertex 0.4178254880867618 -1.55934595023706 3.273585506594312
    endloop
  endfacet
  facet normal 0.16097816331020803 -0.474226376918131 0.8655607282983527
    outer loop
      vertex 0.524841373770942 -1.9587346728274033 3.03486408490429
      vertex 0.7760174614751214 -1.8734718801315788 3.03486408490429
      vertex 0.6177864223528258 -1.491468359494145 3.273585506594312
    endloop
  endfacet
  facet normal 0.22753548059830786 -0.6702979110062837 0.7063485793639775
    outer loop
      vertex 0.7102551828024678 -2.6507084285579308 2.4066122251152513
      vertex 1.0501657291188864 -2.5353243459782453 2.4066122251152513
      vertex 0.9209706266788905 -2.223419777475426 2.744215297298268
    endloop
  endfacet
  facet normal 0.22753548059830733 -0.6702979110062836 0.7063485793639778
    outer loop
      vertex 0.7102551828024678 -2.6507084285579308 2.4066122251152513
      vertex 0.9209706266788905 -2.223419777475426 2.744215297298268
      vertex 0.622877078036382 -2.3246089021018226 2.744215297298268
    endloop
  endfacet
  facet normal 0.3130803169961176 -0.6348640795793232 0.7063485793639775
    outer loop
      vertex 0.9209706266788905 -2.223419777475426 2.744215297298268
      vertex 1.0501657291188864 -2.5353243459782453 2.4066122251152513
      vertex 1.2033061125576257 -2.0841873240080018 2.744215297298268
    endloop
  endfacet
  facet normal 0.19594390009982515 -0.577232115914294 0.7927225696110695
    outer loop
      vertex 0.622877078036382 -2.3246089021018226 2.744215297298268
      vertex 0.9209706266788905 -2.223419777475426 2.744215297298268
      vertex 0.7760174614751214 -1.8734718801315788 3.03486408490429
    endloop
  endfacet
  facet normal 0.26961148298893134 -0.5467180039743821 0.7927225696110695
    outer loop
      vertex 0.9209706266788905 -2.223419777475426 2.744215297298268
      vertex 1.0139156752607739 -1.7561534641421668 3.03486408490429
      vertex 0.7760174614751214 -1.8734718801315788 3.03486408490429
    endloop
  endfacet
  facet normal 0.2696114829889313 -0.5467180039743821 0.7927225696110693
    outer loop
      vertex 0.9209706266788905 -2.223419777475426 2.744215297298268
      vertex 1.2033061125576257 -2.0841873240080018 2.744215297298268
      vertex 1.0139156752607739 -1.7561534641421668 3.03486408490429
    endloop
  endfacet
  facet normal 0.3130803169961171 -0.6348640795793232 0.7063485793639778
    outer loop
      vertex 1.0501657291188864 -2.5353243459782453 2.4066122251152513
      vertex 1.372107648649134 -2.3765601609141656 2.4066122251152513
      vertex 1.2033061125576257 -2.0841873240080018 2.744215297298268
    endloop
  endfacet
  facet normal 0.39326826236786033 -0.5885675477331843 0.7063485793639778
    outer loop
      vertex 1.372107648649134 -2.3765601609141656 2.4066122251152513
      vertex 1.6705724258908847 -2.177132372589886 2.4066122251152513
      vertex 1.4650526972310174 -1.9092938475809067 2.744215297298268
    endloop
  endfacet
  facet normal 0.3932682623678604 -0.5885675477331842 0.7063485793639778
    outer loop
      vertex 1.2033061125576257 -2.0841873240080018 2.744215297298268
      vertex 1.372107648649134 -2.3765601609141656 2.4066122251152513
      vertex 1.4650526972310174 -1.9092938475809067 2.744215297298268
    endloop
  endfacet
  facet normal 0.33866593865367095 -0.5068493954076017 0.7927225696110695
    outer loop
      vertex 1.2033061125576257 -2.0841873240080018 2.744215297298268
      vertex 1.4650526972310174 -1.9092938475809067 2.744215297298268
      vertex 1.2344655107321814 -1.6087867754835565 3.03486408490429
    endloop
  endfacet
  facet normal 0.3386659386536707 -0.5068493954076017 0.7927225696110695
    outer loop
      vertex 1.2033061125576257 -2.0841873240080018 2.744215297298268
      vertex 1.2344655107321814 -1.6087867754835565 3.03486408490429
      vertex 1.0139156752607739 -1.7561534641421668 3.03486408490429
    endloop
  endfacet
  facet normal 0.025074511037770492 -0.38256311096124873 0.9235890509462896
    outer loop
      vertex 0 -1.6143537192993547 3.273585506594312
      vertex 0.21071544387642274 -1.600542699439044 3.273585506594312
      vertex 0 -1.1732540483565397 3.4562949726571355
    endloop
  endfacet
  facet normal 0.0977020095778649 -0.49118117121085964 0.8655607282983527
    outer loop
      vertex 0.2646851046480223 -2.0104829722073028 3.03486408490429
      vertex 0.4178254880867618 -1.55934595023706 3.273585506594312
      vertex 0.21071544387642274 -1.600542699439044 3.273585506594312
    endloop
  endfacet
  facet normal 0.074794501277487 -0.37601735006616904 0.9235890509462896
    outer loop
      vertex 0.21071544387642274 -1.600542699439044 3.273585506594312
      vertex 0.4178254880867618 -1.55934595023706 3.273585506594312
      vertex 0.3036604924583063 -1.133276386105785 3.4562949726571355
    endloop
  endfacet
  facet normal -0.025074511037770388 -0.38256311096124873 0.9235890509462897
    outer loop
      vertex -0.15314038343873937 -1.1632166973291114 3.4562949726571355
      vertex 0 -1.6143537192993547 3.273585506594312
      vertex 0 -1.1732540483565397 3.4562949726571355
    endloop
  endfacet
  facet normal 0.025074511037770444 -0.3825631109612488 0.9235890509462897
    outer loop
      vertex 0.21071544387642274 -1.600542699439044 3.273585506594312
      vertex 0.15314038343873937 -1.1632166973291114 3.4562949726571355
      vertex 0 -1.1732540483565397 3.4562949726571355
    endloop
  endfacet
  facet normal 0.07479450127748734 -0.3760173500661691 0.9235890509462895
    outer loop
      vertex 0.21071544387642274 -1.600542699439044 3.273585506594312
      vertex 0.3036604924583063 -1.133276386105785 3.4562949726571355
      vertex 0.15314038343873937 -1.1632166973291114 3.4562949726571355
    endloop
  endfacet
  facet normal 0.016961456102913015 -0.25878181247039156 0.9657868722142624
    outer loop
      vertex 0 -1.1732540483565397 3.4562949726571355
      vertex 0.15314038343873937 -1.1632166973291114 3.4562949726571355
      vertex 0 -0.7120796753588681 3.579866273471791
    endloop
  endfacet
  facet normal 0.05059415309221433 -0.25435398391114994 0.9657868722142623
    outer loop
      vertex 0.15314038343873937 -1.1632166973291114 3.4562949726571355
      vertex 0.3036604924583063 -1.133276386105785 3.4562949726571355
      vertex 0.1842997816132952 -0.6878161488046661 3.579866273471791
    endloop
  endfacet
  facet normal 0.16097816331020812 -0.474226376918131 0.8655607282983526
    outer loop
      vertex 0.524841373770942 -1.9587346728274033 3.03486408490429
      vertex 0.6177864223528258 -1.491468359494145 3.273585506594312
      vertex 0.4178254880867618 -1.55934595023706 3.273585506594312
    endloop
  endfacet
  facet normal 0.12323473686339291 -0.3630378280597522 0.9235890509462897
    outer loop
      vertex 0.4178254880867618 -1.55934595023706 3.273585506594312
      vertex 0.6177864223528258 -1.491468359494145 3.273585506594312
      vertex 0.4489848862613176 -1.0839454017126144 3.4562949726571355
    endloop
  endfacet
  facet normal 0.16956639193444217 -0.3438466281621315 0.9235890509462897
    outer loop
      vertex 0.6177864223528258 -1.491468359494145 3.273585506594312
      vertex 0.8071768596496773 -1.3980713316071338 3.273585506594312
      vertex 0.5866270241782698 -1.0160678109696994 3.4562949726571355
    endloop
  endfacet
  facet normal 0.123234736863393 -0.36303782805975215 0.9235890509462897
    outer loop
      vertex 0.3036604924583063 -1.133276386105785 3.4562949726571355
      vertex 0.4178254880867618 -1.55934595023706 3.273585506594312
      vertex 0.4489848862613176 -1.0839454017126144 3.4562949726571355
    endloop
  endfacet
  facet normal 0.0833611700947585 -0.2455740881669414 0.9657868722142625
    outer loop
      vertex 0.3036604924583063 -1.133276386105785 3.4562949726571355
      vertex 0.4489848862613176 -1.0839454017126144 3.4562949726571355
      vertex 0.27250109428375047 -0.6578758375813398 3.579866273471791
    endloop
  endfacet
  facet normal 0.11470185436489858 -0.23259235168819625 0.9657868722142623
    outer loop
      vertex 0.4489848862613176 -1.0839454017126144 3.4562949726571355
      vertex 0.5866270241782698 -1.0160678109696994 3.4562949726571355
      vertex 0.35603983767943403 -0.6166790883793557 3.579866273471791
    endloop
  endfacet
  facet normal 0.16956639193444192 -0.3438466281621315 0.9235890509462897
    outer loop
      vertex 0.4489848862613176 -1.0839454017126144 3.4562949726571355
      vertex 0.6177864223528258 -1.491468359494145 3.273585506594312
      vertex 0.5866270241782698 -1.0160678109696994 3.4562949726571355
    endloop
  endfacet
  facet normal 0.21299671902680667 -0.31877211712436143 0.9235890509462897
    outer loop
      vertex 0.5866270241782698 -1.0160678109696994 3.4562949726571355
      vertex 0.8071768596496773 -1.3980713316071338 3.273585506594312
      vertex 0.7142318110677938 -0.9308050182738751 3.4562949726571355
    endloop
  endfacet
  facet normal -0.01696145610291321 -0.25878181247039156 0.9657868722142623
    outer loop
      vertex 0 -1.1732540483565397 3.4562949726571355
      vertex 0 -0.7120796753588681 3.579866273471791
      vertex -0.09294504858188353 -0.7059877350232808 3.579866273471791
    endloop
  endfacet
  facet normal 0.016961456102913223 -0.2587818124703915 0.9657868722142625
    outer loop
      vertex 0.15314038343873937 -1.1632166973291114 3.4562949726571355
      vertex 0.09294504858188353 -0.7059877350232808 3.579866273471791
      vertex 0 -0.7120796753588681 3.579866273471791
    endloop
  endfacet
  facet normal -0.0085548255663784 -0.13052141585032973 0.9914085812438552
    outer loop
      vertex -0.09294504858188353 -0.7059877350232808 3.579866273471791
      vertex 0 -0.7120796753588681 3.579866273471791
      vertex -0.031159398174555823 -0.23667912683442296 3.6421850698209024
    endloop
  endfacet
  facet normal 0.0085548255663784 -0.13052141585032973 0.9914085812438552
    outer loop
      vertex 0 -0.7120796753588681 3.579866273471791
      vertex 0.09294504858188353 -0.7059877350232808 3.579866273471791
      vertex 0 -0.23872142169002217 3.6421850698209024
    endloop
  endfacet
  facet normal 0.025518101261848475 -0.12828815823775755 0.9914085812438552
    outer loop
      vertex 0.09294504858188353 -0.7059877350232808 3.579866273471791
      vertex 0.1842997816132952 -0.6878161488046661 3.579866273471791
      vertex 0.06178565040732772 -0.23058718649883578 3.6421850698209024
    endloop
  endfacet
  facet normal 0.05059415309221415 -0.25435398391115 0.9657868722142625
    outer loop
      vertex 0.15314038343873937 -1.1632166973291114 3.4562949726571355
      vertex 0.1842997816132952 -0.6878161488046661 3.579866273471791
      vertex 0.09294504858188353 -0.7059877350232808 3.579866273471791
    endloop
  endfacet
  facet normal 0.08336117009475844 -0.2455740881669414 0.9657868722142623
    outer loop
      vertex 0.3036604924583063 -1.133276386105785 3.4562949726571355
      vertex 0.27250109428375047 -0.6578758375813398 3.579866273471791
      vertex 0.1842997816132952 -0.6878161488046661 3.579866273471791
    endloop
  endfacet
  facet normal 0.04204475516977422 -0.12385985466954014 0.9914085812438552
    outer loop
      vertex 0.1842997816132952 -0.6878161488046661 3.579866273471791
      vertex 0.27250109428375047 -0.6578758375813398 3.579866273471791
      vertex 0.09135473303141167 -0.2205498354714074 3.6421850698209024
    endloop
  endfacet
  facet normal 0.05785201165973658 -0.11731227464748763 0.9914085812438552
    outer loop
      vertex 0.27250109428375047 -0.6578758375813398 3.579866273471791
      vertex 0.35603983767943403 -0.6166790883793557 3.579866273471791
      vertex 0.11936071084501108 -0.2067388156110967 3.6421850698209024
    endloop
  endfacet
  facet normal 0.07266940419059299 -0.10875744908110932 0.9914085812438554
    outer loop
      vertex 0.1453243938030113 -0.1893904372968516 3.6421850698209024
      vertex 0.35603983767943403 -0.6166790883793557 3.579866273471791
      vertex 0.4334866407395304 -0.5649307889994564 3.579866273471791
    endloop
  endfacet
  facet normal -0.008554825566378675 -0.13052141585032975 0.9914085812438553
    outer loop
      vertex 0 -0.7120796753588681 3.579866273471791
      vertex 0 -0.23872142169002217 3.6421850698209024
      vertex -0.031159398174555823 -0.23667912683442296 3.6421850698209024
    endloop
  endfacet
  facet normal 0.008554825566378469 -0.13052141585032973 0.9914085812438553
    outer loop
      vertex 0.09294504858188353 -0.7059877350232808 3.579866273471791
      vertex 0.031159398174555823 -0.23667912683442296 3.6421850698209024
      vertex 0 -0.23872142169002217 3.6421850698209024
    endloop
  endfacet
  facet normal 0.02551810126184825 -0.12828815823775755 0.9914085812438553
    outer loop
      vertex 0.09294504858188353 -0.7059877350232808 3.579866273471791
      vertex 0.06178565040732772 -0.23058718649883578 3.6421850698209024
      vertex 0.031159398174555823 -0.23667912683442296 3.6421850698209024
    endloop
  endfacet
  facet normal 0.042044755169774496 -0.12385985466954011 0.9914085812438553
    outer loop
      vertex 0.1842997816132952 -0.6878161488046661 3.579866273471791
      vertex 0.09135473303141167 -0.2205498354714074 3.6421850698209024
      vertex 0.06178565040732772 -0.23058718649883578 3.6421850698209024
    endloop
  endfacet
  facet normal 0 0 1
    outer loop
      vertex -0.06178565040732772 -0.23058718649883578 3.6421850698209024
      vertex -0.031159398174555823 -0.23667912683442296 3.6421850698209024
      vertex -0.06178565040732772 0.23058718649883578 3.6421850698209024
    endloop
  endfacet
  facet normal 0 0 1
    outer loop
      vertex -0.031159398174555823 -0.23667912683442296 3.6421850698209024
      vertex 0 -0.23872142169002217 3.6421850698209024
      vertex -0.031159398174555823 0.23667912683442296 3.6421850698209024
    endloop
  endfacet
  facet normal 0 0 1
    outer loop
      vertex 0 -0.23872142169002217 3.6421850698209024
      vertex 0.031159398174555823 -0.23667912683442296 3.6421850698209024
      vertex 0 0.23872142169002217 3.6421850698209024
    endloop
  endfacet
  facet normal 0 0 1
    outer loop
      vertex 0.031159398174555823 -0.23667912683442296 3.6421850698209024
      vertex 0.06178565040732772 -0.23058718649883578 3.6421850698209024
      vertex 0.031159398174555823 0.23667912683442296 3.6421850698209024
    endloop
  endfacet
  facet normal 0 0 1
    outer loop
      vertex 0.06178565040732772 -0.23058718649883578 3.6421850698209024
      vertex 0.09135473303141167 -0.2205498354714074 3.6421850698209024
      vertex 0.06178565040732772 0.23058718649883578 3.6421850698209024
    endloop
  endfacet
  facet normal 0 0 1
    outer loop
      vertex 0.09135473303141167 -0.2205498354714074 3.6421850698209024
      vertex 0.11936071084501108 -0.2067388156110967 3.6421850698209024
      vertex 0.09135473303141167 0.2205498354714074 3.6421850698209024
    endloop
  endfacet
  facet normal 0 0 1
    outer loop
      vertex 0.11936071084501108 -0.2067388156110967 3.6421850698209024
      vertex 0.1453243938030113 -0.1893904372968516 3.6421850698209024
      vertex 0.11936071084501108 0.2067388156110967 3.6421850698209024
    endloop
  endfacet
  facet normal 0.057852011659736434 -0.11731227464748771 0.9914085812438553
    outer loop
      vertex 0.27250109428375047 -0.6578758375813398 3.579866273471791
      vertex 0.11936071084501108 -0.2067388156110967 3.6421850698209024
      vertex 0.09135473303141167 -0.2205498354714074 3.6421850698209024
    endloop
  endfacet
  facet normal 0.07266940419059312 -0.10875744908110925 0.9914085812438553
    outer loop
      vertex 0.11936071084501108 -0.2067388156110967 3.6421850698209024
      vertex 0.35603983767943403 -0.6166790883793557 3.579866273471791
      vertex 0.1453243938030113 -0.1893904372968516 3.6421850698209024
    endloop
  endfacet
  facet normal 0.08624340306798324 -0.09834175340769169 0.9914085812438553
    outer loop
      vertex 0.1453243938030113 -0.1893904372968516 3.6421850698209024
      vertex 0.4334866407395304 -0.5649307889994564 3.579866273471791
      vertex 0.16880153609150805 -0.16880153609150805 3.6421850698209024
    endloop
  endfacet
  facet normal 0.09834175340769169 -0.08624340306798324 0.9914085812438553
    outer loop
      vertex 0.16880153609150805 -0.16880153609150805 3.6421850698209024
      vertex 0.5035163671913709 -0.5035163671913709 3.579866273471791
      vertex 0.1893904372968516 -0.1453243938030113 3.6421850698209024
    endloop
  endfacet
  facet normal 0.10875744908110922 -0.0726694041905931 0.9914085812438553
    outer loop
      vertex 0.1893904372968516 -0.1453243938030113 3.6421850698209024
      vertex 0.5649307889994564 -0.4334866407395304 3.579866273471791
      vertex 0.2067388156110967 -0.11936071084501108 3.6421850698209024
    endloop
  endfacet
  facet normal 0 0 1
    outer loop
      vertex 0.1453243938030113 -0.1893904372968516 3.6421850698209024
      vertex 0.16880153609150805 -0.16880153609150805 3.6421850698209024
      vertex 0.1453243938030113 0.1893904372968516 3.6421850698209024
    endloop
  endfacet
  facet normal 0 0 1
    outer loop
      vertex 0.16880153609150805 -0.16880153609150805 3.6421850698209024
      vertex 0.1893904372968516 -0.1453243938030113 3.6421850698209024
      vertex 0.16880153609150805 0.16880153609150805 3.6421850698209024
    endloop
  endfacet
  facet normal 0 0 1
    outer loop
      vertex 0.1893904372968516 -0.1453243938030113 3.6421850698209024
      vertex 0.2067388156110967 -0.11936071084501108 3.6421850698209024
      vertex 0.1893904372968516 0.1453243938030113 3.6421850698209024
    endloop
  endfacet
  facet normal 0 0 1
    outer loop
      vertex 0.2067388156110967 -0.11936071084501108 3.6421850698209024
      vertex 0.2205498354714074 -0.09135473303141167 3.6421850698209024
      vertex 0.2067388156110967 0.11936071084501108 3.6421850698209024
    endloop
  endfacet
  facet normal 0 0 1
    outer loop
      vertex 0.2205498354714074 -0.09135473303141167 3.6421850698209024
      vertex 0.23058718649883578 -0.06178565040732772 3.6421850698209024
      vertex 0.2205498354714074 0.09135473303141167 3.6421850698209024
    endloop
  endfacet
  facet normal 0 0 1
    outer loop
      vertex 0.23058718649883578 -0.06178565040732772 3.6421850698209024
      vertex 0.23667912683442296 -0.031159398174555823 3.6421850698209024
      vertex 0.23058718649883578 0.06178565040732772 3.6421850698209024
    endloop
  endfacet
  facet normal 0.1147018543648984 -0.2325923516881964 0.9657868722142625
    outer loop
      vertex 0.4489848862613176 -1.0839454017126144 3.4562949726571355
      vertex 0.35603983767943403 -0.6166790883793557 3.579866273471791
      vertex 0.27250109428375047 -0.6578758375813398 3.579866273471791
    endloop
  endfacet
  facet normal 0.14407995810549304 -0.21563089558528337 0.9657868722142625
    outer loop
      vertex 0.35603983767943403 -0.6166790883793557 3.579866273471791
      vertex 0.5866270241782698 -1.0160678109696994 3.4562949726571355
      vertex 0.4334866407395304 -0.5649307889994564 3.579866273471791
    endloop
  endfacet
  facet normal 0.14407995810549296 -0.21563089558528337 0.9657868722142624
    outer loop
      vertex 0.4334866407395304 -0.5649307889994564 3.579866273471791
      vertex 0.5866270241782698 -1.0160678109696994 3.4562949726571355
      vertex 0.7142318110677938 -0.9308050182738751 3.4562949726571355
    endloop
  endfacet
  facet normal 0.17099281381639164 -0.19497993507472713 0.9657868722142625
    outer loop
      vertex 0.4334866407395304 -0.5649307889994564 3.579866273471791
      vertex 0.7142318110677938 -0.9308050182738751 3.4562949726571355
      vertex 0.5035163671913709 -0.5035163671913709 3.579866273471791
    endloop
  endfacet
  facet normal 0.17099281381639156 -0.19497993507472722 0.9657868722142624
    outer loop
      vertex 0.7142318110677938 -0.9308050182738751 3.4562949726571355
      vertex 0.8296158936474788 -0.8296158936474788 3.4562949726571355
      vertex 0.5035163671913709 -0.5035163671913709 3.579866273471791
    endloop
  endfacet
  facet normal 0.19497993507472708 -0.1709928138163916 0.9657868722142623
    outer loop
      vertex 0.5035163671913709 -0.5035163671913709 3.579866273471791
      vertex 0.8296158936474788 -0.8296158936474788 3.4562949726571355
      vertex 0.5649307889994564 -0.4334866407395304 3.579866273471791
    endloop
  endfacet
  facet normal 0.21563089558528337 -0.14407995810549304 0.9657868722142625
    outer loop
      vertex 0.5649307889994564 -0.4334866407395304 3.579866273471791
      vertex 0.9308050182738751 -0.7142318110677938 3.4562949726571355
      vertex 0.6166790883793557 -0.35603983767943403 3.579866273471791
    endloop
  endfacet
  facet normal 0.08624340306798337 -0.09834175340769163 0.9914085812438552
    outer loop
      vertex 0.16880153609150805 -0.16880153609150805 3.6421850698209024
      vertex 0.4334866407395304 -0.5649307889994564 3.579866273471791
      vertex 0.5035163671913709 -0.5035163671913709 3.579866273471791
    endloop
  endfacet
  facet normal 0.09834175340769154 -0.08624340306798332 0.9914085812438554
    outer loop
      vertex 0.1893904372968516 -0.1453243938030113 3.6421850698209024
      vertex 0.5035163671913709 -0.5035163671913709 3.579866273471791
      vertex 0.5649307889994564 -0.4334866407395304 3.579866273471791
    endloop
  endfacet
  facet normal 0.10875744908110933 -0.07266940419059308 0.9914085812438552
    outer loop
      vertex 0.2067388156110967 -0.11936071084501108 3.6421850698209024
      vertex 0.5649307889994564 -0.4334866407395304 3.579866273471791
      vertex 0.6166790883793557 -0.35603983767943403 3.579866273471791
    endloop
  endfacet
  facet normal 0.11731227464748763 -0.05785201165973661 0.9914085812438554
    outer loop
      vertex 0.2205498354714074 -0.09135473303141167 3.6421850698209024
      vertex 0.6166790883793557 -0.35603983767943403 3.579866273471791
      vertex 0.6578758375813398 -0.27250109428375047 3.579866273471791
    endloop
  endfacet
  facet normal 0.11731227464748763 -0.05785201165973658 0.9914085812438553
    outer loop
      vertex 0.2067388156110967 -0.11936071084501108 3.6421850698209024
      vertex 0.6166790883793557 -0.35603983767943403 3.579866273471791
      vertex 0.2205498354714074 -0.09135473303141167 3.6421850698209024
    endloop
  endfacet
  facet normal 0.12385985466954012 -0.042044755169774274 0.9914085812438553
    outer loop
      vertex 0.2205498354714074 -0.09135473303141167 3.6421850698209024
      vertex 0.6578758375813398 -0.27250109428375047 3.579866273471791
      vertex 0.23058718649883578 -0.06178565040732772 3.6421850698209024
    endloop
  endfacet
  facet normal 0.12828815823775752 -0.025518101261848492 0.9914085812438553
    outer loop
      vertex 0.23058718649883578 -0.06178565040732772 3.6421850698209024
      vertex 0.6878161488046661 -0.1842997816132952 3.579866273471791
      vertex 0.23667912683442296 -0.031159398174555823 3.6421850698209024
    endloop
  endfacet
  facet normal 0.13052141585032973 -0.008554825566378337 0.9914085812438553
    outer loop
      vertex 0.23667912683442296 -0.031159398174555823 3.6421850698209024
      vertex 0.7059877350232808 -0.09294504858188353 3.579866273471791
      vertex 0.23872142169002217 0 3.6421850698209024
    endloop
  endfacet
  facet normal 0.12385985466954016 -0.04204475516977425 0.9914085812438552
    outer loop
      vertex 0.23058718649883578 -0.06178565040732772 3.6421850698209024
      vertex 0.6578758375813398 -0.27250109428375047 3.579866273471791
      vertex 0.6878161488046661 -0.1842997816132952 3.579866273471791
    endloop
  endfacet
  facet normal 0.12828815823775752 -0.025518101261848496 0.9914085812438552
    outer loop
      vertex 0.23667912683442296 -0.031159398174555823 3.6421850698209024
      vertex 0.6878161488046661 -0.1842997816132952 3.579866273471791
      vertex 0.7059877350232808 -0.09294504858188353 3.579866273471791
    endloop
  endfacet
  facet normal 0.13052141585032975 -0.008554825566378401 0.9914085812438552
    outer loop
      vertex 0.7059877350232808 -0.09294504858188353 3.579866273471791
      vertex 0.7120796753588681 0 3.579866273471791
      vertex 0.23872142169002217 0 3.6421850698209024
    endloop
  endfacet
  facet normal 0.4019257262121101 -0.4583084531601956 0.7927225696110695
    outer loop
      vertex 1.4650526972310174 -1.9092938475809067 2.744215297298268
      vertex 1.4338932990564612 -1.4338932990564612 3.03486408490429
      vertex 1.2344655107321814 -1.6087867754835565 3.03486408490429
    endloop
  endfacet
  facet normal 0.2214999360367347 -0.44915743783594136 0.8655607282983526
    outer loop
      vertex 0.7760174614751214 -1.8734718801315788 3.03486408490429
      vertex 1.0139156752607739 -1.7561534641421668 3.03486408490429
      vertex 0.8071768596496773 -1.3980713316071338 3.273585506594312
    endloop
  endfacet
  facet normal 0.2214999360367349 -0.44915743783594153 0.8655607282983527
    outer loop
      vertex 0.7760174614751214 -1.8734718801315788 3.03486408490429
      vertex 0.8071768596496773 -1.3980713316071338 3.273585506594312
      vertex 0.6177864223528258 -1.491468359494145 3.273585506594312
    endloop
  endfacet
  facet normal 0.2782317834462875 -0.4164032904624112 0.8655607282983527
    outer loop
      vertex 1.0139156752607739 -1.7561534641421668 3.03486408490429
      vertex 1.2344655107321814 -1.6087867754835565 3.03486408490429
      vertex 0.9827562770862183 -1.280752915617722 3.273585506594312
    endloop
  endfacet
  facet normal 0.27823178344628796 -0.4164032904624112 0.8655607282983527
    outer loop
      vertex 1.0139156752607739 -1.7561534641421668 3.03486408490429
      vertex 0.9827562770862183 -1.280752915617722 3.273585506594312
      vertex 0.8071768596496773 -1.3980713316071338 3.273585506594312
    endloop
  endfacet
  facet normal 0.21299671902680684 -0.3187721171243613 0.9235890509462896
    outer loop
      vertex 0.7142318110677938 -0.9308050182738751 3.4562949726571355
      vertex 0.8071768596496773 -1.3980713316071338 3.273585506594312
      vertex 0.9827562770862183 -1.280752915617722 3.273585506594312
    endloop
  endfacet
  facet normal 0.2527826132027757 -0.2882433267822653 0.9235890509462896
    outer loop
      vertex 0.9827562770862183 -1.280752915617722 3.273585506594312
      vertex 1.1415204621502981 -1.1415204621502981 3.273585506594312
      vertex 0.8296158936474788 -0.8296158936474788 3.4562949726571355
    endloop
  endfacet
  facet normal 0.2527826132027761 -0.28824332678226516 0.9235890509462897
    outer loop
      vertex 0.7142318110677938 -0.9308050182738751 3.4562949726571355
      vertex 0.9827562770862183 -1.280752915617722 3.273585506594312
      vertex 0.8296158936474788 -0.8296158936474788 3.4562949726571355
    endloop
  endfacet
  facet normal 0.28824332678226494 -0.252782613202776 0.9235890509462897
    outer loop
      vertex 1.1415204621502981 -1.1415204621502981 3.273585506594312
      vertex 0.9308050182738751 -0.7142318110677938 3.4562949726571355
      vertex 0.8296158936474788 -0.8296158936474788 3.4562949726571355
    endloop
  endfacet
  facet normal 0.33020300790065193 -0.3765243673402658 0.8655607282983526
    outer loop
      vertex 1.2344655107321814 -1.6087867754835565 3.03486408490429
      vertex 1.4338932990564612 -1.4338932990564612 3.03486408490429
      vertex 1.1415204621502981 -1.1415204621502981 3.273585506594312
    endloop
  endfacet
  facet normal 0.3302030079006511 -0.376524367340266 0.8655607282983528
    outer loop
      vertex 1.2344655107321814 -1.6087867754835565 3.03486408490429
      vertex 1.1415204621502981 -1.1415204621502981 3.273585506594312
      vertex 0.9827562770862183 -1.280752915617722 3.273585506594312
    endloop
  endfacet
  facet normal 0.37652436734026634 -0.3302030079006514 0.8655607282983526
    outer loop
      vertex 1.1415204621502981 -1.1415204621502981 3.273585506594312
      vertex 1.4338932990564612 -1.4338932990564612 3.03486408490429
      vertex 1.280752915617722 -0.9827562770862183 3.273585506594312
    endloop
  endfacet
  facet normal 0.2882433267822654 -0.2527826132027758 0.9235890509462896
    outer loop
      vertex 1.1415204621502981 -1.1415204621502981 3.273585506594312
      vertex 1.280752915617722 -0.9827562770862183 3.273585506594312
      vertex 0.9308050182738751 -0.7142318110677938 3.4562949726571355
    endloop
  endfacet
  facet normal 0.3765243673402655 -0.3302030079006517 0.8655607282983527
    outer loop
      vertex 1.4338932990564612 -1.4338932990564612 3.03486408490429
      vertex 1.6087867754835565 -1.2344655107321814 3.03486408490429
      vertex 1.280752915617722 -0.9827562770862183 3.273585506594312
    endloop
  endfacet
  facet normal 0.416403290462411 -0.2782317834462878 0.8655607282983528
    outer loop
      vertex 1.6087867754835565 -1.2344655107321814 3.03486408490429
      vertex 1.3980713316071338 -0.8071768596496773 3.273585506594312
      vertex 1.280752915617722 -0.9827562770862183 3.273585506594312
    endloop
  endfacet
  facet normal 0.1949799350747272 -0.17099281381639153 0.9657868722142624
    outer loop
      vertex 0.5649307889994564 -0.4334866407395304 3.579866273471791
      vertex 0.8296158936474788 -0.8296158936474788 3.4562949726571355
      vertex 0.9308050182738751 -0.7142318110677938 3.4562949726571355
    endloop
  endfacet
  facet normal 0.21563089558528334 -0.144079958105493 0.9657868722142624
    outer loop
      vertex 0.6166790883793557 -0.35603983767943403 3.579866273471791
      vertex 0.9308050182738751 -0.7142318110677938 3.4562949726571355
      vertex 1.0160678109696994 -0.5866270241782698 3.4562949726571355
    endloop
  endfacet
  facet normal 0.23259235168819625 -0.11470185436489852 0.9657868722142625
    outer loop
      vertex 0.6578758375813398 -0.27250109428375047 3.579866273471791
      vertex 1.0160678109696994 -0.5866270241782698 3.4562949726571355
      vertex 1.0839454017126144 -0.4489848862613176 3.4562949726571355
    endloop
  endfacet
  facet normal 0.3187721171243615 -0.21299671902680672 0.9235890509462897
    outer loop
      vertex 0.9308050182738751 -0.7142318110677938 3.4562949726571355
      vertex 1.280752915617722 -0.9827562770862183 3.273585506594312
      vertex 1.0160678109696994 -0.5866270241782698 3.4562949726571355
    endloop
  endfacet
  facet normal 0.2325923516881964 -0.11470185436489841 0.9657868722142623
    outer loop
      vertex 0.6166790883793557 -0.35603983767943403 3.579866273471791
      vertex 1.0160678109696994 -0.5866270241782698 3.4562949726571355
      vertex 0.6578758375813398 -0.27250109428375047 3.579866273471791
    endloop
  endfacet
  facet normal 0.2455740881669414 -0.08336117009475846 0.9657868722142623
    outer loop
      vertex 0.6578758375813398 -0.27250109428375047 3.579866273471791
      vertex 1.0839454017126144 -0.4489848862613176 3.4562949726571355
      vertex 0.6878161488046661 -0.1842997816132952 3.579866273471791
    endloop
  endfacet
  facet normal 0.25435398391115 -0.05059415309221419 0.9657868722142623
    outer loop
      vertex 0.6878161488046661 -0.1842997816132952 3.579866273471791
      vertex 1.133276386105785 -0.3036604924583063 3.4562949726571355
      vertex 0.7059877350232808 -0.09294504858188353 3.579866273471791
    endloop
  endfacet
  facet normal 0.25878181247039156 -0.0169614561029132 0.9657868722142625
    outer loop
      vertex 0.7059877350232808 -0.09294504858188353 3.579866273471791
      vertex 1.1632166973291114 -0.15314038343873937 3.4562949726571355
      vertex 0.7120796753588681 0 3.579866273471791
    endloop
  endfacet
  facet normal 0.24557408816694146 -0.08336117009475848 0.9657868722142625
    outer loop
      vertex 0.6878161488046661 -0.1842997816132952 3.579866273471791
      vertex 1.0839454017126144 -0.4489848862613176 3.4562949726571355
      vertex 1.133276386105785 -0.3036604924583063 3.4562949726571355
    endloop
  endfacet
  facet normal 0.25435398391114994 -0.05059415309221429 0.9657868722142625
    outer loop
      vertex 0.7059877350232808 -0.09294504858188353 3.579866273471791
      vertex 1.133276386105785 -0.3036604924583063 3.4562949726571355
      vertex 1.1632166973291114 -0.15314038343873937 3.4562949726571355
    endloop
  endfacet
  facet normal 0.25878181247039156 -0.016961456102913015 0.9657868722142624
    outer loop
      vertex 1.1632166973291114 -0.15314038343873937 3.4562949726571355
      vertex 1.1732540483565397 0 3.4562949726571355
      vertex 0.7120796753588681 0 3.579866273471791
    endloop
  endfacet
  facet normal 0.3187721171243612 -0.21299671902680678 0.9235890509462897
    outer loop
      vertex 1.0160678109696994 -0.5866270241782698 3.4562949726571355
      vertex 1.280752915617722 -0.9827562770862183 3.273585506594312
      vertex 1.3980713316071338 -0.8071768596496773 3.273585506594312
    endloop
  endfacet
  facet normal 0.3438466281621314 -0.16956639193444212 0.9235890509462897
    outer loop
      vertex 1.0839454017126144 -0.4489848862613176 3.4562949726571355
      vertex 1.3980713316071338 -0.8071768596496773 3.273585506594312
      vertex 1.491468359494145 -0.6177864223528258 3.273585506594312
    endloop
  endfacet
  facet normal 0.3630378280597522 -0.1232347368633929 0.9235890509462897
    outer loop
      vertex 1.133276386105785 -0.3036604924583063 3.4562949726571355
      vertex 1.491468359494145 -0.6177864223528258 3.273585506594312
      vertex 1.55934595023706 -0.4178254880867618 3.273585506594312
    endloop
  endfacet
  facet normal 0.3438466281621317 -0.16956639193444198 0.9235890509462897
    outer loop
      vertex 1.0160678109696994 -0.5866270241782698 3.4562949726571355
      vertex 1.3980713316071338 -0.8071768596496773 3.273585506594312
      vertex 1.0839454017126144 -0.4489848862613176 3.4562949726571355
    endloop
  endfacet
  facet normal 0.36303782805975215 -0.123234736863393 0.9235890509462897
    outer loop
      vertex 1.0839454017126144 -0.4489848862613176 3.4562949726571355
      vertex 1.491468359494145 -0.6177864223528258 3.273585506594312
      vertex 1.133276386105785 -0.3036604924583063 3.4562949726571355
    endloop
  endfacet
  facet normal 0.37601735006616915 -0.07479450127748703 0.9235890509462896
    outer loop
      vertex 1.1632166973291114 -0.15314038343873937 3.4562949726571355
      vertex 1.55934595023706 -0.4178254880867618 3.273585506594312
      vertex 1.600542699439044 -0.21071544387642274 3.273585506594312
    endloop
  endfacet
  facet normal 0.38256311096124873 -0.025074511037770492 0.9235890509462896
    outer loop
      vertex 1.600542699439044 -0.21071544387642274 3.273585506594312
      vertex 1.6143537192993547 0 3.273585506594312
      vertex 1.1732540483565397 0 3.4562949726571355
    endloop
  endfacet
  facet normal 0.37601735006616893 -0.07479450127748734 0.9235890509462897
    outer loop
      vertex 1.133276386105785 -0.3036604924583063 3.4562949726571355
      vertex 1.55934595023706 -0.4178254880867618 3.273585506594312
      vertex 1.1632166973291114 -0.15314038343873937 3.4562949726571355
    endloop
  endfacet
  facet normal 0.38256311096124884 -0.025074511037770395 0.9235890509462897
    outer loop
      vertex 1.1632166973291114 -0.15314038343873937 3.4562949726571355
      vertex 1.600542699439044 -0.21071544387642274 3.273585506594312
      vertex 1.1732540483565397 0 3.4562949726571355
    endloop
  endfacet
  facet normal 0.4087495160193988 -0.8288620241475336 0.38198374059632517
    outer loop
      vertex 1.6877766226804454 -2.986121172425386 1.2318991481281778
      vertex 1.7281474863285677 -2.993239249293521 1.1732540483565397
      vertex 1.636792753297156 -2.835008210171225 1.6143537192993547
    endloop
  endfacet
  facet normal 0.40874951601940335 -0.8288620241475315 0.3819837405963249
    outer loop
      vertex 1.2527469378041225 -3.0243986474680766 1.6143537192993547
      vertex 1.6877766226804454 -2.986121172425386 1.2318991481281778
      vertex 1.636792753297156 -2.835008210171225 1.6143537192993547
    endloop
  endfacet
  facet normal 0.5134408111342484 -0.768418476731165 0.38198374059632545
    outer loop
      vertex 1.636792753297156 -2.835008210171225 1.6143537192993547
      vertex 1.7281474863285677 -2.993239249293521 1.1732540483565397
      vertex 1.7421684827587343 -2.9547180173674623 1.2318991481281771
    endloop
  endfacet
  facet normal 0.5134408111342511 -0.7684184767311634 0.3819837405963255
    outer loop
      vertex 1.636792753297156 -2.835008210171225 1.6143537192993547
      vertex 1.7421684827587343 -2.9547180173674623 1.2318991481281771
      vertex 2.0367472660822084 -2.654340715223293 1.4401978034098912
    endloop
  endfacet
  facet normal 0.5134408111342509 -0.7684184767311637 0.3819837405963249
    outer loop
      vertex 1.636792753297156 -2.835008210171225 1.6143537192993547
      vertex 2.0367472660822084 -2.654340715223293 1.4401978034098912
      vertex 1.99283259097659 -2.597109996385573 1.6143537192993547
    endloop
  endfacet
  facet normal 0.48139540450993 -0.7204591365102463 0.4991964514453517
    outer loop
      vertex 1.636792753297156 -2.835008210171225 1.6143537192993547
      vertex 1.99283259097659 -2.597109996385573 1.6143537192993547
      vertex 1.847508197173579 -2.4077195590887213 2.0278313505215477
    endloop
  endfacet
  facet normal 0.4813954045099301 -0.7204591365102463 0.4991964514453516
    outer loop
      vertex 1.636792753297156 -2.835008210171225 1.6143537192993547
      vertex 1.847508197173579 -2.4077195590887213 2.0278313505215477
      vertex 1.517432042452145 -2.6282693945601285 2.0278313505215477
    endloop
  endfacet
  facet normal 0.6093469916179057 -0.6948270761320745 0.3819837405963248
    outer loop
      vertex 2.0367472660822084 -2.654340715223293 1.4401978034098912
      vertex 2.22911166898985 -2.4108629712602374 1.5762199771647853
      vertex 1.99283259097659 -2.597109996385573 1.6143537192993547
    endloop
  endfacet
  facet normal 0.6093469916179058 -0.6948270761320746 0.38198374059632456
    outer loop
      vertex 1.99283259097659 -2.597109996385573 1.6143537192993547
      vertex 2.22911166898985 -2.4108629712602374 1.5762199771647853
      vertex 2.3147745105068376 -2.3147745105068376 1.6143537192993547
    endloop
  endfacet
  facet normal 0.5713157878291661 -0.6514607996199834 0.4991964514453514
    outer loop
      vertex 1.99283259097659 -2.597109996385573 1.6143537192993547
      vertex 2.3147745105068376 -2.3147745105068376 1.6143537192993547
      vertex 2.1459729744153297 -2.1459729744153297 2.0278313505215477
    endloop
  endfacet
  facet normal 0.6514607996199869 -0.5713157878291624 0.49919645144535124
    outer loop
      vertex 2.3147745105068376 -2.3147745105068376 1.6143537192993547
      vertex 2.3256653528659577 -2.276020550589473 1.6444937417821235
      vertex 2.1459729744153297 -2.1459729744153297 2.0278313505215477
    endloop
  endfacet
  facet normal 0.4411132710172008 -0.6601726633925676 0.6079400765220774
    outer loop
      vertex 1.517432042452145 -2.6282693945601285 2.0278313505215477
      vertex 1.6705724258908847 -2.177132372589886 2.4066122251152513
      vertex 1.372107648649134 -2.3765601609141656 2.4066122251152513
    endloop
  endfacet
  facet normal 0.44111327101720116 -0.6601726633925675 0.6079400765220772
    outer loop
      vertex 1.517432042452145 -2.6282693945601285 2.0278313505215477
      vertex 1.847508197173579 -2.4077195590887213 2.0278313505215477
      vertex 1.6705724258908847 -2.177132372589886 2.4066122251152513
    endloop
  endfacet
  facet normal 0.523509309794199 -0.5969479591364162 0.6079400765220772
    outer loop
      vertex 1.6705724258908847 -2.177132372589886 2.4066122251152513
      vertex 1.847508197173579 -2.4077195590887213 2.0278313505215477
      vertex 1.9404532457554629 -1.9404532457554629 2.4066122251152513
    endloop
  endfacet
  facet normal 0.5713157878291658 -0.6514607996199835 0.4991964514453515
    outer loop
      vertex 1.99283259097659 -2.597109996385573 1.6143537192993547
      vertex 2.1459729744153297 -2.1459729744153297 2.0278313505215477
      vertex 1.847508197173579 -2.4077195590887213 2.0278313505215477
    endloop
  endfacet
  facet normal 0.5235093097941986 -0.5969479591364162 0.6079400765220772
    outer loop
      vertex 1.847508197173579 -2.4077195590887213 2.0278313505215477
      vertex 2.1459729744153297 -2.1459729744153297 2.0278313505215477
      vertex 1.9404532457554629 -1.9404532457554629 2.4066122251152513
    endloop
  endfacet
  facet normal 0.5969479591364162 -0.5235093097941989 0.6079400765220773
    outer loop
      vertex 2.1459729744153297 -2.1459729744153297 2.0278313505215477
      vertex 2.177132372589886 -1.6705724258908847 2.4066122251152513
      vertex 1.9404532457554629 -1.9404532457554629 2.4066122251152513
    endloop
  endfacet
  facet normal 0.5969479591364164 -0.5235093097941989 0.6079400765220772
    outer loop
      vertex 2.1459729744153297 -2.1459729744153297 2.0278313505215477
      vertex 2.4077195590887213 -1.847508197173579 2.0278313505215477
      vertex 2.177132372589886 -1.6705724258908847 2.4066122251152513
    endloop
  endfacet
  facet normal 0.6093469916179057 -0.6948270761320745 0.3819837405963246
    outer loop
      vertex 2.22911166898985 -2.4108629712602374 1.5762199771647853
      vertex 2.342473315664926 -2.342473315664926 1.51978408306708
      vertex 2.3147745105068376 -2.3147745105068376 1.6143537192993547
    endloop
  endfacet
  facet normal 0.6948270761320761 -0.6093469916179041 0.38198374059632456
    outer loop
      vertex 2.342473315664926 -2.342473315664926 1.51978408306708
      vertex 2.356695391821921 -2.2669729068332054 1.6143537192993547
      vertex 2.3147745105068376 -2.3147745105068376 1.6143537192993547
    endloop
  endfacet
  facet normal 0.6514607996199836 -0.5713157878291636 0.49919645144535413
    outer loop
      vertex 2.3147745105068376 -2.3147745105068376 1.6143537192993547
      vertex 2.356695391821921 -2.2669729068332054 1.6143537192993547
      vertex 2.3256653528659577 -2.276020550589473 1.6444937417821235
    endloop
  endfacet
  facet normal 0.6514607996199832 -0.5713157878291666 0.4991964514453509
    outer loop
      vertex 2.3256653528659577 -2.276020550589473 1.6444937417821235
      vertex 2.520273794004618 -1.9338740992358703 1.7821026901874133
      vertex 2.1459729744153297 -2.1459729744153297 2.0278313505215477
    endloop
  endfacet
  facet normal 0.6514607996199828 -0.5713157878291663 0.499196451445352
    outer loop
      vertex 2.5288050793967978 -2.0707194213205637 1.6143537192993547
      vertex 2.597109996385573 -1.99283259097659 1.6143537192993547
      vertex 2.5428671986124667 -1.9512106283418007 1.7327767181276128
    endloop
  endfacet
  facet normal 0.6948270761320747 -0.6093469916179066 0.38198374059632306
    outer loop
      vertex 2.5288050793967978 -2.0707194213205637 1.6143537192993547
      vertex 2.6058274091751374 -1.9995216970753762 1.5878261998240522
      vertex 2.597109996385573 -1.99283259097659 1.6143537192993547
    endloop
  endfacet
  facet normal 0.7684184767311665 -0.513440811134249 0.3819837405963222
    outer loop
      vertex 2.6058274091751374 -1.9995216970753762 1.5878261998240522
      vertex 2.617427955525782 -1.9624246162417511 1.6143537192993547
      vertex 2.597109996385573 -1.99283259097659 1.6143537192993547
    endloop
  endfacet
  facet normal 0.7204591365102476 -0.48139540450992746 0.499196451445352
    outer loop
      vertex 2.597109996385573 -1.99283259097659 1.6143537192993547
      vertex 2.617427955525782 -1.9624246162417511 1.6143537192993547
      vertex 2.5428671986124667 -1.9512106283418007 1.7327767181276128
    endloop
  endfacet
  facet normal 0.6514607996199834 -0.5713157878291657 0.4991964514453519
    outer loop
      vertex 2.1459729744153297 -2.1459729744153297 2.0278313505215477
      vertex 2.520273794004618 -1.9338740992358703 1.7821026901874133
      vertex 2.4077195590887213 -1.847508197173579 2.0278313505215477
    endloop
  endfacet
  facet normal 0.7204591365102462 -0.48139540450992957 0.49919645144535185
    outer loop
      vertex 2.520273794004618 -1.9338740992358703 1.7821026901874133
      vertex 2.685018925365427 -1.5665155289114046 1.8985950897401098
      vertex 2.4077195590887213 -1.847508197173579 2.0278313505215477
    endloop
  endfacet
  facet normal 0.46672727873592884 -0.5322004619635772 0.7063485793639779
    outer loop
      vertex 1.6705724258908847 -2.177132372589886 2.4066122251152513
      vertex 1.7017318240654404 -1.7017318240654404 2.744215297298268
      vertex 1.4650526972310174 -1.9092938475809067 2.744215297298268
    endloop
  endfacet
  facet normal 0.466727278735929 -0.5322004619635771 0.7063485793639778
    outer loop
      vertex 1.6705724258908847 -2.177132372589886 2.4066122251152513
      vertex 1.9404532457554629 -1.9404532457554629 2.4066122251152513
      vertex 1.7017318240654404 -1.7017318240654404 2.744215297298268
    endloop
  endfacet
  facet normal 0.7204591365102464 -0.4813954045099303 0.49919645144535096
    outer loop
      vertex 2.685018925365427 -1.5665155289114046 1.8985950897401098
      vertex 2.6282693945601285 -1.517432042452145 2.0278313505215477
      vertex 2.4077195590887213 -1.847508197173579 2.0278313505215477
    endloop
  endfacet
  facet normal 0.6601726633925674 -0.44111327101720116 0.607940076522077
    outer loop
      vertex 2.177132372589886 -1.6705724258908847 2.4066122251152513
      vertex 2.4077195590887213 -1.847508197173579 2.0278313505215477
      vertex 2.6282693945601285 -1.517432042452145 2.0278313505215477
    endloop
  endfacet
  facet normal 0.6601726633925676 -0.4411132710172008 0.6079400765220774
    outer loop
      vertex 2.177132372589886 -1.6705724258908847 2.4066122251152513
      vertex 2.6282693945601285 -1.517432042452145 2.0278313505215477
      vertex 2.3765601609141656 -1.372107648649134 2.4066122251152513
    endloop
  endfacet
  facet normal 0.71210163034363 -0.3511696618733956 0.6079400765220773
    outer loop
      vertex 2.6282693945601285 -1.517432042452145 2.0278313505215477
      vertex 2.8038488119966694 -1.161392204772711 2.0278313505215477
      vertex 2.3765601609141656 -1.372107648649134 2.4066122251152513
    endloop
  endfacet
  facet normal 0.7121016303436299 -0.35116966187339566 0.6079400765220773
    outer loop
      vertex 2.3765601609141656 -1.372107648649134 2.4066122251152513
      vertex 2.8038488119966694 -1.161392204772711 2.0278313505215477
      vertex 2.5353243459782453 -1.0501657291188864 2.4066122251152513
    endloop
  endfacet
  facet normal 0.7204591365102452 -0.4813954045099322 0.4991964514453512
    outer loop
      vertex 2.685018925365427 -1.5665155289114046 1.8985950897401098
      vertex 2.7044289765396865 -1.561402797609412 1.8755121865624318
      vertex 2.6282693945601285 -1.517432042452145 2.0278313505215477
    endloop
  endfacet
  facet normal 0.7771302178258096 -0.38323821235150696 0.49919645144535124
    outer loop
      vertex 2.694001415337766 -1.5442071834513569 1.904946669311491
      vertex 2.6282693945601285 -1.517432042452145 2.0278313505215477
      vertex 2.7044289765396865 -1.561402797609412 1.8755121865624318
    endloop
  endfacet
  facet normal 0.7771302178258087 -0.3832382123515089 0.499196451445351
    outer loop
      vertex 2.694001415337766 -1.5442071834513569 1.904946669311491
      vertex 2.795260932967882 -1.2456071535527786 1.9765479608874246
      vertex 2.6282693945601285 -1.517432042452145 2.0278313505215477
    endloop
  endfacet
  facet normal 0.777130217825808 -0.3832382123515082 0.4991964514453528
    outer loop
      vertex 2.6282693945601285 -1.517432042452145 2.0278313505215477
      vertex 2.795260932967882 -1.2456071535527786 1.9765479608874246
      vertex 2.8038488119966694 -1.161392204772711 2.0278313505215477
    endloop
  endfacet
  facet normal 0.7771302178258099 -0.3832382123515071 0.4991964514453507
    outer loop
      vertex 2.867967175983634 -1.1879509007332865 1.907624916440532
      vertex 2.8038488119966694 -1.161392204772711 2.0278313505215477
      vertex 2.795260932967882 -1.2456071535527786 1.9765479608874246
    endloop
  endfacet
  facet normal 0.82050438565317 -0.2785237081260475 0.4991964514453506
    outer loop
      vertex 2.867967175983634 -1.1879509007332865 1.907624916440532
      vertex 2.8497808157170024 -1.0489003954480558 2.0150993396888235
      vertex 2.8038488119966694 -1.161392204772711 2.0278313505215477
    endloop
  endfacet
  facet normal 0.8205043856531647 -0.27852370812604416 0.49919645144536123
    outer loop
      vertex 2.8038488119966694 -1.161392204772711 2.0278313505215477
      vertex 2.8497808157170024 -1.0489003954480558 2.0150993396888235
      vertex 2.867786598112922 -0.9730375606732639 2.0278313505215477
    endloop
  endfacet
  facet normal 0.7518463409676421 -0.2552174424523116 0.6079400765220773
    outer loop
      vertex 2.5353243459782453 -1.0501657291188864 2.4066122251152513
      vertex 2.8038488119966694 -1.161392204772711 2.0278313505215477
      vertex 2.867786598112922 -0.9730375606732639 2.0278313505215477
    endloop
  endfacet
  facet normal 0.751846340967642 -0.2552174424523122 0.607940076522077
    outer loop
      vertex 2.5353243459782453 -1.0501657291188864 2.4066122251152513
      vertex 2.867786598112922 -0.9730375606732639 2.0278313505215477
      vertex 2.893084144443116 -0.8559031677088152 2.0457194170790087
    endloop
  endfacet
  facet normal 0.7518463409676421 -0.2552174424523132 0.6079400765220765
    outer loop
      vertex 2.5353243459782453 -1.0501657291188864 2.4066122251152513
      vertex 2.893084144443116 -0.8559031677088152 2.0457194170790087
      vertex 2.9314535988861934 -0.7854806244708638 2.0278313505215477
    endloop
  endfacet
  facet normal 0.751846340967641 -0.2552174424523124 0.6079400765220782
    outer loop
      vertex 2.9011180775505605 -0.8748461885890099 2.0278313505215477
      vertex 2.9314535988861934 -0.7854806244708638 2.0278313505215477
      vertex 2.893084144443116 -0.8559031677088152 2.0457194170790087
    endloop
  endfacet
  facet normal 0.8205043856531692 -0.27852370812604704 0.4991964514453524
    outer loop
      vertex 2.9011180775505605 -0.8748461885890099 2.0278313505215477
      vertex 2.973711776242918 -0.7968036689672092 1.9520560598884142
      vertex 2.9314535988861934 -0.7854806244708638 2.0278313505215477
    endloop
  endfacet
  facet normal 0.8498394959552121 -0.1690435860331853 0.49919645144535246
    outer loop
      vertex 2.973711776242918 -0.7968036689672092 1.9520560598884142
      vertex 2.96956151843123 -0.593899175579345 2.0278313505215477
      vertex 2.9314535988861934 -0.7854806244708638 2.0278313505215477
    endloop
  endfacet
  facet normal 0.7787267522465134 -0.15489838183122528 0.6079400765220739
    outer loop
      vertex 2.9314535988861934 -0.7854806244708638 2.0278313505215477
      vertex 2.96956151843123 -0.593899175579345 2.0278313505215477
      vertex 2.92485057442734 -0.66031064262796 2.068181675134941
    endloop
  endfacet
  facet normal 0.751846340967642 -0.25521744245231276 0.6079400765220767
    outer loop
      vertex 2.5353243459782453 -1.0501657291188864 2.4066122251152513
      vertex 2.9314535988861934 -0.7854806244708638 2.0278313505215477
      vertex 2.6507084285579308 -0.7102551828024678 2.4066122251152513
    endloop
  endfacet
  facet normal 0.778726752246511 -0.15489838183122637 0.6079400765220767
    outer loop
      vertex 2.9314535988861934 -0.7854806244708638 2.0278313505215477
      vertex 2.92485057442734 -0.66031064262796 2.068181675134941
      vertex 2.6507084285579308 -0.7102551828024678 2.4066122251152513
    endloop
  endfacet
  facet normal 0.778726752246511 -0.15489838183122578 0.6079400765220769
    outer loop
      vertex 2.92485057442734 -0.66031064262796 2.068181675134941
      vertex 2.9592315145494466 -0.39205098710814856 2.092492671038851
      vertex 2.6507084285579308 -0.7102551828024678 2.4066122251152513
    endloop
  endfacet
  facet normal 0.778726752246511 -0.15489838183122548 0.6079400765220773
    outer loop
      vertex 2.6507084285579308 -0.7102551828024678 2.4066122251152513
      vertex 2.9592315145494466 -0.39205098710814856 2.092492671038851
      vertex 2.720738155009771 -0.3581919733883597 2.4066122251152513
    endloop
  endfacet
  facet normal 0.7787267522465119 -0.15489838183122315 0.6079400765220765
    outer loop
      vertex 2.9592315145494466 -0.39205098710814856 2.092492671038851
      vertex 3.001734816120971 -0.43215308551179016 2.0278313505215477
      vertex 3.0089004019462897 -0.39612925290794826 2.0278313505215477
    endloop
  endfacet
  facet normal 0.8498394959552129 -0.1690435860331835 0.4991964514453515
    outer loop
      vertex 3.001734816120971 -0.43215308551179016 2.0278313505215477
      vertex 3.027916666665642 -0.39863279165303406 1.9946100006035523
      vertex 3.0089004019462897 -0.39612925290794826 2.0278313505215477
    endloop
  endfacet
  facet normal 0.7922829328905975 -0.0519289669510631 0.6079400765220767
    outer loop
      vertex 2.9602377362971892 -0.3732487317481523 2.0932041772600574
      vertex 3.0089004019462897 -0.39612925290794826 2.0278313505215477
      vertex 3.0279166666656434 -0.10599711916703054 2.0278313505215477
    endloop
  endfacet
  facet normal 0.864633616861439 -0.056671081315563046 0.4991964514453515
    outer loop
      vertex 3.0089004019462897 -0.39612925290794826 2.0278313505215477
      vertex 3.027916666665642 -0.39863279165303406 1.9946100006035523
      vertex 3.0279166666656434 -0.10599711916703054 2.0278313505215477
    endloop
  endfacet
  facet normal 0.7922829328905974 -0.05192896695106271 0.6079400765220768
    outer loop
      vertex 2.720738155009771 -0.3581919733883597 2.4066122251152513
      vertex 2.9760968689210596 0 2.1044182774821327
      vertex 2.744215297298268 0 2.4066122251152513
    endloop
  endfacet
  facet normal 0.7787267522465153 -0.15489838183120103 0.6079400765220778
    outer loop
      vertex 2.9592315145494466 -0.39205098710814856 2.092492671038851
      vertex 3.0089004019462897 -0.39612925290794826 2.0278313505215477
      vertex 2.720738155009771 -0.3581919733883597 2.4066122251152513
    endloop
  endfacet
  facet normal 0.792282932890597 -0.05192896695106523 0.6079400765220772
    outer loop
      vertex 2.9602377362971892 -0.3732487317481523 2.0932041772600574
      vertex 2.720738155009771 -0.3581919733883597 2.4066122251152513
      vertex 3.0089004019462897 -0.39612925290794826 2.0278313505215477
    endloop
  endfacet
  facet normal 0.7922829328905971 -0.051928966951062326 0.607940076522077
    outer loop
      vertex 2.9602377362971892 -0.3732487317481523 2.0932041772600574
      vertex 2.9760968689210596 0 2.1044182774821327
      vertex 2.720738155009771 -0.3581919733883597 2.4066122251152513
    endloop
  endfacet
  facet normal 0.5322004619635773 -0.4667272787359289 0.7063485793639777
    outer loop
      vertex 1.7017318240654404 -1.7017318240654404 2.744215297298268
      vertex 1.9404532457554629 -1.9404532457554629 2.4066122251152513
      vertex 1.9092938475809067 -1.4650526972310174 2.744215297298268
    endloop
  endfacet
  facet normal 0.4019257262121097 -0.45830845316019564 0.7927225696110696
    outer loop
      vertex 1.4650526972310174 -1.9092938475809067 2.744215297298268
      vertex 1.7017318240654404 -1.7017318240654404 2.744215297298268
      vertex 1.4338932990564612 -1.4338932990564612 3.03486408490429
    endloop
  endfacet
  facet normal 0.4583084531601954 -0.40192572621211 0.7927225696110695
    outer loop
      vertex 1.7017318240654404 -1.7017318240654404 2.744215297298268
      vertex 1.6087867754835565 -1.2344655107321814 3.03486408490429
      vertex 1.4338932990564612 -1.4338932990564612 3.03486408490429
    endloop
  endfacet
  facet normal 0.4583084531601958 -0.4019257262121098 0.7927225696110695
    outer loop
      vertex 1.7017318240654404 -1.7017318240654404 2.744215297298268
      vertex 1.9092938475809067 -1.4650526972310174 2.744215297298268
      vertex 1.6087867754835565 -1.2344655107321814 3.03486408490429
    endloop
  endfacet
  facet normal 0.5068493954076018 -0.33866593865367084 0.7927225696110693
    outer loop
      vertex 1.6087867754835565 -1.2344655107321814 3.03486408490429
      vertex 1.9092938475809067 -1.4650526972310174 2.744215297298268
      vertex 1.7561534641421668 -1.0139156752607739 3.03486408490429
    endloop
  endfacet
  facet normal 0.5322004619635771 -0.46672727873592895 0.7063485793639778
    outer loop
      vertex 1.9404532457554629 -1.9404532457554629 2.4066122251152513
      vertex 2.177132372589886 -1.6705724258908847 2.4066122251152513
      vertex 1.9092938475809067 -1.4650526972310174 2.744215297298268
    endloop
  endfacet
  facet normal 0.5885675477331842 -0.3932682623678604 0.7063485793639778
    outer loop
      vertex 2.177132372589886 -1.6705724258908847 2.4066122251152513
      vertex 2.0841873240080018 -1.2033061125576257 2.744215297298268
      vertex 1.9092938475809067 -1.4650526972310174 2.744215297298268
    endloop
  endfacet
  facet normal 0.5885675477331843 -0.39326826236786033 0.7063485793639777
    outer loop
      vertex 2.177132372589886 -1.6705724258908847 2.4066122251152513
      vertex 2.3765601609141656 -1.372107648649134 2.4066122251152513
      vertex 2.0841873240080018 -1.2033061125576257 2.744215297298268
    endloop
  endfacet
  facet normal 0.634864079579323 -0.3130803169961175 0.7063485793639778
    outer loop
      vertex 2.0841873240080018 -1.2033061125576257 2.744215297298268
      vertex 2.3765601609141656 -1.372107648649134 2.4066122251152513
      vertex 2.223419777475426 -0.9209706266788905 2.744215297298268
    endloop
  endfacet
  facet normal 0.5068493954076015 -0.3386659386536709 0.7927225696110695
    outer loop
      vertex 1.9092938475809067 -1.4650526972310174 2.744215297298268
      vertex 2.0841873240080018 -1.2033061125576257 2.744215297298268
      vertex 1.7561534641421668 -1.0139156752607739 3.03486408490429
    endloop
  endfacet
  facet normal 0.5467180039743821 -0.2696114829889313 0.7927225696110693
    outer loop
      vertex 2.0841873240080018 -1.2033061125576257 2.744215297298268
      vertex 2.223419777475426 -0.9209706266788905 2.744215297298268
      vertex 1.8734718801315788 -0.7760174614751214 3.03486408490429
    endloop
  endfacet
  facet normal 0.546718003974382 -0.2696114829889313 0.7927225696110693
    outer loop
      vertex 2.0841873240080018 -1.2033061125576257 2.744215297298268
      vertex 1.8734718801315788 -0.7760174614751214 3.03486408490429
      vertex 1.7561534641421668 -1.0139156752607739 3.03486408490429
    endloop
  endfacet
  facet normal 0.4164032904624113 -0.27823178344628763 0.8655607282983526
    outer loop
      vertex 1.6087867754835565 -1.2344655107321814 3.03486408490429
      vertex 1.7561534641421668 -1.0139156752607739 3.03486408490429
      vertex 1.3980713316071338 -0.8071768596496773 3.273585506594312
    endloop
  endfacet
  facet normal 0.577232115914294 -0.19594390009982482 0.7927225696110693
    outer loop
      vertex 2.223419777475426 -0.9209706266788905 2.744215297298268
      vertex 1.9587346728274033 -0.524841373770942 3.03486408490429
      vertex 1.8734718801315788 -0.7760174614751214 3.03486408490429
    endloop
  endfacet
  facet normal 0.5772321159142939 -0.1959439000998251 0.7927225696110696
    outer loop
      vertex 2.223419777475426 -0.9209706266788905 2.744215297298268
      vertex 2.3246089021018226 -0.622877078036382 2.744215297298268
      vertex 1.9587346728274033 -0.524841373770942 3.03486408490429
    endloop
  endfacet
  facet normal 0.5978696263119346 -0.11892366275409855 0.7927225696110695
    outer loop
      vertex 2.3246089021018226 -0.622877078036382 2.744215297298268
      vertex 2.0104829722073028 -0.2646851046480223 3.03486408490429
      vertex 1.9587346728274033 -0.524841373770942 3.03486408490429
    endloop
  endfacet
  facet normal 0.5978696263119353 -0.11892366275409769 0.7927225696110691
    outer loop
      vertex 2.3246089021018226 -0.622877078036382 2.744215297298268
      vertex 2.3860233239099076 -0.3141259298945193 2.744215297298268
      vertex 2.0104829722073028 -0.2646851046480223 3.03486408490429
    endloop
  endfacet
  facet normal 0.6082774216426023 -0.03986860856678123 0.7927225696110695
    outer loop
      vertex 2.3860233239099076 -0.3141259298945193 2.744215297298268
      vertex 2.4066122251152513 0 2.744215297298268
      vertex 2.0278313505215477 0 3.03486408490429
    endloop
  endfacet
  facet normal 0.6082774216426025 -0.03986860856678055 0.7927225696110691
    outer loop
      vertex 2.3860233239099076 -0.3141259298945193 2.744215297298268
      vertex 2.0278313505215477 0 3.03486408490429
      vertex 2.0104829722073028 -0.2646851046480223 3.03486408490429
    endloop
  endfacet
  facet normal 0.4491574378359414 -0.22149993603673487 0.8655607282983527
    outer loop
      vertex 1.3980713316071338 -0.8071768596496773 3.273585506594312
      vertex 1.7561534641421668 -1.0139156752607739 3.03486408490429
      vertex 1.491468359494145 -0.6177864223528258 3.273585506594312
    endloop
  endfacet
  facet normal 0.47422637691813085 -0.16097816331020812 0.8655607282983526
    outer loop
      vertex 1.491468359494145 -0.6177864223528258 3.273585506594312
      vertex 1.8734718801315788 -0.7760174614751214 3.03486408490429
      vertex 1.55934595023706 -0.4178254880867618 3.273585506594312
    endloop
  endfacet
  facet normal 0.4491574378359415 -0.2214999360367348 0.8655607282983527
    outer loop
      vertex 1.491468359494145 -0.6177864223528258 3.273585506594312
      vertex 1.7561534641421668 -1.0139156752607739 3.03486408490429
      vertex 1.8734718801315788 -0.7760174614751214 3.03486408490429
    endloop
  endfacet
  facet normal 0.474226376918131 -0.16097816331020803 0.8655607282983527
    outer loop
      vertex 1.55934595023706 -0.4178254880867618 3.273585506594312
      vertex 1.8734718801315788 -0.7760174614751214 3.03486408490429
      vertex 1.9587346728274033 -0.524841373770942 3.03486408490429
    endloop
  endfacet
  facet normal 0.4911811712108596 -0.09770200957786535 0.8655607282983527
    outer loop
      vertex 1.600542699439044 -0.21071544387642274 3.273585506594312
      vertex 1.9587346728274033 -0.524841373770942 3.03486408490429
      vertex 2.0104829722073028 -0.2646851046480223 3.03486408490429
    endloop
  endfacet
  facet normal 0.4911811712108599 -0.0977020095778649 0.8655607282983527
    outer loop
      vertex 1.55934595023706 -0.4178254880867618 3.273585506594312
      vertex 1.9587346728274033 -0.524841373770942 3.03486408490429
      vertex 1.600542699439044 -0.21071544387642274 3.273585506594312
    endloop
  endfacet
  facet normal 0.4997317194830225 -0.0327541473735303 0.8655607282983527
    outer loop
      vertex 2.0104829722073028 -0.2646851046480223 3.03486408490429
      vertex 2.0278313505215477 0 3.03486408490429
      vertex 1.6143537192993547 0 3.273585506594312
    endloop
  endfacet
  facet normal 0.49973171948302236 -0.03275414737353058 0.8655607282983528
    outer loop
      vertex 1.600542699439044 -0.21071544387642274 3.273585506594312
      vertex 2.0104829722073028 -0.2646851046480223 3.03486408490429
      vertex 1.6143537192993547 0 3.273585506594312
    endloop
  endfacet
  facet normal 0.6348640795793234 -0.3130803169961172 0.7063485793639775
    outer loop
      vertex 2.3765601609141656 -1.372107648649134 2.4066122251152513
      vertex 2.5353243459782453 -1.0501657291188864 2.4066122251152513
      vertex 2.223419777475426 -0.9209706266788905 2.744215297298268
    endloop
  endfacet
  facet normal 0.6702979110062839 -0.22753548059830742 0.7063485793639774
    outer loop
      vertex 2.5353243459782453 -1.0501657291188864 2.4066122251152513
      vertex 2.3246089021018226 -0.622877078036382 2.744215297298268
      vertex 2.223419777475426 -0.9209706266788905 2.744215297298268
    endloop
  endfacet
  facet normal 0.6942627593342362 -0.1380974490427057 0.7063485793639777
    outer loop
      vertex 2.3246089021018226 -0.622877078036382 2.744215297298268
      vertex 2.6507084285579308 -0.7102551828024678 2.4066122251152513
      vertex 2.3860233239099076 -0.3141259298945193 2.744215297298268
    endloop
  endfacet
  facet normal 0.6702979110062836 -0.22753548059830783 0.7063485793639778
    outer loop
      vertex 2.5353243459782453 -1.0501657291188864 2.4066122251152513
      vertex 2.6507084285579308 -0.7102551828024678 2.4066122251152513
      vertex 2.3246089021018226 -0.622877078036382 2.744215297298268
    endloop
  endfacet
  facet normal 0.6942627593342359 -0.13809744904270624 0.7063485793639781
    outer loop
      vertex 2.3860233239099076 -0.3141259298945193 2.744215297298268
      vertex 2.6507084285579308 -0.7102551828024678 2.4066122251152513
      vertex 2.720738155009771 -0.3581919733883597 2.4066122251152513
    endloop
  endfacet
  facet normal 0.7063485793639777 -0.04629653184613961 0.7063485793639781
    outer loop
      vertex 2.3860233239099076 -0.3141259298945193 2.744215297298268
      vertex 2.720738155009771 -0.3581919733883597 2.4066122251152513
      vertex 2.4066122251152513 0 2.744215297298268
    endloop
  endfacet
  facet normal 0.7063485793639778 -0.04629653184613919 0.7063485793639779
    outer loop
      vertex 2.720738155009771 -0.3581919733883597 2.4066122251152513
      vertex 2.744215297298268 0 2.4066122251152513
      vertex 2.4066122251152513 0 2.744215297298268
    endloop
  endfacet
  facet normal -0.9639958278814478 0.0631836246987924 0.2583019035878063
    outer loop
      vertex -3.4837050718720124 0 1.0709581654461156
      vertex -3.4562949726571355 0 1.1732540483565397
      vertex -3.4510035522436238 0.08073147475329176 1.1732540483565397
    endloop
  endfacet
  facet normal -0.9221903271536543 0.06044354741636786 0.381983740596326
    outer loop
      vertex -3.4562949726571355 0 1.1732540483565397
      vertex -3.429945105439179 0.03140315505792468 1.2318991481281782
      vertex -3.4510035522436238 0.08073147475329176 1.1732540483565397
    endloop
  endfacet
  facet normal -0.9221903271536546 0.060443547416369245 0.3819837405963253
    outer loop
      vertex -3.4562949726571355 0 1.1732540483565397
      vertex -3.273585506594312 0 1.6143537192993547
      vertex -3.429945105439179 0.03140315505792468 1.2318991481281782
    endloop
  endfacet
  facet normal -0.9221903271536547 0.06044354741636859 0.3819837405963254
    outer loop
      vertex -3.429945105439179 0.03140315505792468 1.2318991481281782
      vertex -3.273585506594312 0 1.6143537192993547
      vertex -3.2455795287807123 0.4272886510825041 1.6143537192993547
    endloop
  endfacet
  facet normal -0.9221903271536547 0.06044354741636891 0.38198374059632506
    outer loop
      vertex -3.429945105439179 0.03140315505792468 1.2318991481281782
      vertex -3.2455795287807123 0.4272886510825041 1.6143537192993547
      vertex -3.3171001227238324 0.43670451590404985 1.4401978034098897
    endloop
  endfacet
  facet normal -0.864633616861439 0.05667108131556327 0.49919645144535135
    outer loop
      vertex -3.273585506594312 0 1.6143537192993547
      vertex -3.0089004019462897 0.39612925290794826 2.0278313505215477
      vertex -3.2455795287807123 0.4272886510825041 1.6143537192993547
    endloop
  endfacet
  facet normal -0.9064113949765937 0.1802964363946908 0.381983740596325
    outer loop
      vertex -3.3171001227238324 0.43670451590404985 1.4401978034098897
      vertex -3.2455795287807123 0.4272886510825041 1.6143537192993547
      vertex -3.2024244126495245 0.7250358475874197 1.5762199771647836
    endloop
  endfacet
  facet normal -0.9064113949765916 0.18029643639469115 0.38198374059633006
    outer loop
      vertex -3.2455795287807123 0.4272886510825041 1.6143537192993547
      vertex -3.162040785385029 0.8472662748781914 1.6143537192993547
      vertex -3.2024244126495245 0.7250358475874197 1.5762199771647836
    endloop
  endfacet
  facet normal -0.9064113949765933 0.18029643639469337 0.3819837405963249
    outer loop
      vertex -3.2024244126495245 0.7250358475874197 1.5762199771647836
      vertex -3.162040785385029 0.8472662748781914 1.6143537192993547
      vertex -3.199878056885455 0.8574047412205277 1.5197840830670752
    endloop
  endfacet
  facet normal -0.8751235125267676 0.29706440335868584 0.381983740596325
    outer loop
      vertex -3.199878056885455 0.8574047412205277 1.5197840830670752
      vertex -3.162040785385029 0.8472662748781914 1.6143537192993547
      vertex -3.1416038229195693 0.9074716248829046 1.6143537192993547
    endloop
  endfacet
  facet normal -0.8498394959552124 0.1690435860331857 0.49919645144535185
    outer loop
      vertex -3.2455795287807123 0.4272886510825041 1.6143537192993547
      vertex -2.9314535988861934 0.7854806244708638 2.0278313505215477
      vertex -3.162040785385029 0.8472662748781914 1.6143537192993547
    endloop
  endfacet
  facet normal -0.864633616861439 0.05667108131556297 0.4991964514453515
    outer loop
      vertex -3.273585506594312 0 1.6143537192993547
      vertex -3.03486408490429 0 2.0278313505215477
      vertex -3.0089004019462897 0.39612925290794826 2.0278313505215477
    endloop
  endfacet
  facet normal -0.792282932890597 0.05192896695106269 0.6079400765220773
    outer loop
      vertex -3.03486408490429 0 2.0278313505215477
      vertex -2.744215297298268 0 2.4066122251152513
      vertex -2.720738155009771 0.3581919733883597 2.4066122251152513
    endloop
  endfacet
  facet normal -0.7922829328905973 0.051928966951063 0.6079400765220772
    outer loop
      vertex -3.03486408490429 0 2.0278313505215477
      vertex -2.720738155009771 0.3581919733883597 2.4066122251152513
      vertex -3.0089004019462897 0.39612925290794826 2.0278313505215477
    endloop
  endfacet
  facet normal -0.8498394959552125 0.16904358603318648 0.4991964514453513
    outer loop
      vertex -3.2455795287807123 0.4272886510825041 1.6143537192993547
      vertex -3.0089004019462897 0.39612925290794826 2.0278313505215477
      vertex -2.9314535988861934 0.7854806244708638 2.0278313505215477
    endloop
  endfacet
  facet normal -0.778726752246511 0.1548983818312255 0.607940076522077
    outer loop
      vertex -3.0089004019462897 0.39612925290794826 2.0278313505215477
      vertex -2.720738155009771 0.3581919733883597 2.4066122251152513
      vertex -2.6507084285579308 0.7102551828024678 2.4066122251152513
    endloop
  endfacet
  facet normal -0.7787267522465112 0.15489838183122587 0.6079400765220769
    outer loop
      vertex -3.0089004019462897 0.39612925290794826 2.0278313505215477
      vertex -2.6507084285579308 0.7102551828024678 2.4066122251152513
      vertex -2.9314535988861934 0.7854806244708638 2.0278313505215477
    endloop
  endfacet
  facet normal -0.751846340967642 0.25521744245231276 0.6079400765220767
    outer loop
      vertex -2.9314535988861934 0.7854806244708638 2.0278313505215477
      vertex -2.6507084285579308 0.7102551828024678 2.4066122251152513
      vertex -2.5353243459782453 1.0501657291188864 2.4066122251152513
    endloop
  endfacet
  facet normal -0.8205043856531672 0.27852370812604327 0.49919645144535774
    outer loop
      vertex -3.162040785385029 0.8472662748781914 1.6143537192993547
      vertex -3.1339242927789073 0.8760750009884857 1.6444937417821228
      vertex -3.1416038229195693 0.9074716248829046 1.6143537192993547
    endloop
  endfacet
  facet normal -0.8205043856531717 0.2785237081260736 0.4991964514453333
    outer loop
      vertex -3.162040785385029 0.8472662748781914 1.6143537192993547
      vertex -2.8038488119966694 1.161392204772711 2.0278313505215477
      vertex -3.1339242927789073 0.8760750009884857 1.6444937417821228
    endloop
  endfacet
  facet normal -0.8751235125267666 0.29706440335868695 0.38198374059632645
    outer loop
      vertex -3.057698162671819 1.1546497293164693 1.6143537192993547
      vertex -3.0243986474680766 1.2527469378041225 1.6143537192993547
      vertex -3.034550289673017 1.2569518856857678 1.5878261998240528
    endloop
  endfacet
  facet normal -0.828862024147532 0.40874951601940107 0.38198374059632606
    outer loop
      vertex -3.034550289673017 1.2569518856857678 1.5878261998240528
      vertex -3.0243986474680766 1.2527469378041225 1.6143537192993547
      vertex -3.008223548440176 1.285546793940016 1.6143537192993547
    endloop
  endfacet
  facet normal -0.8205043856531694 0.2785237081260454 0.4991964514453529
    outer loop
      vertex -3.057698162671819 1.1546497293164693 1.6143537192993547
      vertex -2.961231571584432 1.2265822782776665 1.7327767181276075
      vertex -3.0243986474680766 1.2527469378041225 1.6143537192993547
    endloop
  endfacet
  facet normal -0.7771302178258089 0.38323821235150624 0.4991964514453529
    outer loop
      vertex -3.0243986474680766 1.2527469378041225 1.6143537192993547
      vertex -2.961231571584432 1.2265822782776665 1.7327767181276075
      vertex -3.008223548440176 1.285546793940016 1.6143537192993547
    endloop
  endfacet
  facet normal -0.8205043856531699 0.2785237081260459 0.4991964514453519
    outer loop
      vertex -3.1339242927789073 0.8760750009884857 1.6444937417821228
      vertex -2.8038488119966694 1.161392204772711 2.0278313505215477
      vertex -2.9349209946613217 1.2156840804822537 1.7821026901874117
    endloop
  endfacet
  facet normal -0.8205043856531697 0.2785237081260464 0.4991964514453518
    outer loop
      vertex -3.162040785385029 0.8472662748781914 1.6143537192993547
      vertex -2.9314535988861934 0.7854806244708638 2.0278313505215477
      vertex -2.8038488119966694 1.161392204772711 2.0278313505215477
    endloop
  endfacet
  facet normal -0.7771302178258085 0.38323821235150834 0.49919645144535196
    outer loop
      vertex -2.9349209946613217 1.2156840804822537 1.7821026901874117
      vertex -2.8038488119966694 1.161392204772711 2.0278313505215477
      vertex -2.6282693945601285 1.517432042452145 2.0278313505215477
    endloop
  endfacet
  facet normal -0.751846340967642 0.25521744245231204 0.6079400765220773
    outer loop
      vertex -2.9314535988861934 0.7854806244708638 2.0278313505215477
      vertex -2.5353243459782453 1.0501657291188864 2.4066122251152513
      vertex -2.8038488119966694 1.161392204772711 2.0278313505215477
    endloop
  endfacet
  facet normal -0.7121016303436299 0.35116966187339566 0.6079400765220773
    outer loop
      vertex -2.8038488119966694 1.161392204772711 2.0278313505215477
      vertex -2.5353243459782453 1.0501657291188864 2.4066122251152513
      vertex -2.3765601609141656 1.372107648649134 2.4066122251152513
    endloop
  endfacet
  facet normal -0.7771302178258087 0.38323821235150995 0.49919645144535046
    outer loop
      vertex -2.9349209946613217 1.2156840804822537 1.7821026901874117
      vertex -2.6282693945601285 1.517432042452145 2.0278313505215477
      vertex -2.6991517061428065 1.5420368345527518 1.8985950897401083
    endloop
  endfacet
  facet normal -0.7771302178258125 0.38323821235150207 0.4991964514453508
    outer loop
      vertex -2.7044289765396874 1.5614027976094127 1.8755121865624298
      vertex -2.6991517061428065 1.5420368345527518 1.8985950897401083
      vertex -2.6282693945601285 1.517432042452145 2.0278313505215477
    endloop
  endfacet
  facet normal -0.720459136510256 0.4813954045099156 0.4991964514453515
    outer loop
      vertex -2.7044289765396874 1.5614027976094127 1.8755121865624298
      vertex -2.6282693945601285 1.517432042452145 2.0278313505215477
      vertex -2.684323357244176 1.5609700717880601 1.9049466693114894
    endloop
  endfacet
  facet normal -0.7204591365102463 0.4813954045099295 0.499196451445352
    outer loop
      vertex -2.684323357244176 1.5609700717880601 1.9049466693114894
      vertex -2.6282693945601285 1.517432042452145 2.0278313505215477
      vertex -2.4763579045962723 1.7979634013799881 1.976547960887423
    endloop
  endfacet
  facet normal -0.7204591365102448 0.4813954045099292 0.4991964514453543
    outer loop
      vertex -2.6282693945601285 1.517432042452145 2.0278313505215477
      vertex -2.4077195590887213 1.847508197173579 2.0278313505215477
      vertex -2.4763579045962723 1.7979634013799881 1.976547960887423
    endloop
  endfacet
  facet normal -0.71210163034363 0.3511696618733956 0.6079400765220773
    outer loop
      vertex -2.8038488119966694 1.161392204772711 2.0278313505215477
      vertex -2.3765601609141656 1.372107648649134 2.4066122251152513
      vertex -2.6282693945601285 1.517432042452145 2.0278313505215477
    endloop
  endfacet
  facet normal -0.6601726633925676 0.4411132710172008 0.6079400765220774
    outer loop
      vertex -2.6282693945601285 1.517432042452145 2.0278313505215477
      vertex -2.3765601609141656 1.372107648649134 2.4066122251152513
      vertex -2.177132372589886 1.6705724258908847 2.4066122251152513
    endloop
  endfacet
  facet normal -0.6601726633925675 0.44111327101720116 0.6079400765220772
    outer loop
      vertex -2.6282693945601285 1.517432042452145 2.0278313505215477
      vertex -2.177132372589886 1.6705724258908847 2.4066122251152513
      vertex -2.4077195590887213 1.847508197173579 2.0278313505215477
    endloop
  endfacet
  facet normal -0.7063485793639779 0.046296531846139195 0.7063485793639779
    outer loop
      vertex -2.744215297298268 0 2.4066122251152513
      vertex -2.4066122251152513 0 2.744215297298268
      vertex -2.720738155009771 0.3581919733883597 2.4066122251152513
    endloop
  endfacet
  facet normal -0.7063485793639777 0.04629653184613965 0.7063485793639781
    outer loop
      vertex -2.720738155009771 0.3581919733883597 2.4066122251152513
      vertex -2.4066122251152513 0 2.744215297298268
      vertex -2.3860233239099076 0.3141259298945193 2.744215297298268
    endloop
  endfacet
  facet normal -0.6942627593342359 0.13809744904270624 0.706348579363978
    outer loop
      vertex -2.720738155009771 0.3581919733883597 2.4066122251152513
      vertex -2.3860233239099076 0.3141259298945193 2.744215297298268
      vertex -2.6507084285579308 0.7102551828024678 2.4066122251152513
    endloop
  endfacet
  facet normal -0.6942627593342362 0.1380974490427057 0.7063485793639777
    outer loop
      vertex -2.6507084285579308 0.7102551828024678 2.4066122251152513
      vertex -2.3860233239099076 0.3141259298945193 2.744215297298268
      vertex -2.3246089021018226 0.622877078036382 2.744215297298268
    endloop
  endfacet
  facet normal -0.6702979110062836 0.22753548059830783 0.7063485793639778
    outer loop
      vertex -2.6507084285579308 0.7102551828024678 2.4066122251152513
      vertex -2.3246089021018226 0.622877078036382 2.744215297298268
      vertex -2.5353243459782453 1.0501657291188864 2.4066122251152513
    endloop
  endfacet
  facet normal -0.6082774216426022 0.03986860856678122 0.7927225696110693
    outer loop
      vertex -2.4066122251152513 0 2.744215297298268
      vertex -2.0278313505215477 0 3.03486408490429
      vertex -2.3860233239099076 0.3141259298945193 2.744215297298268
    endloop
  endfacet
  facet normal -0.5978696263119353 0.11892366275409769 0.7927225696110691
    outer loop
      vertex -2.3860233239099076 0.3141259298945193 2.744215297298268
      vertex -2.0104829722073028 0.2646851046480223 3.03486408490429
      vertex -2.3246089021018226 0.622877078036382 2.744215297298268
    endloop
  endfacet
  facet normal -0.6082774216426025 0.03986860856678055 0.7927225696110691
    outer loop
      vertex -2.3860233239099076 0.3141259298945193 2.744215297298268
      vertex -2.0278313505215477 0 3.03486408490429
      vertex -2.0104829722073028 0.2646851046480223 3.03486408490429
    endloop
  endfacet
  facet normal -0.5978696263119346 0.11892366275409855 0.7927225696110695
    outer loop
      vertex -2.3246089021018226 0.622877078036382 2.744215297298268
      vertex -2.0104829722073028 0.2646851046480223 3.03486408490429
      vertex -1.9587346728274033 0.524841373770942 3.03486408490429
    endloop
  endfacet
  facet normal -0.5772321159142939 0.1959439000998251 0.7927225696110696
    outer loop
      vertex -2.3246089021018226 0.622877078036382 2.744215297298268
      vertex -1.9587346728274033 0.524841373770942 3.03486408490429
      vertex -2.223419777475426 0.9209706266788905 2.744215297298268
    endloop
  endfacet
  facet normal -0.577232115914294 0.19594390009982482 0.7927225696110693
    outer loop
      vertex -2.223419777475426 0.9209706266788905 2.744215297298268
      vertex -1.9587346728274033 0.524841373770942 3.03486408490429
      vertex -1.8734718801315788 0.7760174614751214 3.03486408490429
    endloop
  endfacet
  facet normal -0.4997317194830225 0.0327541473735303 0.8655607282983526
    outer loop
      vertex -2.0278313505215477 0 3.03486408490429
      vertex -1.6143537192993547 0 3.273585506594312
      vertex -2.0104829722073028 0.2646851046480223 3.03486408490429
    endloop
  endfacet
  facet normal -0.49118117121085964 0.09770200957786535 0.8655607282983528
    outer loop
      vertex -2.0104829722073028 0.2646851046480223 3.03486408490429
      vertex -1.600542699439044 0.21071544387642274 3.273585506594312
      vertex -1.9587346728274033 0.524841373770942 3.03486408490429
    endloop
  endfacet
  facet normal -0.49973171948302236 0.03275414737353064 0.8655607282983528
    outer loop
      vertex -2.0104829722073028 0.2646851046480223 3.03486408490429
      vertex -1.6143537192993547 0 3.273585506594312
      vertex -1.600542699439044 0.21071544387642274 3.273585506594312
    endloop
  endfacet
  facet normal -0.4911811712108599 0.09770200957786492 0.8655607282983527
    outer loop
      vertex -1.9587346728274033 0.524841373770942 3.03486408490429
      vertex -1.600542699439044 0.21071544387642274 3.273585506594312
      vertex -1.55934595023706 0.4178254880867618 3.273585506594312
    endloop
  endfacet
  facet normal -0.474226376918131 0.16097816331020803 0.8655607282983526
    outer loop
      vertex -1.9587346728274033 0.524841373770942 3.03486408490429
      vertex -1.55934595023706 0.4178254880867618 3.273585506594312
      vertex -1.8734718801315788 0.7760174614751214 3.03486408490429
    endloop
  endfacet
  facet normal -0.4742263769181309 0.16097816331020814 0.8655607282983526
    outer loop
      vertex -1.55934595023706 0.4178254880867618 3.273585506594312
      vertex -1.491468359494145 0.6177864223528258 3.273585506594312
      vertex -1.8734718801315788 0.7760174614751214 3.03486408490429
    endloop
  endfacet
  facet normal -0.4491574378359415 0.22149993603673476 0.8655607282983526
    outer loop
      vertex -1.8734718801315788 0.7760174614751214 3.03486408490429
      vertex -1.491468359494145 0.6177864223528258 3.273585506594312
      vertex -1.7561534641421668 1.0139156752607739 3.03486408490429
    endloop
  endfacet
  facet normal -0.6702979110062839 0.22753548059830742 0.7063485793639774
    outer loop
      vertex -2.3246089021018226 0.622877078036382 2.744215297298268
      vertex -2.223419777475426 0.9209706266788905 2.744215297298268
      vertex -2.5353243459782453 1.0501657291188864 2.4066122251152513
    endloop
  endfacet
  facet normal -0.6348640795793234 0.3130803169961172 0.7063485793639775
    outer loop
      vertex -2.223419777475426 0.9209706266788905 2.744215297298268
      vertex -2.3765601609141656 1.372107648649134 2.4066122251152513
      vertex -2.5353243459782453 1.0501657291188864 2.4066122251152513
    endloop
  endfacet
  facet normal -0.634864079579323 0.3130803169961175 0.7063485793639778
    outer loop
      vertex -2.223419777475426 0.9209706266788905 2.744215297298268
      vertex -2.0841873240080018 1.2033061125576257 2.744215297298268
      vertex -2.3765601609141656 1.372107648649134 2.4066122251152513
    endloop
  endfacet
  facet normal -0.5467180039743821 0.2696114829889313 0.7927225696110693
    outer loop
      vertex -2.223419777475426 0.9209706266788905 2.744215297298268
      vertex -1.8734718801315788 0.7760174614751214 3.03486408490429
      vertex -2.0841873240080018 1.2033061125576257 2.744215297298268
    endloop
  endfacet
  facet normal -0.5885675477331843 0.39326826236786033 0.7063485793639777
    outer loop
      vertex -2.3765601609141656 1.372107648649134 2.4066122251152513
      vertex -2.0841873240080018 1.2033061125576257 2.744215297298268
      vertex -2.177132372589886 1.6705724258908847 2.4066122251152513
    endloop
  endfacet
  facet normal -0.5885675477331842 0.3932682623678604 0.7063485793639779
    outer loop
      vertex -2.0841873240080018 1.2033061125576257 2.744215297298268
      vertex -1.9092938475809067 1.4650526972310174 2.744215297298268
      vertex -2.177132372589886 1.6705724258908847 2.4066122251152513
    endloop
  endfacet
  facet normal -0.5322004619635771 0.46672727873592895 0.7063485793639778
    outer loop
      vertex -2.177132372589886 1.6705724258908847 2.4066122251152513
      vertex -1.9092938475809067 1.4650526972310174 2.744215297298268
      vertex -1.9404532457554629 1.9404532457554629 2.4066122251152513
    endloop
  endfacet
  facet normal -0.546718003974382 0.2696114829889313 0.7927225696110693
    outer loop
      vertex -2.0841873240080018 1.2033061125576257 2.744215297298268
      vertex -1.8734718801315788 0.7760174614751214 3.03486408490429
      vertex -1.7561534641421668 1.0139156752607739 3.03486408490429
    endloop
  endfacet
  facet normal -0.5068493954076015 0.3386659386536709 0.7927225696110695
    outer loop
      vertex -2.0841873240080018 1.2033061125576257 2.744215297298268
      vertex -1.7561534641421668 1.0139156752607739 3.03486408490429
      vertex -1.9092938475809067 1.4650526972310174 2.744215297298268
    endloop
  endfacet
  facet normal -0.5068493954076018 0.33866593865367084 0.7927225696110693
    outer loop
      vertex -1.7561534641421668 1.0139156752607739 3.03486408490429
      vertex -1.6087867754835565 1.2344655107321814 3.03486408490429
      vertex -1.9092938475809067 1.4650526972310174 2.744215297298268
    endloop
  endfacet
  facet normal -0.5322004619635773 0.4667272787359289 0.7063485793639777
    outer loop
      vertex -1.9092938475809067 1.4650526972310174 2.744215297298268
      vertex -1.7017318240654404 1.7017318240654404 2.744215297298268
      vertex -1.9404532457554629 1.9404532457554629 2.4066122251152513
    endloop
  endfacet
  facet normal -0.4583084531601958 0.4019257262121098 0.7927225696110695
    outer loop
      vertex -1.9092938475809067 1.4650526972310174 2.744215297298268
      vertex -1.6087867754835565 1.2344655107321814 3.03486408490429
      vertex -1.7017318240654404 1.7017318240654404 2.744215297298268
    endloop
  endfacet
  facet normal -0.7204591365102447 0.48139540450993323 0.4991964514453506
    outer loop
      vertex -2.4627792464754505 1.8897569812551012 1.9076249164405286
      vertex -2.4763579045962723 1.7979634013799881 1.976547960887423
      vertex -2.4077195590887213 1.847508197173579 2.0278313505215477
    endloop
  endfacet
  facet normal -0.6514607996199848 0.5713157878291653 0.4991964514453505
    outer loop
      vertex -2.4627792464754505 1.8897569812551012 1.9076249164405286
      vertex -2.4077195590887213 1.847508197173579 2.0278313505215477
      vertex -2.3332647963560595 1.9435323839044394 2.015099339688822
    endloop
  endfacet
  facet normal -0.6514607996199774 0.5713157878291614 0.4991964514453645
    outer loop
      vertex -2.4077195590887213 1.847508197173579 2.0278313505215477
      vertex -2.2765685454359423 1.9970572662617216 2.0278313505215477
      vertex -2.3332647963560595 1.9435323839044394 2.015099339688822
    endloop
  endfacet
  facet normal -0.5969479591364133 0.5235093097941984 0.6079400765220805
    outer loop
      vertex -2.208198062497357 2.075018860242552 2.0278313505215477
      vertex -2.1877759586369674 2.077532780519299 2.045719417079007
      vertex -2.1459729744153297 2.1459729744153297 2.0278313505215477
    endloop
  endfacet
  facet normal -0.6514607996199824 0.5713157878291675 0.4991964514453511
    outer loop
      vertex -2.208198062497357 2.075018860242552 2.0278313505215477
      vertex -2.1459729744153297 2.1459729744153297 2.0278313505215477
      vertex -2.176908107275709 2.176908107275709 1.9520560598884142
    endloop
  endfacet
  facet normal -0.596947959136416 0.5235093097941993 0.6079400765220772
    outer loop
      vertex -2.4077195590887213 1.847508197173579 2.0278313505215477
      vertex -2.177132372589886 1.6705724258908847 2.4066122251152513
      vertex -2.2765685454359423 1.9970572662617216 2.0278313505215477
    endloop
  endfacet
  facet normal -0.5969479591364175 0.5235093097941982 0.6079400765220766
    outer loop
      vertex -2.2765685454359423 1.9970572662617216 2.0278313505215477
      vertex -2.177132372589886 1.6705724258908847 2.4066122251152513
      vertex -2.1877759586369674 2.077532780519299 2.045719417079007
    endloop
  endfacet
  facet normal -0.5969479591364162 0.5235093097941989 0.6079400765220773
    outer loop
      vertex -2.177132372589886 1.6705724258908847 2.4066122251152513
      vertex -1.9404532457554629 1.9404532457554629 2.4066122251152513
      vertex -2.1459729744153297 2.1459729744153297 2.0278313505215477
    endloop
  endfacet
  facet normal -0.5969479591364157 0.5235093097941991 0.6079400765220775
    outer loop
      vertex -2.177132372589886 1.6705724258908847 2.4066122251152513
      vertex -2.1459729744153297 2.1459729744153297 2.0278313505215477
      vertex -2.1877759586369674 2.077532780519299 2.045719417079007
    endloop
  endfacet
  facet normal -0.5235093097941976 0.5969479591364174 0.6079400765220772
    outer loop
      vertex -2.1459729744153297 2.1459729744153297 2.0278313505215477
      vertex -1.9404532457554629 1.9404532457554629 2.4066122251152513
      vertex -2.03427107811871 2.202839578413607 2.0681816751349396
    endloop
  endfacet
  facet normal -0.5713157878291664 0.6514607996199835 0.4991964514453511
    outer loop
      vertex -2.176908107275709 2.176908107275709 1.9520560598884142
      vertex -2.1459729744153297 2.1459729744153297 2.0278313505215477
      vertex -1.9991125325539596 2.2747661252724676 2.0278313505215477
    endloop
  endfacet
  facet normal -0.5235093097941972 0.596947959136414 0.6079400765220808
    outer loop
      vertex -2.1459729744153297 2.1459729744153297 2.0278313505215477
      vertex -2.03427107811871 2.202839578413607 2.0681816751349396
      vertex -1.9991125325539596 2.2747661252724676 2.0278313505215477
    endloop
  endfacet
  facet normal -0.523509309794199 0.5969479591364163 0.6079400765220768
    outer loop
      vertex -2.03427107811871 2.202839578413607 2.0681816751349396
      vertex -1.9404532457554629 1.9404532457554629 2.4066122251152513
      vertex -1.6705724258908847 2.177132372589886 2.4066122251152513
    endloop
  endfacet
  facet normal -0.5713157878291653 0.6514607996199838 0.49919645144535185
    outer loop
      vertex -1.8751229584375269 2.383502063429075 2.0278313505215477
      vertex -1.847508197173579 2.4077195590887213 2.0278313505215477
      vertex -1.859184457685859 2.4229363580482284 1.9946100006035499
    endloop
  endfacet
  facet normal -0.5235093097941997 0.5969479591364184 0.6079400765220744
    outer loop
      vertex -1.8751229584375269 2.383502063429075 2.0278313505215477
      vertex -1.8191418716891463 2.3667441737252473 2.09249267103885
      vertex -1.847508197173579 2.4077195590887213 2.0278313505215477
    endloop
  endfacet
  facet normal -0.48139540450993007 0.7204591365102461 0.4991964514453518
    outer loop
      vertex -1.859184457685859 2.4229363580482284 1.9946100006035499
      vertex -1.847508197173579 2.4077195590887213 2.0278313505215477
      vertex -1.605754531259471 2.569254194291207 2.0278313505215477
    endloop
  endfacet
  facet normal -0.4411132710172003 0.6601726633925661 0.6079400765220792
    outer loop
      vertex -1.847508197173579 2.4077195590887213 2.0278313505215477
      vertex -1.8033617517728202 2.3770167150006296 2.0932041772600556
      vertex -1.605754531259471 2.569254194291207 2.0278313505215477
    endloop
  endfacet
  facet normal -0.5235093097941999 0.5969479591364149 0.6079400765220776
    outer loop
      vertex -2.03427107811871 2.202839578413607 2.0681816751349396
      vertex -1.6705724258908847 2.177132372589886 2.4066122251152513
      vertex -1.8191418716891463 2.3667441737252473 2.09249267103885
    endloop
  endfacet
  facet normal -0.5235093097941068 0.5969479591364935 0.6079400765220805
    outer loop
      vertex -1.847508197173579 2.4077195590887213 2.0278313505215477
      vertex -1.8191418716891463 2.3667441737252473 2.09249267103885
      vertex -1.6705724258908847 2.177132372589886 2.4066122251152513
    endloop
  endfacet
  facet normal -0.4411132710171902 0.6601726633925753 0.6079400765220767
    outer loop
      vertex -1.847508197173579 2.4077195590887213 2.0278313505215477
      vertex -1.6705724258908847 2.177132372589886 2.4066122251152513
      vertex -1.8033617517728202 2.3770167150006296 2.0932041772600556
    endloop
  endfacet
  facet normal -0.44111327101720105 0.6601726633925681 0.6079400765220766
    outer loop
      vertex -1.8033617517728202 2.3770167150006296 2.0932041772600556
      vertex -1.6705724258908847 2.177132372589886 2.4066122251152513
      vertex -1.372107648649134 2.3765601609141656 2.4066122251152513
    endloop
  endfacet
  facet normal -0.466727278735929 0.5322004619635771 0.7063485793639778
    outer loop
      vertex -1.9404532457554629 1.9404532457554629 2.4066122251152513
      vertex -1.7017318240654404 1.7017318240654404 2.744215297298268
      vertex -1.6705724258908847 2.177132372589886 2.4066122251152513
    endloop
  endfacet
  facet normal -0.46672727873592884 0.5322004619635772 0.7063485793639779
    outer loop
      vertex -1.7017318240654404 1.7017318240654404 2.744215297298268
      vertex -1.4650526972310174 1.9092938475809067 2.744215297298268
      vertex -1.6705724258908847 2.177132372589886 2.4066122251152513
    endloop
  endfacet
  facet normal -0.38256311096124873 0.025074511037770492 0.9235890509462896
    outer loop
      vertex -1.6143537192993547 0 3.273585506594312
      vertex -1.1732540483565397 0 3.4562949726571355
      vertex -1.600542699439044 0.21071544387642274 3.273585506594312
    endloop
  endfacet
  facet normal -0.37601735006616915 0.07479450127748703 0.9235890509462896
    outer loop
      vertex -1.600542699439044 0.21071544387642274 3.273585506594312
      vertex -1.1632166973291114 0.15314038343873937 3.4562949726571355
      vertex -1.55934595023706 0.4178254880867618 3.273585506594312
    endloop
  endfacet
  facet normal -0.3825631109612488 0.025074511037770444 0.9235890509462897
    outer loop
      vertex -1.600542699439044 0.21071544387642274 3.273585506594312
      vertex -1.1732540483565397 0 3.4562949726571355
      vertex -1.1632166973291114 0.15314038343873937 3.4562949726571355
    endloop
  endfacet
  facet normal -0.37601735006616893 0.07479450127748737 0.9235890509462897
    outer loop
      vertex -1.55934595023706 0.4178254880867618 3.273585506594312
      vertex -1.1632166973291114 0.15314038343873937 3.4562949726571355
      vertex -1.133276386105785 0.3036604924583063 3.4562949726571355
    endloop
  endfacet
  facet normal -0.4491574378359414 0.22149993603673487 0.8655607282983527
    outer loop
      vertex -1.7561534641421668 1.0139156752607739 3.03486408490429
      vertex -1.491468359494145 0.6177864223528258 3.273585506594312
      vertex -1.3980713316071338 0.8071768596496773 3.273585506594312
    endloop
  endfacet
  facet normal -0.3630378280597522 0.12323473686339291 0.9235890509462897
    outer loop
      vertex -1.55934595023706 0.4178254880867618 3.273585506594312
      vertex -1.133276386105785 0.3036604924583063 3.4562949726571355
      vertex -1.491468359494145 0.6177864223528258 3.273585506594312
    endloop
  endfacet
  facet normal -0.3438466281621314 0.16956639193444212 0.9235890509462897
    outer loop
      vertex -1.491468359494145 0.6177864223528258 3.273585506594312
      vertex -1.0839454017126144 0.4489848862613176 3.4562949726571355
      vertex -1.3980713316071338 0.8071768596496773 3.273585506594312
    endloop
  endfacet
  facet normal -0.31877211712436127 0.21299671902680678 0.9235890509462896
    outer loop
      vertex -1.3980713316071338 0.8071768596496773 3.273585506594312
      vertex -1.0160678109696994 0.5866270241782698 3.4562949726571355
      vertex -1.280752915617722 0.9827562770862183 3.273585506594312
    endloop
  endfacet
  facet normal -0.3630378280597521 0.12323473686339294 0.9235890509462897
    outer loop
      vertex -1.491468359494145 0.6177864223528258 3.273585506594312
      vertex -1.133276386105785 0.3036604924583063 3.4562949726571355
      vertex -1.0839454017126144 0.4489848862613176 3.4562949726571355
    endloop
  endfacet
  facet normal -0.25878181247039156 0.016961456102913015 0.9657868722142624
    outer loop
      vertex -1.1732540483565397 0 3.4562949726571355
      vertex -0.7120796753588681 0 3.579866273471791
      vertex -1.1632166973291114 0.15314038343873937 3.4562949726571355
    endloop
  endfacet
  facet normal -0.25435398391114994 0.05059415309221433 0.9657868722142625
    outer loop
      vertex -1.1632166973291114 0.15314038343873937 3.4562949726571355
      vertex -0.7059877350232808 0.09294504858188353 3.579866273471791
      vertex -1.133276386105785 0.3036604924583063 3.4562949726571355
    endloop
  endfacet
  facet normal -0.2587818124703915 0.016961456102913223 0.9657868722142625
    outer loop
      vertex -1.1632166973291114 0.15314038343873937 3.4562949726571355
      vertex -0.7120796753588681 0 3.579866273471791
      vertex -0.7059877350232808 0.09294504858188353 3.579866273471791
    endloop
  endfacet
  facet normal -0.25435398391115 0.05059415309221414 0.9657868722142625
    outer loop
      vertex -1.133276386105785 0.3036604924583063 3.4562949726571355
      vertex -0.7059877350232808 0.09294504858188353 3.579866273471791
      vertex -0.6878161488046661 0.1842997816132952 3.579866273471791
    endloop
  endfacet
  facet normal -0.2455740881669414 0.0833611700947585 0.9657868722142625
    outer loop
      vertex -1.133276386105785 0.3036604924583063 3.4562949726571355
      vertex -0.6878161488046661 0.1842997816132952 3.579866273471791
      vertex -1.0839454017126144 0.4489848862613176 3.4562949726571355
    endloop
  endfacet
  facet normal -0.3438466281621317 0.16956639193444198 0.9235890509462897
    outer loop
      vertex -1.0839454017126144 0.4489848862613176 3.4562949726571355
      vertex -1.0160678109696994 0.5866270241782698 3.4562949726571355
      vertex -1.3980713316071338 0.8071768596496773 3.273585506594312
    endloop
  endfacet
  facet normal -0.3187721171243615 0.21299671902680678 0.9235890509462897
    outer loop
      vertex -1.280752915617722 0.9827562770862183 3.273585506594312
      vertex -1.0160678109696994 0.5866270241782698 3.4562949726571355
      vertex -0.9308050182738751 0.7142318110677938 3.4562949726571355
    endloop
  endfacet
  facet normal -0.23259235168819625 0.11470185436489858 0.9657868722142625
    outer loop
      vertex -1.0839454017126144 0.4489848862613176 3.4562949726571355
      vertex -0.6578758375813398 0.27250109428375047 3.579866273471791
      vertex -1.0160678109696994 0.5866270241782698 3.4562949726571355
    endloop
  endfacet
  facet normal -0.21563089558528334 0.144079958105493 0.9657868722142624
    outer loop
      vertex -0.6166790883793557 0.35603983767943403 3.579866273471791
      vertex -0.9308050182738751 0.7142318110677938 3.4562949726571355
      vertex -1.0160678109696994 0.5866270241782698 3.4562949726571355
    endloop
  endfacet
  facet normal -0.4583084531601954 0.40192572621211 0.7927225696110695
    outer loop
      vertex -1.7017318240654404 1.7017318240654404 2.744215297298268
      vertex -1.6087867754835565 1.2344655107321814 3.03486408490429
      vertex -1.4338932990564612 1.4338932990564612 3.03486408490429
    endloop
  endfacet
  facet normal -0.4019257262121097 0.45830845316019564 0.7927225696110696
    outer loop
      vertex -1.7017318240654404 1.7017318240654404 2.744215297298268
      vertex -1.4338932990564612 1.4338932990564612 3.03486408490429
      vertex -1.4650526972310174 1.9092938475809067 2.744215297298268
    endloop
  endfacet
  facet normal -0.4019257262121101 0.4583084531601956 0.7927225696110695
    outer loop
      vertex -1.4650526972310174 1.9092938475809067 2.744215297298268
      vertex -1.4338932990564612 1.4338932990564612 3.03486408490429
      vertex -1.2344655107321814 1.6087867754835565 3.03486408490429
    endloop
  endfacet
  facet normal -0.4164032904624113 0.27823178344628763 0.8655607282983527
    outer loop
      vertex -1.7561534641421668 1.0139156752607739 3.03486408490429
      vertex -1.3980713316071338 0.8071768596496773 3.273585506594312
      vertex -1.6087867754835565 1.2344655107321814 3.03486408490429
    endloop
  endfacet
  facet normal -0.4164032904624111 0.2782317834462878 0.8655607282983527
    outer loop
      vertex -1.3980713316071338 0.8071768596496773 3.273585506594312
      vertex -1.280752915617722 0.9827562770862183 3.273585506594312
      vertex -1.6087867754835565 1.2344655107321814 3.03486408490429
    endloop
  endfacet
  facet normal -0.3765243673402655 0.3302030079006517 0.8655607282983528
    outer loop
      vertex -1.280752915617722 0.9827562770862183 3.273585506594312
      vertex -1.4338932990564612 1.4338932990564612 3.03486408490429
      vertex -1.6087867754835565 1.2344655107321814 3.03486408490429
    endloop
  endfacet
  facet normal -0.37652436734026634 0.3302030079006514 0.8655607282983526
    outer loop
      vertex -1.280752915617722 0.9827562770862183 3.273585506594312
      vertex -1.1415204621502981 1.1415204621502981 3.273585506594312
      vertex -1.4338932990564612 1.4338932990564612 3.03486408490429
    endloop
  endfacet
  facet normal -0.33020300790065193 0.3765243673402658 0.8655607282983527
    outer loop
      vertex -1.4338932990564612 1.4338932990564612 3.03486408490429
      vertex -1.1415204621502981 1.1415204621502981 3.273585506594312
      vertex -1.2344655107321814 1.6087867754835565 3.03486408490429
    endloop
  endfacet
  facet normal -0.2882433267822654 0.2527826132027758 0.9235890509462896
    outer loop
      vertex -1.280752915617722 0.9827562770862183 3.273585506594312
      vertex -0.9308050182738751 0.7142318110677938 3.4562949726571355
      vertex -1.1415204621502981 1.1415204621502981 3.273585506594312
    endloop
  endfacet
  facet normal -0.2527826132027757 0.2882433267822653 0.9235890509462896
    outer loop
      vertex -1.1415204621502981 1.1415204621502981 3.273585506594312
      vertex -0.8296158936474788 0.8296158936474788 3.4562949726571355
      vertex -0.9827562770862183 1.280752915617722 3.273585506594312
    endloop
  endfacet
  facet normal -0.21299671902680684 0.3187721171243613 0.9235890509462896
    outer loop
      vertex -0.7142318110677938 0.9308050182738751 3.4562949726571355
      vertex -0.8071768596496773 1.3980713316071338 3.273585506594312
      vertex -0.9827562770862183 1.280752915617722 3.273585506594312
    endloop
  endfacet
  facet normal -0.28824332678226494 0.252782613202776 0.9235890509462897
    outer loop
      vertex -1.1415204621502981 1.1415204621502981 3.273585506594312
      vertex -0.9308050182738751 0.7142318110677938 3.4562949726571355
      vertex -0.8296158936474788 0.8296158936474788 3.4562949726571355
    endloop
  endfacet
  facet normal -0.2527826132027761 0.28824332678226516 0.9235890509462897
    outer loop
      vertex -0.8296158936474788 0.8296158936474788 3.4562949726571355
      vertex -0.7142318110677938 0.9308050182738751 3.4562949726571355
      vertex -0.9827562770862183 1.280752915617722 3.273585506594312
    endloop
  endfacet
  facet normal -0.3302030079006511 0.376524367340266 0.8655607282983528
    outer loop
      vertex -1.1415204621502981 1.1415204621502981 3.273585506594312
      vertex -0.9827562770862183 1.280752915617722 3.273585506594312
      vertex -1.2344655107321814 1.6087867754835565 3.03486408490429
    endloop
  endfacet
  facet normal -0.2782317834462875 0.4164032904624112 0.8655607282983527
    outer loop
      vertex -1.2344655107321814 1.6087867754835565 3.03486408490429
      vertex -0.9827562770862183 1.280752915617722 3.273585506594312
      vertex -1.0139156752607739 1.7561534641421668 3.03486408490429
    endloop
  endfacet
  facet normal -0.2782317834462879 0.4164032904624112 0.8655607282983527
    outer loop
      vertex -0.9827562770862183 1.280752915617722 3.273585506594312
      vertex -0.8071768596496773 1.3980713316071338 3.273585506594312
      vertex -1.0139156752607739 1.7561534641421668 3.03486408490429
    endloop
  endfacet
  facet normal -0.22149993603673482 0.4491574378359415 0.8655607282983527
    outer loop
      vertex -0.8071768596496773 1.3980713316071338 3.273585506594312
      vertex -0.7760174614751214 1.8734718801315788 3.03486408490429
      vertex -1.0139156752607739 1.7561534641421668 3.03486408490429
    endloop
  endfacet
  facet normal -0.24557408816694143 0.08336117009475842 0.9657868722142623
    outer loop
      vertex -1.0839454017126144 0.4489848862613176 3.4562949726571355
      vertex -0.6878161488046661 0.1842997816132952 3.579866273471791
      vertex -0.6578758375813398 0.27250109428375047 3.579866273471791
    endloop
  endfacet
  facet normal -0.2325923516881964 0.11470185436489841 0.9657868722142625
    outer loop
      vertex -0.6578758375813398 0.27250109428375047 3.579866273471791
      vertex -0.6166790883793557 0.35603983767943403 3.579866273471791
      vertex -1.0160678109696994 0.5866270241782698 3.4562949726571355
    endloop
  endfacet
  facet normal -0.13052141585032973 0.0085548255663784 0.9914085812438552
    outer loop
      vertex -0.7120796753588681 0 3.579866273471791
      vertex -0.23872142169002217 0 3.6421850698209024
      vertex -0.7059877350232808 0.09294504858188353 3.579866273471791
    endloop
  endfacet
  facet normal -0.12828815823775752 0.02551810126184847 0.9914085812438552
    outer loop
      vertex -0.7059877350232808 0.09294504858188353 3.579866273471791
      vertex -0.23667912683442296 0.031159398174555823 3.6421850698209024
      vertex -0.6878161488046661 0.1842997816132952 3.579866273471791
    endloop
  endfacet
  facet normal -0.12385985466954016 0.04204475516977423 0.9914085812438554
    outer loop
      vertex -0.6878161488046661 0.1842997816132952 3.579866273471791
      vertex -0.23058718649883578 0.06178565040732772 3.6421850698209024
      vertex -0.6578758375813398 0.27250109428375047 3.579866273471791
    endloop
  endfacet
  facet normal -0.11731227464748763 0.05785201165973658 0.9914085812438554
    outer loop
      vertex -0.6578758375813398 0.27250109428375047 3.579866273471791
      vertex -0.2205498354714074 0.09135473303141167 3.6421850698209024
      vertex -0.6166790883793557 0.35603983767943403 3.579866273471791
    endloop
  endfacet
  facet normal -0.10875744908110929 0.07266940419059303 0.9914085812438552
    outer loop
      vertex -0.6166790883793557 0.35603983767943403 3.579866273471791
      vertex -0.2067388156110967 0.11936071084501108 3.6421850698209024
      vertex -0.5649307889994564 0.4334866407395304 3.579866273471791
    endloop
  endfacet
  facet normal -0.21563089558528337 0.14407995810549304 0.9657868722142625
    outer loop
      vertex -0.6166790883793557 0.35603983767943403 3.579866273471791
      vertex -0.5649307889994564 0.4334866407395304 3.579866273471791
      vertex -0.9308050182738751 0.7142318110677938 3.4562949726571355
    endloop
  endfacet
  facet normal -0.19497993507472722 0.17099281381639156 0.9657868722142624
    outer loop
      vertex -0.9308050182738751 0.7142318110677938 3.4562949726571355
      vertex -0.5649307889994564 0.4334866407395304 3.579866273471791
      vertex -0.8296158936474788 0.8296158936474788 3.4562949726571355
    endloop
  endfacet
  facet normal -0.17099281381639156 0.19497993507472722 0.9657868722142624
    outer loop
      vertex -0.8296158936474788 0.8296158936474788 3.4562949726571355
      vertex -0.5035163671913709 0.5035163671913709 3.579866273471791
      vertex -0.7142318110677938 0.9308050182738751 3.4562949726571355
    endloop
  endfacet
  facet normal -0.19497993507472716 0.17099281381639153 0.9657868722142623
    outer loop
      vertex -0.8296158936474788 0.8296158936474788 3.4562949726571355
      vertex -0.5649307889994564 0.4334866407395304 3.579866273471791
      vertex -0.5035163671913709 0.5035163671913709 3.579866273471791
    endloop
  endfacet
  facet normal -0.17099281381639164 0.19497993507472713 0.9657868722142625
    outer loop
      vertex -0.7142318110677938 0.9308050182738751 3.4562949726571355
      vertex -0.5035163671913709 0.5035163671913709 3.579866273471791
      vertex -0.4334866407395304 0.5649307889994564 3.579866273471791
    endloop
  endfacet
  facet normal -0.14407995810549296 0.21563089558528334 0.9657868722142624
    outer loop
      vertex -0.7142318110677938 0.9308050182738751 3.4562949726571355
      vertex -0.4334866407395304 0.5649307889994564 3.579866273471791
      vertex -0.5866270241782698 1.0160678109696994 3.4562949726571355
    endloop
  endfacet
  facet normal -0.144079958105493 0.21563089558528337 0.9657868722142623
    outer loop
      vertex -0.5866270241782698 1.0160678109696994 3.4562949726571355
      vertex -0.4334866407395304 0.5649307889994564 3.579866273471791
      vertex -0.35603983767943403 0.6166790883793557 3.579866273471791
    endloop
  endfacet
  facet normal -0.13052141585032973 0.008554825566378469 0.9914085812438553
    outer loop
      vertex -0.7059877350232808 0.09294504858188353 3.579866273471791
      vertex -0.23872142169002217 0 3.6421850698209024
      vertex -0.23667912683442296 0.031159398174555823 3.6421850698209024
    endloop
  endfacet
  facet normal -0.12828815823775763 0.025518101261848343 0.9914085812438553
    outer loop
      vertex -0.6878161488046661 0.1842997816132952 3.579866273471791
      vertex -0.23667912683442296 0.031159398174555823 3.6421850698209024
      vertex -0.23058718649883578 0.06178565040732772 3.6421850698209024
    endloop
  endfacet
  facet normal -0.12385985466954004 0.04204475516977455 0.9914085812438553
    outer loop
      vertex -0.6578758375813398 0.27250109428375047 3.579866273471791
      vertex -0.23058718649883578 0.06178565040732772 3.6421850698209024
      vertex -0.2205498354714074 0.09135473303141167 3.6421850698209024
    endloop
  endfacet
  facet normal -0.11731227464748768 0.057852011659736545 0.9914085812438553
    outer loop
      vertex -0.6166790883793557 0.35603983767943403 3.579866273471791
      vertex -0.2205498354714074 0.09135473303141167 3.6421850698209024
      vertex -0.2067388156110967 0.11936071084501108 3.6421850698209024
    endloop
  endfacet
  facet normal -0.0983417534076916 0.08624340306798331 0.9914085812438552
    outer loop
      vertex -0.5649307889994564 0.4334866407395304 3.579866273471791
      vertex -0.1893904372968516 0.1453243938030113 3.6421850698209024
      vertex -0.5035163671913709 0.5035163671913709 3.579866273471791
    endloop
  endfacet
  facet normal -0.08624340306798334 0.09834175340769163 0.9914085812438554
    outer loop
      vertex -0.5035163671913709 0.5035163671913709 3.579866273471791
      vertex -0.16880153609150805 0.16880153609150805 3.6421850698209024
      vertex -0.4334866407395304 0.5649307889994564 3.579866273471791
    endloop
  endfacet
  facet normal -0.10875744908110908 0.07266940419059334 0.9914085812438553
    outer loop
      vertex -0.5649307889994564 0.4334866407395304 3.579866273471791
      vertex -0.2067388156110967 0.11936071084501108 3.6421850698209024
      vertex -0.1893904372968516 0.1453243938030113 3.6421850698209024
    endloop
  endfacet
  facet normal -0.09834175340769179 0.08624340306798321 0.9914085812438553
    outer loop
      vertex -0.5035163671913709 0.5035163671913709 3.579866273471791
      vertex -0.1893904372968516 0.1453243938030113 3.6421850698209024
      vertex -0.16880153609150805 0.16880153609150805 3.6421850698209024
    endloop
  endfacet
  facet normal -0.08624340306798324 0.09834175340769169 0.9914085812438553
    outer loop
      vertex -0.16880153609150805 0.16880153609150805 3.6421850698209024
      vertex -0.1453243938030113 0.1893904372968516 3.6421850698209024
      vertex -0.4334866407395304 0.5649307889994564 3.579866273471791
    endloop
  endfacet
  facet normal 0 0 1
    outer loop
      vertex -0.23667912683442296 -0.031159398174555823 3.6421850698209024
      vertex -0.23667912683442296 0.031159398174555823 3.6421850698209024
      vertex -0.23872142169002217 0 3.6421850698209024
    endloop
  endfacet
  facet normal 0 0 1
    outer loop
      vertex -0.23058718649883578 -0.06178565040732772 3.6421850698209024
      vertex -0.23058718649883578 0.06178565040732772 3.6421850698209024
      vertex -0.23667912683442296 0.031159398174555823 3.6421850698209024
    endloop
  endfacet
  facet normal 0 0 1
    outer loop
      vertex -0.2205498354714074 -0.09135473303141167 3.6421850698209024
      vertex -0.2205498354714074 0.09135473303141167 3.6421850698209024
      vertex -0.23058718649883578 0.06178565040732772 3.6421850698209024
    endloop
  endfacet
  facet normal 0 0 1
    outer loop
      vertex -0.2067388156110967 -0.11936071084501108 3.6421850698209024
      vertex -0.2067388156110967 0.11936071084501108 3.6421850698209024
      vertex -0.2205498354714074 0.09135473303141167 3.6421850698209024
    endloop
  endfacet
  facet normal 0 0 1
    outer loop
      vertex -0.1893904372968516 -0.1453243938030113 3.6421850698209024
      vertex -0.1893904372968516 0.1453243938030113 3.6421850698209024
      vertex -0.2067388156110967 0.11936071084501108 3.6421850698209024
    endloop
  endfacet
  facet normal 0 0 1
    outer loop
      vertex -0.16880153609150805 -0.16880153609150805 3.6421850698209024
      vertex -0.16880153609150805 0.16880153609150805 3.6421850698209024
      vertex -0.1893904372968516 0.1453243938030113 3.6421850698209024
    endloop
  endfacet
  facet normal 0 0 1
    outer loop
      vertex -0.1453243938030113 -0.1893904372968516 3.6421850698209024
      vertex -0.1453243938030113 0.1893904372968516 3.6421850698209024
      vertex -0.16880153609150805 0.16880153609150805 3.6421850698209024
    endloop
  endfacet
  facet normal 0 0 1
    outer loop
      vertex -0.11936071084501108 -0.2067388156110967 3.6421850698209024
      vertex -0.11936071084501108 0.2067388156110967 3.6421850698209024
      vertex -0.1453243938030113 0.1893904372968516 3.6421850698209024
    endloop
  endfacet
  facet normal 0 0 1
    outer loop
      vertex -0.09135473303141167 -0.2205498354714074 3.6421850698209024
      vertex -0.09135473303141167 0.2205498354714074 3.6421850698209024
      vertex -0.11936071084501108 0.2067388156110967 3.6421850698209024
    endloop
  endfacet
  facet normal 0 0 1
    outer loop
      vertex -0.06178565040732772 -0.23058718649883578 3.6421850698209024
      vertex -0.06178565040732772 0.23058718649883578 3.6421850698209024
      vertex -0.09135473303141167 0.2205498354714074 3.6421850698209024
    endloop
  endfacet
  facet normal -0.07266940419059312 0.10875744908110925 0.9914085812438553
    outer loop
      vertex -0.1453243938030113 0.1893904372968516 3.6421850698209024
      vertex -0.11936071084501108 0.2067388156110967 3.6421850698209024
      vertex -0.35603983767943403 0.6166790883793557 3.579866273471791
    endloop
  endfacet
  facet normal -0.05785201165973658 0.11731227464748763 0.9914085812438553
    outer loop
      vertex -0.11936071084501108 0.2067388156110967 3.6421850698209024
      vertex -0.09135473303141167 0.2205498354714074 3.6421850698209024
      vertex -0.27250109428375047 0.6578758375813398 3.579866273471791
    endloop
  endfacet
  facet normal -0.042044755169774496 0.12385985466954011 0.9914085812438553
    outer loop
      vertex -0.1842997816132952 0.6878161488046661 3.579866273471791
      vertex -0.09135473303141167 0.2205498354714074 3.6421850698209024
      vertex -0.06178565040732772 0.23058718649883578 3.6421850698209024
    endloop
  endfacet
  facet normal -0.025518101261848496 0.12828815823775752 0.9914085812438553
    outer loop
      vertex -0.06178565040732772 0.23058718649883578 3.6421850698209024
      vertex -0.031159398174555823 0.23667912683442296 3.6421850698209024
      vertex -0.09294504858188353 0.7059877350232808 3.579866273471791
    endloop
  endfacet
  facet normal -0.07266940419059299 0.10875744908110932 0.9914085812438554
    outer loop
      vertex -0.1453243938030113 0.1893904372968516 3.6421850698209024
      vertex -0.35603983767943403 0.6166790883793557 3.579866273471791
      vertex -0.4334866407395304 0.5649307889994564 3.579866273471791
    endloop
  endfacet
  facet normal -0.05785201165973657 0.11731227464748763 0.9914085812438552
    outer loop
      vertex -0.11936071084501108 0.2067388156110967 3.6421850698209024
      vertex -0.27250109428375047 0.6578758375813398 3.579866273471791
      vertex -0.35603983767943403 0.6166790883793557 3.579866273471791
    endloop
  endfacet
  facet normal -0.11470185436489838 0.2325923516881963 0.9657868722142623
    outer loop
      vertex -0.35603983767943403 0.6166790883793557 3.579866273471791
      vertex -0.27250109428375047 0.6578758375813398 3.579866273471791
      vertex -0.4489848862613176 1.0839454017126144 3.4562949726571355
    endloop
  endfacet
  facet normal -0.08336117009475846 0.2455740881669414 0.9657868722142623
    outer loop
      vertex -0.27250109428375047 0.6578758375813398 3.579866273471791
      vertex -0.1842997816132952 0.6878161488046661 3.579866273471791
      vertex -0.3036604924583063 1.133276386105785 3.4562949726571355
    endloop
  endfacet
  facet normal -0.04204475516977422 0.12385985466954014 0.9914085812438552
    outer loop
      vertex -0.27250109428375047 0.6578758375813398 3.579866273471791
      vertex -0.09135473303141167 0.2205498354714074 3.6421850698209024
      vertex -0.1842997816132952 0.6878161488046661 3.579866273471791
    endloop
  endfacet
  facet normal -0.02551810126184847 0.12828815823775752 0.9914085812438552
    outer loop
      vertex -0.1842997816132952 0.6878161488046661 3.579866273471791
      vertex -0.06178565040732772 0.23058718649883578 3.6421850698209024
      vertex -0.09294504858188353 0.7059877350232808 3.579866273471791
    endloop
  endfacet
  facet normal -0.05059415309221419 0.25435398391115 0.9657868722142625
    outer loop
      vertex -0.1842997816132952 0.6878161488046661 3.579866273471791
      vertex -0.09294504858188353 0.7059877350232808 3.579866273471791
      vertex -0.15314038343873937 1.1632166973291114 3.4562949726571355
    endloop
  endfacet
  facet normal -0.21299671902680667 0.31877211712436143 0.9235890509462897
    outer loop
      vertex -0.7142318110677938 0.9308050182738751 3.4562949726571355
      vertex -0.5866270241782698 1.0160678109696994 3.4562949726571355
      vertex -0.8071768596496773 1.3980713316071338 3.273585506594312
    endloop
  endfacet
  facet normal -0.11470185436489858 0.23259235168819625 0.9657868722142623
    outer loop
      vertex -0.5866270241782698 1.0160678109696994 3.4562949726571355
      vertex -0.35603983767943403 0.6166790883793557 3.579866273471791
      vertex -0.4489848862613176 1.0839454017126144 3.4562949726571355
    endloop
  endfacet
  facet normal -0.16956639193444192 0.3438466281621315 0.9235890509462897
    outer loop
      vertex -0.5866270241782698 1.0160678109696994 3.4562949726571355
      vertex -0.4489848862613176 1.0839454017126144 3.4562949726571355
      vertex -0.6177864223528258 1.491468359494145 3.273585506594312
    endloop
  endfacet
  facet normal -0.16956639193444215 0.3438466281621315 0.9235890509462897
    outer loop
      vertex -0.5866270241782698 1.0160678109696994 3.4562949726571355
      vertex -0.6177864223528258 1.491468359494145 3.273585506594312
      vertex -0.8071768596496773 1.3980713316071338 3.273585506594312
    endloop
  endfacet
  facet normal -0.22149993603673493 0.44915743783594153 0.8655607282983527
    outer loop
      vertex -0.8071768596496773 1.3980713316071338 3.273585506594312
      vertex -0.6177864223528258 1.491468359494145 3.273585506594312
      vertex -0.7760174614751214 1.8734718801315788 3.03486408490429
    endloop
  endfacet
  facet normal -0.12323473686339291 0.3630378280597522 0.9235890509462897
    outer loop
      vertex -0.6177864223528258 1.491468359494145 3.273585506594312
      vertex -0.4489848862613176 1.0839454017126144 3.4562949726571355
      vertex -0.4178254880867618 1.55934595023706 3.273585506594312
    endloop
  endfacet
  facet normal -0.16097816331020814 0.4742263769181309 0.8655607282983526
    outer loop
      vertex -0.6177864223528258 1.491468359494145 3.273585506594312
      vertex -0.4178254880867618 1.55934595023706 3.273585506594312
      vertex -0.524841373770942 1.9587346728274033 3.03486408490429
    endloop
  endfacet
  facet normal -0.08336117009475848 0.2455740881669414 0.9657868722142625
    outer loop
      vertex -0.27250109428375047 0.6578758375813398 3.579866273471791
      vertex -0.3036604924583063 1.133276386105785 3.4562949726571355
      vertex -0.4489848862613176 1.0839454017126144 3.4562949726571355
    endloop
  endfacet
  facet normal -0.123234736863393 0.36303782805975215 0.9235890509462897
    outer loop
      vertex -0.4489848862613176 1.0839454017126144 3.4562949726571355
      vertex -0.3036604924583063 1.133276386105785 3.4562949726571355
      vertex -0.4178254880867618 1.55934595023706 3.273585506594312
    endloop
  endfacet
  facet normal -0.05059415309221431 0.25435398391114994 0.9657868722142623
    outer loop
      vertex -0.1842997816132952 0.6878161488046661 3.579866273471791
      vertex -0.15314038343873937 1.1632166973291114 3.4562949726571355
      vertex -0.3036604924583063 1.133276386105785 3.4562949726571355
    endloop
  endfacet
  facet normal -0.016961456102913015 0.2587818124703915 0.9657868722142624
    outer loop
      vertex -0.15314038343873937 1.1632166973291114 3.4562949726571355
      vertex -0.09294504858188353 0.7059877350232808 3.579866273471791
      vertex 0 1.1732540483565397 3.4562949726571355
    endloop
  endfacet
  facet normal -0.074794501277487 0.376017350066169 0.9235890509462897
    outer loop
      vertex -0.3036604924583063 1.133276386105785 3.4562949726571355
      vertex -0.21071544387642274 1.600542699439044 3.273585506594312
      vertex -0.4178254880867618 1.55934595023706 3.273585506594312
    endloop
  endfacet
  facet normal -0.0977020095778649 0.49118117121085964 0.8655607282983527
    outer loop
      vertex -0.2646851046480223 2.0104829722073028 3.03486408490429
      vertex -0.4178254880867618 1.55934595023706 3.273585506594312
      vertex -0.21071544387642274 1.600542699439044 3.273585506594312
    endloop
  endfacet
  facet normal -0.02507451103777046 0.38256311096124873 0.9235890509462896
    outer loop
      vertex -0.15314038343873937 1.1632166973291114 3.4562949726571355
      vertex 0 1.6143537192993547 3.273585506594312
      vertex -0.21071544387642274 1.600542699439044 3.273585506594312
    endloop
  endfacet
  facet normal -0.07479450127748735 0.376017350066169 0.9235890509462895
    outer loop
      vertex -0.3036604924583063 1.133276386105785 3.4562949726571355
      vertex -0.15314038343873937 1.1632166973291114 3.4562949726571355
      vertex -0.21071544387642274 1.600542699439044 3.273585506594312
    endloop
  endfacet
  facet normal -0.44111327101720116 0.6601726633925679 0.6079400765220767
    outer loop
      vertex -1.8033617517728202 2.3770167150006296 2.0932041772600556
      vertex -1.372107648649134 2.3765601609141656 2.4066122251152513
      vertex -1.4880484344605305 2.577375492608965 2.104418277482131
    endloop
  endfacet
  facet normal -0.3511696618733958 0.7121016303436303 0.6079400765220767
    outer loop
      vertex -1.4880484344605305 2.577375492608965 2.104418277482131
      vertex -1.372107648649134 2.3765601609141656 2.4066122251152513
      vertex -1.0501657291188864 2.5353243459782453 2.4066122251152513
    endloop
  endfacet
  facet normal -0.35116966187339527 0.7121016303436306 0.6079400765220767
    outer loop
      vertex -1.4221621354061666 2.6752513134582805 2.0278313505215477
      vertex -1.1568759845243333 2.7502654467488035 2.0932041772600543
      vertex -1.161392204772711 2.8038488119966694 2.0278313505215477
    endloop
  endfacet
  facet normal -0.3832382123515087 0.7771302178258104 0.4991964514453489
    outer loop
      vertex -1.4221621354061666 2.6752513134582805 2.0278313505215477
      vertex -1.161392204772711 2.8038488119966694 2.0278313505215477
      vertex -1.1687322089797831 2.8215691497012587 1.9946100006035568
    endloop
  endfacet
  facet normal -0.3511696618733964 0.7121016303436295 0.6079400765220774
    outer loop
      vertex -1.4880484344605305 2.577375492608965 2.104418277482131
      vertex -1.0501657291188864 2.5353243459782453 2.4066122251152513
      vertex -1.1568759845243333 2.7502654467488035 2.0932041772600543
    endloop
  endfacet
  facet normal -0.2552174424523098 0.7518463409676422 0.6079400765220777
    outer loop
      vertex -1.161392204772711 2.8038488119966694 2.0278313505215477
      vertex -1.1400896428603073 2.7587951608333934 2.09249267103885
      vertex -1.126611857683451 2.815655148940865 2.0278313505215477
    endloop
  endfacet
  facet normal -0.27852370812604466 0.8205043856531719 0.49919645144534913
    outer loop
      vertex -1.161392204772711 2.8038488119966694 2.0278313505215477
      vertex -1.126611857683451 2.815655148940865 2.0278313505215477
      vertex -1.1687322089797831 2.8215691497012587 1.9946100006035568
    endloop
  endfacet
  facet normal -0.25521744245231226 0.7518463409676438 0.6079400765220747
    outer loop
      vertex -0.9704489858772594 2.8686653008518124 2.0278313505215477
      vertex -0.8905794963086251 2.8631502210415674 2.068181675134939
      vertex -0.7854806244708638 2.9314535988861934 2.0278313505215477
    endloop
  endfacet
  facet normal -0.27852370812604627 0.8205043856531704 0.4991964514453505
    outer loop
      vertex -0.9704489858772594 2.8686653008518124 2.0278313505215477
      vertex -0.7854806244708638 2.9314535988861934 2.0278313505215477
      vertex -0.7968036689672093 2.973711776242918 1.9520560598884138
    endloop
  endfacet
  facet normal -0.35116966187339127 0.7121016303436317 0.6079400765220777
    outer loop
      vertex -1.0501657291188864 2.5353243459782453 2.4066122251152513
      vertex -1.161392204772711 2.8038488119966694 2.0278313505215477
      vertex -1.1568759845243333 2.7502654467488035 2.0932041772600543
    endloop
  endfacet
  facet normal -0.25521744245228145 0.7518463409676532 0.6079400765220762
    outer loop
      vertex -1.0501657291188864 2.5353243459782453 2.4066122251152513
      vertex -1.1400896428603073 2.7587951608333934 2.09249267103885
      vertex -1.161392204772711 2.8038488119966694 2.0278313505215477
    endloop
  endfacet
  facet normal -0.2552174424523131 0.7518463409676417 0.6079400765220772
    outer loop
      vertex -1.0501657291188864 2.5353243459782453 2.4066122251152513
      vertex -0.8905794963086251 2.8631502210415674 2.068181675134939
      vertex -1.1400896428603073 2.7587951608333934 2.09249267103885
    endloop
  endfacet
  facet normal -0.2552174424523094 0.7518463409676415 0.6079400765220789
    outer loop
      vertex -1.0501657291188864 2.5353243459782453 2.4066122251152513
      vertex -0.7854806244708638 2.9314535988861934 2.0278313505215477
      vertex -0.8905794963086251 2.8631502210415674 2.068181675134939
    endloop
  endfacet
  facet normal -0.25521744245231276 0.751846340967642 0.6079400765220767
    outer loop
      vertex -1.0501657291188864 2.5353243459782453 2.4066122251152513
      vertex -0.7102551828024678 2.6507084285579308 2.4066122251152513
      vertex -0.7854806244708638 2.9314535988861934 2.0278313505215477
    endloop
  endfacet
  facet normal -0.169043586033187 0.8498394959552128 0.4991964514453505
    outer loop
      vertex -0.7854806244708638 2.9314535988861934 2.0278313505215477
      vertex -0.6929200150532036 2.949865048831564 2.0278313505215477
      vertex -0.7968036689672093 2.973711776242918 1.9520560598884138
    endloop
  endfacet
  facet normal -0.1548983818312264 0.7787267522465118 0.6079400765220758
    outer loop
      vertex -0.7854806244708638 2.9314535988861934 2.0278313505215477
      vertex -0.7053081858061476 2.933435948228117 2.0457194170790065
      vertex -0.6929200150532036 2.949865048831564 2.0278313505215477
    endloop
  endfacet
  facet normal -0.16904358603318587 0.8498394959552139 0.499196451445349
    outer loop
      vertex -0.591218052676983 2.970094826934975 2.0278313505215477
      vertex -0.39612925290794826 3.0089004019462897 2.0278313505215477
      vertex -0.516516019360945 2.992432779352492 2.015099339688822
    endloop
  endfacet
  facet normal -0.1548983818312266 0.7787267522465109 0.6079400765220768
    outer loop
      vertex -0.7854806244708638 2.9314535988861934 2.0278313505215477
      vertex -0.7102551828024678 2.6507084285579308 2.4066122251152513
      vertex -0.7053081858061476 2.933435948228117 2.0457194170790065
    endloop
  endfacet
  facet normal -0.15489838183122673 0.7787267522465109 0.6079400765220767
    outer loop
      vertex -0.7053081858061476 2.933435948228117 2.0457194170790065
      vertex -0.7102551828024678 2.6507084285579308 2.4066122251152513
      vertex -0.591218052676983 2.970094826934975 2.0278313505215477
    endloop
  endfacet
  facet normal -0.1548983818312255 0.778726752246511 0.607940076522077
    outer loop
      vertex -0.7102551828024678 2.6507084285579308 2.4066122251152513
      vertex -0.3581919733883597 2.720738155009771 2.4066122251152513
      vertex -0.39612925290794826 3.0089004019462897 2.0278313505215477
    endloop
  endfacet
  facet normal -0.15489838183122495 0.7787267522465109 0.6079400765220774
    outer loop
      vertex -0.591218052676983 2.970094826934975 2.0278313505215477
      vertex -0.7102551828024678 2.6507084285579308 2.4066122251152513
      vertex -0.39612925290794826 3.0089004019462897 2.0278313505215477
    endloop
  endfacet
  facet normal -0.051928966951063 0.7922829328905973 0.6079400765220772
    outer loop
      vertex -0.39612925290794826 3.0089004019462897 2.0278313505215477
      vertex -0.3581919733883597 2.720738155009771 2.4066122251152513
      vertex 0 3.03486408490429 2.0278313505215477
    endloop
  endfacet
  facet normal -0.05192896695106269 0.792282932890597 0.6079400765220773
    outer loop
      vertex -0.3581919733883597 2.720738155009771 2.4066122251152513
      vertex 0 2.744215297298268 2.4066122251152513
      vertex 0 3.03486408490429 2.0278313505215477
    endloop
  endfacet
  facet normal -0.1690435860331859 0.8498394959552119 0.49919645144535224
    outer loop
      vertex -0.4051879295081854 3.077707881988388 1.9076249164405295
      vertex -0.516516019360945 2.992432779352492 2.015099339688822
      vertex -0.39612925290794826 3.0089004019462897 2.0278313505215477
    endloop
  endfacet
  facet normal -0.05667108131556271 0.8646336168614386 0.4991964514453523
    outer loop
      vertex -0.4051879295081854 3.077707881988388 1.9076249164405295
      vertex -0.39612925290794826 3.0089004019462897 2.0278313505215477
      vertex -0.31890302837160917 3.043570554932767 1.9765479608874226
    endloop
  endfacet
  facet normal -0.05667108131556263 0.8646336168614396 0.4991964514453504
    outer loop
      vertex -0.31890302837160917 3.043570554932767 1.9765479608874226
      vertex 0 3.03486408490429 2.0278313505215477
      vertex -0.009678058093592698 3.105177255239417 1.9049466693114898
    endloop
  endfacet
  facet normal -0.056671081315562914 0.8646336168614386 0.49919645144535196
    outer loop
      vertex -0.39612925290794826 3.0089004019462897 2.0278313505215477
      vertex 0 3.03486408490429 2.0278313505215477
      vertex -0.31890302837160917 3.043570554932767 1.9765479608874226
    endloop
  endfacet
  facet normal -0.39326826236786033 0.5885675477331843 0.7063485793639778
    outer loop
      vertex -1.4650526972310174 1.9092938475809067 2.744215297298268
      vertex -1.372107648649134 2.3765601609141656 2.4066122251152513
      vertex -1.6705724258908847 2.177132372589886 2.4066122251152513
    endloop
  endfacet
  facet normal -0.3932682623678604 0.5885675477331842 0.7063485793639777
    outer loop
      vertex -1.4650526972310174 1.9092938475809067 2.744215297298268
      vertex -1.2033061125576257 2.0841873240080018 2.744215297298268
      vertex -1.372107648649134 2.3765601609141656 2.4066122251152513
    endloop
  endfacet
  facet normal -0.33866593865367095 0.5068493954076017 0.7927225696110695
    outer loop
      vertex -1.4650526972310174 1.9092938475809067 2.744215297298268
      vertex -1.2344655107321814 1.6087867754835565 3.03486408490429
      vertex -1.2033061125576257 2.0841873240080018 2.744215297298268
    endloop
  endfacet
  facet normal -0.33866593865367073 0.5068493954076017 0.7927225696110695
    outer loop
      vertex -1.2344655107321814 1.6087867754835565 3.03486408490429
      vertex -1.0139156752607739 1.7561534641421668 3.03486408490429
      vertex -1.2033061125576257 2.0841873240080018 2.744215297298268
    endloop
  endfacet
  facet normal -0.26961148298893123 0.5467180039743821 0.7927225696110695
    outer loop
      vertex -1.0139156752607739 1.7561534641421668 3.03486408490429
      vertex -0.9209706266788905 2.223419777475426 2.744215297298268
      vertex -1.2033061125576257 2.0841873240080018 2.744215297298268
    endloop
  endfacet
  facet normal -0.26961148298893134 0.5467180039743821 0.7927225696110695
    outer loop
      vertex -1.0139156752607739 1.7561534641421668 3.03486408490429
      vertex -0.7760174614751214 1.8734718801315788 3.03486408490429
      vertex -0.9209706266788905 2.223419777475426 2.744215297298268
    endloop
  endfacet
  facet normal -0.3130803169961171 0.6348640795793232 0.7063485793639778
    outer loop
      vertex -1.372107648649134 2.3765601609141656 2.4066122251152513
      vertex -1.2033061125576257 2.0841873240080018 2.744215297298268
      vertex -1.0501657291188864 2.5353243459782453 2.4066122251152513
    endloop
  endfacet
  facet normal -0.3130803169961176 0.6348640795793232 0.7063485793639775
    outer loop
      vertex -1.2033061125576257 2.0841873240080018 2.744215297298268
      vertex -0.9209706266788905 2.223419777475426 2.744215297298268
      vertex -1.0501657291188864 2.5353243459782453 2.4066122251152513
    endloop
  endfacet
  facet normal -0.22753548059830786 0.6702979110062837 0.7063485793639775
    outer loop
      vertex -1.0501657291188864 2.5353243459782453 2.4066122251152513
      vertex -0.9209706266788905 2.223419777475426 2.744215297298268
      vertex -0.7102551828024678 2.6507084285579308 2.4066122251152513
    endloop
  endfacet
  facet normal -0.19594390009982518 0.577232115914294 0.7927225696110695
    outer loop
      vertex -0.7760174614751214 1.8734718801315788 3.03486408490429
      vertex -0.622877078036382 2.3246089021018226 2.744215297298268
      vertex -0.9209706266788905 2.223419777475426 2.744215297298268
    endloop
  endfacet
  facet normal -0.19594390009982482 0.5772321159142939 0.7927225696110695
    outer loop
      vertex -0.7760174614751214 1.8734718801315788 3.03486408490429
      vertex -0.524841373770942 1.9587346728274033 3.03486408490429
      vertex -0.622877078036382 2.3246089021018226 2.744215297298268
    endloop
  endfacet
  facet normal -0.22753548059830728 0.6702979110062836 0.7063485793639778
    outer loop
      vertex -0.9209706266788905 2.223419777475426 2.744215297298268
      vertex -0.622877078036382 2.3246089021018226 2.744215297298268
      vertex -0.7102551828024678 2.6507084285579308 2.4066122251152513
    endloop
  endfacet
  facet normal -0.13809744904270632 0.6942627593342361 0.7063485793639778
    outer loop
      vertex -0.622877078036382 2.3246089021018226 2.744215297298268
      vertex -0.3581919733883597 2.720738155009771 2.4066122251152513
      vertex -0.7102551828024678 2.6507084285579308 2.4066122251152513
    endloop
  endfacet
  facet normal -0.11892366275409764 0.597869626311935 0.7927225696110696
    outer loop
      vertex -0.524841373770942 1.9587346728274033 3.03486408490429
      vertex -0.3141259298945193 2.3860233239099076 2.744215297298268
      vertex -0.622877078036382 2.3246089021018226 2.744215297298268
    endloop
  endfacet
  facet normal -0.11892366275409864 0.5978696263119352 0.7927225696110691
    outer loop
      vertex -0.524841373770942 1.9587346728274033 3.03486408490429
      vertex -0.2646851046480223 2.0104829722073028 3.03486408490429
      vertex -0.3141259298945193 2.3860233239099076 2.744215297298268
    endloop
  endfacet
  facet normal -0.03986860856678058 0.6082774216426021 0.7927225696110693
    outer loop
      vertex -0.2646851046480223 2.0104829722073028 3.03486408490429
      vertex 0 2.0278313505215477 3.03486408490429
      vertex 0 2.4066122251152513 2.744215297298268
    endloop
  endfacet
  facet normal -0.13809744904270568 0.6942627593342359 0.7063485793639781
    outer loop
      vertex -0.622877078036382 2.3246089021018226 2.744215297298268
      vertex -0.3141259298945193 2.3860233239099076 2.744215297298268
      vertex -0.3581919733883597 2.720738155009771 2.4066122251152513
    endloop
  endfacet
  facet normal -0.046296531846139626 0.7063485793639778 0.7063485793639778
    outer loop
      vertex -0.3141259298945193 2.3860233239099076 2.744215297298268
      vertex 0 2.4066122251152513 2.744215297298268
      vertex 0 2.744215297298268 2.4066122251152513
    endloop
  endfacet
  facet normal -0.03986860856678123 0.6082774216426025 0.7927225696110692
    outer loop
      vertex -0.2646851046480223 2.0104829722073028 3.03486408490429
      vertex 0 2.4066122251152513 2.744215297298268
      vertex -0.3141259298945193 2.3860233239099076 2.744215297298268
    endloop
  endfacet
  facet normal -0.16097816331020798 0.474226376918131 0.8655607282983527
    outer loop
      vertex -0.6177864223528258 1.491468359494145 3.273585506594312
      vertex -0.524841373770942 1.9587346728274033 3.03486408490429
      vertex -0.7760174614751214 1.8734718801315788 3.03486408490429
    endloop
  endfacet
  facet normal -0.09770200957786537 0.49118117121085975 0.8655607282983526
    outer loop
      vertex -0.524841373770942 1.9587346728274033 3.03486408490429
      vertex -0.4178254880867618 1.55934595023706 3.273585506594312
      vertex -0.2646851046480223 2.0104829722073028 3.03486408490429
    endloop
  endfacet
  facet normal -0.032754147373530294 0.49973171948302236 0.8655607282983527
    outer loop
      vertex -0.2646851046480223 2.0104829722073028 3.03486408490429
      vertex -0.21071544387642274 1.600542699439044 3.273585506594312
      vertex 0 2.0278313505215477 3.03486408490429
    endloop
  endfacet
  facet normal -0.03275414737353058 0.4997317194830224 0.8655607282983527
    outer loop
      vertex -0.21071544387642274 1.600542699439044 3.273585506594312
      vertex 0 1.6143537192993547 3.273585506594312
      vertex 0 2.0278313505215477 3.03486408490429
    endloop
  endfacet
  facet normal -0.04629653184613915 0.7063485793639777 0.7063485793639781
    outer loop
      vertex -0.3141259298945193 2.3860233239099076 2.744215297298268
      vertex 0 2.744215297298268 2.4066122251152513
      vertex -0.3581919733883597 2.720738155009771 2.4066122251152513
    endloop
  endfacet
  facet normal 0.4087495160194035 0.8288620241475301 0.38198374059632806
    outer loop
      vertex 1.6555862681004812 3.029022482169961 1.1732540483565397
      vertex 1.6877766226804454 2.986121172425386 1.2318991481281778
      vertex 1.7281474863285677 2.993239249293521 1.1732540483565397
    endloop
  endfacet
  facet normal 0.4272792898483883 0.866436688436941 0.25830190358780647
    outer loop
      vertex 1.6555862681004812 3.029022482169961 1.1732540483565397
      vertex 1.7281474863285677 2.993239249293521 1.1732540483565397
      vertex 1.7418525359360058 3.0169770915338554 1.070958165446119
    endloop
  endfacet
  facet normal 0.5367165380330587 0.8032530637381494 0.25830190358780647
    outer loop
      vertex 1.7418525359360058 3.0169770915338554 1.070958165446119
      vertex 1.7281474863285677 2.993239249293521 1.1732540483565397
      vertex 1.7954172841431437 2.948291007416671 1.1732540483565397
    endloop
  endfacet
  facet normal 0.5134408111342503 0.7684184767311645 0.3819837405963244
    outer loop
      vertex 1.7281474863285677 2.993239249293521 1.1732540483565397
      vertex 1.7421684827587343 2.9547180173674623 1.2318991481281771
      vertex 1.7954172841431437 2.948291007416671 1.1732540483565397
    endloop
  endfacet
  facet normal 0 0 1
    outer loop
      vertex -0.031159398174555823 -0.23667912683442296 3.6421850698209024
      vertex -0.031159398174555823 0.23667912683442296 3.6421850698209024
      vertex -0.06178565040732772 0.23058718649883578 3.6421850698209024
    endloop
  endfacet
  facet normal 0 0 1
    outer loop
      vertex 0 -0.23872142169002217 3.6421850698209024
      vertex 0 0.23872142169002217 3.6421850698209024
      vertex -0.031159398174555823 0.23667912683442296 3.6421850698209024
    endloop
  endfacet
  facet normal 0 0 1
    outer loop
      vertex 0.031159398174555823 -0.23667912683442296 3.6421850698209024
      vertex 0.031159398174555823 0.23667912683442296 3.6421850698209024
      vertex 0 0.23872142169002217 3.6421850698209024
    endloop
  endfacet
  facet normal 0 0 1
    outer loop
      vertex 0.06178565040732772 -0.23058718649883578 3.6421850698209024
      vertex 0.06178565040732772 0.23058718649883578 3.6421850698209024
      vertex 0.031159398174555823 0.23667912683442296 3.6421850698209024
    endloop
  endfacet
  facet normal 0 0 1
    outer loop
      vertex 0.09135473303141167 -0.2205498354714074 3.6421850698209024
      vertex 0.09135473303141167 0.2205498354714074 3.6421850698209024
      vertex 0.06178565040732772 0.23058718649883578 3.6421850698209024
    endloop
  endfacet
  facet normal 0 0 1
    outer loop
      vertex 0.11936071084501108 -0.2067388156110967 3.6421850698209024
      vertex 0.11936071084501108 0.2067388156110967 3.6421850698209024
      vertex 0.09135473303141167 0.2205498354714074 3.6421850698209024
    endloop
  endfacet
  facet normal 0 0 1
    outer loop
      vertex 0.1453243938030113 -0.1893904372968516 3.6421850698209024
      vertex 0.1453243938030113 0.1893904372968516 3.6421850698209024
      vertex 0.11936071084501108 0.2067388156110967 3.6421850698209024
    endloop
  endfacet
  facet normal -0.008554825566378337 0.13052141585032973 0.9914085812438553
    outer loop
      vertex -0.031159398174555823 0.23667912683442296 3.6421850698209024
      vertex 0 0.23872142169002217 3.6421850698209024
      vertex 0 0.7120796753588681 3.579866273471791
    endloop
  endfacet
  facet normal 0.008554825566378337 0.13052141585032975 0.9914085812438553
    outer loop
      vertex 0 0.23872142169002217 3.6421850698209024
      vertex 0.031159398174555823 0.23667912683442296 3.6421850698209024
      vertex 0 0.7120796753588681 3.579866273471791
    endloop
  endfacet
  facet normal 0.025518101261848492 0.12828815823775752 0.9914085812438553
    outer loop
      vertex 0.031159398174555823 0.23667912683442296 3.6421850698209024
      vertex 0.06178565040732772 0.23058718649883578 3.6421850698209024
      vertex 0.09294504858188353 0.7059877350232808 3.579866273471791
    endloop
  endfacet
  facet normal 0.04204475516977429 0.12385985466954015 0.9914085812438553
    outer loop
      vertex 0.06178565040732772 0.23058718649883578 3.6421850698209024
      vertex 0.09135473303141167 0.2205498354714074 3.6421850698209024
      vertex 0.1842997816132952 0.6878161488046661 3.579866273471791
    endloop
  endfacet
  facet normal 0 0 1
    outer loop
      vertex 0.16880153609150805 -0.16880153609150805 3.6421850698209024
      vertex 0.16880153609150805 0.16880153609150805 3.6421850698209024
      vertex 0.1453243938030113 0.1893904372968516 3.6421850698209024
    endloop
  endfacet
  facet normal 0 0 1
    outer loop
      vertex 0.1893904372968516 -0.1453243938030113 3.6421850698209024
      vertex 0.1893904372968516 0.1453243938030113 3.6421850698209024
      vertex 0.16880153609150805 0.16880153609150805 3.6421850698209024
    endloop
  endfacet
  facet normal 0 0 1
    outer loop
      vertex 0.2067388156110967 -0.11936071084501108 3.6421850698209024
      vertex 0.2067388156110967 0.11936071084501108 3.6421850698209024
      vertex 0.1893904372968516 0.1453243938030113 3.6421850698209024
    endloop
  endfacet
  facet normal 0 0 1
    outer loop
      vertex 0.23667912683442296 -0.031159398174555823 3.6421850698209024
      vertex 0.23872142169002217 0 3.6421850698209024
      vertex 0.23667912683442296 0.031159398174555823 3.6421850698209024
    endloop
  endfacet
  facet normal 0 0 1
    outer loop
      vertex 0.23667912683442296 -0.031159398174555823 3.6421850698209024
      vertex 0.23667912683442296 0.031159398174555823 3.6421850698209024
      vertex 0.23058718649883578 0.06178565040732772 3.6421850698209024
    endloop
  endfacet
  facet normal 0 0 1
    outer loop
      vertex 0.23058718649883578 -0.06178565040732772 3.6421850698209024
      vertex 0.23058718649883578 0.06178565040732772 3.6421850698209024
      vertex 0.2205498354714074 0.09135473303141167 3.6421850698209024
    endloop
  endfacet
  facet normal 0 0 1
    outer loop
      vertex 0.2205498354714074 -0.09135473303141167 3.6421850698209024
      vertex 0.2205498354714074 0.09135473303141167 3.6421850698209024
      vertex 0.2067388156110967 0.11936071084501108 3.6421850698209024
    endloop
  endfacet
  facet normal 0.05785201165973657 0.11731227464748761 0.9914085812438553
    outer loop
      vertex 0.09135473303141167 0.2205498354714074 3.6421850698209024
      vertex 0.11936071084501108 0.2067388156110967 3.6421850698209024
      vertex 0.27250109428375047 0.6578758375813398 3.579866273471791
    endloop
  endfacet
  facet normal 0.07266940419059312 0.10875744908110925 0.9914085812438553
    outer loop
      vertex 0.1453243938030113 0.1893904372968516 3.6421850698209024
      vertex 0.35603983767943403 0.6166790883793557 3.579866273471791
      vertex 0.11936071084501108 0.2067388156110967 3.6421850698209024
    endloop
  endfacet
  facet normal 0.08624340306798324 0.09834175340769169 0.9914085812438553
    outer loop
      vertex 0.1453243938030113 0.1893904372968516 3.6421850698209024
      vertex 0.16880153609150805 0.16880153609150805 3.6421850698209024
      vertex 0.4334866407395304 0.5649307889994564 3.579866273471791
    endloop
  endfacet
  facet normal 0.0983417534076917 0.08624340306798325 0.9914085812438553
    outer loop
      vertex 0.16880153609150805 0.16880153609150805 3.6421850698209024
      vertex 0.1893904372968516 0.1453243938030113 3.6421850698209024
      vertex 0.5035163671913709 0.5035163671913709 3.579866273471791
    endloop
  endfacet
  facet normal 0.10875744908110924 0.0726694041905931 0.9914085812438553
    outer loop
      vertex 0.2067388156110967 0.11936071084501108 3.6421850698209024
      vertex 0.5649307889994564 0.4334866407395304 3.579866273471791
      vertex 0.1893904372968516 0.1453243938030113 3.6421850698209024
    endloop
  endfacet
  facet normal -0.008554825566378396 0.13052141585032973 0.9914085812438552
    outer loop
      vertex -0.031159398174555823 0.23667912683442296 3.6421850698209024
      vertex 0 0.7120796753588681 3.579866273471791
      vertex -0.09294504858188353 0.7059877350232808 3.579866273471791
    endloop
  endfacet
  facet normal 0.008554825566378436 0.13052141585032973 0.9914085812438554
    outer loop
      vertex 0.031159398174555823 0.23667912683442296 3.6421850698209024
      vertex 0.09294504858188353 0.7059877350232808 3.579866273471791
      vertex 0 0.7120796753588681 3.579866273471791
    endloop
  endfacet
  facet normal 0.02551810126184851 0.12828815823775752 0.9914085812438552
    outer loop
      vertex 0.06178565040732772 0.23058718649883578 3.6421850698209024
      vertex 0.1842997816132952 0.6878161488046661 3.579866273471791
      vertex 0.09294504858188353 0.7059877350232808 3.579866273471791
    endloop
  endfacet
  facet normal -0.0169614561029132 0.25878181247039156 0.9657868722142623
    outer loop
      vertex -0.09294504858188353 0.7059877350232808 3.579866273471791
      vertex 0 0.7120796753588681 3.579866273471791
      vertex 0 1.1732540483565397 3.4562949726571355
    endloop
  endfacet
  facet normal 0.0169614561029132 0.25878181247039156 0.9657868722142623
    outer loop
      vertex 0 0.7120796753588681 3.579866273471791
      vertex 0.09294504858188353 0.7059877350232808 3.579866273471791
      vertex 0 1.1732540483565397 3.4562949726571355
    endloop
  endfacet
  facet normal 0.04204475516977425 0.12385985466954014 0.9914085812438552
    outer loop
      vertex 0.09135473303141167 0.2205498354714074 3.6421850698209024
      vertex 0.27250109428375047 0.6578758375813398 3.579866273471791
      vertex 0.1842997816132952 0.6878161488046661 3.579866273471791
    endloop
  endfacet
  facet normal 0.05785201165973656 0.1173122746474876 0.9914085812438552
    outer loop
      vertex 0.11936071084501108 0.2067388156110967 3.6421850698209024
      vertex 0.35603983767943403 0.6166790883793557 3.579866273471791
      vertex 0.27250109428375047 0.6578758375813398 3.579866273471791
    endloop
  endfacet
  facet normal 0.07266940419059299 0.10875744908110932 0.9914085812438554
    outer loop
      vertex 0.1453243938030113 0.1893904372968516 3.6421850698209024
      vertex 0.4334866407395304 0.5649307889994564 3.579866273471791
      vertex 0.35603983767943403 0.6166790883793557 3.579866273471791
    endloop
  endfacet
  facet normal 0.05059415309221419 0.25435398391115 0.9657868722142625
    outer loop
      vertex 0.09294504858188353 0.7059877350232808 3.579866273471791
      vertex 0.1842997816132952 0.6878161488046661 3.579866273471791
      vertex 0.15314038343873937 1.1632166973291114 3.4562949726571355
    endloop
  endfacet
  facet normal 0.08336117009475846 0.2455740881669414 0.9657868722142623
    outer loop
      vertex 0.1842997816132952 0.6878161488046661 3.579866273471791
      vertex 0.27250109428375047 0.6578758375813398 3.579866273471791
      vertex 0.3036604924583063 1.133276386105785 3.4562949726571355
    endloop
  endfacet
  facet normal 0.12828815823775752 0.025518101261848496 0.9914085812438553
    outer loop
      vertex 0.23058718649883578 0.06178565040732772 3.6421850698209024
      vertex 0.23667912683442296 0.031159398174555823 3.6421850698209024
      vertex 0.6878161488046661 0.1842997816132952 3.579866273471791
    endloop
  endfacet
  facet normal 0.13052141585032975 0.008554825566378337 0.9914085812438553
    outer loop
      vertex 0.23872142169002217 0 3.6421850698209024
      vertex 0.7059877350232808 0.09294504858188353 3.579866273471791
      vertex 0.23667912683442296 0.031159398174555823 3.6421850698209024
    endloop
  endfacet
  facet normal 0.12385985466954014 0.04204475516977428 0.9914085812438553
    outer loop
      vertex 0.23058718649883578 0.06178565040732772 3.6421850698209024
      vertex 0.6578758375813398 0.27250109428375047 3.579866273471791
      vertex 0.2205498354714074 0.09135473303141167 3.6421850698209024
    endloop
  endfacet
  facet normal 0.11731227464748761 0.05785201165973657 0.9914085812438553
    outer loop
      vertex 0.2205498354714074 0.09135473303141167 3.6421850698209024
      vertex 0.6166790883793557 0.35603983767943403 3.579866273471791
      vertex 0.2067388156110967 0.11936071084501108 3.6421850698209024
    endloop
  endfacet
  facet normal 0.12385985466954016 0.04204475516977424 0.9914085812438554
    outer loop
      vertex 0.23058718649883578 0.06178565040732772 3.6421850698209024
      vertex 0.6878161488046661 0.1842997816132952 3.579866273471791
      vertex 0.6578758375813398 0.27250109428375047 3.579866273471791
    endloop
  endfacet
  facet normal 0.08624340306798331 0.09834175340769159 0.9914085812438552
    outer loop
      vertex 0.16880153609150805 0.16880153609150805 3.6421850698209024
      vertex 0.5035163671913709 0.5035163671913709 3.579866273471791
      vertex 0.4334866407395304 0.5649307889994564 3.579866273471791
    endloop
  endfacet
  facet normal 0.09834175340769155 0.08624340306798338 0.9914085812438554
    outer loop
      vertex 0.1893904372968516 0.1453243938030113 3.6421850698209024
      vertex 0.5649307889994564 0.4334866407395304 3.579866273471791
      vertex 0.5035163671913709 0.5035163671913709 3.579866273471791
    endloop
  endfacet
  facet normal 0.1087574490811093 0.07266940419059305 0.9914085812438554
    outer loop
      vertex 0.2067388156110967 0.11936071084501108 3.6421850698209024
      vertex 0.6166790883793557 0.35603983767943403 3.579866273471791
      vertex 0.5649307889994564 0.4334866407395304 3.579866273471791
    endloop
  endfacet
  facet normal 0.11731227464748763 0.057852011659736594 0.9914085812438554
    outer loop
      vertex 0.2205498354714074 0.09135473303141167 3.6421850698209024
      vertex 0.6578758375813398 0.27250109428375047 3.579866273471791
      vertex 0.6166790883793557 0.35603983767943403 3.579866273471791
    endloop
  endfacet
  facet normal 0.13052141585032973 0.008554825566378385 0.9914085812438552
    outer loop
      vertex 0.23872142169002217 0 3.6421850698209024
      vertex 0.7120796753588681 0 3.579866273471791
      vertex 0.7059877350232808 0.09294504858188353 3.579866273471791
    endloop
  endfacet
  facet normal 0.1282881582377575 0.02551810126184848 0.9914085812438552
    outer loop
      vertex 0.23667912683442296 0.031159398174555823 3.6421850698209024
      vertex 0.7059877350232808 0.09294504858188353 3.579866273471791
      vertex 0.6878161488046661 0.1842997816132952 3.579866273471791
    endloop
  endfacet
  facet normal 0.11470185436489838 0.2325923516881963 0.9657868722142623
    outer loop
      vertex 0.27250109428375047 0.6578758375813398 3.579866273471791
      vertex 0.35603983767943403 0.6166790883793557 3.579866273471791
      vertex 0.4489848862613176 1.0839454017126144 3.4562949726571355
    endloop
  endfacet
  facet normal 0.14407995810549304 0.21563089558528337 0.9657868722142625
    outer loop
      vertex 0.35603983767943403 0.6166790883793557 3.579866273471791
      vertex 0.4334866407395304 0.5649307889994564 3.579866273471791
      vertex 0.5866270241782698 1.0160678109696994 3.4562949726571355
    endloop
  endfacet
  facet normal 0.21563089558528337 0.14407995810549304 0.9657868722142625
    outer loop
      vertex 0.5649307889994564 0.4334866407395304 3.579866273471791
      vertex 0.6166790883793557 0.35603983767943403 3.579866273471791
      vertex 0.9308050182738751 0.7142318110677938 3.4562949726571355
    endloop
  endfacet
  facet normal 0.19497993507472708 0.1709928138163916 0.9657868722142623
    outer loop
      vertex 0.5035163671913709 0.5035163671913709 3.579866273471791
      vertex 0.5649307889994564 0.4334866407395304 3.579866273471791
      vertex 0.8296158936474788 0.8296158936474788 3.4562949726571355
    endloop
  endfacet
  facet normal 0.17099281381639164 0.19497993507472713 0.9657868722142625
    outer loop
      vertex 0.5035163671913709 0.5035163671913709 3.579866273471791
      vertex 0.7142318110677938 0.9308050182738751 3.4562949726571355
      vertex 0.4334866407395304 0.5649307889994564 3.579866273471791
    endloop
  endfacet
  facet normal 0.14407995810549296 0.21563089558528342 0.9657868722142624
    outer loop
      vertex 0.4334866407395304 0.5649307889994564 3.579866273471791
      vertex 0.7142318110677938 0.9308050182738751 3.4562949726571355
      vertex 0.5866270241782698 1.0160678109696994 3.4562949726571355
    endloop
  endfacet
  facet normal 0.17099281381639153 0.19497993507472713 0.9657868722142624
    outer loop
      vertex 0.5035163671913709 0.5035163671913709 3.579866273471791
      vertex 0.8296158936474788 0.8296158936474788 3.4562949726571355
      vertex 0.7142318110677938 0.9308050182738751 3.4562949726571355
    endloop
  endfacet
  facet normal 0.01696145610291302 0.25878181247039156 0.9657868722142624
    outer loop
      vertex 0.09294504858188353 0.7059877350232808 3.579866273471791
      vertex 0.15314038343873937 1.1632166973291114 3.4562949726571355
      vertex 0 1.1732540483565397 3.4562949726571355
    endloop
  endfacet
  facet normal 0.05059415309221435 0.25435398391115 0.9657868722142624
    outer loop
      vertex 0.1842997816132952 0.6878161488046661 3.579866273471791
      vertex 0.3036604924583063 1.133276386105785 3.4562949726571355
      vertex 0.15314038343873937 1.1632166973291114 3.4562949726571355
    endloop
  endfacet
  facet normal 0.025074511037770548 0.38256311096124873 0.9235890509462896
    outer loop
      vertex 0.15314038343873937 1.1632166973291114 3.4562949726571355
      vertex 0.21071544387642274 1.600542699439044 3.273585506594312
      vertex 0 1.6143537192993547 3.273585506594312
    endloop
  endfacet
  facet normal 0.07479450127748705 0.37601735006616904 0.9235890509462896
    outer loop
      vertex 0.3036604924583063 1.133276386105785 3.4562949726571355
      vertex 0.4178254880867618 1.55934595023706 3.273585506594312
      vertex 0.21071544387642274 1.600542699439044 3.273585506594312
    endloop
  endfacet
  facet normal 0.09770200957786486 0.49118117121085975 0.8655607282983528
    outer loop
      vertex 0.2646851046480223 2.0104829722073028 3.03486408490429
      vertex 0.21071544387642274 1.600542699439044 3.273585506594312
      vertex 0.4178254880867618 1.55934595023706 3.273585506594312
    endloop
  endfacet
  facet normal -0.025074511037770388 0.38256311096124873 0.9235890509462897
    outer loop
      vertex -0.15314038343873937 1.1632166973291114 3.4562949726571355
      vertex 0 1.1732540483565397 3.4562949726571355
      vertex 0 1.6143537192993547 3.273585506594312
    endloop
  endfacet
  facet normal 0.025074511037770388 0.38256311096124873 0.9235890509462897
    outer loop
      vertex 0 1.1732540483565397 3.4562949726571355
      vertex 0.15314038343873937 1.1632166973291114 3.4562949726571355
      vertex 0 1.6143537192993547 3.273585506594312
    endloop
  endfacet
  facet normal 0.07479450127748735 0.376017350066169 0.9235890509462895
    outer loop
      vertex 0.15314038343873937 1.1632166973291114 3.4562949726571355
      vertex 0.3036604924583063 1.133276386105785 3.4562949726571355
      vertex 0.21071544387642274 1.600542699439044 3.273585506594312
    endloop
  endfacet
  facet normal 0.08336117009475852 0.2455740881669414 0.9657868722142625
    outer loop
      vertex 0.27250109428375047 0.6578758375813398 3.579866273471791
      vertex 0.4489848862613176 1.0839454017126144 3.4562949726571355
      vertex 0.3036604924583063 1.133276386105785 3.4562949726571355
    endloop
  endfacet
  facet normal 0.11470185436489858 0.23259235168819625 0.9657868722142623
    outer loop
      vertex 0.35603983767943403 0.6166790883793557 3.579866273471791
      vertex 0.5866270241782698 1.0160678109696994 3.4562949726571355
      vertex 0.4489848862613176 1.0839454017126144 3.4562949726571355
    endloop
  endfacet
  facet normal 0.123234736863393 0.36303782805975215 0.9235890509462897
    outer loop
      vertex 0.3036604924583063 1.133276386105785 3.4562949726571355
      vertex 0.4489848862613176 1.0839454017126144 3.4562949726571355
      vertex 0.4178254880867618 1.55934595023706 3.273585506594312
    endloop
  endfacet
  facet normal 0.16956639193444195 0.3438466281621316 0.9235890509462897
    outer loop
      vertex 0.5866270241782698 1.0160678109696994 3.4562949726571355
      vertex 0.6177864223528258 1.491468359494145 3.273585506594312
      vertex 0.4489848862613176 1.0839454017126144 3.4562949726571355
    endloop
  endfacet
  facet normal 0.21299671902680667 0.31877211712436143 0.9235890509462897
    outer loop
      vertex 0.5866270241782698 1.0160678109696994 3.4562949726571355
      vertex 0.7142318110677938 0.9308050182738751 3.4562949726571355
      vertex 0.8071768596496773 1.3980713316071338 3.273585506594312
    endloop
  endfacet
  facet normal 0.12323473686339287 0.3630378280597522 0.9235890509462897
    outer loop
      vertex 0.4489848862613176 1.0839454017126144 3.4562949726571355
      vertex 0.6177864223528258 1.491468359494145 3.273585506594312
      vertex 0.4178254880867618 1.55934595023706 3.273585506594312
    endloop
  endfacet
  facet normal 0.16097816331020814 0.4742263769181309 0.8655607282983526
    outer loop
      vertex 0.6177864223528258 1.491468359494145 3.273585506594312
      vertex 0.524841373770942 1.9587346728274033 3.03486408490429
      vertex 0.4178254880867618 1.55934595023706 3.273585506594312
    endloop
  endfacet
  facet normal 0.16956639193444215 0.3438466281621315 0.9235890509462897
    outer loop
      vertex 0.5866270241782698 1.0160678109696994 3.4562949726571355
      vertex 0.8071768596496773 1.3980713316071338 3.273585506594312
      vertex 0.6177864223528258 1.491468359494145 3.273585506594312
    endloop
  endfacet
  facet normal 0.25878181247039156 0.0169614561029132 0.9657868722142625
    outer loop
      vertex 0.7120796753588681 0 3.579866273471791
      vertex 1.1632166973291114 0.15314038343873937 3.4562949726571355
      vertex 0.7059877350232808 0.09294504858188353 3.579866273471791
    endloop
  endfacet
  facet normal 0.25435398391115 0.05059415309221419 0.9657868722142623
    outer loop
      vertex 0.6878161488046661 0.1842997816132952 3.579866273471791
      vertex 0.7059877350232808 0.09294504858188353 3.579866273471791
      vertex 1.133276386105785 0.3036604924583063 3.4562949726571355
    endloop
  endfacet
  facet normal 0.2455740881669414 0.08336117009475846 0.9657868722142623
    outer loop
      vertex 0.6878161488046661 0.1842997816132952 3.579866273471791
      vertex 1.0839454017126144 0.4489848862613176 3.4562949726571355
      vertex 0.6578758375813398 0.27250109428375047 3.579866273471791
    endloop
  endfacet
  facet normal 0.2325923516881964 0.11470185436489841 0.9657868722142625
    outer loop
      vertex 0.6166790883793557 0.35603983767943403 3.579866273471791
      vertex 0.6578758375813398 0.27250109428375047 3.579866273471791
      vertex 1.0160678109696994 0.5866270241782698 3.4562949726571355
    endloop
  endfacet
  facet normal 0.25878181247039156 0.01696145610291298 0.9657868722142624
    outer loop
      vertex 0.7120796753588681 0 3.579866273471791
      vertex 1.1732540483565397 0 3.4562949726571355
      vertex 1.1632166973291114 0.15314038343873937 3.4562949726571355
    endloop
  endfacet
  facet normal 0.25435398391114994 0.05059415309221435 0.9657868722142625
    outer loop
      vertex 0.7059877350232808 0.09294504858188353 3.579866273471791
      vertex 1.1632166973291114 0.15314038343873937 3.4562949726571355
      vertex 1.133276386105785 0.3036604924583063 3.4562949726571355
    endloop
  endfacet
  facet normal 0.24557408816694146 0.08336117009475852 0.9657868722142625
    outer loop
      vertex 0.6878161488046661 0.1842997816132952 3.579866273471791
      vertex 1.133276386105785 0.3036604924583063 3.4562949726571355
      vertex 1.0839454017126144 0.4489848862613176 3.4562949726571355
    endloop
  endfacet
  facet normal 0.23259235168819625 0.11470185436489859 0.9657868722142625
    outer loop
      vertex 0.6578758375813398 0.27250109428375047 3.579866273471791
      vertex 1.0839454017126144 0.4489848862613176 3.4562949726571355
      vertex 1.0160678109696994 0.5866270241782698 3.4562949726571355
    endloop
  endfacet
  facet normal 0.21563089558528342 0.14407995810549298 0.9657868722142624
    outer loop
      vertex 0.6166790883793557 0.35603983767943403 3.579866273471791
      vertex 1.0160678109696994 0.5866270241782698 3.4562949726571355
      vertex 0.9308050182738751 0.7142318110677938 3.4562949726571355
    endloop
  endfacet
  facet normal 0.19497993507472725 0.17099281381639156 0.9657868722142624
    outer loop
      vertex 0.5649307889994564 0.4334866407395304 3.579866273471791
      vertex 0.9308050182738751 0.7142318110677938 3.4562949726571355
      vertex 0.8296158936474788 0.8296158936474788 3.4562949726571355
    endloop
  endfacet
  facet normal 0.3187721171243615 0.21299671902680672 0.9235890509462897
    outer loop
      vertex 1.0160678109696994 0.5866270241782698 3.4562949726571355
      vertex 1.280752915617722 0.9827562770862183 3.273585506594312
      vertex 0.9308050182738751 0.7142318110677938 3.4562949726571355
    endloop
  endfacet
  facet normal 0.38256311096124873 0.025074511037770485 0.9235890509462896
    outer loop
      vertex 1.1732540483565397 0 3.4562949726571355
      vertex 1.6143537192993547 0 3.273585506594312
      vertex 1.600542699439044 0.21071544387642274 3.273585506594312
    endloop
  endfacet
  facet normal 0.37601735006616915 0.07479450127748706 0.9235890509462896
    outer loop
      vertex 1.1632166973291114 0.15314038343873937 3.4562949726571355
      vertex 1.600542699439044 0.21071544387642274 3.273585506594312
      vertex 1.55934595023706 0.4178254880867618 3.273585506594312
    endloop
  endfacet
  facet normal 0.37601735006616893 0.07479450127748734 0.9235890509462897
    outer loop
      vertex 1.1632166973291114 0.15314038343873937 3.4562949726571355
      vertex 1.55934595023706 0.4178254880867618 3.273585506594312
      vertex 1.133276386105785 0.3036604924583063 3.4562949726571355
    endloop
  endfacet
  facet normal 0.38256311096124884 0.025074511037770395 0.9235890509462897
    outer loop
      vertex 1.1732540483565397 0 3.4562949726571355
      vertex 1.600542699439044 0.21071544387642274 3.273585506594312
      vertex 1.1632166973291114 0.15314038343873937 3.4562949726571355
    endloop
  endfacet
  facet normal 0.31877211712436127 0.2129967190268068 0.9235890509462895
    outer loop
      vertex 1.0160678109696994 0.5866270241782698 3.4562949726571355
      vertex 1.3980713316071338 0.8071768596496773 3.273585506594312
      vertex 1.280752915617722 0.9827562770862183 3.273585506594312
    endloop
  endfacet
  facet normal 0.36303782805975227 0.12323473686339291 0.9235890509462897
    outer loop
      vertex 1.133276386105785 0.3036604924583063 3.4562949726571355
      vertex 1.55934595023706 0.4178254880867618 3.273585506594312
      vertex 1.491468359494145 0.6177864223528258 3.273585506594312
    endloop
  endfacet
  facet normal 0.3438466281621314 0.16956639193444212 0.9235890509462897
    outer loop
      vertex 1.0839454017126144 0.4489848862613176 3.4562949726571355
      vertex 1.491468359494145 0.6177864223528258 3.273585506594312
      vertex 1.3980713316071338 0.8071768596496773 3.273585506594312
    endloop
  endfacet
  facet normal 0.3438466281621317 0.16956639193444198 0.9235890509462897
    outer loop
      vertex 1.0839454017126144 0.4489848862613176 3.4562949726571355
      vertex 1.3980713316071338 0.8071768596496773 3.273585506594312
      vertex 1.0160678109696994 0.5866270241782698 3.4562949726571355
    endloop
  endfacet
  facet normal 0.36303782805975215 0.123234736863393 0.9235890509462897
    outer loop
      vertex 1.133276386105785 0.3036604924583063 3.4562949726571355
      vertex 1.491468359494145 0.6177864223528258 3.273585506594312
      vertex 1.0839454017126144 0.4489848862613176 3.4562949726571355
    endloop
  endfacet
  facet normal 0.40192572621211003 0.4583084531601955 0.7927225696110693
    outer loop
      vertex 1.4650526972310174 1.9092938475809067 2.744215297298268
      vertex 1.2344655107321814 1.6087867754835565 3.03486408490429
      vertex 1.4338932990564612 1.4338932990564612 3.03486408490429
    endloop
  endfacet
  facet normal 0.21299671902680675 0.31877211712436127 0.9235890509462896
    outer loop
      vertex 0.7142318110677938 0.9308050182738751 3.4562949726571355
      vertex 0.9827562770862183 1.280752915617722 3.273585506594312
      vertex 0.8071768596496773 1.3980713316071338 3.273585506594312
    endloop
  endfacet
  facet normal 0.2527826132027757 0.2882433267822653 0.9235890509462896
    outer loop
      vertex 0.8296158936474788 0.8296158936474788 3.4562949726571355
      vertex 1.1415204621502981 1.1415204621502981 3.273585506594312
      vertex 0.9827562770862183 1.280752915617722 3.273585506594312
    endloop
  endfacet
  facet normal 0.2527826132027761 0.28824332678226516 0.9235890509462897
    outer loop
      vertex 0.7142318110677938 0.9308050182738751 3.4562949726571355
      vertex 0.8296158936474788 0.8296158936474788 3.4562949726571355
      vertex 0.9827562770862183 1.280752915617722 3.273585506594312
    endloop
  endfacet
  facet normal 0.288243326782265 0.252782613202776 0.9235890509462897
    outer loop
      vertex 0.9308050182738751 0.7142318110677938 3.4562949726571355
      vertex 1.1415204621502981 1.1415204621502981 3.273585506594312
      vertex 0.8296158936474788 0.8296158936474788 3.4562949726571355
    endloop
  endfacet
  facet normal 0.2214999360367347 0.44915743783594136 0.8655607282983526
    outer loop
      vertex 0.7760174614751214 1.8734718801315788 3.03486408490429
      vertex 0.8071768596496773 1.3980713316071338 3.273585506594312
      vertex 1.0139156752607739 1.7561534641421668 3.03486408490429
    endloop
  endfacet
  facet normal 0.22149993603673493 0.44915743783594153 0.8655607282983527
    outer loop
      vertex 0.6177864223528258 1.491468359494145 3.273585506594312
      vertex 0.8071768596496773 1.3980713316071338 3.273585506594312
      vertex 0.7760174614751214 1.8734718801315788 3.03486408490429
    endloop
  endfacet
  facet normal 0.2782317834462879 0.4164032904624112 0.8655607282983527
    outer loop
      vertex 0.8071768596496773 1.3980713316071338 3.273585506594312
      vertex 0.9827562770862183 1.280752915617722 3.273585506594312
      vertex 1.0139156752607739 1.7561534641421668 3.03486408490429
    endloop
  endfacet
  facet normal 0.2782317834462875 0.41640329046241115 0.8655607282983527
    outer loop
      vertex 0.9827562770862183 1.280752915617722 3.273585506594312
      vertex 1.2344655107321814 1.6087867754835565 3.03486408490429
      vertex 1.0139156752607739 1.7561534641421668 3.03486408490429
    endloop
  endfacet
  facet normal 0.28824332678226544 0.2527826132027758 0.9235890509462896
    outer loop
      vertex 0.9308050182738751 0.7142318110677938 3.4562949726571355
      vertex 1.280752915617722 0.9827562770862183 3.273585506594312
      vertex 1.1415204621502981 1.1415204621502981 3.273585506594312
    endloop
  endfacet
  facet normal 0.3765243673402663 0.3302030079006513 0.8655607282983526
    outer loop
      vertex 1.280752915617722 0.9827562770862183 3.273585506594312
      vertex 1.4338932990564612 1.4338932990564612 3.03486408490429
      vertex 1.1415204621502981 1.1415204621502981 3.273585506594312
    endloop
  endfacet
  facet normal 0.4164032904624111 0.2782317834462878 0.8655607282983527
    outer loop
      vertex 1.280752915617722 0.9827562770862183 3.273585506594312
      vertex 1.3980713316071338 0.8071768596496773 3.273585506594312
      vertex 1.6087867754835565 1.2344655107321814 3.03486408490429
    endloop
  endfacet
  facet normal 0.3765243673402655 0.3302030079006517 0.8655607282983527
    outer loop
      vertex 1.280752915617722 0.9827562770862183 3.273585506594312
      vertex 1.6087867754835565 1.2344655107321814 3.03486408490429
      vertex 1.4338932990564612 1.4338932990564612 3.03486408490429
    endloop
  endfacet
  facet normal 0.330203007900652 0.37652436734026573 0.8655607282983527
    outer loop
      vertex 1.1415204621502981 1.1415204621502981 3.273585506594312
      vertex 1.4338932990564612 1.4338932990564612 3.03486408490429
      vertex 1.2344655107321814 1.6087867754835565 3.03486408490429
    endloop
  endfacet
  facet normal 0.3302030079006511 0.376524367340266 0.8655607282983528
    outer loop
      vertex 0.9827562770862183 1.280752915617722 3.273585506594312
      vertex 1.1415204621502981 1.1415204621502981 3.273585506594312
      vertex 1.2344655107321814 1.6087867754835565 3.03486408490429
    endloop
  endfacet
  facet normal 0.05667108131556128 0.8646336168614381 0.4991964514453531
    outer loop
      vertex 0.39079559291439836 3.247971410181768 1.6143537192993547
      vertex 0.41836437297196377 3.1777929066194726 1.7327767181276006
      vertex 0.4272886510825041 3.2455795287807123 1.6143537192993547
    endloop
  endfacet
  facet normal 0.16904358603318675 0.8498394959552115 0.4991964514453531
    outer loop
      vertex 0.4272886510825041 3.2455795287807123 1.6143537192993547
      vertex 0.41836437297196377 3.1777929066194726 1.7327767181276006
      vertex 0.52889308327501 3.225369150637035 1.6143537192993547
    endloop
  endfacet
  facet normal 0.060443547416366324 0.9221903271536517 0.3819837405963327
    outer loop
      vertex 0.39079559291439836 3.247971410181768 1.6143537192993547
      vertex 0.4272886510825041 3.2455795287807123 1.6143537192993547
      vertex 0.4287228804978796 3.2564735827611426 1.5878261998240557
    endloop
  endfacet
  facet normal 0.1802964363946922 0.9064113949765903 0.3819837405963325
    outer loop
      vertex 0.4287228804978796 3.2564735827611426 1.5878261998240557
      vertex 0.4272886510825041 3.2455795287807123 1.6143537192993547
      vertex 0.52889308327501 3.225369150637035 1.6143537192993547
    endloop
  endfacet
  facet normal 0.16904358603318564 0.8498394959552122 0.49919645144535196
    outer loop
      vertex 0.4146472006567032 3.1495581797181242 1.7821026901874113
      vertex 0.7854806244708638 2.9314535988861934 2.0278313505215477
      vertex 0.8082589399129496 3.1520955515779576 1.6444937417821222
    endloop
  endfacet
  facet normal 0.05192896695106268 0.792282932890597 0.6079400765220773
    outer loop
      vertex 0 3.03486408490429 2.0278313505215477
      vertex 0 2.744215297298268 2.4066122251152513
      vertex 0.3581919733883597 2.720738155009771 2.4066122251152513
    endloop
  endfacet
  facet normal 0.051928966951063 0.7922829328905973 0.6079400765220772
    outer loop
      vertex 0 3.03486408490429 2.0278313505215477
      vertex 0.3581919733883597 2.720738155009771 2.4066122251152513
      vertex 0.39612925290794826 3.0089004019462897 2.0278313505215477
    endloop
  endfacet
  facet normal 0.05667108131556421 0.8646336168614385 0.4991964514453521
    outer loop
      vertex 0 3.1228055952188285 1.875512186562425
      vertex 0 3.03486408490429 2.0278313505215477
      vertex 0.014132780777380899 3.108552363464157 1.8985950897401078
    endloop
  endfacet
  facet normal -0.05667108131559227 0.864633616861437 0.4991964514453513
    outer loop
      vertex 0 3.1228055952188285 1.875512186562425
      vertex -0.009678058093592698 3.105177255239417 1.9049466693114898
      vertex 0 3.03486408490429 2.0278313505215477
    endloop
  endfacet
  facet normal 0.05667108131556291 0.8646336168614387 0.4991964514453521
    outer loop
      vertex 0.014132780777380899 3.108552363464157 1.8985950897401078
      vertex 0 3.03486408490429 2.0278313505215477
      vertex 0.39612925290794826 3.0089004019462897 2.0278313505215477
    endloop
  endfacet
  facet normal 0.05667108131556344 0.8646336168614392 0.499196451445351
    outer loop
      vertex 0.014132780777380899 3.108552363464157 1.8985950897401078
      vertex 0.39612925290794826 3.0089004019462897 2.0278313505215477
      vertex 0.4146472006567032 3.1495581797181242 1.7821026901874113
    endloop
  endfacet
  facet normal 0.15489838183122542 0.778726752246511 0.607940076522077
    outer loop
      vertex 0.39612925290794826 3.0089004019462897 2.0278313505215477
      vertex 0.3581919733883597 2.720738155009771 2.4066122251152513
      vertex 0.7102551828024678 2.6507084285579308 2.4066122251152513
    endloop
  endfacet
  facet normal 0.15489838183122587 0.7787267522465112 0.6079400765220769
    outer loop
      vertex 0.39612925290794826 3.0089004019462897 2.0278313505215477
      vertex 0.7102551828024678 2.6507084285579308 2.4066122251152513
      vertex 0.7854806244708638 2.9314535988861934 2.0278313505215477
    endloop
  endfacet
  facet normal 0.16904358603318653 0.8498394959552127 0.499196451445351
    outer loop
      vertex 0.4146472006567032 3.1495581797181242 1.7821026901874113
      vertex 0.39612925290794826 3.0089004019462897 2.0278313505215477
      vertex 0.7854806244708638 2.9314535988861934 2.0278313505215477
    endloop
  endfacet
  facet normal 0.35116966187339566 0.7121016303436299 0.6079400765220773
    outer loop
      vertex 1.0501657291188864 2.5353243459782453 2.4066122251152513
      vertex 1.372107648649134 2.3765601609141656 2.4066122251152513
      vertex 1.161392204772711 2.8038488119966694 2.0278313505215477
    endloop
  endfacet
  facet normal 0.2785237081260469 0.8205043856531697 0.4991964514453515
    outer loop
      vertex 1.2527469378041225 3.0243986474680766 1.6143537192993547
      vertex 0.8472662748781914 3.162040785385029 1.6143537192993547
      vertex 1.161392204772711 2.8038488119966694 2.0278313505215477
    endloop
  endfacet
  facet normal 0.16904358603318417 0.8498394959552147 0.4991964514453486
    outer loop
      vertex 0.7849084310976497 3.1744445317161074 1.6143537192993547
      vertex 0.8082589399129496 3.1520955515779576 1.6444937417821222
      vertex 0.8472662748781914 3.162040785385029 1.6143537192993547
    endloop
  endfacet
  facet normal 0.18029643639468948 0.9064113949765938 0.38198374059632545
    outer loop
      vertex 0.7849084310976497 3.1744445317161074 1.6143537192993547
      vertex 0.8472662748781914 3.162040785385029 1.6143537192993547
      vertex 0.8574047412205271 3.1998780568854532 1.51978408306708
    endloop
  endfacet
  facet normal 0.29706440335868867 0.8751235125267663 0.38198374059632545
    outer loop
      vertex 0.8472662748781914 3.162040785385029 1.6143537192993547
      vertex 0.973312743659669 3.1358988188476586 1.5762199771647858
      vertex 0.8574047412205271 3.1998780568854532 1.51978408306708
    endloop
  endfacet
  facet normal 0.16904358603318745 0.849839495955212 0.49919645144535185
    outer loop
      vertex 0.8472662748781914 3.162040785385029 1.6143537192993547
      vertex 0.8082589399129496 3.1520955515779576 1.6444937417821222
      vertex 0.7854806244708638 2.9314535988861934 2.0278313505215477
    endloop
  endfacet
  facet normal 0.29706440335868856 0.8751235125267669 0.38198374059632434
    outer loop
      vertex 1.2527469378041225 3.0243986474680766 1.6143537192993547
      vertex 0.973312743659669 3.1358988188476586 1.5762199771647858
      vertex 0.8472662748781914 3.162040785385029 1.6143537192993547
    endloop
  endfacet
  facet normal 0.4087495160194034 0.8288620241475316 0.38198374059632456
    outer loop
      vertex 1.2527469378041225 3.0243986474680766 1.6143537192993547
      vertex 1.636792753297156 2.835008210171225 1.6143537192993547
      vertex 1.2803528566416238 3.091045231127343 1.4401978034098895
    endloop
  endfacet
  facet normal 0.38323821235150846 0.7771302178258087 0.4991964514453516
    outer loop
      vertex 1.2527469378041225 3.0243986474680766 1.6143537192993547
      vertex 1.517432042452145 2.6282693945601285 2.0278313505215477
      vertex 1.636792753297156 2.835008210171225 1.6143537192993547
    endloop
  endfacet
  facet normal 0.2970644033586885 0.8751235125267669 0.38198374059632456
    outer loop
      vertex 1.2527469378041225 3.0243986474680766 1.6143537192993547
      vertex 1.2803528566416238 3.091045231127343 1.4401978034098895
      vertex 0.973312743659669 3.1358988188476586 1.5762199771647858
    endloop
  endfacet
  facet normal 0.27852370812604643 0.8205043856531696 0.4991964514453519
    outer loop
      vertex 0.8472662748781914 3.162040785385029 1.6143537192993547
      vertex 0.7854806244708638 2.9314535988861934 2.0278313505215477
      vertex 1.161392204772711 2.8038488119966694 2.0278313505215477
    endloop
  endfacet
  facet normal 0.25521744245231276 0.751846340967642 0.6079400765220768
    outer loop
      vertex 0.7854806244708638 2.9314535988861934 2.0278313505215477
      vertex 0.7102551828024678 2.6507084285579308 2.4066122251152513
      vertex 1.0501657291188864 2.5353243459782453 2.4066122251152513
    endloop
  endfacet
  facet normal 0.25521744245231204 0.751846340967642 0.6079400765220773
    outer loop
      vertex 0.7854806244708638 2.9314535988861934 2.0278313505215477
      vertex 1.0501657291188864 2.5353243459782453 2.4066122251152513
      vertex 1.161392204772711 2.8038488119966694 2.0278313505215477
    endloop
  endfacet
  facet normal 0.38323821235150846 0.7771302178258087 0.4991964514453515
    outer loop
      vertex 1.2527469378041225 3.0243986474680766 1.6143537192993547
      vertex 1.161392204772711 2.8038488119966694 2.0278313505215477
      vertex 1.517432042452145 2.6282693945601285 2.0278313505215477
    endloop
  endfacet
  facet normal 0.35116966187339554 0.7121016303436299 0.6079400765220773
    outer loop
      vertex 1.161392204772711 2.8038488119966694 2.0278313505215477
      vertex 1.372107648649134 2.3765601609141656 2.4066122251152513
      vertex 1.517432042452145 2.6282693945601285 2.0278313505215477
    endloop
  endfacet
  facet normal 0.03986860856678058 0.6082774216426021 0.7927225696110693
    outer loop
      vertex 0 2.0278313505215477 3.03486408490429
      vertex 0.2646851046480223 2.0104829722073028 3.03486408490429
      vertex 0 2.4066122251152513 2.744215297298268
    endloop
  endfacet
  facet normal 0.046296531846139626 0.7063485793639778 0.7063485793639778
    outer loop
      vertex 0 2.4066122251152513 2.744215297298268
      vertex 0.3141259298945193 2.3860233239099076 2.744215297298268
      vertex 0 2.744215297298268 2.4066122251152513
    endloop
  endfacet
  facet normal 0.03986860856678121 0.6082774216426025 0.7927225696110691
    outer loop
      vertex 0.2646851046480223 2.0104829722073028 3.03486408490429
      vertex 0.3141259298945193 2.3860233239099076 2.744215297298268
      vertex 0 2.4066122251152513 2.744215297298268
    endloop
  endfacet
  facet normal 0.11892366275409864 0.5978696263119352 0.7927225696110691
    outer loop
      vertex 0.2646851046480223 2.0104829722073028 3.03486408490429
      vertex 0.524841373770942 1.9587346728274033 3.03486408490429
      vertex 0.3141259298945193 2.3860233239099076 2.744215297298268
    endloop
  endfacet
  facet normal 0.19594390009982482 0.5772321159142939 0.7927225696110695
    outer loop
      vertex 0.524841373770942 1.9587346728274033 3.03486408490429
      vertex 0.7760174614751214 1.8734718801315788 3.03486408490429
      vertex 0.622877078036382 2.3246089021018226 2.744215297298268
    endloop
  endfacet
  facet normal 0.13809744904270568 0.6942627593342359 0.7063485793639781
    outer loop
      vertex 0.3141259298945193 2.3860233239099076 2.744215297298268
      vertex 0.622877078036382 2.3246089021018226 2.744215297298268
      vertex 0.3581919733883597 2.720738155009771 2.4066122251152513
    endloop
  endfacet
  facet normal 0.13809744904270632 0.6942627593342361 0.7063485793639778
    outer loop
      vertex 0.622877078036382 2.3246089021018226 2.744215297298268
      vertex 0.7102551828024678 2.6507084285579308 2.4066122251152513
      vertex 0.3581919733883597 2.720738155009771 2.4066122251152513
    endloop
  endfacet
  facet normal 0.11892366275409763 0.597869626311935 0.7927225696110696
    outer loop
      vertex 0.524841373770942 1.9587346728274033 3.03486408490429
      vertex 0.622877078036382 2.3246089021018226 2.744215297298268
      vertex 0.3141259298945193 2.3860233239099076 2.744215297298268
    endloop
  endfacet
  facet normal 0.032754147373530544 0.4997317194830224 0.8655607282983527
    outer loop
      vertex 0 2.0278313505215477 3.03486408490429
      vertex 0 1.6143537192993547 3.273585506594312
      vertex 0.21071544387642274 1.600542699439044 3.273585506594312
    endloop
  endfacet
  facet normal 0.032754147373530294 0.49973171948302236 0.8655607282983527
    outer loop
      vertex 0 2.0278313505215477 3.03486408490429
      vertex 0.21071544387642274 1.600542699439044 3.273585506594312
      vertex 0.2646851046480223 2.0104829722073028 3.03486408490429
    endloop
  endfacet
  facet normal 0.09770200957786537 0.49118117121085975 0.8655607282983526
    outer loop
      vertex 0.2646851046480223 2.0104829722073028 3.03486408490429
      vertex 0.4178254880867618 1.55934595023706 3.273585506594312
      vertex 0.524841373770942 1.9587346728274033 3.03486408490429
    endloop
  endfacet
  facet normal 0.16097816331020806 0.474226376918131 0.8655607282983527
    outer loop
      vertex 0.6177864223528258 1.491468359494145 3.273585506594312
      vertex 0.7760174614751214 1.8734718801315788 3.03486408490429
      vertex 0.524841373770942 1.9587346728274033 3.03486408490429
    endloop
  endfacet
  facet normal 0.04629653184613916 0.7063485793639775 0.7063485793639781
    outer loop
      vertex 0.3141259298945193 2.3860233239099076 2.744215297298268
      vertex 0.3581919733883597 2.720738155009771 2.4066122251152513
      vertex 0 2.744215297298268 2.4066122251152513
    endloop
  endfacet
  facet normal 0.1959439000998251 0.577232115914294 0.7927225696110693
    outer loop
      vertex 0.7760174614751214 1.8734718801315788 3.03486408490429
      vertex 0.9209706266788905 2.223419777475426 2.744215297298268
      vertex 0.622877078036382 2.3246089021018226 2.744215297298268
    endloop
  endfacet
  facet normal 0.26961148298893134 0.5467180039743821 0.7927225696110695
    outer loop
      vertex 0.7760174614751214 1.8734718801315788 3.03486408490429
      vertex 1.0139156752607739 1.7561534641421668 3.03486408490429
      vertex 0.9209706266788905 2.223419777475426 2.744215297298268
    endloop
  endfacet
  facet normal 0.26961148298893134 0.5467180039743821 0.7927225696110695
    outer loop
      vertex 1.0139156752607739 1.7561534641421668 3.03486408490429
      vertex 1.2033061125576257 2.0841873240080018 2.744215297298268
      vertex 0.9209706266788905 2.223419777475426 2.744215297298268
    endloop
  endfacet
  facet normal 0.22753548059830786 0.6702979110062837 0.7063485793639775
    outer loop
      vertex 0.7102551828024678 2.6507084285579308 2.4066122251152513
      vertex 0.9209706266788905 2.223419777475426 2.744215297298268
      vertex 1.0501657291188864 2.5353243459782453 2.4066122251152513
    endloop
  endfacet
  facet normal 0.22753548059830733 0.6702979110062837 0.7063485793639778
    outer loop
      vertex 0.622877078036382 2.3246089021018226 2.744215297298268
      vertex 0.9209706266788905 2.223419777475426 2.744215297298268
      vertex 0.7102551828024678 2.6507084285579308 2.4066122251152513
    endloop
  endfacet
  facet normal 0.31308031699611755 0.6348640795793231 0.7063485793639775
    outer loop
      vertex 0.9209706266788905 2.223419777475426 2.744215297298268
      vertex 1.2033061125576257 2.0841873240080018 2.744215297298268
      vertex 1.0501657291188864 2.5353243459782453 2.4066122251152513
    endloop
  endfacet
  facet normal 0.39326826236786033 0.5885675477331843 0.7063485793639778
    outer loop
      vertex 1.4650526972310174 1.9092938475809067 2.744215297298268
      vertex 1.6705724258908847 2.177132372589886 2.4066122251152513
      vertex 1.372107648649134 2.3765601609141656 2.4066122251152513
    endloop
  endfacet
  facet normal 0.3932682623678604 0.5885675477331842 0.7063485793639778
    outer loop
      vertex 1.4650526972310174 1.9092938475809067 2.744215297298268
      vertex 1.372107648649134 2.3765601609141656 2.4066122251152513
      vertex 1.2033061125576257 2.0841873240080018 2.744215297298268
    endloop
  endfacet
  facet normal 0.33866593865367095 0.5068493954076017 0.7927225696110695
    outer loop
      vertex 1.4650526972310174 1.9092938475809067 2.744215297298268
      vertex 1.2033061125576257 2.0841873240080018 2.744215297298268
      vertex 1.2344655107321814 1.6087867754835565 3.03486408490429
    endloop
  endfacet
  facet normal 0.33866593865367073 0.5068493954076017 0.7927225696110695
    outer loop
      vertex 1.0139156752607739 1.7561534641421668 3.03486408490429
      vertex 1.2344655107321814 1.6087867754835565 3.03486408490429
      vertex 1.2033061125576257 2.0841873240080018 2.744215297298268
    endloop
  endfacet
  facet normal 0.3130803169961171 0.6348640795793232 0.7063485793639778
    outer loop
      vertex 1.2033061125576257 2.0841873240080018 2.744215297298268
      vertex 1.372107648649134 2.3765601609141656 2.4066122251152513
      vertex 1.0501657291188864 2.5353243459782453 2.4066122251152513
    endloop
  endfacet
  facet normal 0.7922829328905975 0.0519289669510631 0.6079400765220767
    outer loop
      vertex 3.0279166666656434 0.10599711916703054 2.0278313505215477
      vertex 3.0089004019462897 0.39612925290794826 2.0278313505215477
      vertex 2.9602377362971892 0.3732487317481523 2.0932041772600574
    endloop
  endfacet
  facet normal 0.864633616861439 0.056671081315563046 0.4991964514453515
    outer loop
      vertex 3.0279166666656434 0.10599711916703054 2.0278313505215477
      vertex 3.027916666665642 0.39863279165303406 1.9946100006035523
      vertex 3.0089004019462897 0.39612925290794826 2.0278313505215477
    endloop
  endfacet
  facet normal 0.7787267522465119 0.15489838183122318 0.6079400765220765
    outer loop
      vertex 2.9592315145494466 0.39205098710814856 2.092492671038851
      vertex 3.0089004019462897 0.39612925290794826 2.0278313505215477
      vertex 3.001734816120971 0.43215308551179016 2.0278313505215477
    endloop
  endfacet
  facet normal 0.8498394959552129 0.1690435860331835 0.4991964514453515
    outer loop
      vertex 3.0089004019462897 0.39612925290794826 2.0278313505215477
      vertex 3.027916666665642 0.39863279165303406 1.9946100006035523
      vertex 3.001734816120971 0.43215308551179016 2.0278313505215477
    endloop
  endfacet
  facet normal 0.7922829328905973 0.051928966951062736 0.6079400765220772
    outer loop
      vertex 2.9602377362971892 0.3732487317481523 2.0932041772600574
      vertex 2.720738155009771 0.3581919733883597 2.4066122251152513
      vertex 2.744215297298268 0 2.4066122251152513
    endloop
  endfacet
  facet normal 0.7922829328905975 0.051928966951062326 0.6079400765220769
    outer loop
      vertex 2.9760968689210596 0 2.1044182774821327
      vertex 2.9602377362971892 0.3732487317481523 2.0932041772600574
      vertex 2.744215297298268 0 2.4066122251152513
    endloop
  endfacet
  facet normal 0.792282932890597 0.051928966951065345 0.6079400765220772
    outer loop
      vertex 2.9602377362971892 0.3732487317481523 2.0932041772600574
      vertex 3.0089004019462897 0.39612925290794826 2.0278313505215477
      vertex 2.720738155009771 0.3581919733883597 2.4066122251152513
    endloop
  endfacet
  facet normal 0.7787267522465153 0.15489838183120017 0.6079400765220778
    outer loop
      vertex 2.9592315145494466 0.39205098710814856 2.092492671038851
      vertex 2.720738155009771 0.3581919733883597 2.4066122251152513
      vertex 3.0089004019462897 0.39612925290794826 2.0278313505215477
    endloop
  endfacet
  facet normal 0.7787267522465137 0.1548983818312253 0.6079400765220739
    outer loop
      vertex 2.96956151843123 0.593899175579345 2.0278313505215477
      vertex 2.9314535988861934 0.7854806244708638 2.0278313505215477
      vertex 2.92485057442734 0.66031064262796 2.068181675134941
    endloop
  endfacet
  facet normal 0.8498394959552121 0.1690435860331853 0.49919645144535246
    outer loop
      vertex 2.96956151843123 0.593899175579345 2.0278313505215477
      vertex 2.973711776242918 0.7968036689672092 1.9520560598884142
      vertex 2.9314535988861934 0.7854806244708638 2.0278313505215477
    endloop
  endfacet
  facet normal 0.751846340967641 0.2552174424523124 0.6079400765220782
    outer loop
      vertex 2.9011180775505605 0.8748461885890099 2.0278313505215477
      vertex 2.893084144443116 0.8559031677088152 2.0457194170790087
      vertex 2.9314535988861934 0.7854806244708638 2.0278313505215477
    endloop
  endfacet
  facet normal 0.8205043856531692 0.27852370812604704 0.4991964514453524
    outer loop
      vertex 2.9011180775505605 0.8748461885890099 2.0278313505215477
      vertex 2.9314535988861934 0.7854806244708638 2.0278313505215477
      vertex 2.973711776242918 0.7968036689672092 1.9520560598884142
    endloop
  endfacet
  facet normal 0.778726752246511 0.15489838183122548 0.6079400765220769
    outer loop
      vertex 2.720738155009771 0.3581919733883597 2.4066122251152513
      vertex 2.92485057442734 0.66031064262796 2.068181675134941
      vertex 2.6507084285579308 0.7102551828024678 2.4066122251152513
    endloop
  endfacet
  facet normal 0.751846340967642 0.25521744245231276 0.6079400765220767
    outer loop
      vertex 2.5353243459782453 1.0501657291188864 2.4066122251152513
      vertex 2.6507084285579308 0.7102551828024678 2.4066122251152513
      vertex 2.9314535988861934 0.7854806244708638 2.0278313505215477
    endloop
  endfacet
  facet normal 0.778726752246511 0.15489838183122637 0.6079400765220768
    outer loop
      vertex 2.92485057442734 0.66031064262796 2.068181675134941
      vertex 2.9314535988861934 0.7854806244708638 2.0278313505215477
      vertex 2.6507084285579308 0.7102551828024678 2.4066122251152513
    endloop
  endfacet
  facet normal 0.7787267522465109 0.15489838183122578 0.6079400765220772
    outer loop
      vertex 2.9592315145494466 0.39205098710814856 2.092492671038851
      vertex 2.92485057442734 0.66031064262796 2.068181675134941
      vertex 2.720738155009771 0.3581919733883597 2.4066122251152513
    endloop
  endfacet
  facet normal 0.7121016303436299 0.35116966187339566 0.6079400765220773
    outer loop
      vertex 2.3765601609141656 1.372107648649134 2.4066122251152513
      vertex 2.5353243459782453 1.0501657291188864 2.4066122251152513
      vertex 2.8038488119966694 1.161392204772711 2.0278313505215477
    endloop
  endfacet
  facet normal 0.7204591365102464 0.4813954045099303 0.4991964514453511
    outer loop
      vertex 2.685018925365427 1.5665155289114046 1.8985950897401098
      vertex 2.4077195590887213 1.847508197173579 2.0278313505215477
      vertex 2.6282693945601285 1.517432042452145 2.0278313505215477
    endloop
  endfacet
  facet normal 0.6601726633925676 0.4411132710172008 0.6079400765220774
    outer loop
      vertex 2.177132372589886 1.6705724258908847 2.4066122251152513
      vertex 2.3765601609141656 1.372107648649134 2.4066122251152513
      vertex 2.6282693945601285 1.517432042452145 2.0278313505215477
    endloop
  endfacet
  facet normal 0.6601726633925674 0.44111327101720116 0.607940076522077
    outer loop
      vertex 2.177132372589886 1.6705724258908847 2.4066122251152513
      vertex 2.6282693945601285 1.517432042452145 2.0278313505215477
      vertex 2.4077195590887213 1.847508197173579 2.0278313505215477
    endloop
  endfacet
  facet normal 0.71210163034363 0.3511696618733956 0.6079400765220773
    outer loop
      vertex 2.6282693945601285 1.517432042452145 2.0278313505215477
      vertex 2.3765601609141656 1.372107648649134 2.4066122251152513
      vertex 2.8038488119966694 1.161392204772711 2.0278313505215477
    endloop
  endfacet
  facet normal 0.8205043856531669 0.27852370812604554 0.49919645144535685
    outer loop
      vertex 2.867786598112922 0.9730375606732643 2.0278313505215477
      vertex 2.8497808157170024 1.0489003954480558 2.0150993396888235
      vertex 2.8038488119966694 1.161392204772711 2.0278313505215477
    endloop
  endfacet
  facet normal 0.82050438565317 0.2785237081260475 0.4991964514453506
    outer loop
      vertex 2.867967175983634 1.1879509007332865 1.907624916440532
      vertex 2.8038488119966694 1.161392204772711 2.0278313505215477
      vertex 2.8497808157170024 1.0489003954480558 2.0150993396888235
    endloop
  endfacet
  facet normal 0.7771302178258099 0.3832382123515071 0.4991964514453508
    outer loop
      vertex 2.867967175983634 1.1879509007332865 1.907624916440532
      vertex 2.795260932967882 1.2456071535527786 1.9765479608874246
      vertex 2.8038488119966694 1.161392204772711 2.0278313505215477
    endloop
  endfacet
  facet normal 0.7518463409676419 0.2552174424523113 0.6079400765220775
    outer loop
      vertex 2.5353243459782453 1.0501657291188864 2.4066122251152513
      vertex 2.893084144443116 0.8559031677088152 2.0457194170790087
      vertex 2.867786598112922 0.9730375606732643 2.0278313505215477
    endloop
  endfacet
  facet normal 0.7518463409676419 0.25521744245231204 0.6079400765220773
    outer loop
      vertex 2.5353243459782453 1.0501657291188864 2.4066122251152513
      vertex 2.867786598112922 0.9730375606732643 2.0278313505215477
      vertex 2.8038488119966694 1.161392204772711 2.0278313505215477
    endloop
  endfacet
  facet normal 0.7518463409676421 0.2552174424523137 0.6079400765220765
    outer loop
      vertex 2.5353243459782453 1.0501657291188864 2.4066122251152513
      vertex 2.9314535988861934 0.7854806244708638 2.0278313505215477
      vertex 2.893084144443116 0.8559031677088152 2.0457194170790087
    endloop
  endfacet
  facet normal 0.7771302178258087 0.3832382123515089 0.499196451445351
    outer loop
      vertex 2.694001415337766 1.5442071834513569 1.904946669311491
      vertex 2.6282693945601285 1.517432042452145 2.0278313505215477
      vertex 2.795260932967882 1.2456071535527786 1.9765479608874246
    endloop
  endfacet
  facet normal 0.777130217825808 0.3832382123515082 0.4991964514453529
    outer loop
      vertex 2.6282693945601285 1.517432042452145 2.0278313505215477
      vertex 2.8038488119966694 1.161392204772711 2.0278313505215477
      vertex 2.795260932967882 1.2456071535527786 1.9765479608874246
    endloop
  endfacet
  facet normal 0.7204591365102452 0.4813954045099322 0.4991964514453512
    outer loop
      vertex 2.685018925365427 1.5665155289114046 1.8985950897401098
      vertex 2.6282693945601285 1.517432042452145 2.0278313505215477
      vertex 2.7044289765396865 1.561402797609412 1.8755121865624318
    endloop
  endfacet
  facet normal 0.7771302178258096 0.38323821235150707 0.4991964514453512
    outer loop
      vertex 2.694001415337766 1.5442071834513569 1.904946669311491
      vertex 2.7044289765396865 1.561402797609412 1.8755121865624318
      vertex 2.6282693945601285 1.517432042452145 2.0278313505215477
    endloop
  endfacet
  facet normal 0.6082774216426022 0.03986860856678122 0.7927225696110693
    outer loop
      vertex 2.4066122251152513 0 2.744215297298268
      vertex 2.3860233239099076 0.3141259298945193 2.744215297298268
      vertex 2.0278313505215477 0 3.03486408490429
    endloop
  endfacet
  facet normal 0.6082774216426026 0.03986860856678063 0.7927225696110691
    outer loop
      vertex 2.3860233239099076 0.3141259298945193 2.744215297298268
      vertex 2.0104829722073028 0.2646851046480223 3.03486408490429
      vertex 2.0278313505215477 0 3.03486408490429
    endloop
  endfacet
  facet normal 0.5978696263119353 0.11892366275409769 0.7927225696110691
    outer loop
      vertex 2.3860233239099076 0.3141259298945193 2.744215297298268
      vertex 2.3246089021018226 0.622877078036382 2.744215297298268
      vertex 2.0104829722073028 0.2646851046480223 3.03486408490429
    endloop
  endfacet
  facet normal 0.5772321159142939 0.19594390009982485 0.7927225696110695
    outer loop
      vertex 2.223419777475426 0.9209706266788905 2.744215297298268
      vertex 1.8734718801315788 0.7760174614751214 3.03486408490429
      vertex 1.9587346728274033 0.524841373770942 3.03486408490429
    endloop
  endfacet
  facet normal 0.5978696263119346 0.11892366275409852 0.7927225696110695
    outer loop
      vertex 2.3246089021018226 0.622877078036382 2.744215297298268
      vertex 1.9587346728274033 0.524841373770942 3.03486408490429
      vertex 2.0104829722073028 0.2646851046480223 3.03486408490429
    endloop
  endfacet
  facet normal 0.5772321159142939 0.1959439000998251 0.7927225696110696
    outer loop
      vertex 2.3246089021018226 0.622877078036382 2.744215297298268
      vertex 2.223419777475426 0.9209706266788905 2.744215297298268
      vertex 1.9587346728274033 0.524841373770942 3.03486408490429
    endloop
  endfacet
  facet normal 0.4997317194830225 0.03275414737353026 0.8655607282983526
    outer loop
      vertex 1.6143537192993547 0 3.273585506594312
      vertex 2.0278313505215477 0 3.03486408490429
      vertex 2.0104829722073028 0.2646851046480223 3.03486408490429
    endloop
  endfacet
  facet normal 0.4997317194830222 0.032754147373530565 0.8655607282983527
    outer loop
      vertex 1.600542699439044 0.21071544387642274 3.273585506594312
      vertex 1.6143537192993547 0 3.273585506594312
      vertex 2.0104829722073028 0.2646851046480223 3.03486408490429
    endloop
  endfacet
  facet normal 0.49118117121085964 0.09770200957786529 0.8655607282983527
    outer loop
      vertex 1.600542699439044 0.21071544387642274 3.273585506594312
      vertex 2.0104829722073028 0.2646851046480223 3.03486408490429
      vertex 1.9587346728274033 0.524841373770942 3.03486408490429
    endloop
  endfacet
  facet normal 0.4911811712108599 0.0977020095778649 0.8655607282983527
    outer loop
      vertex 1.600542699439044 0.21071544387642274 3.273585506594312
      vertex 1.9587346728274033 0.524841373770942 3.03486408490429
      vertex 1.55934595023706 0.4178254880867618 3.273585506594312
    endloop
  endfacet
  facet normal 0.47422637691813085 0.16097816331020812 0.8655607282983526
    outer loop
      vertex 1.55934595023706 0.4178254880867618 3.273585506594312
      vertex 1.8734718801315788 0.7760174614751214 3.03486408490429
      vertex 1.491468359494145 0.6177864223528258 3.273585506594312
    endloop
  endfacet
  facet normal 0.4491574378359414 0.22149993603673487 0.8655607282983527
    outer loop
      vertex 1.491468359494145 0.6177864223528258 3.273585506594312
      vertex 1.7561534641421668 1.0139156752607739 3.03486408490429
      vertex 1.3980713316071338 0.8071768596496773 3.273585506594312
    endloop
  endfacet
  facet normal 0.474226376918131 0.16097816331020803 0.8655607282983526
    outer loop
      vertex 1.55934595023706 0.4178254880867618 3.273585506594312
      vertex 1.9587346728274033 0.524841373770942 3.03486408490429
      vertex 1.8734718801315788 0.7760174614751214 3.03486408490429
    endloop
  endfacet
  facet normal 0.4491574378359414 0.22149993603673482 0.8655607282983526
    outer loop
      vertex 1.491468359494145 0.6177864223528258 3.273585506594312
      vertex 1.8734718801315788 0.7760174614751214 3.03486408490429
      vertex 1.7561534641421668 1.0139156752607739 3.03486408490429
    endloop
  endfacet
  facet normal 0.5068493954076017 0.33866593865367073 0.7927225696110693
    outer loop
      vertex 1.6087867754835565 1.2344655107321814 3.03486408490429
      vertex 1.7561534641421668 1.0139156752607739 3.03486408490429
      vertex 1.9092938475809067 1.4650526972310174 2.744215297298268
    endloop
  endfacet
  facet normal 0.5322004619635773 0.4667272787359289 0.7063485793639777
    outer loop
      vertex 1.7017318240654404 1.7017318240654404 2.744215297298268
      vertex 1.9092938475809067 1.4650526972310174 2.744215297298268
      vertex 1.9404532457554629 1.9404532457554629 2.4066122251152513
    endloop
  endfacet
  facet normal 0.45830845316019536 0.40192572621211 0.7927225696110696
    outer loop
      vertex 1.7017318240654404 1.7017318240654404 2.744215297298268
      vertex 1.4338932990564612 1.4338932990564612 3.03486408490429
      vertex 1.6087867754835565 1.2344655107321814 3.03486408490429
    endloop
  endfacet
  facet normal 0.4019257262121097 0.45830845316019564 0.7927225696110696
    outer loop
      vertex 1.4650526972310174 1.9092938475809067 2.744215297298268
      vertex 1.4338932990564612 1.4338932990564612 3.03486408490429
      vertex 1.7017318240654404 1.7017318240654404 2.744215297298268
    endloop
  endfacet
  facet normal 0.4583084531601958 0.4019257262121098 0.7927225696110695
    outer loop
      vertex 1.7017318240654404 1.7017318240654404 2.744215297298268
      vertex 1.6087867754835565 1.2344655107321814 3.03486408490429
      vertex 1.9092938475809067 1.4650526972310174 2.744215297298268
    endloop
  endfacet
  facet normal 0.634864079579323 0.3130803169961175 0.7063485793639778
    outer loop
      vertex 2.223419777475426 0.9209706266788905 2.744215297298268
      vertex 2.3765601609141656 1.372107648649134 2.4066122251152513
      vertex 2.0841873240080018 1.2033061125576257 2.744215297298268
    endloop
  endfacet
  facet normal 0.5467180039743821 0.2696114829889313 0.7927225696110693
    outer loop
      vertex 2.223419777475426 0.9209706266788905 2.744215297298268
      vertex 2.0841873240080018 1.2033061125576257 2.744215297298268
      vertex 1.8734718801315788 0.7760174614751214 3.03486408490429
    endloop
  endfacet
  facet normal 0.546718003974382 0.2696114829889313 0.7927225696110693
    outer loop
      vertex 1.7561534641421668 1.0139156752607739 3.03486408490429
      vertex 1.8734718801315788 0.7760174614751214 3.03486408490429
      vertex 2.0841873240080018 1.2033061125576257 2.744215297298268
    endloop
  endfacet
  facet normal 0.5068493954076015 0.3386659386536709 0.7927225696110695
    outer loop
      vertex 1.7561534641421668 1.0139156752607739 3.03486408490429
      vertex 2.0841873240080018 1.2033061125576257 2.744215297298268
      vertex 1.9092938475809067 1.4650526972310174 2.744215297298268
    endloop
  endfacet
  facet normal 0.5885675477331842 0.3932682623678604 0.7063485793639778
    outer loop
      vertex 1.9092938475809067 1.4650526972310174 2.744215297298268
      vertex 2.0841873240080018 1.2033061125576257 2.744215297298268
      vertex 2.177132372589886 1.6705724258908847 2.4066122251152513
    endloop
  endfacet
  facet normal 0.5322004619635771 0.46672727873592895 0.7063485793639778
    outer loop
      vertex 1.9092938475809067 1.4650526972310174 2.744215297298268
      vertex 2.177132372589886 1.6705724258908847 2.4066122251152513
      vertex 1.9404532457554629 1.9404532457554629 2.4066122251152513
    endloop
  endfacet
  facet normal 0.5885675477331843 0.39326826236786033 0.7063485793639777
    outer loop
      vertex 2.0841873240080018 1.2033061125576257 2.744215297298268
      vertex 2.3765601609141656 1.372107648649134 2.4066122251152513
      vertex 2.177132372589886 1.6705724258908847 2.4066122251152513
    endloop
  endfacet
  facet normal 0.4164032904624113 0.27823178344628763 0.8655607282983527
    outer loop
      vertex 1.3980713316071338 0.8071768596496773 3.273585506594312
      vertex 1.7561534641421668 1.0139156752607739 3.03486408490429
      vertex 1.6087867754835565 1.2344655107321814 3.03486408490429
    endloop
  endfacet
  facet normal 0.7063485793639779 0.0462965318461392 0.7063485793639779
    outer loop
      vertex 2.4066122251152513 0 2.744215297298268
      vertex 2.744215297298268 0 2.4066122251152513
      vertex 2.720738155009771 0.3581919733883597 2.4066122251152513
    endloop
  endfacet
  facet normal 0.7063485793639777 0.04629653184613961 0.7063485793639781
    outer loop
      vertex 2.4066122251152513 0 2.744215297298268
      vertex 2.720738155009771 0.3581919733883597 2.4066122251152513
      vertex 2.3860233239099076 0.3141259298945193 2.744215297298268
    endloop
  endfacet
  facet normal 0.6942627593342362 0.1380974490427057 0.7063485793639777
    outer loop
      vertex 2.3860233239099076 0.3141259298945193 2.744215297298268
      vertex 2.6507084285579308 0.7102551828024678 2.4066122251152513
      vertex 2.3246089021018226 0.622877078036382 2.744215297298268
    endloop
  endfacet
  facet normal 0.6942627593342359 0.13809744904270627 0.706348579363978
    outer loop
      vertex 2.3860233239099076 0.3141259298945193 2.744215297298268
      vertex 2.720738155009771 0.3581919733883597 2.4066122251152513
      vertex 2.6507084285579308 0.7102551828024678 2.4066122251152513
    endloop
  endfacet
  facet normal 0.6702979110062836 0.22753548059830778 0.7063485793639778
    outer loop
      vertex 2.3246089021018226 0.622877078036382 2.744215297298268
      vertex 2.6507084285579308 0.7102551828024678 2.4066122251152513
      vertex 2.5353243459782453 1.0501657291188864 2.4066122251152513
    endloop
  endfacet
  facet normal 0.6702979110062839 0.22753548059830742 0.7063485793639774
    outer loop
      vertex 2.3246089021018226 0.622877078036382 2.744215297298268
      vertex 2.5353243459782453 1.0501657291188864 2.4066122251152513
      vertex 2.223419777475426 0.9209706266788905 2.744215297298268
    endloop
  endfacet
  facet normal 0.6348640795793234 0.3130803169961172 0.7063485793639775
    outer loop
      vertex 2.223419777475426 0.9209706266788905 2.744215297298268
      vertex 2.5353243459782453 1.0501657291188864 2.4066122251152513
      vertex 2.3765601609141656 1.372107648649134 2.4066122251152513
    endloop
  endfacet
  facet normal 0.5713157878291661 0.6514607996199834 0.4991964514453514
    outer loop
      vertex 1.99283259097659 2.597109996385573 1.6143537192993547
      vertex 2.1459729744153297 2.1459729744153297 2.0278313505215477
      vertex 2.3147745105068376 2.3147745105068376 1.6143537192993547
    endloop
  endfacet
  facet normal 0.6514607996199869 0.5713157878291623 0.49919645144535124
    outer loop
      vertex 2.3256653528659577 2.276020550589473 1.6444937417821235
      vertex 2.3147745105068376 2.3147745105068376 1.6143537192993547
      vertex 2.1459729744153297 2.1459729744153297 2.0278313505215477
    endloop
  endfacet
  facet normal 0.6093469916179058 0.6948270761320746 0.3819837405963245
    outer loop
      vertex 1.99283259097659 2.597109996385573 1.6143537192993547
      vertex 2.3147745105068376 2.3147745105068376 1.6143537192993547
      vertex 2.22911166898985 2.4108629712602374 1.5762199771647853
    endloop
  endfacet
  facet normal 0.6093469916179056 0.6948270761320741 0.38198374059632567
    outer loop
      vertex 2.036747266082209 2.654340715223293 1.440197803409891
      vertex 1.99283259097659 2.597109996385573 1.6143537192993547
      vertex 2.22911166898985 2.4108629712602374 1.5762199771647853
    endloop
  endfacet
  facet normal 0.4411132710172008 0.6601726633925676 0.6079400765220774
    outer loop
      vertex 1.372107648649134 2.3765601609141656 2.4066122251152513
      vertex 1.6705724258908847 2.177132372589886 2.4066122251152513
      vertex 1.517432042452145 2.6282693945601285 2.0278313505215477
    endloop
  endfacet
  facet normal 0.44111327101720116 0.6601726633925674 0.607940076522077
    outer loop
      vertex 1.6705724258908847 2.177132372589886 2.4066122251152513
      vertex 1.847508197173579 2.4077195590887213 2.0278313505215477
      vertex 1.517432042452145 2.6282693945601285 2.0278313505215477
    endloop
  endfacet
  facet normal 0.523509309794199 0.5969479591364162 0.6079400765220772
    outer loop
      vertex 1.6705724258908847 2.177132372589886 2.4066122251152513
      vertex 1.9404532457554629 1.9404532457554629 2.4066122251152513
      vertex 1.847508197173579 2.4077195590887213 2.0278313505215477
    endloop
  endfacet
  facet normal 0.5969479591364162 0.5235093097941989 0.6079400765220773
    outer loop
      vertex 1.9404532457554629 1.9404532457554629 2.4066122251152513
      vertex 2.177132372589886 1.6705724258908847 2.4066122251152513
      vertex 2.1459729744153297 2.1459729744153297 2.0278313505215477
    endloop
  endfacet
  facet normal 0.5969479591364164 0.5235093097941987 0.6079400765220772
    outer loop
      vertex 2.177132372589886 1.6705724258908847 2.4066122251152513
      vertex 2.4077195590887213 1.847508197173579 2.0278313505215477
      vertex 2.1459729744153297 2.1459729744153297 2.0278313505215477
    endloop
  endfacet
  facet normal 0.5713157878291658 0.6514607996199835 0.4991964514453516
    outer loop
      vertex 1.99283259097659 2.597109996385573 1.6143537192993547
      vertex 1.847508197173579 2.4077195590887213 2.0278313505215477
      vertex 2.1459729744153297 2.1459729744153297 2.0278313505215477
    endloop
  endfacet
  facet normal 0.5235093097941987 0.5969479591364163 0.6079400765220773
    outer loop
      vertex 1.9404532457554629 1.9404532457554629 2.4066122251152513
      vertex 2.1459729744153297 2.1459729744153297 2.0278313505215477
      vertex 1.847508197173579 2.4077195590887213 2.0278313505215477
    endloop
  endfacet
  facet normal 0.40874951601939885 0.8288620241475335 0.38198374059632517
    outer loop
      vertex 1.6877766226804454 2.986121172425386 1.2318991481281778
      vertex 1.636792753297156 2.835008210171225 1.6143537192993547
      vertex 1.7281474863285677 2.993239249293521 1.1732540483565397
    endloop
  endfacet
  facet normal 0.4087495160194032 0.8288620241475316 0.38198374059632495
    outer loop
      vertex 1.6877766226804454 2.986121172425386 1.2318991481281778
      vertex 1.2803528566416238 3.091045231127343 1.4401978034098895
      vertex 1.636792753297156 2.835008210171225 1.6143537192993547
    endloop
  endfacet
  facet normal 0.5134408111342508 0.7684184767311636 0.38198374059632556
    outer loop
      vertex 1.636792753297156 2.835008210171225 1.6143537192993547
      vertex 1.99283259097659 2.597109996385573 1.6143537192993547
      vertex 1.7421684827587343 2.9547180173674623 1.2318991481281771
    endloop
  endfacet
  facet normal 0.5134408111342483 0.7684184767311653 0.38198374059632534
    outer loop
      vertex 1.636792753297156 2.835008210171225 1.6143537192993547
      vertex 1.7421684827587343 2.9547180173674623 1.2318991481281771
      vertex 1.7281474863285677 2.993239249293521 1.1732540483565397
    endloop
  endfacet
  facet normal 0.48139540450993 0.7204591365102463 0.4991964514453517
    outer loop
      vertex 1.636792753297156 2.835008210171225 1.6143537192993547
      vertex 1.847508197173579 2.4077195590887213 2.0278313505215477
      vertex 1.99283259097659 2.597109996385573 1.6143537192993547
    endloop
  endfacet
  facet normal 0.5134408111342507 0.7684184767311636 0.3819837405963256
    outer loop
      vertex 1.7421684827587343 2.9547180173674623 1.2318991481281771
      vertex 1.99283259097659 2.597109996385573 1.6143537192993547
      vertex 2.036747266082209 2.654340715223293 1.440197803409891
    endloop
  endfacet
  facet normal 0.4813954045099301 0.7204591365102463 0.4991964514453516
    outer loop
      vertex 1.636792753297156 2.835008210171225 1.6143537192993547
      vertex 1.517432042452145 2.6282693945601285 2.0278313505215477
      vertex 1.847508197173579 2.4077195590887213 2.0278313505215477
    endloop
  endfacet
  facet normal 0.6514607996199833 0.5713157878291667 0.49919645144535096
    outer loop
      vertex 2.520273794004618 1.9338740992358703 1.7821026901874133
      vertex 2.3256653528659577 2.276020550589473 1.6444937417821235
      vertex 2.1459729744153297 2.1459729744153297 2.0278313505215477
    endloop
  endfacet
  facet normal 0.6514607996199828 0.5713157878291664 0.499196451445352
    outer loop
      vertex 2.597109996385573 1.99283259097659 1.6143537192993547
      vertex 2.5288050793967978 2.0707194213205637 1.6143537192993547
      vertex 2.5428671986124667 1.9512106283418007 1.7327767181276128
    endloop
  endfacet
  facet normal 0.7684184767311665 0.513440811134249 0.3819837405963222
    outer loop
      vertex 2.617427955525782 1.9624246162417511 1.6143537192993547
      vertex 2.6058274091751374 1.9995216970753762 1.5878261998240522
      vertex 2.597109996385573 1.99283259097659 1.6143537192993547
    endloop
  endfacet
  facet normal 0.6948270761320747 0.6093469916179066 0.38198374059632306
    outer loop
      vertex 2.6058274091751374 1.9995216970753762 1.5878261998240522
      vertex 2.5288050793967978 2.0707194213205637 1.6143537192993547
      vertex 2.597109996385573 1.99283259097659 1.6143537192993547
    endloop
  endfacet
  facet normal 0.7204591365102476 0.48139540450992746 0.49919645144535196
    outer loop
      vertex 2.617427955525782 1.9624246162417511 1.6143537192993547
      vertex 2.597109996385573 1.99283259097659 1.6143537192993547
      vertex 2.5428671986124667 1.9512106283418007 1.7327767181276128
    endloop
  endfacet
  facet normal 0.6093469916179056 0.6948270761320745 0.3819837405963246
    outer loop
      vertex 2.22911166898985 2.4108629712602374 1.5762199771647853
      vertex 2.3147745105068376 2.3147745105068376 1.6143537192993547
      vertex 2.342473315664926 2.342473315664926 1.51978408306708
    endloop
  endfacet
  facet normal 0.6948270761320761 0.6093469916179041 0.3819837405963246
    outer loop
      vertex 2.356695391821921 2.2669729068332054 1.6143537192993547
      vertex 2.342473315664926 2.342473315664926 1.51978408306708
      vertex 2.3147745105068376 2.3147745105068376 1.6143537192993547
    endloop
  endfacet
  facet normal 0.6514607996199836 0.5713157878291636 0.49919645144535413
    outer loop
      vertex 2.356695391821921 2.2669729068332054 1.6143537192993547
      vertex 2.3147745105068376 2.3147745105068376 1.6143537192993547
      vertex 2.3256653528659577 2.276020550589473 1.6444937417821235
    endloop
  endfacet
  facet normal 0.6514607996199834 0.5713157878291657 0.4991964514453519
    outer loop
      vertex 2.520273794004618 1.9338740992358703 1.7821026901874133
      vertex 2.1459729744153297 2.1459729744153297 2.0278313505215477
      vertex 2.4077195590887213 1.847508197173579 2.0278313505215477
    endloop
  endfacet
  facet normal 0.7204591365102462 0.48139540450992957 0.49919645144535185
    outer loop
      vertex 2.520273794004618 1.9338740992358703 1.7821026901874133
      vertex 2.4077195590887213 1.847508197173579 2.0278313505215477
      vertex 2.685018925365427 1.5665155289114046 1.8985950897401098
    endloop
  endfacet
  facet normal 0.46672727873592884 0.5322004619635772 0.7063485793639779
    outer loop
      vertex 1.4650526972310174 1.9092938475809067 2.744215297298268
      vertex 1.7017318240654404 1.7017318240654404 2.744215297298268
      vertex 1.6705724258908847 2.177132372589886 2.4066122251152513
    endloop
  endfacet
  facet normal 0.466727278735929 0.5322004619635771 0.7063485793639778
    outer loop
      vertex 1.7017318240654404 1.7017318240654404 2.744215297298268
      vertex 1.9404532457554629 1.9404532457554629 2.4066122251152513
      vertex 1.6705724258908847 2.177132372589886 2.4066122251152513
    endloop
  endfacet
  facet normal 0.5773502691896213 -1.4024787743007685e-14 -0.816496580927729
    outer loop
      vertex 2.1075773774161717 -1.775352077758099 -4.755916588650769
      vertex 2.5112703987864573 -1.98014794389259 -4.470462515722154
      vertex 2.303943958954337 -1.8939530416481376 -4.617064447246711
    endloop
  endfacet
  facet normal 0.577350269189627 3.371067200747283e-15 -0.8164965809277253
    outer loop
      vertex 2.1075773774161717 -1.775352077758099 -4.755916588650769
      vertex 2.726009284045257 -2.032461965816311 -4.318619193771217
      vertex 2.5112703987864573 -1.98014794389259 -4.470462515722154
    endloop
  endfacet
  facet normal 0.577350269189626 -1.1058813868316079e-16 -0.8164965809277259
    outer loop
      vertex 2.1075773774161717 -1.775352077758099 -4.755916588650769
      vertex 2.944486372867091 -2.05 -4.164132562731402
      vertex 2.726009284045257 -2.032461965816311 -4.318619193771217
    endloop
  endfacet
  facet normal 0.5773502691896261 6.31610463347643e-16 -0.8164965809277259
    outer loop
      vertex 2.1075773774161717 -1.775352077758099 -4.755916588650769
      vertex 3.162963461688925 -2.032461965816311 -4.009645931691588
      vertex 2.944486372867091 -2.05 -4.164132562731402
    endloop
  endfacet
  facet normal 0.5773502691896255 -2.7528135608973052e-15 -0.816496580927726
    outer loop
      vertex 2.1075773774161717 -1.775352077758099 -4.755916588650769
      vertex 3.3777023469477245 -1.98014794389259 -3.857802609740651
      vertex 3.162963461688925 -2.032461965816311 -4.009645931691588
    endloop
  endfacet
  facet normal 0.5773502691896256 -2.0288923211123255e-15 -0.8164965809277261
    outer loop
      vertex 2.1075773774161717 -1.775352077758099 -4.755916588650769
      vertex 3.585028786779845 -1.8939530416481376 -3.711200678216094
      vertex 3.3777023469477245 -1.98014794389259 -3.857802609740651
    endloop
  endfacet
  facet normal 0.5773502691896256 -1.3188026319910194e-15 -0.8164965809277261
    outer loop
      vertex 1.6165572787455533 -1.2479609294678773 -5.103120230119651
      vertex 4.128054424705824 -1.4495689014324225 -3.3272235672804835
      vertex 1.760918321028358 -1.4495689014324225 -5.0010415581823215
    endloop
  endfacet
  facet normal 0.5773502691896257 -9.320661302684086e-16 -0.816496580927726
    outer loop
      vertex 1.9255305408251822 -1.626374347597032 -4.884643141297817
      vertex 1.760918321028358 -1.4495689014324225 -5.0010415581823215
      vertex 3.9634422049089997 -1.626374347597032 -3.443621984164988
    endloop
  endfacet
  facet normal 0.5773502691896258 2.3960882013449094e-15 -0.816496580927726
    outer loop
      vertex 1.9255305408251822 -1.626374347597032 -4.884643141297817
      vertex 3.78139536831801 -1.775352077758099 -3.572348536812036
      vertex 2.1075773774161717 -1.775352077758099 -4.755916588650769
    endloop
  endfacet
  facet normal 0.5773502691896257 2.655351073064862e-15 -0.816496580927726
    outer loop
      vertex 1.4949174714346687 -1.025 -5.189132562731402
      vertex 4.272415466988629 -1.2479609294678773 -3.225144895343154
      vertex 1.6165572787455533 -1.2479609294678773 -5.103120230119651
    endloop
  endfacet
  facet normal 0.5773502691896256 -2.9357183558450753e-15 -0.8164965809277261
    outer loop
      vertex 1.4949174714346687 -1.025 -5.189132562731402
      vertex 1.3980801899237194 -0.7845010363484339 -5.2576068611594655
      vertex 4.394055274299514 -1.025 -3.139132562731403
    endloop
  endfacet
  facet normal 0.5773502691896258 2.862209321118863e-16 -0.8164965809277258
    outer loop
      vertex 1.3980801899237194 -0.7845010363484339 -5.2576068611594655
      vertex 1.3277023469477245 -0.5305790424601675 -5.3073715111730735
      vertex 4.490892555810462 -0.7845010363484339 -3.0706582643033395
    endloop
  endfacet
  facet normal 0.5773502691896257 2.091252682887707e-15 -0.8164965809277261
    outer loop
      vertex 1.3277023469477245 -0.5305790424601675 -5.3073715111730735
      vertex 1.2849881269124281 -0.2675786940511057 -5.337575025813125
      vertex 4.561270398786458 -0.5305790424601675 -3.0208936142897316
    endloop
  endfacet
  facet normal 0.5773502691896256 -5.372298886337313e-16 -0.816496580927726
    outer loop
      vertex 1.2849881269124281 -0.2675786940511057 -5.337575025813125
      vertex 1.2706683819652527 0 -5.347700614570135
      vertex 4.6039846188217535 -0.2675786940511057 -2.9906900996496795
    endloop
  endfacet
  facet normal 0.5773502691896256 5.359943445375832e-16 -0.816496580927726
    outer loop
      vertex 1.2706683819652527 0 -5.347700614570135
      vertex 1.2849881269124281 0.2675786940511057 -5.337575025813125
      vertex 4.6039846188217535 0.2675786940511057 -2.9906900996496795
    endloop
  endfacet
  facet normal 0.5773502691896257 -2.0985634934270394e-15 -0.816496580927726
    outer loop
      vertex 1.2849881269124281 0.2675786940511057 -5.337575025813125
      vertex 1.3277023469477245 0.5305790424601675 -5.3073715111730735
      vertex 4.561270398786458 0.5305790424601675 -3.0208936142897316
    endloop
  endfacet
  facet normal 0.5773502691896258 -2.460234426340968e-16 -0.816496580927726
    outer loop
      vertex 1.3277023469477245 0.5305790424601675 -5.3073715111730735
      vertex 1.3980801899237194 0.7845010363484339 -5.2576068611594655
      vertex 4.490892555810462 0.7845010363484339 -3.0706582643033395
    endloop
  endfacet
  facet normal 0.5773502691896256 2.8873625259520553e-15 -0.8164965809277261
    outer loop
      vertex 1.3980801899237194 0.7845010363484339 -5.2576068611594655
      vertex 1.4949174714346687 1.025 -5.189132562731402
      vertex 4.394055274299514 1.025 -3.139132562731403
    endloop
  endfacet
  facet normal 0.5773502691896258 -2.643021774899999e-15 -0.816496580927726
    outer loop
      vertex 1.4949174714346687 1.025 -5.189132562731402
      vertex 1.6165572787455533 1.2479609294678773 -5.103120230119651
      vertex 4.272415466988629 1.2479609294678773 -3.225144895343154
    endloop
  endfacet
  facet normal 0.5773502691896256 1.2861237164457698e-15 -0.8164965809277261
    outer loop
      vertex 1.6165572787455533 1.2479609294678773 -5.103120230119651
      vertex 1.760918321028358 1.4495689014324225 -5.0010415581823215
      vertex 4.128054424705824 1.4495689014324225 -3.3272235672804835
    endloop
  endfacet
  facet normal 0.5773502691896256 1.0386477255245987e-15 -0.8164965809277261
    outer loop
      vertex 1.760918321028358 1.4495689014324225 -5.0010415581823215
      vertex 1.9255305408251822 1.626374347597032 -4.884643141297817
      vertex 3.9634422049089997 1.626374347597032 -3.443621984164988
    endloop
  endfacet
  facet normal 0.5773502691896257 -2.393941482857302e-15 -0.816496580927726
    outer loop
      vertex 1.9255305408251822 1.626374347597032 -4.884643141297817
      vertex 2.1075773774161717 1.775352077758099 -4.755916588650769
      vertex 3.78139536831801 1.775352077758099 -3.572348536812036
    endloop
  endfacet
  facet normal 0.577350269189621 1.4073268282669755e-14 -0.8164965809277295
    outer loop
      vertex 2.1075773774161717 1.775352077758099 -4.755916588650769
      vertex 2.303943958954337 1.8939530416481376 -4.617064447246711
      vertex 2.5112703987864573 1.98014794389259 -4.470462515722154
    endloop
  endfacet
  facet normal 0.577350269189627 -2.6152347973215865e-15 -0.8164965809277251
    outer loop
      vertex 2.1075773774161717 1.775352077758099 -4.755916588650769
      vertex 2.5112703987864573 1.98014794389259 -4.470462515722154
      vertex 2.726009284045257 2.032461965816311 -4.318619193771217
    endloop
  endfacet
  facet normal 0.5773502691896261 -4.55808573250509e-16 -0.8164965809277259
    outer loop
      vertex 2.1075773774161717 1.775352077758099 -4.755916588650769
      vertex 2.726009284045257 2.032461965816311 -4.318619193771217
      vertex 2.944486372867091 2.05 -4.164132562731402
    endloop
  endfacet
  facet normal 0.5773502691896262 -7.917171641818917e-16 -0.8164965809277257
    outer loop
      vertex 2.1075773774161717 1.775352077758099 -4.755916588650769
      vertex 2.944486372867091 2.05 -4.164132562731402
      vertex 3.162963461688925 2.032461965816311 -4.009645931691588
    endloop
  endfacet
  facet normal 0.5773502691896256 2.2098660885509166e-15 -0.816496580927726
    outer loop
      vertex 2.1075773774161717 1.775352077758099 -4.755916588650769
      vertex 3.162963461688925 2.032461965816311 -4.009645931691588
      vertex 3.3777023469477245 1.98014794389259 -3.857802609740651
    endloop
  endfacet
  facet normal 0.5773502691896256 1.903724433604028e-15 -0.816496580927726
    outer loop
      vertex 2.1075773774161717 1.775352077758099 -4.755916588650769
      vertex 3.3777023469477245 1.98014794389259 -3.857802609740651
      vertex 3.585028786779845 1.8939530416481376 -3.711200678216094
    endloop
  endfacet
  facet normal 0.8008078280734788 0.19509032201612778 0.5662566456580277
    outer loop
      vertex 1.3277023469477245 -0.5305790424601675 -5.3073715111730735
      vertex 8.6022141026428 -0.5305790424601675 -15.595084695719564
      vertex 8.538142772589854 -0.2675786940511057 -15.595084695719564
    endloop
  endfacet
  facet normal 0.8147483990725419 0.06540312923014373 0.5761141179450777
    outer loop
      vertex 1.2849881269124281 -0.2675786940511057 -5.337575025813125
      vertex 8.538142772589854 -0.2675786940511057 -15.595084695719564
      vertex 8.516663155169091 0 -15.595084695719564
    endloop
  endfacet
  facet normal 0.36112720334681764 0.8968727415326877 0.255355494357468
    outer loop
      vertex 2.303943958954337 -1.8939530416481376 -4.617064447246711
      vertex 10.066576520652717 -1.8939530416481376 -15.595084695719564
      vertex 9.77202664834547 -1.775352077758099 -15.595084695719564
    endloop
  endfacet
  facet normal 0.2624542243952673 0.9469301294951059 0.1855831618209493
    outer loop
      vertex 2.5112703987864573 -1.98014794389259 -4.470462515722154
      vertex 10.3775661804009 -1.98014794389259 -15.595084695719564
      vertex 10.066576520652717 -1.8939530416481376 -15.595084695719564
    endloop
  endfacet
  facet normal 0.7322935269887167 0.4422886902190001 0.5178097187527355
    outer loop
      vertex 1.4949174714346687 -1.025 -5.189132562731402
      vertex 8.853036789373215 -1.025 -15.595084695719564
      vertex 8.707780867106791 -0.7845010363484339 -15.595084695719564
    endloop
  endfacet
  facet normal 0.6788920955903298 0.5555702330196027 0.48004920448586796
    outer loop
      vertex 1.6165572787455533 -1.2479609294678773 -5.103120230119651
      vertex 9.035496500339542 -1.2479609294678773 -15.595084695719564
      vertex 8.853036789373215 -1.025 -15.595084695719564
    endloop
  endfacet
  facet normal 0.6138746322119455 0.659345815100068 0.4340749152354645
    outer loop
      vertex 1.760918321028358 -1.4495689014324225 -5.0010415581823215
      vertex 9.252038063763749 -1.4495689014324225 -15.595084695719564
      vertex 9.035496500339542 -1.2479609294678773 -15.595084695719564
    endloop
  endfacet
  facet normal 0.5383536036782086 0.7518398074789798 0.3806734838370764
    outer loop
      vertex 1.9255305408251822 -1.626374347597032 -4.884643141297817
      vertex 9.498956393458986 -1.626374347597032 -15.595084695719564
      vertex 9.252038063763749 -1.4495689014324225 -15.595084695719564
    endloop
  endfacet
  facet normal 0.7731652131102025 0.32143946530316203 0.5467103651677664
    outer loop
      vertex 1.3980801899237194 -0.7845010363484339 -5.2576068611594655
      vertex 8.707780867106791 -0.7845010363484339 -15.595084695719564
      vertex 8.6022141026428 -0.5305790424601675 -15.595084695719564
    endloop
  endfacet
  facet normal 0.45362119572572485 0.8314696123025457 0.32075862358761015
    outer loop
      vertex 2.1075773774161717 -1.775352077758099 -4.755916588650769
      vertex 9.77202664834547 -1.775352077758099 -15.595084695719564
      vertex 9.498956393458986 -1.626374347597032 -15.595084695719564
    endloop
  endfacet
  facet normal 0.15929058089825637 0.9807852804032309 0.11263544993230142
    outer loop
      vertex 2.726009284045257 -2.032461965816311 -4.318619193771217
      vertex 10.6996745082891 -2.032461965816311 -15.595084695719564
      vertex 10.3775661804009 -1.98014794389259 -15.595084695719564
    endloop
  endfacet
  facet normal 0.05340143139838686 0.9978589232386035 0.037760514266867565
    outer loop
      vertex 2.944486372867091 -2.05 -4.164132562731402
      vertex 11.027390141521849 -2.05 -15.595084695719564
      vertex 10.6996745082891 -2.032461965816311 -15.595084695719564
    endloop
  endfacet
  facet normal -0.053401431398386184 0.9978589232386035 -0.03776051426686709
    outer loop
      vertex 3.162963461688925 -2.032461965816311 -4.009645931691588
      vertex 11.355105774754602 -2.032461965816311 -15.595084695719564
      vertex 11.027390141521849 -2.05 -15.595084695719564
    endloop
  endfacet
  facet normal -0.15929058089825743 0.9807852804032304 -0.11263544993230218
    outer loop
      vertex 3.3777023469477245 -1.98014794389259 -3.857802609740651
      vertex 11.6772141026428 -1.98014794389259 -15.595084695719564
      vertex 11.355105774754602 -2.032461965816311 -15.595084695719564
    endloop
  endfacet
  facet normal -0.26245422439527105 0.9469301294951044 -0.18558316182095191
    outer loop
      vertex 3.585028786779845 -1.8939530416481376 -3.711200678216094
      vertex 11.98820376239098 -1.8939530416481376 -15.595084695719564
      vertex 11.6772141026428 -1.98014794389259 -15.595084695719564
    endloop
  endfacet
  facet normal 0.7731652131102025 0.3214394653031622 0.5467103651677663
    outer loop
      vertex 1.3980801899237194 -0.7845010363484339 -5.2576068611594655
      vertex 8.6022141026428 -0.5305790424601675 -15.595084695719564
      vertex 1.3277023469477245 -0.5305790424601675 -5.3073715111730735
    endloop
  endfacet
  facet normal 0.8008078280734792 0.19509032201612578 0.5662566456580279
    outer loop
      vertex 1.3277023469477245 -0.5305790424601675 -5.3073715111730735
      vertex 8.538142772589854 -0.2675786940511057 -15.595084695719564
      vertex 1.2849881269124281 -0.2675786940511057 -5.337575025813125
    endloop
  endfacet
  facet normal 0.814748399072542 0.06540312923014392 0.5761141179450778
    outer loop
      vertex 1.2849881269124281 -0.2675786940511057 -5.337575025813125
      vertex 8.516663155169091 0 -15.595084695719564
      vertex 1.2706683819652527 0 -5.347700614570135
    endloop
  endfacet
  facet normal 0.613874632211945 0.6593458151000687 0.43407491523546404
    outer loop
      vertex 1.6165572787455533 -1.2479609294678773 -5.103120230119651
      vertex 1.760918321028358 -1.4495689014324225 -5.0010415581823215
      vertex 9.035496500339542 -1.2479609294678773 -15.595084695719564
    endloop
  endfacet
  facet normal 0.6788920955903309 0.5555702330196008 0.4800492044858687
    outer loop
      vertex 1.4949174714346687 -1.025 -5.189132562731402
      vertex 1.6165572787455533 -1.2479609294678773 -5.103120230119651
      vertex 8.853036789373215 -1.025 -15.595084695719564
    endloop
  endfacet
  facet normal 0.7322935269887155 0.44228869021900286 0.5178097187527347
    outer loop
      vertex 1.4949174714346687 -1.025 -5.189132562731402
      vertex 8.707780867106791 -0.7845010363484339 -15.595084695719564
      vertex 1.3980801899237194 -0.7845010363484339 -5.2576068611594655
    endloop
  endfacet
  facet normal 0.5383536036782104 0.7518398074789779 0.38067348383707755
    outer loop
      vertex 1.9255305408251822 -1.626374347597032 -4.884643141297817
      vertex 9.252038063763749 -1.4495689014324225 -15.595084695719564
      vertex 1.760918321028358 -1.4495689014324225 -5.0010415581823215
    endloop
  endfacet
  facet normal 0.45362119572572535 0.8314696123025451 0.3207586235876105
    outer loop
      vertex 1.9255305408251822 -1.626374347597032 -4.884643141297817
      vertex 2.1075773774161717 -1.775352077758099 -4.755916588650769
      vertex 9.498956393458986 -1.626374347597032 -15.595084695719564
    endloop
  endfacet
  facet normal 0.3611272033468162 0.8968727415326886 0.255355494357467
    outer loop
      vertex 2.1075773774161717 -1.775352077758099 -4.755916588650769
      vertex 2.303943958954337 -1.8939530416481376 -4.617064447246711
      vertex 9.77202664834547 -1.775352077758099 -15.595084695719564
    endloop
  endfacet
  facet normal 0.262454224395269 0.9469301294951051 0.18558316182095055
    outer loop
      vertex 2.303943958954337 -1.8939530416481376 -4.617064447246711
      vertex 2.5112703987864573 -1.98014794389259 -4.470462515722154
      vertex 10.066576520652717 -1.8939530416481376 -15.595084695719564
    endloop
  endfacet
  facet normal 0.1592905808982568 0.9807852804032308 0.1126354499323017
    outer loop
      vertex 2.5112703987864573 -1.98014794389259 -4.470462515722154
      vertex 2.726009284045257 -2.032461965816311 -4.318619193771217
      vertex 10.3775661804009 -1.98014794389259 -15.595084695719564
    endloop
  endfacet
  facet normal 0.053401431398386524 0.9978589232386034 0.03776051426686733
    outer loop
      vertex 2.726009284045257 -2.032461965816311 -4.318619193771217
      vertex 2.944486372867091 -2.05 -4.164132562731402
      vertex 10.6996745082891 -2.032461965816311 -15.595084695719564
    endloop
  endfacet
  facet normal -0.05340143139838652 0.9978589232386035 -0.03776051426686733
    outer loop
      vertex 2.944486372867091 -2.05 -4.164132562731402
      vertex 3.162963461688925 -2.032461965816311 -4.009645931691588
      vertex 11.027390141521849 -2.05 -15.595084695719564
    endloop
  endfacet
  facet normal -0.1592905808982569 0.9807852804032307 -0.1126354499323018
    outer loop
      vertex 3.162963461688925 -2.032461965816311 -4.009645931691588
      vertex 3.3777023469477245 -1.98014794389259 -3.857802609740651
      vertex 11.355105774754602 -2.032461965816311 -15.595084695719564
    endloop
  endfacet
  facet normal -0.2624542243952685 0.9469301294951055 -0.18558316182095014
    outer loop
      vertex 3.3777023469477245 -1.98014794389259 -3.857802609740651
      vertex 3.585028786779845 -1.8939530416481376 -3.711200678216094
      vertex 11.6772141026428 -1.98014794389259 -15.595084695719564
    endloop
  endfacet
  facet normal -0.36112720334681697 0.8968727415326883 -0.2553554943574675
    outer loop
      vertex 3.585028786779845 -1.8939530416481376 -3.711200678216094
      vertex 3.78139536831801 -1.775352077758099 -3.572348536812036
      vertex 11.98820376239098 -1.8939530416481376 -15.595084695719564
    endloop
  endfacet
  facet normal -0.453621195725725 0.8314696123025456 -0.32075862358761026
    outer loop
      vertex 3.78139536831801 -1.775352077758099 -3.572348536812036
      vertex 3.9634422049089997 -1.626374347597032 -3.443621984164988
      vertex 12.282753634698228 -1.775352077758099 -15.595084695719564
    endloop
  endfacet
  facet normal -0.5383536036782105 0.7518398074789778 -0.3806734838370776
    outer loop
      vertex 3.9634422049089997 -1.626374347597032 -3.443621984164988
      vertex 4.128054424705824 -1.4495689014324225 -3.3272235672804835
      vertex 12.555823889584712 -1.626374347597032 -15.595084695719564
    endloop
  endfacet
  facet normal -0.6138746322119449 0.6593458151000688 -0.43407491523546415
    outer loop
      vertex 4.128054424705824 -1.4495689014324225 -3.3272235672804835
      vertex 4.272415466988629 -1.2479609294678773 -3.225144895343154
      vertex 12.80274221927995 -1.4495689014324225 -15.595084695719564
    endloop
  endfacet
  facet normal -0.6788920955903303 0.5555702330196021 -0.4800492044858684
    outer loop
      vertex 4.272415466988629 -1.2479609294678773 -3.225144895343154
      vertex 4.394055274299514 -1.025 -3.139132562731403
      vertex 13.019283782704155 -1.2479609294678773 -15.595084695719564
    endloop
  endfacet
  facet normal -0.7322935269887166 0.44228869021900047 -0.5178097187527354
    outer loop
      vertex 4.394055274299514 -1.025 -3.139132562731403
      vertex 4.490892555810462 -0.7845010363484339 -3.0706582643033395
      vertex 13.201743493670481 -1.025 -15.595084695719564
    endloop
  endfacet
  facet normal -0.773165213110202 0.32143946530316336 -0.546710365167766
    outer loop
      vertex 4.490892555810462 -0.7845010363484339 -3.0706582643033395
      vertex 4.561270398786458 -0.5305790424601675 -3.0208936142897316
      vertex 13.346999415936907 -0.7845010363484339 -15.595084695719564
    endloop
  endfacet
  facet normal -0.8008078280734793 0.19509032201612542 -0.5662566456580279
    outer loop
      vertex 4.561270398786458 -0.5305790424601675 -3.0208936142897316
      vertex 4.6039846188217535 -0.2675786940511057 -2.9906900996496795
      vertex 13.452566180400897 -0.5305790424601675 -15.595084695719564
    endloop
  endfacet
  facet normal -0.814748399072542 0.06540312923014394 -0.5761141179450778
    outer loop
      vertex 4.6039846188217535 -0.2675786940511057 -2.9906900996496795
      vertex 4.618304363768929 0 -2.9805645108926697
      vertex 13.516637510453842 -0.2675786940511057 -15.595084695719564
    endloop
  endfacet
  facet normal -0.3611272033468162 0.8968727415326886 -0.255355494357467
    outer loop
      vertex 3.78139536831801 -1.775352077758099 -3.572348536812036
      vertex 12.282753634698228 -1.775352077758099 -15.595084695719564
      vertex 11.98820376239098 -1.8939530416481376 -15.595084695719564
    endloop
  endfacet
  facet normal -0.4536211957257252 0.8314696123025455 -0.3207586235876103
    outer loop
      vertex 3.9634422049089997 -1.626374347597032 -3.443621984164988
      vertex 12.555823889584712 -1.626374347597032 -15.595084695719564
      vertex 12.282753634698228 -1.775352077758099 -15.595084695719564
    endloop
  endfacet
  facet normal -0.5383536036782092 0.7518398074789794 -0.38067348383707683
    outer loop
      vertex 4.128054424705824 -1.4495689014324225 -3.3272235672804835
      vertex 12.80274221927995 -1.4495689014324225 -15.595084695719564
      vertex 12.555823889584712 -1.626374347597032 -15.595084695719564
    endloop
  endfacet
  facet normal -0.6138746322119438 0.6593458151000704 -0.4340749152354633
    outer loop
      vertex 4.272415466988629 -1.2479609294678773 -3.225144895343154
      vertex 13.019283782704155 -1.2479609294678773 -15.595084695719564
      vertex 12.80274221927995 -1.4495689014324225 -15.595084695719564
    endloop
  endfacet
  facet normal -0.6788920955903343 0.5555702330195947 -0.48004920448587096
    outer loop
      vertex 4.394055274299514 -1.025 -3.139132562731403
      vertex 13.201743493670481 -1.025 -15.595084695719564
      vertex 13.019283782704155 -1.2479609294678773 -15.595084695719564
    endloop
  endfacet
  facet normal -0.7322935269887141 0.44228869021900674 -0.5178097187527337
    outer loop
      vertex 4.490892555810462 -0.7845010363484339 -3.0706582643033395
      vertex 13.346999415936907 -0.7845010363484339 -15.595084695719564
      vertex 13.201743493670481 -1.025 -15.595084695719564
    endloop
  endfacet
  facet normal -0.7731652131102045 0.3214394653031557 -0.5467103651677675
    outer loop
      vertex 4.561270398786458 -0.5305790424601675 -3.0208936142897316
      vertex 13.452566180400897 -0.5305790424601675 -15.595084695719564
      vertex 13.346999415936907 -0.7845010363484339 -15.595084695719564
    endloop
  endfacet
  facet normal -0.8008078280734784 0.1950903220161299 -0.5662566456580275
    outer loop
      vertex 4.6039846188217535 -0.2675786940511057 -2.9906900996496795
      vertex 13.516637510453842 -0.2675786940511057 -15.595084695719564
      vertex 13.452566180400897 -0.5305790424601675 -15.595084695719564
    endloop
  endfacet
  facet normal -0.8147483990725417 0.06540312923014759 -0.5761141179450776
    outer loop
      vertex 13.516637510453842 -0.2675786940511057 -15.595084695719564
      vertex 4.618304363768929 0 -2.9805645108926697
      vertex 13.538117127874607 0 -15.595084695719564
    endloop
  endfacet
  facet normal 0.5773502691896258 9.12600473767602e-16 -0.816496580927726
    outer loop
      vertex 2.1075773774161717 -1.775352077758099 -4.755916588650769
      vertex 3.78139536831801 -1.775352077758099 -3.572348536812036
      vertex 3.585028786779845 -1.8939530416481376 -3.711200678216094
    endloop
  endfacet
  facet normal 0.5773502691896257 -1.5084543280830472e-16 -0.8164965809277261
    outer loop
      vertex 1.9255305408251822 -1.626374347597032 -4.884643141297817
      vertex 3.9634422049089997 -1.626374347597032 -3.443621984164988
      vertex 3.78139536831801 -1.775352077758099 -3.572348536812036
    endloop
  endfacet
  facet normal 0.5773502691896256 -1.93616565076195e-15 -0.8164965809277261
    outer loop
      vertex 1.760918321028358 -1.4495689014324225 -5.0010415581823215
      vertex 4.128054424705824 -1.4495689014324225 -3.3272235672804835
      vertex 3.9634422049089997 -1.626374347597032 -3.443621984164988
    endloop
  endfacet
  facet normal 0.5773502691896258 1.5005512852048665e-15 -0.816496580927726
    outer loop
      vertex 1.6165572787455533 -1.2479609294678773 -5.103120230119651
      vertex 4.272415466988629 -1.2479609294678773 -3.225144895343154
      vertex 4.128054424705824 -1.4495689014324225 -3.3272235672804835
    endloop
  endfacet
  facet normal 0.5773502691896255 -1.579642737367549e-15 -0.8164965809277261
    outer loop
      vertex 1.4949174714346687 -1.025 -5.189132562731402
      vertex 4.394055274299514 -1.025 -3.139132562731403
      vertex 4.272415466988629 -1.2479609294678773 -3.225144895343154
    endloop
  endfacet
  facet normal 0.5773502691896258 2.531452160041775e-15 -0.8164965809277259
    outer loop
      vertex 1.3980801899237194 -0.7845010363484339 -5.2576068611594655
      vertex 4.490892555810462 -0.7845010363484339 -3.0706582643033395
      vertex 4.394055274299514 -1.025 -3.139132562731403
    endloop
  endfacet
  facet normal 0.5773502691896256 -1.2581222740632097e-15 -0.816496580927726
    outer loop
      vertex 1.3277023469477245 -0.5305790424601675 -5.3073715111730735
      vertex 4.561270398786458 -0.5305790424601675 -3.0208936142897316
      vertex 4.490892555810462 -0.7845010363484339 -3.0706582643033395
    endloop
  endfacet
  facet normal 0.5773502691896257 3.161709933367482e-16 -0.816496580927726
    outer loop
      vertex 1.2849881269124281 -0.2675786940511057 -5.337575025813125
      vertex 4.6039846188217535 -0.2675786940511057 -2.9906900996496795
      vertex 4.561270398786458 -0.5305790424601675 -3.0208936142897316
    endloop
  endfacet
  facet normal 0.5773502691896258 5.338344821322591e-16 -0.816496580927726
    outer loop
      vertex 4.6039846188217535 -0.2675786940511057 -2.9906900996496795
      vertex 1.2706683819652527 0 -5.347700614570135
      vertex 4.618304363768929 0 -2.9805645108926697
    endloop
  endfacet
  facet normal 0.814748399072542 -0.06540312923014296 0.5761141179450778
    outer loop
      vertex 1.2706683819652527 0 -5.347700614570135
      vertex 8.516663155169091 0 -15.595084695719564
      vertex 8.538142772589854 0.2675786940511057 -15.595084695719564
    endloop
  endfacet
  facet normal 0.8008078280734788 -0.19509032201612767 0.5662566456580277
    outer loop
      vertex 1.2849881269124281 0.2675786940511057 -5.337575025813125
      vertex 8.538142772589854 0.2675786940511057 -15.595084695719564
      vertex 8.6022141026428 0.5305790424601675 -15.595084695719564
    endloop
  endfacet
  facet normal 0.7731652131102023 -0.32143946530316303 0.5467103651677662
    outer loop
      vertex 1.3277023469477245 0.5305790424601675 -5.3073715111730735
      vertex 8.6022141026428 0.5305790424601675 -15.595084695719564
      vertex 8.707780867106791 0.7845010363484339 -15.595084695719564
    endloop
  endfacet
  facet normal 0.7322935269887163 -0.4422886902190009 0.5178097187527354
    outer loop
      vertex 1.3980801899237194 0.7845010363484339 -5.2576068611594655
      vertex 8.707780867106791 0.7845010363484339 -15.595084695719564
      vertex 8.853036789373215 1.025 -15.595084695719564
    endloop
  endfacet
  facet normal 0.6788920955903294 -0.5555702330196035 0.48004920448586763
    outer loop
      vertex 1.4949174714346687 1.025 -5.189132562731402
      vertex 8.853036789373215 1.025 -15.595084695719564
      vertex 9.035496500339542 1.2479609294678773 -15.595084695719564
    endloop
  endfacet
  facet normal 0.6138746322119464 -0.6593458151000667 0.43407491523546504
    outer loop
      vertex 1.6165572787455533 1.2479609294678773 -5.103120230119651
      vertex 9.035496500339542 1.2479609294678773 -15.595084695719564
      vertex 9.252038063763749 1.4495689014324225 -15.595084695719564
    endloop
  endfacet
  facet normal 0.5383536036782097 -0.7518398074789787 0.38067348383707716
    outer loop
      vertex 1.760918321028358 1.4495689014324225 -5.0010415581823215
      vertex 9.252038063763749 1.4495689014324225 -15.595084695719564
      vertex 9.498956393458986 1.626374347597032 -15.595084695719564
    endloop
  endfacet
  facet normal 0.4536211957257256 -0.831469612302545 0.32075862358761065
    outer loop
      vertex 1.9255305408251822 1.626374347597032 -4.884643141297817
      vertex 9.498956393458986 1.626374347597032 -15.595084695719564
      vertex 9.77202664834547 1.775352077758099 -15.595084695719564
    endloop
  endfacet
  facet normal 0.3611272033468181 -0.8968727415326875 0.25535549435746835
    outer loop
      vertex 2.1075773774161717 1.775352077758099 -4.755916588650769
      vertex 9.77202664834547 1.775352077758099 -15.595084695719564
      vertex 10.066576520652717 1.8939530416481376 -15.595084695719564
    endloop
  endfacet
  facet normal 0.2624542243952672 -0.946930129495106 0.18558316182094925
    outer loop
      vertex 2.303943958954337 1.8939530416481376 -4.617064447246711
      vertex 10.066576520652717 1.8939530416481376 -15.595084695719564
      vertex 10.3775661804009 1.98014794389259 -15.595084695719564
    endloop
  endfacet
  facet normal 0.15929058089825646 -0.9807852804032308 0.11263544993230148
    outer loop
      vertex 2.5112703987864573 1.98014794389259 -4.470462515722154
      vertex 10.3775661804009 1.98014794389259 -15.595084695719564
      vertex 10.6996745082891 2.032461965816311 -15.595084695719564
    endloop
  endfacet
  facet normal 0.05340143139838699 -0.9978589232386034 0.037760514266867655
    outer loop
      vertex 2.726009284045257 2.032461965816311 -4.318619193771217
      vertex 10.6996745082891 2.032461965816311 -15.595084695719564
      vertex 11.027390141521849 2.05 -15.595084695719564
    endloop
  endfacet
  facet normal -0.05340143139838613 -0.9978589232386036 -0.03776051426686705
    outer loop
      vertex 2.944486372867091 2.05 -4.164132562731402
      vertex 11.027390141521849 2.05 -15.595084695719564
      vertex 11.355105774754602 2.032461965816311 -15.595084695719564
    endloop
  endfacet
  facet normal -0.15929058089825746 -0.9807852804032305 -0.11263544993230218
    outer loop
      vertex 3.162963461688925 2.032461965816311 -4.009645931691588
      vertex 11.355105774754602 2.032461965816311 -15.595084695719564
      vertex 11.6772141026428 1.98014794389259 -15.595084695719564
    endloop
  endfacet
  facet normal -0.2624542243952698 -0.9469301294951048 -0.18558316182095103
    outer loop
      vertex 3.3777023469477245 1.98014794389259 -3.857802609740651
      vertex 11.6772141026428 1.98014794389259 -15.595084695719564
      vertex 11.98820376239098 1.8939530416481376 -15.595084695719564
    endloop
  endfacet
  facet normal 0.8147483990725419 -0.06540312923014391 0.5761141179450777
    outer loop
      vertex 1.2706683819652527 0 -5.347700614570135
      vertex 8.538142772589854 0.2675786940511057 -15.595084695719564
      vertex 1.2849881269124281 0.2675786940511057 -5.337575025813125
    endloop
  endfacet
  facet normal 0.8008078280734792 -0.1950903220161258 0.5662566456580279
    outer loop
      vertex 1.2849881269124281 0.2675786940511057 -5.337575025813125
      vertex 8.6022141026428 0.5305790424601675 -15.595084695719564
      vertex 1.3277023469477245 0.5305790424601675 -5.3073715111730735
    endloop
  endfacet
  facet normal 0.7731652131102024 -0.3214394653031622 0.5467103651677663
    outer loop
      vertex 1.3277023469477245 0.5305790424601675 -5.3073715111730735
      vertex 8.707780867106791 0.7845010363484339 -15.595084695719564
      vertex 1.3980801899237194 0.7845010363484339 -5.2576068611594655
    endloop
  endfacet
  facet normal 0.7322935269887155 -0.4422886902190028 0.5178097187527347
    outer loop
      vertex 1.3980801899237194 0.7845010363484339 -5.2576068611594655
      vertex 8.853036789373215 1.025 -15.595084695719564
      vertex 1.4949174714346687 1.025 -5.189132562731402
    endloop
  endfacet
  facet normal 0.6788920955903308 -0.555570233019601 0.4800492044858688
    outer loop
      vertex 1.4949174714346687 1.025 -5.189132562731402
      vertex 9.035496500339542 1.2479609294678773 -15.595084695719564
      vertex 1.6165572787455533 1.2479609294678773 -5.103120230119651
    endloop
  endfacet
  facet normal 0.613874632211945 -0.6593458151000687 0.43407491523546404
    outer loop
      vertex 1.6165572787455533 1.2479609294678773 -5.103120230119651
      vertex 9.252038063763749 1.4495689014324225 -15.595084695719564
      vertex 1.760918321028358 1.4495689014324225 -5.0010415581823215
    endloop
  endfacet
  facet normal 0.5383536036782103 -0.751839807478978 0.38067348383707755
    outer loop
      vertex 1.760918321028358 1.4495689014324225 -5.0010415581823215
      vertex 9.498956393458986 1.626374347597032 -15.595084695719564
      vertex 1.9255305408251822 1.626374347597032 -4.884643141297817
    endloop
  endfacet
  facet normal 0.4536211957257253 -0.8314696123025451 0.3207586235876105
    outer loop
      vertex 1.9255305408251822 1.626374347597032 -4.884643141297817
      vertex 9.77202664834547 1.775352077758099 -15.595084695719564
      vertex 2.1075773774161717 1.775352077758099 -4.755916588650769
    endloop
  endfacet
  facet normal 0.3611272033468162 -0.8968727415326887 0.25535549435746696
    outer loop
      vertex 2.1075773774161717 1.775352077758099 -4.755916588650769
      vertex 10.066576520652717 1.8939530416481376 -15.595084695719564
      vertex 2.303943958954337 1.8939530416481376 -4.617064447246711
    endloop
  endfacet
  facet normal 0.262454224395269 -0.9469301294951051 0.18558316182095055
    outer loop
      vertex 2.303943958954337 1.8939530416481376 -4.617064447246711
      vertex 10.3775661804009 1.98014794389259 -15.595084695719564
      vertex 2.5112703987864573 1.98014794389259 -4.470462515722154
    endloop
  endfacet
  facet normal 0.15929058089825676 -0.9807852804032307 0.1126354499323017
    outer loop
      vertex 2.5112703987864573 1.98014794389259 -4.470462515722154
      vertex 10.6996745082891 2.032461965816311 -15.595084695719564
      vertex 2.726009284045257 2.032461965816311 -4.318619193771217
    endloop
  endfacet
  facet normal 0.05340143139838653 -0.9978589232386035 0.03776051426686732
    outer loop
      vertex 2.726009284045257 2.032461965816311 -4.318619193771217
      vertex 11.027390141521849 2.05 -15.595084695719564
      vertex 2.944486372867091 2.05 -4.164132562731402
    endloop
  endfacet
  facet normal -0.05340143139838652 -0.9978589232386035 -0.037760514266867336
    outer loop
      vertex 2.944486372867091 2.05 -4.164132562731402
      vertex 11.355105774754602 2.032461965816311 -15.595084695719564
      vertex 3.162963461688925 2.032461965816311 -4.009645931691588
    endloop
  endfacet
  facet normal -0.15929058089825693 -0.9807852804032307 -0.1126354499323018
    outer loop
      vertex 3.162963461688925 2.032461965816311 -4.009645931691588
      vertex 11.6772141026428 1.98014794389259 -15.595084695719564
      vertex 3.3777023469477245 1.98014794389259 -3.857802609740651
    endloop
  endfacet
  facet normal -0.45362119572572496 -0.8314696123025455 -0.32075862358761026
    outer loop
      vertex 3.78139536831801 1.775352077758099 -3.572348536812036
      vertex 12.555823889584712 1.626374347597032 -15.595084695719564
      vertex 3.9634422049089997 1.626374347597032 -3.443621984164988
    endloop
  endfacet
  facet normal -0.8147483990725419 -0.06540312923014392 -0.5761141179450778
    outer loop
      vertex 4.618304363768929 0 -2.9805645108926697
      vertex 4.6039846188217535 0.2675786940511057 -2.9906900996496795
      vertex 13.538117127874607 0 -15.595084695719564
    endloop
  endfacet
  facet normal -0.8008078280734793 -0.19509032201612544 -0.566256645658028
    outer loop
      vertex 4.6039846188217535 0.2675786940511057 -2.9906900996496795
      vertex 4.561270398786458 0.5305790424601675 -3.0208936142897316
      vertex 13.516637510453842 0.2675786940511057 -15.595084695719564
    endloop
  endfacet
  facet normal -0.7731652131102023 -0.3214394653031634 -0.546710365167766
    outer loop
      vertex 4.561270398786458 0.5305790424601675 -3.0208936142897316
      vertex 4.490892555810462 0.7845010363484339 -3.0706582643033395
      vertex 13.452566180400897 0.5305790424601675 -15.595084695719564
    endloop
  endfacet
  facet normal -0.6788920955903303 -0.555570233019602 -0.4800492044858682
    outer loop
      vertex 4.272415466988629 1.2479609294678773 -3.225144895343154
      vertex 13.201743493670481 1.025 -15.595084695719564
      vertex 4.394055274299514 1.025 -3.139132562731403
    endloop
  endfacet
  facet normal -0.5383536036782105 -0.7518398074789779 -0.3806734838370777
    outer loop
      vertex 4.128054424705824 1.4495689014324225 -3.3272235672804835
      vertex 3.9634422049089997 1.626374347597032 -3.443621984164988
      vertex 12.80274221927995 1.4495689014324225 -15.595084695719564
    endloop
  endfacet
  facet normal -0.6138746322119448 -0.6593458151000687 -0.4340749152354641
    outer loop
      vertex 4.272415466988629 1.2479609294678773 -3.225144895343154
      vertex 4.128054424705824 1.4495689014324225 -3.3272235672804835
      vertex 13.019283782704155 1.2479609294678773 -15.595084695719564
    endloop
  endfacet
  facet normal -0.7322935269887165 -0.4422886902190005 -0.5178097187527355
    outer loop
      vertex 4.490892555810462 0.7845010363484339 -3.0706582643033395
      vertex 4.394055274299514 1.025 -3.139132562731403
      vertex 13.346999415936907 0.7845010363484339 -15.595084695719564
    endloop
  endfacet
  facet normal -0.2624542243952685 -0.9469301294951054 -0.18558316182095008
    outer loop
      vertex 3.3777023469477245 1.98014794389259 -3.857802609740651
      vertex 11.98820376239098 1.8939530416481376 -15.595084695719564
      vertex 3.585028786779845 1.8939530416481376 -3.711200678216094
    endloop
  endfacet
  facet normal -0.3611272033468169 -0.8968727415326883 -0.2553554943574675
    outer loop
      vertex 3.585028786779845 1.8939530416481376 -3.711200678216094
      vertex 12.282753634698228 1.775352077758099 -15.595084695719564
      vertex 3.78139536831801 1.775352077758099 -3.572348536812036
    endloop
  endfacet
  facet normal -0.453621195725725 -0.8314696123025456 -0.32075862358761026
    outer loop
      vertex 3.78139536831801 1.775352077758099 -3.572348536812036
      vertex 12.282753634698228 1.775352077758099 -15.595084695719564
      vertex 12.555823889584712 1.626374347597032 -15.595084695719564
    endloop
  endfacet
  facet normal -0.5383536036782091 -0.7518398074789794 -0.38067348383707666
    outer loop
      vertex 3.9634422049089997 1.626374347597032 -3.443621984164988
      vertex 12.555823889584712 1.626374347597032 -15.595084695719564
      vertex 12.80274221927995 1.4495689014324225 -15.595084695719564
    endloop
  endfacet
  facet normal -0.6138746322119483 -0.659345815100064 -0.43407491523546654
    outer loop
      vertex 4.128054424705824 1.4495689014324225 -3.3272235672804835
      vertex 12.80274221927995 1.4495689014324225 -15.595084695719564
      vertex 13.019283782704155 1.2479609294678773 -15.595084695719564
    endloop
  endfacet
  facet normal -0.7731652131102043 -0.32143946530315554 -0.5467103651677676
    outer loop
      vertex 4.490892555810462 0.7845010363484339 -3.0706582643033395
      vertex 13.346999415936907 0.7845010363484339 -15.595084695719564
      vertex 13.452566180400897 0.5305790424601675 -15.595084695719564
    endloop
  endfacet
  facet normal -0.8147483990725418 -0.0654031292301468 -0.5761141179450777
    outer loop
      vertex 4.6039846188217535 0.2675786940511057 -2.9906900996496795
      vertex 13.516637510453842 0.2675786940511057 -15.595084695719564
      vertex 13.538117127874607 0 -15.595084695719564
    endloop
  endfacet
  facet normal -0.8008078280734775 -0.1950903220161357 -0.5662566456580267
    outer loop
      vertex 4.561270398786458 0.5305790424601675 -3.0208936142897316
      vertex 13.452566180400897 0.5305790424601675 -15.595084695719564
      vertex 13.516637510453842 0.2675786940511057 -15.595084695719564
    endloop
  endfacet
  facet normal -0.678892095590334 -0.5555702330195946 -0.48004920448587113
    outer loop
      vertex 4.272415466988629 1.2479609294678773 -3.225144895343154
      vertex 13.019283782704155 1.2479609294678773 -15.595084695719564
      vertex 13.201743493670481 1.025 -15.595084695719564
    endloop
  endfacet
  facet normal -0.7322935269887144 -0.4422886902190062 -0.5178097187527338
    outer loop
      vertex 4.394055274299514 1.025 -3.139132562731403
      vertex 13.201743493670481 1.025 -15.595084695719564
      vertex 13.346999415936907 0.7845010363484339 -15.595084695719564
    endloop
  endfacet
  facet normal -0.3611272033468144 -0.8968727415326896 -0.2553554943574657
    outer loop
      vertex 3.585028786779845 1.8939530416481376 -3.711200678216094
      vertex 11.98820376239098 1.8939530416481376 -15.595084695719564
      vertex 12.282753634698228 1.775352077758099 -15.595084695719564
    endloop
  endfacet
  facet normal 0.5773502691896258 -6.475464460506893e-16 -0.816496580927726
    outer loop
      vertex 1.2706683819652527 0 -5.347700614570135
      vertex 4.6039846188217535 0.2675786940511057 -2.9906900996496795
      vertex 4.618304363768929 0 -2.9805645108926697
    endloop
  endfacet
  facet normal 0.5773502691896257 3.8273827955192234e-17 -0.816496580927726
    outer loop
      vertex 1.2849881269124281 0.2675786940511057 -5.337575025813125
      vertex 4.561270398786458 0.5305790424601675 -3.0208936142897316
      vertex 4.6039846188217535 0.2675786940511057 -2.9906900996496795
    endloop
  endfacet
  facet normal 0.5773502691896256 8.598256475024595e-16 -0.816496580927726
    outer loop
      vertex 1.3277023469477245 0.5305790424601675 -5.3073715111730735
      vertex 4.490892555810462 0.7845010363484339 -3.0706582643033395
      vertex 4.561270398786458 0.5305790424601675 -3.0208936142897316
    endloop
  endfacet
  facet normal 0.5773502691896258 -3.202550295519453e-15 -0.8164965809277259
    outer loop
      vertex 1.3980801899237194 0.7845010363484339 -5.2576068611594655
      vertex 4.394055274299514 1.025 -3.139132562731403
      vertex 4.490892555810462 0.7845010363484339 -3.0706582643033395
    endloop
  endfacet
  facet normal 0.5773502691896255 9.697200898876065e-16 -0.8164965809277261
    outer loop
      vertex 1.4949174714346687 1.025 -5.189132562731402
      vertex 4.272415466988629 1.2479609294678773 -3.225144895343154
      vertex 4.394055274299514 1.025 -3.139132562731403
    endloop
  endfacet
  facet normal 0.5773502691896257 -3.7384280641602383e-16 -0.8164965809277261
    outer loop
      vertex 1.9255305408251822 1.626374347597032 -4.884643141297817
      vertex 3.78139536831801 1.775352077758099 -3.572348536812036
      vertex 3.9634422049089997 1.626374347597032 -3.443621984164988
    endloop
  endfacet
  facet normal 0.5773502691896258 -9.904879247502498e-16 -0.816496580927726
    outer loop
      vertex 1.6165572787455533 1.2479609294678773 -5.103120230119651
      vertex 4.128054424705824 1.4495689014324225 -3.3272235672804835
      vertex 4.272415466988629 1.2479609294678773 -3.225144895343154
    endloop
  endfacet
  facet normal 0.5773502691896256 1.5112079359203354e-15 -0.8164965809277261
    outer loop
      vertex 1.760918321028358 1.4495689014324225 -5.0010415581823215
      vertex 3.9634422049089997 1.626374347597032 -3.443621984164988
      vertex 4.128054424705824 1.4495689014324225 -3.3272235672804835
    endloop
  endfacet
  facet normal 0.5773502691896258 -1.2061941498583232e-15 -0.816496580927726
    outer loop
      vertex 2.1075773774161717 1.775352077758099 -4.755916588650769
      vertex 3.585028786779845 1.8939530416481376 -3.711200678216094
      vertex 3.78139536831801 1.775352077758099 -3.572348536812036
    endloop
  endfacet
  facet normal 0.3819355710140848 0.8421478007437203 0.38067348383708044
    outer loop
      vertex -2.1358226536905565 0.8002155492837861 -5.001041558182322
      vertex -5.881382525058248 7.287715549283776 -15.595084695719564
      vertex -6.157959697811859 7.413150372377565 -15.595084695719564
    endloop
  endfacet
  facet normal 0.49326320886594044 0.8085822853448236 0.3207586235876097
    outer loop
      vertex -6.423513324172728 7.575147285046619 -15.595084695719564
      vertex -2.3712467714949623 0.8543711903188784 -4.884643141297818
      vertex -6.157959697811859 7.413150372377565 -15.595084695719564
    endloop
  endfacet
  facet normal 0.8374704612184218 0.5451764578087587 0.03776051426686923
    outer loop
      vertex -7.289047148519018 8.524999999999986 -15.595084695719564
      vertex -3.123168336645212 1.3445623080272646 -4.318619193771219
      vertex -7.1100009487671265 8.249958953494964 -15.595084695719564
    endloop
  endfacet
  facet normal 0.7697396780379144 0.6283423298430849 0.11263544993230058
    outer loop
      vertex -7.1100009487671265 8.249958953494964 -15.595084695719564
      vertex -2.970493622055734 1.184749989174653 -4.470462515722155
      vertex -6.903641512862949 7.997161969735116 -15.595084695719564
    endloop
  endfacet
  facet normal 0.8908718926168102 0.4526824654298464 -0.037760514266867745
    outer loop
      vertex -7.289047148519018 8.524999999999986 -15.595084695719564
      vertex -7.437716581999878 8.817579080688695 -15.595084695719564
      vertex -3.2475952641916432 1.5249999999999977 -4.164132562731404
    endloop
  endfacet
  facet normal 0.9290302589361713 0.35244295056014113 -0.11263544993230415
    outer loop
      vertex -7.437716581999878 8.817579080688695 -15.595084695719564
      vertex -7.5534654739838984 9.122690086372266 -15.595084695719564
      vertex -3.341645425467046 1.7229757261564194 -4.00964593169159
    endloop
  endfacet
  facet normal 0.9512926599492834 0.24617303909071106 -0.1855831618209482
    outer loop
      vertex -7.5534654739838984 9.122690086372266 -15.595084695719564
      vertex -7.634313328837577 9.435112483150695 -15.595084695719564
      vertex -3.4037095961363675 1.9351020669327523 -3.857802609740653
    endloop
  endfacet
  facet normal 0.6888384355540159 0.7007570904043963 0.18558316182094933
    outer loop
      vertex -6.673499707968446 7.7709344752011384 -15.595084695719564
      vertex -6.903641512862949 7.997161969735116 -15.595084695719564
      vertex -2.7921834271192614 1.0482974765260766 -4.617064447246713
    endloop
  endfacet
  facet normal 0.5961509764556943 0.7611817028623163 0.25535549435746724
    outer loop
      vertex -6.673499707968446 7.7709344752011384 -15.595084695719564
      vertex -2.5912886887080844 0.9375395104047368 -4.75591658865077
      vertex -6.423513324172728 7.575147285046619 -15.595084695719564
    endloop
  endfacet
  facet normal 0.2640729096496457 0.861303933784408 0.4340749152354628
    outer loop
      vertex -1.889044507222397 0.7759992053323499 -5.103120230119652
      vertex -5.598514118019386 7.200989040365485 -15.595084695719564
      vertex -5.881382525058248 7.287715549283776 -15.595084695719564
    endloop
  endfacet
  facet normal 0.14169188758624843 0.8657229177194811 0.48004920448586796
    outer loop
      vertex -1.889044507222397 0.7759992053323499 -5.103120230119652
      vertex -5.3141944335656515 7.154454760235419 -15.595084695719564
      vertex -5.598514118019386 7.200989040365485 -15.595084695719564
    endloop
  endfacet
  facet normal 0.016886478041838616 0.8553291425086341 0.5178097187527357
    outer loop
      vertex -1.6351347745963825 0.7821365068236186 -5.1891325627314036
      vertex -5.033288260326353 7.148908923328341 -15.595084695719564
      vertex -5.3141944335656515 7.154454760235419 -15.595084695719564
    endloop
  endfacet
  facet normal -0.1082078638236753 0.8303004485274259 0.5467103651677664
    outer loop
      vertex -1.3784379217348213 0.8185224428274944 -5.257606861159466
      vertex -4.760601980807522 7.184446420451329 -15.595084695719564
      vertex -5.033288260326353 7.148908923328341 -15.595084695719564
    endloop
  endfacet
  facet normal -0.23145073913828346 0.7910650836691391 0.5662566456580269
    outer loop
      vertex -1.1233461029599883 0.8845344398908637 -5.307371511173074
      vertex -4.500801332854643 7.260459195175752 -15.595084695719564
      vertex -4.760601980807522 7.184446420451329 -15.595084695719564
    endloop
  endfacet
  facet normal -0.35073342813597047 0.7382943759045953 0.576114117945077
    outer loop
      vertex -0.8742240100159342 0.9790430144419897 -5.337575025813126
      vertex -4.258331577584539 7.375646647851353 -15.595084695719564
      vertex -4.500801332854643 7.260459195175752 -15.595084695719564
    endloop
  endfacet
  facet normal 0.3819355710140895 0.8421478007437193 0.3806734838370781
    outer loop
      vertex -2.3712467714949623 0.8543711903188784 -4.884643141297818
      vertex -2.1358226536905565 0.8002155492837861 -5.001041558182322
      vertex -6.157959697811859 7.413150372377565 -15.595084695719564
    endloop
  endfacet
  facet normal 0.493263208865941 0.8085822853448233 0.32075862358760954
    outer loop
      vertex -6.423513324172728 7.575147285046619 -15.595084695719564
      vertex -2.5912886887080844 0.9375395104047368 -4.75591658865077
      vertex -2.3712467714949623 0.8543711903188784 -4.884643141297818
    endloop
  endfacet
  facet normal 0.26407290964964525 0.8613039337844077 0.43407491523546327
    outer loop
      vertex -1.889044507222397 0.7759992053323499 -5.103120230119652
      vertex -5.881382525058248 7.287715549283776 -15.595084695719564
      vertex -2.1358226536905565 0.8002155492837861 -5.001041558182322
    endloop
  endfacet
  facet normal 0.6888384355540154 0.7007570904043966 0.1855831618209499
    outer loop
      vertex -6.903641512862949 7.997161969735116 -15.595084695719564
      vertex -2.970493622055734 1.184749989174653 -4.470462515722155
      vertex -2.7921834271192614 1.0482974765260766 -4.617064447246713
    endloop
  endfacet
  facet normal 0.5961509764556917 0.761181702862318 0.2553554943574682
    outer loop
      vertex -6.673499707968446 7.7709344752011384 -15.595084695719564
      vertex -2.7921834271192614 1.0482974765260766 -4.617064447246713
      vertex -2.5912886887080844 0.9375395104047368 -4.75591658865077
    endloop
  endfacet
  facet normal 0.9290302589361702 0.35244295056014513 -0.1126354499323009
    outer loop
      vertex -7.5534654739838984 9.122690086372266 -15.595084695719564
      vertex -3.4037095961363675 1.9351020669327523 -3.857802609740653
      vertex -3.341645425467046 1.7229757261564194 -4.00964593169159
    endloop
  endfacet
  facet normal 0.9512926599492836 0.24617303909071014 -0.18558316182094858
    outer loop
      vertex -7.634313328837577 9.435112483150695 -15.595084695719564
      vertex -3.4327258410320156 2.157749481825781 -3.711200678216096
      vertex -3.4037095961363675 1.9351020669327523 -3.857802609740653
    endloop
  endfacet
  facet normal 0.9572781798025112 0.13569103867037002 -0.2553554943574685
    outer loop
      vertex -7.634313328837577 9.435112483150695 -15.595084695719564
      vertex -3.4281976841590036 2.3871084118371595 -3.5723485368120382
      vertex -3.4327258410320156 2.157749481825781 -3.711200678216096
    endloop
  endfacet
  facet normal 0.946884404591665 0.022887326957722335 -0.3207586235876103
    outer loop
      vertex -7.678876817349106 9.74950063719525 -15.595084695719564
      vertex -3.3902026035368715 2.6192544620840845 -3.44362198416499
      vertex -3.4281976841590036 2.3871084118371595 -3.5723485368120382
    endloop
  endfacet
  facet normal 0.9202891746923022 -0.09030799326474019 -0.38067348383707644
    outer loop
      vertex -7.686393445874721 10.060475280025372 -15.595084695719564
      vertex -3.31939070552929 2.850215549283787 -3.3272235672804857
      vertex -3.3902026035368715 2.6192544620840845 -3.44362198416499
    endloop
  endfacet
  facet normal 0.8779475418615895 -0.20195811868433894 -0.43407491523546377
    outer loop
      vertex -7.6567346028163445 10.362715549283774 -15.595084695719564
      vertex -3.2169736013439354 3.076039865199768 -3.2251448953431563
      vertex -3.31939070552929 2.850215549283787 -3.3272235672804857
    endloop
  endfacet
  facet normal 0.769739678037914 0.6283423298430852 0.11263544993230133
    outer loop
      vertex -7.1100009487671265 8.249958953494964 -15.595084695719564
      vertex -3.123168336645212 1.3445623080272646 -4.318619193771219
      vertex -2.970493622055734 1.184749989174653 -4.470462515722155
    endloop
  endfacet
  facet normal 0.8374704612184236 0.5451764578087565 0.03776051426686754
    outer loop
      vertex -7.289047148519018 8.524999999999986 -15.595084695719564
      vertex -3.2475952641916432 1.5249999999999977 -4.164132562731404
      vertex -3.123168336645212 1.3445623080272646 -4.318619193771219
    endloop
  endfacet
  facet normal 0.8908718926168092 0.45268246542984875 -0.037760514266866656
    outer loop
      vertex -7.437716581999878 8.817579080688695 -15.595084695719564
      vertex -3.341645425467046 1.7229757261564194 -4.00964593169159
      vertex -3.2475952641916432 1.5249999999999977 -4.164132562731404
    endloop
  endfacet
  facet normal 0.8205839831765795 -0.3101526846998797 -0.48004920448586924
    outer loop
      vertex -7.5904077592016925 10.651050030166608 -15.595084695719564
      vertex -3.084703676028805 3.2928634931763767 -3.139132562731405
      vertex -3.2169736013439354 3.076039865199768 -3.2251448953431563
    endloop
  endfacet
  facet normal 0.7491800050305608 -0.41304045228963215 -0.5178097187527335
    outer loop
      vertex -7.488547785714284 10.920545239764554 -15.595084695719564
      vertex -2.9248441046781934 3.496976520824067 -3.070658264303342
      vertex -3.084703676028805 3.2928634931763767 -3.139132562731405
    endloop
  endfacet
  facet normal 0.6649573492865258 -0.5088609832242638 -0.5467103651677665
    outer loop
      vertex -7.352897534741409 11.166590040323197 -15.595084695719564
      vertex -2.7401301288793554 3.684886517648964 -3.0208936142897342
      vertex -2.9248441046781934 3.496976520824067 -3.070658264303342
    endloop
  endfacet
  facet normal 0.5693570889351892 -0.5959747616530124 -0.5662566456580286
    outer loop
      vertex -6.990048701786636 11.571962110773113 -15.595084695719564
      vertex -2.5337222559705976 3.8533782915068997 -2.990690099649682
      vertex -2.7401301288793554 3.684886517648964 -3.0208936142897342
    endloop
  endfacet
  facet normal 0.4640149709365725 -0.6728912466744513 -0.5761141179450772
    outer loop
      vertex -6.769058563937296 11.724353352148617 -15.595084695719564
      vertex -2.309152181884464 3.9995689014324203 -2.9805645108926724
      vertex -2.5337222559705976 3.8533782915068997 -2.990690099649682
    endloop
  endfacet
  facet normal 0.3507334281359703 -0.7382943759045952 -0.5761141179450774
    outer loop
      vertex -6.526588808667193 11.839540804824217 -15.595084695719564
      vertex -2.0702623628511545 4.1209569855580055 -2.990690099649682
      vertex -2.309152181884464 3.9995689014324203 -2.9805645108926724
    endloop
  endfacet
  facet normal 0.23145073913828831 -0.7910650836691372 -0.5662566456580276
    outer loop
      vertex -6.266788160714315 11.915553579548643 -15.595084695719564
      vertex -1.8211402699071007 4.2154655601091315 -3.0208936142897342
      vertex -2.0702623628511545 4.1209569855580055 -2.990690099649682
    endloop
  endfacet
  facet normal 0.9572781798025114 0.1356910386703721 -0.2553554943574671
    outer loop
      vertex -7.634313328837577 9.435112483150695 -15.595084695719564
      vertex -7.678876817349106 9.74950063719525 -15.595084695719564
      vertex -3.4281976841590036 2.3871084118371595 -3.5723485368120382
    endloop
  endfacet
  facet normal 0.946884404591665 0.022887326957720142 -0.32075862358761087
    outer loop
      vertex -7.678876817349106 9.74950063719525 -15.595084695719564
      vertex -7.686393445874721 10.060475280025372 -15.595084695719564
      vertex -3.3902026035368715 2.6192544620840845 -3.44362198416499
    endloop
  endfacet
  facet normal 0.9202891746923014 -0.09030799326474256 -0.380673483837078
    outer loop
      vertex -7.686393445874721 10.060475280025372 -15.595084695719564
      vertex -7.6567346028163445 10.362715549283774 -15.595084695719564
      vertex -3.31939070552929 2.850215549283787 -3.3272235672804857
    endloop
  endfacet
  facet normal 0.8779475418615911 -0.20195811868433586 -0.43407491523546216
    outer loop
      vertex -7.6567346028163445 10.362715549283774 -15.595084695719564
      vertex -7.5904077592016925 10.651050030166608 -15.595084695719564
      vertex -3.2169736013439354 3.076039865199768 -3.2251448953431563
    endloop
  endfacet
  facet normal 0.8205839831765824 -0.31015268469987584 -0.4800492044858668
    outer loop
      vertex -7.5904077592016925 10.651050030166608 -15.595084695719564
      vertex -7.488547785714284 10.920545239764554 -15.595084695719564
      vertex -3.084703676028805 3.2928634931763767 -3.139132562731405
    endloop
  endfacet
  facet normal 0.749180005030557 -0.41304045228963604 -0.5178097187527356
    outer loop
      vertex -7.488547785714284 10.920545239764554 -15.595084695719564
      vertex -7.352897534741409 11.166590040323197 -15.595084695719564
      vertex -2.9248441046781934 3.496976520824067 -3.070658264303342
    endloop
  endfacet
  facet normal 0.6649573492865276 -0.5088609832242628 -0.5467103651677655
    outer loop
      vertex -7.352897534741409 11.166590040323197 -15.595084695719564
      vertex -7.185778019686571 11.384974537088475 -15.595084695719564
      vertex -2.7401301288793554 3.684886517648964 -3.0208936142897342
    endloop
  endfacet
  facet normal 0.5693570889351895 -0.5959747616530129 -0.5662566456580277
    outer loop
      vertex -7.185778019686571 11.384974537088475 -15.595084695719564
      vertex -6.990048701786636 11.571962110773113 -15.595084695719564
      vertex -2.7401301288793554 3.684886517648964 -3.0208936142897342
    endloop
  endfacet
  facet normal 0.464014970936572 -0.6728912466744518 -0.5761141179450774
    outer loop
      vertex -6.990048701786636 11.571962110773113 -15.595084695719564
      vertex -6.769058563937296 11.724353352148617 -15.595084695719564
      vertex -2.5337222559705976 3.8533782915068997 -2.990690099649682
    endloop
  endfacet
  facet normal 0.3507334281359692 -0.7382943759045958 -0.5761141179450773
    outer loop
      vertex -6.769058563937296 11.724353352148617 -15.595084695719564
      vertex -6.526588808667193 11.839540804824217 -15.595084695719564
      vertex -2.309152181884464 3.9995689014324203 -2.9805645108926724
    endloop
  endfacet
  facet normal 0.23145073913829178 -0.7910650836691359 -0.5662566456580278
    outer loop
      vertex -6.526588808667193 11.839540804824217 -15.595084695719564
      vertex -6.266788160714315 11.915553579548643 -15.595084695719564
      vertex -2.0702623628511545 4.1209569855580055 -2.990690099649682
    endloop
  endfacet
  facet normal 0.1082078638236772 -0.8303004485274257 -0.546710365167766
    outer loop
      vertex -6.266788160714315 11.915553579548643 -15.595084695719564
      vertex -5.994101881195483 11.95109107667163 -15.595084695719564
      vertex -1.8211402699071007 4.2154655601091315 -3.0208936142897342
    endloop
  endfacet
  facet normal -0.016886478041846214 -0.8553291425086348 -0.5178097187527344
    outer loop
      vertex -1.5660484511322674 4.281477557172501 -3.070658264303342
      vertex -5.994101881195483 11.95109107667163 -15.595084695719564
      vertex -5.713195707956185 11.945545239764552 -15.595084695719564
    endloop
  endfacet
  facet normal -0.14169188758625026 -0.8657229177194803 -0.4800492044858685
    outer loop
      vertex -1.3093515982707062 4.317863493176376 -3.139132562731405
      vertex -5.713195707956185 11.945545239764552 -15.595084695719564
      vertex -5.428876023502449 11.899010959634486 -15.595084695719564
    endloop
  endfacet
  facet normal -0.26407290964964575 -0.8613039337844082 -0.4340749152354627
    outer loop
      vertex -1.0554418656446918 4.324000794667645 -3.2251448953431563
      vertex -5.428876023502449 11.899010959634486 -15.595084695719564
      vertex -5.146007616463588 11.812284450716195 -15.595084695719564
    endloop
  endfacet
  facet normal -0.3819355710140887 -0.8421478007437196 -0.38067348383707794
    outer loop
      vertex -0.8086637191765322 4.299784450716209 -3.3272235672804857
      vertex -5.146007616463588 11.812284450716195 -15.595084695719564
      vertex -4.869430443709977 11.686849627622404 -15.595084695719564
    endloop
  endfacet
  facet normal -0.49326320886593833 -0.8085822853448246 -0.3207586235876103
    outer loop
      vertex -0.5732396013721264 4.245628809681117 -3.44362198416499
      vertex -4.869430443709977 11.686849627622404 -15.595084695719564
      vertex -4.603876817349107 11.52485271495335 -15.595084695719564
    endloop
  endfacet
  facet normal -0.46401497093657307 0.6728912466744505 0.5761141179450777
    outer loop
      vertex -0.4107641168964911 1.2466217084930955 -5.337575025813126
      vertex -4.0373414397352 7.528037889226858 -15.595084695719564
      vertex -4.258331577584539 7.375646647851353 -15.595084695719564
    endloop
  endfacet
  facet normal -0.5693570889351935 0.5959747616530098 0.5662566456580271
    outer loop
      vertex -0.20435624398773336 1.4151134823510314 -5.307371511173074
      vertex -3.841612121835267 7.7150254629114965 -15.595084695719564
      vertex -4.0373414397352 7.528037889226858 -15.595084695719564
    endloop
  endfacet
  facet normal -0.6649573492865214 0.5088609832242692 0.5467103651677669
    outer loop
      vertex -0.019642268188895282 1.6030234791759281 -5.257606861159466
      vertex -3.6744926067804267 7.933409959676774 -15.595084695719564
      vertex -3.841612121835267 7.7150254629114965 -15.595084695719564
    endloop
  endfacet
  facet normal -0.7491800050305617 0.41304045228963004 0.5178097187527337
    outer loop
      vertex -3.6744926067804267 7.933409959676774 -15.595084695719564
      vertex 0.1402173031617164 1.8071365068236185 -5.1891325627314036
      vertex -3.5388423558075526 8.17945476023542 -15.595084695719564
    endloop
  endfacet
  facet normal -0.8205839831765785 0.3101526846998825 0.4800492044858694
    outer loop
      vertex -3.5388423558075526 8.17945476023542 -15.595084695719564
      vertex 0.2724872284768464 2.023960134800227 -5.103120230119652
      vertex -3.436982382320143 8.448949969833361 -15.595084695719564
    endloop
  endfacet
  facet normal -0.8779475418615904 0.20195811868433716 0.43407491523546277
    outer loop
      vertex -3.436982382320143 8.448949969833361 -15.595084695719564
      vertex 0.37490433266220097 2.2497844507162084 -5.001041558182322
      vertex -3.37065553870549 8.737284450716198 -15.595084695719564
    endloop
  endfacet
  facet normal -0.9202891746923015 0.09030799326474175 0.38067348383707766
    outer loop
      vertex -3.37065553870549 8.737284450716198 -15.595084695719564
      vertex 0.4457162306697828 2.4807455379159102 -4.884643141297818
      vertex -3.340996695647114 9.039524719974597 -15.595084695719564
    endloop
  endfacet
  facet normal 0.14169188758625 0.8657229177194807 0.480049204485868
    outer loop
      vertex -1.889044507222397 0.7759992053323499 -5.103120230119652
      vertex -1.6351347745963825 0.7821365068236186 -5.1891325627314036
      vertex -5.3141944335656515 7.154454760235419 -15.595084695719564
    endloop
  endfacet
  facet normal -0.10820786382367589 0.8303004485274261 0.5467103651677658
    outer loop
      vertex -1.3784379217348213 0.8185224428274944 -5.257606861159466
      vertex -1.1233461029599883 0.8845344398908637 -5.307371511173074
      vertex -4.760601980807522 7.184446420451329 -15.595084695719564
    endloop
  endfacet
  facet normal 0.01688647804184271 0.8553291425086346 0.517809718752735
    outer loop
      vertex -1.6351347745963825 0.7821365068236186 -5.1891325627314036
      vertex -1.3784379217348213 0.8185224428274944 -5.257606861159466
      vertex -5.033288260326353 7.148908923328341 -15.595084695719564
    endloop
  endfacet
  facet normal -0.2314507391382882 0.7910650836691373 0.5662566456580275
    outer loop
      vertex -1.1233461029599883 0.8845344398908637 -5.307371511173074
      vertex -0.8742240100159342 0.9790430144419897 -5.337575025813126
      vertex -4.500801332854643 7.260459195175752 -15.595084695719564
    endloop
  endfacet
  facet normal -0.35073342813596986 0.7382943759045955 0.5761141179450773
    outer loop
      vertex -0.8742240100159342 0.9790430144419897 -5.337575025813126
      vertex -0.6353341909826249 1.1004310985675747 -5.347700614570136
      vertex -4.258331577584539 7.375646647851353 -15.595084695719564
    endloop
  endfacet
  facet normal -0.46401497093657273 0.6728912466744512 0.5761141179450774
    outer loop
      vertex -0.6353341909826249 1.1004310985675747 -5.347700614570136
      vertex -0.4107641168964911 1.2466217084930955 -5.337575025813126
      vertex -4.258331577584539 7.375646647851353 -15.595084695719564
    endloop
  endfacet
  facet normal -0.5693570889351912 0.5959747616530114 0.5662566456580275
    outer loop
      vertex -0.4107641168964911 1.2466217084930955 -5.337575025813126
      vertex -0.20435624398773336 1.4151134823510314 -5.307371511173074
      vertex -4.0373414397352 7.528037889226858 -15.595084695719564
    endloop
  endfacet
  facet normal -0.6649573492865263 0.508860983224264 0.5467103651677658
    outer loop
      vertex -0.20435624398773336 1.4151134823510314 -5.307371511173074
      vertex -0.019642268188895282 1.6030234791759281 -5.257606861159466
      vertex -3.841612121835267 7.7150254629114965 -15.595084695719564
    endloop
  endfacet
  facet normal -0.7491800050305597 0.41304045228963276 0.5178097187527346
    outer loop
      vertex -0.019642268188895282 1.6030234791759281 -5.257606861159466
      vertex 0.1402173031617164 1.8071365068236185 -5.1891325627314036
      vertex -3.6744926067804267 7.933409959676774 -15.595084695719564
    endloop
  endfacet
  facet normal -0.8205839831765807 0.31015268469987906 0.48004920448586796
    outer loop
      vertex -3.5388423558075526 8.17945476023542 -15.595084695719564
      vertex 0.1402173031617164 1.8071365068236185 -5.1891325627314036
      vertex 0.2724872284768464 2.023960134800227 -5.103120230119652
    endloop
  endfacet
  facet normal -0.8779475418615895 0.20195811868433827 0.4340749152354638
    outer loop
      vertex -3.436982382320143 8.448949969833361 -15.595084695719564
      vertex 0.2724872284768464 2.023960134800227 -5.103120230119652
      vertex 0.37490433266220097 2.2497844507162084 -5.001041558182322
    endloop
  endfacet
  facet normal -0.920289174692301 0.09030799326474383 0.3806734838370785
    outer loop
      vertex -3.37065553870549 8.737284450716198 -15.595084695719564
      vertex 0.37490433266220097 2.2497844507162084 -5.001041558182322
      vertex 0.4457162306697828 2.4807455379159102 -4.884643141297818
    endloop
  endfacet
  facet normal -0.9468844045916651 -0.02288732695772336 0.32075862358761
    outer loop
      vertex -3.340996695647114 9.039524719974597 -15.595084695719564
      vertex 0.4457162306697828 2.4807455379159102 -4.884643141297818
      vertex 0.48371131129191486 2.7128915881628357 -4.75591658865077
    endloop
  endfacet
  facet normal 0.10820786382367584 -0.8303004485274262 -0.5467103651677658
    outer loop
      vertex -1.8211402699071007 4.2154655601091315 -3.0208936142897342
      vertex -5.994101881195483 11.95109107667163 -15.595084695719564
      vertex -1.5660484511322674 4.281477557172501 -3.070658264303342
    endloop
  endfacet
  facet normal -0.016886478041844035 -0.8553291425086349 -0.5178097187527345
    outer loop
      vertex -1.5660484511322674 4.281477557172501 -3.070658264303342
      vertex -5.713195707956185 11.945545239764552 -15.595084695719564
      vertex -1.3093515982707062 4.317863493176376 -3.139132562731405
    endloop
  endfacet
  facet normal -0.14169188758624787 -0.8657229177194806 -0.4800492044858687
    outer loop
      vertex -1.3093515982707062 4.317863493176376 -3.139132562731405
      vertex -5.428876023502449 11.899010959634486 -15.595084695719564
      vertex -1.0554418656446918 4.324000794667645 -3.2251448953431563
    endloop
  endfacet
  facet normal -0.26407290964964525 -0.8613039337844078 -0.4340749152354632
    outer loop
      vertex -1.0554418656446918 4.324000794667645 -3.2251448953431563
      vertex -5.146007616463588 11.812284450716195 -15.595084695719564
      vertex -0.8086637191765322 4.299784450716209 -3.3272235672804857
    endloop
  endfacet
  facet normal -0.38193557101409 -0.8421478007437193 -0.3806734838370778
    outer loop
      vertex -0.8086637191765322 4.299784450716209 -3.3272235672804857
      vertex -4.869430443709977 11.686849627622404 -15.595084695719564
      vertex -0.5732396013721264 4.245628809681117 -3.44362198416499
    endloop
  endfacet
  facet normal -0.49326320886594216 -0.8085822853448229 -0.32075862358760865
    outer loop
      vertex -0.5732396013721264 4.245628809681117 -3.44362198416499
      vertex -4.603876817349107 11.52485271495335 -15.595084695719564
      vertex -0.3531976841590046 4.162460489595258 -3.5723485368120382
    endloop
  endfacet
  facet normal -0.5961509764556939 -0.7611817028623167 -0.25535549435746757
    outer loop
      vertex -0.3531976841590046 4.162460489595258 -3.5723485368120382
      vertex -4.3538904335533894 11.329065524798832 -15.595084695719564
      vertex -0.15230294574782757 4.051702523473918 -3.711200678216096
    endloop
  endfacet
  facet normal -0.9572781798025114 -0.1356910386703727 0.2553554943574664
    outer loop
      vertex -3.3485133241727296 9.350499362804719 -15.595084695719564
      vertex 0.48371131129191486 2.7128915881628357 -4.75591658865077
      vertex 0.48823946816492664 2.9422505181742142 -4.617064447246713
    endloop
  endfacet
  facet normal -0.9290302589361706 -0.352442950560143 0.11263544993230291
    outer loop
      vertex -3.473924667537937 9.977309913627707 -15.595084695719564
      vertex 0.4592232232692785 3.164897933067243 -4.470462515722155
      vertex 0.39715905259995704 3.377024273843576 -4.318619193771219
    endloop
  endfacet
  facet normal -0.8374704612184234 -0.5451764578087567 -0.03776051426686761
    outer loop
      vertex -3.73834299300282 10.574999999999985 -15.595084695719564
      vertex 0.3031088913245545 3.5749999999999975 -4.164132562731404
      vertex 0.17868196377812315 3.7554376919727304 -4.00964593169159
    endloop
  endfacet
  facet normal -0.8908718926168095 -0.4526824654298479 0.03776051426686751
    outer loop
      vertex -3.589673559521958 10.282420919311274 -15.595084695719564
      vertex 0.39715905259995704 3.377024273843576 -4.318619193771219
      vertex 0.3031088913245545 3.5749999999999975 -4.164132562731404
    endloop
  endfacet
  facet normal -0.7697396780379139 -0.6283423298430855 -0.11263544993230129
    outer loop
      vertex -3.917389192754709 10.850041046505007 -15.595084695719564
      vertex 0.17868196377812315 3.7554376919727304 -4.00964593169159
      vertex 0.026007249188644912 3.9152500108253423 -3.857802609740653
    endloop
  endfacet
  facet normal -0.6888384355540144 -0.7007570904043975 -0.18558316182095075
    outer loop
      vertex -0.15230294574782757 4.051702523473918 -3.711200678216096
      vertex -4.123748628658887 11.102838030264856 -15.595084695719564
      vertex 0.026007249188644912 3.9152500108253423 -3.857802609740653
    endloop
  endfacet
  facet normal -0.9512926599492838 -0.2461730390907084 0.18558316182094967
    outer loop
      vertex -3.3930768126842588 9.664887516849276 -15.595084695719564
      vertex 0.48823946816492664 2.9422505181742142 -4.617064447246713
      vertex 0.4592232232692785 3.164897933067243 -4.470462515722155
    endloop
  endfacet
  facet normal -0.8374704612184245 -0.5451764578087549 -0.03776051426686598
    outer loop
      vertex -3.917389192754709 10.850041046505007 -15.595084695719564
      vertex -3.73834299300282 10.574999999999985 -15.595084695719564
      vertex 0.17868196377812315 3.7554376919727304 -4.00964593169159
    endloop
  endfacet
  facet normal -0.7697396780379155 -0.6283423298430837 -0.11263544993229944
    outer loop
      vertex -3.917389192754709 10.850041046505007 -15.595084695719564
      vertex 0.026007249188644912 3.9152500108253423 -3.857802609740653
      vertex -4.123748628658887 11.102838030264856 -15.595084695719564
    endloop
  endfacet
  facet normal -0.9468844045916653 -0.022887326957722855 0.32075862358760937
    outer loop
      vertex -3.340996695647114 9.039524719974597 -15.595084695719564
      vertex 0.48371131129191486 2.7128915881628357 -4.75591658865077
      vertex -3.3485133241727296 9.350499362804719 -15.595084695719564
    endloop
  endfacet
  facet normal -0.9572781798025114 -0.13569103867037136 0.25535549435746757
    outer loop
      vertex -3.3485133241727296 9.350499362804719 -15.595084695719564
      vertex 0.48823946816492664 2.9422505181742142 -4.617064447246713
      vertex -3.3930768126842588 9.664887516849276 -15.595084695719564
    endloop
  endfacet
  facet normal -0.9512926599492838 -0.2461730390907084 0.1855831618209501
    outer loop
      vertex -3.3930768126842588 9.664887516849276 -15.595084695719564
      vertex 0.4592232232692785 3.164897933067243 -4.470462515722155
      vertex -3.473924667537937 9.977309913627707 -15.595084695719564
    endloop
  endfacet
  facet normal -0.9290302589361701 -0.3524429505601448 0.11263544993230155
    outer loop
      vertex -3.473924667537937 9.977309913627707 -15.595084695719564
      vertex 0.39715905259995704 3.377024273843576 -4.318619193771219
      vertex -3.589673559521958 10.282420919311274 -15.595084695719564
    endloop
  endfacet
  facet normal -0.8908718926168093 -0.45268246542984864 0.03776051426686615
    outer loop
      vertex -3.589673559521958 10.282420919311274 -15.595084695719564
      vertex 0.3031088913245545 3.5749999999999975 -4.164132562731404
      vertex -3.73834299300282 10.574999999999985 -15.595084695719564
    endloop
  endfacet
  facet normal -0.5961509764556933 -0.7611817028623172 -0.2553554943574673
    outer loop
      vertex -0.3531976841590046 4.162460489595258 -3.5723485368120382
      vertex -4.603876817349107 11.52485271495335 -15.595084695719564
      vertex -4.3538904335533894 11.329065524798832 -15.595084695719564
    endloop
  endfacet
  facet normal -0.6888384355540133 -0.700757090404398 -0.18558316182095247
    outer loop
      vertex -0.15230294574782757 4.051702523473918 -3.711200678216096
      vertex -4.3538904335533894 11.329065524798832 -15.595084695719564
      vertex -4.123748628658887 11.102838030264856 -15.595084695719564
    endloop
  endfacet
  facet normal -0.2886751345948095 0.5000000000000009 -0.8164965809277268
    outer loop
      vertex -3.4281976841590036 2.3871084118371595 -3.5723485368120382
      vertex -2.970493622055734 1.184749989174653 -4.470462515722155
      vertex -3.123168336645212 1.3445623080272646 -4.318619193771219
    endloop
  endfacet
  facet normal -0.28867513459481453 0.499999999999999 -0.8164965809277261
    outer loop
      vertex -3.2475952641916432 1.5249999999999977 -4.164132562731404
      vertex -3.4281976841590036 2.3871084118371595 -3.5723485368120382
      vertex -3.123168336645212 1.3445623080272646 -4.318619193771219
    endloop
  endfacet
  facet normal -0.28867513459481775 0.499999999999998 -0.8164965809277256
    outer loop
      vertex -3.2475952641916432 1.5249999999999977 -4.164132562731404
      vertex -3.341645425467046 1.7229757261564194 -4.00964593169159
      vertex -3.4281976841590036 2.3871084118371595 -3.5723485368120382
    endloop
  endfacet
  facet normal -0.28867513459479865 0.500000000000003 -0.8164965809277294
    outer loop
      vertex -3.341645425467046 1.7229757261564194 -4.00964593169159
      vertex -3.4037095961363675 1.9351020669327523 -3.857802609740653
      vertex -3.4281976841590036 2.3871084118371595 -3.5723485368120382
    endloop
  endfacet
  facet normal -0.28867513459480193 0.5000000000000023 -0.8164965809277286
    outer loop
      vertex -3.4037095961363675 1.9351020669327523 -3.857802609740653
      vertex -3.4327258410320156 2.157749481825781 -3.711200678216096
      vertex -3.4281976841590036 2.3871084118371595 -3.5723485368120382
    endloop
  endfacet
  facet normal -0.2886751345948153 0.49999999999999845 -0.8164965809277261
    outer loop
      vertex -3.4281976841590036 2.3871084118371595 -3.5723485368120382
      vertex -2.7921834271192614 1.0482974765260766 -4.617064447246713
      vertex -2.970493622055734 1.184749989174653 -4.470462515722155
    endloop
  endfacet
  facet normal -0.28867513459481386 0.4999999999999989 -0.8164965809277264
    outer loop
      vertex -3.3902026035368715 2.6192544620840845 -3.44362198416499
      vertex -2.3712467714949623 0.8543711903188784 -4.884643141297818
      vertex -2.5912886887080844 0.9375395104047368 -4.75591658865077
    endloop
  endfacet
  facet normal -0.2886751345948119 0.5000000000000001 -0.8164965809277263
    outer loop
      vertex -3.4281976841590036 2.3871084118371595 -3.5723485368120382
      vertex -2.5912886887080844 0.9375395104047368 -4.75591658865077
      vertex -2.7921834271192614 1.0482974765260766 -4.617064447246713
    endloop
  endfacet
  facet normal -0.2886751345948112 0.5000000000000003 -0.8164965809277263
    outer loop
      vertex -3.31939070552929 2.850215549283787 -3.3272235672804857
      vertex -2.1358226536905565 0.8002155492837861 -5.001041558182322
      vertex -2.3712467714949623 0.8543711903188784 -4.884643141297818
    endloop
  endfacet
  facet normal -0.2886751345948135 0.4999999999999992 -0.8164965809277263
    outer loop
      vertex -3.2169736013439354 3.076039865199768 -3.2251448953431563
      vertex -1.889044507222397 0.7759992053323499 -5.103120230119652
      vertex -2.1358226536905565 0.8002155492837861 -5.001041558182322
    endloop
  endfacet
  facet normal -0.2886751345948139 0.499999999999999 -0.8164965809277263
    outer loop
      vertex -1.889044507222397 0.7759992053323499 -5.103120230119652
      vertex -3.084703676028805 3.2928634931763767 -3.139132562731405
      vertex -1.6351347745963825 0.7821365068236186 -5.1891325627314036
    endloop
  endfacet
  facet normal -0.28867513459481275 0.4999999999999996 -0.8164965809277264
    outer loop
      vertex -1.6351347745963825 0.7821365068236186 -5.1891325627314036
      vertex -2.9248441046781934 3.496976520824067 -3.070658264303342
      vertex -1.3784379217348213 0.8185224428274944 -5.257606861159466
    endloop
  endfacet
  facet normal -0.2886751345948128 0.49999999999999956 -0.8164965809277264
    outer loop
      vertex -3.4281976841590036 2.3871084118371595 -3.5723485368120382
      vertex -3.3902026035368715 2.6192544620840845 -3.44362198416499
      vertex -2.5912886887080844 0.9375395104047368 -4.75591658865077
    endloop
  endfacet
  facet normal -0.2886751345948142 0.4999999999999988 -0.8164965809277263
    outer loop
      vertex -3.3902026035368715 2.6192544620840845 -3.44362198416499
      vertex -3.31939070552929 2.850215549283787 -3.3272235672804857
      vertex -2.3712467714949623 0.8543711903188784 -4.884643141297818
    endloop
  endfacet
  facet normal -0.2886751345948116 0.5000000000000001 -0.8164965809277264
    outer loop
      vertex -3.31939070552929 2.850215549283787 -3.3272235672804857
      vertex -3.2169736013439354 3.076039865199768 -3.2251448953431563
      vertex -2.1358226536905565 0.8002155492837861 -5.001041558182322
    endloop
  endfacet
  facet normal -0.28867513459481253 0.49999999999999967 -0.8164965809277264
    outer loop
      vertex -3.2169736013439354 3.076039865199768 -3.2251448953431563
      vertex -3.084703676028805 3.2928634931763767 -3.139132562731405
      vertex -1.889044507222397 0.7759992053323499 -5.103120230119652
    endloop
  endfacet
  facet normal -0.28867513459481303 0.4999999999999994 -0.8164965809277264
    outer loop
      vertex -1.6351347745963825 0.7821365068236186 -5.1891325627314036
      vertex -3.084703676028805 3.2928634931763767 -3.139132562731405
      vertex -2.9248441046781934 3.496976520824067 -3.070658264303342
    endloop
  endfacet
  facet normal -0.28867513459481253 0.4999999999999998 -0.8164965809277264
    outer loop
      vertex -1.3784379217348213 0.8185224428274944 -5.257606861159466
      vertex -2.7401301288793554 3.684886517648964 -3.0208936142897342
      vertex -1.1233461029599883 0.8845344398908637 -5.307371511173074
    endloop
  endfacet
  facet normal -0.28867513459481253 0.4999999999999997 -0.8164965809277265
    outer loop
      vertex -1.3784379217348213 0.8185224428274944 -5.257606861159466
      vertex -2.9248441046781934 3.496976520824067 -3.070658264303342
      vertex -2.7401301288793554 3.684886517648964 -3.0208936142897342
    endloop
  endfacet
  facet normal -0.28867513459481303 0.49999999999999917 -0.8164965809277264
    outer loop
      vertex -1.1233461029599883 0.8845344398908637 -5.307371511173074
      vertex -2.7401301288793554 3.684886517648964 -3.0208936142897342
      vertex -2.5337222559705976 3.8533782915068997 -2.990690099649682
    endloop
  endfacet
  facet normal -0.2886751345948121 0.4999999999999998 -0.8164965809277265
    outer loop
      vertex -0.8742240100159342 0.9790430144419897 -5.337575025813126
      vertex -2.5337222559705976 3.8533782915068997 -2.990690099649682
      vertex -2.309152181884464 3.9995689014324203 -2.9805645108926724
    endloop
  endfacet
  facet normal -0.28867513459481303 0.4999999999999993 -0.8164965809277265
    outer loop
      vertex -0.6353341909826249 1.1004310985675747 -5.347700614570136
      vertex -2.309152181884464 3.9995689014324203 -2.9805645108926724
      vertex -2.0702623628511545 4.1209569855580055 -2.990690099649682
    endloop
  endfacet
  facet normal -0.28867513459481087 0.5000000000000007 -0.8164965809277265
    outer loop
      vertex -1.1233461029599883 0.8845344398908637 -5.307371511173074
      vertex -2.5337222559705976 3.8533782915068997 -2.990690099649682
      vertex -0.8742240100159342 0.9790430144419897 -5.337575025813126
    endloop
  endfacet
  facet normal -0.28867513459481303 0.4999999999999993 -0.8164965809277263
    outer loop
      vertex -0.8742240100159342 0.9790430144419897 -5.337575025813126
      vertex -2.309152181884464 3.9995689014324203 -2.9805645108926724
      vertex -0.6353341909826249 1.1004310985675747 -5.347700614570136
    endloop
  endfacet
  facet normal -0.2886751345948124 0.49999999999999967 -0.8164965809277265
    outer loop
      vertex -0.6353341909826249 1.1004310985675747 -5.347700614570136
      vertex -2.0702623628511545 4.1209569855580055 -2.990690099649682
      vertex -0.4107641168964911 1.2466217084930955 -5.337575025813126
    endloop
  endfacet
  facet normal -0.28867513459481237 0.4999999999999996 -0.8164965809277264
    outer loop
      vertex -0.4107641168964911 1.2466217084930955 -5.337575025813126
      vertex -2.0702623628511545 4.1209569855580055 -2.990690099649682
      vertex -1.8211402699071007 4.2154655601091315 -3.0208936142897342
    endloop
  endfacet
  facet normal -0.2886751345948125 0.4999999999999999 -0.8164965809277263
    outer loop
      vertex -0.20435624398773336 1.4151134823510314 -5.307371511173074
      vertex -1.8211402699071007 4.2154655601091315 -3.0208936142897342
      vertex -1.5660484511322674 4.281477557172501 -3.070658264303342
    endloop
  endfacet
  facet normal -0.2886751345948118 0.5000000000000001 -0.8164965809277264
    outer loop
      vertex -0.019642268188895282 1.6030234791759281 -5.257606861159466
      vertex -1.5660484511322674 4.281477557172501 -3.070658264303342
      vertex -1.3093515982707062 4.317863493176376 -3.139132562731405
    endloop
  endfacet
  facet normal -0.2886751345948145 0.4999999999999986 -0.8164965809277263
    outer loop
      vertex -0.4107641168964911 1.2466217084930955 -5.337575025813126
      vertex -1.8211402699071007 4.2154655601091315 -3.0208936142897342
      vertex -0.20435624398773336 1.4151134823510314 -5.307371511173074
    endloop
  endfacet
  facet normal -0.28867513459481237 0.49999999999999983 -0.8164965809277264
    outer loop
      vertex -0.20435624398773336 1.4151134823510314 -5.307371511173074
      vertex -1.5660484511322674 4.281477557172501 -3.070658264303342
      vertex -0.019642268188895282 1.6030234791759281 -5.257606861159466
    endloop
  endfacet
  facet normal -0.28867513459481314 0.4999999999999995 -0.8164965809277263
    outer loop
      vertex -0.019642268188895282 1.6030234791759281 -5.257606861159466
      vertex -1.3093515982707062 4.317863493176376 -3.139132562731405
      vertex 0.1402173031617164 1.8071365068236185 -5.1891325627314036
    endloop
  endfacet
  facet normal -0.28867513459481153 0.5000000000000003 -0.8164965809277265
    outer loop
      vertex -1.0554418656446918 4.324000794667645 -3.2251448953431563
      vertex 0.2724872284768464 2.023960134800227 -5.103120230119652
      vertex 0.1402173031617164 1.8071365068236185 -5.1891325627314036
    endloop
  endfacet
  facet normal -0.2886751345948116 0.5000000000000002 -0.8164965809277264
    outer loop
      vertex -0.8086637191765322 4.299784450716209 -3.3272235672804857
      vertex 0.37490433266220097 2.2497844507162084 -5.001041558182322
      vertex 0.2724872284768464 2.023960134800227 -5.103120230119652
    endloop
  endfacet
  facet normal -0.28867513459481303 0.4999999999999995 -0.8164965809277264
    outer loop
      vertex -1.0554418656446918 4.324000794667645 -3.2251448953431563
      vertex -0.8086637191765322 4.299784450716209 -3.3272235672804857
      vertex 0.2724872284768464 2.023960134800227 -5.103120230119652
    endloop
  endfacet
  facet normal -0.28867513459481337 0.4999999999999994 -0.8164965809277261
    outer loop
      vertex -1.3093515982707062 4.317863493176376 -3.139132562731405
      vertex -1.0554418656446918 4.324000794667645 -3.2251448953431563
      vertex 0.1402173031617164 1.8071365068236185 -5.1891325627314036
    endloop
  endfacet
  facet normal -0.28867513459481275 0.49999999999999944 -0.8164965809277264
    outer loop
      vertex -0.8086637191765322 4.299784450716209 -3.3272235672804857
      vertex -0.5732396013721264 4.245628809681117 -3.44362198416499
      vertex 0.37490433266220097 2.2497844507162084 -5.001041558182322
    endloop
  endfacet
  facet normal -0.2886751345948111 0.5000000000000006 -0.8164965809277264
    outer loop
      vertex -0.5732396013721264 4.245628809681117 -3.44362198416499
      vertex -0.3531976841590046 4.162460489595258 -3.5723485368120382
      vertex 0.4457162306697828 2.4807455379159102 -4.884643141297818
    endloop
  endfacet
  facet normal -0.28867513459481453 0.4999999999999988 -0.8164965809277261
    outer loop
      vertex -0.5732396013721264 4.245628809681117 -3.44362198416499
      vertex 0.4457162306697828 2.4807455379159102 -4.884643141297818
      vertex 0.37490433266220097 2.2497844507162084 -5.001041558182322
    endloop
  endfacet
  facet normal -0.28867513459481237 0.5000000000000002 -0.8164965809277261
    outer loop
      vertex -0.3531976841590046 4.162460489595258 -3.5723485368120382
      vertex 0.48371131129191486 2.7128915881628357 -4.75591658865077
      vertex 0.4457162306697828 2.4807455379159102 -4.884643141297818
    endloop
  endfacet
  facet normal -0.28867513459481353 0.4999999999999995 -0.8164965809277263
    outer loop
      vertex -0.15230294574782757 4.051702523473918 -3.711200678216096
      vertex 0.48823946816492664 2.9422505181742142 -4.617064447246713
      vertex 0.48371131129191486 2.7128915881628357 -4.75591658865077
    endloop
  endfacet
  facet normal -0.28867513459480937 0.5000000000000018 -0.8164965809277263
    outer loop
      vertex -0.15230294574782757 4.051702523473918 -3.711200678216096
      vertex 0.4592232232692785 3.164897933067243 -4.470462515722155
      vertex 0.48823946816492664 2.9422505181742142 -4.617064447246713
    endloop
  endfacet
  facet normal -0.28867513459481975 0.4999999999999951 -0.8164965809277266
    outer loop
      vertex 0.4592232232692785 3.164897933067243 -4.470462515722155
      vertex 0.026007249188644912 3.9152500108253423 -3.857802609740653
      vertex 0.39715905259995704 3.377024273843576 -4.318619193771219
    endloop
  endfacet
  facet normal -0.28867513459481464 0.49999999999999856 -0.8164965809277263
    outer loop
      vertex -0.3531976841590046 4.162460489595258 -3.5723485368120382
      vertex -0.15230294574782757 4.051702523473918 -3.711200678216096
      vertex 0.48371131129191486 2.7128915881628357 -4.75591658865077
    endloop
  endfacet
  facet normal -0.288675134594815 0.4999999999999978 -0.8164965809277266
    outer loop
      vertex -0.15230294574782757 4.051702523473918 -3.711200678216096
      vertex 0.026007249188644912 3.9152500108253423 -3.857802609740653
      vertex 0.4592232232692785 3.164897933067243 -4.470462515722155
    endloop
  endfacet
  facet normal -0.28867513459481325 0.5 -0.8164965809277258
    outer loop
      vertex 0.17868196377812315 3.7554376919727304 -4.00964593169159
      vertex 0.3031088913245545 3.5749999999999975 -4.164132562731404
      vertex 0.39715905259995704 3.377024273843576 -4.318619193771219
    endloop
  endfacet
  facet normal -0.28867513459480026 0.5000000000000078 -0.8164965809277257
    outer loop
      vertex 0.17868196377812315 3.7554376919727304 -4.00964593169159
      vertex 0.39715905259995704 3.377024273843576 -4.318619193771219
      vertex 0.026007249188644912 3.9152500108253423 -3.857802609740653
    endloop
  endfacet
  facet normal 0.6649573492865276 0.5088609832242628 -0.5467103651677655
    outer loop
      vertex -7.185778019686571 -11.384974537088475 -15.595084695719564
      vertex -7.352897534741409 -11.166590040323197 -15.595084695719564
      vertex -2.7401301288793554 -3.684886517648964 -3.0208936142897342
    endloop
  endfacet
  facet normal 0.5693570889351895 0.5959747616530129 -0.5662566456580278
    outer loop
      vertex -7.185778019686571 -11.384974537088475 -15.595084695719564
      vertex -2.5337222559705976 -3.8533782915068997 -2.990690099649682
      vertex -6.990048701786636 -11.571962110773113 -15.595084695719564
    endloop
  endfacet
  facet normal 0.46401497093657196 0.6728912466744518 -0.5761141179450774
    outer loop
      vertex -6.769058563937296 -11.724353352148617 -15.595084695719564
      vertex -6.990048701786636 -11.571962110773113 -15.595084695719564
      vertex -2.309152181884464 -3.9995689014324203 -2.9805645108926724
    endloop
  endfacet
  facet normal 0.3507334281359692 0.7382943759045958 -0.5761141179450772
    outer loop
      vertex -6.769058563937296 -11.724353352148617 -15.595084695719564
      vertex -2.309152181884464 -3.9995689014324203 -2.9805645108926724
      vertex -6.526588808667193 -11.839540804824217 -15.595084695719564
    endloop
  endfacet
  facet normal 0.23145073913829178 0.7910650836691359 -0.5662566456580278
    outer loop
      vertex -6.526588808667193 -11.839540804824217 -15.595084695719564
      vertex -2.0702623628511545 -4.1209569855580055 -2.990690099649682
      vertex -6.266788160714315 -11.915553579548643 -15.595084695719564
    endloop
  endfacet
  facet normal 0.749180005030557 0.41304045228963604 -0.5178097187527356
    outer loop
      vertex -7.352897534741409 -11.166590040323197 -15.595084695719564
      vertex -7.488547785714284 -10.920545239764554 -15.595084695719564
      vertex -2.9248441046781934 -3.496976520824067 -3.070658264303342
    endloop
  endfacet
  facet normal 0.8205839831765824 0.31015268469987584 -0.48004920448586685
    outer loop
      vertex -7.488547785714284 -10.920545239764554 -15.595084695719564
      vertex -7.5904077592016925 -10.651050030166608 -15.595084695719564
      vertex -3.084703676028805 -3.2928634931763767 -3.139132562731405
    endloop
  endfacet
  facet normal 0.87794754186159 0.20195811868433827 -0.4340749152354632
    outer loop
      vertex -7.5904077592016925 -10.651050030166608 -15.595084695719564
      vertex -7.656734602816345 -10.362715549283774 -15.595084695719564
      vertex -3.2169736013439354 -3.076039865199768 -3.2251448953431563
    endloop
  endfacet
  facet normal 0.9202891746923022 0.09030799326473993 -0.3806734838370768
    outer loop
      vertex -7.656734602816345 -10.362715549283774 -15.595084695719564
      vertex -7.686393445874721 -10.060475280025372 -15.595084695719564
      vertex -3.31939070552929 -2.850215549283787 -3.3272235672804857
    endloop
  endfacet
  facet normal 0.9468844045916646 -0.022887326957717426 -0.3207586235876123
    outer loop
      vertex -7.686393445874721 -10.060475280025372 -15.595084695719564
      vertex -7.678876817349107 -9.74950063719525 -15.595084695719564
      vertex -3.3902026035368715 -2.6192544620840845 -3.44362198416499
    endloop
  endfacet
  facet normal 0.9572781798025114 -0.1356910386703748 -0.2553554943574656
    outer loop
      vertex -7.678876817349107 -9.74950063719525 -15.595084695719564
      vertex -7.634313328837577 -9.435112483150695 -15.595084695719564
      vertex -3.4281976841590036 -2.3871084118371595 -3.5723485368120382
    endloop
  endfacet
  facet normal 0.1082078638236772 0.8303004485274257 -0.546710365167766
    outer loop
      vertex -6.266788160714315 -11.915553579548643 -15.595084695719564
      vertex -1.8211402699071007 -4.2154655601091315 -3.0208936142897342
      vertex -5.994101881195483 -11.95109107667163 -15.595084695719564
    endloop
  endfacet
  facet normal -0.016886478041845076 0.8553291425086349 -0.5178097187527342
    outer loop
      vertex -5.994101881195483 -11.95109107667163 -15.595084695719564
      vertex -1.5660484511322674 -4.281477557172501 -3.070658264303342
      vertex -5.713195707956185 -11.945545239764552 -15.595084695719564
    endloop
  endfacet
  facet normal -0.14169188758624862 0.8657229177194807 -0.48004920448586846
    outer loop
      vertex -5.713195707956185 -11.945545239764552 -15.595084695719564
      vertex -1.3093515982707062 -4.317863493176376 -3.139132562731405
      vertex -5.428876023502449 -11.899010959634486 -15.595084695719564
    endloop
  endfacet
  facet normal -0.2640729096496469 0.8613039337844076 -0.43407491523546254
    outer loop
      vertex -5.428876023502449 -11.899010959634486 -15.595084695719564
      vertex -0.8086637191765322 -4.299784450716209 -3.3272235672804857
      vertex -5.146007616463588 -11.812284450716195 -15.595084695719564
    endloop
  endfacet
  facet normal -0.381935571014091 0.842147800743719 -0.38067348383707733
    outer loop
      vertex -5.146007616463588 -11.812284450716195 -15.595084695719564
      vertex -0.5732396013721264 -4.245628809681117 -3.44362198416499
      vertex -4.869430443709977 -11.686849627622404 -15.595084695719564
    endloop
  endfacet
  facet normal -0.49326320886593905 0.808582285344824 -0.3207586235876105
    outer loop
      vertex -4.869430443709977 -11.686849627622404 -15.595084695719564
      vertex -0.3531976841590046 -4.162460489595258 -3.5723485368120382
      vertex -4.603876817349107 -11.52485271495335 -15.595084695719564
    endloop
  endfacet
  facet normal 0.381935571014091 -0.842147800743719 0.3806734838370774
    outer loop
      vertex -6.157959697811859 -7.413150372377566 -15.595084695719564
      vertex -5.881382525058248 -7.287715549283775 -15.595084695719564
      vertex -2.3712467714949623 -0.8543711903188784 -4.884643141297818
    endloop
  endfacet
  facet normal 0.9512926599492838 -0.2461730390907085 -0.18558316182095005
    outer loop
      vertex -7.634313328837577 -9.435112483150695 -15.595084695719564
      vertex -7.553465473983899 -9.122690086372266 -15.595084695719564
      vertex -3.4327258410320156 -2.157749481825781 -3.711200678216096
    endloop
  endfacet
  facet normal 0.9290302589361712 -0.3524429505601412 -0.11263544993230415
    outer loop
      vertex -7.553465473983899 -9.122690086372266 -15.595084695719564
      vertex -7.4377165819998785 -8.817579080688695 -15.595084695719564
      vertex -3.4037095961363675 -1.9351020669327523 -3.857802609740653
    endloop
  endfacet
  facet normal 0.8908718926168091 -0.45268246542984864 -0.03776051426686618
    outer loop
      vertex -7.4377165819998785 -8.817579080688695 -15.595084695719564
      vertex -7.289047148519018 -8.524999999999986 -15.595084695719564
      vertex -3.341645425467046 -1.7229757261564194 -4.00964593169159
    endloop
  endfacet
  facet normal 0.8374704612184218 -0.5451764578087587 0.037760514266869154
    outer loop
      vertex -7.289047148519018 -8.524999999999986 -15.595084695719564
      vertex -7.1100009487671265 -8.249958953494964 -15.595084695719564
      vertex -3.2475952641916432 -1.5249999999999977 -4.164132562731404
    endloop
  endfacet
  facet normal 0.7697396780379132 -0.6283423298430862 0.11263544993230176
    outer loop
      vertex -7.1100009487671265 -8.249958953494964 -15.595084695719564
      vertex -6.903641512862949 -7.997161969735117 -15.595084695719564
      vertex -3.123168336645212 -1.3445623080272646 -4.318619193771219
    endloop
  endfacet
  facet normal 0.6888384355540159 -0.7007570904043963 0.18558316182094936
    outer loop
      vertex -6.903641512862949 -7.997161969735117 -15.595084695719564
      vertex -6.673499707968446 -7.770934475201139 -15.595084695719564
      vertex -2.970493622055734 -1.184749989174653 -4.470462515722155
    endloop
  endfacet
  facet normal 0.5961509764556957 -0.7611817028623156 0.25535549435746624
    outer loop
      vertex -6.673499707968446 -7.770934475201139 -15.595084695719564
      vertex -6.4235133241727285 -7.5751472850466195 -15.595084695719564
      vertex -2.7921834271192614 -1.0482974765260766 -4.617064447246713
    endloop
  endfacet
  facet normal 0.49326320886593916 -0.8085822853448241 0.3207586235876104
    outer loop
      vertex -6.4235133241727285 -7.5751472850466195 -15.595084695719564
      vertex -6.157959697811859 -7.413150372377566 -15.595084695719564
      vertex -2.5912886887080844 -0.9375395104047368 -4.75591658865077
    endloop
  endfacet
  facet normal -0.35073342813596925 -0.7382943759045957 0.5761141179450773
    outer loop
      vertex -4.500801332854643 -7.260459195175752 -15.595084695719564
      vertex -4.258331577584539 -7.375646647851353 -15.595084695719564
      vertex -0.8742240100159342 -0.9790430144419897 -5.337575025813126
    endloop
  endfacet
  facet normal 0.26407290964964614 -0.8613039337844078 0.43407491523546293
    outer loop
      vertex -5.881382525058248 -7.287715549283775 -15.595084695719564
      vertex -5.598514118019386 -7.200989040365484 -15.595084695719564
      vertex -2.1358226536905565 -0.8002155492837861 -5.001041558182322
    endloop
  endfacet
  facet normal 0.1416918875862468 -0.8657229177194806 0.4800492044858691
    outer loop
      vertex -5.598514118019386 -7.200989040365484 -15.595084695719564
      vertex -5.3141944335656515 -7.154454760235419 -15.595084695719564
      vertex -1.889044507222397 -0.7759992053323499 -5.103120230119652
    endloop
  endfacet
  facet normal 0.01688647804184502 -0.8553291425086348 0.5178097187527342
    outer loop
      vertex -5.3141944335656515 -7.154454760235419 -15.595084695719564
      vertex -5.033288260326352 -7.1489089233283405 -15.595084695719564
      vertex -1.6351347745963825 -0.7821365068236186 -5.1891325627314036
    endloop
  endfacet
  facet normal -0.10820786382367754 -0.8303004485274257 0.546710365167766
    outer loop
      vertex -5.033288260326352 -7.1489089233283405 -15.595084695719564
      vertex -4.760601980807522 -7.184446420451328 -15.595084695719564
      vertex -1.3784379217348213 -0.8185224428274944 -5.257606861159466
    endloop
  endfacet
  facet normal -0.23145073913828623 -0.791065083669138 0.5662566456580271
    outer loop
      vertex -4.760601980807522 -7.184446420451328 -15.595084695719564
      vertex -4.500801332854643 -7.260459195175752 -15.595084695719564
      vertex -1.1233461029599883 -0.8845344398908637 -5.307371511173074
    endloop
  endfacet
  facet normal 0.8779475418615891 0.20195811868433927 -0.434074915235464
    outer loop
      vertex -7.656734602816345 -10.362715549283774 -15.595084695719564
      vertex -3.31939070552929 -2.850215549283787 -3.3272235672804857
      vertex -3.2169736013439354 -3.076039865199768 -3.2251448953431563
    endloop
  endfacet
  facet normal 0.9468844045916653 -0.022887326957724535 -0.32075862358760926
    outer loop
      vertex -7.678876817349107 -9.74950063719525 -15.595084695719564
      vertex -3.4281976841590036 -2.3871084118371595 -3.5723485368120382
      vertex -3.3902026035368715 -2.6192544620840845 -3.44362198416499
    endloop
  endfacet
  facet normal 0.9202891746923018 0.09030799326474048 -0.3806734838370773
    outer loop
      vertex -7.686393445874721 -10.060475280025372 -15.595084695719564
      vertex -3.3902026035368715 -2.6192544620840845 -3.44362198416499
      vertex -3.31939070552929 -2.850215549283787 -3.3272235672804857
    endloop
  endfacet
  facet normal 0.9572781798025114 -0.13569103867036914 -0.2553554943574684
    outer loop
      vertex -7.634313328837577 -9.435112483150695 -15.595084695719564
      vertex -3.4327258410320156 -2.157749481825781 -3.711200678216096
      vertex -3.4281976841590036 -2.3871084118371595 -3.5723485368120382
    endloop
  endfacet
  facet normal 0.9512926599492837 -0.2461730390907095 -0.1855831618209489
    outer loop
      vertex -7.553465473983899 -9.122690086372266 -15.595084695719564
      vertex -3.4037095961363675 -1.9351020669327523 -3.857802609740653
      vertex -3.4327258410320156 -2.157749481825781 -3.711200678216096
    endloop
  endfacet
  facet normal 0.9290302589361695 -0.3524429505601465 -0.11263544993230112
    outer loop
      vertex -7.4377165819998785 -8.817579080688695 -15.595084695719564
      vertex -3.341645425467046 -1.7229757261564194 -4.00964593169159
      vertex -3.4037095961363675 -1.9351020669327523 -3.857802609740653
    endloop
  endfacet
  facet normal 0.6649573492865276 0.5088609832242632 -0.5467103651677652
    outer loop
      vertex -7.352897534741409 -11.166590040323197 -15.595084695719564
      vertex -2.9248441046781934 -3.496976520824067 -3.070658264303342
      vertex -2.7401301288793554 -3.684886517648964 -3.0208936142897342
    endloop
  endfacet
  facet normal 0.569357088935192 0.5959747616530109 -0.5662566456580274
    outer loop
      vertex -7.185778019686571 -11.384974537088475 -15.595084695719564
      vertex -2.7401301288793554 -3.684886517648964 -3.0208936142897342
      vertex -2.5337222559705976 -3.8533782915068997 -2.990690099649682
    endloop
  endfacet
  facet normal 0.4640149709365724 0.6728912466744509 -0.5761141179450778
    outer loop
      vertex -6.990048701786636 -11.571962110773113 -15.595084695719564
      vertex -2.5337222559705976 -3.8533782915068997 -2.990690099649682
      vertex -2.309152181884464 -3.9995689014324203 -2.9805645108926724
    endloop
  endfacet
  facet normal 0.8205839831765813 0.3101526846998781 -0.4800492044858673
    outer loop
      vertex -7.5904077592016925 -10.651050030166608 -15.595084695719564
      vertex -3.2169736013439354 -3.076039865199768 -3.2251448953431563
      vertex -3.084703676028805 -3.2928634931763767 -3.139132562731405
    endloop
  endfacet
  facet normal 0.74918000503056 0.41304045228963226 -0.5178097187527344
    outer loop
      vertex -7.488547785714284 -10.920545239764554 -15.595084695719564
      vertex -3.084703676028805 -3.2928634931763767 -3.139132562731405
      vertex -2.9248441046781934 -3.496976520824067 -3.070658264303342
    endloop
  endfacet
  facet normal 0.3507334281359684 0.7382943759045957 -0.576114117945078
    outer loop
      vertex -6.526588808667193 -11.839540804824217 -15.595084695719564
      vertex -2.309152181884464 -3.9995689014324203 -2.9805645108926724
      vertex -2.0702623628511545 -4.1209569855580055 -2.990690099649682
    endloop
  endfacet
  facet normal 0.2314507391382872 0.7910650836691372 -0.5662566456580278
    outer loop
      vertex -6.266788160714315 -11.915553579548643 -15.595084695719564
      vertex -2.0702623628511545 -4.1209569855580055 -2.990690099649682
      vertex -1.8211402699071007 -4.2154655601091315 -3.0208936142897342
    endloop
  endfacet
  facet normal 0.8908718926168102 -0.4526824654298467 -0.03776051426686734
    outer loop
      vertex -7.289047148519018 -8.524999999999986 -15.595084695719564
      vertex -3.2475952641916432 -1.5249999999999977 -4.164132562731404
      vertex -3.341645425467046 -1.7229757261564194 -4.00964593169159
    endloop
  endfacet
  facet normal 0.7697396780379123 -0.628342329843087 0.11263544993230201
    outer loop
      vertex -6.903641512862949 -7.997161969735117 -15.595084695719564
      vertex -2.970493622055734 -1.184749989174653 -4.470462515722155
      vertex -3.123168336645212 -1.3445623080272646 -4.318619193771219
    endloop
  endfacet
  facet normal 0.8374704612184236 -0.5451764578087563 0.037760514266867384
    outer loop
      vertex -7.1100009487671265 -8.249958953494964 -15.595084695719564
      vertex -3.123168336645212 -1.3445623080272646 -4.318619193771219
      vertex -3.2475952641916432 -1.5249999999999977 -4.164132562731404
    endloop
  endfacet
  facet normal 0.4932632088659411 -0.8085822853448232 0.32075862358760937
    outer loop
      vertex -6.157959697811859 -7.413150372377566 -15.595084695719564
      vertex -2.3712467714949623 -0.8543711903188784 -4.884643141297818
      vertex -2.5912886887080844 -0.9375395104047368 -4.75591658865077
    endloop
  endfacet
  facet normal 0.38193557101409015 -0.8421478007437192 0.38067348383707794
    outer loop
      vertex -5.881382525058248 -7.287715549283775 -15.595084695719564
      vertex -2.1358226536905565 -0.8002155492837861 -5.001041558182322
      vertex -2.3712467714949623 -0.8543711903188784 -4.884643141297818
    endloop
  endfacet
  facet normal 0.2640729096496462 -0.8613039337844076 0.4340749152354632
    outer loop
      vertex -5.598514118019386 -7.200989040365484 -15.595084695719564
      vertex -1.889044507222397 -0.7759992053323499 -5.103120230119652
      vertex -2.1358226536905565 -0.8002155492837861 -5.001041558182322
    endloop
  endfacet
  facet normal 0.6888384355540159 -0.700757090404396 0.18558316182094967
    outer loop
      vertex -6.673499707968446 -7.770934475201139 -15.595084695719564
      vertex -2.7921834271192614 -1.0482974765260766 -4.617064447246713
      vertex -2.970493622055734 -1.184749989174653 -4.470462515722155
    endloop
  endfacet
  facet normal 0.5961509764556931 -0.7611817028623168 0.25535549435746885
    outer loop
      vertex -6.4235133241727285 -7.5751472850466195 -15.595084695719564
      vertex -2.5912886887080844 -0.9375395104047368 -4.75591658865077
      vertex -2.7921834271192614 -1.0482974765260766 -4.617064447246713
    endloop
  endfacet
  facet normal -0.5961509764556938 0.7611817028623167 -0.2553554943574676
    outer loop
      vertex -4.603876817349107 -11.52485271495335 -15.595084695719564
      vertex -0.15230294574782757 -4.051702523473918 -3.711200678216096
      vertex -4.3538904335533894 -11.329065524798832 -15.595084695719564
    endloop
  endfacet
  facet normal -0.6888384355540128 0.7007570904043987 -0.18558316182095191
    outer loop
      vertex -4.3538904335533894 -11.329065524798832 -15.595084695719564
      vertex 0.026007249188644912 -3.9152500108253423 -3.857802609740653
      vertex -4.123748628658887 -11.102838030264856 -15.595084695719564
    endloop
  endfacet
  facet normal -0.7697396780379155 0.6283423298430836 -0.1126354499322994
    outer loop
      vertex -4.123748628658887 -11.102838030264856 -15.595084695719564
      vertex 0.17868196377812315 -3.7554376919727304 -4.00964593169159
      vertex -3.917389192754709 -10.850041046505007 -15.595084695719564
    endloop
  endfacet
  facet normal -0.8374704612184245 0.5451764578087549 -0.03776051426686593
    outer loop
      vertex -3.917389192754709 -10.850041046505007 -15.595084695719564
      vertex 0.3031088913245545 -3.5749999999999975 -4.164132562731404
      vertex -3.73834299300282 -10.574999999999985 -15.595084695719564
    endloop
  endfacet
  facet normal -0.8908718926168093 0.4526824654298486 0.037760514266866066
    outer loop
      vertex -3.73834299300282 -10.574999999999985 -15.595084695719564
      vertex 0.39715905259995704 -3.377024273843576 -4.318619193771219
      vertex -3.589673559521958 -10.282420919311274 -15.595084695719564
    endloop
  endfacet
  facet normal -0.9290302589361701 0.3524429505601448 0.1126354499323015
    outer loop
      vertex -3.589673559521958 -10.282420919311274 -15.595084695719564
      vertex 0.4592232232692785 -3.164897933067243 -4.470462515722155
      vertex -3.473924667537937 -9.977309913627707 -15.595084695719564
    endloop
  endfacet
  facet normal -0.9512926599492838 0.24617303909070842 0.18558316182095008
    outer loop
      vertex -3.473924667537937 -9.977309913627707 -15.595084695719564
      vertex 0.48823946816492664 -2.9422505181742142 -4.617064447246713
      vertex -3.3930768126842588 -9.664887516849276 -15.595084695719564
    endloop
  endfacet
  facet normal -0.9572781798025114 0.13569103867037136 0.25535549435746757
    outer loop
      vertex -3.3930768126842588 -9.664887516849276 -15.595084695719564
      vertex 0.48823946816492664 -2.9422505181742142 -4.617064447246713
      vertex -3.3485133241727296 -9.350499362804719 -15.595084695719564
    endloop
  endfacet
  facet normal -0.9468844045916653 0.022887326957722855 0.32075862358760937
    outer loop
      vertex -3.3485133241727296 -9.350499362804719 -15.595084695719564
      vertex 0.48371131129191486 -2.7128915881628357 -4.75591658865077
      vertex -3.340996695647114 -9.039524719974597 -15.595084695719564
    endloop
  endfacet
  facet normal -0.4640149709365738 -0.6728912466744504 0.5761141179450773
    outer loop
      vertex -4.0373414397352 -7.528037889226858 -15.595084695719564
      vertex -0.6353341909826249 -1.1004310985675747 -5.347700614570136
      vertex -4.258331577584539 -7.375646647851353 -15.595084695719564
    endloop
  endfacet
  facet normal -0.6649573492865234 -0.508860983224267 0.5467103651677666
    outer loop
      vertex -3.6744926067804267 -7.933409959676774 -15.595084695719564
      vertex -0.019642268188895282 -1.6030234791759281 -5.257606861159466
      vertex -3.841612121835267 -7.7150254629114965 -15.595084695719564
    endloop
  endfacet
  facet normal -0.569357088935194 -0.5959747616530093 0.5662566456580271
    outer loop
      vertex -4.0373414397352 -7.528037889226858 -15.595084695719564
      vertex -3.841612121835267 -7.7150254629114965 -15.595084695719564
      vertex -0.4107641168964911 -1.2466217084930955 -5.337575025813126
    endloop
  endfacet
  facet normal -0.9202891746923015 -0.09030799326474175 0.38067348383707766
    outer loop
      vertex -3.340996695647114 -9.039524719974597 -15.595084695719564
      vertex 0.4457162306697828 -2.4807455379159102 -4.884643141297818
      vertex -3.37065553870549 -8.737284450716198 -15.595084695719564
    endloop
  endfacet
  facet normal -0.8205839831765785 -0.3101526846998825 0.4800492044858694
    outer loop
      vertex -3.5388423558075526 -8.17945476023542 -15.595084695719564
      vertex -3.436982382320143 -8.448949969833361 -15.595084695719564
      vertex 0.2724872284768464 -2.023960134800227 -5.103120230119652
    endloop
  endfacet
  facet normal -0.8779475418615904 -0.20195811868433716 0.43407491523546277
    outer loop
      vertex -3.37065553870549 -8.737284450716198 -15.595084695719564
      vertex 0.37490433266220097 -2.2497844507162084 -5.001041558182322
      vertex -3.436982382320143 -8.448949969833361 -15.595084695719564
    endloop
  endfacet
  facet normal -0.7491800050305617 -0.41304045228963004 0.5178097187527337
    outer loop
      vertex -3.5388423558075526 -8.17945476023542 -15.595084695719564
      vertex 0.1402173031617164 -1.8071365068236185 -5.1891325627314036
      vertex -3.6744926067804267 -7.933409959676774 -15.595084695719564
    endloop
  endfacet
  facet normal -0.9202891746923015 -0.09030799326474272 0.38067348383707733
    outer loop
      vertex -3.37065553870549 -8.737284450716198 -15.595084695719564
      vertex 0.4457162306697828 -2.4807455379159102 -4.884643141297818
      vertex 0.37490433266220097 -2.2497844507162084 -5.001041558182322
    endloop
  endfacet
  facet normal -0.5693570889351948 -0.5959747616530089 0.5662566456580267
    outer loop
      vertex -3.841612121835267 -7.7150254629114965 -15.595084695719564
      vertex -0.20435624398773336 -1.4151134823510314 -5.307371511173074
      vertex -0.4107641168964911 -1.2466217084930955 -5.337575025813126
    endloop
  endfacet
  facet normal -0.6649573492865254 -0.5088609832242652 0.5467103651677659
    outer loop
      vertex -3.841612121835267 -7.7150254629114965 -15.595084695719564
      vertex -0.019642268188895282 -1.6030234791759281 -5.257606861159466
      vertex -0.20435624398773336 -1.4151134823510314 -5.307371511173074
    endloop
  endfacet
  facet normal -0.8205839831765805 -0.3101526846998794 0.4800492044858679
    outer loop
      vertex -3.5388423558075526 -8.17945476023542 -15.595084695719564
      vertex 0.2724872284768464 -2.023960134800227 -5.103120230119652
      vertex 0.1402173031617164 -1.8071365068236185 -5.1891325627314036
    endloop
  endfacet
  facet normal -0.8779475418615902 -0.20195811868433838 0.43407491523546265
    outer loop
      vertex -3.436982382320143 -8.448949969833361 -15.595084695719564
      vertex 0.37490433266220097 -2.2497844507162084 -5.001041558182322
      vertex 0.2724872284768464 -2.023960134800227 -5.103120230119652
    endloop
  endfacet
  facet normal -0.7491800050305598 -0.41304045228963243 0.5178097187527346
    outer loop
      vertex -3.6744926067804267 -7.933409959676774 -15.595084695719564
      vertex 0.1402173031617164 -1.8071365068236185 -5.1891325627314036
      vertex -0.019642268188895282 -1.6030234791759281 -5.257606861159466
    endloop
  endfacet
  facet normal -0.9468844045916652 0.02288732695772287 0.32075862358761
    outer loop
      vertex -3.340996695647114 -9.039524719974597 -15.595084695719564
      vertex 0.48371131129191486 -2.7128915881628357 -4.75591658865077
      vertex 0.4457162306697828 -2.4807455379159102 -4.884643141297818
    endloop
  endfacet
  facet normal 0.10820786382367896 0.8303004485274249 -0.5467103651677668
    outer loop
      vertex -5.994101881195483 -11.95109107667163 -15.595084695719564
      vertex -1.8211402699071007 -4.2154655601091315 -3.0208936142897342
      vertex -1.5660484511322674 -4.281477557172501 -3.070658264303342
    endloop
  endfacet
  facet normal -0.016886478041844677 0.8553291425086348 -0.5178097187527341
    outer loop
      vertex -5.713195707956185 -11.945545239764552 -15.595084695719564
      vertex -1.5660484511322674 -4.281477557172501 -3.070658264303342
      vertex -1.3093515982707062 -4.317863493176376 -3.139132562731405
    endloop
  endfacet
  facet normal -0.141691887586247 0.865722917719481 -0.48004920448586863
    outer loop
      vertex -5.428876023502449 -11.899010959634486 -15.595084695719564
      vertex -1.3093515982707062 -4.317863493176376 -3.139132562731405
      vertex -1.0554418656446918 -4.324000794667645 -3.2251448953431563
    endloop
  endfacet
  facet normal -0.2640729096496446 0.8613039337844082 -0.4340749152354633
    outer loop
      vertex -5.428876023502449 -11.899010959634486 -15.595084695719564
      vertex -1.0554418656446918 -4.324000794667645 -3.2251448953431563
      vertex -0.8086637191765322 -4.299784450716209 -3.3272235672804857
    endloop
  endfacet
  facet normal -0.38193557101409026 0.8421478007437191 -0.38067348383707816
    outer loop
      vertex -5.146007616463588 -11.812284450716195 -15.595084695719564
      vertex -0.8086637191765322 -4.299784450716209 -3.3272235672804857
      vertex -0.5732396013721264 -4.245628809681117 -3.44362198416499
    endloop
  endfacet
  facet normal -0.49326320886594294 0.8085822853448225 -0.3207586235876089
    outer loop
      vertex -4.869430443709977 -11.686849627622404 -15.595084695719564
      vertex -0.5732396013721264 -4.245628809681117 -3.44362198416499
      vertex -0.3531976841590046 -4.162460489595258 -3.5723485368120382
    endloop
  endfacet
  facet normal -0.5961509764556927 0.7611817028623175 -0.255355494357468
    outer loop
      vertex -4.603876817349107 -11.52485271495335 -15.595084695719564
      vertex -0.3531976841590046 -4.162460489595258 -3.5723485368120382
      vertex -0.15230294574782757 -4.051702523473918 -3.711200678216096
    endloop
  endfacet
  facet normal -0.7697396780379138 0.6283423298430859 -0.11263544993230035
    outer loop
      vertex -4.123748628658887 -11.102838030264856 -15.595084695719564
      vertex 0.026007249188644912 -3.9152500108253423 -3.857802609740653
      vertex 0.17868196377812315 -3.7554376919727304 -4.00964593169159
    endloop
  endfacet
  facet normal -0.8374704612184234 0.5451764578087566 -0.03776051426686808
    outer loop
      vertex -3.917389192754709 -10.850041046505007 -15.595084695719564
      vertex 0.17868196377812315 -3.7554376919727304 -4.00964593169159
      vertex 0.3031088913245545 -3.5749999999999975 -4.164132562731404
    endloop
  endfacet
  facet normal -0.6888384355540146 0.700757090404397 -0.18558316182095091
    outer loop
      vertex -4.3538904335533894 -11.329065524798832 -15.595084695719564
      vertex -0.15230294574782757 -4.051702523473918 -3.711200678216096
      vertex 0.026007249188644912 -3.9152500108253423 -3.857802609740653
    endloop
  endfacet
  facet normal -0.8908718926168104 0.4526824654298462 0.037760514266867704
    outer loop
      vertex -3.73834299300282 -10.574999999999985 -15.595084695719564
      vertex 0.3031088913245545 -3.5749999999999975 -4.164132562731404
      vertex 0.39715905259995704 -3.377024273843576 -4.318619193771219
    endloop
  endfacet
  facet normal -0.9290302589361709 0.3524429505601428 0.1126354499323026
    outer loop
      vertex -3.589673559521958 -10.282420919311274 -15.595084695719564
      vertex 0.39715905259995704 -3.377024273843576 -4.318619193771219
      vertex 0.4592232232692785 -3.164897933067243 -4.470462515722155
    endloop
  endfacet
  facet normal -0.9512926599492837 0.24617303909070887 0.18558316182094955
    outer loop
      vertex -3.473924667537937 -9.977309913627707 -15.595084695719564
      vertex 0.4592232232692785 -3.164897933067243 -4.470462515722155
      vertex 0.48823946816492664 -2.9422505181742142 -4.617064447246713
    endloop
  endfacet
  facet normal -0.9572781798025116 0.1356910386703722 0.2553554943574659
    outer loop
      vertex -3.3485133241727296 -9.350499362804719 -15.595084695719564
      vertex 0.48823946816492664 -2.9422505181742142 -4.617064447246713
      vertex 0.48371131129191486 -2.7128915881628357 -4.75591658865077
    endloop
  endfacet
  facet normal 0.14169188758624718 -0.8657229177194808 0.48004920448586863
    outer loop
      vertex -5.3141944335656515 -7.154454760235419 -15.595084695719564
      vertex -1.6351347745963825 -0.7821365068236186 -5.1891325627314036
      vertex -1.889044507222397 -0.7759992053323499 -5.103120230119652
    endloop
  endfacet
  facet normal -0.1082078638236764 -0.830300448527426 0.5467103651677659
    outer loop
      vertex -4.760601980807522 -7.184446420451328 -15.595084695719564
      vertex -1.1233461029599883 -0.8845344398908637 -5.307371511173074
      vertex -1.3784379217348213 -0.8185224428274944 -5.257606861159466
    endloop
  endfacet
  facet normal 0.016886478041842387 -0.855329142508635 0.5178097187527342
    outer loop
      vertex -5.033288260326352 -7.1489089233283405 -15.595084695719564
      vertex -1.3784379217348213 -0.8185224428274944 -5.257606861159466
      vertex -1.6351347745963825 -0.7821365068236186 -5.1891325627314036
    endloop
  endfacet
  facet normal -0.2314507391382833 -0.7910650836691386 0.5662566456580276
    outer loop
      vertex -4.500801332854643 -7.260459195175752 -15.595084695719564
      vertex -0.8742240100159342 -0.9790430144419897 -5.337575025813126
      vertex -1.1233461029599883 -0.8845344398908637 -5.307371511173074
    endloop
  endfacet
  facet normal -0.35073342813596814 -0.7382943759045958 0.5761141179450779
    outer loop
      vertex -4.258331577584539 -7.375646647851353 -15.595084695719564
      vertex -0.6353341909826249 -1.1004310985675747 -5.347700614570136
      vertex -0.8742240100159342 -0.9790430144419897 -5.337575025813126
    endloop
  endfacet
  facet normal -0.46401497093657235 -0.6728912466744514 0.5761141179450773
    outer loop
      vertex -4.0373414397352 -7.528037889226858 -15.595084695719564
      vertex -0.4107641168964911 -1.2466217084930955 -5.337575025813126
      vertex -0.6353341909826249 -1.1004310985675747 -5.347700614570136
    endloop
  endfacet
  facet normal -0.28867513459481753 -0.49999999999999795 -0.8164965809277257
    outer loop
      vertex -3.4281976841590036 -2.3871084118371595 -3.5723485368120382
      vertex -3.341645425467046 -1.7229757261564194 -4.00964593169159
      vertex -3.2475952641916432 -1.5249999999999977 -4.164132562731404
    endloop
  endfacet
  facet normal -0.28867513459481475 -0.499999999999999 -0.8164965809277259
    outer loop
      vertex -3.4281976841590036 -2.3871084118371595 -3.5723485368120382
      vertex -3.2475952641916432 -1.5249999999999977 -4.164132562731404
      vertex -3.123168336645212 -1.3445623080272646 -4.318619193771219
    endloop
  endfacet
  facet normal -0.2886751345947991 -0.5000000000000029 -0.8164965809277291
    outer loop
      vertex -3.4281976841590036 -2.3871084118371595 -3.5723485368120382
      vertex -3.4037095961363675 -1.9351020669327523 -3.857802609740653
      vertex -3.341645425467046 -1.7229757261564194 -4.00964593169159
    endloop
  endfacet
  facet normal -0.2886751345948028 -0.5000000000000021 -0.8164965809277283
    outer loop
      vertex -3.4281976841590036 -2.3871084118371595 -3.5723485368120382
      vertex -3.4327258410320156 -2.157749481825781 -3.711200678216096
      vertex -3.4037095961363675 -1.9351020669327523 -3.857802609740653
    endloop
  endfacet
  facet normal -0.28867513459480953 -0.5000000000000009 -0.8164965809277268
    outer loop
      vertex -3.4281976841590036 -2.3871084118371595 -3.5723485368120382
      vertex -3.123168336645212 -1.3445623080272646 -4.318619193771219
      vertex -2.970493622055734 -1.184749989174653 -4.470462515722155
    endloop
  endfacet
  facet normal -0.28867513459481303 -0.4999999999999995 -0.8164965809277264
    outer loop
      vertex -1.0554418656446918 -4.324000794667645 -3.2251448953431563
      vertex 0.2724872284768464 -2.023960134800227 -5.103120230119652
      vertex -0.8086637191765322 -4.299784450716209 -3.3272235672804857
    endloop
  endfacet
  facet normal -0.2886751345948134 -0.4999999999999994 -0.8164965809277263
    outer loop
      vertex -1.3093515982707062 -4.317863493176376 -3.139132562731405
      vertex 0.1402173031617164 -1.8071365068236185 -5.1891325627314036
      vertex -1.0554418656446918 -4.324000794667645 -3.2251448953431563
    endloop
  endfacet
  facet normal -0.28867513459481275 -0.49999999999999944 -0.8164965809277264
    outer loop
      vertex -0.8086637191765322 -4.299784450716209 -3.3272235672804857
      vertex 0.37490433266220097 -2.2497844507162084 -5.001041558182322
      vertex -0.5732396013721264 -4.245628809681117 -3.44362198416499
    endloop
  endfacet
  facet normal -0.2886751345948111 -0.5000000000000006 -0.8164965809277264
    outer loop
      vertex -0.5732396013721264 -4.245628809681117 -3.44362198416499
      vertex 0.4457162306697828 -2.4807455379159102 -4.884643141297818
      vertex -0.3531976841590046 -4.162460489595258 -3.5723485368120382
    endloop
  endfacet
  facet normal -0.2886751345948116 -0.5000000000000001 -0.8164965809277264
    outer loop
      vertex -3.2169736013439354 -3.076039865199768 -3.2251448953431563
      vertex -3.31939070552929 -2.850215549283787 -3.3272235672804857
      vertex -2.1358226536905565 -0.8002155492837861 -5.001041558182322
    endloop
  endfacet
  facet normal -0.2886751345948128 -0.49999999999999956 -0.8164965809277264
    outer loop
      vertex -3.3902026035368715 -2.6192544620840845 -3.44362198416499
      vertex -3.4281976841590036 -2.3871084118371595 -3.5723485368120382
      vertex -2.5912886887080844 -0.9375395104047368 -4.75591658865077
    endloop
  endfacet
  facet normal -0.2886751345948142 -0.4999999999999988 -0.8164965809277263
    outer loop
      vertex -3.31939070552929 -2.850215549283787 -3.3272235672804857
      vertex -3.3902026035368715 -2.6192544620840845 -3.44362198416499
      vertex -2.3712467714949623 -0.8543711903188784 -4.884643141297818
    endloop
  endfacet
  facet normal -0.2886751345948125 -0.49999999999999967 -0.8164965809277263
    outer loop
      vertex -3.2169736013439354 -3.076039865199768 -3.2251448953431563
      vertex -1.889044507222397 -0.7759992053323499 -5.103120230119652
      vertex -3.084703676028805 -3.2928634931763767 -3.139132562731405
    endloop
  endfacet
  facet normal -0.28867513459481314 -0.4999999999999995 -0.8164965809277263
    outer loop
      vertex -3.084703676028805 -3.2928634931763767 -3.139132562731405
      vertex -1.6351347745963825 -0.7821365068236186 -5.1891325627314036
      vertex -2.9248441046781934 -3.496976520824067 -3.070658264303342
    endloop
  endfacet
  facet normal -0.28867513459481237 -0.49999999999999983 -0.8164965809277264
    outer loop
      vertex -2.7401301288793554 -3.684886517648964 -3.0208936142897342
      vertex -2.9248441046781934 -3.496976520824067 -3.070658264303342
      vertex -1.3784379217348213 -0.8185224428274944 -5.257606861159466
    endloop
  endfacet
  facet normal -0.28867513459481337 -0.49999999999999933 -0.8164965809277264
    outer loop
      vertex -2.7401301288793554 -3.684886517648964 -3.0208936142897342
      vertex -1.1233461029599883 -0.8845344398908637 -5.307371511173074
      vertex -2.5337222559705976 -3.8533782915068997 -2.990690099649682
    endloop
  endfacet
  facet normal -0.2886751345948132 -0.4999999999999993 -0.8164965809277264
    outer loop
      vertex -2.309152181884464 -3.9995689014324203 -2.9805645108926724
      vertex -0.6353341909826249 -1.1004310985675747 -5.347700614570136
      vertex -2.0702623628511545 -4.1209569855580055 -2.990690099649682
    endloop
  endfacet
  facet normal -0.28867513459481225 -0.4999999999999999 -0.8164965809277265
    outer loop
      vertex -2.5337222559705976 -3.8533782915068997 -2.990690099649682
      vertex -0.8742240100159342 -0.9790430144419897 -5.337575025813126
      vertex -2.309152181884464 -3.9995689014324203 -2.9805645108926724
    endloop
  endfacet
  facet normal -0.28867513459481253 -0.49999999999999967 -0.8164965809277263
    outer loop
      vertex -2.7401301288793554 -3.684886517648964 -3.0208936142897342
      vertex -1.3784379217348213 -0.8185224428274944 -5.257606861159466
      vertex -1.1233461029599883 -0.8845344398908637 -5.307371511173074
    endloop
  endfacet
  facet normal -0.2886751345948148 -0.49999999999999856 -0.8164965809277263
    outer loop
      vertex -3.4281976841590036 -2.3871084118371595 -3.5723485368120382
      vertex -2.970493622055734 -1.184749989174653 -4.470462515722155
      vertex -2.7921834271192614 -1.0482974765260766 -4.617064447246713
    endloop
  endfacet
  facet normal -0.28867513459481364 -0.49999999999999917 -0.8164965809277263
    outer loop
      vertex -3.3902026035368715 -2.6192544620840845 -3.44362198416499
      vertex -2.5912886887080844 -0.9375395104047368 -4.75591658865077
      vertex -2.3712467714949623 -0.8543711903188784 -4.884643141297818
    endloop
  endfacet
  facet normal -0.2886751345948125 -0.5 -0.816496580927726
    outer loop
      vertex -3.4281976841590036 -2.3871084118371595 -3.5723485368120382
      vertex -2.7921834271192614 -1.0482974765260766 -4.617064447246713
      vertex -2.5912886887080844 -0.9375395104047368 -4.75591658865077
    endloop
  endfacet
  facet normal -0.2886751345948109 -0.5000000000000004 -0.8164965809277265
    outer loop
      vertex -3.31939070552929 -2.850215549283787 -3.3272235672804857
      vertex -2.3712467714949623 -0.8543711903188784 -4.884643141297818
      vertex -2.1358226536905565 -0.8002155492837861 -5.001041558182322
    endloop
  endfacet
  facet normal -0.2886751345948128 -0.49999999999999917 -0.8164965809277266
    outer loop
      vertex -3.2169736013439354 -3.076039865199768 -3.2251448953431563
      vertex -2.1358226536905565 -0.8002155492837861 -5.001041558182322
      vertex -1.889044507222397 -0.7759992053323499 -5.103120230119652
    endloop
  endfacet
  facet normal -0.2886751345948138 -0.4999999999999991 -0.8164965809277261
    outer loop
      vertex -3.084703676028805 -3.2928634931763767 -3.139132562731405
      vertex -1.889044507222397 -0.7759992053323499 -5.103120230119652
      vertex -1.6351347745963825 -0.7821365068236186 -5.1891325627314036
    endloop
  endfacet
  facet normal -0.2886751345948128 -0.4999999999999994 -0.8164965809277264
    outer loop
      vertex -2.9248441046781934 -3.496976520824067 -3.070658264303342
      vertex -1.6351347745963825 -0.7821365068236186 -5.1891325627314036
      vertex -1.3784379217348213 -0.8185224428274944 -5.257606861159466
    endloop
  endfacet
  facet normal -0.28867513459481225 -0.49999999999999967 -0.8164965809277264
    outer loop
      vertex -2.0702623628511545 -4.1209569855580055 -2.990690099649682
      vertex -0.4107641168964911 -1.2466217084930955 -5.337575025813126
      vertex -1.8211402699071007 -4.2154655601091315 -3.0208936142897342
    endloop
  endfacet
  facet normal -0.2886751345948123 -0.4999999999999999 -0.8164965809277263
    outer loop
      vertex -1.8211402699071007 -4.2154655601091315 -3.0208936142897342
      vertex -0.20435624398773336 -1.4151134823510314 -5.307371511173074
      vertex -1.5660484511322674 -4.281477557172501 -3.070658264303342
    endloop
  endfacet
  facet normal -0.2886751345948119 -0.5000000000000001 -0.8164965809277263
    outer loop
      vertex -1.5660484511322674 -4.281477557172501 -3.070658264303342
      vertex -0.019642268188895282 -1.6030234791759281 -5.257606861159466
      vertex -1.3093515982707062 -4.317863493176376 -3.139132562731405
    endloop
  endfacet
  facet normal -0.28867513459481126 -0.5000000000000007 -0.8164965809277261
    outer loop
      vertex -2.5337222559705976 -3.8533782915068997 -2.990690099649682
      vertex -1.1233461029599883 -0.8845344398908637 -5.307371511173074
      vertex -0.8742240100159342 -0.9790430144419897 -5.337575025813126
    endloop
  endfacet
  facet normal -0.2886751345948135 -0.4999999999999991 -0.8164965809277266
    outer loop
      vertex -2.309152181884464 -3.9995689014324203 -2.9805645108926724
      vertex -0.8742240100159342 -0.9790430144419897 -5.337575025813126
      vertex -0.6353341909826249 -1.1004310985675747 -5.347700614570136
    endloop
  endfacet
  facet normal -0.28867513459481203 -0.4999999999999999 -0.8164965809277264
    outer loop
      vertex -2.0702623628511545 -4.1209569855580055 -2.990690099649682
      vertex -0.6353341909826249 -1.1004310985675747 -5.347700614570136
      vertex -0.4107641168964911 -1.2466217084930955 -5.337575025813126
    endloop
  endfacet
  facet normal -0.2886751345948118 -0.5000000000000001 -0.8164965809277264
    outer loop
      vertex -0.8086637191765322 -4.299784450716209 -3.3272235672804857
      vertex 0.2724872284768464 -2.023960134800227 -5.103120230119652
      vertex 0.37490433266220097 -2.2497844507162084 -5.001041558182322
    endloop
  endfacet
  facet normal -0.28867513459481126 -0.5000000000000001 -0.8164965809277265
    outer loop
      vertex -1.0554418656446918 -4.324000794667645 -3.2251448953431563
      vertex 0.1402173031617164 -1.8071365068236185 -5.1891325627314036
      vertex 0.2724872284768464 -2.023960134800227 -5.103120230119652
    endloop
  endfacet
  facet normal -0.28867513459481436 -0.4999999999999987 -0.8164965809277263
    outer loop
      vertex -1.8211402699071007 -4.2154655601091315 -3.0208936142897342
      vertex -0.4107641168964911 -1.2466217084930955 -5.337575025813126
      vertex -0.20435624398773336 -1.4151134823510314 -5.307371511173074
    endloop
  endfacet
  facet normal -0.2886751345948125 -0.49999999999999994 -0.8164965809277261
    outer loop
      vertex -1.5660484511322674 -4.281477557172501 -3.070658264303342
      vertex -0.20435624398773336 -1.4151134823510314 -5.307371511173074
      vertex -0.019642268188895282 -1.6030234791759281 -5.257606861159466
    endloop
  endfacet
  facet normal -0.28867513459481314 -0.49999999999999956 -0.8164965809277263
    outer loop
      vertex -1.3093515982707062 -4.317863493176376 -3.139132562731405
      vertex -0.019642268188895282 -1.6030234791759281 -5.257606861159466
      vertex 0.1402173031617164 -1.8071365068236185 -5.1891325627314036
    endloop
  endfacet
  facet normal -0.2886751345948197 -0.49999999999999484 -0.8164965809277267
    outer loop
      vertex 0.026007249188644912 -3.9152500108253423 -3.857802609740653
      vertex 0.4592232232692785 -3.164897933067243 -4.470462515722155
      vertex 0.39715905259995704 -3.377024273843576 -4.318619193771219
    endloop
  endfacet
  facet normal -0.2886751345948148 -0.4999999999999978 -0.8164965809277267
    outer loop
      vertex -0.15230294574782757 -4.051702523473918 -3.711200678216096
      vertex 0.4592232232692785 -3.164897933067243 -4.470462515722155
      vertex 0.026007249188644912 -3.9152500108253423 -3.857802609740653
    endloop
  endfacet
  facet normal -0.2886751345948146 -0.49999999999999856 -0.8164965809277263
    outer loop
      vertex -0.3531976841590046 -4.162460489595258 -3.5723485368120382
      vertex 0.48371131129191486 -2.7128915881628357 -4.75591658865077
      vertex -0.15230294574782757 -4.051702523473918 -3.711200678216096
    endloop
  endfacet
  facet normal -0.2886751345948003 -0.5000000000000077 -0.8164965809277257
    outer loop
      vertex 0.026007249188644912 -3.9152500108253423 -3.857802609740653
      vertex 0.39715905259995704 -3.377024273843576 -4.318619193771219
      vertex 0.17868196377812315 -3.7554376919727304 -4.00964593169159
    endloop
  endfacet
  facet normal -0.2886751345948129 -0.5000000000000004 -0.8164965809277256
    outer loop
      vertex 0.17868196377812315 -3.7554376919727304 -4.00964593169159
      vertex 0.39715905259995704 -3.377024273843576 -4.318619193771219
      vertex 0.3031088913245545 -3.5749999999999975 -4.164132562731404
    endloop
  endfacet
  facet normal -0.2886751345948096 -0.5000000000000016 -0.8164965809277264
    outer loop
      vertex -0.15230294574782757 -4.051702523473918 -3.711200678216096
      vertex 0.48823946816492664 -2.9422505181742142 -4.617064447246713
      vertex 0.4592232232692785 -3.164897933067243 -4.470462515722155
    endloop
  endfacet
  facet normal -0.288675134594812 -0.49999999999999983 -0.8164965809277264
    outer loop
      vertex -0.3531976841590046 -4.162460489595258 -3.5723485368120382
      vertex 0.4457162306697828 -2.4807455379159102 -4.884643141297818
      vertex 0.48371131129191486 -2.7128915881628357 -4.75591658865077
    endloop
  endfacet
  facet normal -0.28867513459481364 -0.4999999999999993 -0.8164965809277263
    outer loop
      vertex -0.15230294574782757 -4.051702523473918 -3.711200678216096
      vertex 0.48371131129191486 -2.7128915881628357 -4.75591658865077
      vertex 0.48823946816492664 -2.9422505181742142 -4.617064447246713
    endloop
  endfacet
  facet normal -0.28867513459481414 -0.4999999999999987 -0.8164965809277264
    outer loop
      vertex -0.5732396013721264 -4.245628809681117 -3.44362198416499
      vertex 0.37490433266220097 -2.2497844507162084 -5.001041558182322
      vertex 0.4457162306697828 -2.4807455379159102 -4.884643141297818
    endloop
  endfacet
  facet normal 0 0 -1
    outer loop
      vertex -7.352897534741409 -11.166590040323197 -15.595084695719564
      vertex -8.490818370067565 -12.817149785547786 -15.595084695719564
      vertex -8.788372628579841 -12.428318852282775 -15.595084695719564
    endloop
  endfacet
  facet normal 0 0 -1
    outer loop
      vertex -7.185778019686571 -11.384974537088475 -15.595084695719564
      vertex -8.142324706489635 -13.15007888015702 -15.595084695719564
      vertex -8.490818370067565 -12.817149785547786 -15.595084695719564
    endloop
  endfacet
  facet normal 0 0 -1
    outer loop
      vertex -7.352897534741409 -11.166590040323197 -15.595084695719564
      vertex -9.211256686765225 -11.510406151272267 -15.595084695719564
      vertex -9.329350822957167 -10.997030124334534 -15.595084695719564
    endloop
  endfacet
  facet normal 0 0 -1
    outer loop
      vertex -7.352897534741409 -11.166590040323197 -15.595084695719564
      vertex -9.329350822957167 -10.997030124334534 -15.595084695719564
      vertex -9.382158031329396 -10.458895010776894 -15.595084695719564
    endloop
  endfacet
  facet normal 0 0 -1
    outer loop
      vertex -7.352897534741409 -11.166590040323197 -15.595084695719564
      vertex -9.382158031329396 -10.458895010776894 -15.595084695719564
      vertex -9.36877476590574 -9.905208451591557 -15.595084695719564
    endloop
  endfacet
  facet normal 0 0 -1
    outer loop
      vertex -7.352897534741409 -11.166590040323197 -15.595084695719564
      vertex -8.788372628579841 -12.428318852282775 -15.595084695719564
      vertex -9.029896246165691 -11.99023908543446 -15.595084695719564
    endloop
  endfacet
  facet normal 0 0 -1
    outer loop
      vertex -7.352897534741409 -11.166590040323197 -15.595084695719564
      vertex -9.029896246165691 -11.99023908543446 -15.595084695719564
      vertex -9.211256686765225 -11.510406151272267 -15.595084695719564
    endloop
  endfacet
  facet normal 0 0 -1
    outer loop
      vertex -6.266788160714315 -11.915553579548643 -15.595084695719564
      vertex -7.317140018740384 -13.626499481760208 -15.595084695719564
      vertex -7.748854461050568 -13.421409626996333 -15.595084695719564
    endloop
  endfacet
  facet normal 0 0 -1
    outer loop
      vertex -6.769058563937296 -11.724353352148617 -15.595084695719564
      vertex -7.748854461050568 -13.421409626996333 -15.595084695719564
      vertex -8.142324706489635 -13.15007888015702 -15.595084695719564
    endloop
  endfacet
  facet normal 0 0 -1
    outer loop
      vertex -6.769058563937296 -11.724353352148617 -15.595084695719564
      vertex -8.142324706489635 -13.15007888015702 -15.595084695719564
      vertex -6.990048701786636 -11.571962110773113 -15.595084695719564
    endloop
  endfacet
  facet normal 0 0 -1
    outer loop
      vertex -5.428876023502449 -11.899010959634486 -15.595084695719564
      vertex -6.854568133360869 -13.761839300171985 -15.595084695719564
      vertex -7.317140018740384 -13.626499481760208 -15.595084695719564
    endloop
  endfacet
  facet normal 0 0 -1
    outer loop
      vertex -6.769058563937296 -11.724353352148617 -15.595084695719564
      vertex -6.526588808667193 -11.839540804824217 -15.595084695719564
      vertex -7.748854461050568 -13.421409626996333 -15.595084695719564
    endloop
  endfacet
  facet normal 0 0 -1
    outer loop
      vertex -6.526588808667193 -11.839540804824217 -15.595084695719564
      vertex -6.266788160714315 -11.915553579548643 -15.595084695719564
      vertex -7.748854461050568 -13.421409626996333 -15.595084695719564
    endloop
  endfacet
  facet normal 0 0 -1
    outer loop
      vertex -6.266788160714315 -11.915553579548643 -15.595084695719564
      vertex -5.994101881195483 -11.95109107667163 -15.595084695719564
      vertex -7.317140018740384 -13.626499481760208 -15.595084695719564
    endloop
  endfacet
  facet normal 0 0 -1
    outer loop
      vertex -5.994101881195483 -11.95109107667163 -15.595084695719564
      vertex -5.713195707956185 -11.945545239764552 -15.595084695719564
      vertex -7.317140018740384 -13.626499481760208 -15.595084695719564
    endloop
  endfacet
  facet normal 0 0 -1
    outer loop
      vertex -7.185778019686571 -11.384974537088475 -15.595084695719564
      vertex -8.490818370067565 -12.817149785547786 -15.595084695719564
      vertex -7.352897534741409 -11.166590040323197 -15.595084695719564
    endloop
  endfacet
  facet normal 0 0 -1
    outer loop
      vertex -7.185778019686571 -11.384974537088475 -15.595084695719564
      vertex -6.990048701786636 -11.571962110773113 -15.595084695719564
      vertex -8.142324706489635 -13.15007888015702 -15.595084695719564
    endloop
  endfacet
  facet normal 0 0 -1
    outer loop
      vertex -7.352897534741409 -11.166590040323197 -15.595084695719564
      vertex -9.36877476590574 -9.905208451591557 -15.595084695719564
      vertex -9.289430018068142 -9.345444177317102 -15.595084695719564
    endloop
  endfacet
  facet normal 0 0 -1
    outer loop
      vertex -7.352897534741409 -11.166590040323197 -15.595084695719564
      vertex -9.289430018068142 -9.345444177317102 -15.595084695719564
      vertex -9.145481398450615 -8.789179909882336 -15.595084695719564
    endloop
  endfacet
  facet normal 0 0 -1
    outer loop
      vertex -7.488547785714284 -10.920545239764554 -15.595084695719564
      vertex -9.145481398450615 -8.789179909882336 -15.595084695719564
      vertex -7.5904077592016925 -10.651050030166608 -15.595084695719564
    endloop
  endfacet
  facet normal 0 0 -1
    outer loop
      vertex -7.352897534741409 -11.166590040323197 -15.595084695719564
      vertex -9.145481398450615 -8.789179909882336 -15.595084695719564
      vertex -7.488547785714284 -10.920545239764554 -15.595084695719564
    endloop
  endfacet
  facet normal 0 0 -1
    outer loop
      vertex -7.5904077592016925 -10.651050030166608 -15.595084695719564
      vertex -9.145481398450615 -8.789179909882336 -15.595084695719564
      vertex -7.656734602816345 -10.362715549283774 -15.595084695719564
    endloop
  endfacet
  facet normal 0 0 -1
    outer loop
      vertex -7.656734602816345 -10.362715549283774 -15.595084695719564
      vertex -9.145481398450615 -8.789179909882336 -15.595084695719564
      vertex -7.686393445874721 -10.060475280025372 -15.595084695719564
    endloop
  endfacet
  facet normal 0 0 -1
    outer loop
      vertex -7.686393445874721 -10.060475280025372 -15.595084695719564
      vertex -9.145481398450615 -8.789179909882336 -15.595084695719564
      vertex -7.678876817349107 -9.74950063719525 -15.595084695719564
    endloop
  endfacet
  facet normal 0 0 -1
    outer loop
      vertex -7.678876817349107 -9.74950063719525 -15.595084695719564
      vertex -9.145481398450615 -8.789179909882336 -15.595084695719564
      vertex -8.93939190784492 -8.245933485128667 -15.595084695719564
    endloop
  endfacet
  facet normal 0 0 -1
    outer loop
      vertex -7.678876817349107 -9.74950063719525 -15.595084695719564
      vertex -8.93939190784492 -8.245933485128667 -15.595084695719564
      vertex -7.634313328837577 -9.435112483150695 -15.595084695719564
    endloop
  endfacet
  facet normal 0 0 -1
    outer loop
      vertex -7.634313328837577 -9.435112483150695 -15.595084695719564
      vertex -8.93939190784492 -8.245933485128667 -15.595084695719564
      vertex -7.553465473983899 -9.122690086372266 -15.595084695719564
    endloop
  endfacet
  facet normal 0 0 -1
    outer loop
      vertex -7.553465473983899 -9.122690086372266 -15.595084695719564
      vertex -8.93939190784492 -8.245933485128667 -15.595084695719564
      vertex -8.674687794574119 -7.724999999999985 -15.595084695719564
    endloop
  endfacet
  facet normal 0 0 -1
    outer loop
      vertex -7.553465473983899 -9.122690086372266 -15.595084695719564
      vertex -8.674687794574119 -7.724999999999985 -15.595084695719564
      vertex -7.4377165819998785 -8.817579080688695 -15.595084695719564
    endloop
  endfacet
  facet normal 0 0 -1
    outer loop
      vertex -7.289047148519018 -8.524999999999986 -15.595084695719564
      vertex -8.674687794574119 -7.724999999999985 -15.595084695719564
      vertex -8.35589821940612 -7.235292770856899 -15.595084695719564
    endloop
  endfacet
  facet normal 0 0 -1
    outer loop
      vertex -7.4377165819998785 -8.817579080688695 -15.595084695719564
      vertex -8.674687794574119 -7.724999999999985 -15.595084695719564
      vertex -7.289047148519018 -8.524999999999986 -15.595084695719564
    endloop
  endfacet
  facet normal 0 0 -1
    outer loop
      vertex -7.289047148519018 -8.524999999999986 -15.595084695719564
      vertex -8.35589821940612 -7.235292770856899 -15.595084695719564
      vertex -7.1100009487671265 -8.249958953494964 -15.595084695719564
    endloop
  endfacet
  facet normal 0 0 -1
    outer loop
      vertex -7.1100009487671265 -8.249958953494964 -15.595084695719564
      vertex -8.35589821940612 -7.235292770856899 -15.595084695719564
      vertex -6.903641512862949 -7.997161969735117 -15.595084695719564
    endloop
  endfacet
  facet normal 0 0 -1
    outer loop
      vertex -6.903641512862949 -7.997161969735117 -15.595084695719564
      vertex -8.35589821940612 -7.235292770856899 -15.595084695719564
      vertex -7.988477760357216 -6.785190824162534 -15.595084695719564
    endloop
  endfacet
  facet normal 0 0 -1
    outer loop
      vertex -6.903641512862949 -7.997161969735117 -15.595084695719564
      vertex -7.988477760357216 -6.785190824162534 -15.595084695719564
      vertex -6.673499707968446 -7.770934475201139 -15.595084695719564
    endloop
  endfacet
  facet normal 0 0 -1
    outer loop
      vertex -6.4235133241727285 -7.5751472850466195 -15.595084695719564
      vertex -7.988477760357216 -6.785190824162534 -15.595084695719564
      vertex -7.578713083349932 -6.382395529016674 -15.595084695719564
    endloop
  endfacet
  facet normal 0 0 -1
    outer loop
      vertex -6.673499707968446 -7.770934475201139 -15.595084695719564
      vertex -7.988477760357216 -6.785190824162534 -15.595084695719564
      vertex -6.4235133241727285 -7.5751472850466195 -15.595084695719564
    endloop
  endfacet
  facet normal 0 0 -1
    outer loop
      vertex -6.4235133241727285 -7.5751472850466195 -15.595084695719564
      vertex -7.578713083349932 -6.382395529016674 -15.595084695719564
      vertex -6.157959697811859 -7.413150372377566 -15.595084695719564
    endloop
  endfacet
  facet normal 0 0 -1
    outer loop
      vertex -4.3538904335533894 -11.329065524798832 -15.595084695719564
      vertex -6.369053538120021 -13.825113380415353 -15.595084695719564
      vertex -6.854568133360869 -13.761839300171985 -15.595084695719564
    endloop
  endfacet
  facet normal 0 0 -1
    outer loop
      vertex -4.3538904335533894 -11.329065524798832 -15.595084695719564
      vertex -5.8689035223524915 -13.81523908543446 -15.595084695719564
      vertex -6.369053538120021 -13.825113380415353 -15.595084695719564
    endloop
  endfacet
  facet normal 0 0 -1
    outer loop
      vertex -5.713195707956185 -11.945545239764552 -15.595084695719564
      vertex -5.428876023502449 -11.899010959634486 -15.595084695719564
      vertex -7.317140018740384 -13.626499481760208 -15.595084695719564
    endloop
  endfacet
  facet normal 0 0 -1
    outer loop
      vertex -5.428876023502449 -11.899010959634486 -15.595084695719564
      vertex -5.146007616463588 -11.812284450716195 -15.595084695719564
      vertex -6.854568133360869 -13.761839300171985 -15.595084695719564
    endloop
  endfacet
  facet normal 0 0 -1
    outer loop
      vertex -5.146007616463588 -11.812284450716195 -15.595084695719564
      vertex -4.869430443709977 -11.686849627622404 -15.595084695719564
      vertex -6.854568133360869 -13.761839300171985 -15.595084695719564
    endloop
  endfacet
  facet normal 0 0 -1
    outer loop
      vertex -4.3538904335533894 -11.329065524798832 -15.595084695719564
      vertex -5.36267579149584 -13.732385367154098 -15.595084695719564
      vertex -5.8689035223524915 -13.81523908543446 -15.595084695719564
    endloop
  endfacet
  facet normal 0 0 -1
    outer loop
      vertex -4.869430443709977 -11.686849627622404 -15.595084695719564
      vertex -4.603876817349107 -11.52485271495335 -15.595084695719564
      vertex -6.854568133360869 -13.761839300171985 -15.595084695719564
    endloop
  endfacet
  facet normal 0 0 -1
    outer loop
      vertex -4.603876817349107 -11.52485271495335 -15.595084695719564
      vertex -4.3538904335533894 -11.329065524798832 -15.595084695719564
      vertex -6.854568133360869 -13.761839300171985 -15.595084695719564
    endloop
  endfacet
  facet normal 0 0 -1
    outer loop
      vertex -4.3538904335533894 -11.329065524798832 -15.595084695719564
      vertex -4.8590320423778675 -13.577969875665433 -15.595084695719564
      vertex -5.36267579149584 -13.732385367154098 -15.595084695719564
    endloop
  endfacet
  facet normal 0 0 -1
    outer loop
      vertex -4.3538904335533894 -11.329065524798832 -15.595084695719564
      vertex -4.366589759182414 -13.354634702839903 -15.595084695719564
      vertex -4.8590320423778675 -13.577969875665433 -15.595084695719564
    endloop
  endfacet
  facet normal 0 0 -1
    outer loop
      vertex -4.3538904335533894 -11.329065524798832 -15.595084695719564
      vertex -3.893774765905743 -13.066201175404759 -15.595084695719564
      vertex -4.366589759182414 -13.354634702839903 -15.595084695719564
    endloop
  endfacet
  facet normal 0 0 -1
    outer loop
      vertex -4.3538904335533894 -11.329065524798832 -15.595084695719564
      vertex -3.4486770581719033 -12.717604470983298 -15.595084695719564
      vertex -3.893774765905743 -13.066201175404759 -15.595084695719564
    endloop
  endfacet
  facet normal 0 0 -1
    outer loop
      vertex -4.3538904335533894 -11.329065524798832 -15.595084695719564
      vertex -3.0389123811646184 -12.314809175837436 -15.595084695719564
      vertex -3.4486770581719033 -12.717604470983298 -15.595084695719564
    endloop
  endfacet
  facet normal 0 0 -1
    outer loop
      vertex -4.3538904335533894 -11.329065524798832 -15.595084695719564
      vertex -4.123748628658887 -11.102838030264856 -15.595084695719564
      vertex -2.6714919221157163 -11.864707229143074 -15.595084695719564
    endloop
  endfacet
  facet normal 0 0 -1
    outer loop
      vertex -4.123748628658887 -11.102838030264856 -15.595084695719564
      vertex -3.917389192754709 -10.850041046505007 -15.595084695719564
      vertex -2.6714919221157163 -11.864707229143074 -15.595084695719564
    endloop
  endfacet
  facet normal 0 0 -1
    outer loop
      vertex -4.3538904335533894 -11.329065524798832 -15.595084695719564
      vertex -2.6714919221157163 -11.864707229143074 -15.595084695719564
      vertex -3.0389123811646184 -12.314809175837436 -15.595084695719564
    endloop
  endfacet
  facet normal 0 0 -1
    outer loop
      vertex -3.917389192754709 -10.850041046505007 -15.595084695719564
      vertex -3.73834299300282 -10.574999999999985 -15.595084695719564
      vertex -2.352702346947717 -11.374999999999986 -15.595084695719564
    endloop
  endfacet
  facet normal 0 0 -1
    outer loop
      vertex -4.0373414397352 -7.528037889226858 -15.595084695719564
      vertex -1.6586153756160948 -9.194791548408414 -15.595084695719564
      vertex -3.841612121835267 -7.7150254629114965 -15.595084695719564
    endloop
  endfacet
  facet normal 0 0 -1
    outer loop
      vertex -6.157959697811859 -7.413150372377566 -15.595084695719564
      vertex -7.578713083349932 -6.382395529016674 -15.595084695719564
      vertex -7.133615375616093 -6.033798824595212 -15.595084695719564
    endloop
  endfacet
  facet normal 0 0 -1
    outer loop
      vertex -6.157959697811859 -7.413150372377566 -15.595084695719564
      vertex -7.133615375616093 -6.033798824595212 -15.595084695719564
      vertex -5.881382525058248 -7.287715549283775 -15.595084695719564
    endloop
  endfacet
  facet normal 0 0 -1
    outer loop
      vertex -5.598514118019386 -7.200989040365484 -15.595084695719564
      vertex -7.133615375616093 -6.033798824595212 -15.595084695719564
      vertex -6.660800382339423 -5.745365297160068 -15.595084695719564
    endloop
  endfacet
  facet normal 0 0 -1
    outer loop
      vertex -5.881382525058248 -7.287715549283775 -15.595084695719564
      vertex -7.133615375616093 -6.033798824595212 -15.595084695719564
      vertex -5.598514118019386 -7.200989040365484 -15.595084695719564
    endloop
  endfacet
  facet normal 0 0 -1
    outer loop
      vertex -5.033288260326352 -7.1489089233283405 -15.595084695719564
      vertex -6.660800382339423 -5.745365297160068 -15.595084695719564
      vertex -6.168358099143968 -5.522030124334536 -15.595084695719564
    endloop
  endfacet
  facet normal 0 0 -1
    outer loop
      vertex -5.598514118019386 -7.200989040365484 -15.595084695719564
      vertex -6.660800382339423 -5.745365297160068 -15.595084695719564
      vertex -5.3141944335656515 -7.154454760235419 -15.595084695719564
    endloop
  endfacet
  facet normal 0 0 -1
    outer loop
      vertex -5.3141944335656515 -7.154454760235419 -15.595084695719564
      vertex -6.660800382339423 -5.745365297160068 -15.595084695719564
      vertex -5.033288260326352 -7.1489089233283405 -15.595084695719564
    endloop
  endfacet
  facet normal 0 0 -1
    outer loop
      vertex -5.033288260326352 -7.1489089233283405 -15.595084695719564
      vertex -6.168358099143968 -5.522030124334536 -15.595084695719564
      vertex -4.760601980807522 -7.184446420451328 -15.595084695719564
    endloop
  endfacet
  facet normal 0 0 -1
    outer loop
      vertex -4.760601980807522 -7.184446420451328 -15.595084695719564
      vertex -6.168358099143968 -5.522030124334536 -15.595084695719564
      vertex -4.500801332854643 -7.260459195175752 -15.595084695719564
    endloop
  endfacet
  facet normal 0 0 -1
    outer loop
      vertex -4.0373414397352 -7.528037889226858 -15.595084695719564
      vertex -6.168358099143968 -5.522030124334536 -15.595084695719564
      vertex -5.664714350025997 -5.367614632845874 -15.595084695719564
    endloop
  endfacet
  facet normal 0 0 -1
    outer loop
      vertex -4.500801332854643 -7.260459195175752 -15.595084695719564
      vertex -6.168358099143968 -5.522030124334536 -15.595084695719564
      vertex -4.258331577584539 -7.375646647851353 -15.595084695719564
    endloop
  endfacet
  facet normal 0 0 -1
    outer loop
      vertex -4.0373414397352 -7.528037889226858 -15.595084695719564
      vertex -4.258331577584539 -7.375646647851353 -15.595084695719564
      vertex -6.168358099143968 -5.522030124334536 -15.595084695719564
    endloop
  endfacet
  facet normal 0 0 -1
    outer loop
      vertex -4.0373414397352 -7.528037889226858 -15.595084695719564
      vertex -5.664714350025997 -5.367614632845874 -15.595084695719564
      vertex -5.158486619169346 -5.284760914565512 -15.595084695719564
    endloop
  endfacet
  facet normal 0 0 -1
    outer loop
      vertex -4.0373414397352 -7.528037889226858 -15.595084695719564
      vertex -4.172822008160966 -5.338160699827986 -15.595084695719564
      vertex -3.7102501227814524 -5.473500518239764 -15.595084695719564
    endloop
  endfacet
  facet normal 0 0 -1
    outer loop
      vertex -4.0373414397352 -7.528037889226858 -15.595084695719564
      vertex -5.158486619169346 -5.284760914565512 -15.595084695719564
      vertex -4.658336603401814 -5.274886619584617 -15.595084695719564
    endloop
  endfacet
  facet normal 0 0 -1
    outer loop
      vertex -4.0373414397352 -7.528037889226858 -15.595084695719564
      vertex -4.658336603401814 -5.274886619584617 -15.595084695719564
      vertex -4.172822008160966 -5.338160699827986 -15.595084695719564
    endloop
  endfacet
  facet normal 0 0 -1
    outer loop
      vertex -4.0373414397352 -7.528037889226858 -15.595084695719564
      vertex -3.7102501227814524 -5.473500518239764 -15.595084695719564
      vertex -3.2785356804712698 -5.678590373003641 -15.595084695719564
    endloop
  endfacet
  facet normal 0 0 -1
    outer loop
      vertex -4.0373414397352 -7.528037889226858 -15.595084695719564
      vertex -3.2785356804712698 -5.678590373003641 -15.595084695719564
      vertex -2.8850654350322 -5.949921119842952 -15.595084695719564
    endloop
  endfacet
  facet normal 0 0 -1
    outer loop
      vertex -3.917389192754709 -10.850041046505007 -15.595084695719564
      vertex -2.352702346947717 -11.374999999999986 -15.595084695719564
      vertex -2.6714919221157163 -11.864707229143074 -15.595084695719564
    endloop
  endfacet
  facet normal 0 0 -1
    outer loop
      vertex -3.73834299300282 -10.574999999999985 -15.595084695719564
      vertex -3.589673559521958 -10.282420919311274 -15.595084695719564
      vertex -2.087998233676916 -10.854066514871308 -15.595084695719564
    endloop
  endfacet
  facet normal 0 0 -1
    outer loop
      vertex -3.589673559521958 -10.282420919311274 -15.595084695719564
      vertex -3.473924667537937 -9.977309913627707 -15.595084695719564
      vertex -2.087998233676916 -10.854066514871308 -15.595084695719564
    endloop
  endfacet
  facet normal 0 0 -1
    outer loop
      vertex -3.73834299300282 -10.574999999999985 -15.595084695719564
      vertex -2.087998233676916 -10.854066514871308 -15.595084695719564
      vertex -2.352702346947717 -11.374999999999986 -15.595084695719564
    endloop
  endfacet
  facet normal 0 0 -1
    outer loop
      vertex -3.473924667537937 -9.977309913627707 -15.595084695719564
      vertex -1.8819087430712196 -10.310820090117634 -15.595084695719564
      vertex -2.087998233676916 -10.854066514871308 -15.595084695719564
    endloop
  endfacet
  facet normal 0 0 -1
    outer loop
      vertex -3.473924667537937 -9.977309913627707 -15.595084695719564
      vertex -3.3930768126842588 -9.664887516849276 -15.595084695719564
      vertex -1.8819087430712196 -10.310820090117634 -15.595084695719564
    endloop
  endfacet
  facet normal 0 0 -1
    outer loop
      vertex -3.3930768126842588 -9.664887516849276 -15.595084695719564
      vertex -3.3485133241727296 -9.350499362804719 -15.595084695719564
      vertex -1.8819087430712196 -10.310820090117634 -15.595084695719564
    endloop
  endfacet
  facet normal 0 0 -1
    outer loop
      vertex -3.3485133241727296 -9.350499362804719 -15.595084695719564
      vertex -3.340996695647114 -9.039524719974597 -15.595084695719564
      vertex -1.7379601234536948 -9.75455582268287 -15.595084695719564
    endloop
  endfacet
  facet normal 0 0 -1
    outer loop
      vertex -3.340996695647114 -9.039524719974597 -15.595084695719564
      vertex -3.37065553870549 -8.737284450716198 -15.595084695719564
      vertex -1.7379601234536948 -9.75455582268287 -15.595084695719564
    endloop
  endfacet
  facet normal 0 0 -1
    outer loop
      vertex -3.37065553870549 -8.737284450716198 -15.595084695719564
      vertex -3.436982382320143 -8.448949969833361 -15.595084695719564
      vertex -1.7379601234536948 -9.75455582268287 -15.595084695719564
    endloop
  endfacet
  facet normal 0 0 -1
    outer loop
      vertex -3.3485133241727296 -9.350499362804719 -15.595084695719564
      vertex -1.7379601234536948 -9.75455582268287 -15.595084695719564
      vertex -1.8819087430712196 -10.310820090117634 -15.595084695719564
    endloop
  endfacet
  facet normal 0 0 -1
    outer loop
      vertex -3.436982382320143 -8.448949969833361 -15.595084695719564
      vertex -1.6586153756160948 -9.194791548408414 -15.595084695719564
      vertex -1.7379601234536948 -9.75455582268287 -15.595084695719564
    endloop
  endfacet
  facet normal 0 0 -1
    outer loop
      vertex -3.6744926067804267 -7.933409959676774 -15.595084695719564
      vertex -3.841612121835267 -7.7150254629114965 -15.595084695719564
      vertex -1.6586153756160948 -9.194791548408414 -15.595084695719564
    endloop
  endfacet
  facet normal 0 0 -1
    outer loop
      vertex -3.5388423558075526 -8.17945476023542 -15.595084695719564
      vertex -1.6586153756160948 -9.194791548408414 -15.595084695719564
      vertex -3.436982382320143 -8.448949969833361 -15.595084695719564
    endloop
  endfacet
  facet normal 0 0 -1
    outer loop
      vertex -3.5388423558075526 -8.17945476023542 -15.595084695719564
      vertex -3.6744926067804267 -7.933409959676774 -15.595084695719564
      vertex -1.6586153756160948 -9.194791548408414 -15.595084695719564
    endloop
  endfacet
  facet normal 0 0 -1
    outer loop
      vertex -4.0373414397352 -7.528037889226858 -15.595084695719564
      vertex -1.6452321101924383 -8.641104989223077 -15.595084695719564
      vertex -1.6586153756160948 -9.194791548408414 -15.595084695719564
    endloop
  endfacet
  facet normal 0 0 -1
    outer loop
      vertex -4.0373414397352 -7.528037889226858 -15.595084695719564
      vertex -1.698039318564668 -8.102969875665437 -15.595084695719564
      vertex -1.6452321101924383 -8.641104989223077 -15.595084695719564
    endloop
  endfacet
  facet normal 0 0 -1
    outer loop
      vertex -4.0373414397352 -7.528037889226858 -15.595084695719564
      vertex -1.9974938953561443 -7.109760914565513 -15.595084695719564
      vertex -1.8161334547566121 -7.589593848727706 -15.595084695719564
    endloop
  endfacet
  facet normal 0 0 -1
    outer loop
      vertex -4.0373414397352 -7.528037889226858 -15.595084695719564
      vertex -1.8161334547566121 -7.589593848727706 -15.595084695719564
      vertex -1.698039318564668 -8.102969875665437 -15.595084695719564
    endloop
  endfacet
  facet normal 0 0 -1
    outer loop
      vertex -4.0373414397352 -7.528037889226858 -15.595084695719564
      vertex -2.2390175129419947 -6.6716811477171944 -15.595084695719564
      vertex -1.9974938953561443 -7.109760914565513 -15.595084695719564
    endloop
  endfacet
  facet normal 0 0 -1
    outer loop
      vertex -4.0373414397352 -7.528037889226858 -15.595084695719564
      vertex -2.8850654350322 -5.949921119842952 -15.595084695719564
      vertex -2.5365717714542697 -6.2828502144521865 -15.595084695719564
    endloop
  endfacet
  facet normal 0 0 -1
    outer loop
      vertex -4.0373414397352 -7.528037889226858 -15.595084695719564
      vertex -2.5365717714542697 -6.2828502144521865 -15.595084695719564
      vertex -2.2390175129419947 -6.6716811477171944 -15.595084695719564
    endloop
  endfacet
  facet normal 0 0 -1
    outer loop
      vertex -7.578713083349933 6.382395529016673 -15.595084695719564
      vertex -7.988477760357217 6.785190824162536 -15.595084695719564
      vertex -8.355898219406122 7.2352927708568995 -15.595084695719564
    endloop
  endfacet
  facet normal 0 0 -1
    outer loop
      vertex -7.578713083349933 6.382395529016673 -15.595084695719564
      vertex -8.355898219406122 7.2352927708568995 -15.595084695719564
      vertex -7.133615375616094 6.0337988245952126 -15.595084695719564
    endloop
  endfacet
  facet normal 0 0 -1
    outer loop
      vertex -7.133615375616094 6.0337988245952126 -15.595084695719564
      vertex -8.674687794574119 7.724999999999987 -15.595084695719564
      vertex -6.660800382339423 5.745365297160069 -15.595084695719564
    endloop
  endfacet
  facet normal 0 0 -1
    outer loop
      vertex -6.660800382339423 5.745365297160069 -15.595084695719564
      vertex -8.93939190784492 8.245933485128667 -15.595084695719564
      vertex -6.168358099143967 5.522030124334536 -15.595084695719564
    endloop
  endfacet
  facet normal 0 0 -1
    outer loop
      vertex -6.168358099143967 5.522030124334536 -15.595084695719564
      vertex -9.145481398450617 8.789179909882334 -15.595084695719564
      vertex -5.664714350025997 5.367614632845874 -15.595084695719564
    endloop
  endfacet
  facet normal 0 0 -1
    outer loop
      vertex -5.664714350025997 5.367614632845874 -15.595084695719564
      vertex -9.145481398450617 8.789179909882334 -15.595084695719564
      vertex -5.158486619169346 5.284760914565512 -15.595084695719564
    endloop
  endfacet
  facet normal 0 0 -1
    outer loop
      vertex -6.673499707968446 7.7709344752011384 -15.595084695719564
      vertex -4.658336603401814 5.274886619584617 -15.595084695719564
      vertex -5.158486619169346 5.284760914565512 -15.595084695719564
    endloop
  endfacet
  facet normal 0 0 -1
    outer loop
      vertex -6.673499707968446 7.7709344752011384 -15.595084695719564
      vertex -6.423513324172728 7.575147285046619 -15.595084695719564
      vertex -4.172822008160967 5.338160699827986 -15.595084695719564
    endloop
  endfacet
  facet normal 0 0 -1
    outer loop
      vertex -6.423513324172728 7.575147285046619 -15.595084695719564
      vertex -6.157959697811859 7.413150372377565 -15.595084695719564
      vertex -4.172822008160967 5.338160699827986 -15.595084695719564
    endloop
  endfacet
  facet normal 0 0 -1
    outer loop
      vertex -6.673499707968446 7.7709344752011384 -15.595084695719564
      vertex -4.172822008160967 5.338160699827986 -15.595084695719564
      vertex -4.658336603401814 5.274886619584617 -15.595084695719564
    endloop
  endfacet
  facet normal 0 0 -1
    outer loop
      vertex -6.157959697811859 7.413150372377565 -15.595084695719564
      vertex -5.881382525058248 7.287715549283776 -15.595084695719564
      vertex -3.7102501227814524 5.473500518239764 -15.595084695719564
    endloop
  endfacet
  facet normal 0 0 -1
    outer loop
      vertex -5.881382525058248 7.287715549283776 -15.595084695719564
      vertex -5.598514118019386 7.200989040365485 -15.595084695719564
      vertex -2.8850654350321996 5.949921119842952 -15.595084695719564
    endloop
  endfacet
  facet normal 0 0 -1
    outer loop
      vertex -6.157959697811859 7.413150372377565 -15.595084695719564
      vertex -3.7102501227814524 5.473500518239764 -15.595084695719564
      vertex -4.172822008160967 5.338160699827986 -15.595084695719564
    endloop
  endfacet
  facet normal 0 0 -1
    outer loop
      vertex -5.598514118019386 7.200989040365485 -15.595084695719564
      vertex -5.3141944335656515 7.154454760235419 -15.595084695719564
      vertex -2.8850654350321996 5.949921119842952 -15.595084695719564
    endloop
  endfacet
  facet normal 0 0 -1
    outer loop
      vertex -5.3141944335656515 7.154454760235419 -15.595084695719564
      vertex -5.033288260326353 7.148908923328341 -15.595084695719564
      vertex -2.8850654350321996 5.949921119842952 -15.595084695719564
    endloop
  endfacet
  facet normal 0 0 -1
    outer loop
      vertex -5.881382525058248 7.287715549283776 -15.595084695719564
      vertex -3.2785356804712693 5.678590373003639 -15.595084695719564
      vertex -3.7102501227814524 5.473500518239764 -15.595084695719564
    endloop
  endfacet
  facet normal 0 0 -1
    outer loop
      vertex -5.881382525058248 7.287715549283776 -15.595084695719564
      vertex -2.8850654350321996 5.949921119842952 -15.595084695719564
      vertex -3.2785356804712693 5.678590373003639 -15.595084695719564
    endloop
  endfacet
  facet normal 0 0 -1
    outer loop
      vertex -5.033288260326353 7.148908923328341 -15.595084695719564
      vertex -4.760601980807522 7.184446420451329 -15.595084695719564
      vertex -2.8850654350321996 5.949921119842952 -15.595084695719564
    endloop
  endfacet
  facet normal 0 0 -1
    outer loop
      vertex -4.760601980807522 7.184446420451329 -15.595084695719564
      vertex -4.500801332854643 7.260459195175752 -15.595084695719564
      vertex -2.53657177145427 6.2828502144521865 -15.595084695719564
    endloop
  endfacet
  facet normal 0 0 -1
    outer loop
      vertex -4.760601980807522 7.184446420451329 -15.595084695719564
      vertex -2.53657177145427 6.2828502144521865 -15.595084695719564
      vertex -2.8850654350321996 5.949921119842952 -15.595084695719564
    endloop
  endfacet
  facet normal 0 0 -1
    outer loop
      vertex -8.674687794574119 7.724999999999987 -15.595084695719564
      vertex -7.133615375616094 6.0337988245952126 -15.595084695719564
      vertex -8.355898219406122 7.2352927708568995 -15.595084695719564
    endloop
  endfacet
  facet normal 0 0 -1
    outer loop
      vertex -8.93939190784492 8.245933485128667 -15.595084695719564
      vertex -6.660800382339423 5.745365297160069 -15.595084695719564
      vertex -8.674687794574119 7.724999999999987 -15.595084695719564
    endloop
  endfacet
  facet normal 0 0 -1
    outer loop
      vertex -6.168358099143967 5.522030124334536 -15.595084695719564
      vertex -8.93939190784492 8.245933485128667 -15.595084695719564
      vertex -9.145481398450617 8.789179909882334 -15.595084695719564
    endloop
  endfacet
  facet normal 0 0 -1
    outer loop
      vertex -6.673499707968446 7.7709344752011384 -15.595084695719564
      vertex -9.145481398450617 8.789179909882334 -15.595084695719564
      vertex -9.28943001806814 9.345444177317102 -15.595084695719564
    endloop
  endfacet
  facet normal 0 0 -1
    outer loop
      vertex -7.1100009487671265 8.249958953494964 -15.595084695719564
      vertex -9.36877476590574 9.905208451591557 -15.595084695719564
      vertex -9.382158031329398 10.458895010776896 -15.595084695719564
    endloop
  endfacet
  facet normal 0 0 -1
    outer loop
      vertex -7.634313328837577 9.435112483150695 -15.595084695719564
      vertex -9.382158031329398 10.458895010776896 -15.595084695719564
      vertex -9.329350822957167 10.997030124334534 -15.595084695719564
    endloop
  endfacet
  facet normal 0 0 -1
    outer loop
      vertex -6.673499707968446 7.7709344752011384 -15.595084695719564
      vertex -9.28943001806814 9.345444177317102 -15.595084695719564
      vertex -9.36877476590574 9.905208451591557 -15.595084695719564
    endloop
  endfacet
  facet normal 0 0 -1
    outer loop
      vertex -7.289047148519018 8.524999999999986 -15.595084695719564
      vertex -9.382158031329398 10.458895010776896 -15.595084695719564
      vertex -7.437716581999878 8.817579080688695 -15.595084695719564
    endloop
  endfacet
  facet normal 0 0 -1
    outer loop
      vertex -7.437716581999878 8.817579080688695 -15.595084695719564
      vertex -9.382158031329398 10.458895010776896 -15.595084695719564
      vertex -7.5534654739838984 9.122690086372266 -15.595084695719564
    endloop
  endfacet
  facet normal 0 0 -1
    outer loop
      vertex -7.289047148519018 8.524999999999986 -15.595084695719564
      vertex -7.1100009487671265 8.249958953494964 -15.595084695719564
      vertex -9.382158031329398 10.458895010776896 -15.595084695719564
    endloop
  endfacet
  facet normal 0 0 -1
    outer loop
      vertex -7.678876817349106 9.74950063719525 -15.595084695719564
      vertex -9.329350822957167 10.997030124334534 -15.595084695719564
      vertex -7.686393445874721 10.060475280025372 -15.595084695719564
    endloop
  endfacet
  facet normal 0 0 -1
    outer loop
      vertex -7.5534654739838984 9.122690086372266 -15.595084695719564
      vertex -9.382158031329398 10.458895010776896 -15.595084695719564
      vertex -7.634313328837577 9.435112483150695 -15.595084695719564
    endloop
  endfacet
  facet normal 0 0 -1
    outer loop
      vertex -7.634313328837577 9.435112483150695 -15.595084695719564
      vertex -9.329350822957167 10.997030124334534 -15.595084695719564
      vertex -7.678876817349106 9.74950063719525 -15.595084695719564
    endloop
  endfacet
  facet normal 0 0 -1
    outer loop
      vertex -6.673499707968446 7.7709344752011384 -15.595084695719564
      vertex -9.36877476590574 9.905208451591557 -15.595084695719564
      vertex -6.903641512862949 7.997161969735116 -15.595084695719564
    endloop
  endfacet
  facet normal 0 0 -1
    outer loop
      vertex -6.673499707968446 7.7709344752011384 -15.595084695719564
      vertex -5.158486619169346 5.284760914565512 -15.595084695719564
      vertex -9.145481398450617 8.789179909882334 -15.595084695719564
    endloop
  endfacet
  facet normal 0 0 -1
    outer loop
      vertex -7.1100009487671265 8.249958953494964 -15.595084695719564
      vertex -6.903641512862949 7.997161969735116 -15.595084695719564
      vertex -9.36877476590574 9.905208451591557 -15.595084695719564
    endloop
  endfacet
  facet normal 0 0 -1
    outer loop
      vertex -7.6567346028163445 10.362715549283774 -15.595084695719564
      vertex -9.329350822957167 10.997030124334534 -15.595084695719564
      vertex -9.211256686765225 11.510406151272267 -15.595084695719564
    endloop
  endfacet
  facet normal 0 0 -1
    outer loop
      vertex -7.686393445874721 10.060475280025372 -15.595084695719564
      vertex -9.329350822957167 10.997030124334534 -15.595084695719564
      vertex -7.6567346028163445 10.362715549283774 -15.595084695719564
    endloop
  endfacet
  facet normal 0 0 -1
    outer loop
      vertex -7.6567346028163445 10.362715549283774 -15.595084695719564
      vertex -9.211256686765225 11.510406151272267 -15.595084695719564
      vertex -7.5904077592016925 10.651050030166608 -15.595084695719564
    endloop
  endfacet
  facet normal 0 0 -1
    outer loop
      vertex -7.5904077592016925 10.651050030166608 -15.595084695719564
      vertex -9.211256686765225 11.510406151272267 -15.595084695719564
      vertex -7.488547785714284 10.920545239764554 -15.595084695719564
    endloop
  endfacet
  facet normal 0 0 -1
    outer loop
      vertex -7.488547785714284 10.920545239764554 -15.595084695719564
      vertex -9.211256686765225 11.510406151272267 -15.595084695719564
      vertex -9.029896246165691 11.990239085434458 -15.595084695719564
    endloop
  endfacet
  facet normal 0 0 -1
    outer loop
      vertex -7.352897534741409 11.166590040323197 -15.595084695719564
      vertex -9.029896246165691 11.990239085434458 -15.595084695719564
      vertex -8.788372628579841 12.428318852282775 -15.595084695719564
    endloop
  endfacet
  facet normal 0 0 -1
    outer loop
      vertex -7.488547785714284 10.920545239764554 -15.595084695719564
      vertex -9.029896246165691 11.990239085434458 -15.595084695719564
      vertex -7.352897534741409 11.166590040323197 -15.595084695719564
    endloop
  endfacet
  facet normal 0 0 -1
    outer loop
      vertex -7.185778019686571 11.384974537088475 -15.595084695719564
      vertex -8.788372628579841 12.428318852282775 -15.595084695719564
      vertex -8.490818370067565 12.817149785547786 -15.595084695719564
    endloop
  endfacet
  facet normal 0 0 -1
    outer loop
      vertex -7.352897534741409 11.166590040323197 -15.595084695719564
      vertex -8.788372628579841 12.428318852282775 -15.595084695719564
      vertex -7.185778019686571 11.384974537088475 -15.595084695719564
    endloop
  endfacet
  facet normal 0 0 -1
    outer loop
      vertex -7.185778019686571 11.384974537088475 -15.595084695719564
      vertex -8.490818370067565 12.817149785547786 -15.595084695719564
      vertex -6.990048701786636 11.571962110773113 -15.595084695719564
    endloop
  endfacet
  facet normal 0 0 -1
    outer loop
      vertex -6.990048701786636 11.571962110773113 -15.595084695719564
      vertex -8.490818370067565 12.817149785547786 -15.595084695719564
      vertex -6.769058563937296 11.724353352148617 -15.595084695719564
    endloop
  endfacet
  facet normal 0 0 -1
    outer loop
      vertex -6.769058563937296 11.724353352148617 -15.595084695719564
      vertex -8.490818370067565 12.817149785547786 -15.595084695719564
      vertex -8.142324706489635 13.15007888015702 -15.595084695719564
    endloop
  endfacet
  facet normal 0 0 -1
    outer loop
      vertex -6.769058563937296 11.724353352148617 -15.595084695719564
      vertex -8.142324706489635 13.15007888015702 -15.595084695719564
      vertex -6.526588808667193 11.839540804824217 -15.595084695719564
    endloop
  endfacet
  facet normal 0 0 -1
    outer loop
      vertex -6.266788160714315 11.915553579548643 -15.595084695719564
      vertex -8.142324706489635 13.15007888015702 -15.595084695719564
      vertex -7.748854461050568 13.421409626996333 -15.595084695719564
    endloop
  endfacet
  facet normal 0 0 -1
    outer loop
      vertex -6.526588808667193 11.839540804824217 -15.595084695719564
      vertex -8.142324706489635 13.15007888015702 -15.595084695719564
      vertex -6.266788160714315 11.915553579548643 -15.595084695719564
    endloop
  endfacet
  facet normal 0 0 -1
    outer loop
      vertex -6.266788160714315 11.915553579548643 -15.595084695719564
      vertex -7.748854461050568 13.421409626996333 -15.595084695719564
      vertex -5.994101881195483 11.95109107667163 -15.595084695719564
    endloop
  endfacet
  facet normal 0 0 -1
    outer loop
      vertex -5.994101881195483 11.95109107667163 -15.595084695719564
      vertex -7.748854461050568 13.421409626996333 -15.595084695719564
      vertex -5.713195707956185 11.945545239764552 -15.595084695719564
    endloop
  endfacet
  facet normal 0 0 -1
    outer loop
      vertex -5.713195707956185 11.945545239764552 -15.595084695719564
      vertex -7.748854461050568 13.421409626996333 -15.595084695719564
      vertex -5.428876023502449 11.899010959634486 -15.595084695719564
    endloop
  endfacet
  facet normal 0 0 -1
    outer loop
      vertex -5.428876023502449 11.899010959634486 -15.595084695719564
      vertex -7.748854461050568 13.421409626996333 -15.595084695719564
      vertex -7.317140018740384 13.626499481760208 -15.595084695719564
    endloop
  endfacet
  facet normal 0 0 -1
    outer loop
      vertex -4.500801332854643 7.260459195175752 -15.595084695719564
      vertex -4.258331577584539 7.375646647851353 -15.595084695719564
      vertex -2.53657177145427 6.2828502144521865 -15.595084695719564
    endloop
  endfacet
  facet normal 0 0 -1
    outer loop
      vertex -4.258331577584539 7.375646647851353 -15.595084695719564
      vertex -4.0373414397352 7.528037889226858 -15.595084695719564
      vertex -2.2390175129419942 6.671681147717195 -15.595084695719564
    endloop
  endfacet
  facet normal 0 0 -1
    outer loop
      vertex -4.0373414397352 7.528037889226858 -15.595084695719564
      vertex -3.841612121835267 7.7150254629114965 -15.595084695719564
      vertex -2.2390175129419942 6.671681147717195 -15.595084695719564
    endloop
  endfacet
  facet normal 0 0 -1
    outer loop
      vertex -3.841612121835267 7.7150254629114965 -15.595084695719564
      vertex -3.6744926067804267 7.933409959676774 -15.595084695719564
      vertex -1.997493895356144 7.109760914565513 -15.595084695719564
    endloop
  endfacet
  facet normal 0 0 -1
    outer loop
      vertex -5.428876023502449 11.899010959634486 -15.595084695719564
      vertex -7.317140018740384 13.626499481760208 -15.595084695719564
      vertex -5.146007616463588 11.812284450716195 -15.595084695719564
    endloop
  endfacet
  facet normal 0 0 -1
    outer loop
      vertex -4.869430443709977 11.686849627622404 -15.595084695719564
      vertex -5.146007616463588 11.812284450716195 -15.595084695719564
      vertex -7.317140018740384 13.626499481760208 -15.595084695719564
    endloop
  endfacet
  facet normal 0 0 -1
    outer loop
      vertex -4.869430443709977 11.686849627622404 -15.595084695719564
      vertex -7.317140018740384 13.626499481760208 -15.595084695719564
      vertex -4.603876817349107 11.52485271495335 -15.595084695719564
    endloop
  endfacet
  facet normal 0 0 -1
    outer loop
      vertex -4.603876817349107 11.52485271495335 -15.595084695719564
      vertex -7.317140018740384 13.626499481760208 -15.595084695719564
      vertex -6.854568133360869 13.761839300171985 -15.595084695719564
    endloop
  endfacet
  facet normal 0 0 -1
    outer loop
      vertex -4.3538904335533894 11.329065524798832 -15.595084695719564
      vertex -6.854568133360869 13.761839300171985 -15.595084695719564
      vertex -6.369053538120021 13.825113380415353 -15.595084695719564
    endloop
  endfacet
  facet normal 0 0 -1
    outer loop
      vertex -4.3538904335533894 11.329065524798832 -15.595084695719564
      vertex -6.369053538120021 13.825113380415353 -15.595084695719564
      vertex -5.8689035223524915 13.81523908543446 -15.595084695719564
    endloop
  endfacet
  facet normal 0 0 -1
    outer loop
      vertex -4.603876817349107 11.52485271495335 -15.595084695719564
      vertex -6.854568133360869 13.761839300171985 -15.595084695719564
      vertex -4.3538904335533894 11.329065524798832 -15.595084695719564
    endloop
  endfacet
  facet normal 0 0 -1
    outer loop
      vertex -4.3538904335533894 11.329065524798832 -15.595084695719564
      vertex -5.8689035223524915 13.81523908543446 -15.595084695719564
      vertex -5.36267579149584 13.732385367154098 -15.595084695719564
    endloop
  endfacet
  facet normal 0 0 -1
    outer loop
      vertex -4.3538904335533894 11.329065524798832 -15.595084695719564
      vertex -5.36267579149584 13.732385367154098 -15.595084695719564
      vertex -4.8590320423778675 13.577969875665433 -15.595084695719564
    endloop
  endfacet
  facet normal 0 0 -1
    outer loop
      vertex -3.589673559521958 10.282420919311274 -15.595084695719564
      vertex -3.73834299300282 10.574999999999985 -15.595084695719564
      vertex -2.352702346947717 11.374999999999986 -15.595084695719564
    endloop
  endfacet
  facet normal 0 0 -1
    outer loop
      vertex -3.917389192754709 10.850041046505007 -15.595084695719564
      vertex -2.6714919221157163 11.864707229143074 -15.595084695719564
      vertex -3.73834299300282 10.574999999999985 -15.595084695719564
    endloop
  endfacet
  facet normal 0 0 -1
    outer loop
      vertex -4.3538904335533894 11.329065524798832 -15.595084695719564
      vertex -3.0389123811646184 12.314809175837436 -15.595084695719564
      vertex -4.123748628658887 11.102838030264856 -15.595084695719564
    endloop
  endfacet
  facet normal 0 0 -1
    outer loop
      vertex -3.917389192754709 10.850041046505007 -15.595084695719564
      vertex -4.123748628658887 11.102838030264856 -15.595084695719564
      vertex -3.0389123811646184 12.314809175837436 -15.595084695719564
    endloop
  endfacet
  facet normal 0 0 -1
    outer loop
      vertex -3.917389192754709 10.850041046505007 -15.595084695719564
      vertex -3.0389123811646184 12.314809175837436 -15.595084695719564
      vertex -2.6714919221157163 11.864707229143074 -15.595084695719564
    endloop
  endfacet
  facet normal 0 0 -1
    outer loop
      vertex -4.3538904335533894 11.329065524798832 -15.595084695719564
      vertex -4.8590320423778675 13.577969875665433 -15.595084695719564
      vertex -4.366589759182414 13.354634702839903 -15.595084695719564
    endloop
  endfacet
  facet normal 0 0 -1
    outer loop
      vertex -4.3538904335533894 11.329065524798832 -15.595084695719564
      vertex -4.366589759182414 13.354634702839903 -15.595084695719564
      vertex -3.893774765905743 13.066201175404759 -15.595084695719564
    endloop
  endfacet
  facet normal 0 0 -1
    outer loop
      vertex -4.3538904335533894 11.329065524798832 -15.595084695719564
      vertex -3.893774765905743 13.066201175404759 -15.595084695719564
      vertex -3.4486770581719033 12.717604470983298 -15.595084695719564
    endloop
  endfacet
  facet normal 0 0 -1
    outer loop
      vertex -4.3538904335533894 11.329065524798832 -15.595084695719564
      vertex -3.4486770581719033 12.717604470983298 -15.595084695719564
      vertex -3.0389123811646184 12.314809175837436 -15.595084695719564
    endloop
  endfacet
  facet normal 0 0 -1
    outer loop
      vertex -4.258331577584539 7.375646647851353 -15.595084695719564
      vertex -2.2390175129419942 6.671681147717195 -15.595084695719564
      vertex -2.53657177145427 6.2828502144521865 -15.595084695719564
    endloop
  endfacet
  facet normal 0 0 -1
    outer loop
      vertex -3.841612121835267 7.7150254629114965 -15.595084695719564
      vertex -1.997493895356144 7.109760914565513 -15.595084695719564
      vertex -2.2390175129419942 6.671681147717195 -15.595084695719564
    endloop
  endfacet
  facet normal 0 0 -1
    outer loop
      vertex -3.6744926067804267 7.933409959676774 -15.595084695719564
      vertex -1.816133454756612 7.589593848727704 -15.595084695719564
      vertex -1.997493895356144 7.109760914565513 -15.595084695719564
    endloop
  endfacet
  facet normal 0 0 -1
    outer loop
      vertex -3.6744926067804267 7.933409959676774 -15.595084695719564
      vertex -3.5388423558075526 8.17945476023542 -15.595084695719564
      vertex -1.816133454756612 7.589593848727704 -15.595084695719564
    endloop
  endfacet
  facet normal 0 0 -1
    outer loop
      vertex -3.5388423558075526 8.17945476023542 -15.595084695719564
      vertex -3.436982382320143 8.448949969833361 -15.595084695719564
      vertex -1.816133454756612 7.589593848727704 -15.595084695719564
    endloop
  endfacet
  facet normal 0 0 -1
    outer loop
      vertex -3.436982382320143 8.448949969833361 -15.595084695719564
      vertex -3.37065553870549 8.737284450716198 -15.595084695719564
      vertex -1.698039318564668 8.102969875665435 -15.595084695719564
    endloop
  endfacet
  facet normal 0 0 -1
    outer loop
      vertex -3.37065553870549 8.737284450716198 -15.595084695719564
      vertex -3.340996695647114 9.039524719974597 -15.595084695719564
      vertex -1.698039318564668 8.102969875665435 -15.595084695719564
    endloop
  endfacet
  facet normal 0 0 -1
    outer loop
      vertex -3.436982382320143 8.448949969833361 -15.595084695719564
      vertex -1.698039318564668 8.102969875665435 -15.595084695719564
      vertex -1.816133454756612 7.589593848727704 -15.595084695719564
    endloop
  endfacet
  facet normal 0 0 -1
    outer loop
      vertex -3.340996695647114 9.039524719974597 -15.595084695719564
      vertex -1.6452321101924374 8.641104989223075 -15.595084695719564
      vertex -1.698039318564668 8.102969875665435 -15.595084695719564
    endloop
  endfacet
  facet normal 0 0 -1
    outer loop
      vertex -3.340996695647114 9.039524719974597 -15.595084695719564
      vertex -3.3485133241727296 9.350499362804719 -15.595084695719564
      vertex -1.8819087430712196 10.310820090117634 -15.595084695719564
    endloop
  endfacet
  facet normal 0 0 -1
    outer loop
      vertex -3.3930768126842588 9.664887516849276 -15.595084695719564
      vertex -3.473924667537937 9.977309913627707 -15.595084695719564
      vertex -2.087998233676916 10.854066514871308 -15.595084695719564
    endloop
  endfacet
  facet normal 0 0 -1
    outer loop
      vertex -3.3485133241727296 9.350499362804719 -15.595084695719564
      vertex -3.3930768126842588 9.664887516849276 -15.595084695719564
      vertex -2.087998233676916 10.854066514871308 -15.595084695719564
    endloop
  endfacet
  facet normal 0 0 -1
    outer loop
      vertex -3.3485133241727296 9.350499362804719 -15.595084695719564
      vertex -2.087998233676916 10.854066514871308 -15.595084695719564
      vertex -1.8819087430712196 10.310820090117634 -15.595084695719564
    endloop
  endfacet
  facet normal 0 0 -1
    outer loop
      vertex -3.340996695647114 9.039524719974597 -15.595084695719564
      vertex -1.6586153756160942 9.194791548408414 -15.595084695719564
      vertex -1.6452321101924374 8.641104989223075 -15.595084695719564
    endloop
  endfacet
  facet normal 0 0 -1
    outer loop
      vertex -3.340996695647114 9.039524719974597 -15.595084695719564
      vertex -1.7379601234536954 9.75455582268287 -15.595084695719564
      vertex -1.6586153756160942 9.194791548408414 -15.595084695719564
    endloop
  endfacet
  facet normal 0 0 -1
    outer loop
      vertex -3.340996695647114 9.039524719974597 -15.595084695719564
      vertex -1.8819087430712196 10.310820090117634 -15.595084695719564
      vertex -1.7379601234536954 9.75455582268287 -15.595084695719564
    endloop
  endfacet
  facet normal 0 0 -1
    outer loop
      vertex -3.473924667537937 9.977309913627707 -15.595084695719564
      vertex -3.589673559521958 10.282420919311274 -15.595084695719564
      vertex -2.352702346947717 11.374999999999986 -15.595084695719564
    endloop
  endfacet
  facet normal 0 0 -1
    outer loop
      vertex -3.473924667537937 9.977309913627707 -15.595084695719564
      vertex -2.352702346947717 11.374999999999986 -15.595084695719564
      vertex -2.087998233676916 10.854066514871308 -15.595084695719564
    endloop
  endfacet
  facet normal 0 0 -1
    outer loop
      vertex -3.73834299300282 10.574999999999985 -15.595084695719564
      vertex -2.6714919221157163 11.864707229143074 -15.595084695719564
      vertex -2.352702346947717 11.374999999999986 -15.595084695719564
    endloop
  endfacet
  facet normal 0 0 -1
    outer loop
      vertex 9.252038063763749 -1.4495689014324225 -15.595084695719564
      vertex 6.709393779615246 -0.9446895146241998 -15.595084695719564
      vertex 6.595315557813665 -0.47642060160318717 -15.595084695719564
    endloop
  endfacet
  facet normal 0 0 -1
    outer loop
      vertex 9.252038063763749 -1.4495689014324225 -15.595084695719564
      vertex 6.89735411634382 -1.3967945281325769 -15.595084695719564
      vertex 6.709393779615246 -0.9446895146241998 -15.595084695719564
    endloop
  endfacet
  facet normal 0 0 -1
    outer loop
      vertex 8.6022141026428 -0.5305790424601675 -15.595084695719564
      vertex 6.557071360942547 6.983296170029381e-19 -15.595084695719564
      vertex 6.595315557813665 0.4764206016031872 -15.595084695719564
    endloop
  endfacet
  facet normal 0 0 -1
    outer loop
      vertex 9.252038063763749 -1.4495689014324225 -15.595084695719564
      vertex 6.595315557813665 -0.47642060160318717 -15.595084695719564
      vertex 6.557071360942547 6.983296170029381e-19 -15.595084695719564
    endloop
  endfacet
  facet normal 0 0 -1
    outer loop
      vertex 9.252038063763749 -1.4495689014324225 -15.595084695719564
      vertex 7.48084780478262 -2.221979215881829 -15.595084695719564
      vertex 7.155980514525502 -1.8249999999999984 -15.595084695719564
    endloop
  endfacet
  facet normal 0 0 -1
    outer loop
      vertex 9.252038063763749 -1.4495689014324225 -15.595084695719564
      vertex 8.306032492531873 -2.8957396920630076 -15.595084695719564
      vertex 7.866397417708647 -2.5809397513308974 -15.595084695719564
    endloop
  endfacet
  facet normal 0 0 -1
    outer loop
      vertex 9.252038063763749 -1.4495689014324225 -15.595084695719564
      vertex 7.866397417708647 -2.5809397513308974 -15.595084695719564
      vertex 7.48084780478262 -2.221979215881829 -15.595084695719564
    endloop
  endfacet
  facet normal 0 0 -1
    outer loop
      vertex 9.252038063763749 -1.4495689014324225 -15.595084695719564
      vertex 9.316673206803637 -3.372160293666196 -15.595084695719564
      vertex 8.7922307512322 -3.1609927238132003 -15.595084695719564
    endloop
  endfacet
  facet normal 0 0 -1
    outer loop
      vertex 9.252038063763749 -1.4495689014324225 -15.595084695719564
      vertex 8.7922307512322 -3.1609927238132003 -15.595084695719564
      vertex 8.306032492531873 -2.8957396920630076 -15.595084695719564
    endloop
  endfacet
  facet normal 0 0 -1
    outer loop
      vertex 9.252038063763749 -1.4495689014324225 -15.595084695719564
      vertex 7.155980514525502 -1.8249999999999984 -15.595084695719564
      vertex 6.89735411634382 -1.3967945281325769 -15.595084695719564
    endloop
  endfacet
  facet normal 0 0 -1
    outer loop
      vertex 9.035496500339542 -1.2479609294678773 -15.595084695719564
      vertex 9.252038063763749 -1.4495689014324225 -15.595084695719564
      vertex 6.557071360942547 6.983296170029381e-19 -15.595084695719564
    endloop
  endfacet
  facet normal 0 0 -1
    outer loop
      vertex 8.707780867106791 -0.7845010363484339 -15.595084695719564
      vertex 6.557071360942547 6.983296170029381e-19 -15.595084695719564
      vertex 8.6022141026428 -0.5305790424601675 -15.595084695719564
    endloop
  endfacet
  facet normal 0 0 -1
    outer loop
      vertex 8.707780867106791 -0.7845010363484339 -15.595084695719564
      vertex 8.853036789373215 -1.025 -15.595084695719564
      vertex 6.557071360942547 6.983296170029381e-19 -15.595084695719564
    endloop
  endfacet
  facet normal 0 0 -1
    outer loop
      vertex 8.538142772589854 -0.2675786940511057 -15.595084695719564
      vertex 8.6022141026428 -0.5305790424601675 -15.595084695719564
      vertex 6.595315557813665 0.4764206016031872 -15.595084695719564
    endloop
  endfacet
  facet normal 0 0 -1
    outer loop
      vertex 8.853036789373215 -1.025 -15.595084695719564
      vertex 9.035496500339542 -1.2479609294678773 -15.595084695719564
      vertex 6.557071360942547 6.983296170029381e-19 -15.595084695719564
    endloop
  endfacet
  facet normal 0 0 -1
    outer loop
      vertex 9.252038063763749 -1.4495689014324225 -15.595084695719564
      vertex 9.870386503428449 -3.5256292659550987 -15.595084695719564
      vertex 9.316673206803637 -3.372160293666196 -15.595084695719564
    endloop
  endfacet
  facet normal 0 0 -1
    outer loop
      vertex 9.252038063763749 -1.4495689014324225 -15.595084695719564
      vertex 10.443896453083047 -3.618773744014408 -15.595084695719564
      vertex 9.870386503428449 -3.5256292659550987 -15.595084695719564
    endloop
  endfacet
  facet normal 0 0 -1
    outer loop
      vertex 9.252038063763749 -1.4495689014324225 -15.595084695719564
      vertex 11.027390141521849 -3.65 -15.595084695719564
      vertex 10.443896453083047 -3.618773744014408 -15.595084695719564
    endloop
  endfacet
  facet normal 0 0 -1
    outer loop
      vertex 9.252038063763749 -1.4495689014324225 -15.595084695719564
      vertex 11.610883829960649 -3.618773744014408 -15.595084695719564
      vertex 11.027390141521849 -3.65 -15.595084695719564
    endloop
  endfacet
  facet normal 0 0 -1
    outer loop
      vertex 9.252038063763749 -1.4495689014324225 -15.595084695719564
      vertex 9.498956393458986 -1.626374347597032 -15.595084695719564
      vertex 11.610883829960649 -3.618773744014408 -15.595084695719564
    endloop
  endfacet
  facet normal 0 0 -1
    outer loop
      vertex 9.498956393458986 -1.626374347597032 -15.595084695719564
      vertex 9.77202664834547 -1.775352077758099 -15.595084695719564
      vertex 11.610883829960649 -3.618773744014408 -15.595084695719564
    endloop
  endfacet
  facet normal 0 0 -1
    outer loop
      vertex 9.77202664834547 -1.775352077758099 -15.595084695719564
      vertex 10.066576520652717 -1.8939530416481376 -15.595084695719564
      vertex 11.610883829960649 -3.618773744014408 -15.595084695719564
    endloop
  endfacet
  facet normal 0 0 -1
    outer loop
      vertex 10.066576520652717 -1.8939530416481376 -15.595084695719564
      vertex 10.3775661804009 -1.98014794389259 -15.595084695719564
      vertex 11.610883829960649 -3.618773744014408 -15.595084695719564
    endloop
  endfacet
  facet normal 0 0 -1
    outer loop
      vertex 10.3775661804009 -1.98014794389259 -15.595084695719564
      vertex 12.184393779615245 -3.525629265955099 -15.595084695719564
      vertex 11.610883829960649 -3.618773744014408 -15.595084695719564
    endloop
  endfacet
  facet normal 0 0 -1
    outer loop
      vertex 10.3775661804009 -1.98014794389259 -15.595084695719564
      vertex 10.6996745082891 -2.032461965816311 -15.595084695719564
      vertex 12.184393779615245 -3.525629265955099 -15.595084695719564
    endloop
  endfacet
  facet normal 0 0 -1
    outer loop
      vertex 10.6996745082891 -2.032461965816311 -15.595084695719564
      vertex 11.027390141521849 -2.05 -15.595084695719564
      vertex 12.184393779615245 -3.525629265955099 -15.595084695719564
    endloop
  endfacet
  facet normal 0 0 -1
    outer loop
      vertex 11.027390141521849 -2.05 -15.595084695719564
      vertex 12.738107076240055 -3.3721602936661963 -15.595084695719564
      vertex 12.184393779615245 -3.525629265955099 -15.595084695719564
    endloop
  endfacet
  facet normal 0 0 -1
    outer loop
      vertex 11.027390141521849 -2.05 -15.595084695719564
      vertex 11.355105774754602 -2.032461965816311 -15.595084695719564
      vertex 12.738107076240055 -3.3721602936661963 -15.595084695719564
    endloop
  endfacet
  facet normal 0 0 -1
    outer loop
      vertex 11.355105774754602 -2.032461965816311 -15.595084695719564
      vertex 11.6772141026428 -1.98014794389259 -15.595084695719564
      vertex 12.738107076240055 -3.3721602936661963 -15.595084695719564
    endloop
  endfacet
  facet normal 0 0 -1
    outer loop
      vertex 11.6772141026428 -1.98014794389259 -15.595084695719564
      vertex 11.98820376239098 -1.8939530416481376 -15.595084695719564
      vertex 13.262549531811498 -3.1609927238132007 -15.595084695719564
    endloop
  endfacet
  facet normal 0 0 -1
    outer loop
      vertex 11.6772141026428 -1.98014794389259 -15.595084695719564
      vertex 13.262549531811498 -3.1609927238132007 -15.595084695719564
      vertex 12.738107076240055 -3.3721602936661963 -15.595084695719564
    endloop
  endfacet
  facet normal 0 0 -1
    outer loop
      vertex 12.282753634698228 -1.775352077758099 -15.595084695719564
      vertex 13.748747790511826 -2.895739692063008 -15.595084695719564
      vertex 13.262549531811498 -3.1609927238132007 -15.595084695719564
    endloop
  endfacet
  facet normal 0 0 -1
    outer loop
      vertex 11.98820376239098 -1.8939530416481376 -15.595084695719564
      vertex 12.282753634698228 -1.775352077758099 -15.595084695719564
      vertex 13.262549531811498 -3.1609927238132007 -15.595084695719564
    endloop
  endfacet
  facet normal 0 0 -1
    outer loop
      vertex 12.282753634698228 -1.775352077758099 -15.595084695719564
      vertex 12.555823889584712 -1.626374347597032 -15.595084695719564
      vertex 13.748747790511826 -2.895739692063008 -15.595084695719564
    endloop
  endfacet
  facet normal 0 0 -1
    outer loop
      vertex 12.555823889584712 -1.626374347597032 -15.595084695719564
      vertex 12.80274221927995 -1.4495689014324225 -15.595084695719564
      vertex 13.748747790511826 -2.895739692063008 -15.595084695719564
    endloop
  endfacet
  facet normal 0 0 -1
    outer loop
      vertex 12.80274221927995 -1.4495689014324225 -15.595084695719564
      vertex 13.019283782704155 -1.2479609294678773 -15.595084695719564
      vertex 14.188382865335052 -2.5809397513308987 -15.595084695719564
    endloop
  endfacet
  facet normal 0 0 -1
    outer loop
      vertex 12.80274221927995 -1.4495689014324225 -15.595084695719564
      vertex 14.188382865335052 -2.5809397513308987 -15.595084695719564
      vertex 13.748747790511826 -2.895739692063008 -15.595084695719564
    endloop
  endfacet
  facet normal 0 0 -1
    outer loop
      vertex 13.019283782704155 -1.2479609294678773 -15.595084695719564
      vertex 14.573932478261078 -2.2219792158818303 -15.595084695719564
      vertex 14.188382865335052 -2.5809397513308987 -15.595084695719564
    endloop
  endfacet
  facet normal 0 0 -1
    outer loop
      vertex 13.019283782704155 -1.2479609294678773 -15.595084695719564
      vertex 13.201743493670481 -1.025 -15.595084695719564
      vertex 14.573932478261078 -2.2219792158818303 -15.595084695719564
    endloop
  endfacet
  facet normal 0 0 -1
    outer loop
      vertex 13.201743493670481 -1.025 -15.595084695719564
      vertex 13.346999415936907 -0.7845010363484339 -15.595084695719564
      vertex 14.573932478261078 -2.2219792158818303 -15.595084695719564
    endloop
  endfacet
  facet normal 0 0 -1
    outer loop
      vertex 13.346999415936907 -0.7845010363484339 -15.595084695719564
      vertex 13.452566180400897 -0.5305790424601675 -15.595084695719564
      vertex 14.898799768518193 -1.825 -15.595084695719564
    endloop
  endfacet
  facet normal 0 0 -1
    outer loop
      vertex 13.346999415936907 -0.7845010363484339 -15.595084695719564
      vertex 14.898799768518193 -1.825 -15.595084695719564
      vertex 14.573932478261078 -2.2219792158818303 -15.595084695719564
    endloop
  endfacet
  facet normal 0 0 -1
    outer loop
      vertex 13.452566180400897 -0.5305790424601675 -15.595084695719564
      vertex 13.516637510453842 -0.2675786940511057 -15.595084695719564
      vertex 14.898799768518193 -1.825 -15.595084695719564
    endloop
  endfacet
  facet normal 0 0 -1
    outer loop
      vertex 13.538117127874607 0 -15.595084695719564
      vertex 15.157426166699878 -1.3967945281325778 -15.595084695719564
      vertex 14.898799768518193 -1.825 -15.595084695719564
    endloop
  endfacet
  facet normal 0 0 -1
    outer loop
      vertex 13.516637510453842 -0.2675786940511057 -15.595084695719564
      vertex 13.538117127874607 0 -15.595084695719564
      vertex 14.898799768518193 -1.825 -15.595084695719564
    endloop
  endfacet
  facet normal 0 0 -1
    outer loop
      vertex 13.538117127874607 0 -15.595084695719564
      vertex 15.34538650342845 -0.9446895146242007 -15.595084695719564
      vertex 15.157426166699878 -1.3967945281325778 -15.595084695719564
    endloop
  endfacet
  facet normal 0 0 -1
    outer loop
      vertex 13.538117127874607 0 -15.595084695719564
      vertex 15.459464725230033 -0.4764206016031882 -15.595084695719564
      vertex 15.34538650342845 -0.9446895146242007 -15.595084695719564
    endloop
  endfacet
  facet normal 0 0 -1
    outer loop
      vertex 13.538117127874607 0 -15.595084695719564
      vertex 15.497708922101145 0 -15.595084695719564
      vertex 15.459464725230033 -0.4764206016031882 -15.595084695719564
    endloop
  endfacet
  facet normal 0 0 -1
    outer loop
      vertex 8.516663155169091 0 -15.595084695719564
      vertex 6.595315557813665 0.4764206016031872 -15.595084695719564
      vertex 6.709393779615248 0.9446895146242003 -15.595084695719564
    endloop
  endfacet
  facet normal 0 0 -1
    outer loop
      vertex 8.6022141026428 0.5305790424601675 -15.595084695719564
      vertex 6.709393779615248 0.9446895146242003 -15.595084695719564
      vertex 6.89735411634382 1.3967945281325767 -15.595084695719564
    endloop
  endfacet
  facet normal 0 0 -1
    outer loop
      vertex 8.707780867106791 0.7845010363484339 -15.595084695719564
      vertex 6.89735411634382 1.3967945281325767 -15.595084695719564
      vertex 7.155980514525501 1.8249999999999995 -15.595084695719564
    endloop
  endfacet
  facet normal 0 0 -1
    outer loop
      vertex 8.538142772589854 -0.2675786940511057 -15.595084695719564
      vertex 6.595315557813665 0.4764206016031872 -15.595084695719564
      vertex 8.516663155169091 0 -15.595084695719564
    endloop
  endfacet
  facet normal 0 0 -1
    outer loop
      vertex 8.516663155169091 0 -15.595084695719564
      vertex 6.709393779615248 0.9446895146242003 -15.595084695719564
      vertex 8.538142772589854 0.2675786940511057 -15.595084695719564
    endloop
  endfacet
  facet normal 0 0 -1
    outer loop
      vertex 8.538142772589854 0.2675786940511057 -15.595084695719564
      vertex 6.709393779615248 0.9446895146242003 -15.595084695719564
      vertex 8.6022141026428 0.5305790424601675 -15.595084695719564
    endloop
  endfacet
  facet normal 0 0 -1
    outer loop
      vertex 8.6022141026428 0.5305790424601675 -15.595084695719564
      vertex 6.89735411634382 1.3967945281325767 -15.595084695719564
      vertex 8.707780867106791 0.7845010363484339 -15.595084695719564
    endloop
  endfacet
  facet normal 0 0 -1
    outer loop
      vertex 8.707780867106791 0.7845010363484339 -15.595084695719564
      vertex 7.155980514525501 1.8249999999999995 -15.595084695719564
      vertex 8.853036789373215 1.025 -15.595084695719564
    endloop
  endfacet
  facet normal 0 0 -1
    outer loop
      vertex 8.853036789373215 1.025 -15.595084695719564
      vertex 7.155980514525501 1.8249999999999995 -15.595084695719564
      vertex 9.035496500339542 1.2479609294678773 -15.595084695719564
    endloop
  endfacet
  facet normal 0 0 -1
    outer loop
      vertex 9.035496500339542 1.2479609294678773 -15.595084695719564
      vertex 7.480847804782619 2.2219792158818295 -15.595084695719564
      vertex 9.252038063763749 1.4495689014324225 -15.595084695719564
    endloop
  endfacet
  facet normal 0 0 -1
    outer loop
      vertex 9.035496500339542 1.2479609294678773 -15.595084695719564
      vertex 7.155980514525501 1.8249999999999995 -15.595084695719564
      vertex 7.480847804782619 2.2219792158818295 -15.595084695719564
    endloop
  endfacet
  facet normal 0 0 -1
    outer loop
      vertex 9.498956393458986 1.626374347597032 -15.595084695719564
      vertex 7.480847804782619 2.2219792158818295 -15.595084695719564
      vertex 7.866397417708648 2.5809397513308983 -15.595084695719564
    endloop
  endfacet
  facet normal 0 0 -1
    outer loop
      vertex 9.252038063763749 1.4495689014324225 -15.595084695719564
      vertex 7.480847804782619 2.2219792158818295 -15.595084695719564
      vertex 9.498956393458986 1.626374347597032 -15.595084695719564
    endloop
  endfacet
  facet normal 0 0 -1
    outer loop
      vertex 10.066576520652717 1.8939530416481376 -15.595084695719564
      vertex 7.866397417708648 2.5809397513308983 -15.595084695719564
      vertex 8.306032492531873 2.8957396920630076 -15.595084695719564
    endloop
  endfacet
  facet normal 0 0 -1
    outer loop
      vertex 9.498956393458986 1.626374347597032 -15.595084695719564
      vertex 7.866397417708648 2.5809397513308983 -15.595084695719564
      vertex 9.77202664834547 1.775352077758099 -15.595084695719564
    endloop
  endfacet
  facet normal 0 0 -1
    outer loop
      vertex 9.77202664834547 1.775352077758099 -15.595084695719564
      vertex 7.866397417708648 2.5809397513308983 -15.595084695719564
      vertex 10.066576520652717 1.8939530416481376 -15.595084695719564
    endloop
  endfacet
  facet normal 0 0 -1
    outer loop
      vertex 10.066576520652717 1.8939530416481376 -15.595084695719564
      vertex 8.306032492531873 2.8957396920630076 -15.595084695719564
      vertex 10.3775661804009 1.98014794389259 -15.595084695719564
    endloop
  endfacet
  facet normal 0 0 -1
    outer loop
      vertex 10.3775661804009 1.98014794389259 -15.595084695719564
      vertex 8.306032492531873 2.8957396920630076 -15.595084695719564
      vertex 10.6996745082891 2.032461965816311 -15.595084695719564
    endloop
  endfacet
  facet normal 0 0 -1
    outer loop
      vertex 10.6996745082891 2.032461965816311 -15.595084695719564
      vertex 8.306032492531873 2.8957396920630076 -15.595084695719564
      vertex 11.027390141521849 2.05 -15.595084695719564
    endloop
  endfacet
  facet normal 0 0 -1
    outer loop
      vertex 11.027390141521849 2.05 -15.595084695719564
      vertex 8.306032492531873 2.8957396920630076 -15.595084695719564
      vertex 8.7922307512322 3.1609927238132007 -15.595084695719564
    endloop
  endfacet
  facet normal 0 0 -1
    outer loop
      vertex 11.027390141521849 2.05 -15.595084695719564
      vertex 8.7922307512322 3.1609927238132007 -15.595084695719564
      vertex 9.316673206803637 3.372160293666196 -15.595084695719564
    endloop
  endfacet
  facet normal 0 0 -1
    outer loop
      vertex 11.027390141521849 2.05 -15.595084695719564
      vertex 9.316673206803637 3.372160293666196 -15.595084695719564
      vertex 11.355105774754602 2.032461965816311 -15.595084695719564
    endloop
  endfacet
  facet normal 0 0 -1
    outer loop
      vertex 11.355105774754602 2.032461965816311 -15.595084695719564
      vertex 9.316673206803637 3.372160293666196 -15.595084695719564
      vertex 11.6772141026428 1.98014794389259 -15.595084695719564
    endloop
  endfacet
  facet normal 0 0 -1
    outer loop
      vertex 12.282753634698228 1.775352077758099 -15.595084695719564
      vertex 9.316673206803637 3.372160293666196 -15.595084695719564
      vertex 9.870386503428447 3.5256292659550987 -15.595084695719564
    endloop
  endfacet
  facet normal 0 0 -1
    outer loop
      vertex 11.6772141026428 1.98014794389259 -15.595084695719564
      vertex 9.316673206803637 3.372160293666196 -15.595084695719564
      vertex 11.98820376239098 1.8939530416481376 -15.595084695719564
    endloop
  endfacet
  facet normal 0 0 -1
    outer loop
      vertex 11.98820376239098 1.8939530416481376 -15.595084695719564
      vertex 9.316673206803637 3.372160293666196 -15.595084695719564
      vertex 12.282753634698228 1.775352077758099 -15.595084695719564
    endloop
  endfacet
  facet normal 0 0 -1
    outer loop
      vertex 12.282753634698228 1.775352077758099 -15.595084695719564
      vertex 9.870386503428447 3.5256292659550987 -15.595084695719564
      vertex 10.443896453083047 3.618773744014408 -15.595084695719564
    endloop
  endfacet
  facet normal 0 0 -1
    outer loop
      vertex 12.282753634698228 1.775352077758099 -15.595084695719564
      vertex 10.443896453083047 3.618773744014408 -15.595084695719564
      vertex 11.027390141521847 3.65 -15.595084695719564
    endloop
  endfacet
  facet normal 0 0 -1
    outer loop
      vertex 12.282753634698228 1.775352077758099 -15.595084695719564
      vertex 11.027390141521847 3.65 -15.595084695719564
      vertex 11.610883829960649 3.618773744014408 -15.595084695719564
    endloop
  endfacet
  facet normal 0 0 -1
    outer loop
      vertex 12.282753634698228 1.775352077758099 -15.595084695719564
      vertex 11.610883829960649 3.618773744014408 -15.595084695719564
      vertex 12.184393779615249 3.525629265955099 -15.595084695719564
    endloop
  endfacet
  facet normal 0 0 -1
    outer loop
      vertex 13.538117127874607 0 -15.595084695719564
      vertex 13.516637510453842 0.2675786940511057 -15.595084695719564
      vertex 14.573932478261078 2.2219792158818303 -15.595084695719564
    endloop
  endfacet
  facet normal 0 0 -1
    outer loop
      vertex 13.201743493670481 1.025 -15.595084695719564
      vertex 13.019283782704155 1.2479609294678773 -15.595084695719564
      vertex 14.188382865335052 2.5809397513308987 -15.595084695719564
    endloop
  endfacet
  facet normal 0 0 -1
    outer loop
      vertex 13.516637510453842 0.2675786940511057 -15.595084695719564
      vertex 13.452566180400897 0.5305790424601675 -15.595084695719564
      vertex 14.573932478261078 2.2219792158818303 -15.595084695719564
    endloop
  endfacet
  facet normal 0 0 -1
    outer loop
      vertex 13.452566180400897 0.5305790424601675 -15.595084695719564
      vertex 13.346999415936907 0.7845010363484339 -15.595084695719564
      vertex 14.573932478261078 2.2219792158818303 -15.595084695719564
    endloop
  endfacet
  facet normal 0 0 -1
    outer loop
      vertex 13.201743493670481 1.025 -15.595084695719564
      vertex 14.188382865335052 2.5809397513308987 -15.595084695719564
      vertex 13.346999415936907 0.7845010363484339 -15.595084695719564
    endloop
  endfacet
  facet normal 0 0 -1
    outer loop
      vertex 12.282753634698228 1.775352077758099 -15.595084695719564
      vertex 13.262549531811498 3.1609927238132007 -15.595084695719564
      vertex 12.555823889584712 1.626374347597032 -15.595084695719564
    endloop
  endfacet
  facet normal 0 0 -1
    outer loop
      vertex 12.80274221927995 1.4495689014324225 -15.595084695719564
      vertex 12.555823889584712 1.626374347597032 -15.595084695719564
      vertex 13.262549531811498 3.1609927238132007 -15.595084695719564
    endloop
  endfacet
  facet normal 0 0 -1
    outer loop
      vertex 12.282753634698228 1.775352077758099 -15.595084695719564
      vertex 12.184393779615249 3.525629265955099 -15.595084695719564
      vertex 12.738107076240055 3.3721602936661963 -15.595084695719564
    endloop
  endfacet
  facet normal 0 0 -1
    outer loop
      vertex 12.282753634698228 1.775352077758099 -15.595084695719564
      vertex 12.738107076240055 3.3721602936661963 -15.595084695719564
      vertex 13.262549531811498 3.1609927238132007 -15.595084695719564
    endloop
  endfacet
  facet normal 0 0 -1
    outer loop
      vertex 12.80274221927995 1.4495689014324225 -15.595084695719564
      vertex 13.748747790511826 2.895739692063008 -15.595084695719564
      vertex 13.019283782704155 1.2479609294678773 -15.595084695719564
    endloop
  endfacet
  facet normal 0 0 -1
    outer loop
      vertex 12.80274221927995 1.4495689014324225 -15.595084695719564
      vertex 13.262549531811498 3.1609927238132007 -15.595084695719564
      vertex 13.748747790511826 2.895739692063008 -15.595084695719564
    endloop
  endfacet
  facet normal 0 0 -1
    outer loop
      vertex 13.019283782704155 1.2479609294678773 -15.595084695719564
      vertex 13.748747790511826 2.895739692063008 -15.595084695719564
      vertex 14.188382865335052 2.5809397513308987 -15.595084695719564
    endloop
  endfacet
  facet normal 0 0 -1
    outer loop
      vertex 13.538117127874607 0 -15.595084695719564
      vertex 15.157426166699878 1.3967945281325778 -15.595084695719564
      vertex 15.34538650342845 0.9446895146242007 -15.595084695719564
    endloop
  endfacet
  facet normal 0 0 -1
    outer loop
      vertex 13.538117127874607 0 -15.595084695719564
      vertex 14.898799768518193 1.825 -15.595084695719564
      vertex 15.157426166699878 1.3967945281325778 -15.595084695719564
    endloop
  endfacet
  facet normal 0 0 -1
    outer loop
      vertex 13.538117127874607 0 -15.595084695719564
      vertex 14.573932478261078 2.2219792158818303 -15.595084695719564
      vertex 14.898799768518193 1.825 -15.595084695719564
    endloop
  endfacet
  facet normal 0 0 -1
    outer loop
      vertex 13.538117127874607 0 -15.595084695719564
      vertex 15.459464725230033 0.4764206016031882 -15.595084695719564
      vertex 15.497708922101145 0 -15.595084695719564
    endloop
  endfacet
  facet normal 0 0 -1
    outer loop
      vertex 13.538117127874607 0 -15.595084695719564
      vertex 15.34538650342845 0.9446895146242007 -15.595084695719564
      vertex 15.459464725230033 0.4764206016031882 -15.595084695719564
    endloop
  endfacet
  facet normal 0 0 -1
    outer loop
      vertex 13.346999415936907 0.7845010363484339 -15.595084695719564
      vertex 14.188382865335052 2.5809397513308987 -15.595084695719564
      vertex 14.573932478261078 2.2219792158818303 -15.595084695719564
    endloop
  endfacet
endsolid OpenSCAD_Model
