solid OpenSCAD_Model
  facet normal -0.6788920955903301 -0.5555702330196024 -0.4800492044858681
    outer loop
      vertex 1.1980018085684745 -2.074999999999999 -7.919230405425035
      vertex 5.262969279852208 -2.5263599303861897 -13.145594952936392
      vertex 1.4585945858783531 -2.5263599303861892 -7.765396664369573
    endloop
  endfacet
  facet normal -0.732293526988716 -0.44228869021900175 -0.5178097187527351
    outer loop
      vertex 1.1980018085684745 -2.074999999999999 -7.919230405425035
      vertex 0.9169108881651383 -1.5881362443151208 -7.937563918618205
      vertex 4.893599621066717 -2.0749999999999993 -13.145594952936392
    endloop
  endfacet
  facet normal -0.8008078280734786 -0.19509032201612903 -0.5662566456580275
    outer loop
      vertex 0.31274122869035703 -0.5416836977132119 -7.568799309257597
      vertex 4.385836621100265 -1.074099037175459 -13.145594952936392
      vertex 0.6201313682495714 -1.074099037175458 -7.820083512455335
    endloop
  endfacet
  facet normal -0.8147483990725417 -0.06540312923014925 -0.5761141179450775
    outer loop
      vertex 0.31274122869035703 -0.5416836977132119 -7.568799309257597
      vertex -3.8610877381705367e-16 -4.0890583375145785e-16 -7.188010851410848
      vertex 4.25613124562723 -0.5416836977132128 -13.145594952936392
    endloop
  endfacet
  facet normal -0.7731652131102031 -0.3214394653031599 -0.5467103651677667
    outer loop
      vertex 0.9169108881651383 -1.5881362443151208 -7.937563918618205
      vertex 0.6201313682495714 -1.074099037175458 -7.820083512455335
      vertex 4.599544949161517 -1.5881362443151215 -13.145594952936392
    endloop
  endfacet
  facet normal 0.45362119572572596 -0.8314696123025452 0.3207586235876093
    outer loop
      vertex 2.0749999999999993 -3.5940054257054213 0.659512283781246
      vertex 2.041364857313435 -3.3521664878847104 1.3339737810081207
      vertex 1.9804624723655957 -3.430261624620685 1.217664763452438
    endloop
  endfacet
  facet normal 0.453621195725727 -0.8314696123025447 0.32075862358760915
    outer loop
      vertex 2.0749999999999993 -3.5940054257054213 0.659512283781246
      vertex 2.062764245353133 -3.2924163622086264 1.4585945858783516
      vertex 2.041364857313435 -3.3521664878847104 1.3339737810081207
    endloop
  endfacet
  facet normal 0.45362119572572523 -0.8314696123025455 0.32075862358760987
    outer loop
      vertex 1.9808216995749957 -3.3594739101575284 1.4006524560909417
      vertex 2.041364857313435 -3.3521664878847104 1.3339737810081207
      vertex 2.062764245353133 -3.2924163622086264 1.4585945858783516
    endloop
  endfacet
  facet normal -0.577350269189623 -4.090138373660563e-15 0.816496580927728
    outer loop
      vertex 1.9808216995749957 -3.3594739101575284 1.4006524560909417
      vertex 2.062764245353133 -3.2924163622086264 1.4585945858783516
      vertex 2.315753740887991 -3.0179490323771687 1.6374851737400133
    endloop
  endfacet
  facet normal -0.5773502691896428 1.6821186859169537e-14 0.8164965809277138
    outer loop
      vertex 2.062764245353133 -3.2924163622086264 1.4585945858783516
      vertex 2.396003617136947 -2.9344931419241727 1.6942304054250317
      vertex 2.315753740887991 -3.0179490323771687 1.6374851737400133
    endloop
  endfacet
  facet normal -0.5773502691896282 3.182850607352907e-15 0.8164965809277243
    outer loop
      vertex 2.315753740887991 -3.0179490323771687 1.6374851737400133
      vertex 2.396003617136947 -2.9344931419241727 1.6942304054250317
      vertex 2.53446943186517 -2.741118172802739 1.792140521981878
    endloop
  endfacet
  facet normal -0.8008078280734789 0.19509032201612742 -0.5662566456580276
    outer loop
      vertex 0.3127412286903576 0.541683697713212 -7.568799309257596
      vertex 0.6201313682495714 1.074099037175458 -7.820083512455335
      vertex 4.25613124562723 0.5416836977132128 -13.145594952936392
    endloop
  endfacet
  facet normal -0.8147483990725415 0.0654031292301507 -0.5761141179450776
    outer loop
      vertex 0.3127412286903576 0.541683697713212 -7.568799309257596
      vertex 4.212648117677879 -2.4790061975775963e-16 -13.145594952936392
      vertex -3.8610877381705367e-16 -4.0890583375145785e-16 -7.188010851410848
    endloop
  endfacet
  facet normal -0.7731652131102027 0.3214394653031613 -0.5467103651677665
    outer loop
      vertex 0.6201313682495714 1.074099037175458 -7.820083512455335
      vertex 0.9169108881651388 1.5881362443151208 -7.9375639186182045
      vertex 4.385836621100266 1.074099037175459 -13.145594952936392
    endloop
  endfacet
  facet normal -0.7322935269887163 0.44228869021900086 -0.5178097187527353
    outer loop
      vertex 0.9169108881651388 1.5881362443151208 -7.9375639186182045
      vertex 1.198001808568475 2.074999999999998 -7.9192304054250355
      vertex 4.599544949161518 1.5881362443151215 -13.145594952936392
    endloop
  endfacet
  facet normal -0.6788920955903314 0.5555702330196001 -0.480049204485869
    outer loop
      vertex 1.198001808568475 2.074999999999998 -7.9192304054250355
      vertex 1.4585945858783524 2.5263599303861897 -7.7653966643695735
      vertex 5.262969279852207 2.52635993038619 -13.145594952936392
    endloop
  endfacet
  facet normal -0.5773502691896227 4.03340283748127e-15 0.8164965809277283
    outer loop
      vertex 1.9808216995749957 3.3594739101575284 1.4006524560909417
      vertex 2.315753740887991 3.017949032377169 1.6374851737400133
      vertex 2.062764245353133 3.2924163622086264 1.4585945858783516
    endloop
  endfacet
  facet normal -0.5773502691896379 -2.1063749882912633e-14 0.8164965809277175
    outer loop
      vertex 2.062764245353133 3.2924163622086264 1.4585945858783516
      vertex 2.315753740887991 3.017949032377169 1.6374851737400133
      vertex 2.396003617136947 2.9344931419241727 1.6942304054250317
    endloop
  endfacet
  facet normal -0.5773502691896284 -3.2781564437372122e-15 0.816496580927724
    outer loop
      vertex 2.315753740887991 3.017949032377169 1.6374851737400133
      vertex 2.53446943186517 2.741118172802739 1.792140521981878
      vertex 2.396003617136947 2.9344931419241727 1.6942304054250317
    endloop
  endfacet
  facet normal 0.45362119572572723 0.8314696123025447 0.3207586235876092
    outer loop
      vertex 2.0749999999999993 3.5940054257054213 0.659512283781246
      vertex 2.041364857313435 3.3521664878847104 1.3339737810081207
      vertex 2.062764245353133 3.2924163622086264 1.4585945858783516
    endloop
  endfacet
  facet normal 0.4536211957257281 0.8314696123025441 0.320758623587609
    outer loop
      vertex 2.0749999999999993 3.5940054257054213 0.659512283781246
      vertex 1.9804624723655901 3.430261624620687 1.2176647634524418
      vertex 2.041364857313435 3.3521664878847104 1.3339737810081207
    endloop
  endfacet
  facet normal 0.4536211957257252 0.8314696123025456 0.32075862358760987
    outer loop
      vertex 1.9808216995749957 3.3594739101575284 1.4006524560909417
      vertex 2.062764245353133 3.2924163622086264 1.4585945858783516
      vertex 2.041364857313435 3.3521664878847104 1.3339737810081207
    endloop
  endfacet
  facet normal -0.45362119572572535 -0.8314696123025452 -0.3207586235876104
    outer loop
      vertex 1.9008774730054796 -3.292416362208625 -7.064030460368904
      vertex 6.201192965923275 -3.2924163622086255 -13.145594952936392
      vertex 6.753993725815427 -3.59400542570542 -13.145594952936392
    endloop
  endfacet
  facet normal -0.4536211957257257 -0.8314696123025449 -0.3207586235876107
    outer loop
      vertex 1.9008774730054796 -3.292416362208625 -7.064030460368904
      vertex 6.753993725815427 -3.59400542570542 -13.145594952936392
      vertex 2.075 -3.5940054257054195 -6.5284985676295975
    endloop
  endfacet
  facet normal -0.36112720334681736 -0.8968727415326879 -0.25535549435746785
    outer loop
      vertex 2.075 -3.5940054257054195 -6.5284985676295975
      vertex 6.753993725815427 -3.59400542570542 -13.145594952936392
      vertex 7.350277613656926 -3.8341000599218393 -13.145594952936392
    endloop
  endfacet
  facet normal -0.7322935269887162 -0.44228869021900136 -0.5178097187527352
    outer loop
      vertex 0.9169108881651383 -1.5881362443151208 -7.937563918618205
      vertex 4.599544949161517 -1.5881362443151215 -13.145594952936392
      vertex 4.893599621066717 -2.0749999999999993 -13.145594952936392
    endloop
  endfacet
  facet normal -0.6788920955903305 -0.5555702330196017 -0.4800492044858684
    outer loop
      vertex 1.1980018085684745 -2.074999999999999 -7.919230405425035
      vertex 4.893599621066717 -2.0749999999999993 -13.145594952936392
      vertex 5.262969279852208 -2.5263599303861897 -13.145594952936392
    endloop
  endfacet
  facet normal -0.7731652131102029 -0.3214394653031608 -0.5467103651677665
    outer loop
      vertex 0.6201313682495714 -1.074099037175458 -7.820083512455335
      vertex 4.385836621100265 -1.074099037175459 -13.145594952936392
      vertex 4.599544949161517 -1.5881362443151215 -13.145594952936392
    endloop
  endfacet
  facet normal -0.8008078280734787 -0.195090322016128 -0.5662566456580277
    outer loop
      vertex 0.31274122869035703 -0.5416836977132119 -7.568799309257597
      vertex 4.25613124562723 -0.5416836977132128 -13.145594952936392
      vertex 4.385836621100265 -1.074099037175459 -13.145594952936392
    endloop
  endfacet
  facet normal -0.8147483990725417 -0.06540312923014632 -0.5761141179450779
    outer loop
      vertex -3.8610877381705367e-16 -4.0890583375145785e-16 -7.188010851410848
      vertex 4.212648117677879 -2.4790061975775963e-16 -13.145594952936392
      vertex 4.25613124562723 -0.5416836977132128 -13.145594952936392
    endloop
  endfacet
  facet normal -0.6138746322119446 -0.6593458151000692 -0.4340749152354637
    outer loop
      vertex 1.4585945858783531 -2.5263599303861892 -7.765396664369573
      vertex 5.262969279852208 -2.5263599303861897 -13.145594952936392
      vertex 5.7013339082475545 -2.9344931419241713 -13.145594952936392
    endloop
  endfacet
  facet normal -0.5383536036782115 -0.7518398074789766 -0.38067348383707844
    outer loop
      vertex 1.6942304054250328 -2.93449314192417 -7.478694833412048
      vertex 5.7013339082475545 -2.9344931419241713 -13.145594952936392
      vertex 6.201192965923275 -3.2924163622086255 -13.145594952936392
    endloop
  endfacet
  facet normal -0.6138746322119454 -0.659345815100068 -0.4340749152354645
    outer loop
      vertex 1.4585945858783531 -2.5263599303861892 -7.765396664369573
      vertex 5.7013339082475545 -2.9344931419241713 -13.145594952936392
      vertex 1.6942304054250328 -2.93449314192417 -7.478694833412048
    endloop
  endfacet
  facet normal -0.5383536036782116 -0.7518398074789766 -0.3806734838370785
    outer loop
      vertex 1.6942304054250328 -2.93449314192417 -7.478694833412048
      vertex 6.201192965923275 -3.2924163622086255 -13.145594952936392
      vertex 1.9008774730054796 -3.292416362208625 -7.064030460368904
    endloop
  endfacet
  facet normal -0.1592905808982578 -0.9807852804032305 -0.11263544993230243
    outer loop
      vertex 2.314361773674602 -4.008592179099633 -5.133395913317189
      vertex 7.979842046805685 -4.008592179099633 -13.145594952936392
      vertex 8.631915003262284 -4.114496174701313 -13.145594952936392
    endloop
  endfacet
  facet normal -0.2624542243952673 -0.946930129495106 -0.18558316182094917
    outer loop
      vertex 2.213618701695835 -3.8341000599218384 -5.88126225435639
      vertex 7.350277613656926 -3.8341000599218393 -13.145594952936392
      vertex 7.979842046805685 -4.008592179099633 -13.145594952936392
    endloop
  endfacet
  facet normal -0.0534014313983871 -0.9978589232386034 -0.03776051426686774
    outer loop
      vertex 2.3755054740434893 -4.114496174701313 -4.297695744954903
      vertex 8.631915003262284 -4.114496174701313 -13.145594952936392
      vertex 9.295339333952974 -4.15 -13.145594952936392
    endloop
  endfacet
  facet normal 0.05340143139838566 -0.9978589232386036 0.03776051426686671
    outer loop
      vertex 2.396003617136947 -4.15 -3.388460810850067
      vertex 9.295339333952974 -4.15 -13.145594952936392
      vertex 9.958763664643666 -4.114496174701314 -13.145594952936392
    endloop
  endfacet
  facet normal 0.15929058089825798 -0.9807852804032303 0.11263544993230258
    outer loop
      vertex 2.3755054740434884 -4.114496174701314 -2.4212483728127663
      vertex 9.958763664643666 -4.114496174701314 -13.145594952936392
      vertex 10.610836621100265 -4.008592179099634 -13.145594952936392
    endloop
  endfacet
  facet normal 0.2624542243952691 -0.9469301294951051 0.18558316182095067
    outer loop
      vertex 2.3143617736746016 -4.008592179099634 -1.4126077038197662
      vertex 10.610836621100265 -4.008592179099634 -13.145594952936392
      vertex 11.24040105424902 -3.83410005992184 -13.145594952936392
    endloop
  endfacet
  facet normal 0.36112720334681564 -0.896872741532689 0.2553554943574666
    outer loop
      vertex 2.213618701695834 -3.8341000599218407 -0.3797969253655622
      vertex 11.24040105424902 -3.83410005992184 -13.145594952936392
      vertex 11.836684942090523 -3.594005425705421 -13.145594952936392
    endloop
  endfacet
  facet normal -0.3611272033468163 -0.8968727415326887 -0.25535549435746696
    outer loop
      vertex 2.075 -3.5940054257054195 -6.5284985676295975
      vertex 7.350277613656926 -3.8341000599218393 -13.145594952936392
      vertex 2.213618701695835 -3.8341000599218384 -5.88126225435639
    endloop
  endfacet
  facet normal -0.2624542243952693 -0.9469301294951051 -0.18558316182095072
    outer loop
      vertex 2.314361773674602 -4.008592179099633 -5.133395913317189
      vertex 2.213618701695835 -3.8341000599218384 -5.88126225435639
      vertex 7.979842046805685 -4.008592179099633 -13.145594952936392
    endloop
  endfacet
  facet normal -0.1592905808982578 -0.9807852804032304 -0.11263544993230243
    outer loop
      vertex 2.314361773674602 -4.008592179099633 -5.133395913317189
      vertex 8.631915003262284 -4.114496174701313 -13.145594952936392
      vertex 2.3755054740434893 -4.114496174701313 -4.297695744954903
    endloop
  endfacet
  facet normal -0.05340143139838699 -0.9978589232386035 -0.037760514266867655
    outer loop
      vertex 2.3755054740434893 -4.114496174701313 -4.297695744954903
      vertex 9.295339333952974 -4.15 -13.145594952936392
      vertex 2.396003617136947 -4.15 -3.388460810850067
    endloop
  endfacet
  facet normal 0.053401431398385754 -0.9978589232386036 0.03776051426686679
    outer loop
      vertex 2.396003617136947 -4.15 -3.388460810850067
      vertex 9.958763664643666 -4.114496174701314 -13.145594952936392
      vertex 2.3755054740434884 -4.114496174701314 -2.4212483728127663
    endloop
  endfacet
  facet normal 0.1592905808982577 -0.9807852804032304 0.11263544993230239
    outer loop
      vertex 2.3143617736746016 -4.008592179099634 -1.4126077038197662
      vertex 2.3755054740434884 -4.114496174701314 -2.4212483728127663
      vertex 10.610836621100265 -4.008592179099634 -13.145594952936392
    endloop
  endfacet
  facet normal 0.26245422439526744 -0.9469301294951058 0.18558316182094936
    outer loop
      vertex 2.3143617736746016 -4.008592179099634 -1.4126077038197662
      vertex 11.24040105424902 -3.83410005992184 -13.145594952936392
      vertex 2.213618701695834 -3.8341000599218407 -0.3797969253655622
    endloop
  endfacet
  facet normal 0.45362119572572396 -0.8314696123025463 0.32075862358760954
    outer loop
      vertex 2.0749999999999993 -3.5940054257054213 0.659512283781246
      vertex 11.836684942090523 -3.594005425705421 -13.145594952936392
      vertex 12.389485701982677 -3.2924163622086264 -13.145594952936392
    endloop
  endfacet
  facet normal 0.538353603678212 -0.7518398074789764 0.3806734838370788
    outer loop
      vertex 2.062764245353133 -3.2924163622086264 1.4585945858783516
      vertex 12.389485701982677 -3.2924163622086264 -13.145594952936392
      vertex 12.889344759658396 -2.9344931419241727 -13.145594952936392
    endloop
  endfacet
  facet normal 0.6138746322119414 -0.659345815100074 0.43407491523546143
    outer loop
      vertex 2.396003617136947 -2.9344931419241727 1.6942304054250317
      vertex 12.889344759658396 -2.9344931419241727 -13.145594952936392
      vertex 13.327709388053746 -2.526359930386191 -13.145594952936392
    endloop
  endfacet
  facet normal 0.6788920955903337 -0.5555702330195957 0.48004920448587074
    outer loop
      vertex 2.6882467027338453 -2.526359930386191 1.9008774730054787
      vertex 13.327709388053746 -2.526359930386191 -13.145594952936392
      vertex 13.697079046839232 -2.075 -13.145594952936392
    endloop
  endfacet
  facet normal 0.7322935269887143 -0.4422886902190059 0.5178097187527338
    outer loop
      vertex 2.934493141924172 -2.075 2.0749999999999997
      vertex 13.697079046839232 -2.075 -13.145594952936392
      vertex 13.991133718744434 -1.5881362443151228 -13.145594952936392
    endloop
  endfacet
  facet normal 0.7731652131102027 -0.32143946530316136 0.5467103651677665
    outer loop
      vertex 3.130529589860972 -1.5881362443151228 2.2136187016958346
      vertex 13.991133718744434 -1.5881362443151228 -13.145594952936392
      vertex 14.204842046805686 -1.074099037175461 -13.145594952936392
    endloop
  endfacet
  facet normal 0.8008078280734786 -0.19509032201612977 0.5662566456580275
    outer loop
      vertex 3.273001808568474 -1.074099037175461 2.314361773674602
      vertex 14.204842046805686 -1.074099037175461 -13.145594952936392
      vertex 14.334547422278721 -0.5416836977132141 -13.145594952936392
    endloop
  endfacet
  facet normal 0.8147483990725419 -0.06540312923014543 0.5761141179450777
    outer loop
      vertex 3.3594720588838305 -0.5416836977132141 2.375505474043489
      vertex 14.334547422278721 -0.5416836977132141 -13.145594952936392
      vertex 14.378030550228072 0 -13.145594952936392
    endloop
  endfacet
  facet normal 0.3611272033468165 -0.8968727415326883 0.25535549435746724
    outer loop
      vertex 2.213618701695834 -3.8341000599218407 -0.3797969253655622
      vertex 11.836684942090523 -3.594005425705421 -13.145594952936392
      vertex 2.0749999999999993 -3.5940054257054213 0.659512283781246
    endloop
  endfacet
  facet normal 0.4536211957257242 -0.8314696123025462 0.3207586235876097
    outer loop
      vertex 2.0749999999999993 -3.5940054257054213 0.659512283781246
      vertex 12.389485701982677 -3.2924163622086264 -13.145594952936392
      vertex 2.062764245353133 -3.2924163622086264 1.4585945858783516
    endloop
  endfacet
  facet normal 0.5383536036782111 -0.7518398074789773 0.38067348383707805
    outer loop
      vertex 2.062764245353133 -3.2924163622086264 1.4585945858783516
      vertex 12.889344759658396 -2.9344931419241727 -13.145594952936392
      vertex 2.396003617136947 -2.9344931419241727 1.6942304054250317
    endloop
  endfacet
  facet normal 0.6138746322119445 -0.6593458151000692 0.4340749152354638
    outer loop
      vertex 2.396003617136947 -2.9344931419241727 1.6942304054250317
      vertex 13.327709388053746 -2.526359930386191 -13.145594952936392
      vertex 2.53446943186517 -2.741118172802739 1.792140521981878
    endloop
  endfacet
  facet normal 0.6138746322119452 -0.6593458151000684 0.43407491523546426
    outer loop
      vertex 2.53446943186517 -2.741118172802739 1.792140521981878
      vertex 13.327709388053746 -2.526359930386191 -13.145594952936392
      vertex 2.6633600712354655 -2.6633600712354655 1.7279736834872237
    endloop
  endfacet
  facet normal 0.613874632211945 -0.6593458151000686 0.4340749152354642
    outer loop
      vertex 2.6633600712354655 -2.6633600712354655 1.7279736834872237
      vertex 13.327709388053746 -2.526359930386191 -13.145594952936392
      vertex 2.6795303770030063 -2.577517140645974 1.8354980644088557
    endloop
  endfacet
  facet normal 0.6138746322119443 -0.6593458151000696 0.4340749152354636
    outer loop
      vertex 2.6795303770030063 -2.577517140645974 1.8354980644088557
      vertex 13.327709388053746 -2.526359930386191 -13.145594952936392
      vertex 2.6882467027338453 -2.526359930386191 1.9008774730054787
    endloop
  endfacet
  facet normal 0.6788920955903304 -0.5555702330196016 0.4800492044858683
    outer loop
      vertex 2.8752167341086943 -2.354379616022004 1.8354980644088557
      vertex 13.697079046839232 -2.075 -13.145594952936392
      vertex 2.9627900679662518 -2.273428778866523 1.805336638156117
    endloop
  endfacet
  facet normal 0.6788920955903296 -0.5555702330196034 0.4800492044858677
    outer loop
      vertex 2.9627900679662518 -2.273428778866523 1.805336638156117
      vertex 13.697079046839232 -2.075 -13.145594952936392
      vertex 2.9759797302553395 -2.2312499061378843 1.8354980644088557
    endloop
  endfacet
  facet normal 0.6788920955903308 -0.5555702330196012 0.4800492044858686
    outer loop
      vertex 2.6882467027338453 -2.526359930386191 1.9008774730054787
      vertex 13.697079046839232 -2.075 -13.145594952936392
      vertex 2.8752167341086943 -2.354379616022004 1.8354980644088557
    endloop
  endfacet
  facet normal 0.6788920955903307 -0.5555702330196014 0.48004920448586846
    outer loop
      vertex 2.8912051710251343 -2.2184997555119113 1.9701433918437228
      vertex 13.697079046839232 -2.075 -13.145594952936392
      vertex 2.934493141924172 -2.075 2.0749999999999997
    endloop
  endfacet
  facet normal 0.6788920955903364 -0.5555702330195909 0.4800492044858727
    outer loop
      vertex 2.9759797302553395 -2.2312499061378843 1.8354980644088557
      vertex 13.697079046839232 -2.075 -13.145594952936392
      vertex 2.8912051710251343 -2.2184997555119113 1.9701433918437228
    endloop
  endfacet
  facet normal 0.732293526988716 -0.4422886902190019 0.5178097187527351
    outer loop
      vertex 2.934493141924172 -2.075 2.0749999999999997
      vertex 13.991133718744434 -1.5881362443151228 -13.145594952936392
      vertex 3.074898699353341 -1.775293591802482 2.1324316641737266
    endloop
  endfacet
  facet normal 0.7322935269887121 -0.44228869021901174 0.5178097187527322
    outer loop
      vertex 3.063042705110063 -1.755742414061133 2.1658982678473118
      vertex 3.074898699353341 -1.775293591802482 2.1324316641737266
      vertex 13.991133718744434 -1.5881362443151228 -13.145594952936392
    endloop
  endfacet
  facet normal 0.7322935269887163 -0.44228869021900075 0.5178097187527353
    outer loop
      vertex 3.063042705110063 -1.755742414061133 2.1658982678473118
      vertex 13.991133718744434 -1.5881362443151228 -13.145594952936392
      vertex 3.130529589860972 -1.5881362443151228 2.2136187016958346
    endloop
  endfacet
  facet normal 0.7731652131102028 -0.321439465303161 0.5467103651677666
    outer loop
      vertex 3.130529589860972 -1.5881362443151228 2.2136187016958346
      vertex 14.204842046805686 -1.074099037175461 -13.145594952936392
      vertex 3.1781733895388258 -1.4162382704778143 2.2473079555295383
    endloop
  endfacet
  facet normal 0.7731652131102009 -0.321439465303168 0.5467103651677651
    outer loop
      vertex 3.1781733895388258 -1.4162382704778143 2.2473079555295383
      vertex 14.204842046805686 -1.074099037175461 -13.145594952936392
      vertex 3.2608393918718033 -1.3506839008337364 2.1689433981447164
    endloop
  endfacet
  facet normal 0.773165213110203 -0.3214394653031605 0.5467103651677666
    outer loop
      vertex 3.2608393918718033 -1.3506839008337364 2.1689433981447164
      vertex 14.204842046805686 -1.074099037175461 -13.145594952936392
      vertex 3.2401617493768655 -1.192585381125874 2.2911403451256485
    endloop
  endfacet
  facet normal 0.7731652131102029 -0.32143946530316053 0.5467103651677665
    outer loop
      vertex 3.2401617493768655 -1.192585381125874 2.2911403451256485
      vertex 14.204842046805686 -1.074099037175461 -13.145594952936392
      vertex 3.273001808568474 -1.074099037175461 2.314361773674602
    endloop
  endfacet
  facet normal 0.8008078280734784 -0.19509032201613022 0.5662566456580274
    outer loop
      vertex 3.273001808568474 -1.074099037175461 2.314361773674602
      vertex 14.334547422278721 -0.5416836977132141 -13.145594952936392
      vertex 3.29853151283146 -0.994688132231339 2.3056164670313493
    endloop
  endfacet
  facet normal 0.8008078280734785 -0.1950903220161296 0.5662566456580274
    outer loop
      vertex 3.29853151283146 -0.994688132231339 2.3056164670313493
      vertex 14.334547422278721 -0.5416836977132141 -13.145594952936392
      vertex 3.3810695538104403 -0.9059548564969637 2.2194609995991588
    endloop
  endfacet
  facet normal 0.8008078280734789 -0.19509032201612736 0.5662566456580277
    outer loop
      vertex 3.3810695538104403 -0.9059548564969637 2.2194609995991588
      vertex 14.334547422278721 -0.5416836977132141 -13.145594952936392
      vertex 3.376350767531396 -0.6752552270285843 2.3056164670313493
    endloop
  endfacet
  facet normal 0.8008078280734785 -0.19509032201612936 0.5662566456580276
    outer loop
      vertex 3.376350767531396 -0.6752552270285843 2.3056164670313493
      vertex 14.334547422278721 -0.5416836977132141 -13.145594952936392
      vertex 3.3594720588838305 -0.5416836977132141 2.375505474043489
    endloop
  endfacet
  facet normal 0.814748399072542 -0.06540312923013979 0.576114117945078
    outer loop
      vertex 3.3594720588838305 -0.5416836977132141 2.375505474043489
      vertex 14.378030550228072 0 -13.145594952936392
      vertex 3.4129313662745298 -0.491352138321619 2.3056164670313493
    endloop
  endfacet
  facet normal 0.8147483990725418 -0.06540312923014713 0.5761141179450776
    outer loop
      vertex 3.44269977168833 -0.4532400233863261 2.267844247261579
      vertex 3.4129313662745298 -0.491352138321619 2.3056164670313493
      vertex 14.378030550228072 0 -13.145594952936392
    endloop
  endfacet
  facet normal 0.814748399072542 -0.06540312923014255 0.5761141179450778
    outer loop
      vertex 3.44269977168833 -0.4532400233863261 2.267844247261579
      vertex 14.378030550228072 0 -13.145594952936392
      vertex 3.4426997716883316 -0.12051727247762511 2.3056164670313493
    endloop
  endfacet
  facet normal 0.8147483990725419 -0.06540312923014337 0.5761141179450778
    outer loop
      vertex 3.4426997716883316 -0.12051727247762511 2.3056164670313493
      vertex 14.378030550228072 0 -13.145594952936392
      vertex 3.3884608108500633 0 2.396003617136947
    endloop
  endfacet
  facet normal 0.6138746322119455 -0.6593458151000691 0.4340749152354631
    outer loop
      vertex 2.6795303770030063 -2.577517140645974 1.8354980644088557
      vertex 2.6882467027338453 -2.526359930386191 1.9008774730054787
      vertex 2.644249647779103 -2.5878041876565248 1.8697668570947434
    endloop
  endfacet
  facet normal -0.5773502691896234 -1.1550596194099854e-15 0.8164965809277277
    outer loop
      vertex 2.644249647779103 -2.5878041876565248 1.8697668570947434
      vertex 2.6882467027338453 -2.526359930386191 1.9008774730054787
      vertex 2.865516779484703 -2.198788359405168 2.0262263463774697
    endloop
  endfacet
  facet normal 0.6788920955903309 -0.5555702330196011 0.4800492044858685
    outer loop
      vertex 2.6882467027338453 -2.526359930386191 1.9008774730054787
      vertex 2.8752167341086943 -2.354379616022004 1.8354980644088557
      vertex 2.8912051710251343 -2.2184997555119113 1.9701433918437228
    endloop
  endfacet
  facet normal 0.6788920955903313 -0.5555702330196011 0.48004920448586785
    outer loop
      vertex 2.6882467027338453 -2.526359930386191 1.9008774730054787
      vertex 2.8912051710251343 -2.2184997555119113 1.9701433918437228
      vertex 2.934493141924172 -2.075 2.0749999999999997
    endloop
  endfacet
  facet normal -0.577350269189727 8.196762268010874e-14 0.8164965809276544
    outer loop
      vertex 2.6882467027338453 -2.526359930386191 1.9008774730054787
      vertex 2.934493141924172 -2.075 2.0749999999999997
      vertex 2.865516779484703 -2.198788359405168 2.0262263463774697
    endloop
  endfacet
  facet normal -0.5773502691896287 6.078599761912521e-16 0.8164965809277239
    outer loop
      vertex 2.865516779484703 -2.198788359405168 2.0262263463774697
      vertex 2.934493141924172 -2.075 2.0749999999999997
      vertex 3.0528297370593216 -1.7811066972554324 2.1586766088825913
    endloop
  endfacet
  facet normal 0.7322935269887175 -0.4422886902190023 0.5178097187527326
    outer loop
      vertex 2.934493141924172 -2.075 2.0749999999999997
      vertex 3.074898699353341 -1.775293591802482 2.1324316641737266
      vertex 3.0528297370593216 -1.7811066972554324 2.1586766088825913
    endloop
  endfacet
  facet normal -0.5773502691896267 6.105608539521841e-16 0.8164965809277251
    outer loop
      vertex 3.063042705110063 -1.755742414061133 2.1658982678473118
      vertex 3.130529589860972 -1.5881362443151228 2.2136187016958346
      vertex 3.1781733895388258 -1.4162382704778143 2.2473079555295383
    endloop
  endfacet
  facet normal -0.5773502691896341 4.877912675580382e-15 0.81649658092772
    outer loop
      vertex 3.2401617493768655 -1.192585381125874 2.2911403451256485
      vertex 3.273001808568474 -1.074099037175461 2.314361773674602
      vertex 3.260634077306474 -1.1063303772038455 2.3056164670313493
    endloop
  endfacet
  facet normal -0.577350269189626 3.669277856094294e-16 0.8164965809277259
    outer loop
      vertex 3.260634077306474 -1.1063303772038455 2.3056164670313493
      vertex 3.273001808568474 -1.074099037175461 2.314361773674602
      vertex 3.2893970409421747 -0.9731501769839918 2.325954953665175
    endloop
  endfacet
  facet normal 0.8008078280734784 -0.19509032201613022 0.5662566456580275
    outer loop
      vertex 3.273001808568474 -1.074099037175461 2.314361773674602
      vertex 3.29853151283146 -0.994688132231339 2.3056164670313493
      vertex 3.2893970409421747 -0.9731501769839918 2.325954953665175
    endloop
  endfacet
  facet normal 0.8008078280734782 -0.19509032201612966 0.566256645658028
    outer loop
      vertex 3.3255150366776594 -0.7507641553167324 2.351494233372603
      vertex 3.376350767531396 -0.6752552270285843 2.3056164670313493
      vertex 3.3594720588838305 -0.5416836977132141 2.375505474043489
    endloop
  endfacet
  facet normal -0.5773502691896267 7.160639397257569e-16 0.8164965809277254
    outer loop
      vertex 3.3255150366776594 -0.7507641553167324 2.351494233372603
      vertex 3.3594720588838305 -0.5416836977132141 2.375505474043489
      vertex 3.3646056946247147 -0.44575660178048976 2.3791355026880097
    endloop
  endfacet
  facet normal 0.8147483990725434 -0.06540312923014459 0.5761141179450756
    outer loop
      vertex 3.3594720588838305 -0.5416836977132141 2.375505474043489
      vertex 3.4129313662745298 -0.491352138321619 2.3056164670313493
      vertex 3.3646056946247147 -0.44575660178048976 2.3791355026880097
    endloop
  endfacet
  facet normal -0.5773502691896407 5.625624809582527e-16 0.8164965809277155
    outer loop
      vertex 3.3657497549680353 -0.4243786950013788 2.379944475514858
      vertex 3.3884608108500633 0 2.396003617136947
      vertex 3.383781371512986 0 2.3926947538495487
    endloop
  endfacet
  facet normal 0.8147483990725429 -0.06540312923014219 0.5761141179450767
    outer loop
      vertex 3.3657497549680353 -0.4243786950013788 2.379944475514858
      vertex 3.4426997716883316 -0.12051727247762511 2.3056164670313493
      vertex 3.3884608108500633 0 2.396003617136947
    endloop
  endfacet
  facet normal -0.814748399072542 0.06540312923014614 -0.5761141179450777
    outer loop
      vertex 0.3127412286903576 0.541683697713212 -7.568799309257596
      vertex 4.25613124562723 0.5416836977132128 -13.145594952936392
      vertex 4.212648117677879 -2.4790061975775963e-16 -13.145594952936392
    endloop
  endfacet
  facet normal -0.8008078280734786 0.19509032201612928 -0.5662566456580276
    outer loop
      vertex 0.6201313682495714 1.074099037175458 -7.820083512455335
      vertex 4.385836621100266 1.074099037175459 -13.145594952936392
      vertex 4.25613124562723 0.5416836977132128 -13.145594952936392
    endloop
  endfacet
  facet normal -0.7731652131102029 0.3214394653031608 -0.5467103651677666
    outer loop
      vertex 0.9169108881651388 1.5881362443151208 -7.9375639186182045
      vertex 4.599544949161518 1.5881362443151215 -13.145594952936392
      vertex 4.385836621100266 1.074099037175459 -13.145594952936392
    endloop
  endfacet
  facet normal -0.7322935269887162 0.44228869021900113 -0.5178097187527353
    outer loop
      vertex 1.198001808568475 2.074999999999998 -7.9192304054250355
      vertex 4.893599621066717 2.074999999999999 -13.145594952936392
      vertex 4.599544949161518 1.5881362443151215 -13.145594952936392
    endloop
  endfacet
  facet normal -0.6788920955903311 0.5555702330196005 -0.48004920448586885
    outer loop
      vertex 1.198001808568475 2.074999999999998 -7.9192304054250355
      vertex 5.262969279852207 2.52635993038619 -13.145594952936392
      vertex 4.893599621066717 2.074999999999999 -13.145594952936392
    endloop
  endfacet
  facet normal -0.6138746322119446 0.6593458151000692 -0.4340749152354638
    outer loop
      vertex 1.6942304054250326 2.9344931419241704 -7.478694833412047
      vertex 5.701333908247554 2.9344931419241713 -13.145594952936392
      vertex 5.262969279852207 2.52635993038619 -13.145594952936392
    endloop
  endfacet
  facet normal -0.5383536036782116 0.7518398074789766 -0.38067348383707844
    outer loop
      vertex 1.6942304054250326 2.9344931419241704 -7.478694833412047
      vertex 6.2011929659232745 3.2924163622086255 -13.145594952936392
      vertex 5.701333908247554 2.9344931419241713 -13.145594952936392
    endloop
  endfacet
  facet normal -0.6138746322119445 0.6593458151000694 -0.43407491523546377
    outer loop
      vertex 1.4585945858783524 2.5263599303861897 -7.7653966643695735
      vertex 1.6942304054250326 2.9344931419241704 -7.478694833412047
      vertex 5.262969279852207 2.52635993038619 -13.145594952936392
    endloop
  endfacet
  facet normal -0.5383536036782117 0.7518398074789765 -0.38067348383707844
    outer loop
      vertex 1.6942304054250326 2.9344931419241704 -7.478694833412047
      vertex 1.9008774730054794 3.292416362208625 -7.064030460368904
      vertex 6.2011929659232745 3.2924163622086255 -13.145594952936392
    endloop
  endfacet
  facet normal -0.45362119572572446 0.8314696123025459 -0.32075862358760976
    outer loop
      vertex 1.9008774730054794 3.292416362208625 -7.064030460368904
      vertex 6.753993725815428 3.59400542570542 -13.145594952936392
      vertex 6.2011929659232745 3.2924163622086255 -13.145594952936392
    endloop
  endfacet
  facet normal -0.45362119572572557 0.8314696123025451 -0.3207586235876107
    outer loop
      vertex 1.9008774730054794 3.292416362208625 -7.064030460368904
      vertex 2.075 3.5940054257054195 -6.5284985676295975
      vertex 6.753993725815428 3.59400542570542 -13.145594952936392
    endloop
  endfacet
  facet normal -0.3611272033468169 0.8968727415326881 -0.2553554943574675
    outer loop
      vertex 2.075 3.5940054257054195 -6.5284985676295975
      vertex 7.350277613656928 3.8341000599218393 -13.145594952936392
      vertex 6.753993725815428 3.59400542570542 -13.145594952936392
    endloop
  endfacet
  facet normal -0.26245422439526894 0.9469301294951052 -0.1855831618209504
    outer loop
      vertex 2.213618701695835 3.8341000599218384 -5.88126225435639
      vertex 7.979842046805686 4.008592179099634 -13.145594952936392
      vertex 7.350277613656928 3.8341000599218393 -13.145594952936392
    endloop
  endfacet
  facet normal -0.159290580898258 0.9807852804032303 -0.11263544993230251
    outer loop
      vertex 2.314361773674602 4.008592179099633 -5.133395913317189
      vertex 8.631915003262284 4.114496174701314 -13.145594952936392
      vertex 7.979842046805686 4.008592179099634 -13.145594952936392
    endloop
  endfacet
  facet normal -0.053401431398385726 0.9978589232386035 -0.03776051426686668
    outer loop
      vertex 2.3755054740434893 4.114496174701313 -4.297695744954903
      vertex 9.295339333952974 4.15 -13.145594952936392
      vertex 8.631915003262284 4.114496174701314 -13.145594952936392
    endloop
  endfacet
  facet normal 0.05340143139838557 0.9978589232386036 0.03776051426686665
    outer loop
      vertex 2.396003617136947 4.15 -3.388460810850067
      vertex 9.958763664643666 4.114496174701314 -13.145594952936392
      vertex 9.295339333952974 4.15 -13.145594952936392
    endloop
  endfacet
  facet normal 0.15929058089825773 0.9807852804032304 0.1126354499323024
    outer loop
      vertex 2.3755054740434884 4.114496174701314 -2.4212483728127663
      vertex 10.610836621100264 4.008592179099634 -13.145594952936392
      vertex 9.958763664643666 4.114496174701314 -13.145594952936392
    endloop
  endfacet
  facet normal 0.26245422439526833 0.9469301294951055 0.18558316182095008
    outer loop
      vertex 2.3143617736746016 4.008592179099634 -1.4126077038197662
      vertex 11.24040105424902 3.83410005992184 -13.145594952936392
      vertex 10.610836621100264 4.008592179099634 -13.145594952936392
    endloop
  endfacet
  facet normal 0.3611272033468157 0.8968727415326889 0.25535549435746663
    outer loop
      vertex 2.213618701695834 3.8341000599218407 -0.3797969253655622
      vertex 11.836684942090523 3.594005425705421 -13.145594952936392
      vertex 11.24040105424902 3.83410005992184 -13.145594952936392
    endloop
  endfacet
  facet normal -0.36112720334681625 0.8968727415326887 -0.255355494357467
    outer loop
      vertex 2.075 3.5940054257054195 -6.5284985676295975
      vertex 2.213618701695835 3.8341000599218384 -5.88126225435639
      vertex 7.350277613656928 3.8341000599218393 -13.145594952936392
    endloop
  endfacet
  facet normal -0.26245422439526933 0.9469301294951051 -0.18558316182095072
    outer loop
      vertex 2.213618701695835 3.8341000599218384 -5.88126225435639
      vertex 2.314361773674602 4.008592179099633 -5.133395913317189
      vertex 7.979842046805686 4.008592179099634 -13.145594952936392
    endloop
  endfacet
  facet normal -0.1592905808982579 0.9807852804032304 -0.11263544993230243
    outer loop
      vertex 2.314361773674602 4.008592179099633 -5.133395913317189
      vertex 2.3755054740434893 4.114496174701313 -4.297695744954903
      vertex 8.631915003262284 4.114496174701314 -13.145594952936392
    endloop
  endfacet
  facet normal -0.05340143139838698 0.9978589232386035 -0.037760514266867655
    outer loop
      vertex 2.3755054740434893 4.114496174701313 -4.297695744954903
      vertex 2.396003617136947 4.15 -3.388460810850067
      vertex 9.295339333952974 4.15 -13.145594952936392
    endloop
  endfacet
  facet normal 0.053401431398385754 0.9978589232386036 0.037760514266866795
    outer loop
      vertex 2.396003617136947 4.15 -3.388460810850067
      vertex 2.3755054740434884 4.114496174701314 -2.4212483728127663
      vertex 9.958763664643666 4.114496174701314 -13.145594952936392
    endloop
  endfacet
  facet normal 0.15929058089825776 0.9807852804032304 0.1126354499323024
    outer loop
      vertex 2.3143617736746016 4.008592179099634 -1.4126077038197662
      vertex 10.610836621100264 4.008592179099634 -13.145594952936392
      vertex 2.3755054740434884 4.114496174701314 -2.4212483728127663
    endloop
  endfacet
  facet normal 0.2624542243952675 0.9469301294951058 0.1855831618209494
    outer loop
      vertex 2.213618701695834 3.8341000599218407 -0.3797969253655622
      vertex 11.24040105424902 3.83410005992184 -13.145594952936392
      vertex 2.3143617736746016 4.008592179099634 -1.4126077038197662
    endloop
  endfacet
  facet normal 0.538353603678214 0.7518398074789742 0.3806734838370801
    outer loop
      vertex 2.396003617136947 2.9344931419241727 1.6942304054250317
      vertex 12.889344759658396 2.9344931419241727 -13.145594952936392
      vertex 12.389485701982677 3.2924163622086264 -13.145594952936392
    endloop
  endfacet
  facet normal 0.6788920955903331 0.5555702330195967 0.4800492044858704
    outer loop
      vertex 2.8912051710251343 2.2184997555119113 1.9701433918437228
      vertex 13.697079046839232 2.075 -13.145594952936392
      vertex 13.327709388053746 2.526359930386191 -13.145594952936392
    endloop
  endfacet
  facet normal 0.6138746322119428 0.6593458151000716 0.4340749152354626
    outer loop
      vertex 2.6795303770030063 2.577517140645974 1.8354980644088557
      vertex 13.327709388053746 2.526359930386191 -13.145594952936392
      vertex 12.889344759658396 2.9344931419241727 -13.145594952936392
    endloop
  endfacet
  facet normal 0.8008078280734782 0.19509032201613266 0.5662566456580271
    outer loop
      vertex 3.376350767531396 0.6752552270285843 2.3056164670313493
      vertex 14.334547422278721 0.5416836977132141 -13.145594952936392
      vertex 14.204842046805686 1.074099037175461 -13.145594952936392
    endloop
  endfacet
  facet normal 0.7731652131102031 0.32143946530315964 0.5467103651677668
    outer loop
      vertex 3.273001808568474 1.074099037175461 2.314361773674602
      vertex 14.204842046805686 1.074099037175461 -13.145594952936392
      vertex 13.991133718744434 1.5881362443151228 -13.145594952936392
    endloop
  endfacet
  facet normal 0.8147483990725419 0.06540312923014542 0.5761141179450777
    outer loop
      vertex 3.4426997716883316 0.12051727247762511 2.3056164670313493
      vertex 14.378030550228072 0 -13.145594952936392
      vertex 14.334547422278721 0.5416836977132141 -13.145594952936392
    endloop
  endfacet
  facet normal 0.7322935269887151 0.44228869021900413 0.5178097187527344
    outer loop
      vertex 3.130529589860972 1.5881362443151228 2.2136187016958346
      vertex 13.991133718744434 1.5881362443151228 -13.145594952936392
      vertex 13.697079046839232 2.075 -13.145594952936392
    endloop
  endfacet
  facet normal 0.45362119572572335 0.8314696123025467 0.32075862358760915
    outer loop
      vertex 2.0749999999999993 3.5940054257054213 0.659512283781246
      vertex 12.389485701982677 3.2924163622086264 -13.145594952936392
      vertex 11.836684942090523 3.594005425705421 -13.145594952936392
    endloop
  endfacet
  facet normal 0.3611272033468166 0.8968727415326883 0.25535549435746724
    outer loop
      vertex 2.213618701695834 3.8341000599218407 -0.3797969253655622
      vertex 2.0749999999999993 3.5940054257054213 0.659512283781246
      vertex 11.836684942090523 3.594005425705421 -13.145594952936392
    endloop
  endfacet
  facet normal 0.4536211957257242 0.8314696123025462 0.3207586235876097
    outer loop
      vertex 2.0749999999999993 3.5940054257054213 0.659512283781246
      vertex 2.062764245353133 3.2924163622086264 1.4585945858783516
      vertex 12.389485701982677 3.2924163622086264 -13.145594952936392
    endloop
  endfacet
  facet normal 0.8147483990725423 0.06540312923013994 0.5761141179450779
    outer loop
      vertex 3.4129313662745298 0.491352138321619 2.3056164670313493
      vertex 14.334547422278721 0.5416836977132141 -13.145594952936392
      vertex 3.3594720588838305 0.5416836977132141 2.375505474043489
    endloop
  endfacet
  facet normal 0.8008078280734786 0.19509032201612928 0.5662566456580274
    outer loop
      vertex 3.3594720588838305 0.5416836977132141 2.375505474043489
      vertex 14.334547422278721 0.5416836977132141 -13.145594952936392
      vertex 3.376350767531396 0.6752552270285843 2.3056164670313493
    endloop
  endfacet
  facet normal 0.7731652131102029 0.3214394653031605 0.5467103651677666
    outer loop
      vertex 3.2401617493768655 1.192585381125874 2.2911403451256485
      vertex 13.991133718744434 1.5881362443151228 -13.145594952936392
      vertex 3.2608393918718033 1.3506839008337364 2.1689433981447164
    endloop
  endfacet
  facet normal 0.7731652131102028 0.321439465303161 0.5467103651677665
    outer loop
      vertex 3.1781733895388258 1.4162382704778143 2.2473079555295383
      vertex 13.991133718744434 1.5881362443151228 -13.145594952936392
      vertex 3.130529589860972 1.5881362443151228 2.2136187016958346
    endloop
  endfacet
  facet normal 0.7731652131102009 0.3214394653031677 0.5467103651677653
    outer loop
      vertex 3.1781733895388258 1.4162382704778143 2.2473079555295383
      vertex 3.2608393918718033 1.3506839008337364 2.1689433981447164
      vertex 13.991133718744434 1.5881362443151228 -13.145594952936392
    endloop
  endfacet
  facet normal 0.8008078280734786 0.19509032201612955 0.5662566456580276
    outer loop
      vertex 3.3810695538104403 0.9059548564969637 2.2194609995991588
      vertex 14.204842046805686 1.074099037175461 -13.145594952936392
      vertex 3.29853151283146 0.994688132231339 2.3056164670313493
    endloop
  endfacet
  facet normal 0.8008078280734789 0.19509032201612733 0.5662566456580278
    outer loop
      vertex 3.376350767531396 0.6752552270285843 2.3056164670313493
      vertex 14.204842046805686 1.074099037175461 -13.145594952936392
      vertex 3.3810695538104403 0.9059548564969637 2.2194609995991588
    endloop
  endfacet
  facet normal 0.8008078280734785 0.19509032201613022 0.5662566456580274
    outer loop
      vertex 3.273001808568474 1.074099037175461 2.314361773674602
      vertex 3.29853151283146 0.994688132231339 2.3056164670313493
      vertex 14.204842046805686 1.074099037175461 -13.145594952936392
    endloop
  endfacet
  facet normal 0.7731652131102029 0.3214394653031606 0.5467103651677666
    outer loop
      vertex 3.273001808568474 1.074099037175461 2.314361773674602
      vertex 13.991133718744434 1.5881362443151228 -13.145594952936392
      vertex 3.2401617493768655 1.192585381125874 2.2911403451256485
    endloop
  endfacet
  facet normal 0.538353603678211 0.7518398074789773 0.3806734838370781
    outer loop
      vertex 2.062764245353133 3.2924163622086264 1.4585945858783516
      vertex 2.396003617136947 2.9344931419241727 1.6942304054250317
      vertex 12.389485701982677 3.2924163622086264 -13.145594952936392
    endloop
  endfacet
  facet normal 0.6138746322119446 0.6593458151000692 0.4340749152354637
    outer loop
      vertex 2.396003617136947 2.9344931419241727 1.6942304054250317
      vertex 2.53446943186517 2.741118172802739 1.792140521981878
      vertex 12.889344759658396 2.9344931419241727 -13.145594952936392
    endloop
  endfacet
  facet normal 0.6138746322119452 0.6593458151000685 0.43407491523546415
    outer loop
      vertex 2.53446943186517 2.741118172802739 1.792140521981878
      vertex 2.6633600712354655 2.6633600712354655 1.7279736834872237
      vertex 12.889344759658396 2.9344931419241727 -13.145594952936392
    endloop
  endfacet
  facet normal 0.6138746322119453 0.6593458151000686 0.4340749152354641
    outer loop
      vertex 2.6633600712354655 2.6633600712354655 1.7279736834872237
      vertex 2.6795303770030063 2.577517140645974 1.8354980644088557
      vertex 12.889344759658396 2.9344931419241727 -13.145594952936392
    endloop
  endfacet
  facet normal 0.6138746322119443 0.6593458151000696 0.4340749152354636
    outer loop
      vertex 2.6795303770030063 2.577517140645974 1.8354980644088557
      vertex 2.6882467027338453 2.526359930386191 1.9008774730054787
      vertex 13.327709388053746 2.526359930386191 -13.145594952936392
    endloop
  endfacet
  facet normal 0.6788920955903308 0.555570233019601 0.48004920448586874
    outer loop
      vertex 2.6882467027338453 2.526359930386191 1.9008774730054787
      vertex 2.8752167341086943 2.354379616022004 1.8354980644088557
      vertex 13.327709388053746 2.526359930386191 -13.145594952936392
    endloop
  endfacet
  facet normal 0.7322935269887164 0.4422886902190008 0.5178097187527352
    outer loop
      vertex 3.130529589860972 1.5881362443151228 2.2136187016958346
      vertex 13.697079046839232 2.075 -13.145594952936392
      vertex 3.063042705110063 1.755742414061133 2.1658982678473118
    endloop
  endfacet
  facet normal 0.7322935269887159 0.44228869021900197 0.517809718752735
    outer loop
      vertex 3.074898699353341 1.775293591802482 2.1324316641737266
      vertex 13.697079046839232 2.075 -13.145594952936392
      vertex 2.934493141924172 2.075 2.0749999999999997
    endloop
  endfacet
  facet normal 0.7322935269887119 0.44228869021901196 0.5178097187527323
    outer loop
      vertex 3.063042705110063 1.755742414061133 2.1658982678473118
      vertex 13.697079046839232 2.075 -13.145594952936392
      vertex 3.074898699353341 1.775293591802482 2.1324316641737266
    endloop
  endfacet
  facet normal 0.6788920955903304 0.5555702330196016 0.4800492044858685
    outer loop
      vertex 2.8752167341086943 2.354379616022004 1.8354980644088557
      vertex 2.9627900679662518 2.273428778866523 1.805336638156117
      vertex 13.327709388053746 2.526359930386191 -13.145594952936392
    endloop
  endfacet
  facet normal 0.6788920955903293 0.5555702330196034 0.48004920448586785
    outer loop
      vertex 2.9627900679662518 2.273428778866523 1.805336638156117
      vertex 2.9759797302553395 2.2312499061378843 1.8354980644088557
      vertex 13.327709388053746 2.526359930386191 -13.145594952936392
    endloop
  endfacet
  facet normal 0.6788920955903307 0.5555702330196014 0.48004920448586846
    outer loop
      vertex 2.8912051710251343 2.2184997555119113 1.9701433918437228
      vertex 2.934493141924172 2.075 2.0749999999999997
      vertex 13.697079046839232 2.075 -13.145594952936392
    endloop
  endfacet
  facet normal 0.6788920955903377 0.5555702330195886 0.4800492044858733
    outer loop
      vertex 2.8912051710251343 2.2184997555119113 1.9701433918437228
      vertex 13.327709388053746 2.526359930386191 -13.145594952936392
      vertex 2.9759797302553395 2.2312499061378843 1.8354980644088557
    endloop
  endfacet
  facet normal 0.8147483990725419 0.06540312923014337 0.5761141179450778
    outer loop
      vertex 3.4426997716883316 0.12051727247762511 2.3056164670313493
      vertex 3.3884608108500633 0 2.396003617136947
      vertex 14.378030550228072 0 -13.145594952936392
    endloop
  endfacet
  facet normal 0.814748399072542 0.06540312923014252 0.5761141179450777
    outer loop
      vertex 3.4426997716883316 0.12051727247762511 2.3056164670313493
      vertex 14.334547422278721 0.5416836977132141 -13.145594952936392
      vertex 3.44269977168833 0.4532400233863261 2.267844247261579
    endloop
  endfacet
  facet normal 0.8147483990725419 0.06540312923014706 0.5761141179450776
    outer loop
      vertex 3.44269977168833 0.4532400233863261 2.267844247261579
      vertex 14.334547422278721 0.5416836977132141 -13.145594952936392
      vertex 3.4129313662745298 0.491352138321619 2.3056164670313493
    endloop
  endfacet
  facet normal 0.6788920955903308 0.5555702330196011 0.4800492044858686
    outer loop
      vertex 2.6882467027338453 2.526359930386191 1.9008774730054787
      vertex 2.8912051710251343 2.2184997555119113 1.9701433918437228
      vertex 2.8752167341086943 2.354379616022004 1.8354980644088557
    endloop
  endfacet
  facet normal -0.5773502691896236 1.2426504600457842e-15 0.8164965809277276
    outer loop
      vertex 2.644249647779103 2.5878041876565248 1.8697668570947434
      vertex 2.865516779484703 2.198788359405168 2.0262263463774697
      vertex 2.6882467027338453 2.526359930386191 1.9008774730054787
    endloop
  endfacet
  facet normal 0.6138746322119455 0.6593458151000691 0.4340749152354631
    outer loop
      vertex 2.6795303770030063 2.577517140645974 1.8354980644088557
      vertex 2.644249647779103 2.5878041876565248 1.8697668570947434
      vertex 2.6882467027338453 2.526359930386191 1.9008774730054787
    endloop
  endfacet
  facet normal -0.5773502691896408 -5.666565479632931e-16 0.8164965809277153
    outer loop
      vertex 3.3884608108500633 0 2.396003617136947
      vertex 3.3657497549680353 0.4243786950013788 2.379944475514858
      vertex 3.383781371512986 0 2.3926947538495487
    endloop
  endfacet
  facet normal 0.8147483990725434 0.06540312923014457 0.5761141179450755
    outer loop
      vertex 3.3646056946247147 0.44575660178048976 2.3791355026880097
      vertex 3.4129313662745298 0.491352138321619 2.3056164670313493
      vertex 3.3594720588838305 0.5416836977132141 2.375505474043489
    endloop
  endfacet
  facet normal -0.5773502691896268 -7.258592386949172e-16 0.8164965809277254
    outer loop
      vertex 3.3646056946247147 0.44575660178048976 2.3791355026880097
      vertex 3.3594720588838305 0.5416836977132141 2.375505474043489
      vertex 3.3255150366776594 0.7507641553167324 2.351494233372603
    endloop
  endfacet
  facet normal 0.8008078280734782 0.19509032201612964 0.5662566456580279
    outer loop
      vertex 3.3594720588838305 0.5416836977132141 2.375505474043489
      vertex 3.376350767531396 0.6752552270285843 2.3056164670313493
      vertex 3.3255150366776594 0.7507641553167324 2.351494233372603
    endloop
  endfacet
  facet normal -0.577350269189626 -3.642799486549881e-16 0.8164965809277259
    outer loop
      vertex 3.2893970409421747 0.9731501769839918 2.325954953665175
      vertex 3.273001808568474 1.074099037175461 2.314361773674602
      vertex 3.260634077306474 1.1063303772038455 2.3056164670313493
    endloop
  endfacet
  facet normal 0.8008078280734785 0.19509032201613022 0.5662566456580274
    outer loop
      vertex 3.2893970409421747 0.9731501769839918 2.325954953665175
      vertex 3.29853151283146 0.994688132231339 2.3056164670313493
      vertex 3.273001808568474 1.074099037175461 2.314361773674602
    endloop
  endfacet
  facet normal -0.5773502691896338 -4.8722147429854925e-15 0.8164965809277204
    outer loop
      vertex 3.273001808568474 1.074099037175461 2.314361773674602
      vertex 3.2401617493768655 1.192585381125874 2.2911403451256485
      vertex 3.260634077306474 1.1063303772038455 2.3056164670313493
    endloop
  endfacet
  facet normal -0.5773502691896266 -6.54184348004604e-16 0.8164965809277255
    outer loop
      vertex 3.1781733895388258 1.4162382704778143 2.2473079555295383
      vertex 3.130529589860972 1.5881362443151228 2.2136187016958346
      vertex 3.063042705110063 1.755742414061133 2.1658982678473118
    endloop
  endfacet
  facet normal 0.8147483990725429 0.06540312923014219 0.5761141179450767
    outer loop
      vertex 3.4426997716883316 0.12051727247762511 2.3056164670313493
      vertex 3.3657497549680353 0.4243786950013788 2.379944475514858
      vertex 3.3884608108500633 0 2.396003617136947
    endloop
  endfacet
  facet normal 0.7322935269887175 0.4422886902190022 0.5178097187527326
    outer loop
      vertex 3.0528297370593216 1.7811066972554324 2.1586766088825913
      vertex 3.074898699353341 1.775293591802482 2.1324316641737266
      vertex 2.934493141924172 2.075 2.0749999999999997
    endloop
  endfacet
  facet normal -0.5773502691897353 -8.468078276406285e-14 0.8164965809276485
    outer loop
      vertex 2.6882467027338453 2.526359930386191 1.9008774730054787
      vertex 2.865516779484703 2.198788359405168 2.0262263463774697
      vertex 2.934493141924172 2.075 2.0749999999999997
    endloop
  endfacet
  facet normal 0.6788920955903311 0.5555702330196013 0.480049204485868
    outer loop
      vertex 2.6882467027338453 2.526359930386191 1.9008774730054787
      vertex 2.934493141924172 2.075 2.0749999999999997
      vertex 2.8912051710251343 2.2184997555119113 1.9701433918437228
    endloop
  endfacet
  facet normal -0.5773502691896293 -5.704634015477749e-16 0.8164965809277235
    outer loop
      vertex 3.0528297370593216 1.7811066972554324 2.1586766088825913
      vertex 2.934493141924172 2.075 2.0749999999999997
      vertex 2.865516779484703 2.198788359405168 2.0262263463774697
    endloop
  endfacet
  facet normal -0.6888384355540154 -0.7007570904043967 -0.18558316182095025
    outer loop
      vertex -4.427237403391669 0 -5.881262254356391
      vertex -7.461463683914742 4.906449841171109 -13.145594952936392
      vertex -6.995566859372212 4.448477108334033 -13.145594952936392
    endloop
  endfacet
  facet normal -0.8374704612184235 -0.5451764578087566 -0.03776051426686748
    outer loop
      vertex -4.751010948086978 0 -4.297695744954903
      vertex -8.241675092681904 5.974999999999991 -13.145594952936392
      vertex -7.87921571269637 5.418209588782507 -13.145594952936392
    endloop
  endfacet
  facet normal -0.7697396780379138 -0.6283423298430857 -0.11263544993230105
    outer loop
      vertex -4.628723547349205 0 -5.133395913317191
      vertex -7.87921571269637 5.418209588782507 -13.145594952936392
      vertex -7.461463683914742 4.906449841171109 -13.145594952936392
    endloop
  endfacet
  facet normal -0.9290302589361707 -0.35244295056014285 0.1126354499323028
    outer loop
      vertex -4.751010948086978 0 -2.421248372812766
      vertex -8.77696097106203 7.184957979729239 -13.145594952936392
      vertex -8.542640043387062 6.567294236516162 -13.145594952936392
    endloop
  endfacet
  facet normal -0.8908718926168103 -0.45268246542984647 0.037760514266867704
    outer loop
      vertex -4.792007234273894 0 -3.388460810850068
      vertex -8.542640043387062 6.567294236516162 -13.145594952936392
      vertex -8.241675092681904 5.974999999999991 -13.145594952936392
    endloop
  endfacet
  facet normal -0.9512926599492836 -0.24617303909070923 0.18558316182094978
    outer loop
      vertex -4.628723547349204 0 -1.4126077038197655
      vertex -8.940628579668257 7.817422831744109 -13.145594952936392
      vertex -8.77696097106203 7.184957979729239 -13.145594952936392
    endloop
  endfacet
  facet normal -0.4932632088659401 -0.8085822853448237 -0.32075862358761004
    outer loop
      vertex -3.8017549460109574 4.440892098500626e-16 -7.064030460368908
      vertex -6.48949686290771 4.052127430704153 -13.145594952936392
      vertex -5.951912692469851 3.724182461154604 -13.145594952936392
    endloop
  endfacet
  facet normal -0.3819355710140907 -0.8421478007437191 -0.38067348383707744
    outer loop
      vertex -3.3884608108500633 0 -7.4786948334120495
      vertex -5.951912692469851 3.724182461154604 -13.145594952936392
      vertex -5.39201256226132 3.4702534290379057 -13.145594952936392
    endloop
  endfacet
  facet normal -0.26407290964964375 -0.8613039337844078 -0.434074915235464
    outer loop
      vertex -3.3884608108500633 0 -7.4786948334120495
      vertex -5.39201256226132 3.4702534290379057 -13.145594952936392
      vertex -4.819376518743628 3.294685130496002 -13.145594952936392
    endloop
  endfacet
  facet normal -0.14169188758624984 -0.8657229177194807 -0.4800492044858678
    outer loop
      vertex -2.9171891717567036 0 -7.765396664369577
      vertex -4.819376518743628 3.294685130496002 -13.145594952936392
      vertex -4.243802523386064 3.200481587793672 -13.145594952936392
    endloop
  endfacet
  facet normal -0.016886478041842578 -0.8553291425086346 -0.5178097187527348
    outer loop
      vertex -2.396003617136947 0 -7.91923040542504
      vertex -4.243802523386064 3.200481587793672 -13.145594952936392
      vertex -3.675138806828461 3.1892546496647096 -13.145594952936392
    endloop
  endfacet
  facet normal -0.49326320886594016 -0.8085822853448237 -0.3207586235876099
    outer loop
      vertex -4.15 0 -6.528498567629599
      vertex -6.48949686290771 4.052127430704153 -13.145594952936392
      vertex -3.8017549460109574 4.440892098500626e-16 -7.064030460368908
    endloop
  endfacet
  facet normal -0.5961509764556938 -0.7611817028623166 -0.2553554943574678
    outer loop
      vertex -4.15 0 -6.528498567629599
      vertex -6.995566859372212 4.448477108334033 -13.145594952936392
      vertex -6.48949686290771 4.052127430704153 -13.145594952936392
    endloop
  endfacet
  facet normal -0.38193557101409015 -0.8421478007437192 -0.3806734838370777
    outer loop
      vertex -3.3884608108500633 0 -7.4786948334120495
      vertex -3.8017549460109574 4.440892098500626e-16 -7.064030460368908
      vertex -5.951912692469851 3.724182461154604 -13.145594952936392
    endloop
  endfacet
  facet normal -0.264072909649645 -0.8613039337844078 -0.43407491523546343
    outer loop
      vertex -3.3884608108500633 0 -7.4786948334120495
      vertex -4.819376518743628 3.294685130496002 -13.145594952936392
      vertex -2.9171891717567036 0 -7.765396664369577
    endloop
  endfacet
  facet normal -0.9572781798025113 -0.1356910386703703 0.2553554943574683
    outer loop
      vertex -4.1499999999999995 0 0.6595122837812476
      vertex -9.030842471045254 8.45386714359041 -13.145594952936392
      vertex -8.940628579668257 7.817422831744109 -13.145594952936392
    endloop
  endfacet
  facet normal -0.9468844045916652 -0.022887326957722474 0.3207586235876099
    outer loop
      vertex -3.882698332184785 0.14019805738973723 1.4585945858783504
      vertex -9.046059060499548 9.083401176636752 -13.145594952936392
      vertex -9.030842471045254 8.45386714359041 -13.145594952936392
    endloop
  endfacet
  facet normal -0.5961509764556944 -0.7611817028623165 -0.2553554943574671
    outer loop
      vertex -4.427237403391669 0 -5.881262254356391
      vertex -6.995566859372212 4.448477108334033 -13.145594952936392
      vertex -4.15 0 -6.528498567629599
    endloop
  endfacet
  facet normal -0.6888384355540146 -0.7007570904043973 -0.18558316182095042
    outer loop
      vertex -4.427237403391669 0 -5.881262254356391
      vertex -4.628723547349205 0 -5.133395913317191
      vertex -7.461463683914742 4.906449841171109 -13.145594952936392
    endloop
  endfacet
  facet normal -0.7697396780379133 -0.6283423298430861 -0.11263544993230164
    outer loop
      vertex -4.628723547349205 0 -5.133395913317191
      vertex -4.751010948086978 0 -4.297695744954903
      vertex -7.87921571269637 5.418209588782507 -13.145594952936392
    endloop
  endfacet
  facet normal -0.8374704612184236 -0.5451764578087563 -0.037760514266867065
    outer loop
      vertex -4.751010948086978 0 -4.297695744954903
      vertex -4.792007234273894 0 -3.388460810850068
      vertex -8.241675092681904 5.974999999999991 -13.145594952936392
    endloop
  endfacet
  facet normal -0.8908718926168099 -0.4526824654298473 0.03776051426686705
    outer loop
      vertex -4.792007234273894 0 -3.388460810850068
      vertex -4.751010948086978 0 -2.421248372812766
      vertex -8.542640043387062 6.567294236516162 -13.145594952936392
    endloop
  endfacet
  facet normal -0.9290302589361705 -0.3524429505601435 0.11263544993230243
    outer loop
      vertex -4.751010948086978 0 -2.421248372812766
      vertex -4.628723547349204 0 -1.4126077038197655
      vertex -8.77696097106203 7.184957979729239 -13.145594952936392
    endloop
  endfacet
  facet normal -0.9512926599492838 -0.24617303909070892 0.18558316182094975
    outer loop
      vertex -4.628723547349204 0 -1.4126077038197655
      vertex -4.427237403391669 0 -0.37979692536556153
      vertex -8.940628579668257 7.817422831744109 -13.145594952936392
    endloop
  endfacet
  facet normal -0.9202891746923024 0.09030799326473937 0.3806734838370761
    outer loop
      vertex -3.7393474167060217 0.6077534290379147 1.6942304054250303
      vertex -8.98601798796674 9.695253429037905 -13.145594952936392
      vertex -9.046059060499548 9.083401176636752 -13.145594952936392
    endloop
  endfacet
  facet normal -0.8779475418615887 0.20195811868433994 0.4340749152354645
    outer loop
      vertex -3.5320152301844505 1.0649099710141694 1.9008774730054774
      vertex -8.851746572844393 10.278954939117789 -13.145594952936392
      vertex -8.98601798796674 9.695253429037905 -13.145594952936392
    endloop
  endfacet
  facet normal -0.8205839831765813 0.31015268469987717 0.480049204485868
    outer loop
      vertex -3.264249283814797 1.503845608137548 2.0749999999999984
      vertex -8.645542236272322 10.824518412206311 -13.145594952936392
      vertex -8.851746572844393 10.278954939117789 -13.145594952936392
    endloop
  endfacet
  facet normal -0.7491800050305575 0.413040452289636 0.5178097187527353
    outer loop
      vertex -2.9406311271781926 1.9170500299609212 2.213618701695833
      vertex -8.370933191619915 11.322609106020149 -13.145594952936392
      vertex -8.645542236272322 10.824518412206311 -13.145594952936392
    endloop
  endfacet
  facet normal -0.6649573492865315 0.5088609832242588 0.5467103651677645
    outer loop
      vertex -2.566697956658593 2.297453194264981 2.3143617736746003
      vertex -8.032618075777194 11.764704550691325 -13.145594952936392
      vertex -8.370933191619915 11.322609106020149 -13.145594952936392
    endloop
  endfacet
  facet normal -0.5693570889351929 0.5959747616530101 0.5662566456580275
    outer loop
      vertex -2.272963564410667 2.5863779232549975 2.3056164670313493
      vertex -7.636385554174888 12.143240370589496 -13.145594952936392
      vertex -8.032618075777194 11.764704550691325 -13.145594952936392
    endloop
  endfacet
  facet normal -0.46401497093657146 0.6728912466744523 0.5761141179450769
    outer loop
      vertex -1.825720905404573 2.921206823646188 2.3056164670313493
      vertex -7.189015275114029 12.451739712886248 -13.145594952936392
      vertex -7.636385554174888 12.143240370589496 -13.145594952936392
    endloop
  endfacet
  facet normal -0.3507334281359733 0.7382943759045939 0.5761141179450772
    outer loop
      vertex -1.2809422491469353 3.201361333727286 2.3056164670313493
      vertex -6.698161868103821 12.68492406830271 -13.145594952936392
      vertex -7.189015275114029 12.451739712886248 -13.145594952936392
    endloop
  endfacet
  facet normal -0.2314507391382842 0.791065083669139 0.5662566456580269
    outer loop
      vertex -0.787840565060497 3.3539561514112295 2.3056164670313493
      vertex -6.172223971028482 12.838803587866787 -13.145594952936392
      vertex -6.698161868103821 12.68492406830271 -13.145594952936392
    endloop
  endfacet
  facet normal -0.10820786382367352 0.8303004485274268 0.5467103651677651
    outer loop
      vertex -0.3625883747238926 3.460498028211227 2.2473079555295374
      vertex -5.620200527124505 12.910745350335272 -13.145594952936392
      vertex -6.172223971028482 12.838803587866787 -13.145594952936392
    endloop
  endfacet
  facet normal 0.016886478041838855 0.855329142508634 0.517809718752736
    outer loop
      vertex 0.016068778144147176 3.534381454349658 2.158676608882588
      vertex -5.051536810566901 12.899518412206312 -13.145594952936392
      vertex -5.620200527124505 12.910745350335272 -13.145594952936392
    endloop
  endfacet
  facet normal 0.10820786382367667 -0.830300448527426 -0.5467103651677657
    outer loop
      vertex -1.8338217763302747 -2.220446049250313e-16 -7.937563918618208
      vertex -3.675138806828461 3.1892546496647096 -13.145594952936392
      vertex -3.123115362924483 3.2611964121331964 -13.145594952936392
    endloop
  endfacet
  facet normal 0.23145073913828862 -0.7910650836691371 -0.5662566456580276
    outer loop
      vertex -1.2402627364991408 0 -7.820083512455341
      vertex -3.123115362924483 3.2611964121331964 -13.145594952936392
      vertex -2.5971774658491458 3.4150759316972743 -13.145594952936392
    endloop
  endfacet
  facet normal 0.3507334281359704 -0.7382943759045949 -0.5761141179450774
    outer loop
      vertex -0.6254824573807123 2.068636357920873e-16 -7.5687993092576
      vertex -2.5971774658491458 3.4150759316972743 -13.145594952936392
      vertex -2.1063240588389367 3.648260287113735 -13.145594952936392
    endloop
  endfacet
  facet normal 0.46401497093657157 -0.6728912466744518 -0.5761141179450775
    outer loop
      vertex -3.8610877381705367e-16 -4.0890583375145785e-16 -7.188010851410848
      vertex -2.1063240588389367 3.648260287113735 -13.145594952936392
      vertex -1.658953779778077 3.956759629410488 -13.145594952936392
    endloop
  endfacet
  facet normal 0.5693570889351924 -0.5959747616530106 -0.5662566456580274
    outer loop
      vertex 0.3127412286903576 0.541683697713212 -7.568799309257596
      vertex -1.658953779778077 3.956759629410488 -13.145594952936392
      vertex -1.2627212581757732 4.335295449308657 -13.145594952936392
    endloop
  endfacet
  facet normal -0.1416918875862502 -0.8657229177194807 -0.480049204485868
    outer loop
      vertex -2.9171891717567036 0 -7.765396664369577
      vertex -4.243802523386064 3.200481587793672 -13.145594952936392
      vertex -2.396003617136947 0 -7.91923040542504
    endloop
  endfacet
  facet normal -0.016886478041841887 -0.8553291425086345 -0.517809718752735
    outer loop
      vertex -2.396003617136947 0 -7.91923040542504
      vertex -3.675138806828461 3.1892546496647096 -13.145594952936392
      vertex -1.8338217763302747 -2.220446049250313e-16 -7.937563918618208
    endloop
  endfacet
  facet normal 0.10820786382367535 -0.8303004485274262 -0.5467103651677657
    outer loop
      vertex -1.8338217763302747 -2.220446049250313e-16 -7.937563918618208
      vertex -3.123115362924483 3.2611964121331964 -13.145594952936392
      vertex -1.2402627364991408 0 -7.820083512455341
    endloop
  endfacet
  facet normal 0.23145073913828731 -0.7910650836691375 -0.5662566456580275
    outer loop
      vertex -1.2402627364991408 0 -7.820083512455341
      vertex -2.5971774658491458 3.4150759316972743 -13.145594952936392
      vertex -0.6254824573807123 2.068636357920873e-16 -7.5687993092576
    endloop
  endfacet
  facet normal 0.3507334281359696 -0.7382943759045955 -0.5761141179450774
    outer loop
      vertex -0.6254824573807123 2.068636357920873e-16 -7.5687993092576
      vertex -2.1063240588389367 3.648260287113735 -13.145594952936392
      vertex -3.8610877381705367e-16 -4.0890583375145785e-16 -7.188010851410848
    endloop
  endfacet
  facet normal 0.464014970936573 -0.6728912466744511 -0.5761141179450773
    outer loop
      vertex 0.3127412286903576 0.541683697713212 -7.568799309257596
      vertex -3.8610877381705367e-16 -4.0890583375145785e-16 -7.188010851410848
      vertex -1.658953779778077 3.956759629410488 -13.145594952936392
    endloop
  endfacet
  facet normal 0.6649573492865274 -0.5088609832242628 -0.5467103651677657
    outer loop
      vertex 0.9169108881651388 1.5881362443151208 -7.9375639186182045
      vertex -1.2627212581757732 4.335295449308657 -13.145594952936392
      vertex -0.9244061423330491 4.777390893979834 -13.145594952936392
    endloop
  endfacet
  facet normal 0.5693570889351925 -0.5959747616530106 -0.5662566456580274
    outer loop
      vertex 0.3127412286903576 0.541683697713212 -7.568799309257596
      vertex -1.2627212581757732 4.335295449308657 -13.145594952936392
      vertex 0.6201313682495714 1.074099037175458 -7.820083512455335
    endloop
  endfacet
  facet normal 0.6649573492865267 -0.5088609832242635 -0.5467103651677658
    outer loop
      vertex 0.6201313682495714 1.074099037175458 -7.820083512455335
      vertex -1.2627212581757732 4.335295449308657 -13.145594952936392
      vertex 0.9169108881651388 1.5881362443151208 -7.9375639186182045
    endloop
  endfacet
  facet normal 0.7491800050305587 -0.4130404522896337 -0.5178097187527351
    outer loop
      vertex 0.9169108881651388 1.5881362443151208 -7.9375639186182045
      vertex -0.9244061423330491 4.777390893979834 -13.145594952936392
      vertex 1.198001808568475 2.074999999999998 -7.9192304054250355
    endloop
  endfacet
  facet normal 0.7491800050305577 -0.41304045228963526 -0.5178097187527354
    outer loop
      vertex 1.198001808568475 2.074999999999998 -7.9192304054250355
      vertex -0.9244061423330491 4.777390893979834 -13.145594952936392
      vertex -0.649797097680644 5.275481587793672 -13.145594952936392
    endloop
  endfacet
  facet normal 0.820583983176581 -0.31015268469987833 -0.48004920448586774
    outer loop
      vertex 1.198001808568475 2.074999999999998 -7.9192304054250355
      vertex -0.649797097680644 5.275481587793672 -13.145594952936392
      vertex -0.44359276110857243 5.821045060882193 -13.145594952936392
    endloop
  endfacet
  facet normal 0.8779475418615896 -0.20195811868433874 -0.4340749152354635
    outer loop
      vertex 1.4585945858783524 2.5263599303861897 -7.7653966643695735
      vertex -0.44359276110857243 5.821045060882193 -13.145594952936392
      vertex -0.30932134598622596 6.404746570962078 -13.145594952936392
    endloop
  endfacet
  facet normal 0.9202891746923013 -0.09030799326474251 -0.38067348383707805
    outer loop
      vertex 1.6942304054250326 2.9344931419241704 -7.478694833412047
      vertex -0.30932134598622596 6.404746570962078 -13.145594952936392
      vertex -0.2492802734534153 7.016598823363231 -13.145594952936392
    endloop
  endfacet
  facet normal 0.9468844045916653 0.022887326957722682 -0.32075862358760954
    outer loop
      vertex 1.9008774730054794 3.292416362208625 -7.064030460368904
      vertex -0.2492802734534153 7.016598823363231 -13.145594952936392
      vertex -0.26449686290770974 7.646132856409574 -13.145594952936392
    endloop
  endfacet
  facet normal 0.820583983176581 -0.3101526846998784 -0.48004920448586785
    outer loop
      vertex 1.198001808568475 2.074999999999998 -7.9192304054250355
      vertex -0.44359276110857243 5.821045060882193 -13.145594952936392
      vertex 1.4585945858783524 2.5263599303861897 -7.7653966643695735
    endloop
  endfacet
  facet normal 0.8779475418615893 -0.20195811868433952 -0.4340749152354639
    outer loop
      vertex 1.4585945858783524 2.5263599303861897 -7.7653966643695735
      vertex -0.30932134598622596 6.404746570962078 -13.145594952936392
      vertex 1.6942304054250326 2.9344931419241704 -7.478694833412047
    endloop
  endfacet
  facet normal 0.9202891746923019 -0.0903079932647411 -0.3806734838370773
    outer loop
      vertex 1.6942304054250326 2.9344931419241704 -7.478694833412047
      vertex -0.2492802734534153 7.016598823363231 -13.145594952936392
      vertex 1.9008774730054794 3.292416362208625 -7.064030460368904
    endloop
  endfacet
  facet normal 0.9468844045916652 0.022887326957722113 -0.3207586235876097
    outer loop
      vertex 1.9008774730054794 3.292416362208625 -7.064030460368904
      vertex -0.26449686290770974 7.646132856409574 -13.145594952936392
      vertex 2.075 3.5940054257054195 -6.5284985676295975
    endloop
  endfacet
  facet normal 0.9572781798025112 0.13569103867037113 -0.25535549435746774
    outer loop
      vertex 2.075 3.5940054257054195 -6.5284985676295975
      vertex -0.3547107542847081 8.282577168255873 -13.145594952936392
      vertex 2.213618701695835 3.8341000599218384 -5.88126225435639
    endloop
  endfacet
  facet normal 0.9512926599492836 0.24617303909070937 -0.18558316182094944
    outer loop
      vertex 2.213618701695835 3.8341000599218384 -5.88126225435639
      vertex -0.5183783628909353 8.915042020270743 -13.145594952936392
      vertex 2.314361773674602 4.008592179099633 -5.133395913317189
    endloop
  endfacet
  facet normal 0.9290302589361707 0.3524429505601429 -0.11263544993230296
    outer loop
      vertex 2.314361773674602 4.008592179099633 -5.133395913317189
      vertex -0.7526992905659042 9.532705763483822 -13.145594952936392
      vertex 2.3755054740434893 4.114496174701313 -4.297695744954903
    endloop
  endfacet
  facet normal 0.8908718926168098 0.45268246542984764 -0.03776051426686688
    outer loop
      vertex 2.3755054740434893 4.114496174701313 -4.297695744954903
      vertex -1.0536642412710622 10.124999999999991 -13.145594952936392
      vertex 2.396003617136947 4.15 -3.388460810850067
    endloop
  endfacet
  facet normal 0.8374704612184236 0.5451764578087565 0.037760514266867315
    outer loop
      vertex 2.396003617136947 4.15 -3.388460810850067
      vertex -1.4161236212565949 10.681790411217476 -13.145594952936392
      vertex 2.3755054740434884 4.114496174701314 -2.4212483728127663
    endloop
  endfacet
  facet normal 0.7697396780379124 0.6283423298430869 0.11263544993230244
    outer loop
      vertex 2.3143617736746016 4.008592179099634 -1.4126077038197662
      vertex 2.3755054740434884 4.114496174701314 -2.4212483728127663
      vertex -1.833875650038224 11.193550158828872 -13.145594952936392
    endloop
  endfacet
  facet normal 0.7697396780379117 0.6283423298430877 0.1126354499323036
    outer loop
      vertex 2.3755054740434884 4.114496174701314 -2.4212483728127663
      vertex -1.4161236212565949 10.681790411217476 -13.145594952936392
      vertex -1.833875650038224 11.193550158828872 -13.145594952936392
    endloop
  endfacet
  facet normal 0.5961509764556941 0.7611817028623167 0.25535549435746735
    outer loop
      vertex 2.213618701695834 3.8341000599218407 -0.3797969253655622
      vertex -2.299772474580754 11.65152289166595 -13.145594952936392
      vertex -2.8058424710452567 12.04787256929583 -13.145594952936392
    endloop
  endfacet
  facet normal 0.6888384355540158 0.7007570904043966 0.1855831618209486
    outer loop
      vertex 2.3143617736746016 4.008592179099634 -1.4126077038197662
      vertex -1.833875650038224 11.193550158828872 -13.145594952936392
      vertex -2.299772474580754 11.65152289166595 -13.145594952936392
    endloop
  endfacet
  facet normal 0.9512926599492837 0.24617303909070865 -0.18558316182094997
    outer loop
      vertex 2.213618701695835 3.8341000599218384 -5.88126225435639
      vertex -0.3547107542847081 8.282577168255873 -13.145594952936392
      vertex -0.5183783628909353 8.915042020270743 -13.145594952936392
    endloop
  endfacet
  facet normal 0.9290302589361706 0.35244295056014274 -0.11263544993230311
    outer loop
      vertex 2.314361773674602 4.008592179099633 -5.133395913317189
      vertex -0.5183783628909353 8.915042020270743 -13.145594952936392
      vertex -0.7526992905659042 9.532705763483822 -13.145594952936392
    endloop
  endfacet
  facet normal 0.8908718926168097 0.45268246542984764 -0.0377605142668667
    outer loop
      vertex 2.3755054740434893 4.114496174701313 -4.297695744954903
      vertex -0.7526992905659042 9.532705763483822 -13.145594952936392
      vertex -1.0536642412710622 10.124999999999991 -13.145594952936392
    endloop
  endfacet
  facet normal 0.9572781798025112 0.13569103867037277 -0.25535549435746685
    outer loop
      vertex 2.075 3.5940054257054195 -6.5284985676295975
      vertex -0.26449686290770974 7.646132856409574 -13.145594952936392
      vertex -0.3547107542847081 8.282577168255873 -13.145594952936392
    endloop
  endfacet
  facet normal 0.8374704612184244 0.545176457808755 0.037760514266866045
    outer loop
      vertex 2.396003617136947 4.15 -3.388460810850067
      vertex -1.0536642412710622 10.124999999999991 -13.145594952936392
      vertex -1.4161236212565949 10.681790411217476 -13.145594952936392
    endloop
  endfacet
  facet normal 0.2640729096496419 0.8613039337844084 0.4340749152354645
    outer loop
      vertex 1.3433437995690733 3.5422465709620874 1.6942304054250303
      vertex -3.9033267716916455 12.629746570962077 -13.145594952936392
      vertex -4.475962815209337 12.80531486950398 -13.145594952936392
    endloop
  endfacet
  facet normal 0.3819355710140875 0.84214780074372 0.38067348383707883
    outer loop
      vertex 1.8199340868316511 3.4326144195983637 1.4585945858783504
      vertex -3.343426641483114 12.37581753884538 -13.145594952936392
      vertex -3.9033267716916455 12.629746570962077 -13.145594952936392
    endloop
  endfacet
  facet normal 0.4932632088659447 0.8085822853448218 0.3207586235876075
    outer loop
      vertex 2.0749999999999993 3.5940054257054213 0.659512283781246
      vertex -2.8058424710452567 12.04787256929583 -13.145594952936392
      vertex -3.343426641483114 12.37581753884538 -13.145594952936392
    endloop
  endfacet
  facet normal 0.14169188758625556 0.8657229177194807 0.4800492044858662
    outer loop
      vertex 0.6013441905729708 3.667200541135257 1.8354980644088557
      vertex -4.475962815209337 12.80531486950398 -13.145594952936392
      vertex -5.051536810566901 12.899518412206312 -13.145594952936392
    endloop
  endfacet
  facet normal 0.6888384355540157 0.7007570904043964 0.18558316182094947
    outer loop
      vertex 2.213618701695834 3.8341000599218407 -0.3797969253655622
      vertex 2.3143617736746016 4.008592179099634 -1.4126077038197662
      vertex -2.299772474580754 11.65152289166595 -13.145594952936392
    endloop
  endfacet
  facet normal -0.9572781798025114 -0.135691038670371 0.2553554943574678
    outer loop
      vertex -4.427237403391669 0 -0.37979692536556153
      vertex -4.1499999999999995 0 0.6595122837812476
      vertex -8.940628579668257 7.817422831744109 -13.145594952936392
    endloop
  endfacet
  facet normal -0.9468844045916652 -0.02288732695772261 0.3207586235876094
    outer loop
      vertex -4.1499999999999995 0 0.6595122837812476
      vertex -3.9609249447311927 0 1.217664763452432
      vertex -9.030842471045254 8.45386714359041 -13.145594952936392
    endloop
  endfacet
  facet normal -0.9468844045916656 -0.022887326957723567 0.3207586235876089
    outer loop
      vertex -3.9609249447311927 0 1.217664763452432
      vertex -3.9237437648797373 0.09179058088388062 1.3339737810081207
      vertex -9.030842471045254 8.45386714359041 -13.145594952936392
    endloop
  endfacet
  facet normal -0.9468844045916652 -0.0228873269577221 0.3207586235876097
    outer loop
      vertex -3.9237437648797373 0.09179058088388062 1.3339737810081207
      vertex -3.882698332184785 0.14019805738973723 1.4585945858783504
      vertex -9.030842471045254 8.45386714359041 -13.145594952936392
    endloop
  endfacet
  facet normal -0.9202891746923015 0.0903079932647417 0.3806734838370775
    outer loop
      vertex -3.882698332184785 0.14019805738973723 1.4585945858783504
      vertex -3.7393474167060217 0.6077534290379147 1.6942304054250303
      vertex -9.046059060499548 9.083401176636752 -13.145594952936392
    endloop
  endfacet
  facet normal -0.8779475418615895 0.20195811868433924 0.43407491523546377
    outer loop
      vertex -3.7393474167060217 0.6077534290379147 1.6942304054250303
      vertex -3.6411126883549376 0.8243558267089868 1.792140521981879
      vertex -8.98601798796674 9.695253429037905 -13.145594952936392
    endloop
  endfacet
  facet normal -0.8779475418615905 0.20195811868433672 0.4340749152354627
    outer loop
      vertex -3.6411126883549376 0.8243558267089868 1.792140521981879
      vertex -3.638217516732776 0.9748574454973118 1.727973683487228
      vertex -8.98601798796674 9.695253429037905 -13.145594952936392
    endloop
  endfacet
  facet normal -0.8779475418615896 0.20195811868433874 0.4340749152354635
    outer loop
      vertex -3.638217516732776 0.9748574454973118 1.727973683487228
      vertex -3.571960510990745 1.0317828063737087 1.8354980644088557
      vertex -8.98601798796674 9.695253429037905 -13.145594952936392
    endloop
  endfacet
  facet normal -0.877947541861589 0.20195811868434058 0.43407491523546426
    outer loop
      vertex -3.571960510990745 1.0317828063737087 1.8354980644088557
      vertex -3.5320152301844505 1.0649099710141694 1.9008774730054774
      vertex -8.98601798796674 9.695253429037905 -13.145594952936392
    endloop
  endfacet
  facet normal -0.8205839831765799 0.3101526846998802 0.4800492044858684
    outer loop
      vertex -3.476560924681656 1.3128209251132517 1.8354980644088557
      vertex -3.45024211017617 1.4291370755057364 1.8053366381561151
      vertex -8.851746572844393 10.278954939117789 -13.145594952936392
    endloop
  endfacet
  facet normal -0.8205839831765804 0.31015268469987917 0.48004920448586813
    outer loop
      vertex -3.45024211017617 1.4291370755057364 1.8053366381561151
      vertex -3.4203089660347206 1.4616490944797451 1.8354980644088557
      vertex -8.851746572844393 10.278954939117789 -13.145594952936392
    endloop
  endfacet
  facet normal -0.8205839831765801 0.3101526846998799 0.4800492044858684
    outer loop
      vertex -3.5320152301844505 1.0649099710141694 1.9008774730054774
      vertex -3.476560924681656 1.3128209251132517 1.8354980644088557
      vertex -8.851746572844393 10.278954939117789 -13.145594952936392
    endloop
  endfacet
  facet normal -0.8205839831765825 0.310152684699876 0.4800492044858668
    outer loop
      vertex -3.4203089660347206 1.4616490944797451 1.8354980644088557
      vertex -3.366879732075451 1.3946072479047444 1.970143391843718
      vertex -8.851746572844393 10.278954939117789 -13.145594952936392
    endloop
  endfacet
  facet normal -0.8205839831765805 0.3101526846998791 0.4800492044858681
    outer loop
      vertex -3.366879732075451 1.3946072479047444 1.970143391843718
      vertex -3.264249283814797 1.503845608137548 2.0749999999999984
      vertex -8.851746572844393 10.278954939117789 -13.145594952936392
    endloop
  endfacet
  facet normal -0.7491800050305598 0.4130404522896326 0.5178097187527346
    outer loop
      vertex -3.264249283814797 1.503845608137548 2.0749999999999984
      vertex -3.068898515203465 1.7532747570942255 2.1586766088825895
      vertex -8.645542236272322 10.824518412206311 -13.145594952936392
    endloop
  endfacet
  facet normal -0.7491800050305734 0.4130404522896149 0.5178097187527291
    outer loop
      vertex -3.068898515203465 1.7532747570942255 2.1586766088825895
      vertex -3.074898699353343 1.7752935918024826 2.132431664173724
      vertex -8.645542236272322 10.824518412206311 -13.145594952936392
    endloop
  endfacet
  facet normal -0.7491800050305555 0.41304045228963815 0.5178097187527364
    outer loop
      vertex -3.074898699353343 1.7752935918024826 2.132431664173724
      vertex -3.05203888563379 1.774801588471356 2.16589826784731
      vertex -8.645542236272322 10.824518412206311 -13.145594952936392
    endloop
  endfacet
  facet normal -0.749180005030559 0.41304045228963365 0.517809718752735
    outer loop
      vertex -3.05203888563379 1.774801588471356 2.16589826784731
      vertex -2.9406311271781926 1.9170500299609212 2.213618701695833
      vertex -8.645542236272322 10.824518412206311 -13.145594952936392
    endloop
  endfacet
  facet normal -0.6649573492865258 0.5088609832242645 0.5467103651677659
    outer loop
      vertex -2.9406311271781926 1.9170500299609212 2.213618701695833
      vertex -2.815585014814938 2.0442597577334127 2.2473079555295365
      vertex -8.370933191619915 11.322609106020149 -13.145594952936392
    endloop
  endfacet
  facet normal -0.6649573492865287 0.5088609832242615 0.5467103651677652
    outer loop
      vertex -2.815585014814938 2.0442597577334127 2.2473079555295365
      vertex -2.8001462665405814 2.1486278006051154 2.168943398144711
      vertex -8.370933191619915 11.322609106020149 -13.145594952936392
    endloop
  endfacet
  facet normal -0.6649573492865262 0.5088609832242643 0.5467103651677658
    outer loop
      vertex -2.8001462665405814 2.1486278006051154 2.168943398144711
      vertex -2.6528901109253815 2.209769696768063 2.291140345125648
      vertex -8.370933191619915 11.322609106020149 -13.145594952936392
    endloop
  endfacet
  facet normal -0.6649573492865247 0.5088609832242658 0.5467103651677663
    outer loop
      vertex -2.6528901109253815 2.209769696768063 2.291140345125648
      vertex -2.566697956658593 2.297453194264981 2.3143617736746003
      vertex -8.370933191619915 11.322609106020149 -13.145594952936392
    endloop
  endfacet
  facet normal -0.5693570889351945 0.5959747616530088 0.5662566456580271
    outer loop
      vertex -2.566697956658593 2.297453194264981 2.3143617736746003
      vertex -2.510690947770969 2.3592680191798863 2.3056164670313493
      vertex -8.032618075777194 11.764704550691325 -13.145594952936392
    endloop
  endfacet
  facet normal -0.5693570889351919 0.595974761653011 0.5662566456580274
    outer loop
      vertex -2.510690947770969 2.3592680191798863 2.3056164670313493
      vertex -2.475114697313479 2.475114697313479 2.2194609995991526
      vertex -8.032618075777194 11.764704550691325 -13.145594952936392
    endloop
  endfacet
  facet normal -0.5693570889351938 0.5959747616530094 0.5662566456580271
    outer loop
      vertex -2.475114697313479 2.475114697313479 2.2194609995991526
      vertex -2.272963564410667 2.5863779232549975 2.3056164670313493
      vertex -8.032618075777194 11.764704550691325 -13.145594952936392
    endloop
  endfacet
  facet normal -0.5693570889351929 0.5959747616530101 0.5662566456580272
    outer loop
      vertex -2.272963564410667 2.5863779232549975 2.3056164670313493
      vertex -2.14884787247745 2.6385462974408025 2.375505474043487
      vertex -7.636385554174888 12.143240370589496 -13.145594952936392
    endloop
  endfacet
  facet normal -0.4640149709365687 0.6728912466744539 0.5761141179450774
    outer loop
      vertex -2.14884787247745 2.6385462974408025 2.375505474043487
      vertex -2.1319891171275978 2.7100091954056618 2.3056164670313493
      vertex -7.636385554174888 12.143240370589496 -13.145594952936392
    endloop
  endfacet
  facet normal -0.4640149709365694 0.6728912466744533 0.5761141179450775
    outer loop
      vertex -2.1319891171275978 2.7100091954056618 2.3056164670313493
      vertex -2.1138672601085795 2.754845448191821 2.2678442472615714
      vertex -7.636385554174888 12.143240370589496 -13.145594952936392
    endloop
  endfacet
  facet normal -0.46401497093657196 0.6728912466744517 0.5761141179450774
    outer loop
      vertex -2.1138672601085795 2.754845448191821 2.2678442472615714
      vertex -1.825720905404573 2.921206823646188 2.3056164670313493
      vertex -7.636385554174888 12.143240370589496 -13.145594952936392
    endloop
  endfacet
  facet normal -0.46401497093657185 0.6728912466744518 0.5761141179450773
    outer loop
      vertex -1.825720905404573 2.921206823646188 2.3056164670313493
      vertex -1.6942304054250323 2.9344931419241735 2.396003617136945
      vertex -7.189015275114029 12.451739712886248 -13.145594952936392
    endloop
  endfacet
  facet normal -0.3507334281359731 0.7382943759045937 0.5761141179450774
    outer loop
      vertex -1.6942304054250323 2.9344931419241735 2.396003617136945
      vertex -1.61697886628374 3.0417240961237906 2.3056164670313493
      vertex -7.189015275114029 12.451739712886248 -13.145594952936392
    endloop
  endfacet
  facet normal -0.35073342813596975 0.7382943759045955 0.5761141179450774
    outer loop
      vertex -1.61697886628374 3.0417240961237906 2.3056164670313493
      vertex -1.3288325115797541 3.208085471578145 2.267844247261576
      vertex -7.189015275114029 12.451739712886248 -13.145594952936392
    endloop
  endfacet
  facet normal -0.35073342813598146 0.7382943759045894 0.576114117945078
    outer loop
      vertex -1.2809422491469353 3.201361333727286 2.3056164670313493
      vertex -7.189015275114029 12.451739712886248 -13.145594952936392
      vertex -1.3288325115797541 3.208085471578145 2.267844247261576
    endloop
  endfacet
  facet normal -0.9468844045916656 -0.02288732695772021 0.32075862358760904
    outer loop
      vertex -3.9237437648797373 0.09179058088388062 1.3339737810081207
      vertex -3.899800599334958 0.035704957120654086 1.4006524560909426
      vertex -3.882698332184785 0.14019805738973723 1.4585945858783504
    endloop
  endfacet
  facet normal 0.2886751345948264 -0.5000000000000008 0.8164965809277208
    outer loop
      vertex -3.899800599334958 0.035704957120654086 1.4006524560909426
      vertex -3.7714973998092898 0.49652705232926225 1.6374851737400118
      vertex -3.882698332184785 0.14019805738973723 1.4585945858783504
    endloop
  endfacet
  facet normal 0.28867513459483096 -0.5000000000000004 0.8164965809277194
    outer loop
      vertex -3.882698332184785 0.14019805738973723 1.4585945858783504
      vertex -3.7714973998092898 0.49652705232926225 1.6374851737400118
      vertex -3.7393474167060217 0.6077534290379147 1.6942304054250303
    endloop
  endfacet
  facet normal 0.2886751345948098 -0.4999999999999993 0.8164965809277276
    outer loop
      vertex -3.7714973998092898 0.49652705232926225 1.6374851737400118
      vertex -3.6411126883549376 0.8243558267089868 1.792140521981879
      vertex -3.7393474167060217 0.6077534290379147 1.6942304054250303
    endloop
  endfacet
  facet normal -0.8779475418615886 0.2019581186843357 0.4340749152354666
    outer loop
      vertex -3.571960510990745 1.0317828063737087 1.8354980644088557
      vertex -3.563228990419856 0.9960852750964937 1.8697668570947412
      vertex -3.5320152301844505 1.0649099710141694 1.9008774730054774
    endloop
  endfacet
  facet normal 0.2886751345947996 -0.49999999999999495 0.8164965809277337
    outer loop
      vertex -3.563228990419856 0.9960852750964937 1.8697668570947412
      vertex -3.3369649665327357 1.3822161463017406 2.0262263463774683
      vertex -3.5320152301844505 1.0649099710141694 1.9008774730054774
    endloop
  endfacet
  facet normal -0.8205839831765802 0.3101526846998798 0.480049204485868
    outer loop
      vertex -3.5320152301844505 1.0649099710141694 1.9008774730054774
      vertex -3.366879732075451 1.3946072479047444 1.970143391843718
      vertex -3.476560924681656 1.3128209251132517 1.8354980644088557
    endloop
  endfacet
  facet normal -0.8205839831765808 0.3101526846998804 0.480049204485867
    outer loop
      vertex -3.5320152301844505 1.0649099710141694 1.9008774730054774
      vertex -3.264249283814797 1.503845608137548 2.0749999999999984
      vertex -3.366879732075451 1.3946072479047444 1.970143391843718
    endloop
  endfacet
  facet normal 0.2886751345948 -0.4999999999999937 0.8164965809277345
    outer loop
      vertex -3.5320152301844505 1.0649099710141694 1.9008774730054774
      vertex -3.3369649665327357 1.3822161463017406 2.0262263463774683
      vertex -3.264249283814797 1.503845608137548 2.0749999999999984
    endloop
  endfacet
  facet normal 0.2886751345948158 -0.5000000000000008 0.8164965809277245
    outer loop
      vertex -3.3369649665327357 1.3822161463017406 2.0262263463774683
      vertex -3.068898515203465 1.7532747570942255 2.1586766088825895
      vertex -3.264249283814797 1.503845608137548 2.0749999999999984
    endloop
  endfacet
  facet normal -0.3507334281359683 0.7382943759045961 0.5761141179450772
    outer loop
      vertex -1.2809422491469353 3.201361333727286 2.3056164670313493
      vertex -1.2106241864063818 3.1802299951540167 2.375505474043487
      vertex -6.698161868103821 12.68492406830271 -13.145594952936392
    endloop
  endfacet
  facet normal -0.2314507391382844 0.7910650836691387 0.566256645658027
    outer loop
      vertex -1.2106241864063818 3.1802299951540167 2.375505474043487
      vertex -1.1033872031207204 3.261633150283567 2.3056164670313493
      vertex -6.698161868103821 12.68492406830271 -13.145594952936392
    endloop
  endfacet
  facet normal -0.23145073913828731 0.7910650836691375 0.5662566456580274
    outer loop
      vertex -1.1033872031207204 3.261633150283567 2.3056164670313493
      vertex -0.9059548564969638 3.3810695538104407 2.219460999599158
      vertex -6.698161868103821 12.68492406830271 -13.145594952936392
    endloop
  endfacet
  facet normal 0.49326320886593905 0.808582285344824 0.3207586235876106
    outer loop
      vertex 1.882378907566299 3.4439570687685874 1.3339737810081207
      vertex 1.9804624723655901 3.430261624620687 1.2176647634524418
      vertex -3.343426641483114 12.37581753884538 -13.145594952936392
    endloop
  endfacet
  facet normal 0.49326320886594066 0.8085822853448235 0.32075862358760965
    outer loop
      vertex 1.882378907566299 3.4439570687685874 1.3339737810081207
      vertex -3.343426641483114 12.37581753884538 -13.145594952936392
      vertex 1.8199340868316511 3.4326144195983637 1.4585945858783504
    endloop
  endfacet
  facet normal 0.288675134594806 -0.49999999999999567 0.8164965809277311
    outer loop
      vertex -3.05203888563379 1.774801588471356 2.16589826784731
      vertex -2.815585014814938 2.0442597577334127 2.2473079555295365
      vertex -2.9406311271781926 1.9170500299609212 2.213618701695833
    endloop
  endfacet
  facet normal 0.2886751345948013 -0.49999999999999206 0.816496580927735
    outer loop
      vertex -2.6528901109253815 2.209769696768063 2.291140345125648
      vertex -2.5884272502901817 2.2706267547907246 2.3056164670313493
      vertex -2.566697956658593 2.297453194264981 2.3143617736746003
    endloop
  endfacet
  facet normal 0.28867513459481414 -0.4999999999999995 0.8164965809277258
    outer loop
      vertex -2.5884272502901817 2.2706267547907246 2.3056164670313493
      vertex -2.487471295436556 2.3621263120972826 2.325954953665172
      vertex -2.566697956658593 2.297453194264981 2.3143617736746003
    endloop
  endfacet
  facet normal -0.5693570889351954 0.5959747616530093 0.5662566456580254
    outer loop
      vertex -2.566697956658593 2.297453194264981 2.3143617736746003
      vertex -2.487471295436556 2.3621263120972826 2.325954953665172
      vertex -2.510690947770969 2.3592680191798863 2.3056164670313493
    endloop
  endfacet
  facet normal -0.5693570889351929 0.5959747616530102 0.5662566456580272
    outer loop
      vertex -2.3129383490938764 2.5045984247716353 2.351494233372603
      vertex -2.14884787247745 2.6385462974408025 2.375505474043487
      vertex -2.272963564410667 2.5863779232549975 2.3056164670313493
    endloop
  endfacet
  facet normal 0.28867513459482735 -0.500000000000014 0.8164965809277125
    outer loop
      vertex -2.3129383490938764 2.5045984247716353 2.351494233372603
      vertex -2.0683393883588956 2.6909557043725396 2.379135502688007
      vertex -2.14884787247745 2.6385462974408025 2.375505474043487
    endloop
  endfacet
  facet normal -0.4640149709365707 0.6728912466744533 0.5761141179450766
    outer loop
      vertex -2.14884787247745 2.6385462974408025 2.375505474043487
      vertex -2.0683393883588956 2.6909557043725396 2.379135502688007
      vertex -2.1319891171275978 2.7100091954056618 2.3056164670313493
    endloop
  endfacet
  facet normal -0.4640149709365716 0.6728912466744523 0.5761141179450769
    outer loop
      vertex -2.050397608180036 2.7026354430829214 2.379944475514859
      vertex -1.6942304054250323 2.9344931419241735 2.396003617136945
      vertex -1.825720905404573 2.921206823646188 2.3056164670313493
    endloop
  endfacet
  facet normal 0.2886751345948158 -0.5000000000000034 0.8164965809277229
    outer loop
      vertex -2.050397608180036 2.7026354430829214 2.379944475514859
      vertex -1.691890685756494 2.930440628582797 2.392694753849547
      vertex -1.6942304054250323 2.9344931419241735 2.396003617136945
    endloop
  endfacet
  facet normal 0.28867513459481353 -0.5000000000000039 0.8164965809277234
    outer loop
      vertex -1.6942304054250323 2.9344931419241735 2.396003617136945
      vertex -1.691890685756494 2.930440628582797 2.392694753849547
      vertex -1.3153521467879519 3.12701413808425 2.3799444755148573
    endloop
  endfacet
  facet normal -0.35073342813597114 0.7382943759045936 0.576114117945079
    outer loop
      vertex -1.6942304054250323 2.9344931419241735 2.396003617136945
      vertex -1.3153521467879519 3.12701413808425 2.3799444755148573
      vertex -1.61697886628374 3.0417240961237906 2.3056164670313493
    endloop
  endfacet
  facet normal -0.3507334281359694 0.738294375904595 0.5761141179450779
    outer loop
      vertex -1.2962663062658273 3.1367123061530373 2.379135502688008
      vertex -1.2106241864063818 3.1802299951540167 2.375505474043487
      vertex -1.2809422491469353 3.201361333727286 2.3056164670313493
    endloop
  endfacet
  facet normal 0.2886751345948133 -0.4999999999999982 0.816496580927727
    outer loop
      vertex -1.2962663062658273 3.1367123061530373 2.379135502688008
      vertex -1.0125766875837785 3.255362580088358 2.351494233372602
      vertex -1.2106241864063818 3.1802299951540167 2.375505474043487
    endloop
  endfacet
  facet normal -0.2314507391382868 0.7910650836691397 0.5662566456580245
    outer loop
      vertex -1.2106241864063818 3.1802299951540167 2.375505474043487
      vertex -1.0125766875837785 3.255362580088358 2.351494233372602
      vertex -1.1033872031207204 3.261633150283567 2.3056164670313493
    endloop
  endfacet
  facet normal -0.23145073913828618 0.7910650836691381 0.5662566456580275
    outer loop
      vertex -0.787840565060497 3.3539561514112295 2.3056164670313493
      vertex -0.8019257455056272 3.335276489081282 2.325954953665173
      vertex -0.7063038519098822 3.3715522314404422 2.3143617736746003
    endloop
  endfacet
  facet normal 0.28867513459481065 -0.49999999999999883 0.8164965809277275
    outer loop
      vertex -0.8019257455056272 3.335276489081282 2.325954953665173
      vertex -0.6722068270162983 3.37695713199456 2.3056164670313493
      vertex -0.7063038519098822 3.3715522314404422 2.3143617736746003
    endloop
  endfacet
  facet normal 0.2886751345948106 -0.4999999999999689 0.8164965809277459
    outer loop
      vertex -0.7063038519098822 3.3715522314404422 2.3143617736746003
      vertex -0.6722068270162983 3.37695713199456 2.3056164670313493
      vertex -0.5872716384514731 3.402355077893933 2.291140345125645
    endloop
  endfacet
  facet normal 0.14169188758624898 0.8657229177194802 0.48004920448586935
    outer loop
      vertex 0.4756745610503134 3.613107003416649 1.970143391843732
      vertex 0.8437685274506042 3.59126990140036 1.9008774730054774
      vertex 0.6013441905729708 3.667200541135257 1.8354980644088557
    endloop
  endfacet
  facet normal 0.2886751345948113 -0.5000000000000074 0.816496580927722
    outer loop
      vertex 0.4714481870480325 3.581004505706909 2.0262263463774683
      vertex 0.9189793426407507 3.5838894627530204 1.869766857094742
      vertex 0.8437685274506042 3.59126990140036 1.9008774730054774
    endloop
  endfacet
  facet normal 0.26407290964964525 0.8613039337844067 0.43407491523546576
    outer loop
      vertex 0.892430133987738 3.6092999470196845 1.8354980644088557
      vertex 0.8437685274506042 3.59126990140036 1.9008774730054774
      vertex 0.9189793426407507 3.5838894627530204 1.869766857094742
    endloop
  endfacet
  facet normal 0.4932632088659413 0.8085822853448229 0.3207586235876099
    outer loop
      vertex 1.882378907566299 3.4439570687685874 1.3339737810081207
      vertex 1.8199340868316511 3.4326144195983637 1.4585945858783504
      vertex 1.9189788997599584 3.3951788672781813 1.4006524560909384
    endloop
  endfacet
  facet normal 0.28867513459480804 -0.5000000000000162 0.8164965809277178
    outer loop
      vertex 1.1066432564897661 3.565473999511721 1.7921405219818778
      vertex 1.4557436589212986 3.514476084706432 1.6374851737400111
      vertex 1.3433437995690733 3.5422465709620874 1.6942304054250303
    endloop
  endfacet
  facet normal 0.28867513459472854 -0.5000000000001856 0.8164965809276421
    outer loop
      vertex 1.3433437995690733 3.5422465709620874 1.6942304054250303
      vertex 1.4557436589212986 3.514476084706432 1.6374851737400111
      vertex 1.8199340868316511 3.4326144195983637 1.4585945858783504
    endloop
  endfacet
  facet normal 0.2886751345947106 -0.5000000000002252 0.8164965809276244
    outer loop
      vertex 1.8199340868316511 3.4326144195983637 1.4585945858783504
      vertex 1.4557436589212986 3.514476084706432 1.6374851737400111
      vertex 1.9189788997599584 3.3951788672781813 1.4006524560909384
    endloop
  endfacet
  facet normal 0.28867513459481164 -0.499999999999986 0.8164965809277351
    outer loop
      vertex -0.3625883747238926 3.460498028211227 2.2473079555295374
      vertex -0.011003819476276946 3.5305440025324883 2.165898267847311
      vertex -0.1898984626827807 3.505186274276044 2.213618701695833
    endloop
  endfacet
  facet normal 0.28867513459481325 -0.49999999999999806 0.8164965809277271
    outer loop
      vertex 0.016068778144147176 3.534381454349658 2.158676608882588
      vertex 0.4714481870480325 3.581004505706909 2.0262263463774683
      vertex 0.32975614189062347 3.578845608137548 2.0749999999999984
    endloop
  endfacet
  facet normal 0.14169188758624812 0.8657229177194833 0.48004920448586375
    outer loop
      vertex 0.4756745610503134 3.613107003416649 1.970143391843732
      vertex 0.32975614189062347 3.578845608137548 2.0749999999999984
      vertex 0.8437685274506042 3.59126990140036 1.9008774730054774
    endloop
  endfacet
  facet normal 0.28867513459480826 -0.5000000000000264 0.8164965809277116
    outer loop
      vertex 0.4714481870480325 3.581004505706909 2.0262263463774683
      vertex 0.8437685274506042 3.59126990140036 1.9008774730054774
      vertex 0.32975614189062347 3.578845608137548 2.0749999999999984
    endloop
  endfacet
  facet normal -0.2314507391382849 0.7910650836691385 0.566256645658027
    outer loop
      vertex -0.9059548564969638 3.3810695538104407 2.219460999599158
      vertex -0.787840565060497 3.3539561514112295 2.3056164670313493
      vertex -6.698161868103821 12.68492406830271 -13.145594952936392
    endloop
  endfacet
  facet normal -0.23145073913828615 0.791065083669138 0.5662566456580271
    outer loop
      vertex -0.787840565060497 3.3539561514112295 2.3056164670313493
      vertex -0.7063038519098822 3.3715522314404422 2.3143617736746003
      vertex -6.172223971028482 12.838803587866787 -13.145594952936392
    endloop
  endfacet
  facet normal -0.10820786382367639 0.8303004485274259 0.5467103651677659
    outer loop
      vertex -0.7063038519098822 3.3715522314404422 2.3143617736746003
      vertex -0.5872716384514731 3.402355077893933 2.291140345125645
      vertex -6.172223971028482 12.838803587866787 -13.145594952936392
    endloop
  endfacet
  facet normal -0.10820786382367707 0.8303004485274258 0.546710365167766
    outer loop
      vertex -0.5872716384514731 3.402355077893933 2.291140345125645
      vertex -0.460693125331224 3.499311701438848 2.168943398144719
      vertex -6.172223971028482 12.838803587866787 -13.145594952936392
    endloop
  endfacet
  facet normal -0.10820786382367546 0.8303004485274263 0.5467103651677658
    outer loop
      vertex -0.460693125331224 3.499311701438848 2.168943398144719
      vertex -0.3625883747238926 3.460498028211227 2.2473079555295374
      vertex -6.172223971028482 12.838803587866787 -13.145594952936392
    endloop
  endfacet
  facet normal -0.10820786382367585 0.830300448527426 0.5467103651677657
    outer loop
      vertex -0.3625883747238926 3.460498028211227 2.2473079555295374
      vertex -0.1898984626827807 3.505186274276044 2.213618701695833
      vertex -5.620200527124505 12.910745350335272 -13.145594952936392
    endloop
  endfacet
  facet normal 0.01688647804184295 0.8553291425086346 0.5178097187527348
    outer loop
      vertex -0.1898984626827807 3.505186274276044 2.213618701695833
      vertex -0.011003819476276946 3.5305440025324883 2.165898267847311
      vertex -5.620200527124505 12.910745350335272 -13.145594952936392
    endloop
  endfacet
  facet normal 0.01688647804185913 0.8553291425086369 0.5178097187527302
    outer loop
      vertex 0 3.550587183604971 2.1324316641737138
      vertex 0.016068778144147176 3.534381454349658 2.158676608882588
      vertex -5.620200527124505 12.910745350335272 -13.145594952936392
    endloop
  endfacet
  facet normal 0.016886478041850242 0.8553291425086357 0.5178097187527327
    outer loop
      vertex -0.011003819476276946 3.5305440025324883 2.165898267847311
      vertex 0 3.550587183604971 2.1324316641737138
      vertex -5.620200527124505 12.910745350335272 -13.145594952936392
    endloop
  endfacet
  facet normal 0.1416918875862528 0.8657229177194807 0.480049204485867
    outer loop
      vertex 0.44432923577937794 3.6928990006176274 1.8354980644088557
      vertex 0.4874520422099182 3.7025658543722604 1.8053366381561131
      vertex -5.051536810566901 12.899518412206312 -13.145594952936392
    endloop
  endfacet
  facet normal 0.016886478041842616 0.8553291425086345 0.517809718752735
    outer loop
      vertex 0.016068778144147176 3.534381454349658 2.158676608882588
      vertex 0.32975614189062347 3.578845608137548 2.0749999999999984
      vertex -5.051536810566901 12.899518412206312 -13.145594952936392
    endloop
  endfacet
  facet normal 0.14169188758624102 0.8657229177194805 0.4800492044858712
    outer loop
      vertex 0.44432923577937794 3.6928990006176274 1.8354980644088557
      vertex -5.051536810566901 12.899518412206312 -13.145594952936392
      vertex 0.4756745610503134 3.613107003416649 1.970143391843732
    endloop
  endfacet
  facet normal 0.14169188758625148 0.8657229177194808 0.48004920448586763
    outer loop
      vertex 0.4756745610503134 3.613107003416649 1.970143391843732
      vertex -5.051536810566901 12.899518412206312 -13.145594952936392
      vertex 0.32975614189062347 3.578845608137548 2.0749999999999984
    endloop
  endfacet
  facet normal 0.14169188758624687 0.8657229177194805 0.4800492044858692
    outer loop
      vertex 0.4874520422099182 3.7025658543722604 1.8053366381561131
      vertex 0.6013441905729708 3.667200541135257 1.8354980644088557
      vertex -5.051536810566901 12.899518412206312 -13.145594952936392
    endloop
  endfacet
  facet normal 0.1416918875862495 0.8657229177194806 0.480049204485868
    outer loop
      vertex 0.6013441905729708 3.667200541135257 1.8354980644088557
      vertex 0.8437685274506042 3.59126990140036 1.9008774730054774
      vertex -4.475962815209337 12.80531486950398 -13.145594952936392
    endloop
  endfacet
  facet normal 0.2640729096496449 0.8613039337844081 0.4340749152354633
    outer loop
      vertex 0.892430133987738 3.6092999470196845 1.8354980644088557
      vertex 0.9748574454973121 3.638217516732777 1.7279736834872252
      vertex -4.475962815209337 12.80531486950398 -13.145594952936392
    endloop
  endfacet
  facet normal 0.2640729096496437 0.861303933784408 0.4340749152354638
    outer loop
      vertex 1.1066432564897661 3.565473999511721 1.7921405219818778
      vertex 1.3433437995690733 3.5422465709620874 1.6942304054250303
      vertex -4.475962815209337 12.80531486950398 -13.145594952936392
    endloop
  endfacet
  facet normal 0.2640729096496456 0.8613039337844078 0.43407491523546304
    outer loop
      vertex 0.9748574454973121 3.638217516732777 1.7279736834872252
      vertex 1.1066432564897661 3.565473999511721 1.7921405219818778
      vertex -4.475962815209337 12.80531486950398 -13.145594952936392
    endloop
  endfacet
  facet normal 0.2640729096496427 0.8613039337844082 0.43407491523546426
    outer loop
      vertex 0.892430133987738 3.6092999470196845 1.8354980644088557
      vertex -4.475962815209337 12.80531486950398 -13.145594952936392
      vertex 0.8437685274506042 3.59126990140036 1.9008774730054774
    endloop
  endfacet
  facet normal 0.4932632088659411 0.8085822853448232 0.3207586235876093
    outer loop
      vertex 2.0749999999999993 3.5940054257054213 0.659512283781246
      vertex -3.343426641483114 12.37581753884538 -13.145594952936392
      vertex 1.9804624723655901 3.430261624620687 1.2176647634524418
    endloop
  endfacet
  facet normal 0.596150976455694 0.7611817028623165 0.2553554943574674
    outer loop
      vertex 2.213618701695834 3.8341000599218407 -0.3797969253655622
      vertex -2.8058424710452567 12.04787256929583 -13.145594952936392
      vertex 2.0749999999999993 3.5940054257054213 0.659512283781246
    endloop
  endfacet
  facet normal 0.3819355710140905 0.8421478007437191 0.38067348383707766
    outer loop
      vertex 1.3433437995690733 3.5422465709620874 1.6942304054250303
      vertex 1.8199340868316511 3.4326144195983637 1.4585945858783504
      vertex -3.9033267716916455 12.629746570962077 -13.145594952936392
    endloop
  endfacet
  facet normal -0.6649573492865298 -0.5088609832242604 0.5467103651677651
    outer loop
      vertex -2.815585014814938 -2.0442597577334127 2.2473079555295365
      vertex -8.370933191619915 -11.322609106020149 -13.145594952936392
      vertex -8.032618075777194 -11.764704550691325 -13.145594952936392
    endloop
  endfacet
  facet normal -0.8205839831765819 -0.31015268469987667 0.4800492044858673
    outer loop
      vertex -3.476560924681656 -1.3128209251132517 1.8354980644088557
      vertex -8.851746572844393 -10.278954939117789 -13.145594952936392
      vertex -8.645542236272322 -10.824518412206311 -13.145594952936392
    endloop
  endfacet
  facet normal -0.9202891746923015 -0.09030799326474209 0.38067348383707744
    outer loop
      vertex -3.7393474167060217 -0.6077534290379147 1.6942304054250303
      vertex -9.04605906049955 -9.083401176636752 -13.145594952936392
      vertex -8.98601798796674 -9.695253429037905 -13.145594952936392
    endloop
  endfacet
  facet normal -0.8779475418615894 -0.20195811868433994 0.43407491523546354
    outer loop
      vertex -3.6411126883549376 -0.8243558267089868 1.792140521981879
      vertex -8.98601798796674 -9.695253429037905 -13.145594952936392
      vertex -8.851746572844393 -10.278954939117789 -13.145594952936392
    endloop
  endfacet
  facet normal -0.7491800050305575 -0.41304045228963615 0.5178097187527352
    outer loop
      vertex -3.068898515203465 -1.7532747570942255 2.1586766088825895
      vertex -8.645542236272322 -10.824518412206311 -13.145594952936392
      vertex -8.370933191619915 -11.322609106020149 -13.145594952936392
    endloop
  endfacet
  facet normal -0.10820786382367108 -0.8303004485274271 0.5467103651677651
    outer loop
      vertex -0.7063038519098822 -3.3715522314404422 2.3143617736746003
      vertex -6.172223971028482 -12.838803587866787 -13.145594952936392
      vertex -5.6202005271245055 -12.910745350335272 -13.145594952936392
    endloop
  endfacet
  facet normal 0.0168864780418419 -0.8553291425086342 0.5178097187527352
    outer loop
      vertex -0.1898984626827807 -3.505186274276044 2.213618701695833
      vertex -5.6202005271245055 -12.910745350335272 -13.145594952936392
      vertex -5.051536810566901 -12.89951841220631 -13.145594952936392
    endloop
  endfacet
  facet normal -0.4640149709365706 -0.6728912466744528 0.5761141179450773
    outer loop
      vertex -2.14884787247745 -2.6385462974408025 2.375505474043487
      vertex -7.636385554174888 -12.143240370589496 -13.145594952936392
      vertex -7.189015275114029 -12.451739712886248 -13.145594952936392
    endloop
  endfacet
  facet normal -0.56935708893519 -0.5959747616530126 0.5662566456580275
    outer loop
      vertex -2.566697956658593 -2.297453194264981 2.3143617736746003
      vertex -8.032618075777194 -11.764704550691325 -13.145594952936392
      vertex -7.636385554174888 -12.143240370589496 -13.145594952936392
    endloop
  endfacet
  facet normal -0.35073342813597325 -0.738294375904594 0.5761141179450772
    outer loop
      vertex -1.6942304054250323 -2.9344931419241735 2.396003617136945
      vertex -7.189015275114029 -12.451739712886248 -13.145594952936392
      vertex -6.698161868103821 -12.68492406830271 -13.145594952936392
    endloop
  endfacet
  facet normal -0.23145073913828718 -0.791065083669138 0.566256645658027
    outer loop
      vertex -1.2106241864063818 -3.1802299951540167 2.375505474043487
      vertex -6.698161868103821 -12.68492406830271 -13.145594952936392
      vertex -6.172223971028482 -12.838803587866787 -13.145594952936392
    endloop
  endfacet
  facet normal -0.9572781798025114 0.13569103867036988 0.25535549435746807
    outer loop
      vertex -4.427237403391669 0 -0.37979692536556153
      vertex -8.940628579668259 -7.817422831744109 -13.145594952936392
      vertex -9.030842471045256 -8.45386714359041 -13.145594952936392
    endloop
  endfacet
  facet normal -0.9512926599492835 0.2461730390907097 0.18558316182094944
    outer loop
      vertex -4.628723547349204 0 -1.4126077038197655
      vertex -8.776960971062032 -7.184957979729241 -13.145594952936392
      vertex -8.940628579668259 -7.817422831744109 -13.145594952936392
    endloop
  endfacet
  facet normal -0.8374704612184233 0.5451764578087567 -0.03776051426686737
    outer loop
      vertex -4.751010948086978 0 -4.297695744954903
      vertex -7.879215712696371 -5.418209588782508 -13.145594952936392
      vertex -8.241675092681904 -5.974999999999991 -13.145594952936392
    endloop
  endfacet
  facet normal -0.7697396780379129 0.6283423298430864 -0.11263544993230211
    outer loop
      vertex -4.628723547349205 0 -5.133395913317191
      vertex -7.461463683914742 -4.90644984117111 -13.145594952936392
      vertex -7.879215712696371 -5.418209588782508 -13.145594952936392
    endloop
  endfacet
  facet normal -0.9290302589361702 0.35244295056014463 0.11263544993230205
    outer loop
      vertex -4.751010948086978 0 -2.421248372812766
      vertex -8.542640043387062 -6.567294236516161 -13.145594952936392
      vertex -8.776960971062032 -7.184957979729241 -13.145594952936392
    endloop
  endfacet
  facet normal -0.8908718926168101 0.45268246542984697 0.037760514266867606
    outer loop
      vertex -4.792007234273894 0 -3.388460810850068
      vertex -8.241675092681904 -5.974999999999991 -13.145594952936392
      vertex -8.542640043387062 -6.567294236516161 -13.145594952936392
    endloop
  endfacet
  facet normal -0.6888384355540156 0.7007570904043965 -0.18558316182094942
    outer loop
      vertex -4.427237403391669 0 -5.881262254356391
      vertex -6.995566859372212 -4.448477108334033 -13.145594952936392
      vertex -7.461463683914742 -4.90644984117111 -13.145594952936392
    endloop
  endfacet
  facet normal -0.4932632088659417 0.8085822853448231 -0.32075862358760904
    outer loop
      vertex -3.8017549460109574 4.440892098500626e-16 -7.064030460368908
      vertex -5.951912692469851 -3.7241824611546037 -13.145594952936392
      vertex -6.48949686290771 -4.052127430704153 -13.145594952936392
    endloop
  endfacet
  facet normal -0.3819355710140905 0.8421478007437192 -0.38067348383707744
    outer loop
      vertex -3.3884608108500633 0 -7.4786948334120495
      vertex -5.39201256226132 -3.4702534290379052 -13.145594952936392
      vertex -5.951912692469851 -3.7241824611546037 -13.145594952936392
    endloop
  endfacet
  facet normal -0.2640729096496433 0.861303933784408 -0.4340749152354643
    outer loop
      vertex -2.9171891717567036 0 -7.765396664369577
      vertex -4.819376518743628 -3.294685130496002 -13.145594952936392
      vertex -5.39201256226132 -3.4702534290379052 -13.145594952936392
    endloop
  endfacet
  facet normal -0.1416918875862505 0.8657229177194805 -0.4800492044858681
    outer loop
      vertex -2.9171891717567036 0 -7.765396664369577
      vertex -4.243802523386064 -3.200481587793672 -13.145594952936392
      vertex -4.819376518743628 -3.294685130496002 -13.145594952936392
    endloop
  endfacet
  facet normal -0.016886478041841825 0.8553291425086343 -0.5178097187527351
    outer loop
      vertex -2.396003617136947 0 -7.91923040542504
      vertex -3.675138806828461 -3.1892546496647105 -13.145594952936392
      vertex -4.243802523386064 -3.200481587793672 -13.145594952936392
    endloop
  endfacet
  facet normal -0.5961509764556936 0.7611817028623168 -0.25535549435746774
    outer loop
      vertex -4.15 0 -6.528498567629599
      vertex -6.48949686290771 -4.052127430704153 -13.145594952936392
      vertex -6.995566859372212 -4.448477108334033 -13.145594952936392
    endloop
  endfacet
  facet normal -0.49326320886594127 0.8085822853448232 -0.3207586235876092
    outer loop
      vertex -4.15 0 -6.528498567629599
      vertex -3.8017549460109574 4.440892098500626e-16 -7.064030460368908
      vertex -6.48949686290771 -4.052127430704153 -13.145594952936392
    endloop
  endfacet
  facet normal -0.381935571014089 0.8421478007437194 -0.38067348383707833
    outer loop
      vertex -3.3884608108500633 0 -7.4786948334120495
      vertex -5.951912692469851 -3.7241824611546037 -13.145594952936392
      vertex -3.8017549460109574 4.440892098500626e-16 -7.064030460368908
    endloop
  endfacet
  facet normal -0.26407290964964497 0.861303933784408 -0.4340749152354633
    outer loop
      vertex -3.3884608108500633 0 -7.4786948334120495
      vertex -2.9171891717567036 0 -7.765396664369577
      vertex -5.39201256226132 -3.4702534290379052 -13.145594952936392
    endloop
  endfacet
  facet normal -0.9468844045916652 0.02288732695772141 0.32075862358761004
    outer loop
      vertex -4.1499999999999995 0 0.6595122837812476
      vertex -9.030842471045256 -8.45386714359041 -13.145594952936392
      vertex -9.04605906049955 -9.083401176636752 -13.145594952936392
    endloop
  endfacet
  facet normal -0.6888384355540146 0.7007570904043972 -0.18558316182095042
    outer loop
      vertex -4.427237403391669 0 -5.881262254356391
      vertex -7.461463683914742 -4.90644984117111 -13.145594952936392
      vertex -4.628723547349205 0 -5.133395913317191
    endloop
  endfacet
  facet normal -0.7697396780379132 0.628342329843086 -0.11263544993230162
    outer loop
      vertex -4.628723547349205 0 -5.133395913317191
      vertex -7.879215712696371 -5.418209588782508 -13.145594952936392
      vertex -4.751010948086978 0 -4.297695744954903
    endloop
  endfacet
  facet normal -0.8374704612184236 0.5451764578087563 -0.037760514266867065
    outer loop
      vertex -4.751010948086978 0 -4.297695744954903
      vertex -8.241675092681904 -5.974999999999991 -13.145594952936392
      vertex -4.792007234273894 0 -3.388460810850068
    endloop
  endfacet
  facet normal -0.5961509764556944 0.7611817028623165 -0.2553554943574671
    outer loop
      vertex -4.427237403391669 0 -5.881262254356391
      vertex -4.15 0 -6.528498567629599
      vertex -6.995566859372212 -4.448477108334033 -13.145594952936392
    endloop
  endfacet
  facet normal -0.8908718926168099 0.45268246542984736 0.03776051426686705
    outer loop
      vertex -4.792007234273894 0 -3.388460810850068
      vertex -8.542640043387062 -6.567294236516161 -13.145594952936392
      vertex -4.751010948086978 0 -2.421248372812766
    endloop
  endfacet
  facet normal -0.9290302589361705 0.35244295056014363 0.11263544993230243
    outer loop
      vertex -4.751010948086978 0 -2.421248372812766
      vertex -8.776960971062032 -7.184957979729241 -13.145594952936392
      vertex -4.628723547349204 0 -1.4126077038197655
    endloop
  endfacet
  facet normal -0.9512926599492836 0.24617303909070912 0.18558316182094972
    outer loop
      vertex -4.628723547349204 0 -1.4126077038197655
      vertex -8.940628579668259 -7.817422831744109 -13.145594952936392
      vertex -4.427237403391669 0 -0.37979692536556153
    endloop
  endfacet
  facet normal 0.5961509764556944 -0.7611817028623165 0.2553554943574672
    outer loop
      vertex 2.213618701695834 -3.8341000599218407 -0.3797969253655622
      vertex -2.805842471045257 -12.047872569295832 -13.145594952936392
      vertex -2.2997724745807537 -11.65152289166595 -13.145594952936392
    endloop
  endfacet
  facet normal 0.6888384355540165 -0.7007570904043958 0.18558316182094897
    outer loop
      vertex 2.3143617736746016 -4.008592179099634 -1.4126077038197662
      vertex -2.2997724745807537 -11.65152289166595 -13.145594952936392
      vertex -1.833875650038224 -11.193550158828872 -13.145594952936392
    endloop
  endfacet
  facet normal 0.7697396780379115 -0.6283423298430879 0.11263544993230368
    outer loop
      vertex 2.3755054740434884 -4.114496174701314 -2.4212483728127663
      vertex -1.833875650038224 -11.193550158828872 -13.145594952936392
      vertex -1.4161236212565949 -10.681790411217476 -13.145594952936392
    endloop
  endfacet
  facet normal 0.8374704612184246 -0.5451764578087548 0.0377605142668662
    outer loop
      vertex 2.396003617136947 -4.15 -3.388460810850067
      vertex -1.4161236212565949 -10.681790411217476 -13.145594952936392
      vertex -1.0536642412710622 -10.124999999999991 -13.145594952936392
    endloop
  endfacet
  facet normal 0.9290302589361706 -0.35244295056014296 -0.11263544993230293
    outer loop
      vertex 2.314361773674602 -4.008592179099633 -5.133395913317189
      vertex -0.7526992905659042 -9.532705763483822 -13.145594952936392
      vertex -0.5183783628909353 -8.915042020270743 -13.145594952936392
    endloop
  endfacet
  facet normal 0.8908718926168095 -0.45268246542984775 -0.03776051426686711
    outer loop
      vertex 2.3755054740434893 -4.114496174701313 -4.297695744954903
      vertex -1.0536642412710622 -10.124999999999991 -13.145594952936392
      vertex -0.7526992905659042 -9.532705763483822 -13.145594952936392
    endloop
  endfacet
  facet normal 0.9512926599492837 -0.24617303909070956 -0.18558316182094933
    outer loop
      vertex 2.213618701695835 -3.8341000599218384 -5.88126225435639
      vertex -0.5183783628909353 -8.915042020270743 -13.145594952936392
      vertex -0.3547107542847079 -8.282577168255873 -13.145594952936392
    endloop
  endfacet
  facet normal 0.9572781798025114 -0.1356910386703712 -0.2553554943574671
    outer loop
      vertex 2.075 -3.5940054257054195 -6.5284985676295975
      vertex -0.3547107542847079 -8.282577168255873 -13.145594952936392
      vertex -0.2644968629077095 -7.646132856409572 -13.145594952936392
    endloop
  endfacet
  facet normal 0.14169188758624937 -0.865722917719481 0.4800492044858679
    outer loop
      vertex 0.32975614189062347 -3.578845608137548 2.0749999999999984
      vertex -5.051536810566901 -12.89951841220631 -13.145594952936392
      vertex -4.475962815209338 -12.805314869503981 -13.145594952936392
    endloop
  endfacet
  facet normal 0.26407290964964303 -0.8613039337844083 0.43407491523546393
    outer loop
      vertex 0.892430133987738 -3.6092999470196845 1.8354980644088557
      vertex -4.475962815209338 -12.805314869503981 -13.145594952936392
      vertex -3.903326771691645 -12.629746570962077 -13.145594952936392
    endloop
  endfacet
  facet normal 0.38193557101408626 -0.8421478007437203 0.38067348383707944
    outer loop
      vertex 1.3433437995690733 -3.5422465709620874 1.6942304054250303
      vertex -3.903326771691645 -12.629746570962077 -13.145594952936392
      vertex -3.3434266414831137 -12.37581753884538 -13.145594952936392
    endloop
  endfacet
  facet normal 0.4932632088659416 -0.8085822853448231 0.32075862358760915
    outer loop
      vertex 1.882378907566299 -3.4439570687685874 1.3339737810081207
      vertex -3.3434266414831137 -12.37581753884538 -13.145594952936392
      vertex -2.805842471045257 -12.047872569295832 -13.145594952936392
    endloop
  endfacet
  facet normal 0.6888384355540157 -0.7007570904043964 0.18558316182094944
    outer loop
      vertex 2.3143617736746016 -4.008592179099634 -1.4126077038197662
      vertex 2.213618701695834 -3.8341000599218407 -0.3797969253655622
      vertex -2.2997724745807537 -11.65152289166595 -13.145594952936392
    endloop
  endfacet
  facet normal 0.6649573492865273 0.508860983224263 -0.5467103651677656
    outer loop
      vertex 0.9169108881651383 -1.5881362443151208 -7.937563918618205
      vertex -0.9244061423330489 -4.777390893979833 -13.145594952936392
      vertex -1.2627212581757727 -4.335295449308657 -13.145594952936392
    endloop
  endfacet
  facet normal 0.10820786382367409 0.8303004485274267 -0.5467103651677654
    outer loop
      vertex -1.8338217763302747 -2.220446049250313e-16 -7.937563918618208
      vertex -3.123115362924483 -3.261196412133196 -13.145594952936392
      vertex -3.675138806828461 -3.1892546496647105 -13.145594952936392
    endloop
  endfacet
  facet normal 0.2314507391382888 0.7910650836691373 -0.5662566456580274
    outer loop
      vertex -1.2402627364991408 0 -7.820083512455341
      vertex -2.597177465849146 -3.415075931697274 -13.145594952936392
      vertex -3.123115362924483 -3.261196412133196 -13.145594952936392
    endloop
  endfacet
  facet normal 0.35073342813596936 0.7382943759045957 -0.5761141179450774
    outer loop
      vertex -0.6254824573807123 2.068636357920873e-16 -7.5687993092576
      vertex -2.1063240588389363 -3.6482602871137346 -13.145594952936392
      vertex -2.597177465849146 -3.415075931697274 -13.145594952936392
    endloop
  endfacet
  facet normal 0.46401497093657385 0.6728912466744504 -0.5761141179450773
    outer loop
      vertex 0.31274122869035703 -0.5416836977132119 -7.568799309257597
      vertex -1.658953779778078 -3.956759629410489 -13.145594952936392
      vertex -2.1063240588389363 -3.6482602871137346 -13.145594952936392
    endloop
  endfacet
  facet normal 0.5693570889351902 0.5959747616530124 -0.5662566456580275
    outer loop
      vertex 0.6201313682495714 -1.074099037175458 -7.820083512455335
      vertex -1.2627212581757727 -4.335295449308657 -13.145594952936392
      vertex -1.658953779778078 -3.956759629410489 -13.145594952936392
    endloop
  endfacet
  facet normal -0.1416918875862502 0.8657229177194807 -0.480049204485868
    outer loop
      vertex -2.9171891717567036 0 -7.765396664369577
      vertex -2.396003617136947 0 -7.91923040542504
      vertex -4.243802523386064 -3.200481587793672 -13.145594952936392
    endloop
  endfacet
  facet normal -0.01688647804184122 0.8553291425086343 -0.5178097187527353
    outer loop
      vertex -2.396003617136947 0 -7.91923040542504
      vertex -1.8338217763302747 -2.220446049250313e-16 -7.937563918618208
      vertex -3.675138806828461 -3.1892546496647105 -13.145594952936392
    endloop
  endfacet
  facet normal 0.10820786382367469 0.8303004485274265 -0.5467103651677655
    outer loop
      vertex -1.8338217763302747 -2.220446049250313e-16 -7.937563918618208
      vertex -1.2402627364991408 0 -7.820083512455341
      vertex -3.123115362924483 -3.261196412133196 -13.145594952936392
    endloop
  endfacet
  facet normal 0.23145073913828676 0.7910650836691377 -0.5662566456580272
    outer loop
      vertex -1.2402627364991408 0 -7.820083512455341
      vertex -0.6254824573807123 2.068636357920873e-16 -7.5687993092576
      vertex -2.597177465849146 -3.415075931697274 -13.145594952936392
    endloop
  endfacet
  facet normal 0.350733428135971 0.7382943759045949 -0.5761141179450774
    outer loop
      vertex -0.6254824573807123 2.068636357920873e-16 -7.5687993092576
      vertex -3.8610877381705367e-16 -4.0890583375145785e-16 -7.188010851410848
      vertex -2.1063240588389363 -3.6482602871137346 -13.145594952936392
    endloop
  endfacet
  facet normal 0.4640149709365715 0.672891246674452 -0.5761141179450773
    outer loop
      vertex 0.31274122869035703 -0.5416836977132119 -7.568799309257597
      vertex -2.1063240588389363 -3.6482602871137346 -13.145594952936392
      vertex -3.8610877381705367e-16 -4.0890583375145785e-16 -7.188010851410848
    endloop
  endfacet
  facet normal 0.9468844045916653 -0.02288732695772235 -0.32075862358760937
    outer loop
      vertex 1.9008774730054796 -3.292416362208625 -7.064030460368904
      vertex -0.2644968629077095 -7.646132856409572 -13.145594952936392
      vertex -0.2492802734534152 -7.01659882336323 -13.145594952936392
    endloop
  endfacet
  facet normal 0.9202891746923013 0.09030799326474266 -0.38067348383707816
    outer loop
      vertex 1.6942304054250328 -2.93449314192417 -7.478694833412048
      vertex -0.2492802734534152 -7.01659882336323 -13.145594952936392
      vertex -0.30932134598622557 -6.404746570962078 -13.145594952936392
    endloop
  endfacet
  facet normal 0.8779475418615892 0.2019581186843399 -0.4340749152354641
    outer loop
      vertex 1.6942304054250328 -2.93449314192417 -7.478694833412048
      vertex -0.30932134598622557 -6.404746570962078 -13.145594952936392
      vertex -0.4435927611085726 -5.821045060882194 -13.145594952936392
    endloop
  endfacet
  facet normal 0.7491800050305603 0.413040452289632 -0.5178097187527344
    outer loop
      vertex 1.1980018085684745 -2.074999999999999 -7.919230405425035
      vertex -0.6497970976806445 -5.275481587793674 -13.145594952936392
      vertex -0.9244061423330489 -4.777390893979833 -13.145594952936392
    endloop
  endfacet
  facet normal 0.8205839831765802 0.3101526846998795 -0.4800492044858684
    outer loop
      vertex 1.4585945858783531 -2.5263599303861892 -7.765396664369573
      vertex -0.4435927611085726 -5.821045060882194 -13.145594952936392
      vertex -0.6497970976806445 -5.275481587793674 -13.145594952936392
    endloop
  endfacet
  facet normal 0.9202891746923021 0.09030799326474047 -0.380673483837077
    outer loop
      vertex 1.6942304054250328 -2.93449314192417 -7.478694833412048
      vertex 1.9008774730054796 -3.292416362208625 -7.064030460368904
      vertex -0.2492802734534152 -7.01659882336323 -13.145594952936392
    endloop
  endfacet
  facet normal 0.8205839831765799 0.3101526846998803 -0.48004920448586863
    outer loop
      vertex 1.1980018085684745 -2.074999999999999 -7.919230405425035
      vertex 1.4585945858783531 -2.5263599303861892 -7.765396664369573
      vertex -0.6497970976806445 -5.275481587793674 -13.145594952936392
    endloop
  endfacet
  facet normal 0.877947541861589 0.2019581186843401 -0.43407491523546415
    outer loop
      vertex 1.4585945858783531 -2.5263599303861892 -7.765396664369573
      vertex 1.6942304054250328 -2.93449314192417 -7.478694833412048
      vertex -0.4435927611085726 -5.821045060882194 -13.145594952936392
    endloop
  endfacet
  facet normal 0.9468844045916653 -0.022887326957722436 -0.3207586235876096
    outer loop
      vertex 1.9008774730054796 -3.292416362208625 -7.064030460368904
      vertex 2.075 -3.5940054257054195 -6.5284985676295975
      vertex -0.2644968629077095 -7.646132856409572 -13.145594952936392
    endloop
  endfacet
  facet normal 0.7491800050305604 0.41304045228963204 -0.5178097187527344
    outer loop
      vertex 1.1980018085684745 -2.074999999999999 -7.919230405425035
      vertex -0.9244061423330489 -4.777390893979833 -13.145594952936392
      vertex 0.9169108881651383 -1.5881362443151208 -7.937563918618205
    endloop
  endfacet
  facet normal 0.6649573492865265 0.5088609832242639 -0.5467103651677658
    outer loop
      vertex 0.9169108881651383 -1.5881362443151208 -7.937563918618205
      vertex -1.2627212581757727 -4.335295449308657 -13.145594952936392
      vertex 0.6201313682495714 -1.074099037175458 -7.820083512455335
    endloop
  endfacet
  facet normal 0.5693570889351928 0.5959747616530101 -0.5662566456580275
    outer loop
      vertex 0.31274122869035703 -0.5416836977132119 -7.568799309257597
      vertex 0.6201313682495714 -1.074099037175458 -7.820083512455335
      vertex -1.658953779778078 -3.956759629410489 -13.145594952936392
    endloop
  endfacet
  facet normal 0.9572781798025112 -0.13569103867037108 -0.2553554943574677
    outer loop
      vertex 2.075 -3.5940054257054195 -6.5284985676295975
      vertex 2.213618701695835 -3.8341000599218384 -5.88126225435639
      vertex -0.3547107542847079 -8.282577168255873 -13.145594952936392
    endloop
  endfacet
  facet normal 0.9512926599492836 -0.24617303909070942 -0.18558316182094944
    outer loop
      vertex 2.314361773674602 -4.008592179099633 -5.133395913317189
      vertex -0.5183783628909353 -8.915042020270743 -13.145594952936392
      vertex 2.213618701695835 -3.8341000599218384 -5.88126225435639
    endloop
  endfacet
  facet normal 0.9290302589361707 -0.3524429505601428 -0.11263544993230294
    outer loop
      vertex 2.314361773674602 -4.008592179099633 -5.133395913317189
      vertex 2.3755054740434893 -4.114496174701313 -4.297695744954903
      vertex -0.7526992905659042 -9.532705763483822 -13.145594952936392
    endloop
  endfacet
  facet normal 0.8908718926168098 -0.45268246542984764 -0.03776051426686688
    outer loop
      vertex 2.3755054740434893 -4.114496174701313 -4.297695744954903
      vertex 2.396003617136947 -4.15 -3.388460810850067
      vertex -1.0536642412710622 -10.124999999999991 -13.145594952936392
    endloop
  endfacet
  facet normal 0.8374704612184236 -0.5451764578087565 0.03776051426686732
    outer loop
      vertex 2.396003617136947 -4.15 -3.388460810850067
      vertex 2.3755054740434884 -4.114496174701314 -2.4212483728127663
      vertex -1.4161236212565949 -10.681790411217476 -13.145594952936392
    endloop
  endfacet
  facet normal 0.7697396780379124 -0.6283423298430868 0.11263544993230241
    outer loop
      vertex 2.3143617736746016 -4.008592179099634 -1.4126077038197662
      vertex -1.833875650038224 -11.193550158828872 -13.145594952936392
      vertex 2.3755054740434884 -4.114496174701314 -2.4212483728127663
    endloop
  endfacet
  facet normal -0.7491800050305761 -0.41304045228961195 0.5178097187527273
    outer loop
      vertex -3.074898699353343 -1.7752935918024826 2.132431664173724
      vertex -3.068898515203465 -1.7532747570942255 2.1586766088825895
      vertex -8.370933191619915 -11.322609106020149 -13.145594952936392
    endloop
  endfacet
  facet normal -0.6649573492865258 -0.5088609832242645 0.5467103651677659
    outer loop
      vertex -2.815585014814938 -2.0442597577334127 2.2473079555295365
      vertex -2.9406311271781926 -1.9170500299609212 2.213618701695833
      vertex -8.370933191619915 -11.322609106020149 -13.145594952936392
    endloop
  endfacet
  facet normal -0.7491800050305555 -0.413040452289638 0.5178097187527364
    outer loop
      vertex -3.074898699353343 -1.7752935918024826 2.132431664173724
      vertex -8.370933191619915 -11.322609106020149 -13.145594952936392
      vertex -3.05203888563379 -1.774801588471356 2.16589826784731
    endloop
  endfacet
  facet normal -0.749180005030559 -0.4130404522896337 0.5178097187527348
    outer loop
      vertex -3.05203888563379 -1.774801588471356 2.16589826784731
      vertex -8.370933191619915 -11.322609106020149 -13.145594952936392
      vertex -2.9406311271781926 -1.9170500299609212 2.213618701695833
    endloop
  endfacet
  facet normal -0.8779475418615895 -0.20195811868433924 0.43407491523546377
    outer loop
      vertex -3.7393474167060217 -0.6077534290379147 1.6942304054250303
      vertex -8.98601798796674 -9.695253429037905 -13.145594952936392
      vertex -3.6411126883549376 -0.8243558267089868 1.792140521981879
    endloop
  endfacet
  facet normal -0.9202891746923015 -0.09030799326474168 0.38067348383707766
    outer loop
      vertex -3.882698332184785 -0.14019805738973723 1.4585945858783504
      vertex -9.04605906049955 -9.083401176636752 -13.145594952936392
      vertex -3.7393474167060217 -0.6077534290379147 1.6942304054250303
    endloop
  endfacet
  facet normal -0.8205839831765804 -0.3101526846998791 0.48004920448586813
    outer loop
      vertex -3.45024211017617 -1.4291370755057364 1.8053366381561151
      vertex -8.645542236272322 -10.824518412206311 -13.145594952936392
      vertex -3.4203089660347206 -1.4616490944797451 1.8354980644088557
    endloop
  endfacet
  facet normal -0.8205839831765798 -0.3101526846998803 0.48004920448586863
    outer loop
      vertex -3.45024211017617 -1.4291370755057364 1.8053366381561151
      vertex -3.476560924681656 -1.3128209251132517 1.8354980644088557
      vertex -8.645542236272322 -10.824518412206311 -13.145594952936392
    endloop
  endfacet
  facet normal -0.8205839831765807 -0.3101526846998787 0.48004920448586796
    outer loop
      vertex -3.264249283814797 -1.503845608137548 2.0749999999999984
      vertex -3.4203089660347206 -1.4616490944797451 1.8354980644088557
      vertex -8.645542236272322 -10.824518412206311 -13.145594952936392
    endloop
  endfacet
  facet normal -0.8779475418615899 -0.2019581186843388 0.43407491523546343
    outer loop
      vertex -3.571960510990745 -1.0317828063737087 1.8354980644088557
      vertex -3.638217516732776 -0.9748574454973118 1.727973683487228
      vertex -8.851746572844393 -10.278954939117789 -13.145594952936392
    endloop
  endfacet
  facet normal -0.8779475418615889 -0.20195811868434058 0.4340749152354643
    outer loop
      vertex -3.571960510990745 -1.0317828063737087 1.8354980644088557
      vertex -8.851746572844393 -10.278954939117789 -13.145594952936392
      vertex -3.5320152301844505 -1.0649099710141694 1.9008774730054774
    endloop
  endfacet
  facet normal -0.8205839831765801 -0.3101526846998799 0.48004920448586835
    outer loop
      vertex -3.476560924681656 -1.3128209251132517 1.8354980644088557
      vertex -3.5320152301844505 -1.0649099710141694 1.9008774730054774
      vertex -8.851746572844393 -10.278954939117789 -13.145594952936392
    endloop
  endfacet
  facet normal -0.7491800050305598 -0.4130404522896326 0.5178097187527346
    outer loop
      vertex -3.264249283814797 -1.503845608137548 2.0749999999999984
      vertex -8.645542236272322 -10.824518412206311 -13.145594952936392
      vertex -3.068898515203465 -1.7532747570942255 2.1586766088825895
    endloop
  endfacet
  facet normal -0.8779475418615906 -0.20195811868433658 0.43407491523546243
    outer loop
      vertex -3.638217516732776 -0.9748574454973118 1.727973683487228
      vertex -3.6411126883549376 -0.8243558267089868 1.792140521981879
      vertex -8.851746572844393 -10.278954939117789 -13.145594952936392
    endloop
  endfacet
  facet normal -0.5693570889351919 -0.595974761653011 0.5662566456580275
    outer loop
      vertex -2.475114697313479 -2.475114697313479 2.2194609995991526
      vertex -2.510690947770969 -2.3592680191798863 2.3056164670313493
      vertex -7.636385554174888 -12.143240370589496 -13.145594952936392
    endloop
  endfacet
  facet normal -0.5693570889351937 -0.5959747616530094 0.5662566456580271
    outer loop
      vertex -2.475114697313479 -2.475114697313479 2.2194609995991526
      vertex -7.636385554174888 -12.143240370589496 -13.145594952936392
      vertex -2.272963564410667 -2.5863779232549975 2.3056164670313493
    endloop
  endfacet
  facet normal -0.5693570889351929 -0.5959747616530102 0.5662566456580274
    outer loop
      vertex -2.272963564410667 -2.5863779232549975 2.3056164670313493
      vertex -7.636385554174888 -12.143240370589496 -13.145594952936392
      vertex -2.14884787247745 -2.6385462974408025 2.375505474043487
    endloop
  endfacet
  facet normal -0.6649573492865263 -0.5088609832242641 0.546710365167766
    outer loop
      vertex -2.8001462665405814 -2.1486278006051154 2.168943398144711
      vertex -8.032618075777194 -11.764704550691325 -13.145594952936392
      vertex -2.6528901109253815 -2.209769696768063 2.291140345125648
    endloop
  endfacet
  facet normal -0.6649573492865288 -0.5088609832242615 0.5467103651677653
    outer loop
      vertex -2.8001462665405814 -2.1486278006051154 2.168943398144711
      vertex -2.815585014814938 -2.0442597577334127 2.2473079555295365
      vertex -8.032618075777194 -11.764704550691325 -13.145594952936392
    endloop
  endfacet
  facet normal -0.6649573492865246 -0.5088609832242657 0.5467103651677664
    outer loop
      vertex -2.566697956658593 -2.297453194264981 2.3143617736746003
      vertex -2.6528901109253815 -2.209769696768063 2.291140345125648
      vertex -8.032618075777194 -11.764704550691325 -13.145594952936392
    endloop
  endfacet
  facet normal -0.5693570889351945 -0.5959747616530088 0.5662566456580269
    outer loop
      vertex -2.566697956658593 -2.297453194264981 2.3143617736746003
      vertex -7.636385554174888 -12.143240370589496 -13.145594952936392
      vertex -2.510690947770969 -2.3592680191798863 2.3056164670313493
    endloop
  endfacet
  facet normal -0.46401497093657185 -0.6728912466744518 0.5761141179450773
    outer loop
      vertex -1.825720905404573 -2.921206823646188 2.3056164670313493
      vertex -7.189015275114029 -12.451739712886248 -13.145594952936392
      vertex -1.6942304054250323 -2.9344931419241735 2.396003617136945
    endloop
  endfacet
  facet normal -0.46401497093656946 -0.6728912466744533 0.5761141179450775
    outer loop
      vertex -2.1138672601085795 -2.754845448191821 2.2678442472615714
      vertex -2.1319891171275978 -2.7100091954056618 2.3056164670313493
      vertex -7.189015275114029 -12.451739712886248 -13.145594952936392
    endloop
  endfacet
  facet normal -0.4640149709365684 -0.6728912466744538 0.5761141179450776
    outer loop
      vertex -2.1319891171275978 -2.7100091954056618 2.3056164670313493
      vertex -2.14884787247745 -2.6385462974408025 2.375505474043487
      vertex -7.189015275114029 -12.451739712886248 -13.145594952936392
    endloop
  endfacet
  facet normal -0.46401497093657196 -0.6728912466744518 0.5761141179450774
    outer loop
      vertex -2.1138672601085795 -2.754845448191821 2.2678442472615714
      vertex -7.189015275114029 -12.451739712886248 -13.145594952936392
      vertex -1.825720905404573 -2.921206823646188 2.3056164670313493
    endloop
  endfacet
  facet normal -0.35073342813596975 -0.7382943759045955 0.5761141179450774
    outer loop
      vertex -1.61697886628374 -3.0417240961237906 2.3056164670313493
      vertex -6.698161868103821 -12.68492406830271 -13.145594952936392
      vertex -1.3288325115797541 -3.208085471578145 2.267844247261576
    endloop
  endfacet
  facet normal -0.3507334281359732 -0.7382943759045937 0.5761141179450775
    outer loop
      vertex -1.61697886628374 -3.0417240961237906 2.3056164670313493
      vertex -1.6942304054250323 -2.9344931419241735 2.396003617136945
      vertex -6.698161868103821 -12.68492406830271 -13.145594952936392
    endloop
  endfacet
  facet normal -0.9572781798025113 0.13569103867037116 0.25535549435746774
    outer loop
      vertex -4.427237403391669 0 -0.37979692536556153
      vertex -9.030842471045256 -8.45386714359041 -13.145594952936392
      vertex -4.1499999999999995 0 0.6595122837812476
    endloop
  endfacet
  facet normal -0.9468844045916655 0.022887326957722862 0.3207586235876094
    outer loop
      vertex -3.882698332184785 -0.14019805738973723 1.4585945858783504
      vertex -4.1499999999999995 0 0.6595122837812476
      vertex -9.04605906049955 -9.083401176636752 -13.145594952936392
    endloop
  endfacet
  facet normal -0.9468844045916652 0.022887326957724195 0.3207586235876094
    outer loop
      vertex -3.9237437648797373 -0.09179058088388131 1.3339737810081207
      vertex -3.9609249447311927 0 1.217664763452432
      vertex -4.1499999999999995 0 0.6595122837812476
    endloop
  endfacet
  facet normal -0.9468844045916655 0.022887326957720562 0.32075862358760904
    outer loop
      vertex -3.9237437648797373 -0.09179058088388131 1.3339737810081207
      vertex -4.1499999999999995 0 0.6595122837812476
      vertex -3.882698332184785 -0.14019805738973723 1.4585945858783504
    endloop
  endfacet
  facet normal -0.8205839831765802 -0.31015268469987983 0.4800492044858681
    outer loop
      vertex -3.476560924681656 -1.3128209251132517 1.8354980644088557
      vertex -3.366879732075451 -1.3946072479047444 1.970143391843718
      vertex -3.5320152301844505 -1.0649099710141694 1.9008774730054774
    endloop
  endfacet
  facet normal -0.8205839831765805 -0.3101526846998794 0.4800492044858679
    outer loop
      vertex -3.264249283814797 -1.503845608137548 2.0749999999999984
      vertex -3.366879732075451 -1.3946072479047444 1.970143391843718
      vertex -3.4203089660347206 -1.4616490944797451 1.8354980644088557
    endloop
  endfacet
  facet normal 0.2886751345947992 0.4999999999999949 0.816496580927734
    outer loop
      vertex -3.563228990419856 -0.9960852750964937 1.8697668570947412
      vertex -3.5320152301844505 -1.0649099710141694 1.9008774730054774
      vertex -3.3369649665327357 -1.3822161463017406 2.0262263463774683
    endloop
  endfacet
  facet normal -0.8779475418615886 -0.20195811868433566 0.4340749152354666
    outer loop
      vertex -3.571960510990745 -1.0317828063737087 1.8354980644088557
      vertex -3.5320152301844505 -1.0649099710141694 1.9008774730054774
      vertex -3.563228990419856 -0.9960852750964937 1.8697668570947412
    endloop
  endfacet
  facet normal -0.9468844045916656 0.022887326957720118 0.32075862358760887
    outer loop
      vertex -3.9237437648797373 -0.09179058088388131 1.3339737810081207
      vertex -3.882698332184785 -0.14019805738973723 1.4585945858783504
      vertex -3.899800599334958 -0.035704957120654086 1.4006524560909426
    endloop
  endfacet
  facet normal 0.28867513459482513 0.5000000000000009 0.8164965809277211
    outer loop
      vertex -3.7714973998092898 -0.49652705232926225 1.6374851737400118
      vertex -3.882698332184785 -0.14019805738973723 1.4585945858783504
      vertex -3.7393474167060217 -0.6077534290379147 1.6942304054250303
    endloop
  endfacet
  facet normal 0.28867513459480953 0.4999999999999994 0.8164965809277277
    outer loop
      vertex -3.7714973998092898 -0.49652705232926225 1.6374851737400118
      vertex -3.7393474167060217 -0.6077534290379147 1.6942304054250303
      vertex -3.6411126883549376 -0.8243558267089868 1.792140521981879
    endloop
  endfacet
  facet normal 0.28867513459482624 0.5000000000000007 0.8164965809277209
    outer loop
      vertex -3.899800599334958 -0.035704957120654086 1.4006524560909426
      vertex -3.882698332184785 -0.14019805738973723 1.4585945858783504
      vertex -3.7714973998092898 -0.49652705232926225 1.6374851737400118
    endloop
  endfacet
  facet normal -0.8205839831765808 -0.3101526846998803 0.4800492044858668
    outer loop
      vertex -3.5320152301844505 -1.0649099710141694 1.9008774730054774
      vertex -3.366879732075451 -1.3946072479047444 1.970143391843718
      vertex -3.264249283814797 -1.503845608137548 2.0749999999999984
    endloop
  endfacet
  facet normal 0.2886751345947996 0.4999999999999925 0.8164965809277352
    outer loop
      vertex -3.5320152301844505 -1.0649099710141694 1.9008774730054774
      vertex -3.264249283814797 -1.503845608137548 2.0749999999999984
      vertex -3.3369649665327357 -1.3822161463017406 2.0262263463774683
    endloop
  endfacet
  facet normal 0.2886751345948156 0.5000000000000009 0.8164965809277246
    outer loop
      vertex -3.264249283814797 -1.503845608137548 2.0749999999999984
      vertex -3.068898515203465 -1.7532747570942255 2.1586766088825895
      vertex -3.3369649665327357 -1.3822161463017406 2.0262263463774683
    endloop
  endfacet
  facet normal -0.23145073913828737 -0.7910650836691377 0.5662566456580275
    outer loop
      vertex -1.1033872031207204 -3.261633150283567 2.3056164670313493
      vertex -6.172223971028482 -12.838803587866787 -13.145594952936392
      vertex -0.9059548564969638 -3.3810695538104407 2.219460999599158
    endloop
  endfacet
  facet normal -0.23145073913828498 -0.7910650836691385 0.5662566456580271
    outer loop
      vertex -0.9059548564969638 -3.3810695538104407 2.219460999599158
      vertex -6.172223971028482 -12.838803587866787 -13.145594952936392
      vertex -0.787840565060497 -3.3539561514112295 2.3056164670313493
    endloop
  endfacet
  facet normal -0.2314507391382861 -0.791065083669138 0.5662566456580271
    outer loop
      vertex -0.787840565060497 -3.3539561514112295 2.3056164670313493
      vertex -6.172223971028482 -12.838803587866787 -13.145594952936392
      vertex -0.7063038519098822 -3.3715522314404422 2.3143617736746003
    endloop
  endfacet
  facet normal -0.10820786382367727 -0.8303004485274258 0.5467103651677659
    outer loop
      vertex -0.460693125331224 -3.499311701438848 2.168943398144719
      vertex -0.5872716384514731 -3.402355077893933 2.291140345125645
      vertex -5.6202005271245055 -12.910745350335272 -13.145594952936392
    endloop
  endfacet
  facet normal -0.10820786382367531 -0.8303004485274263 0.5467103651677656
    outer loop
      vertex -0.460693125331224 -3.499311701438848 2.168943398144719
      vertex -5.6202005271245055 -12.910745350335272 -13.145594952936392
      vertex -0.3625883747238926 -3.460498028211227 2.2473079555295374
    endloop
  endfacet
  facet normal -0.10820786382367585 -0.830300448527426 0.5467103651677657
    outer loop
      vertex -0.3625883747238926 -3.460498028211227 2.2473079555295374
      vertex -5.6202005271245055 -12.910745350335272 -13.145594952936392
      vertex -0.1898984626827807 -3.505186274276044 2.213618701695833
    endloop
  endfacet
  facet normal 0.016886478041842956 -0.8553291425086346 0.5178097187527347
    outer loop
      vertex -0.1898984626827807 -3.505186274276044 2.213618701695833
      vertex -5.051536810566901 -12.89951841220631 -13.145594952936392
      vertex -0.011003819476276946 -3.5305440025324883 2.165898267847311
    endloop
  endfacet
  facet normal -0.1082078638236764 -0.830300448527426 0.5467103651677658
    outer loop
      vertex -0.7063038519098822 -3.3715522314404422 2.3143617736746003
      vertex -5.6202005271245055 -12.910745350335272 -13.145594952936392
      vertex -0.5872716384514731 -3.402355077893933 2.291140345125645
    endloop
  endfacet
  facet normal 0.016886478041856803 -0.8553291425086363 0.5178097187527312
    outer loop
      vertex 0 -3.550587183604971 2.1324316641737138
      vertex -5.051536810566901 -12.89951841220631 -13.145594952936392
      vertex 0.016068778144147176 -3.534381454349658 2.158676608882588
    endloop
  endfacet
  facet normal 0.01688647804185057 -0.8553291425086356 0.5178097187527329
    outer loop
      vertex 0 -3.550587183604971 2.1324316641737138
      vertex -0.011003819476276946 -3.5305440025324883 2.165898267847311
      vertex -5.051536810566901 -12.89951841220631 -13.145594952936392
    endloop
  endfacet
  facet normal 0.016886478041842595 -0.8553291425086345 0.5178097187527348
    outer loop
      vertex 0.016068778144147176 -3.534381454349658 2.158676608882588
      vertex -5.051536810566901 -12.89951841220631 -13.145594952936392
      vertex 0.32975614189062347 -3.578845608137548 2.0749999999999984
    endloop
  endfacet
  facet normal 0.14169188758625287 -0.8657229177194807 0.4800492044858671
    outer loop
      vertex 0.4874520422099182 -3.7025658543722604 1.8053366381561131
      vertex 0.44432923577937794 -3.6928990006176274 1.8354980644088557
      vertex -4.475962815209338 -12.805314869503981 -13.145594952936392
    endloop
  endfacet
  facet normal 0.141691887586247 -0.8657229177194807 0.4800492044858691
    outer loop
      vertex 0.4874520422099182 -3.7025658543722604 1.8053366381561131
      vertex -4.475962815209338 -12.805314869503981 -13.145594952936392
      vertex 0.6013441905729708 -3.667200541135257 1.8354980644088557
    endloop
  endfacet
  facet normal 0.14169188758625045 -0.8657229177194807 0.48004920448586785
    outer loop
      vertex 0.44432923577937794 -3.6928990006176274 1.8354980644088557
      vertex 0.32975614189062347 -3.578845608137548 2.0749999999999984
      vertex -4.475962815209338 -12.805314869503981 -13.145594952936392
    endloop
  endfacet
  facet normal 0.14169188758624945 -0.8657229177194806 0.4800492044858682
    outer loop
      vertex 0.6013441905729708 -3.667200541135257 1.8354980644088557
      vertex -4.475962815209338 -12.805314869503981 -13.145594952936392
      vertex 0.8437685274506042 -3.59126990140036 1.9008774730054774
    endloop
  endfacet
  facet normal 0.264072909649645 -0.861303933784408 0.43407491523546343
    outer loop
      vertex 0.892430133987738 -3.6092999470196845 1.8354980644088557
      vertex -3.903326771691645 -12.629746570962077 -13.145594952936392
      vertex 0.9748574454973121 -3.638217516732777 1.7279736834872252
    endloop
  endfacet
  facet normal 0.2640729096496428 -0.8613039337844082 0.4340749152354644
    outer loop
      vertex 0.892430133987738 -3.6092999470196845 1.8354980644088557
      vertex 0.8437685274506042 -3.59126990140036 1.9008774730054774
      vertex -4.475962815209338 -12.805314869503981 -13.145594952936392
    endloop
  endfacet
  facet normal 0.2640729096496455 -0.8613039337844078 0.4340749152354632
    outer loop
      vertex 0.9748574454973121 -3.638217516732777 1.7279736834872252
      vertex -3.903326771691645 -12.629746570962077 -13.145594952936392
      vertex 1.1066432564897661 -3.565473999511721 1.7921405219818778
    endloop
  endfacet
  facet normal 0.26407290964964375 -0.861303933784408 0.434074915235464
    outer loop
      vertex 1.1066432564897661 -3.565473999511721 1.7921405219818778
      vertex -3.903326771691645 -12.629746570962077 -13.145594952936392
      vertex 1.3433437995690733 -3.5422465709620874 1.6942304054250303
    endloop
  endfacet
  facet normal 0.596150976455694 -0.7611817028623166 0.25535549435746746
    outer loop
      vertex 2.213618701695834 -3.8341000599218407 -0.3797969253655622
      vertex 2.0749999999999993 -3.5940054257054213 0.659512283781246
      vertex -2.805842471045257 -12.047872569295832 -13.145594952936392
    endloop
  endfacet
  facet normal -0.35073342813598135 -0.7382943759045896 0.5761141179450778
    outer loop
      vertex -1.3288325115797541 -3.208085471578145 2.267844247261576
      vertex -6.698161868103821 -12.68492406830271 -13.145594952936392
      vertex -1.2809422491469353 -3.201361333727286 2.3056164670313493
    endloop
  endfacet
  facet normal -0.3507334281359683 -0.7382943759045961 0.5761141179450773
    outer loop
      vertex -1.2809422491469353 -3.201361333727286 2.3056164670313493
      vertex -6.698161868103821 -12.68492406830271 -13.145594952936392
      vertex -1.2106241864063818 -3.1802299951540167 2.375505474043487
    endloop
  endfacet
  facet normal -0.23145073913828426 -0.7910650836691387 0.5662566456580271
    outer loop
      vertex -1.1033872031207204 -3.261633150283567 2.3056164670313493
      vertex -1.2106241864063818 -3.1802299951540167 2.375505474043487
      vertex -6.172223971028482 -12.838803587866787 -13.145594952936392
    endloop
  endfacet
  facet normal 0.4932632088659415 -0.8085822853448231 0.3207586235876092
    outer loop
      vertex 2.0749999999999993 -3.5940054257054213 0.659512283781246
      vertex 1.9804624723655957 -3.430261624620685 1.217664763452438
      vertex -2.805842471045257 -12.047872569295832 -13.145594952936392
    endloop
  endfacet
  facet normal 0.49326320886594066 -0.8085822853448235 0.3207586235876096
    outer loop
      vertex 1.882378907566299 -3.4439570687685874 1.3339737810081207
      vertex 1.8199340868316511 -3.4326144195983637 1.4585945858783504
      vertex -3.3434266414831137 -12.37581753884538 -13.145594952936392
    endloop
  endfacet
  facet normal 0.49326320886593844 -0.8085822853448243 0.3207586235876108
    outer loop
      vertex 1.882378907566299 -3.4439570687685874 1.3339737810081207
      vertex -2.805842471045257 -12.047872569295832 -13.145594952936392
      vertex 1.9804624723655957 -3.430261624620685 1.217664763452438
    endloop
  endfacet
  facet normal 0.3819355710140905 -0.842147800743719 0.3806734838370778
    outer loop
      vertex 1.3433437995690733 -3.5422465709620874 1.6942304054250303
      vertex -3.3434266414831137 -12.37581753884538 -13.145594952936392
      vertex 1.8199340868316511 -3.4326144195983637 1.4585945858783504
    endloop
  endfacet
  facet normal -0.23145073913828676 -0.7910650836691397 0.5662566456580245
    outer loop
      vertex -1.1033872031207204 -3.261633150283567 2.3056164670313493
      vertex -1.0125766875837785 -3.255362580088358 2.351494233372602
      vertex -1.2106241864063818 -3.1802299951540167 2.375505474043487
    endloop
  endfacet
  facet normal -0.23145073913828618 -0.791065083669138 0.5662566456580275
    outer loop
      vertex -0.787840565060497 -3.3539561514112295 2.3056164670313493
      vertex -0.7063038519098822 -3.3715522314404422 2.3143617736746003
      vertex -0.8019257455056272 -3.335276489081282 2.325954953665173
    endloop
  endfacet
  facet normal 0.28867513459481065 0.4999999999999989 0.8164965809277274
    outer loop
      vertex -0.8019257455056272 -3.335276489081282 2.325954953665173
      vertex -0.7063038519098822 -3.3715522314404422 2.3143617736746003
      vertex -0.6722068270162983 -3.37695713199456 2.3056164670313493
    endloop
  endfacet
  facet normal 0.28867513459481065 0.499999999999969 0.8164965809277458
    outer loop
      vertex -0.7063038519098822 -3.3715522314404422 2.3143617736746003
      vertex -0.5872716384514731 -3.402355077893933 2.291140345125645
      vertex -0.6722068270162983 -3.37695713199456 2.3056164670313493
    endloop
  endfacet
  facet normal 0.288675134594806 0.4999999999999958 0.816496580927731
    outer loop
      vertex -2.815585014814938 -2.0442597577334127 2.2473079555295365
      vertex -3.05203888563379 -1.774801588471356 2.16589826784731
      vertex -2.9406311271781926 -1.9170500299609212 2.213618701695833
    endloop
  endfacet
  facet normal 0.2886751345948018 0.4999999999999924 0.8164965809277346
    outer loop
      vertex -2.566697956658593 -2.297453194264981 2.3143617736746003
      vertex -2.5884272502901817 -2.2706267547907246 2.3056164670313493
      vertex -2.6528901109253815 -2.209769696768063 2.291140345125648
    endloop
  endfacet
  facet normal -0.5693570889351954 -0.5959747616530093 0.5662566456580256
    outer loop
      vertex -2.566697956658593 -2.297453194264981 2.3143617736746003
      vertex -2.510690947770969 -2.3592680191798863 2.3056164670313493
      vertex -2.487471295436556 -2.3621263120972826 2.325954953665172
    endloop
  endfacet
  facet normal 0.28867513459481414 0.4999999999999995 0.816496580927726
    outer loop
      vertex -2.566697956658593 -2.297453194264981 2.3143617736746003
      vertex -2.487471295436556 -2.3621263120972826 2.325954953665172
      vertex -2.5884272502901817 -2.2706267547907246 2.3056164670313493
    endloop
  endfacet
  facet normal -0.46401497093657057 -0.6728912466744533 0.5761141179450765
    outer loop
      vertex -2.1319891171275978 -2.7100091954056618 2.3056164670313493
      vertex -2.0683393883588956 -2.6909557043725396 2.379135502688007
      vertex -2.14884787247745 -2.6385462974408025 2.375505474043487
    endloop
  endfacet
  facet normal -0.5693570889351929 -0.5959747616530102 0.5662566456580272
    outer loop
      vertex -2.3129383490938764 -2.5045984247716353 2.351494233372603
      vertex -2.272963564410667 -2.5863779232549975 2.3056164670313493
      vertex -2.14884787247745 -2.6385462974408025 2.375505474043487
    endloop
  endfacet
  facet normal 0.2886751345948277 0.5000000000000143 0.8164965809277122
    outer loop
      vertex -2.3129383490938764 -2.5045984247716353 2.351494233372603
      vertex -2.14884787247745 -2.6385462974408025 2.375505474043487
      vertex -2.0683393883588956 -2.6909557043725396 2.379135502688007
    endloop
  endfacet
  facet normal -0.4640149709365716 -0.6728912466744523 0.576114117945077
    outer loop
      vertex -2.050397608180036 -2.7026354430829214 2.379944475514859
      vertex -1.825720905404573 -2.921206823646188 2.3056164670313493
      vertex -1.6942304054250323 -2.9344931419241735 2.396003617136945
    endloop
  endfacet
  facet normal 0.2886751345948153 0.5000000000000029 0.8164965809277234
    outer loop
      vertex -2.050397608180036 -2.7026354430829214 2.379944475514859
      vertex -1.6942304054250323 -2.9344931419241735 2.396003617136945
      vertex -1.691890685756494 -2.930440628582797 2.392694753849547
    endloop
  endfacet
  facet normal 0.28867513459481375 0.5000000000000043 0.816496580927723
    outer loop
      vertex -1.3153521467879519 -3.12701413808425 2.3799444755148573
      vertex -1.691890685756494 -2.930440628582797 2.392694753849547
      vertex -1.6942304054250323 -2.9344931419241735 2.396003617136945
    endloop
  endfacet
  facet normal -0.35073342813597114 -0.7382943759045936 0.576114117945079
    outer loop
      vertex -1.61697886628374 -3.0417240961237906 2.3056164670313493
      vertex -1.3153521467879519 -3.12701413808425 2.3799444755148573
      vertex -1.6942304054250323 -2.9344931419241735 2.396003617136945
    endloop
  endfacet
  facet normal -0.3507334281359694 -0.738294375904595 0.576114117945078
    outer loop
      vertex -1.2809422491469353 -3.201361333727286 2.3056164670313493
      vertex -1.2106241864063818 -3.1802299951540167 2.375505474043487
      vertex -1.2962663062658273 -3.1367123061530373 2.379135502688008
    endloop
  endfacet
  facet normal 0.2886751345948133 0.4999999999999981 0.816496580927727
    outer loop
      vertex -1.2962663062658273 -3.1367123061530373 2.379135502688008
      vertex -1.2106241864063818 -3.1802299951540167 2.375505474043487
      vertex -1.0125766875837785 -3.255362580088358 2.351494233372602
    endloop
  endfacet
  facet normal 0.14169188758625226 -0.8657229177194802 0.48004920448586846
    outer loop
      vertex 0.44432923577937794 -3.6928990006176274 1.8354980644088557
      vertex 0.4756745610503134 -3.613107003416649 1.970143391843732
      vertex 0.32975614189062347 -3.578845608137548 2.0749999999999984
    endloop
  endfacet
  facet normal 0.14169188758624898 -0.8657229177194802 0.48004920448586935
    outer loop
      vertex 0.4756745610503134 -3.613107003416649 1.970143391843732
      vertex 0.6013441905729708 -3.667200541135257 1.8354980644088557
      vertex 0.8437685274506042 -3.59126990140036 1.9008774730054774
    endloop
  endfacet
  facet normal 0.28867513459481126 0.5000000000000074 0.816496580927722
    outer loop
      vertex 0.4714481870480325 -3.581004505706909 2.0262263463774683
      vertex 0.8437685274506042 -3.59126990140036 1.9008774730054774
      vertex 0.9189793426407507 -3.5838894627530204 1.869766857094742
    endloop
  endfacet
  facet normal 0.2640729096496452 -0.8613039337844067 0.43407491523546576
    outer loop
      vertex 0.892430133987738 -3.6092999470196845 1.8354980644088557
      vertex 0.9189793426407507 -3.5838894627530204 1.869766857094742
      vertex 0.8437685274506042 -3.59126990140036 1.9008774730054774
    endloop
  endfacet
  facet normal 0.4932632088659413 -0.8085822853448229 0.3207586235876099
    outer loop
      vertex 1.882378907566299 -3.4439570687685874 1.3339737810081207
      vertex 1.9189788997599584 -3.3951788672781813 1.4006524560909384
      vertex 1.8199340868316511 -3.4326144195983637 1.4585945858783504
    endloop
  endfacet
  facet normal 0.288675134594808 0.5000000000000164 0.8164965809277177
    outer loop
      vertex 1.1066432564897661 -3.565473999511721 1.7921405219818778
      vertex 1.3433437995690733 -3.5422465709620874 1.6942304054250303
      vertex 1.4557436589212986 -3.514476084706432 1.6374851737400111
    endloop
  endfacet
  facet normal 0.28867513459472915 0.5000000000001845 0.8164965809276427
    outer loop
      vertex 1.3433437995690733 -3.5422465709620874 1.6942304054250303
      vertex 1.8199340868316511 -3.4326144195983637 1.4585945858783504
      vertex 1.4557436589212986 -3.514476084706432 1.6374851737400111
    endloop
  endfacet
  facet normal 0.28867513459471056 0.5000000000002254 0.8164965809276241
    outer loop
      vertex 1.4557436589212986 -3.514476084706432 1.6374851737400111
      vertex 1.8199340868316511 -3.4326144195983637 1.4585945858783504
      vertex 1.9189788997599584 -3.3951788672781813 1.4006524560909384
    endloop
  endfacet
  facet normal 0.2886751345948116 0.4999999999999858 0.8164965809277352
    outer loop
      vertex -0.3625883747238926 -3.460498028211227 2.2473079555295374
      vertex -0.1898984626827807 -3.505186274276044 2.213618701695833
      vertex -0.011003819476276946 -3.5305440025324883 2.165898267847311
    endloop
  endfacet
  facet normal 0.28867513459481325 0.4999999999999981 0.816496580927727
    outer loop
      vertex 0.016068778144147176 -3.534381454349658 2.158676608882588
      vertex 0.32975614189062347 -3.578845608137548 2.0749999999999984
      vertex 0.4714481870480325 -3.581004505706909 2.0262263463774683
    endloop
  endfacet
  facet normal 0.14169188758624812 -0.8657229177194834 0.48004920448586375
    outer loop
      vertex 0.4756745610503134 -3.613107003416649 1.970143391843732
      vertex 0.8437685274506042 -3.59126990140036 1.9008774730054774
      vertex 0.32975614189062347 -3.578845608137548 2.0749999999999984
    endloop
  endfacet
  facet normal 0.28867513459480826 0.5000000000000262 0.8164965809277116
    outer loop
      vertex 0.4714481870480325 -3.581004505706909 2.0262263463774683
      vertex 0.32975614189062347 -3.578845608137548 2.0749999999999984
      vertex 0.8437685274506042 -3.59126990140036 1.9008774730054774
    endloop
  endfacet
  facet normal -0.9639958278814488 -0.06318362469879198 0.25830190358780264
    outer loop
      vertex -3.9237437648797373 -0.09179058088388131 1.3339737810081207
      vertex -3.929760037404689 0 1.3339737810081207
      vertex -3.9609249447311927 0 1.217664763452432
    endloop
  endfacet
  facet normal -0.8751235125267669 -0.2970644033586852 0.38198374059632706
    outer loop
      vertex -3.571960510990745 -1.0317828063737087 1.8354980644088557
      vertex -3.5951970573555814 -0.9633301481491766 1.8354980644088557
      vertex -3.638217516732776 -0.9748574454973118 1.727973683487228
    endloop
  endfacet
  facet normal -0.906411394976593 -0.18029643639469048 0.38198374059632706
    outer loop
      vertex -3.638217516732776 -0.9748574454973118 1.727973683487228
      vertex -3.5951970573555814 -0.9633301481491766 1.8354980644088557
      vertex -3.6411126883549376 -0.8243558267089868 1.792140521981879
    endloop
  endfacet
  facet normal -0.8205043856531675 -0.2785237081260431 0.49919645144535707
    outer loop
      vertex -3.571960510990745 -1.0317828063737087 1.8354980644088557
      vertex -3.563228990419856 -0.9960852750964937 1.8697668570947412
      vertex -3.5951970573555814 -0.9633301481491766 1.8354980644088557
    endloop
  endfacet
  facet normal -0.8288620241475311 -0.40874951601940684 0.38198374059632234
    outer loop
      vertex -3.45024211017617 -1.4291370755057364 1.8053366381561151
      vertex -3.4203089660347206 -1.4616490944797451 1.8354980644088557
      vertex -3.438699832052745 -1.4243561073663313 1.8354980644088557
    endloop
  endfacet
  facet normal -0.7771302178258069 -0.38323821235151107 0.4991964514453524
    outer loop
      vertex -3.4203089660347206 -1.4616490944797451 1.8354980644088557
      vertex -3.366879732075451 -1.3946072479047444 1.970143391843718
      vertex -3.438699832052745 -1.4243561073663313 1.8354980644088557
    endloop
  endfacet
  facet normal -0.8751235125267681 -0.2970644033586881 0.3819837405963219
    outer loop
      vertex -3.45024211017617 -1.4291370755057364 1.8053366381561151
      vertex -3.438699832052745 -1.4243561073663313 1.8354980644088557
      vertex -3.476560924681656 -1.3128209251132517 1.8354980644088557
    endloop
  endfacet
  facet normal -0.8205043856531695 -0.278523708126046 0.4991964514453524
    outer loop
      vertex -3.476560924681656 -1.3128209251132517 1.8354980644088557
      vertex -3.438699832052745 -1.4243561073663313 1.8354980644088557
      vertex -3.366879732075451 -1.3946072479047444 1.970143391843718
    endloop
  endfacet
  facet normal -0.9221903271536549 -0.060443547416367406 0.38198374059632506
    outer loop
      vertex -3.9237437648797373 -0.09179058088388131 1.3339737810081207
      vertex -3.899800599334958 -0.035704957120654086 1.4006524560909426
      vertex -3.929760037404689 0 1.3339737810081207
    endloop
  endfacet
  facet normal -0.9064113949765945 -0.1802964363946924 0.3819837405963226
    outer loop
      vertex -3.5951970573555814 -0.9633301481491766 1.8354980644088557
      vertex -3.6901794642301256 -0.4858213430116143 1.8354980644088557
      vertex -3.6411126883549376 -0.8243558267089868 1.792140521981879
    endloop
  endfacet
  facet normal -0.9064113949765928 -0.18029643639469262 0.38198374059632617
    outer loop
      vertex -3.7714973998092898 -0.49652705232926225 1.6374851737400118
      vertex -3.6411126883549376 -0.8243558267089868 1.792140521981879
      vertex -3.6901794642301256 -0.4858213430116143 1.8354980644088557
    endloop
  endfacet
  facet normal -0.9221903271536545 -0.06044354741636492 0.3819837405963261
    outer loop
      vertex -3.899800599334958 -0.035704957120654086 1.4006524560909426
      vertex -3.7220218773606564 0 1.8354980644088557
      vertex -3.929760037404689 0 1.3339737810081207
    endloop
  endfacet
  facet normal -0.9221903271536542 -0.06044354741636796 0.3819837405963263
    outer loop
      vertex -3.899800599334958 -0.035704957120654086 1.4006524560909426
      vertex -3.7714973998092898 -0.49652705232926225 1.6374851737400118
      vertex -3.7220218773606564 0 1.8354980644088557
    endloop
  endfacet
  facet normal -0.9221903271536543 -0.0604435474163679 0.3819837405963261
    outer loop
      vertex -3.7714973998092898 -0.49652705232926225 1.6374851737400118
      vertex -3.6901794642301256 -0.4858213430116143 1.8354980644088557
      vertex -3.7220218773606564 0 1.8354980644088557
    endloop
  endfacet
  facet normal -0.777130217825809 -0.3832382123515081 0.49919645144535124
    outer loop
      vertex -3.068898515203465 -1.7532747570942255 2.1586766088825895
      vertex -3.1879376903523777 -1.3204870273443152 2.3056164670313493
      vertex -3.3369649665327357 -1.3822161463017406 2.0262263463774683
    endloop
  endfacet
  facet normal -0.82050438565317 -0.27852370812604715 0.4991964514453511
    outer loop
      vertex -3.563228990419856 -0.9960852750964937 1.8697668570947412
      vertex -3.3369649665327357 -1.3822161463017406 2.0262263463774683
      vertex -3.1879376903523777 -1.3204870273443152 2.3056164670313493
    endloop
  endfacet
  facet normal -0.8205043856531713 -0.2785237081260677 0.4991964514453372
    outer loop
      vertex -3.563228990419856 -0.9960852750964937 1.8697668570947412
      vertex -3.1879376903523777 -1.3204870273443152 2.3056164670313493
      vertex -3.5951970573555814 -0.9633301481491766 1.8354980644088557
    endloop
  endfacet
  facet normal -0.8205043856531697 -0.2785237081260466 0.49919645144535174
    outer loop
      vertex -3.1879376903523777 -1.3204870273443152 2.3056164670313493
      vertex -3.3330225850349873 -0.8930807100148178 2.3056164670313493
      vertex -3.5951970573555814 -0.9633301481491766 1.8354980644088557
    endloop
  endfacet
  facet normal -0.8646336168614388 -0.05667108131556263 0.4991964514453519
    outer loop
      vertex -3.6901794642301256 -0.4858213430116143 1.8354980644088557
      vertex -3.4210785391992062 -0.4503935341282152 2.3056164670313493
      vertex -3.7220218773606564 0 1.8354980644088557
    endloop
  endfacet
  facet normal -0.8498394959552124 -0.16904358603318634 0.4991964514453518
    outer loop
      vertex -3.5951970573555814 -0.9633301481491766 1.8354980644088557
      vertex -3.3330225850349873 -0.8930807100148178 2.3056164670313493
      vertex -3.6901794642301256 -0.4858213430116143 1.8354980644088557
    endloop
  endfacet
  facet normal -0.8498394959552122 -0.1690435860331862 0.4991964514453518
    outer loop
      vertex -3.6901794642301256 -0.4858213430116143 1.8354980644088557
      vertex -3.3330225850349873 -0.8930807100148178 2.3056164670313493
      vertex -3.4210785391992062 -0.4503935341282152 2.3056164670313493
    endloop
  endfacet
  facet normal -0.7787267522465109 -0.1548983818312255 0.6079400765220774
    outer loop
      vertex -3.3330225850349873 -0.8930807100148178 2.3056164670313493
      vertex -3.0138191721960035 -0.8075504133233539 2.736285132665286
      vertex -3.4210785391992062 -0.4503935341282152 2.3056164670313493
    endloop
  endfacet
  facet normal -0.864633616861439 -0.05667108131556326 0.49919645144535146
    outer loop
      vertex -3.4210785391992062 -0.4503935341282152 2.3056164670313493
      vertex -3.450598891055563 0 2.3056164670313493
      vertex -3.7220218773606564 0 1.8354980644088557
    endloop
  endfacet
  facet normal -0.7922829328905973 -0.051928966951063284 0.6079400765220769
    outer loop
      vertex -3.4210785391992062 -0.4503935341282152 2.3056164670313493
      vertex -3.093442011860425 -0.40725936700320353 2.736285132665286
      vertex -3.450598891055563 0 2.3056164670313493
    endloop
  endfacet
  facet normal -0.792282932890597 -0.051928966951062625 0.6079400765220774
    outer loop
      vertex -3.093442011860425 -0.40725936700320353 2.736285132665286
      vertex -3.120135201037757 0 2.736285132665286
      vertex -3.450598891055563 0 2.3056164670313493
    endloop
  endfacet
  facet normal -0.2552174424523132 -0.7518463409676426 0.6079400765220758
    outer loop
      vertex -1.1033872031207204 -3.261633150283567 2.3056164670313493
      vertex -0.8930807100148178 -3.3330225850349873 2.3056164670313493
      vertex -1.0125766875837785 -3.255362580088358 2.351494233372602
    endloop
  endfacet
  facet normal -0.2785237081260471 -0.8205043856531687 0.4991964514453531
    outer loop
      vertex -1.1033872031207204 -3.261633150283567 2.3056164670313493
      vertex -0.9059548564969638 -3.3810695538104407 2.219460999599158
      vertex -0.8930807100148178 -3.3330225850349873 2.3056164670313493
    endloop
  endfacet
  facet normal -0.16904358603318564 -0.8498394959552117 0.49919645144535324
    outer loop
      vertex -0.9059548564969638 -3.3810695538104407 2.219460999599158
      vertex -0.787840565060497 -3.3539561514112295 2.3056164670313493
      vertex -0.8930807100148178 -3.3330225850349873 2.3056164670313493
    endloop
  endfacet
  facet normal -0.15489838183122526 -0.7787267522465112 0.6079400765220769
    outer loop
      vertex -0.8930807100148178 -3.3330225850349873 2.3056164670313493
      vertex -0.787840565060497 -3.3539561514112295 2.3056164670313493
      vertex -0.8019257455056272 -3.335276489081282 2.325954953665173
    endloop
  endfacet
  facet normal -0.15489838183122492 -0.7787267522465109 0.6079400765220775
    outer loop
      vertex -0.8019257455056272 -3.335276489081282 2.325954953665173
      vertex -0.6722068270162983 -3.37695713199456 2.3056164670313493
      vertex -0.8075504133233539 -3.0138191721960035 2.736285132665286
    endloop
  endfacet
  facet normal -0.15489838183122592 -0.7787267522465109 0.607940076522077
    outer loop
      vertex -0.6722068270162983 -3.37695713199456 2.3056164670313493
      vertex -0.4503935341282152 -3.4210785391992062 2.3056164670313493
      vertex -0.8075504133233539 -3.0138191721960035 2.736285132665286
    endloop
  endfacet
  facet normal -0.056671081315562616 -0.8646336168614388 0.4991964514453518
    outer loop
      vertex -0.460693125331224 -3.499311701438848 2.168943398144719
      vertex -0.3625883747238926 -3.460498028211227 2.2473079555295374
      vertex -0.4503935341282152 -3.4210785391992062 2.3056164670313493
    endloop
  endfacet
  facet normal -0.16904358603318687 -0.8498394959552122 0.49919645144535185
    outer loop
      vertex -0.460693125331224 -3.499311701438848 2.168943398144719
      vertex -0.4503935341282152 -3.4210785391992062 2.3056164670313493
      vertex -0.5872716384514731 -3.402355077893933 2.291140345125645
    endloop
  endfacet
  facet normal -0.1690435860331868 -0.8498394959552132 0.49919645144534974
    outer loop
      vertex -0.6722068270162983 -3.37695713199456 2.3056164670313493
      vertex -0.5872716384514731 -3.402355077893933 2.291140345125645
      vertex -0.4503935341282152 -3.4210785391992062 2.3056164670313493
    endloop
  endfacet
  facet normal -0.056671081315563254 -0.8646336168614392 0.499196451445351
    outer loop
      vertex -0.3625883747238926 -3.460498028211227 2.2473079555295374
      vertex 0 -3.450598891055563 2.3056164670313493
      vertex -0.4503935341282152 -3.4210785391992062 2.3056164670313493
    endloop
  endfacet
  facet normal -0.051928966951063284 -0.7922829328905973 0.6079400765220769
    outer loop
      vertex -0.4503935341282152 -3.4210785391992062 2.3056164670313493
      vertex 0 -3.450598891055563 2.3056164670313493
      vertex -0.40725936700320353 -3.093442011860425 2.736285132665286
    endloop
  endfacet
  facet normal -0.6514607996199842 -0.5713157878291664 0.4991964514453502
    outer loop
      vertex -2.475114697313479 -2.475114697313479 2.2194609995991526
      vertex -2.43994187502017 -2.43994187502017 2.3056164670313493
      vertex -2.510690947770969 -2.3592680191798863 2.3056164670313493
    endloop
  endfacet
  facet normal -0.7771302178258119 -0.383238212351501 0.499196451445352
    outer loop
      vertex -3.074898699353343 -1.7752935918024826 2.132431664173724
      vertex -2.98830629792453 -1.7252994455277815 2.3056164670313493
      vertex -3.068898515203465 -1.7532747570942255 2.1586766088825895
    endloop
  endfacet
  facet normal -0.7204591365102422 -0.4813954045099355 0.4991964514453521
    outer loop
      vertex -3.074898699353343 -1.7752935918024826 2.132431664173724
      vertex -3.05203888563379 -1.774801588471356 2.16589826784731
      vertex -2.98830629792453 -1.7252994455277815 2.3056164670313493
    endloop
  endfacet
  facet normal -0.7204591365102455 -0.4813954045099306 0.4991964514453519
    outer loop
      vertex -2.815585014814938 -2.0442597577334127 2.2473079555295365
      vertex -2.98830629792453 -1.7252994455277815 2.3056164670313493
      vertex -3.05203888563379 -1.774801588471356 2.16589826784731
    endloop
  endfacet
  facet normal -0.7204591365102475 -0.4813954045099312 0.49919645144534863
    outer loop
      vertex -2.815585014814938 -2.0442597577334127 2.2473079555295365
      vertex -2.7375441562241627 -2.1005915118548915 2.3056164670313493
      vertex -2.98830629792453 -1.7252994455277815 2.3056164670313493
    endloop
  endfacet
  facet normal -0.7204591365102475 -0.48139540450992724 0.4991964514453524
    outer loop
      vertex -2.8001462665405814 -2.1486278006051154 2.168943398144711
      vertex -2.7375441562241627 -2.1005915118548915 2.3056164670313493
      vertex -2.815585014814938 -2.0442597577334127 2.2473079555295365
    endloop
  endfacet
  facet normal -0.651460799619984 -0.5713157878291645 0.49919645144535246
    outer loop
      vertex -2.8001462665405814 -2.1486278006051154 2.168943398144711
      vertex -2.6528901109253815 -2.209769696768063 2.291140345125648
      vertex -2.7375441562241627 -2.1005915118548915 2.3056164670313493
    endloop
  endfacet
  facet normal -0.651460799619979 -0.5713157878291618 0.4991964514453622
    outer loop
      vertex -2.5884272502901817 -2.2706267547907246 2.3056164670313493
      vertex -2.7375441562241627 -2.1005915118548915 2.3056164670313493
      vertex -2.6528901109253815 -2.209769696768063 2.291140345125648
    endloop
  endfacet
  facet normal -0.5969479591364191 -0.523509309794201 0.6079400765220724
    outer loop
      vertex -2.510690947770969 -2.3592680191798863 2.3056164670313493
      vertex -2.43994187502017 -2.43994187502017 2.3056164670313493
      vertex -2.487471295436556 -2.3621263120972826 2.325954953665172
    endloop
  endfacet
  facet normal -0.5969479591364137 -0.5235093097941995 0.607940076522079
    outer loop
      vertex -2.487471295436556 -2.3621263120972826 2.325954953665172
      vertex -2.43994187502017 -2.43994187502017 2.3056164670313493
      vertex -2.475369683903569 -1.8994179636841568 2.736285132665286
    endloop
  endfacet
  facet normal -0.5969479591364163 -0.5235093097941985 0.6079400765220775
    outer loop
      vertex -2.5884272502901817 -2.2706267547907246 2.3056164670313493
      vertex -2.475369683903569 -1.8994179636841568 2.736285132665286
      vertex -2.7375441562241627 -2.1005915118548915 2.3056164670313493
    endloop
  endfacet
  facet normal -0.5969479591364175 -0.5235093097941976 0.607940076522077
    outer loop
      vertex -2.5884272502901817 -2.2706267547907246 2.3056164670313493
      vertex -2.487471295436556 -2.3621263120972826 2.325954953665172
      vertex -2.475369683903569 -1.8994179636841568 2.736285132665286
    endloop
  endfacet
  facet normal -0.6601726633925673 -0.4411132710172011 0.6079400765220774
    outer loop
      vertex -2.7375441562241627 -2.1005915118548915 2.3056164670313493
      vertex -2.475369683903569 -1.8994179636841568 2.736285132665286
      vertex -2.98830629792453 -1.7252994455277815 2.3056164670313493
    endloop
  endfacet
  facet normal -0.6601726633925673 -0.44111327101720094 0.6079400765220776
    outer loop
      vertex -2.98830629792453 -1.7252994455277815 2.3056164670313493
      vertex -2.475369683903569 -1.8994179636841568 2.736285132665286
      vertex -2.702116347340764 -1.5600676005188785 2.736285132665286
    endloop
  endfacet
  facet normal -0.5713157878291665 -0.651460799619984 0.49919645144535013
    outer loop
      vertex -2.475114697313479 -2.475114697313479 2.2194609995991526
      vertex -2.272963564410667 -2.5863779232549975 2.3056164670313493
      vertex -2.43994187502017 -2.43994187502017 2.3056164670313493
    endloop
  endfacet
  facet normal -0.5235093097941983 -0.5969479591364155 0.6079400765220785
    outer loop
      vertex -2.3129383490938764 -2.5045984247716353 2.351494233372603
      vertex -2.43994187502017 -2.43994187502017 2.3056164670313493
      vertex -2.272963564410667 -2.5863779232549975 2.3056164670313493
    endloop
  endfacet
  facet normal -0.5713157878291698 -0.6514607996199822 0.49919645144534874
    outer loop
      vertex -2.1138672601085795 -2.754845448191821 2.2678442472615714
      vertex -2.1005915118548915 -2.7375441562241627 2.3056164670313493
      vertex -2.1319891171275978 -2.7100091954056618 2.3056164670313493
    endloop
  endfacet
  facet normal -0.5235093097942024 -0.5969479591364151 0.6079400765220753
    outer loop
      vertex -2.1319891171275978 -2.7100091954056618 2.3056164670313493
      vertex -2.1005915118548915 -2.7375441562241627 2.3056164670313493
      vertex -2.0683393883588956 -2.6909557043725396 2.379135502688007
    endloop
  endfacet
  facet normal -0.523509309794199 -0.5969479591364157 0.6079400765220777
    outer loop
      vertex -2.3129383490938764 -2.5045984247716353 2.351494233372603
      vertex -2.0683393883588956 -2.6909557043725396 2.379135502688007
      vertex -2.2062687588726497 -2.2062687588726497 2.736285132665286
    endloop
  endfacet
  facet normal -0.48139540450993107 -0.7204591365102477 0.49919645144534847
    outer loop
      vertex -2.1138672601085795 -2.754845448191821 2.2678442472615714
      vertex -1.825720905404573 -2.921206823646188 2.3056164670313493
      vertex -2.1005915118548915 -2.7375441562241627 2.3056164670313493
    endloop
  endfacet
  facet normal -0.4411132710172023 -0.6601726633925692 0.6079400765220745
    outer loop
      vertex -2.1005915118548915 -2.7375441562241627 2.3056164670313493
      vertex -1.825720905404573 -2.921206823646188 2.3056164670313493
      vertex -2.050397608180036 -2.7026354430829214 2.379944475514859
    endloop
  endfacet
  facet normal -0.4411132710172165 -0.6601726633925565 0.6079400765220779
    outer loop
      vertex -2.1005915118548915 -2.7375441562241627 2.3056164670313493
      vertex -2.050397608180036 -2.7026354430829214 2.379944475514859
      vertex -1.8994179636841568 -2.475369683903569 2.736285132665286
    endloop
  endfacet
  facet normal -0.5235093097941351 -0.596947959136469 0.6079400765220804
    outer loop
      vertex -2.1005915118548915 -2.7375441562241627 2.3056164670313493
      vertex -1.8994179636841568 -2.475369683903569 2.736285132665286
      vertex -2.0683393883588956 -2.6909557043725396 2.379135502688007
    endloop
  endfacet
  facet normal -0.44111327101720077 -0.6601726633925669 0.607940076522078
    outer loop
      vertex -2.050397608180036 -2.7026354430829214 2.379944475514859
      vertex -1.691890685756494 -2.930440628582797 2.392694753849547
      vertex -1.8994179636841568 -2.475369683903569 2.736285132665286
    endloop
  endfacet
  facet normal -0.5235093097941986 -0.5969479591364159 0.6079400765220779
    outer loop
      vertex -2.2062687588726497 -2.2062687588726497 2.736285132665286
      vertex -2.0683393883588956 -2.6909557043725396 2.379135502688007
      vertex -1.8994179636841568 -2.475369683903569 2.736285132665286
    endloop
  endfacet
  facet normal -0.5235093097941984 -0.5969479591364162 0.6079400765220777
    outer loop
      vertex -2.3129383490938764 -2.5045984247716353 2.351494233372603
      vertex -2.2062687588726497 -2.2062687588726497 2.736285132665286
      vertex -2.43994187502017 -2.43994187502017 2.3056164670313493
    endloop
  endfacet
  facet normal -0.5969479591364159 -0.5235093097941986 0.6079400765220778
    outer loop
      vertex -2.43994187502017 -2.43994187502017 2.3056164670313493
      vertex -2.2062687588726497 -2.2062687588726497 2.736285132665286
      vertex -2.475369683903569 -1.8994179636841568 2.736285132665286
    endloop
  endfacet
  facet normal -0.5322004619635771 -0.4667272787359289 0.7063485793639779
    outer loop
      vertex -2.2062687588726497 -2.2062687588726497 2.736285132665286
      vertex -2.17084094998925 -1.6657448475366363 3.120135201037757
      vertex -2.475369683903569 -1.8994179636841568 2.736285132665286
    endloop
  endfacet
  facet normal -0.5885675477331841 -0.3932682623678606 0.7063485793639779
    outer loop
      vertex -2.475369683903569 -1.8994179636841568 2.736285132665286
      vertex -2.17084094998925 -1.6657448475366363 3.120135201037757
      vertex -2.3696924368858103 -1.368142566332643 3.120135201037757
    endloop
  endfacet
  facet normal -0.5322004619635774 -0.46672727873592884 0.7063485793639778
    outer loop
      vertex -2.2062687588726497 -2.2062687588726497 2.736285132665286
      vertex -1.9348457725675556 -1.9348457725675556 3.120135201037757
      vertex -2.17084094998925 -1.6657448475366363 3.120135201037757
    endloop
  endfacet
  facet normal -0.466727278735929 -0.5322004619635771 0.7063485793639777
    outer loop
      vertex -2.2062687588726497 -2.2062687588726497 2.736285132665286
      vertex -1.8994179636841568 -2.475369683903569 2.736285132665286
      vertex -1.9348457725675556 -1.9348457725675556 3.120135201037757
    endloop
  endfacet
  facet normal -0.46672727873592856 -0.5322004619635772 0.7063485793639779
    outer loop
      vertex -1.8994179636841568 -2.475369683903569 2.736285132665286
      vertex -1.6657448475366363 -2.17084094998925 3.120135201037757
      vertex -1.9348457725675556 -1.9348457725675556 3.120135201037757
    endloop
  endfacet
  facet normal -0.45830845316019597 -0.4019257262121098 0.7927225696110695
    outer loop
      vertex -2.17084094998925 -1.6657448475366363 3.120135201037757
      vertex -1.9348457725675556 -1.9348457725675556 3.120135201037757
      vertex -1.8291685255497974 -1.403570375216042 3.450598891055563
    endloop
  endfacet
  facet normal -0.4019257262121097 -0.4583084531601958 0.7927225696110693
    outer loop
      vertex -1.6657448475366363 -2.17084094998925 3.120135201037757
      vertex -1.630317038653237 -1.630317038653237 3.450598891055563
      vertex -1.9348457725675556 -1.9348457725675556 3.120135201037757
    endloop
  endfacet
  facet normal -0.45830845316019575 -0.4019257262121099 0.7927225696110695
    outer loop
      vertex -1.9348457725675556 -1.9348457725675556 3.120135201037757
      vertex -1.630317038653237 -1.630317038653237 3.450598891055563
      vertex -1.8291685255497974 -1.403570375216042 3.450598891055563
    endloop
  endfacet
  facet normal -0.7771302178258087 -0.3832382123515082 0.4991964514453516
    outer loop
      vertex -3.068898515203465 -1.7532747570942255 2.1586766088825895
      vertex -2.98830629792453 -1.7252994455277815 2.3056164670313493
      vertex -3.1879376903523777 -1.3204870273443152 2.3056164670313493
    endloop
  endfacet
  facet normal -0.71210163034363 -0.3511696618733952 0.6079400765220775
    outer loop
      vertex -3.1879376903523777 -1.3204870273443152 2.3056164670313493
      vertex -2.98830629792453 -1.7252994455277815 2.3056164670313493
      vertex -2.702116347340764 -1.5600676005188785 2.736285132665286
    endloop
  endfacet
  facet normal -0.751846340967642 -0.2552174424523122 0.6079400765220769
    outer loop
      vertex -3.1879376903523777 -1.3204870273443152 2.3056164670313493
      vertex -2.8826290509067727 -1.1940240481762683 2.736285132665286
      vertex -3.3330225850349873 -0.8930807100148178 2.3056164670313493
    endloop
  endfacet
  facet normal -0.7121016303436299 -0.3511696618733963 0.6079400765220769
    outer loop
      vertex -3.1879376903523777 -1.3204870273443152 2.3056164670313493
      vertex -2.702116347340764 -1.5600676005188785 2.736285132665286
      vertex -2.8826290509067727 -1.1940240481762683 2.736285132665286
    endloop
  endfacet
  facet normal -0.751846340967642 -0.2552174424523114 0.6079400765220773
    outer loop
      vertex -3.3330225850349873 -0.8930807100148178 2.3056164670313493
      vertex -2.8826290509067727 -1.1940240481762683 2.736285132665286
      vertex -3.0138191721960035 -0.8075504133233539 2.736285132665286
    endloop
  endfacet
  facet normal -0.6702979110062838 -0.22753548059830678 0.7063485793639779
    outer loop
      vertex -3.0138191721960035 -0.8075504133233539 2.736285132665286
      vertex -2.8826290509067727 -1.1940240481762683 2.736285132665286
      vertex -2.643048477732209 -0.7082027051646536 3.120135201037757
    endloop
  endfacet
  facet normal -0.6348640795793229 -0.3130803169961175 0.7063485793639778
    outer loop
      vertex -2.702116347340764 -1.5600676005188785 2.736285132665286
      vertex -2.5279978291843888 -1.0471309864979166 3.120135201037757
      vertex -2.8826290509067727 -1.1940240481762683 2.736285132665286
    endloop
  endfacet
  facet normal -0.5885675477331841 -0.39326826236786044 0.7063485793639778
    outer loop
      vertex -2.702116347340764 -1.5600676005188785 2.736285132665286
      vertex -2.475369683903569 -1.8994179636841568 2.736285132665286
      vertex -2.3696924368858103 -1.368142566332643 3.120135201037757
    endloop
  endfacet
  facet normal -0.6348640795793229 -0.3130803169961175 0.7063485793639779
    outer loop
      vertex -2.702116347340764 -1.5600676005188785 2.736285132665286
      vertex -2.3696924368858103 -1.368142566332643 3.120135201037757
      vertex -2.5279978291843888 -1.0471309864979166 3.120135201037757
    endloop
  endfacet
  facet normal -0.6702979110062837 -0.2275354805983069 0.7063485793639779
    outer loop
      vertex -2.8826290509067727 -1.1940240481762683 2.736285132665286
      vertex -2.5279978291843888 -1.0471309864979166 3.120135201037757
      vertex -2.643048477732209 -0.7082027051646536 3.120135201037757
    endloop
  endfacet
  facet normal -0.778726752246511 -0.15489838183122628 0.6079400765220769
    outer loop
      vertex -3.4210785391992062 -0.4503935341282152 2.3056164670313493
      vertex -3.0138191721960035 -0.8075504133233539 2.736285132665286
      vertex -3.093442011860425 -0.40725936700320353 2.736285132665286
    endloop
  endfacet
  facet normal -0.694262759334236 -0.13809744904270696 0.7063485793639779
    outer loop
      vertex -3.0138191721960035 -0.8075504133233539 2.736285132665286
      vertex -2.712875834034553 -0.35715687919513844 3.120135201037757
      vertex -3.093442011860425 -0.40725936700320353 2.736285132665286
    endloop
  endfacet
  facet normal -0.7063485793639779 -0.04629653184613914 0.7063485793639779
    outer loop
      vertex -3.093442011860425 -0.40725936700320353 2.736285132665286
      vertex -2.712875834034553 -0.35715687919513844 3.120135201037757
      vertex -3.120135201037757 0 2.736285132665286
    endloop
  endfacet
  facet normal -0.7063485793639779 -0.04629653184613914 0.7063485793639779
    outer loop
      vertex -2.712875834034553 -0.35715687919513844 3.120135201037757
      vertex -2.736285132665286 0 3.120135201037757
      vertex -3.120135201037757 0 2.736285132665286
    endloop
  endfacet
  facet normal -0.6942627593342361 -0.13809744904270668 0.7063485793639778
    outer loop
      vertex -3.0138191721960035 -0.8075504133233539 2.736285132665286
      vertex -2.643048477732209 -0.7082027051646536 3.120135201037757
      vertex -2.712875834034553 -0.35715687919513844 3.120135201037757
    endloop
  endfacet
  facet normal -0.5772321159142944 -0.19594390009982487 0.792722569611069
    outer loop
      vertex -2.5279978291843888 -1.0471309864979166 3.120135201037757
      vertex -2.2270544910229386 -0.5967374523697013 3.450598891055563
      vertex -2.643048477732209 -0.7082027051646536 3.120135201037757
    endloop
  endfacet
  facet normal -0.5978696263119349 -0.1189236627540985 0.7927225696110695
    outer loop
      vertex -2.643048477732209 -0.7082027051646536 3.120135201037757
      vertex -2.2858915985370705 -0.3009433381614501 3.450598891055563
      vertex -2.712875834034553 -0.35715687919513844 3.120135201037757
    endloop
  endfacet
  facet normal -0.6082774216426023 -0.03986860856678082 0.7927225696110693
    outer loop
      vertex -2.712875834034553 -0.35715687919513844 3.120135201037757
      vertex -2.3056164670313493 0 3.450598891055563
      vertex -2.736285132665286 0 3.120135201037757
    endloop
  endfacet
  facet normal -0.5068493954076015 -0.3386659386536711 0.7927225696110695
    outer loop
      vertex -2.17084094998925 -1.6657448475366363 3.120135201037757
      vertex -1.996722431832875 -1.1528082335156746 3.450598891055563
      vertex -2.3696924368858103 -1.368142566332643 3.120135201037757
    endloop
  endfacet
  facet normal -0.5467180039743822 -0.2696114829889314 0.7927225696110692
    outer loop
      vertex -2.3696924368858103 -1.368142566332643 3.120135201037757
      vertex -2.1301118637112477 -0.8823212233210286 3.450598891055563
      vertex -2.5279978291843888 -1.0471309864979166 3.120135201037757
    endloop
  endfacet
  facet normal -0.5772321159142942 -0.19594390009982507 0.7927225696110692
    outer loop
      vertex -2.5279978291843888 -1.0471309864979166 3.120135201037757
      vertex -2.1301118637112477 -0.8823212233210286 3.450598891055563
      vertex -2.2270544910229386 -0.5967374523697013 3.450598891055563
    endloop
  endfacet
  facet normal -0.546718003974382 -0.2696114829889316 0.7927225696110692
    outer loop
      vertex -2.3696924368858103 -1.368142566332643 3.120135201037757
      vertex -1.996722431832875 -1.1528082335156746 3.450598891055563
      vertex -2.1301118637112477 -0.8823212233210286 3.450598891055563
    endloop
  endfacet
  facet normal -0.5068493954076017 -0.33866593865367106 0.7927225696110693
    outer loop
      vertex -2.17084094998925 -1.6657448475366363 3.120135201037757
      vertex -1.8291685255497974 -1.403570375216042 3.450598891055563
      vertex -1.996722431832875 -1.1528082335156746 3.450598891055563
    endloop
  endfacet
  facet normal -0.4491574378359411 -0.2214999360367348 0.865560728298353
    outer loop
      vertex -2.1301118637112477 -0.8823212233210286 3.450598891055563
      vertex -1.996722431832875 -1.1528082335156746 3.450598891055563
      vertex -1.6957790936714252 -0.7024146993874595 3.7220218773606564
    endloop
  endfacet
  facet normal -0.4164032904624112 -0.2782317834462878 0.8655607282983527
    outer loop
      vertex -1.996722431832875 -1.1528082335156746 3.450598891055563
      vertex -1.8291685255497974 -1.403570375216042 3.450598891055563
      vertex -1.5895879523752348 -0.9177490322044278 3.7220218773606564
    endloop
  endfacet
  facet normal -0.4491574378359417 -0.22149993603673432 0.8655607282983528
    outer loop
      vertex -1.996722431832875 -1.1528082335156746 3.450598891055563
      vertex -1.5895879523752348 -0.9177490322044278 3.7220218773606564
      vertex -1.6957790936714252 -0.7024146993874595 3.7220218773606564
    endloop
  endfacet
  facet normal -0.5978696263119353 -0.11892366275409787 0.7927225696110691
    outer loop
      vertex -2.643048477732209 -0.7082027051646536 3.120135201037757
      vertex -2.2270544910229386 -0.5967374523697013 3.450598891055563
      vertex -2.2858915985370705 -0.3009433381614501 3.450598891055563
    endloop
  endfacet
  facet normal -0.6082774216426021 -0.03986860856678108 0.7927225696110696
    outer loop
      vertex -2.712875834034553 -0.35715687919513844 3.120135201037757
      vertex -2.2858915985370705 -0.3009433381614501 3.450598891055563
      vertex -2.3056164670313493 0 3.450598891055563
    endloop
  endfacet
  facet normal -0.4911811712108598 -0.09770200957786468 0.8655607282983527
    outer loop
      vertex -2.2270544910229386 -0.5967374523697013 3.450598891055563
      vertex -1.8197951240197352 -0.2395805731745629 3.7220218773606564
      vertex -2.2858915985370705 -0.3009433381614501 3.450598891055563
    endloop
  endfacet
  facet normal -0.4997317194830223 -0.03275414737353074 0.8655607282983528
    outer loop
      vertex -2.2858915985370705 -0.3009433381614501 3.450598891055563
      vertex -1.8354980644088557 0 3.7220218773606564
      vertex -2.3056164670313493 0 3.450598891055563
    endloop
  endfacet
  facet normal -0.47422637691813063 -0.160978163310208 0.8655607282983528
    outer loop
      vertex -2.1301118637112477 -0.8823212233210286 3.450598891055563
      vertex -1.7729549845161094 -0.4750618563178251 3.7220218773606564
      vertex -2.2270544910229386 -0.5967374523697013 3.450598891055563
    endloop
  endfacet
  facet normal -0.4911811712108596 -0.09770200957786501 0.8655607282983528
    outer loop
      vertex -2.2270544910229386 -0.5967374523697013 3.450598891055563
      vertex -1.7729549845161094 -0.4750618563178251 3.7220218773606564
      vertex -1.8197951240197352 -0.2395805731745629 3.7220218773606564
    endloop
  endfacet
  facet normal -0.4742263769181305 -0.16097816331020812 0.865560728298353
    outer loop
      vertex -2.1301118637112477 -0.8823212233210286 3.450598891055563
      vertex -1.6957790936714252 -0.7024146993874595 3.7220218773606564
      vertex -1.7729549845161094 -0.4750618563178251 3.7220218773606564
    endloop
  endfacet
  facet normal -0.49973171948302253 -0.03275414737353055 0.8655607282983528
    outer loop
      vertex -2.2858915985370705 -0.3009433381614501 3.450598891055563
      vertex -1.8197951240197352 -0.2395805731745629 3.7220218773606564
      vertex -1.8354980644088557 0 3.7220218773606564
    endloop
  endfacet
  facet normal -0.3832382123515091 -0.7771302178258115 0.4991964514453468
    outer loop
      vertex -1.61697886628374 -3.0417240961237906 2.3056164670313493
      vertex -1.3288325115797541 -3.208085471578145 2.267844247261576
      vertex -1.3204870273443152 -3.1879376903523777 2.3056164670313493
    endloop
  endfacet
  facet normal -0.3511696618733954 -0.7121016303436312 0.607940076522076
    outer loop
      vertex -1.61697886628374 -3.0417240961237906 2.3056164670313493
      vertex -1.3204870273443152 -3.1879376903523777 2.3056164670313493
      vertex -1.3153521467879519 -3.12701413808425 2.3799444755148573
    endloop
  endfacet
  facet normal -0.35116966187339466 -0.7121016303436297 0.6079400765220782
    outer loop
      vertex -1.3153521467879519 -3.12701413808425 2.3799444755148573
      vertex -1.5600676005188785 -2.702116347340764 2.736285132665286
      vertex -1.691890685756494 -2.930440628582797 2.392694753849547
    endloop
  endfacet
  facet normal -0.2785237081260518 -0.8205043856531709 0.49919645144534686
    outer loop
      vertex -1.3288325115797541 -3.208085471578145 2.267844247261576
      vertex -1.2809422491469353 -3.201361333727286 2.3056164670313493
      vertex -1.3204870273443152 -3.1879376903523777 2.3056164670313493
    endloop
  endfacet
  facet normal -0.2552174424523163 -0.7518463409676411 0.6079400765220765
    outer loop
      vertex -1.3204870273443152 -3.1879376903523777 2.3056164670313493
      vertex -1.2809422491469353 -3.201361333727286 2.3056164670313493
      vertex -1.2962663062658273 -3.1367123061530373 2.379135502688008
    endloop
  endfacet
  facet normal -0.35116966187338977 -0.7121016303436328 0.6079400765220772
    outer loop
      vertex -1.3204870273443152 -3.1879376903523777 2.3056164670313493
      vertex -1.1940240481762683 -2.8826290509067727 2.736285132665286
      vertex -1.3153521467879519 -3.12701413808425 2.3799444755148573
    endloop
  endfacet
  facet normal -0.2552174424523425 -0.7518463409676313 0.6079400765220777
    outer loop
      vertex -1.3204870273443152 -3.1879376903523777 2.3056164670313493
      vertex -1.2962663062658273 -3.1367123061530373 2.379135502688008
      vertex -1.1940240481762683 -2.8826290509067727 2.736285132665286
    endloop
  endfacet
  facet normal -0.2552174424523118 -0.751846340967642 0.6079400765220772
    outer loop
      vertex -1.2962663062658273 -3.1367123061530373 2.379135502688008
      vertex -1.0125766875837785 -3.255362580088358 2.351494233372602
      vertex -1.1940240481762683 -2.8826290509067727 2.736285132665286
    endloop
  endfacet
  facet normal -0.2552174424523124 -0.7518463409676421 0.6079400765220768
    outer loop
      vertex -1.0125766875837785 -3.255362580088358 2.351494233372602
      vertex -0.8930807100148178 -3.3330225850349873 2.3056164670313493
      vertex -1.1940240481762683 -2.8826290509067727 2.736285132665286
    endloop
  endfacet
  facet normal -0.44111327101720066 -0.660172663392567 0.6079400765220782
    outer loop
      vertex -1.691890685756494 -2.930440628582797 2.392694753849547
      vertex -1.5600676005188785 -2.702116347340764 2.736285132665286
      vertex -1.8994179636841568 -2.475369683903569 2.736285132665286
    endloop
  endfacet
  facet normal -0.39326826236786044 -0.5885675477331841 0.7063485793639779
    outer loop
      vertex -1.8994179636841568 -2.475369683903569 2.736285132665286
      vertex -1.5600676005188785 -2.702116347340764 2.736285132665286
      vertex -1.6657448475366363 -2.17084094998925 3.120135201037757
    endloop
  endfacet
  facet normal -0.3130803169961175 -0.6348640795793229 0.7063485793639778
    outer loop
      vertex -1.5600676005188785 -2.702116347340764 2.736285132665286
      vertex -1.1940240481762683 -2.8826290509067727 2.736285132665286
      vertex -1.368142566332643 -2.3696924368858103 3.120135201037757
    endloop
  endfacet
  facet normal -0.35116966187339616 -0.7121016303436298 0.6079400765220772
    outer loop
      vertex -1.3153521467879519 -3.12701413808425 2.3799444755148573
      vertex -1.1940240481762683 -2.8826290509067727 2.736285132665286
      vertex -1.5600676005188785 -2.702116347340764 2.736285132665286
    endloop
  endfacet
  facet normal -0.31308031699611755 -0.634864079579323 0.7063485793639778
    outer loop
      vertex -1.368142566332643 -2.3696924368858103 3.120135201037757
      vertex -1.1940240481762683 -2.8826290509067727 2.736285132665286
      vertex -1.0471309864979166 -2.5279978291843888 3.120135201037757
    endloop
  endfacet
  facet normal -0.22753548059830675 -0.6702979110062837 0.7063485793639779
    outer loop
      vertex -0.8075504133233539 -3.0138191721960035 2.736285132665286
      vertex -1.0471309864979166 -2.5279978291843888 3.120135201037757
      vertex -1.1940240481762683 -2.8826290509067727 2.736285132665286
    endloop
  endfacet
  facet normal -0.39326826236786055 -0.588567547733184 0.7063485793639779
    outer loop
      vertex -1.6657448475366363 -2.17084094998925 3.120135201037757
      vertex -1.5600676005188785 -2.702116347340764 2.736285132665286
      vertex -1.368142566332643 -2.3696924368858103 3.120135201037757
    endloop
  endfacet
  facet normal -0.1548983818312253 -0.7787267522465109 0.6079400765220774
    outer loop
      vertex -0.8930807100148178 -3.3330225850349873 2.3056164670313493
      vertex -0.8019257455056272 -3.335276489081282 2.325954953665173
      vertex -0.8075504133233539 -3.0138191721960035 2.736285132665286
    endloop
  endfacet
  facet normal -0.2552174424523114 -0.751846340967642 0.6079400765220773
    outer loop
      vertex -0.8930807100148178 -3.3330225850349873 2.3056164670313493
      vertex -0.8075504133233539 -3.0138191721960035 2.736285132665286
      vertex -1.1940240481762683 -2.8826290509067727 2.736285132665286
    endloop
  endfacet
  facet normal -0.138097449042707 -0.6942627593342361 0.7063485793639777
    outer loop
      vertex -0.8075504133233539 -3.0138191721960035 2.736285132665286
      vertex -0.40725936700320353 -3.093442011860425 2.736285132665286
      vertex -0.7082027051646536 -2.643048477732209 3.120135201037757
    endloop
  endfacet
  facet normal -0.22753548059830692 -0.6702979110062838 0.7063485793639778
    outer loop
      vertex -0.8075504133233539 -3.0138191721960035 2.736285132665286
      vertex -0.7082027051646536 -2.643048477732209 3.120135201037757
      vertex -1.0471309864979166 -2.5279978291843888 3.120135201037757
    endloop
  endfacet
  facet normal -0.15489838183122628 -0.778726752246511 0.6079400765220769
    outer loop
      vertex -0.4503935341282152 -3.4210785391992062 2.3056164670313493
      vertex -0.40725936700320353 -3.093442011860425 2.736285132665286
      vertex -0.8075504133233539 -3.0138191721960035 2.736285132665286
    endloop
  endfacet
  facet normal -0.13809744904270677 -0.694262759334236 0.7063485793639779
    outer loop
      vertex -0.40725936700320353 -3.093442011860425 2.736285132665286
      vertex -0.35715687919513844 -2.712875834034553 3.120135201037757
      vertex -0.7082027051646536 -2.643048477732209 3.120135201037757
    endloop
  endfacet
  facet normal -0.3386659386536711 -0.5068493954076015 0.7927225696110692
    outer loop
      vertex -1.6657448475366363 -2.17084094998925 3.120135201037757
      vertex -1.368142566332643 -2.3696924368858103 3.120135201037757
      vertex -1.403570375216042 -1.8291685255497974 3.450598891055563
    endloop
  endfacet
  facet normal -0.4019257262121099 -0.45830845316019575 0.7927225696110695
    outer loop
      vertex -1.6657448475366363 -2.17084094998925 3.120135201037757
      vertex -1.403570375216042 -1.8291685255497974 3.450598891055563
      vertex -1.630317038653237 -1.630317038653237 3.450598891055563
    endloop
  endfacet
  facet normal -0.2696114829889314 -0.5467180039743821 0.7927225696110693
    outer loop
      vertex -1.368142566332643 -2.3696924368858103 3.120135201037757
      vertex -1.0471309864979166 -2.5279978291843888 3.120135201037757
      vertex -1.1528082335156746 -1.996722431832875 3.450598891055563
    endloop
  endfacet
  facet normal -0.33866593865367106 -0.5068493954076017 0.7927225696110693
    outer loop
      vertex -1.368142566332643 -2.3696924368858103 3.120135201037757
      vertex -1.1528082335156746 -1.996722431832875 3.450598891055563
      vertex -1.403570375216042 -1.8291685255497974 3.450598891055563
    endloop
  endfacet
  facet normal -0.26961148298893167 -0.5467180039743821 0.7927225696110692
    outer loop
      vertex -1.0471309864979166 -2.5279978291843888 3.120135201037757
      vertex -0.8823212233210286 -2.1301118637112477 3.450598891055563
      vertex -1.1528082335156746 -1.996722431832875 3.450598891055563
    endloop
  endfacet
  facet normal -0.2782317834462878 -0.4164032904624112 0.8655607282983527
    outer loop
      vertex -1.1528082335156746 -1.996722431832875 3.450598891055563
      vertex -1.1173804246322758 -1.4561985204968624 3.7220218773606564
      vertex -1.403570375216042 -1.8291685255497974 3.450598891055563
    endloop
  endfacet
  facet normal -0.27823178344628785 -0.4164032904624112 0.8655607282983528
    outer loop
      vertex -1.1528082335156746 -1.996722431832875 3.450598891055563
      vertex -0.9177490322044278 -1.5895879523752348 3.7220218773606564
      vertex -1.1173804246322758 -1.4561985204968624 3.7220218773606564
    endloop
  endfacet
  facet normal -0.19594390009982485 -0.5772321159142942 0.7927225696110692
    outer loop
      vertex -1.0471309864979166 -2.5279978291843888 3.120135201037757
      vertex -0.7082027051646536 -2.643048477732209 3.120135201037757
      vertex -0.8823212233210286 -2.1301118637112477 3.450598891055563
    endloop
  endfacet
  facet normal -0.11892366275409856 -0.5978696263119352 0.7927225696110691
    outer loop
      vertex -0.7082027051646536 -2.643048477732209 3.120135201037757
      vertex -0.35715687919513844 -2.712875834034553 3.120135201037757
      vertex -0.5967374523697013 -2.2270544910229386 3.450598891055563
    endloop
  endfacet
  facet normal -0.19594390009982518 -0.5772321159142944 0.7927225696110692
    outer loop
      vertex -0.7082027051646536 -2.643048477732209 3.120135201037757
      vertex -0.5967374523697013 -2.2270544910229386 3.450598891055563
      vertex -0.8823212233210286 -2.1301118637112477 3.450598891055563
    endloop
  endfacet
  facet normal -0.16097816331020798 -0.4742263769181306 0.865560728298353
    outer loop
      vertex -0.8823212233210286 -2.1301118637112477 3.450598891055563
      vertex -0.5967374523697013 -2.2270544910229386 3.450598891055563
      vertex -0.7024146993874595 -1.6957790936714252 3.7220218773606564
    endloop
  endfacet
  facet normal -0.2214999360367349 -0.4491574378359413 0.8655607282983527
    outer loop
      vertex -1.1528082335156746 -1.996722431832875 3.450598891055563
      vertex -0.8823212233210286 -2.1301118637112477 3.450598891055563
      vertex -0.9177490322044278 -1.5895879523752348 3.7220218773606564
    endloop
  endfacet
  facet normal -0.09770200957786465 -0.49118117121085964 0.8655607282983528
    outer loop
      vertex -0.5967374523697013 -2.2270544910229386 3.450598891055563
      vertex -0.3009433381614501 -2.2858915985370705 3.450598891055563
      vertex -0.4750618563178251 -1.7729549845161094 3.7220218773606564
    endloop
  endfacet
  facet normal -0.11892366275409781 -0.597869626311935 0.7927225696110695
    outer loop
      vertex -0.35715687919513844 -2.712875834034553 3.120135201037757
      vertex -0.3009433381614501 -2.2858915985370705 3.450598891055563
      vertex -0.5967374523697013 -2.2270544910229386 3.450598891055563
    endloop
  endfacet
  facet normal -0.22149993603673418 -0.4491574378359414 0.8655607282983531
    outer loop
      vertex -0.8823212233210286 -2.1301118637112477 3.450598891055563
      vertex -0.7024146993874595 -1.6957790936714252 3.7220218773606564
      vertex -0.9177490322044278 -1.5895879523752348 3.7220218773606564
    endloop
  endfacet
  facet normal -0.16097816331020817 -0.4742263769181307 0.865560728298353
    outer loop
      vertex -0.5967374523697013 -2.2270544910229386 3.450598891055563
      vertex -0.4750618563178251 -1.7729549845161094 3.7220218773606564
      vertex -0.7024146993874595 -1.6957790936714252 3.7220218773606564
    endloop
  endfacet
  facet normal -0.09770200957786504 -0.4911811712108597 0.8655607282983527
    outer loop
      vertex -0.4750618563178251 -1.7729549845161094 3.7220218773606564
      vertex -0.3009433381614501 -2.2858915985370705 3.450598891055563
      vertex -0.2395805731745629 -1.8197951240197352 3.7220218773606564
    endloop
  endfacet
  facet normal -0.07479450127748731 -0.3760173500661698 0.9235890509462894
    outer loop
      vertex -0.4750618563178251 -1.7729549845161094 3.7220218773606564
      vertex -0.2395805731745629 -1.8197951240197352 3.7220218773606564
      vertex -0.34525782019232093 -1.2885197266682216 3.929760037404689
    endloop
  endfacet
  facet normal -0.3765243673402658 -0.33020300790065155 0.8655607282983527
    outer loop
      vertex -1.8291685255497974 -1.403570375216042 3.450598891055563
      vertex -1.630317038653237 -1.630317038653237 3.450598891055563
      vertex -1.4561985204968624 -1.1173804246322758 3.7220218773606564
    endloop
  endfacet
  facet normal -0.33020300790065166 -0.37652436734026584 0.8655607282983527
    outer loop
      vertex -1.630317038653237 -1.630317038653237 3.450598891055563
      vertex -1.403570375216042 -1.8291685255497974 3.450598891055563
      vertex -1.2978931281982844 -1.2978931281982844 3.7220218773606564
    endloop
  endfacet
  facet normal -0.37652436734026595 -0.33020300790065155 0.8655607282983527
    outer loop
      vertex -1.630317038653237 -1.630317038653237 3.450598891055563
      vertex -1.2978931281982844 -1.2978931281982844 3.7220218773606564
      vertex -1.4561985204968624 -1.1173804246322758 3.7220218773606564
    endloop
  endfacet
  facet normal -0.41640329046241126 -0.27823178344628785 0.8655607282983527
    outer loop
      vertex -1.8291685255497974 -1.403570375216042 3.450598891055563
      vertex -1.4561985204968624 -1.1173804246322758 3.7220218773606564
      vertex -1.5895879523752348 -0.9177490322044278 3.7220218773606564
    endloop
  endfacet
  facet normal -0.31877211712436193 -0.21299671902680714 0.9235890509462893
    outer loop
      vertex -1.4561985204968624 -1.1173804246322758 3.7220218773606564
      vertex -1.155255182335412 -0.6669868905040603 3.929760037404689
      vertex -1.5895879523752348 -0.9177490322044278 3.7220218773606564
    endloop
  endfacet
  facet normal -0.3302030079006515 -0.3765243673402659 0.8655607282983527
    outer loop
      vertex -1.403570375216042 -1.8291685255497974 3.450598891055563
      vertex -1.1173804246322758 -1.4561985204968624 3.7220218773606564
      vertex -1.2978931281982844 -1.2978931281982844 3.7220218773606564
    endloop
  endfacet
  facet normal -0.25278261320277645 -0.2882433267822657 0.9235890509462895
    outer loop
      vertex -1.2978931281982844 -1.2978931281982844 3.7220218773606564
      vertex -1.1173804246322758 -1.4561985204968624 3.7220218773606564
      vertex -0.9432619064759007 -0.9432619064759007 3.929760037404689
    endloop
  endfacet
  facet normal -0.2882433267822657 -0.25278261320277645 0.9235890509462895
    outer loop
      vertex -1.4561985204968624 -1.1173804246322758 3.7220218773606564
      vertex -1.2978931281982844 -1.2978931281982844 3.7220218773606564
      vertex -1.0583125550237211 -0.8120717851866698 3.929760037404689
    endloop
  endfacet
  facet normal -0.31877211712436176 -0.2129967190268073 0.9235890509462893
    outer loop
      vertex -1.4561985204968624 -1.1173804246322758 3.7220218773606564
      vertex -1.0583125550237211 -0.8120717851866698 3.929760037404689
      vertex -1.155255182335412 -0.6669868905040603 3.929760037404689
    endloop
  endfacet
  facet normal -0.28824332678226555 -0.25278261320277645 0.9235890509462894
    outer loop
      vertex -1.2978931281982844 -1.2978931281982844 3.7220218773606564
      vertex -0.9432619064759007 -0.9432619064759007 3.929760037404689
      vertex -1.0583125550237211 -0.8120717851866698 3.929760037404689
    endloop
  endfacet
  facet normal -0.363037828059753 -0.12323473686339327 0.9235890509462893
    outer loop
      vertex -1.6957790936714252 -0.7024146993874595 3.7220218773606564
      vertex -1.2885197266682216 -0.34525782019232093 3.929760037404689
      vertex -1.7729549845161094 -0.4750618563178251 3.7220218773606564
    endloop
  endfacet
  facet normal -0.34384662816213235 -0.16956639193444212 0.9235890509462893
    outer loop
      vertex -1.6957790936714252 -0.7024146993874595 3.7220218773606564
      vertex -1.5895879523752348 -0.9177490322044278 3.7220218773606564
      vertex -1.232431073180096 -0.5104896652012243 3.929760037404689
    endloop
  endfacet
  facet normal -0.363037828059753 -0.12323473686339328 0.9235890509462893
    outer loop
      vertex -1.6957790936714252 -0.7024146993874595 3.7220218773606564
      vertex -1.232431073180096 -0.5104896652012243 3.929760037404689
      vertex -1.2885197266682216 -0.34525782019232093 3.929760037404689
    endloop
  endfacet
  facet normal -0.3760173500661699 -0.07479450127748732 0.9235890509462894
    outer loop
      vertex -1.7729549845161094 -0.4750618563178251 3.7220218773606564
      vertex -1.322561450387894 -0.17411851815637494 3.929760037404689
      vertex -1.8197951240197352 -0.2395805731745629 3.7220218773606564
    endloop
  endfacet
  facet normal -0.3825631109612495 -0.02507451103777056 0.9235890509462894
    outer loop
      vertex -1.8197951240197352 -0.2395805731745629 3.7220218773606564
      vertex -1.3339737810081207 0 3.929760037404689
      vertex -1.8354980644088557 0 3.7220218773606564
    endloop
  endfacet
  facet normal -0.3760173500661697 -0.07479450127748755 0.9235890509462894
    outer loop
      vertex -1.7729549845161094 -0.4750618563178251 3.7220218773606564
      vertex -1.2885197266682216 -0.34525782019232093 3.929760037404689
      vertex -1.322561450387894 -0.17411851815637494 3.929760037404689
    endloop
  endfacet
  facet normal -0.38256311096124956 -0.02507451103777051 0.9235890509462893
    outer loop
      vertex -1.8197951240197352 -0.2395805731745629 3.7220218773606564
      vertex -1.322561450387894 -0.17411851815637494 3.929760037404689
      vertex -1.3339737810081207 0 3.929760037404689
    endloop
  endfacet
  facet normal -0.34384662816213246 -0.16956639193444212 0.9235890509462893
    outer loop
      vertex -1.5895879523752348 -0.9177490322044278 3.7220218773606564
      vertex -1.155255182335412 -0.6669868905040603 3.929760037404689
      vertex -1.232431073180096 -0.5104896652012243 3.929760037404689
    endloop
  endfacet
  facet normal -0.23259235168819511 -0.11470185436489783 0.9657868722142627
    outer loop
      vertex -1.232431073180096 -0.5104896652012243 3.929760037404689
      vertex -1.155255182335412 -0.6669868905040603 3.929760037404689
      vertex -0.7479958153322084 -0.3098300113089218 4.070258913673406
    endloop
  endfacet
  facet normal -0.24557408816694015 -0.08336117009475806 0.9657868722142628
    outer loop
      vertex -1.232431073180096 -0.5104896652012243 3.929760037404689
      vertex -0.7820375390518808 -0.20954632703977402 4.070258913673406
      vertex -1.2885197266682216 -0.34525782019232093 3.929760037404689
    endloop
  endfacet
  facet normal -0.2543539839111486 -0.05059415309221409 0.9657868722142626
    outer loop
      vertex -1.2885197266682216 -0.34525782019232093 3.929760037404689
      vertex -0.8026983836566071 -0.105677247017758 4.070258913673406
      vertex -1.322561450387894 -0.17411851815637494 3.929760037404689
    endloop
  endfacet
  facet normal -0.2587818124703902 -0.016961456102912956 0.9657868722142627
    outer loop
      vertex -1.322561450387894 -0.17411851815637494 3.929760037404689
      vertex -0.8096248363669323 0 4.070258913673406
      vertex -1.3339737810081207 0 3.929760037404689
    endloop
  endfacet
  facet normal -0.21299671902680714 -0.31877211712436193 0.9235890509462894
    outer loop
      vertex -0.9177490322044278 -1.5895879523752348 3.7220218773606564
      vertex -0.8120717851866698 -1.0583125550237211 3.929760037404689
      vertex -1.1173804246322758 -1.4561985204968624 3.7220218773606564
    endloop
  endfacet
  facet normal -0.16956639193444212 -0.34384662816213235 0.9235890509462893
    outer loop
      vertex -0.9177490322044278 -1.5895879523752348 3.7220218773606564
      vertex -0.7024146993874595 -1.6957790936714252 3.7220218773606564
      vertex -0.6669868905040603 -1.155255182335412 3.929760037404689
    endloop
  endfacet
  facet normal -0.2129967190268073 -0.3187721171243619 0.9235890509462894
    outer loop
      vertex -0.9177490322044278 -1.5895879523752348 3.7220218773606564
      vertex -0.6669868905040603 -1.155255182335412 3.929760037404689
      vertex -0.8120717851866698 -1.0583125550237211 3.929760037404689
    endloop
  endfacet
  facet normal -0.25278261320277656 -0.28824332678226566 0.9235890509462893
    outer loop
      vertex -1.1173804246322758 -1.4561985204968624 3.7220218773606564
      vertex -0.8120717851866698 -1.0583125550237211 3.929760037404689
      vertex -0.9432619064759007 -0.9432619064759007 3.929760037404689
    endloop
  endfacet
  facet normal -0.17099281381639062 -0.19497993507472616 0.9657868722142627
    outer loop
      vertex -0.8120717851866698 -1.0583125550237211 3.929760037404689
      vertex -0.5724912120121067 -0.5724912120121067 4.070258913673406
      vertex -0.9432619064759007 -0.9432619064759007 3.929760037404689
    endloop
  endfacet
  facet normal -0.14407995810549235 -0.2156308955852821 0.9657868722142626
    outer loop
      vertex -0.8120717851866698 -1.0583125550237211 3.929760037404689
      vertex -0.6669868905040603 -1.155255182335412 3.929760037404689
      vertex -0.4928683723476853 -0.6423185683144504 4.070258913673406
    endloop
  endfacet
  facet normal -0.12323473686339327 -0.363037828059753 0.9235890509462893
    outer loop
      vertex -0.7024146993874595 -1.6957790936714252 3.7220218773606564
      vertex -0.4750618563178251 -1.7729549845161094 3.7220218773606564
      vertex -0.5104896652012243 -1.232431073180096 3.929760037404689
    endloop
  endfacet
  facet normal -0.16956639193444206 -0.3438466281621323 0.9235890509462893
    outer loop
      vertex -0.7024146993874595 -1.6957790936714252 3.7220218773606564
      vertex -0.5104896652012243 -1.232431073180096 3.929760037404689
      vertex -0.6669868905040603 -1.155255182335412 3.929760037404689
    endloop
  endfacet
  facet normal -0.1232347368633932 -0.363037828059753 0.9235890509462894
    outer loop
      vertex -0.4750618563178251 -1.7729549845161094 3.7220218773606564
      vertex -0.34525782019232093 -1.2885197266682216 3.929760037404689
      vertex -0.5104896652012243 -1.232431073180096 3.929760037404689
    endloop
  endfacet
  facet normal -0.11470185436489781 -0.2325923516881951 0.9657868722142627
    outer loop
      vertex -0.6669868905040603 -1.155255182335412 3.929760037404689
      vertex -0.5104896652012243 -1.232431073180096 3.929760037404689
      vertex -0.40481241818346614 -0.7011556758285825 4.070258913673406
    endloop
  endfacet
  facet normal -0.14407995810549212 -0.2156308955852822 0.9657868722142628
    outer loop
      vertex -0.6669868905040603 -1.155255182335412 3.929760037404689
      vertex -0.40481241818346614 -0.7011556758285825 4.070258913673406
      vertex -0.4928683723476853 -0.6423185683144504 4.070258913673406
    endloop
  endfacet
  facet normal -0.08336117009475803 -0.24557408816694007 0.9657868722142626
    outer loop
      vertex -0.34525782019232093 -1.2885197266682216 3.929760037404689
      vertex -0.3098300113089218 -0.7479958153322084 4.070258913673406
      vertex -0.5104896652012243 -1.232431073180096 3.929760037404689
    endloop
  endfacet
  facet normal -0.11470185436489787 -0.2325923516881951 0.9657868722142628
    outer loop
      vertex -0.5104896652012243 -1.232431073180096 3.929760037404689
      vertex -0.3098300113089218 -0.7479958153322084 4.070258913673406
      vertex -0.40481241818346614 -0.7011556758285825 4.070258913673406
    endloop
  endfacet
  facet normal -0.0833611700947582 -0.24557408816694018 0.9657868722142628
    outer loop
      vertex -0.34525782019232093 -1.2885197266682216 3.929760037404689
      vertex -0.20954632703977402 -0.7820375390518808 4.070258913673406
      vertex -0.3098300113089218 -0.7479958153322084 4.070258913673406
    endloop
  endfacet
  facet normal -0.2156308955852821 -0.14407995810549235 0.9657868722142628
    outer loop
      vertex -1.0583125550237211 -0.8120717851866698 3.929760037404689
      vertex -0.7011556758285825 -0.40481241818346614 4.070258913673406
      vertex -1.155255182335412 -0.6669868905040603 3.929760037404689
    endloop
  endfacet
  facet normal -0.19497993507472616 -0.17099281381639062 0.9657868722142627
    outer loop
      vertex -1.0583125550237211 -0.8120717851866698 3.929760037404689
      vertex -0.9432619064759007 -0.9432619064759007 3.929760037404689
      vertex -0.6423185683144504 -0.4928683723476853 4.070258913673406
    endloop
  endfacet
  facet normal -0.23259235168819503 -0.11470185436489785 0.9657868722142628
    outer loop
      vertex -1.155255182335412 -0.6669868905040603 3.929760037404689
      vertex -0.7011556758285825 -0.40481241818346614 4.070258913673406
      vertex -0.7479958153322084 -0.3098300113089218 4.070258913673406
    endloop
  endfacet
  facet normal -0.19497993507472597 -0.17099281381639075 0.9657868722142628
    outer loop
      vertex -0.9432619064759007 -0.9432619064759007 3.929760037404689
      vertex -0.5724912120121067 -0.5724912120121067 4.070258913673406
      vertex -0.6423185683144504 -0.4928683723476853 4.070258913673406
    endloop
  endfacet
  facet normal -0.21563089558528228 -0.1440799581054922 0.9657868722142626
    outer loop
      vertex -1.0583125550237211 -0.8120717851866698 3.929760037404689
      vertex -0.6423185683144504 -0.4928683723476853 4.070258913673406
      vertex -0.7011556758285825 -0.40481241818346614 4.070258913673406
    endloop
  endfacet
  facet normal -0.24557408816694012 -0.08336117009475802 0.9657868722142628
    outer loop
      vertex -1.232431073180096 -0.5104896652012243 3.929760037404689
      vertex -0.7479958153322084 -0.3098300113089218 4.070258913673406
      vertex -0.7820375390518808 -0.20954632703977402 4.070258913673406
    endloop
  endfacet
  facet normal -0.25435398391114883 -0.05059415309221376 0.9657868722142628
    outer loop
      vertex -1.2885197266682216 -0.34525782019232093 3.929760037404689
      vertex -0.7820375390518808 -0.20954632703977402 4.070258913673406
      vertex -0.8026983836566071 -0.105677247017758 4.070258913673406
    endloop
  endfacet
  facet normal -0.25878181247039017 -0.016961456102913167 0.9657868722142628
    outer loop
      vertex -1.322561450387894 -0.17411851815637494 3.929760037404689
      vertex -0.8026983836566071 -0.105677247017758 4.070258913673406
      vertex -0.8096248363669323 0 4.070258913673406
    endloop
  endfacet
  facet normal -0.1709928138163907 -0.19497993507472614 0.9657868722142628
    outer loop
      vertex -0.8120717851866698 -1.0583125550237211 3.929760037404689
      vertex -0.4928683723476853 -0.6423185683144504 4.070258913673406
      vertex -0.5724912120121067 -0.5724912120121067 4.070258913673406
    endloop
  endfacet
  facet normal -0.0983417534076924 -0.086243403067984 0.9914085812438552
    outer loop
      vertex -0.5724912120121067 -0.5724912120121067 4.070258913673406
      vertex -0.21533433281696826 -0.16523184500890326 4.141114531440205
      vertex -0.6423185683144504 -0.4928683723476853 4.070258913673406
    endloop
  endfacet
  facet normal -0.07266940419059356 -0.10875744908111018 0.9914085812438552
    outer loop
      vertex -0.4928683723476853 -0.6423185683144504 4.070258913673406
      vertex -0.40481241818346614 -0.7011556758285825 4.070258913673406
      vertex -0.16523184500890326 -0.21533433281696826 4.141114531440205
    endloop
  endfacet
  facet normal -0.086243403067984 -0.0983417534076924 0.9914085812438552
    outer loop
      vertex -0.5724912120121067 -0.5724912120121067 4.070258913673406
      vertex -0.4928683723476853 -0.6423185683144504 4.070258913673406
      vertex -0.1919250341862352 -0.1919250341862352 4.141114531440205
    endloop
  endfacet
  facet normal -0.057852011659737114 -0.11731227464748852 0.9914085812438552
    outer loop
      vertex -0.40481241818346614 -0.7011556758285825 4.070258913673406
      vertex -0.3098300113089218 -0.7479958153322084 4.070258913673406
      vertex -0.13571149315254685 -0.2350592013112469 4.141114531440205
    endloop
  endfacet
  facet normal -0.11731227464748852 -0.057852011659737114 0.9914085812438552
    outer loop
      vertex -0.7011556758285825 -0.40481241818346614 4.070258913673406
      vertex -0.25076214170036737 -0.10386908002201602 4.141114531440205
      vertex -0.7479958153322084 -0.3098300113089218 4.070258913673406
    endloop
  endfacet
  facet normal -0.1087574490811102 -0.07266940419059358 0.9914085812438552
    outer loop
      vertex -0.7011556758285825 -0.40481241818346614 4.070258913673406
      vertex -0.6423185683144504 -0.4928683723476853 4.070258913673406
      vertex -0.2350592013112469 -0.13571149315254685 4.141114531440205
    endloop
  endfacet
  facet normal -0.12385985466954111 -0.0420447551697746 0.9914085812438552
    outer loop
      vertex -0.7820375390518808 -0.20954632703977402 4.070258913673406
      vertex -0.7479958153322084 -0.3098300113089218 4.070258913673406
      vertex -0.2621744723205941 -0.07024943813435891 4.141114531440205
    endloop
  endfacet
  facet normal -0.12828815823775858 -0.02551810126184865 0.9914085812438553
    outer loop
      vertex -0.7820375390518808 -0.20954632703977402 4.070258913673406
      vertex -0.26910092503091926 -0.03542780888339909 4.141114531440205
      vertex -0.8026983836566071 -0.105677247017758 4.070258913673406
    endloop
  endfacet
  facet normal -0.13052141585033075 -0.008554825566378458 0.9914085812438553
    outer loop
      vertex -0.8026983836566071 -0.105677247017758 4.070258913673406
      vertex -0.2714229863050937 0 4.141114531440205
      vertex -0.8096248363669323 0 4.070258913673406
    endloop
  endfacet
  facet normal -0.13052141585033084 -0.008554825566378026 0.9914085812438552
    outer loop
      vertex -0.8026983836566071 -0.105677247017758 4.070258913673406
      vertex -0.26910092503091926 -0.03542780888339909 4.141114531440205
      vertex -0.2714229863050937 0 4.141114531440205
    endloop
  endfacet
  facet normal -0.10875744908111014 -0.07266940419059366 0.9914085812438552
    outer loop
      vertex -0.6423185683144504 -0.4928683723476853 4.070258913673406
      vertex -0.21533433281696826 -0.16523184500890326 4.141114531440205
      vertex -0.2350592013112469 -0.13571149315254685 4.141114531440205
    endloop
  endfacet
  facet normal -0.1173122746474885 -0.05785201165973732 0.9914085812438552
    outer loop
      vertex -0.7011556758285825 -0.40481241818346614 4.070258913673406
      vertex -0.2350592013112469 -0.13571149315254685 4.141114531440205
      vertex -0.25076214170036737 -0.10386908002201602 4.141114531440205
    endloop
  endfacet
  facet normal -0.09834175340769247 -0.08624340306798392 0.9914085812438552
    outer loop
      vertex -0.5724912120121067 -0.5724912120121067 4.070258913673406
      vertex -0.1919250341862352 -0.1919250341862352 4.141114531440205
      vertex -0.21533433281696826 -0.16523184500890326 4.141114531440205
    endloop
  endfacet
  facet normal -0.08624340306798377 -0.09834175340769251 0.9914085812438552
    outer loop
      vertex -0.4928683723476853 -0.6423185683144504 4.070258913673406
      vertex -0.16523184500890326 -0.21533433281696826 4.141114531440205
      vertex -0.1919250341862352 -0.1919250341862352 4.141114531440205
    endloop
  endfacet
  facet normal -0.12385985466954115 -0.042044755169774475 0.9914085812438552
    outer loop
      vertex -0.7479958153322084 -0.3098300113089218 4.070258913673406
      vertex -0.25076214170036737 -0.10386908002201602 4.141114531440205
      vertex -0.2621744723205941 -0.07024943813435891 4.141114531440205
    endloop
  endfacet
  facet normal -0.12828815823775847 -0.02551810126184897 0.9914085812438552
    outer loop
      vertex -0.7820375390518808 -0.20954632703977402 4.070258913673406
      vertex -0.2621744723205941 -0.07024943813435891 4.141114531440205
      vertex -0.26910092503091926 -0.03542780888339909 4.141114531440205
    endloop
  endfacet
  facet normal 0 0 1
    outer loop
      vertex -0.2621744723205941 -0.07024943813435891 4.141114531440205
      vertex -0.26910092503091926 0.03542780888339909 4.141114531440205
      vertex -0.26910092503091926 -0.03542780888339909 4.141114531440205
    endloop
  endfacet
  facet normal 0.05667108131556111 -0.8646336168614387 0.49919645144535224
    outer loop
      vertex 0.44432923577937794 -3.6928990006176274 1.8354980644088557
      vertex 0.4858213430116143 -3.6901794642301256 1.8354980644088557
      vertex 0.4756745610503134 -3.613107003416649 1.970143391843732
    endloop
  endfacet
  facet normal 0.06044354741636645 -0.9221903271536567 0.3819837405963206
    outer loop
      vertex 0.4874520422099182 -3.7025658543722604 1.8053366381561131
      vertex 0.4858213430116143 -3.6901794642301256 1.8354980644088557
      vertex 0.44432923577937794 -3.6928990006176274 1.8354980644088557
    endloop
  endfacet
  facet normal 0.18029643639469226 -0.9064113949765954 0.3819837405963206
    outer loop
      vertex 0.4874520422099182 -3.7025658543722604 1.8053366381561131
      vertex 0.6013441905729708 -3.667200541135257 1.8354980644088557
      vertex 0.4858213430116143 -3.6901794642301256 1.8354980644088557
    endloop
  endfacet
  facet normal 0.16904358603318598 -0.8498394959552121 0.4991964514453523
    outer loop
      vertex 0.4858213430116143 -3.6901794642301256 1.8354980644088557
      vertex 0.6013441905729708 -3.667200541135257 1.8354980644088557
      vertex 0.4756745610503134 -3.613107003416649 1.970143391843732
    endloop
  endfacet
  facet normal 0.18029643639469328 -0.906411394976593 0.38198374059632595
    outer loop
      vertex 0.892430133987738 -3.6092999470196845 1.8354980644088557
      vertex 0.9748574454973121 -3.638217516732777 1.7279736834872252
      vertex 0.9633301481491766 -3.5951970573555814 1.8354980644088557
    endloop
  endfacet
  facet normal 0.297064403358689 -0.875123512526766 0.38198374059632584
    outer loop
      vertex 0.9748574454973121 -3.638217516732777 1.7279736834872252
      vertex 1.1066432564897661 -3.565473999511721 1.7921405219818778
      vertex 0.9633301481491766 -3.5951970573555814 1.8354980644088557
    endloop
  endfacet
  facet normal 0.16904358603318723 -0.8498394959552111 0.49919645144535335
    outer loop
      vertex 0.892430133987738 -3.6092999470196845 1.8354980644088557
      vertex 0.9633301481491766 -3.5951970573555814 1.8354980644088557
      vertex 0.9189793426407507 -3.5838894627530204 1.869766857094742
    endloop
  endfacet
  facet normal 0.29706440335868833 -0.8751235125267679 0.38198374059632245
    outer loop
      vertex 0.9633301481491766 -3.5951970573555814 1.8354980644088557
      vertex 1.1066432564897661 -3.565473999511721 1.7921405219818778
      vertex 1.4243561073663313 -3.438699832052745 1.8354980644088557
    endloop
  endfacet
  facet normal 0.4087495160194031 -0.8288620241475299 0.3819837405963287
    outer loop
      vertex 1.882378907566299 -3.4439570687685874 1.3339737810081207
      vertex 1.9648800187023445 -3.4032720231693463 1.3339737810081207
      vertex 1.9189788997599584 -3.3951788672781813 1.4006524560909384
    endloop
  endfacet
  facet normal 0.29706440335868756 -0.8751235125267668 0.3819837405963254
    outer loop
      vertex 1.1066432564897661 -3.565473999511721 1.7921405219818778
      vertex 1.4557436589212986 -3.514476084706432 1.6374851737400111
      vertex 1.4243561073663313 -3.438699832052745 1.8354980644088557
    endloop
  endfacet
  facet normal 0.4087495160194036 -0.8288620241475312 0.38198374059632545
    outer loop
      vertex 1.4243561073663313 -3.438699832052745 1.8354980644088557
      vertex 1.4557436589212986 -3.514476084706432 1.6374851737400111
      vertex 1.9189788997599584 -3.3951788672781813 1.4006524560909384
    endloop
  endfacet
  facet normal 0.40874951601940385 -0.8288620241475309 0.3819837405963257
    outer loop
      vertex 1.4243561073663313 -3.438699832052745 1.8354980644088557
      vertex 1.9189788997599584 -3.3951788672781813 1.4006524560909384
      vertex 1.8610109386803282 -3.2233654992357765 1.8354980644088557
    endloop
  endfacet
  facet normal 0.4087495160193986 -0.8288620241475334 0.38198374059632606
    outer loop
      vertex 1.9648800187023445 -3.4032720231693463 1.3339737810081207
      vertex 1.8610109386803282 -3.2233654992357765 1.8354980644088557
      vertex 1.9189788997599584 -3.3951788672781813 1.4006524560909384
    endloop
  endfacet
  facet normal 0.4272792898483882 -0.8664366884369413 0.2583019035878053
    outer loop
      vertex 1.882378907566299 -3.4439570687685874 1.3339737810081207
      vertex 1.9804624723655957 -3.430261624620685 1.217664763452438
      vertex 1.9648800187023445 -3.4032720231693463 1.3339737810081207
    endloop
  endfacet
  facet normal 0.5367165380330603 -0.8032530637381489 0.2583019035878053
    outer loop
      vertex 1.9804624723655957 -3.430261624620685 1.217664763452438
      vertex 2.041364857313435 -3.3521664878847104 1.3339737810081207
      vertex 1.9648800187023445 -3.4032720231693463 1.3339737810081207
    endloop
  endfacet
  facet normal 0.5134408111342509 -0.7684184767311627 0.381983740596327
    outer loop
      vertex 1.9648800187023445 -3.4032720231693463 1.3339737810081207
      vertex 2.041364857313435 -3.3521664878847104 1.3339737810081207
      vertex 1.9808216995749957 -3.3594739101575284 1.4006524560909417
    endloop
  endfacet
  facet normal 0.5134408111342527 -0.768418476731162 0.3819837405963261
    outer loop
      vertex 1.9648800187023445 -3.4032720231693463 1.3339737810081207
      vertex 1.9808216995749957 -3.3594739101575284 1.4006524560909417
      vertex 1.8610109386803282 -3.2233654992357765 1.8354980644088557
    endloop
  endfacet
  facet normal -0.056671081315563386 -0.8646336168614388 0.49919645144535174
    outer loop
      vertex -0.3625883747238926 -3.460498028211227 2.2473079555295374
      vertex -0.011003819476276946 -3.5305440025324883 2.165898267847311
      vertex 0 -3.450598891055563 2.3056164670313493
    endloop
  endfacet
  facet normal 0.05667108131557062 -0.8646336168614388 0.49919645144535085
    outer loop
      vertex 0 -3.550587183604971 2.1324316641737138
      vertex 0.016068778144147176 -3.534381454349658 2.158676608882588
      vertex 0 -3.450598891055563 2.3056164670313493
    endloop
  endfacet
  facet normal -0.056671081315551625 -0.8646336168614399 0.4991964514453514
    outer loop
      vertex 0 -3.550587183604971 2.1324316641737138
      vertex 0 -3.450598891055563 2.3056164670313493
      vertex -0.011003819476276946 -3.5305440025324883 2.165898267847311
    endloop
  endfacet
  facet normal 0.056671081315561866 -0.8646336168614397 0.49919645144535035
    outer loop
      vertex 0.016068778144147176 -3.534381454349658 2.158676608882588
      vertex 0.4714481870480325 -3.581004505706909 2.0262263463774683
      vertex 0 -3.450598891055563 2.3056164670313493
    endloop
  endfacet
  facet normal 0.05667108131556322 -0.8646336168614386 0.49919645144535213
    outer loop
      vertex 0 -3.450598891055563 2.3056164670313493
      vertex 0.4714481870480325 -3.581004505706909 2.0262263463774683
      vertex 0.4503935341282152 -3.4210785391992062 2.3056164670313493
    endloop
  endfacet
  facet normal 0.051928966951063284 -0.7922829328905973 0.6079400765220769
    outer loop
      vertex 0 -3.450598891055563 2.3056164670313493
      vertex 0.4503935341282152 -3.4210785391992062 2.3056164670313493
      vertex 0.40725936700320353 -3.093442011860425 2.736285132665286
    endloop
  endfacet
  facet normal 0.16904358603318606 -0.849839495955212 0.49919645144535213
    outer loop
      vertex 0.4714481870480325 -3.581004505706909 2.0262263463774683
      vertex 0.8930807100148178 -3.3330225850349873 2.3056164670313493
      vertex 0.4503935341282152 -3.4210785391992062 2.3056164670313493
    endloop
  endfacet
  facet normal 0.1690435860331866 -0.8498394959552122 0.4991964514453516
    outer loop
      vertex 0.4714481870480325 -3.581004505706909 2.0262263463774683
      vertex 0.9189793426407507 -3.5838894627530204 1.869766857094742
      vertex 0.8930807100148178 -3.3330225850349873 2.3056164670313493
    endloop
  endfacet
  facet normal 0.1548983818312255 -0.7787267522465109 0.6079400765220774
    outer loop
      vertex 0.4503935341282152 -3.4210785391992062 2.3056164670313493
      vertex 0.8930807100148178 -3.3330225850349873 2.3056164670313493
      vertex 0.8075504133233539 -3.0138191721960035 2.736285132665286
    endloop
  endfacet
  facet normal 0.16904358603318556 -0.8498394959552125 0.4991964514453517
    outer loop
      vertex 0.9633301481491766 -3.5951970573555814 1.8354980644088557
      vertex 0.8930807100148178 -3.3330225850349873 2.3056164670313493
      vertex 0.9189793426407507 -3.5838894627530204 1.869766857094742
    endloop
  endfacet
  facet normal 0.2785237081260466 -0.8205043856531696 0.49919645144535174
    outer loop
      vertex 0.9633301481491766 -3.5951970573555814 1.8354980644088557
      vertex 1.3204870273443152 -3.1879376903523777 2.3056164670313493
      vertex 0.8930807100148178 -3.3330225850349873 2.3056164670313493
    endloop
  endfacet
  facet normal 0.2785237081260464 -0.8205043856531696 0.4991964514453518
    outer loop
      vertex 0.9633301481491766 -3.5951970573555814 1.8354980644088557
      vertex 1.4243561073663313 -3.438699832052745 1.8354980644088557
      vertex 1.3204870273443152 -3.1879376903523777 2.3056164670313493
    endloop
  endfacet
  facet normal 0.513440811134251 -0.7684184767311631 0.381983740596326
    outer loop
      vertex 1.9808216995749957 -3.3594739101575284 1.4006524560909417
      vertex 2.315753740887991 -3.0179490323771687 1.6374851737400133
      vertex 1.8610109386803282 -3.2233654992357765 1.8354980644088557
    endloop
  endfacet
  facet normal 0.5134408111342509 -0.7684184767311636 0.3819837405963254
    outer loop
      vertex 2.315753740887991 -3.0179490323771687 1.6374851737400133
      vertex 2.265823356863794 -2.952878489041131 1.8354980644088557
      vertex 1.8610109386803282 -3.2233654992357765 1.8354980644088557
    endloop
  endfacet
  facet normal 0.6093469916179045 -0.6948270761320752 0.38198374059632556
    outer loop
      vertex 2.315753740887991 -3.0179490323771687 1.6374851737400133
      vertex 2.53446943186517 -2.741118172802739 1.792140521981878
      vertex 2.265823356863794 -2.952878489041131 1.8354980644088557
    endloop
  endfacet
  facet normal 0.6093469916179042 -0.6948270761320746 0.381983740596327
    outer loop
      vertex 2.265823356863794 -2.952878489041131 1.8354980644088557
      vertex 2.53446943186517 -2.741118172802739 1.792140521981878
      vertex 2.631866909206405 -2.631866909206405 1.8354980644088557
    endloop
  endfacet
  facet normal 0.609346991617905 -0.6948270761320747 0.3819837405963256
    outer loop
      vertex 2.53446943186517 -2.741118172802739 1.792140521981878
      vertex 2.6633600712354655 -2.6633600712354655 1.7279736834872237
      vertex 2.631866909206405 -2.631866909206405 1.8354980644088557
    endloop
  endfacet
  facet normal 0.6948270761320761 -0.6093469916179032 0.38198374059632556
    outer loop
      vertex 2.6633600712354655 -2.6633600712354655 1.7279736834872237
      vertex 2.6795303770030063 -2.577517140645974 1.8354980644088557
      vertex 2.631866909206405 -2.631866909206405 1.8354980644088557
    endloop
  endfacet
  facet normal 0.6514607996199849 -0.5713157878291638 0.499196451445352
    outer loop
      vertex 2.631866909206405 -2.631866909206405 1.8354980644088557
      vertex 2.6795303770030063 -2.577517140645974 1.8354980644088557
      vertex 2.644249647779103 -2.5878041876565248 1.8697668570947434
    endloop
  endfacet
  facet normal -0.051928966951062625 -0.792282932890597 0.6079400765220774
    outer loop
      vertex -0.40725936700320353 -3.093442011860425 2.736285132665286
      vertex 0 -3.450598891055563 2.3056164670313493
      vertex 0 -3.120135201037757 2.736285132665286
    endloop
  endfacet
  facet normal -0.04629653184613914 -0.7063485793639779 0.7063485793639779
    outer loop
      vertex -0.40725936700320353 -3.093442011860425 2.736285132665286
      vertex 0 -3.120135201037757 2.736285132665286
      vertex -0.35715687919513844 -2.712875834034553 3.120135201037757
    endloop
  endfacet
  facet normal -0.04629653184613914 -0.7063485793639779 0.7063485793639779
    outer loop
      vertex -0.35715687919513844 -2.712875834034553 3.120135201037757
      vertex 0 -3.120135201037757 2.736285132665286
      vertex 0 -2.736285132665286 3.120135201037757
    endloop
  endfacet
  facet normal 0.05192896695106268 -0.792282932890597 0.6079400765220774
    outer loop
      vertex 0 -3.450598891055563 2.3056164670313493
      vertex 0.40725936700320353 -3.093442011860425 2.736285132665286
      vertex 0 -3.120135201037757 2.736285132665286
    endloop
  endfacet
  facet normal 0.04629653184613914 -0.7063485793639779 0.7063485793639779
    outer loop
      vertex 0 -3.120135201037757 2.736285132665286
      vertex 0.40725936700320353 -3.093442011860425 2.736285132665286
      vertex 0.35715687919513844 -2.712875834034553 3.120135201037757
    endloop
  endfacet
  facet normal 0.046296531846139105 -0.7063485793639779 0.7063485793639779
    outer loop
      vertex 0 -3.120135201037757 2.736285132665286
      vertex 0.35715687919513844 -2.712875834034553 3.120135201037757
      vertex 0 -2.736285132665286 3.120135201037757
    endloop
  endfacet
  facet normal 0.2552174424523122 -0.751846340967642 0.6079400765220769
    outer loop
      vertex 0.8930807100148178 -3.3330225850349873 2.3056164670313493
      vertex 1.3204870273443152 -3.1879376903523777 2.3056164670313493
      vertex 1.1940240481762683 -2.8826290509067727 2.736285132665286
    endloop
  endfacet
  facet normal 0.15489838183122623 -0.778726752246511 0.6079400765220769
    outer loop
      vertex 0.4503935341282152 -3.4210785391992062 2.3056164670313493
      vertex 0.8075504133233539 -3.0138191721960035 2.736285132665286
      vertex 0.40725936700320353 -3.093442011860425 2.736285132665286
    endloop
  endfacet
  facet normal 0.138097449042707 -0.6942627593342361 0.7063485793639777
    outer loop
      vertex 0.40725936700320353 -3.093442011860425 2.736285132665286
      vertex 0.8075504133233539 -3.0138191721960035 2.736285132665286
      vertex 0.7082027051646536 -2.643048477732209 3.120135201037757
    endloop
  endfacet
  facet normal 0.13809744904270665 -0.694262759334236 0.7063485793639779
    outer loop
      vertex 0.40725936700320353 -3.093442011860425 2.736285132665286
      vertex 0.7082027051646536 -2.643048477732209 3.120135201037757
      vertex 0.35715687919513844 -2.712875834034553 3.120135201037757
    endloop
  endfacet
  facet normal 0.2552174424523115 -0.751846340967642 0.6079400765220773
    outer loop
      vertex 0.8930807100148178 -3.3330225850349873 2.3056164670313493
      vertex 1.1940240481762683 -2.8826290509067727 2.736285132665286
      vertex 0.8075504133233539 -3.0138191721960035 2.736285132665286
    endloop
  endfacet
  facet normal 0.22753548059830678 -0.6702979110062838 0.7063485793639779
    outer loop
      vertex 0.8075504133233539 -3.0138191721960035 2.736285132665286
      vertex 1.1940240481762683 -2.8826290509067727 2.736285132665286
      vertex 1.0471309864979166 -2.5279978291843888 3.120135201037757
    endloop
  endfacet
  facet normal 0.22753548059830697 -0.6702979110062838 0.7063485793639778
    outer loop
      vertex 0.8075504133233539 -3.0138191721960035 2.736285132665286
      vertex 1.0471309864979166 -2.5279978291843888 3.120135201037757
      vertex 0.7082027051646536 -2.643048477732209 3.120135201037757
    endloop
  endfacet
  facet normal -0.0398686085667808 -0.6082774216426021 0.7927225696110695
    outer loop
      vertex -0.35715687919513844 -2.712875834034553 3.120135201037757
      vertex 0 -2.736285132665286 3.120135201037757
      vertex -0.3009433381614501 -2.2858915985370705 3.450598891055563
    endloop
  endfacet
  facet normal -0.03986860856678121 -0.6082774216426022 0.7927225696110693
    outer loop
      vertex 0 -2.736285132665286 3.120135201037757
      vertex 0 -2.3056164670313493 3.450598891055563
      vertex -0.3009433381614501 -2.2858915985370705 3.450598891055563
    endloop
  endfacet
  facet normal 0.03986860856678082 -0.6082774216426023 0.7927225696110693
    outer loop
      vertex 0 -2.736285132665286 3.120135201037757
      vertex 0.35715687919513844 -2.712875834034553 3.120135201037757
      vertex 0 -2.3056164670313493 3.450598891055563
    endloop
  endfacet
  facet normal 0.03986860856678116 -0.608277421642602 0.7927225696110695
    outer loop
      vertex 0.35715687919513844 -2.712875834034553 3.120135201037757
      vertex 0.3009433381614501 -2.2858915985370705 3.450598891055563
      vertex 0 -2.3056164670313493 3.450598891055563
    endloop
  endfacet
  facet normal -0.032754147373530745 -0.49973171948302236 0.8655607282983527
    outer loop
      vertex -0.3009433381614501 -2.2858915985370705 3.450598891055563
      vertex 0 -2.3056164670313493 3.450598891055563
      vertex -0.2395805731745629 -1.8197951240197352 3.7220218773606564
    endloop
  endfacet
  facet normal 0.03275414737353074 -0.4997317194830223 0.8655607282983528
    outer loop
      vertex 0 -2.3056164670313493 3.450598891055563
      vertex 0.3009433381614501 -2.2858915985370705 3.450598891055563
      vertex 0 -1.8354980644088557 3.7220218773606564
    endloop
  endfacet
  facet normal 0.11892366275409783 -0.597869626311935 0.7927225696110695
    outer loop
      vertex 0.35715687919513844 -2.712875834034553 3.120135201037757
      vertex 0.5967374523697013 -2.2270544910229386 3.450598891055563
      vertex 0.3009433381614501 -2.2858915985370705 3.450598891055563
    endloop
  endfacet
  facet normal 0.09770200957786465 -0.49118117121085964 0.8655607282983528
    outer loop
      vertex 0.3009433381614501 -2.2858915985370705 3.450598891055563
      vertex 0.5967374523697013 -2.2270544910229386 3.450598891055563
      vertex 0.4750618563178251 -1.7729549845161094 3.7220218773606564
    endloop
  endfacet
  facet normal -0.03275414737353063 -0.4997317194830223 0.8655607282983528
    outer loop
      vertex 0 -2.3056164670313493 3.450598891055563
      vertex 0 -1.8354980644088557 3.7220218773606564
      vertex -0.2395805731745629 -1.8197951240197352 3.7220218773606564
    endloop
  endfacet
  facet normal -0.02507451103777056 -0.3825631109612495 0.9235890509462894
    outer loop
      vertex -0.2395805731745629 -1.8197951240197352 3.7220218773606564
      vertex 0 -1.8354980644088557 3.7220218773606564
      vertex -0.17411851815637494 -1.322561450387894 3.929760037404689
    endloop
  endfacet
  facet normal 0.02507451103777056 -0.3825631109612495 0.9235890509462894
    outer loop
      vertex 0 -1.8354980644088557 3.7220218773606564
      vertex 0.2395805731745629 -1.8197951240197352 3.7220218773606564
      vertex 0 -1.3339737810081207 3.929760037404689
    endloop
  endfacet
  facet normal 0.03275414737353065 -0.4997317194830223 0.8655607282983527
    outer loop
      vertex 0.3009433381614501 -2.2858915985370705 3.450598891055563
      vertex 0.2395805731745629 -1.8197951240197352 3.7220218773606564
      vertex 0 -1.8354980644088557 3.7220218773606564
    endloop
  endfacet
  facet normal 0.09770200957786511 -0.4911811712108597 0.8655607282983527
    outer loop
      vertex 0.3009433381614501 -2.2858915985370705 3.450598891055563
      vertex 0.4750618563178251 -1.7729549845161094 3.7220218773606564
      vertex 0.2395805731745629 -1.8197951240197352 3.7220218773606564
    endloop
  endfacet
  facet normal 0.07479450127748731 -0.3760173500661698 0.9235890509462894
    outer loop
      vertex 0.2395805731745629 -1.8197951240197352 3.7220218773606564
      vertex 0.4750618563178251 -1.7729549845161094 3.7220218773606564
      vertex 0.34525782019232093 -1.2885197266682216 3.929760037404689
    endloop
  endfacet
  facet normal 0.11892366275409856 -0.5978696263119352 0.7927225696110691
    outer loop
      vertex 0.35715687919513844 -2.712875834034553 3.120135201037757
      vertex 0.7082027051646536 -2.643048477732209 3.120135201037757
      vertex 0.5967374523697013 -2.2270544910229386 3.450598891055563
    endloop
  endfacet
  facet normal 0.19594390009982485 -0.5772321159142942 0.7927225696110692
    outer loop
      vertex 0.7082027051646536 -2.643048477732209 3.120135201037757
      vertex 1.0471309864979166 -2.5279978291843888 3.120135201037757
      vertex 0.8823212233210286 -2.1301118637112477 3.450598891055563
    endloop
  endfacet
  facet normal 0.19594390009982507 -0.5772321159142944 0.7927225696110692
    outer loop
      vertex 0.7082027051646536 -2.643048477732209 3.120135201037757
      vertex 0.8823212233210286 -2.1301118637112477 3.450598891055563
      vertex 0.5967374523697013 -2.2270544910229386 3.450598891055563
    endloop
  endfacet
  facet normal 0.16097816331020798 -0.4742263769181306 0.865560728298353
    outer loop
      vertex 0.5967374523697013 -2.2270544910229386 3.450598891055563
      vertex 0.8823212233210286 -2.1301118637112477 3.450598891055563
      vertex 0.7024146993874595 -1.6957790936714252 3.7220218773606564
    endloop
  endfacet
  facet normal 0.2696114829889314 -0.5467180039743821 0.7927225696110693
    outer loop
      vertex 1.0471309864979166 -2.5279978291843888 3.120135201037757
      vertex 1.368142566332643 -2.3696924368858103 3.120135201037757
      vertex 1.1528082335156746 -1.996722431832875 3.450598891055563
    endloop
  endfacet
  facet normal 0.26961148298893167 -0.5467180039743821 0.7927225696110692
    outer loop
      vertex 1.0471309864979166 -2.5279978291843888 3.120135201037757
      vertex 1.1528082335156746 -1.996722431832875 3.450598891055563
      vertex 0.8823212233210286 -2.1301118637112477 3.450598891055563
    endloop
  endfacet
  facet normal 0.2214999360367349 -0.4491574378359413 0.8655607282983527
    outer loop
      vertex 0.8823212233210286 -2.1301118637112477 3.450598891055563
      vertex 1.1528082335156746 -1.996722431832875 3.450598891055563
      vertex 0.9177490322044278 -1.5895879523752348 3.7220218773606564
    endloop
  endfacet
  facet normal 0.1609781633102082 -0.47422637691813063 0.865560728298353
    outer loop
      vertex 0.5967374523697013 -2.2270544910229386 3.450598891055563
      vertex 0.7024146993874595 -1.6957790936714252 3.7220218773606564
      vertex 0.4750618563178251 -1.7729549845161094 3.7220218773606564
    endloop
  endfacet
  facet normal 0.22149993603673426 -0.44915743783594136 0.8655607282983531
    outer loop
      vertex 0.8823212233210286 -2.1301118637112477 3.450598891055563
      vertex 0.9177490322044278 -1.5895879523752348 3.7220218773606564
      vertex 0.7024146993874595 -1.6957790936714252 3.7220218773606564
    endloop
  endfacet
  facet normal 0.2782317834462879 -0.4164032904624112 0.8655607282983528
    outer loop
      vertex 1.1528082335156746 -1.996722431832875 3.450598891055563
      vertex 1.1173804246322758 -1.4561985204968624 3.7220218773606564
      vertex 0.9177490322044278 -1.5895879523752348 3.7220218773606564
    endloop
  endfacet
  facet normal -0.07479450127748757 -0.3760173500661698 0.9235890509462894
    outer loop
      vertex -0.34525782019232093 -1.2885197266682216 3.929760037404689
      vertex -0.2395805731745629 -1.8197951240197352 3.7220218773606564
      vertex -0.17411851815637494 -1.322561450387894 3.929760037404689
    endloop
  endfacet
  facet normal -0.025074511037770524 -0.38256311096124945 0.9235890509462894
    outer loop
      vertex 0 -1.8354980644088557 3.7220218773606564
      vertex 0 -1.3339737810081207 3.929760037404689
      vertex -0.17411851815637494 -1.322561450387894 3.929760037404689
    endloop
  endfacet
  facet normal -0.050594153092214114 -0.25435398391114866 0.9657868722142628
    outer loop
      vertex -0.34525782019232093 -1.2885197266682216 3.929760037404689
      vertex -0.17411851815637494 -1.322561450387894 3.929760037404689
      vertex -0.20954632703977402 -0.7820375390518808 4.070258913673406
    endloop
  endfacet
  facet normal -0.016961456102912952 -0.25878181247039017 0.9657868722142627
    outer loop
      vertex -0.17411851815637494 -1.322561450387894 3.929760037404689
      vertex 0 -1.3339737810081207 3.929760037404689
      vertex -0.105677247017758 -0.8026983836566071 4.070258913673406
    endloop
  endfacet
  facet normal -0.05059415309221392 -0.25435398391114866 0.9657868722142628
    outer loop
      vertex -0.17411851815637494 -1.322561450387894 3.929760037404689
      vertex -0.105677247017758 -0.8026983836566071 4.070258913673406
      vertex -0.20954632703977402 -0.7820375390518808 4.070258913673406
    endloop
  endfacet
  facet normal 0.016961456102912956 -0.2587818124703902 0.9657868722142627
    outer loop
      vertex 0 -1.3339737810081207 3.929760037404689
      vertex 0.17411851815637494 -1.322561450387894 3.929760037404689
      vertex 0 -0.8096248363669323 4.070258913673406
    endloop
  endfacet
  facet normal -0.016961456102912994 -0.2587818124703902 0.9657868722142628
    outer loop
      vertex 0 -1.3339737810081207 3.929760037404689
      vertex 0 -0.8096248363669323 4.070258913673406
      vertex -0.105677247017758 -0.8026983836566071 4.070258913673406
    endloop
  endfacet
  facet normal 0.016961456102913122 -0.25878181247039017 0.9657868722142628
    outer loop
      vertex 0.17411851815637494 -1.322561450387894 3.929760037404689
      vertex 0.105677247017758 -0.8026983836566071 4.070258913673406
      vertex 0 -0.8096248363669323 4.070258913673406
    endloop
  endfacet
  facet normal 0.025074511037770485 -0.3825631109612495 0.9235890509462893
    outer loop
      vertex 0 -1.3339737810081207 3.929760037404689
      vertex 0.2395805731745629 -1.8197951240197352 3.7220218773606564
      vertex 0.17411851815637494 -1.322561450387894 3.929760037404689
    endloop
  endfacet
  facet normal 0.07479450127748755 -0.3760173500661698 0.9235890509462894
    outer loop
      vertex 0.2395805731745629 -1.8197951240197352 3.7220218773606564
      vertex 0.34525782019232093 -1.2885197266682216 3.929760037404689
      vertex 0.17411851815637494 -1.322561450387894 3.929760037404689
    endloop
  endfacet
  facet normal 0.12323473686339322 -0.3630378280597529 0.9235890509462893
    outer loop
      vertex 0.4750618563178251 -1.7729549845161094 3.7220218773606564
      vertex 0.5104896652012243 -1.232431073180096 3.929760037404689
      vertex 0.34525782019232093 -1.2885197266682216 3.929760037404689
    endloop
  endfacet
  facet normal 0.050594153092214114 -0.25435398391114866 0.9657868722142628
    outer loop
      vertex 0.17411851815637494 -1.322561450387894 3.929760037404689
      vertex 0.34525782019232093 -1.2885197266682216 3.929760037404689
      vertex 0.20954632703977402 -0.7820375390518808 4.070258913673406
    endloop
  endfacet
  facet normal 0.05059415309221378 -0.25435398391114866 0.9657868722142628
    outer loop
      vertex 0.17411851815637494 -1.322561450387894 3.929760037404689
      vertex 0.20954632703977402 -0.7820375390518808 4.070258913673406
      vertex 0.105677247017758 -0.8026983836566071 4.070258913673406
    endloop
  endfacet
  facet normal 0.08336117009475803 -0.24557408816694007 0.9657868722142626
    outer loop
      vertex 0.34525782019232093 -1.2885197266682216 3.929760037404689
      vertex 0.5104896652012243 -1.232431073180096 3.929760037404689
      vertex 0.3098300113089218 -0.7479958153322084 4.070258913673406
    endloop
  endfacet
  facet normal 0.08336117009475824 -0.24557408816694015 0.9657868722142628
    outer loop
      vertex 0.34525782019232093 -1.2885197266682216 3.929760037404689
      vertex 0.3098300113089218 -0.7479958153322084 4.070258913673406
      vertex 0.20954632703977402 -0.7820375390518808 4.070258913673406
    endloop
  endfacet
  facet normal 0.11470185436489806 -0.23259235168819506 0.9657868722142628
    outer loop
      vertex 0.5104896652012243 -1.232431073180096 3.929760037404689
      vertex 0.40481241818346614 -0.7011556758285825 4.070258913673406
      vertex 0.3098300113089218 -0.7479958153322084 4.070258913673406
    endloop
  endfacet
  facet normal -0.025518101261848645 -0.12828815823775855 0.9914085812438553
    outer loop
      vertex -0.20954632703977402 -0.7820375390518808 4.070258913673406
      vertex -0.105677247017758 -0.8026983836566071 4.070258913673406
      vertex -0.07024943813435891 -0.2621744723205941 4.141114531440205
    endloop
  endfacet
  facet normal -0.04204475516977461 -0.12385985466954112 0.9914085812438552
    outer loop
      vertex -0.3098300113089218 -0.7479958153322084 4.070258913673406
      vertex -0.20954632703977402 -0.7820375390518808 4.070258913673406
      vertex -0.10386908002201602 -0.25076214170036737 4.141114531440205
    endloop
  endfacet
  facet normal -0.05785201165973702 -0.11731227464748849 0.9914085812438552
    outer loop
      vertex -0.3098300113089218 -0.7479958153322084 4.070258913673406
      vertex -0.10386908002201602 -0.25076214170036737 4.141114531440205
      vertex -0.13571149315254685 -0.2350592013112469 4.141114531440205
    endloop
  endfacet
  facet normal -0.04204475516977435 -0.12385985466954112 0.9914085812438552
    outer loop
      vertex -0.20954632703977402 -0.7820375390518808 4.070258913673406
      vertex -0.07024943813435891 -0.2621744723205941 4.141114531440205
      vertex -0.10386908002201602 -0.25076214170036737 4.141114531440205
    endloop
  endfacet
  facet normal -0.00855482556637846 -0.13052141585033078 0.9914085812438553
    outer loop
      vertex -0.105677247017758 -0.8026983836566071 4.070258913673406
      vertex 0 -0.8096248363669323 4.070258913673406
      vertex -0.03542780888339909 -0.26910092503091926 4.141114531440205
    endloop
  endfacet
  facet normal 0.008554825566378458 -0.13052141585033075 0.9914085812438553
    outer loop
      vertex 0 -0.8096248363669323 4.070258913673406
      vertex 0.105677247017758 -0.8026983836566071 4.070258913673406
      vertex 0 -0.2714229863050937 4.141114531440205
    endloop
  endfacet
  facet normal -0.025518101261848794 -0.12828815823775852 0.9914085812438552
    outer loop
      vertex -0.105677247017758 -0.8026983836566071 4.070258913673406
      vertex -0.03542780888339909 -0.26910092503091926 4.141114531440205
      vertex -0.07024943813435891 -0.2621744723205941 4.141114531440205
    endloop
  endfacet
  facet normal -0.008554825566377915 -0.13052141585033072 0.9914085812438552
    outer loop
      vertex 0 -0.8096248363669323 4.070258913673406
      vertex 0 -0.2714229863050937 4.141114531440205
      vertex -0.03542780888339909 -0.26910092503091926 4.141114531440205
    endloop
  endfacet
  facet normal 0.008554825566378151 -0.13052141585033084 0.9914085812438552
    outer loop
      vertex 0.105677247017758 -0.8026983836566071 4.070258913673406
      vertex 0.03542780888339909 -0.26910092503091926 4.141114531440205
      vertex 0 -0.2714229863050937 4.141114531440205
    endloop
  endfacet
  facet normal 0.025518101261848926 -0.12828815823775855 0.9914085812438552
    outer loop
      vertex 0.105677247017758 -0.8026983836566071 4.070258913673406
      vertex 0.07024943813435891 -0.2621744723205941 4.141114531440205
      vertex 0.03542780888339909 -0.26910092503091926 4.141114531440205
    endloop
  endfacet
  facet normal -0.07266940419059348 -0.10875744908111018 0.9914085812438553
    outer loop
      vertex -0.40481241818346614 -0.7011556758285825 4.070258913673406
      vertex -0.13571149315254685 -0.2350592013112469 4.141114531440205
      vertex -0.16523184500890326 -0.21533433281696826 4.141114531440205
    endloop
  endfacet
  facet normal 0 0 1
    outer loop
      vertex -0.2350592013112469 -0.13571149315254685 4.141114531440205
      vertex -0.21533433281696826 -0.16523184500890326 4.141114531440205
      vertex -0.2350592013112469 0.13571149315254685 4.141114531440205
    endloop
  endfacet
  facet normal 0 0 1
    outer loop
      vertex -0.25076214170036737 -0.10386908002201602 4.141114531440205
      vertex -0.2621744723205941 0.07024943813435891 4.141114531440205
      vertex -0.2621744723205941 -0.07024943813435891 4.141114531440205
    endloop
  endfacet
  facet normal 0 0 1
    outer loop
      vertex -0.2350592013112469 -0.13571149315254685 4.141114531440205
      vertex -0.25076214170036737 0.10386908002201602 4.141114531440205
      vertex -0.25076214170036737 -0.10386908002201602 4.141114531440205
    endloop
  endfacet
  facet normal 0 0 1
    outer loop
      vertex -0.1919250341862352 -0.1919250341862352 4.141114531440205
      vertex -0.21533433281696826 0.16523184500890326 4.141114531440205
      vertex -0.21533433281696826 -0.16523184500890326 4.141114531440205
    endloop
  endfacet
  facet normal 0 0 1
    outer loop
      vertex -0.1919250341862352 -0.1919250341862352 4.141114531440205
      vertex -0.16523184500890326 -0.21533433281696826 4.141114531440205
      vertex -0.1919250341862352 0.1919250341862352 4.141114531440205
    endloop
  endfacet
  facet normal 0 0 1
    outer loop
      vertex -0.16523184500890326 -0.21533433281696826 4.141114531440205
      vertex -0.13571149315254685 -0.2350592013112469 4.141114531440205
      vertex -0.16523184500890326 0.21533433281696826 4.141114531440205
    endloop
  endfacet
  facet normal 0 0 1
    outer loop
      vertex -0.13571149315254685 -0.2350592013112469 4.141114531440205
      vertex -0.10386908002201602 -0.25076214170036737 4.141114531440205
      vertex -0.13571149315254685 0.2350592013112469 4.141114531440205
    endloop
  endfacet
  facet normal 0 0 1
    outer loop
      vertex -0.10386908002201602 -0.25076214170036737 4.141114531440205
      vertex -0.07024943813435891 -0.2621744723205941 4.141114531440205
      vertex -0.10386908002201602 0.25076214170036737 4.141114531440205
    endloop
  endfacet
  facet normal 0 0 1
    outer loop
      vertex -0.07024943813435891 -0.2621744723205941 4.141114531440205
      vertex -0.03542780888339909 -0.26910092503091926 4.141114531440205
      vertex -0.07024943813435891 0.2621744723205941 4.141114531440205
    endloop
  endfacet
  facet normal 0 0 1
    outer loop
      vertex -0.03542780888339909 -0.26910092503091926 4.141114531440205
      vertex 0 -0.2714229863050937 4.141114531440205
      vertex -0.03542780888339909 0.26910092503091926 4.141114531440205
    endloop
  endfacet
  facet normal 0 0 1
    outer loop
      vertex 0 -0.2714229863050937 4.141114531440205
      vertex 0.03542780888339909 -0.26910092503091926 4.141114531440205
      vertex 0 0.2714229863050937 4.141114531440205
    endloop
  endfacet
  facet normal 0 0 1
    outer loop
      vertex 0.03542780888339909 -0.26910092503091926 4.141114531440205
      vertex 0.07024943813435891 -0.2621744723205941 4.141114531440205
      vertex 0.03542780888339909 0.26910092503091926 4.141114531440205
    endloop
  endfacet
  facet normal 0 0 1
    outer loop
      vertex 0.07024943813435891 -0.2621744723205941 4.141114531440205
      vertex 0.10386908002201602 -0.25076214170036737 4.141114531440205
      vertex 0.07024943813435891 0.2621744723205941 4.141114531440205
    endloop
  endfacet
  facet normal 0.025518101261848645 -0.12828815823775855 0.9914085812438553
    outer loop
      vertex 0.105677247017758 -0.8026983836566071 4.070258913673406
      vertex 0.20954632703977402 -0.7820375390518808 4.070258913673406
      vertex 0.07024943813435891 -0.2621744723205941 4.141114531440205
    endloop
  endfacet
  facet normal 0.042044755169774455 -0.12385985466954115 0.9914085812438552
    outer loop
      vertex 0.07024943813435891 -0.2621744723205941 4.141114531440205
      vertex 0.20954632703977402 -0.7820375390518808 4.070258913673406
      vertex 0.10386908002201602 -0.25076214170036737 4.141114531440205
    endloop
  endfacet
  facet normal 0.05785201165973718 -0.11731227464748846 0.9914085812438552
    outer loop
      vertex 0.10386908002201602 -0.25076214170036737 4.141114531440205
      vertex 0.3098300113089218 -0.7479958153322084 4.070258913673406
      vertex 0.13571149315254685 -0.2350592013112469 4.141114531440205
    endloop
  endfacet
  facet normal 0.0420447551697746 -0.12385985466954114 0.9914085812438552
    outer loop
      vertex 0.10386908002201602 -0.25076214170036737 4.141114531440205
      vertex 0.20954632703977402 -0.7820375390518808 4.070258913673406
      vertex 0.3098300113089218 -0.7479958153322084 4.070258913673406
    endloop
  endfacet
  facet normal 0.057852011659737114 -0.11731227464748852 0.9914085812438552
    outer loop
      vertex 0.3098300113089218 -0.7479958153322084 4.070258913673406
      vertex 0.40481241818346614 -0.7011556758285825 4.070258913673406
      vertex 0.13571149315254685 -0.2350592013112469 4.141114531440205
    endloop
  endfacet
  facet normal 0.07266940419059356 -0.10875744908111018 0.9914085812438552
    outer loop
      vertex 0.40481241818346614 -0.7011556758285825 4.070258913673406
      vertex 0.4928683723476853 -0.6423185683144504 4.070258913673406
      vertex 0.16523184500890326 -0.21533433281696826 4.141114531440205
    endloop
  endfacet
  facet normal 0.086243403067984 -0.0983417534076924 0.9914085812438552
    outer loop
      vertex 0.4928683723476853 -0.6423185683144504 4.070258913673406
      vertex 0.5724912120121067 -0.5724912120121067 4.070258913673406
      vertex 0.1919250341862352 -0.1919250341862352 4.141114531440205
    endloop
  endfacet
  facet normal 0.07266940419059359 -0.10875744908111022 0.9914085812438552
    outer loop
      vertex 0.40481241818346614 -0.7011556758285825 4.070258913673406
      vertex 0.16523184500890326 -0.21533433281696826 4.141114531440205
      vertex 0.13571149315254685 -0.2350592013112469 4.141114531440205
    endloop
  endfacet
  facet normal 0.08624340306798384 -0.09834175340769245 0.9914085812438552
    outer loop
      vertex 0.4928683723476853 -0.6423185683144504 4.070258913673406
      vertex 0.1919250341862352 -0.1919250341862352 4.141114531440205
      vertex 0.16523184500890326 -0.21533433281696826 4.141114531440205
    endloop
  endfacet
  facet normal 0 0 1
    outer loop
      vertex 0.10386908002201602 -0.25076214170036737 4.141114531440205
      vertex 0.13571149315254685 -0.2350592013112469 4.141114531440205
      vertex 0.10386908002201602 0.25076214170036737 4.141114531440205
    endloop
  endfacet
  facet normal 0 0 1
    outer loop
      vertex 0.13571149315254685 -0.2350592013112469 4.141114531440205
      vertex 0.16523184500890326 -0.21533433281696826 4.141114531440205
      vertex 0.13571149315254685 0.2350592013112469 4.141114531440205
    endloop
  endfacet
  facet normal 0 0 1
    outer loop
      vertex 0.16523184500890326 -0.21533433281696826 4.141114531440205
      vertex 0.1919250341862352 -0.1919250341862352 4.141114531440205
      vertex 0.16523184500890326 0.21533433281696826 4.141114531440205
    endloop
  endfacet
  facet normal 0 0 1
    outer loop
      vertex 0.1919250341862352 -0.1919250341862352 4.141114531440205
      vertex 0.21533433281696826 -0.16523184500890326 4.141114531440205
      vertex 0.1919250341862352 0.1919250341862352 4.141114531440205
    endloop
  endfacet
  facet normal 0 0 1
    outer loop
      vertex 0.21533433281696826 -0.16523184500890326 4.141114531440205
      vertex 0.2350592013112469 -0.13571149315254685 4.141114531440205
      vertex 0.21533433281696826 0.16523184500890326 4.141114531440205
    endloop
  endfacet
  facet normal 0 0 1
    outer loop
      vertex 0.2350592013112469 -0.13571149315254685 4.141114531440205
      vertex 0.25076214170036737 -0.10386908002201602 4.141114531440205
      vertex 0.2350592013112469 0.13571149315254685 4.141114531440205
    endloop
  endfacet
  facet normal 0 0 1
    outer loop
      vertex 0.25076214170036737 -0.10386908002201602 4.141114531440205
      vertex 0.2621744723205941 -0.07024943813435891 4.141114531440205
      vertex 0.25076214170036737 0.10386908002201602 4.141114531440205
    endloop
  endfacet
  facet normal 0 0 1
    outer loop
      vertex 0.2621744723205941 -0.07024943813435891 4.141114531440205
      vertex 0.26910092503091926 -0.03542780888339909 4.141114531440205
      vertex 0.2621744723205941 0.07024943813435891 4.141114531440205
    endloop
  endfacet
  facet normal 0.09834175340769247 -0.08624340306798395 0.9914085812438552
    outer loop
      vertex 0.1919250341862352 -0.1919250341862352 4.141114531440205
      vertex 0.5724912120121067 -0.5724912120121067 4.070258913673406
      vertex 0.21533433281696826 -0.16523184500890326 4.141114531440205
    endloop
  endfacet
  facet normal 0.10875744908111014 -0.07266940419059362 0.9914085812438552
    outer loop
      vertex 0.21533433281696826 -0.16523184500890326 4.141114531440205
      vertex 0.6423185683144504 -0.4928683723476853 4.070258913673406
      vertex 0.2350592013112469 -0.13571149315254685 4.141114531440205
    endloop
  endfacet
  facet normal 0.11731227464748846 -0.05785201165973718 0.9914085812438552
    outer loop
      vertex 0.2350592013112469 -0.13571149315254685 4.141114531440205
      vertex 0.7011556758285825 -0.40481241818346614 4.070258913673406
      vertex 0.25076214170036737 -0.10386908002201602 4.141114531440205
    endloop
  endfacet
  facet normal 0.12385985466954116 -0.04204475516977447 0.9914085812438552
    outer loop
      vertex 0.25076214170036737 -0.10386908002201602 4.141114531440205
      vertex 0.7479958153322084 -0.3098300113089218 4.070258913673406
      vertex 0.2621744723205941 -0.07024943813435891 4.141114531440205
    endloop
  endfacet
  facet normal 0.12828815823775852 -0.025518101261848704 0.9914085812438552
    outer loop
      vertex 0.2621744723205941 -0.07024943813435891 4.141114531440205
      vertex 0.7820375390518808 -0.20954632703977402 4.070258913673406
      vertex 0.26910092503091926 -0.03542780888339909 4.141114531440205
    endloop
  endfacet
  facet normal 0.13052141585033075 -0.008554825566378446 0.9914085812438552
    outer loop
      vertex 0.26910092503091926 -0.03542780888339909 4.141114531440205
      vertex 0.8026983836566071 -0.105677247017758 4.070258913673406
      vertex 0.2714229863050937 0 4.141114531440205
    endloop
  endfacet
  facet normal 0.12323473686339327 -0.363037828059753 0.9235890509462893
    outer loop
      vertex 0.4750618563178251 -1.7729549845161094 3.7220218773606564
      vertex 0.7024146993874595 -1.6957790936714252 3.7220218773606564
      vertex 0.5104896652012243 -1.232431073180096 3.929760037404689
    endloop
  endfacet
  facet normal 0.16956639193444206 -0.3438466281621323 0.9235890509462893
    outer loop
      vertex 0.5104896652012243 -1.232431073180096 3.929760037404689
      vertex 0.7024146993874595 -1.6957790936714252 3.7220218773606564
      vertex 0.6669868905040603 -1.155255182335412 3.929760037404689
    endloop
  endfacet
  facet normal 0.16956639193444212 -0.34384662816213235 0.9235890509462893
    outer loop
      vertex 0.7024146993874595 -1.6957790936714252 3.7220218773606564
      vertex 0.9177490322044278 -1.5895879523752348 3.7220218773606564
      vertex 0.6669868905040603 -1.155255182335412 3.929760037404689
    endloop
  endfacet
  facet normal 0.2129967190268072 -0.31877211712436176 0.9235890509462893
    outer loop
      vertex 0.9177490322044278 -1.5895879523752348 3.7220218773606564
      vertex 0.8120717851866698 -1.0583125550237211 3.929760037404689
      vertex 0.6669868905040603 -1.155255182335412 3.929760037404689
    endloop
  endfacet
  facet normal 0.11470185436489781 -0.2325923516881951 0.9657868722142627
    outer loop
      vertex 0.5104896652012243 -1.232431073180096 3.929760037404689
      vertex 0.6669868905040603 -1.155255182335412 3.929760037404689
      vertex 0.40481241818346614 -0.7011556758285825 4.070258913673406
    endloop
  endfacet
  facet normal 0.14407995810549212 -0.21563089558528223 0.9657868722142628
    outer loop
      vertex 0.40481241818346614 -0.7011556758285825 4.070258913673406
      vertex 0.6669868905040603 -1.155255182335412 3.929760037404689
      vertex 0.4928683723476853 -0.6423185683144504 4.070258913673406
    endloop
  endfacet
  facet normal 0.14407995810549235 -0.2156308955852821 0.9657868722142626
    outer loop
      vertex 0.4928683723476853 -0.6423185683144504 4.070258913673406
      vertex 0.6669868905040603 -1.155255182335412 3.929760037404689
      vertex 0.8120717851866698 -1.0583125550237211 3.929760037404689
    endloop
  endfacet
  facet normal 0.17099281381639062 -0.19497993507472616 0.9657868722142627
    outer loop
      vertex 0.8120717851866698 -1.0583125550237211 3.929760037404689
      vertex 0.9432619064759007 -0.9432619064759007 3.929760037404689
      vertex 0.5724912120121067 -0.5724912120121067 4.070258913673406
    endloop
  endfacet
  facet normal 0.21299671902680714 -0.31877211712436193 0.9235890509462894
    outer loop
      vertex 0.9177490322044278 -1.5895879523752348 3.7220218773606564
      vertex 1.1173804246322758 -1.4561985204968624 3.7220218773606564
      vertex 0.8120717851866698 -1.0583125550237211 3.929760037404689
    endloop
  endfacet
  facet normal 0.25278261320277645 -0.2882433267822657 0.9235890509462895
    outer loop
      vertex 1.1173804246322758 -1.4561985204968624 3.7220218773606564
      vertex 1.2978931281982844 -1.2978931281982844 3.7220218773606564
      vertex 0.9432619064759007 -0.9432619064759007 3.929760037404689
    endloop
  endfacet
  facet normal 0.25278261320277656 -0.2882433267822656 0.9235890509462893
    outer loop
      vertex 0.8120717851866698 -1.0583125550237211 3.929760037404689
      vertex 1.1173804246322758 -1.4561985204968624 3.7220218773606564
      vertex 0.9432619064759007 -0.9432619064759007 3.929760037404689
    endloop
  endfacet
  facet normal 0.28824332678226555 -0.2527826132027765 0.9235890509462894
    outer loop
      vertex 1.2978931281982844 -1.2978931281982844 3.7220218773606564
      vertex 1.0583125550237211 -0.8120717851866698 3.929760037404689
      vertex 0.9432619064759007 -0.9432619064759007 3.929760037404689
    endloop
  endfacet
  facet normal 0.17099281381639078 -0.19497993507472608 0.9657868722142628
    outer loop
      vertex 0.4928683723476853 -0.6423185683144504 4.070258913673406
      vertex 0.8120717851866698 -1.0583125550237211 3.929760037404689
      vertex 0.5724912120121067 -0.5724912120121067 4.070258913673406
    endloop
  endfacet
  facet normal 0.0983417534076924 -0.08624340306798399 0.9914085812438552
    outer loop
      vertex 0.21533433281696826 -0.16523184500890326 4.141114531440205
      vertex 0.5724912120121067 -0.5724912120121067 4.070258913673406
      vertex 0.6423185683144504 -0.4928683723476853 4.070258913673406
    endloop
  endfacet
  facet normal 0.19497993507472605 -0.17099281381639073 0.9657868722142628
    outer loop
      vertex 0.5724912120121067 -0.5724912120121067 4.070258913673406
      vertex 0.9432619064759007 -0.9432619064759007 3.929760037404689
      vertex 0.6423185683144504 -0.4928683723476853 4.070258913673406
    endloop
  endfacet
  facet normal 0.21563089558528228 -0.14407995810549218 0.9657868722142628
    outer loop
      vertex 0.6423185683144504 -0.4928683723476853 4.070258913673406
      vertex 1.0583125550237211 -0.8120717851866698 3.929760037404689
      vertex 0.7011556758285825 -0.40481241818346614 4.070258913673406
    endloop
  endfacet
  facet normal 0.1087574490811102 -0.07266940419059359 0.9914085812438552
    outer loop
      vertex 0.2350592013112469 -0.13571149315254685 4.141114531440205
      vertex 0.6423185683144504 -0.4928683723476853 4.070258913673406
      vertex 0.7011556758285825 -0.40481241818346614 4.070258913673406
    endloop
  endfacet
  facet normal 0.11731227464748857 -0.05785201165973716 0.9914085812438553
    outer loop
      vertex 0.25076214170036737 -0.10386908002201602 4.141114531440205
      vertex 0.7011556758285825 -0.40481241818346614 4.070258913673406
      vertex 0.7479958153322084 -0.3098300113089218 4.070258913673406
    endloop
  endfacet
  facet normal 0.12385985466954112 -0.042044755169774656 0.9914085812438552
    outer loop
      vertex 0.2621744723205941 -0.07024943813435891 4.141114531440205
      vertex 0.7479958153322084 -0.3098300113089218 4.070258913673406
      vertex 0.7820375390518808 -0.20954632703977402 4.070258913673406
    endloop
  endfacet
  facet normal 0.12828815823775858 -0.0255181012618487 0.9914085812438553
    outer loop
      vertex 0.26910092503091926 -0.03542780888339909 4.141114531440205
      vertex 0.7820375390518808 -0.20954632703977402 4.070258913673406
      vertex 0.8026983836566071 -0.105677247017758 4.070258913673406
    endloop
  endfacet
  facet normal 0.13052141585033075 -0.008554825566378458 0.9914085812438553
    outer loop
      vertex 0.8026983836566071 -0.105677247017758 4.070258913673406
      vertex 0.8096248363669323 0 4.070258913673406
      vertex 0.2714229863050937 0 4.141114531440205
    endloop
  endfacet
  facet normal 0.1949799350747262 -0.17099281381639064 0.9657868722142627
    outer loop
      vertex 0.9432619064759007 -0.9432619064759007 3.929760037404689
      vertex 1.0583125550237211 -0.8120717851866698 3.929760037404689
      vertex 0.6423185683144504 -0.4928683723476853 4.070258913673406
    endloop
  endfacet
  facet normal 0.21563089558528203 -0.14407995810549235 0.9657868722142626
    outer loop
      vertex 0.7011556758285825 -0.40481241818346614 4.070258913673406
      vertex 1.0583125550237211 -0.8120717851866698 3.929760037404689
      vertex 1.155255182335412 -0.6669868905040603 3.929760037404689
    endloop
  endfacet
  facet normal 0.23259235168819506 -0.11470185436489794 0.9657868722142628
    outer loop
      vertex 0.7011556758285825 -0.40481241818346614 4.070258913673406
      vertex 1.155255182335412 -0.6669868905040603 3.929760037404689
      vertex 0.7479958153322084 -0.3098300113089218 4.070258913673406
    endloop
  endfacet
  facet normal 0.23259235168819511 -0.11470185436489783 0.9657868722142627
    outer loop
      vertex 0.7479958153322084 -0.3098300113089218 4.070258913673406
      vertex 1.155255182335412 -0.6669868905040603 3.929760037404689
      vertex 1.232431073180096 -0.5104896652012243 3.929760037404689
    endloop
  endfacet
  facet normal 0.24557408816694012 -0.08336117009475812 0.9657868722142628
    outer loop
      vertex 0.7479958153322084 -0.3098300113089218 4.070258913673406
      vertex 1.232431073180096 -0.5104896652012243 3.929760037404689
      vertex 0.7820375390518808 -0.20954632703977402 4.070258913673406
    endloop
  endfacet
  facet normal 0.2543539839111487 -0.05059415309221387 0.9657868722142627
    outer loop
      vertex 0.7820375390518808 -0.20954632703977402 4.070258913673406
      vertex 1.2885197266682216 -0.34525782019232093 3.929760037404689
      vertex 0.8026983836566071 -0.105677247017758 4.070258913673406
    endloop
  endfacet
  facet normal 0.25878181247039017 -0.016961456102913088 0.9657868722142628
    outer loop
      vertex 0.8026983836566071 -0.105677247017758 4.070258913673406
      vertex 1.322561450387894 -0.17411851815637494 3.929760037404689
      vertex 0.8096248363669323 0 4.070258913673406
    endloop
  endfacet
  facet normal 0.24557408816694012 -0.08336117009475809 0.9657868722142626
    outer loop
      vertex 0.7820375390518808 -0.20954632703977402 4.070258913673406
      vertex 1.232431073180096 -0.5104896652012243 3.929760037404689
      vertex 1.2885197266682216 -0.34525782019232093 3.929760037404689
    endloop
  endfacet
  facet normal 0.2543539839111486 -0.05059415309221415 0.9657868722142628
    outer loop
      vertex 0.8026983836566071 -0.105677247017758 4.070258913673406
      vertex 1.2885197266682216 -0.34525782019232093 3.929760037404689
      vertex 1.322561450387894 -0.17411851815637494 3.929760037404689
    endloop
  endfacet
  facet normal 0.2587818124703902 -0.016961456102912956 0.9657868722142627
    outer loop
      vertex 1.322561450387894 -0.17411851815637494 3.929760037404689
      vertex 1.3339737810081207 0 3.929760037404689
      vertex 0.8096248363669323 0 4.070258913673406
    endloop
  endfacet
  facet normal 0.38323821235150807 -0.7771302178258087 0.49919645144535185
    outer loop
      vertex 1.4243561073663313 -3.438699832052745 1.8354980644088557
      vertex 1.7252994455277815 -2.98830629792453 2.3056164670313493
      vertex 1.3204870273443152 -3.1879376903523777 2.3056164670313493
    endloop
  endfacet
  facet normal 0.35116966187339516 -0.7121016303436299 0.6079400765220775
    outer loop
      vertex 1.3204870273443152 -3.1879376903523777 2.3056164670313493
      vertex 1.7252994455277815 -2.98830629792453 2.3056164670313493
      vertex 1.5600676005188785 -2.702116347340764 2.736285132665286
    endloop
  endfacet
  facet normal 0.3832382123515092 -0.7771302178258086 0.4991964514453511
    outer loop
      vertex 1.4243561073663313 -3.438699832052745 1.8354980644088557
      vertex 1.8610109386803282 -3.2233654992357765 1.8354980644088557
      vertex 1.7252994455277815 -2.98830629792453 2.3056164670313493
    endloop
  endfacet
  facet normal 0.4813954045099303 -0.7204591365102463 0.49919645144535113
    outer loop
      vertex 1.8610109386803282 -3.2233654992357765 1.8354980644088557
      vertex 2.1005915118548915 -2.7375441562241627 2.3056164670313493
      vertex 1.7252994455277815 -2.98830629792453 2.3056164670313493
    endloop
  endfacet
  facet normal 0.4411132710172011 -0.6601726633925673 0.6079400765220774
    outer loop
      vertex 1.7252994455277815 -2.98830629792453 2.3056164670313493
      vertex 2.1005915118548915 -2.7375441562241627 2.3056164670313493
      vertex 1.8994179636841568 -2.475369683903569 2.736285132665286
    endloop
  endfacet
  facet normal 0.3511696618733962 -0.7121016303436299 0.6079400765220769
    outer loop
      vertex 1.3204870273443152 -3.1879376903523777 2.3056164670313493
      vertex 1.5600676005188785 -2.702116347340764 2.736285132665286
      vertex 1.1940240481762683 -2.8826290509067727 2.736285132665286
    endloop
  endfacet
  facet normal 0.3130803169961175 -0.6348640795793229 0.7063485793639778
    outer loop
      vertex 1.1940240481762683 -2.8826290509067727 2.736285132665286
      vertex 1.5600676005188785 -2.702116347340764 2.736285132665286
      vertex 1.368142566332643 -2.3696924368858103 3.120135201037757
    endloop
  endfacet
  facet normal 0.31308031699611755 -0.634864079579323 0.7063485793639778
    outer loop
      vertex 1.1940240481762683 -2.8826290509067727 2.736285132665286
      vertex 1.368142566332643 -2.3696924368858103 3.120135201037757
      vertex 1.0471309864979166 -2.5279978291843888 3.120135201037757
    endloop
  endfacet
  facet normal 0.4411132710172009 -0.6601726633925673 0.6079400765220775
    outer loop
      vertex 1.7252994455277815 -2.98830629792453 2.3056164670313493
      vertex 1.8994179636841568 -2.475369683903569 2.736285132665286
      vertex 1.5600676005188785 -2.702116347340764 2.736285132665286
    endloop
  endfacet
  facet normal 0.39326826236786044 -0.5885675477331841 0.7063485793639779
    outer loop
      vertex 1.5600676005188785 -2.702116347340764 2.736285132665286
      vertex 1.8994179636841568 -2.475369683903569 2.736285132665286
      vertex 1.6657448475366363 -2.17084094998925 3.120135201037757
    endloop
  endfacet
  facet normal 0.39326826236786055 -0.588567547733184 0.7063485793639779
    outer loop
      vertex 1.368142566332643 -2.3696924368858103 3.120135201037757
      vertex 1.5600676005188785 -2.702116347340764 2.736285132665286
      vertex 1.6657448475366363 -2.17084094998925 3.120135201037757
    endloop
  endfacet
  facet normal 0.4667272787359287 -0.5322004619635772 0.7063485793639779
    outer loop
      vertex 1.6657448475366363 -2.17084094998925 3.120135201037757
      vertex 1.8994179636841568 -2.475369683903569 2.736285132665286
      vertex 1.9348457725675556 -1.9348457725675556 3.120135201037757
    endloop
  endfacet
  facet normal 0.4813954045099302 -0.7204591365102464 0.49919645144535113
    outer loop
      vertex 1.8610109386803282 -3.2233654992357765 1.8354980644088557
      vertex 2.265823356863794 -2.952878489041131 1.8354980644088557
      vertex 2.1005915118548915 -2.7375441562241627 2.3056164670313493
    endloop
  endfacet
  facet normal 0.5713157878291658 -0.6514607996199839 0.4991964514453512
    outer loop
      vertex 2.265823356863794 -2.952878489041131 1.8354980644088557
      vertex 2.43994187502017 -2.43994187502017 2.3056164670313493
      vertex 2.1005915118548915 -2.7375441562241627 2.3056164670313493
    endloop
  endfacet
  facet normal 0.5235093097941983 -0.5969479591364162 0.6079400765220777
    outer loop
      vertex 2.1005915118548915 -2.7375441562241627 2.3056164670313493
      vertex 2.43994187502017 -2.43994187502017 2.3056164670313493
      vertex 2.2062687588726497 -2.2062687588726497 2.736285132665286
    endloop
  endfacet
  facet normal 0.5713157878291654 -0.651460799619984 0.4991964514453516
    outer loop
      vertex 2.265823356863794 -2.952878489041131 1.8354980644088557
      vertex 2.631866909206405 -2.631866909206405 1.8354980644088557
      vertex 2.43994187502017 -2.43994187502017 2.3056164670313493
    endloop
  endfacet
  facet normal 0.6514607996199855 -0.5713157878291636 0.49919645144535146
    outer loop
      vertex 2.631866909206405 -2.631866909206405 1.8354980644088557
      vertex 2.644249647779103 -2.5878041876565248 1.8697668570947434
      vertex 2.43994187502017 -2.43994187502017 2.3056164670313493
    endloop
  endfacet
  facet normal 0.5235093097941989 -0.596947959136416 0.6079400765220775
    outer loop
      vertex 2.1005915118548915 -2.7375441562241627 2.3056164670313493
      vertex 2.2062687588726497 -2.2062687588726497 2.736285132665286
      vertex 1.8994179636841568 -2.475369683903569 2.736285132665286
    endloop
  endfacet
  facet normal 0.6514607996199839 -0.5713157878291655 0.49919645144535135
    outer loop
      vertex 2.644249647779103 -2.5878041876565248 1.8697668570947434
      vertex 2.865516779484703 -2.198788359405168 2.0262263463774697
      vertex 2.43994187502017 -2.43994187502017 2.3056164670313493
    endloop
  endfacet
  facet normal 0.5969479591364164 -0.5235093097941984 0.6079400765220774
    outer loop
      vertex 2.43994187502017 -2.43994187502017 2.3056164670313493
      vertex 2.7375441562241627 -2.1005915118548915 2.3056164670313493
      vertex 2.475369683903569 -1.8994179636841568 2.736285132665286
    endloop
  endfacet
  facet normal 0.466727278735929 -0.5322004619635771 0.7063485793639777
    outer loop
      vertex 1.8994179636841568 -2.475369683903569 2.736285132665286
      vertex 2.2062687588726497 -2.2062687588726497 2.736285132665286
      vertex 1.9348457725675556 -1.9348457725675556 3.120135201037757
    endloop
  endfacet
  facet normal 0.5322004619635773 -0.46672727873592873 0.7063485793639777
    outer loop
      vertex 2.2062687588726497 -2.2062687588726497 2.736285132665286
      vertex 2.17084094998925 -1.6657448475366363 3.120135201037757
      vertex 1.9348457725675556 -1.9348457725675556 3.120135201037757
    endloop
  endfacet
  facet normal 0.532200461963577 -0.46672727873592884 0.7063485793639779
    outer loop
      vertex 2.2062687588726497 -2.2062687588726497 2.736285132665286
      vertex 2.475369683903569 -1.8994179636841568 2.736285132665286
      vertex 2.17084094998925 -1.6657448475366363 3.120135201037757
    endloop
  endfacet
  facet normal 0.5969479591364157 -0.5235093097941986 0.6079400765220778
    outer loop
      vertex 2.43994187502017 -2.43994187502017 2.3056164670313493
      vertex 2.475369683903569 -1.8994179636841568 2.736285132665286
      vertex 2.2062687588726497 -2.2062687588726497 2.736285132665286
    endloop
  endfacet
  facet normal 0.588567547733184 -0.39326826236786055 0.7063485793639779
    outer loop
      vertex 2.17084094998925 -1.6657448475366363 3.120135201037757
      vertex 2.475369683903569 -1.8994179636841568 2.736285132665286
      vertex 2.3696924368858103 -1.368142566332643 3.120135201037757
    endloop
  endfacet
  facet normal 0.3386659386536711 -0.5068493954076015 0.7927225696110692
    outer loop
      vertex 1.368142566332643 -2.3696924368858103 3.120135201037757
      vertex 1.6657448475366363 -2.17084094998925 3.120135201037757
      vertex 1.403570375216042 -1.8291685255497974 3.450598891055563
    endloop
  endfacet
  facet normal 0.33866593865367106 -0.5068493954076017 0.7927225696110693
    outer loop
      vertex 1.368142566332643 -2.3696924368858103 3.120135201037757
      vertex 1.403570375216042 -1.8291685255497974 3.450598891055563
      vertex 1.1528082335156746 -1.996722431832875 3.450598891055563
    endloop
  endfacet
  facet normal 0.2782317834462878 -0.4164032904624112 0.8655607282983527
    outer loop
      vertex 1.1528082335156746 -1.996722431832875 3.450598891055563
      vertex 1.403570375216042 -1.8291685255497974 3.450598891055563
      vertex 1.1173804246322758 -1.4561985204968624 3.7220218773606564
    endloop
  endfacet
  facet normal 0.4019257262121099 -0.45830845316019586 0.7927225696110695
    outer loop
      vertex 1.403570375216042 -1.8291685255497974 3.450598891055563
      vertex 1.6657448475366363 -2.17084094998925 3.120135201037757
      vertex 1.630317038653237 -1.630317038653237 3.450598891055563
    endloop
  endfacet
  facet normal 0.4019257262121097 -0.4583084531601958 0.7927225696110693
    outer loop
      vertex 1.6657448475366363 -2.17084094998925 3.120135201037757
      vertex 1.9348457725675556 -1.9348457725675556 3.120135201037757
      vertex 1.630317038653237 -1.630317038653237 3.450598891055563
    endloop
  endfacet
  facet normal 0.4583084531601958 -0.40192572621210987 0.7927225696110695
    outer loop
      vertex 1.9348457725675556 -1.9348457725675556 3.120135201037757
      vertex 1.8291685255497974 -1.403570375216042 3.450598891055563
      vertex 1.630317038653237 -1.630317038653237 3.450598891055563
    endloop
  endfacet
  facet normal 0.45830845316019597 -0.4019257262121098 0.7927225696110695
    outer loop
      vertex 1.9348457725675556 -1.9348457725675556 3.120135201037757
      vertex 2.17084094998925 -1.6657448475366363 3.120135201037757
      vertex 1.8291685255497974 -1.403570375216042 3.450598891055563
    endloop
  endfacet
  facet normal 0.5885675477331841 -0.39326826236786044 0.7063485793639778
    outer loop
      vertex 2.475369683903569 -1.8994179636841568 2.736285132665286
      vertex 2.702116347340764 -1.5600676005188785 2.736285132665286
      vertex 2.3696924368858103 -1.368142566332643 3.120135201037757
    endloop
  endfacet
  facet normal 0.6348640795793229 -0.31308031699611755 0.7063485793639779
    outer loop
      vertex 2.702116347340764 -1.5600676005188785 2.736285132665286
      vertex 2.5279978291843888 -1.0471309864979166 3.120135201037757
      vertex 2.3696924368858103 -1.368142566332643 3.120135201037757
    endloop
  endfacet
  facet normal 0.33020300790065166 -0.37652436734026584 0.8655607282983527
    outer loop
      vertex 1.403570375216042 -1.8291685255497974 3.450598891055563
      vertex 1.630317038653237 -1.630317038653237 3.450598891055563
      vertex 1.2978931281982844 -1.2978931281982844 3.7220218773606564
    endloop
  endfacet
  facet normal 0.3765243673402658 -0.33020300790065155 0.8655607282983527
    outer loop
      vertex 1.630317038653237 -1.630317038653237 3.450598891055563
      vertex 1.8291685255497974 -1.403570375216042 3.450598891055563
      vertex 1.4561985204968624 -1.1173804246322758 3.7220218773606564
    endloop
  endfacet
  facet normal 0.4164032904624112 -0.2782317834462878 0.8655607282983527
    outer loop
      vertex 1.8291685255497974 -1.403570375216042 3.450598891055563
      vertex 1.996722431832875 -1.1528082335156746 3.450598891055563
      vertex 1.5895879523752348 -0.9177490322044278 3.7220218773606564
    endloop
  endfacet
  facet normal 0.33020300790065144 -0.3765243673402659 0.8655607282983527
    outer loop
      vertex 1.403570375216042 -1.8291685255497974 3.450598891055563
      vertex 1.2978931281982844 -1.2978931281982844 3.7220218773606564
      vertex 1.1173804246322758 -1.4561985204968624 3.7220218773606564
    endloop
  endfacet
  facet normal 0.376524367340266 -0.3302030079006515 0.8655607282983527
    outer loop
      vertex 1.2978931281982844 -1.2978931281982844 3.7220218773606564
      vertex 1.630317038653237 -1.630317038653237 3.450598891055563
      vertex 1.4561985204968624 -1.1173804246322758 3.7220218773606564
    endloop
  endfacet
  facet normal 0.2882433267822657 -0.25278261320277645 0.9235890509462894
    outer loop
      vertex 1.2978931281982844 -1.2978931281982844 3.7220218773606564
      vertex 1.4561985204968624 -1.1173804246322758 3.7220218773606564
      vertex 1.0583125550237211 -0.8120717851866698 3.929760037404689
    endloop
  endfacet
  facet normal 0.31877211712436176 -0.21299671902680725 0.9235890509462894
    outer loop
      vertex 1.0583125550237211 -0.8120717851866698 3.929760037404689
      vertex 1.4561985204968624 -1.1173804246322758 3.7220218773606564
      vertex 1.155255182335412 -0.6669868905040603 3.929760037404689
    endloop
  endfacet
  facet normal 0.31877211712436193 -0.21299671902680717 0.9235890509462893
    outer loop
      vertex 1.155255182335412 -0.6669868905040603 3.929760037404689
      vertex 1.4561985204968624 -1.1173804246322758 3.7220218773606564
      vertex 1.5895879523752348 -0.9177490322044278 3.7220218773606564
    endloop
  endfacet
  facet normal 0.4164032904624112 -0.27823178344628785 0.8655607282983528
    outer loop
      vertex 1.4561985204968624 -1.1173804246322758 3.7220218773606564
      vertex 1.8291685255497974 -1.403570375216042 3.450598891055563
      vertex 1.5895879523752348 -0.9177490322044278 3.7220218773606564
    endloop
  endfacet
  facet normal 0.44915743783594164 -0.22149993603673437 0.8655607282983526
    outer loop
      vertex 1.996722431832875 -1.1528082335156746 3.450598891055563
      vertex 1.6957790936714252 -0.7024146993874595 3.7220218773606564
      vertex 1.5895879523752348 -0.9177490322044278 3.7220218773606564
    endloop
  endfacet
  facet normal 0.34384662816213235 -0.1695663919344421 0.9235890509462893
    outer loop
      vertex 1.155255182335412 -0.6669868905040603 3.929760037404689
      vertex 1.5895879523752348 -0.9177490322044278 3.7220218773606564
      vertex 1.232431073180096 -0.5104896652012243 3.929760037404689
    endloop
  endfacet
  facet normal 0.3438466281621324 -0.16956639193444215 0.9235890509462894
    outer loop
      vertex 1.232431073180096 -0.5104896652012243 3.929760037404689
      vertex 1.5895879523752348 -0.9177490322044278 3.7220218773606564
      vertex 1.6957790936714252 -0.7024146993874595 3.7220218773606564
    endloop
  endfacet
  facet normal 0.363037828059753 -0.12323473686339323 0.9235890509462894
    outer loop
      vertex 1.232431073180096 -0.5104896652012243 3.929760037404689
      vertex 1.6957790936714252 -0.7024146993874595 3.7220218773606564
      vertex 1.2885197266682216 -0.34525782019232093 3.929760037404689
    endloop
  endfacet
  facet normal 0.3760173500661697 -0.07479450127748755 0.9235890509462894
    outer loop
      vertex 1.2885197266682216 -0.34525782019232093 3.929760037404689
      vertex 1.7729549845161094 -0.4750618563178251 3.7220218773606564
      vertex 1.322561450387894 -0.17411851815637494 3.929760037404689
    endloop
  endfacet
  facet normal 0.3825631109612495 -0.025074511037770485 0.9235890509462893
    outer loop
      vertex 1.322561450387894 -0.17411851815637494 3.929760037404689
      vertex 1.8197951240197352 -0.2395805731745629 3.7220218773606564
      vertex 1.3339737810081207 0 3.929760037404689
    endloop
  endfacet
  facet normal 0.36303782805975293 -0.12323473686339333 0.9235890509462894
    outer loop
      vertex 1.2885197266682216 -0.34525782019232093 3.929760037404689
      vertex 1.6957790936714252 -0.7024146993874595 3.7220218773606564
      vertex 1.7729549845161094 -0.4750618563178251 3.7220218773606564
    endloop
  endfacet
  facet normal 0.4742263769181305 -0.16097816331020814 0.865560728298353
    outer loop
      vertex 1.6957790936714252 -0.7024146993874595 3.7220218773606564
      vertex 2.1301118637112477 -0.8823212233210286 3.450598891055563
      vertex 1.7729549845161094 -0.4750618563178251 3.7220218773606564
    endloop
  endfacet
  facet normal 0.37601735006616993 -0.07479450127748734 0.9235890509462894
    outer loop
      vertex 1.322561450387894 -0.17411851815637494 3.929760037404689
      vertex 1.7729549845161094 -0.4750618563178251 3.7220218773606564
      vertex 1.8197951240197352 -0.2395805731745629 3.7220218773606564
    endloop
  endfacet
  facet normal 0.3825631109612495 -0.02507451103777056 0.9235890509462894
    outer loop
      vertex 1.8197951240197352 -0.2395805731745629 3.7220218773606564
      vertex 1.8354980644088557 0 3.7220218773606564
      vertex 1.3339737810081207 0 3.929760037404689
    endloop
  endfacet
  facet normal 0.5068493954076015 -0.3386659386536711 0.7927225696110695
    outer loop
      vertex 2.17084094998925 -1.6657448475366363 3.120135201037757
      vertex 2.3696924368858103 -1.368142566332643 3.120135201037757
      vertex 1.996722431832875 -1.1528082335156746 3.450598891055563
    endloop
  endfacet
  facet normal 0.5068493954076017 -0.3386659386536711 0.7927225696110693
    outer loop
      vertex 2.17084094998925 -1.6657448475366363 3.120135201037757
      vertex 1.996722431832875 -1.1528082335156746 3.450598891055563
      vertex 1.8291685255497974 -1.403570375216042 3.450598891055563
    endloop
  endfacet
  facet normal 0.4491574378359411 -0.2214999360367348 0.865560728298353
    outer loop
      vertex 1.996722431832875 -1.1528082335156746 3.450598891055563
      vertex 2.1301118637112477 -0.8823212233210286 3.450598891055563
      vertex 1.6957790936714252 -0.7024146993874595 3.7220218773606564
    endloop
  endfacet
  facet normal 0.5467180039743819 -0.26961148298893156 0.7927225696110692
    outer loop
      vertex 1.996722431832875 -1.1528082335156746 3.450598891055563
      vertex 2.3696924368858103 -1.368142566332643 3.120135201037757
      vertex 2.1301118637112477 -0.8823212233210286 3.450598891055563
    endloop
  endfacet
  facet normal 0.5772321159142942 -0.19594390009982507 0.7927225696110692
    outer loop
      vertex 2.1301118637112477 -0.8823212233210286 3.450598891055563
      vertex 2.5279978291843888 -1.0471309864979166 3.120135201037757
      vertex 2.2270544910229386 -0.5967374523697013 3.450598891055563
    endloop
  endfacet
  facet normal 0.5467180039743822 -0.2696114829889314 0.7927225696110692
    outer loop
      vertex 2.1301118637112477 -0.8823212233210286 3.450598891055563
      vertex 2.3696924368858103 -1.368142566332643 3.120135201037757
      vertex 2.5279978291843888 -1.0471309864979166 3.120135201037757
    endloop
  endfacet
  facet normal 0.47422637691813063 -0.16097816331020803 0.8655607282983528
    outer loop
      vertex 1.7729549845161094 -0.4750618563178251 3.7220218773606564
      vertex 2.1301118637112477 -0.8823212233210286 3.450598891055563
      vertex 2.2270544910229386 -0.5967374523697013 3.450598891055563
    endloop
  endfacet
  facet normal 0.49118117121085975 -0.09770200957786467 0.8655607282983527
    outer loop
      vertex 1.8197951240197352 -0.2395805731745629 3.7220218773606564
      vertex 2.2270544910229386 -0.5967374523697013 3.450598891055563
      vertex 2.2858915985370705 -0.3009433381614501 3.450598891055563
    endloop
  endfacet
  facet normal 0.49973171948302236 -0.032754147373530745 0.8655607282983527
    outer loop
      vertex 2.2858915985370705 -0.3009433381614501 3.450598891055563
      vertex 2.3056164670313493 0 3.450598891055563
      vertex 1.8354980644088557 0 3.7220218773606564
    endloop
  endfacet
  facet normal 0.5772321159142944 -0.19594390009982482 0.792722569611069
    outer loop
      vertex 2.2270544910229386 -0.5967374523697013 3.450598891055563
      vertex 2.5279978291843888 -1.0471309864979166 3.120135201037757
      vertex 2.643048477732209 -0.7082027051646536 3.120135201037757
    endloop
  endfacet
  facet normal 0.5978696263119349 -0.1189236627540985 0.7927225696110695
    outer loop
      vertex 2.2858915985370705 -0.3009433381614501 3.450598891055563
      vertex 2.643048477732209 -0.7082027051646536 3.120135201037757
      vertex 2.712875834034553 -0.35715687919513844 3.120135201037757
    endloop
  endfacet
  facet normal 0.5978696263119354 -0.11892366275409785 0.7927225696110691
    outer loop
      vertex 2.2270544910229386 -0.5967374523697013 3.450598891055563
      vertex 2.643048477732209 -0.7082027051646536 3.120135201037757
      vertex 2.2858915985370705 -0.3009433381614501 3.450598891055563
    endloop
  endfacet
  facet normal 0.6082774216426023 -0.03986860856678082 0.7927225696110693
    outer loop
      vertex 2.712875834034553 -0.35715687919513844 3.120135201037757
      vertex 2.736285132665286 0 3.120135201037757
      vertex 2.3056164670313493 0 3.450598891055563
    endloop
  endfacet
  facet normal 0.6082774216426021 -0.03986860856678113 0.7927225696110696
    outer loop
      vertex 2.2858915985370705 -0.3009433381614501 3.450598891055563
      vertex 2.712875834034553 -0.35715687919513844 3.120135201037757
      vertex 2.3056164670313493 0 3.450598891055563
    endloop
  endfacet
  facet normal 0.4911811712108596 -0.09770200957786503 0.865560728298353
    outer loop
      vertex 1.7729549845161094 -0.4750618563178251 3.7220218773606564
      vertex 2.2270544910229386 -0.5967374523697013 3.450598891055563
      vertex 1.8197951240197352 -0.2395805731745629 3.7220218773606564
    endloop
  endfacet
  facet normal 0.4997317194830223 -0.0327541473735306 0.8655607282983527
    outer loop
      vertex 1.8197951240197352 -0.2395805731745629 3.7220218773606564
      vertex 2.2858915985370705 -0.3009433381614501 3.450598891055563
      vertex 1.8354980644088557 0 3.7220218773606564
    endloop
  endfacet
  facet normal -0.9639958278814487 0.06318362469879242 0.25830190358780264
    outer loop
      vertex -3.9609249447311927 0 1.217664763452432
      vertex -3.929760037404689 0 1.3339737810081207
      vertex -3.9237437648797373 0.09179058088388062 1.3339737810081207
    endloop
  endfacet
  facet normal -0.9221903271536548 0.06044354741636786 0.38198374059632473
    outer loop
      vertex -3.929760037404689 0 1.3339737810081207
      vertex -3.899800599334958 0.035704957120654086 1.4006524560909426
      vertex -3.9237437648797373 0.09179058088388062 1.3339737810081207
    endloop
  endfacet
  facet normal -0.9221903271536545 0.06044354741636491 0.3819837405963261
    outer loop
      vertex -3.929760037404689 0 1.3339737810081207
      vertex -3.7220218773606564 0 1.8354980644088557
      vertex -3.899800599334958 0.035704957120654086 1.4006524560909426
    endloop
  endfacet
  facet normal -0.9221903271536542 0.0604435474163679 0.3819837405963263
    outer loop
      vertex -3.899800599334958 0.035704957120654086 1.4006524560909426
      vertex -3.7220218773606564 0 1.8354980644088557
      vertex -3.6901794642301256 0.4858213430116143 1.8354980644088557
    endloop
  endfacet
  facet normal -0.9221903271536543 0.060443547416368065 0.38198374059632606
    outer loop
      vertex -3.899800599334958 0.035704957120654086 1.4006524560909426
      vertex -3.6901794642301256 0.4858213430116143 1.8354980644088557
      vertex -3.7714973998092898 0.49652705232926225 1.6374851737400118
    endloop
  endfacet
  facet normal -0.9064113949765931 0.18029643639469262 0.38198374059632617
    outer loop
      vertex -3.7714973998092898 0.49652705232926225 1.6374851737400118
      vertex -3.6901794642301256 0.4858213430116143 1.8354980644088557
      vertex -3.6411126883549376 0.8243558267089868 1.792140521981879
    endloop
  endfacet
  facet normal -0.9064113949765945 0.1802964363946924 0.38198374059632256
    outer loop
      vertex -3.6901794642301256 0.4858213430116143 1.8354980644088557
      vertex -3.5951970573555814 0.9633301481491766 1.8354980644088557
      vertex -3.6411126883549376 0.8243558267089868 1.792140521981879
    endloop
  endfacet
  facet normal -0.906411394976593 0.18029643639469048 0.38198374059632706
    outer loop
      vertex -3.6411126883549376 0.8243558267089868 1.792140521981879
      vertex -3.5951970573555814 0.9633301481491766 1.8354980644088557
      vertex -3.638217516732776 0.9748574454973118 1.727973683487228
    endloop
  endfacet
  facet normal -0.8751235125267668 0.2970644033586852 0.3819837405963271
    outer loop
      vertex -3.638217516732776 0.9748574454973118 1.727973683487228
      vertex -3.5951970573555814 0.9633301481491766 1.8354980644088557
      vertex -3.571960510990745 1.0317828063737087 1.8354980644088557
    endloop
  endfacet
  facet normal -0.8205043856531675 0.2785237081260431 0.49919645144535707
    outer loop
      vertex -3.5951970573555814 0.9633301481491766 1.8354980644088557
      vertex -3.563228990419856 0.9960852750964937 1.8697668570947412
      vertex -3.571960510990745 1.0317828063737087 1.8354980644088557
    endloop
  endfacet
  facet normal -0.8751235125267681 0.2970644033586881 0.38198374059632195
    outer loop
      vertex -3.476560924681656 1.3128209251132517 1.8354980644088557
      vertex -3.438699832052745 1.4243561073663313 1.8354980644088557
      vertex -3.45024211017617 1.4291370755057364 1.8053366381561151
    endloop
  endfacet
  facet normal -0.8205043856531695 0.278523708126046 0.4991964514453524
    outer loop
      vertex -3.476560924681656 1.3128209251132517 1.8354980644088557
      vertex -3.366879732075451 1.3946072479047444 1.970143391843718
      vertex -3.438699832052745 1.4243561073663313 1.8354980644088557
    endloop
  endfacet
  facet normal -0.8288620241475311 0.4087495160194068 0.3819837405963223
    outer loop
      vertex -3.45024211017617 1.4291370755057364 1.8053366381561151
      vertex -3.438699832052745 1.4243561073663313 1.8354980644088557
      vertex -3.4203089660347206 1.4616490944797451 1.8354980644088557
    endloop
  endfacet
  facet normal -0.7771302178258069 0.38323821235151107 0.4991964514453524
    outer loop
      vertex -3.438699832052745 1.4243561073663313 1.8354980644088557
      vertex -3.366879732075451 1.3946072479047444 1.970143391843718
      vertex -3.4203089660347206 1.4616490944797451 1.8354980644088557
    endloop
  endfacet
  facet normal -0.8646336168614388 0.05667108131556263 0.4991964514453519
    outer loop
      vertex -3.7220218773606564 0 1.8354980644088557
      vertex -3.4210785391992062 0.4503935341282152 2.3056164670313493
      vertex -3.6901794642301256 0.4858213430116143 1.8354980644088557
    endloop
  endfacet
  facet normal -0.864633616861439 0.056671081315563296 0.4991964514453514
    outer loop
      vertex -3.7220218773606564 0 1.8354980644088557
      vertex -3.450598891055563 0 2.3056164670313493
      vertex -3.4210785391992062 0.4503935341282152 2.3056164670313493
    endloop
  endfacet
  facet normal -0.7922829328905973 0.051928966951063284 0.6079400765220769
    outer loop
      vertex -3.450598891055563 0 2.3056164670313493
      vertex -3.093442011860425 0.40725936700320353 2.736285132665286
      vertex -3.4210785391992062 0.4503935341282152 2.3056164670313493
    endloop
  endfacet
  facet normal -0.8498394959552124 0.16904358603318634 0.4991964514453518
    outer loop
      vertex -3.6901794642301256 0.4858213430116143 1.8354980644088557
      vertex -3.3330225850349873 0.8930807100148178 2.3056164670313493
      vertex -3.5951970573555814 0.9633301481491766 1.8354980644088557
    endloop
  endfacet
  facet normal -0.8498394959552124 0.16904358603318612 0.49919645144535185
    outer loop
      vertex -3.6901794642301256 0.4858213430116143 1.8354980644088557
      vertex -3.4210785391992062 0.4503935341282152 2.3056164670313493
      vertex -3.3330225850349873 0.8930807100148178 2.3056164670313493
    endloop
  endfacet
  facet normal -0.7787267522465109 0.1548983818312255 0.6079400765220774
    outer loop
      vertex -3.4210785391992062 0.4503935341282152 2.3056164670313493
      vertex -3.0138191721960035 0.8075504133233539 2.736285132665286
      vertex -3.3330225850349873 0.8930807100148178 2.3056164670313493
    endloop
  endfacet
  facet normal -0.792282932890597 0.05192896695106268 0.6079400765220774
    outer loop
      vertex -3.450598891055563 0 2.3056164670313493
      vertex -3.120135201037757 0 2.736285132665286
      vertex -3.093442011860425 0.40725936700320353 2.736285132665286
    endloop
  endfacet
  facet normal -0.8205043856531714 0.27852370812606775 0.49919645144533703
    outer loop
      vertex -3.5951970573555814 0.9633301481491766 1.8354980644088557
      vertex -3.1879376903523777 1.3204870273443152 2.3056164670313493
      vertex -3.563228990419856 0.9960852750964937 1.8697668570947412
    endloop
  endfacet
  facet normal -0.8205043856531696 0.2785237081260466 0.49919645144535174
    outer loop
      vertex -3.5951970573555814 0.9633301481491766 1.8354980644088557
      vertex -3.3330225850349873 0.8930807100148178 2.3056164670313493
      vertex -3.1879376903523777 1.3204870273443152 2.3056164670313493
    endloop
  endfacet
  facet normal -0.8205043856531699 0.2785237081260471 0.4991964514453511
    outer loop
      vertex -3.563228990419856 0.9960852750964937 1.8697668570947412
      vertex -3.1879376903523777 1.3204870273443152 2.3056164670313493
      vertex -3.3369649665327357 1.3822161463017406 2.0262263463774683
    endloop
  endfacet
  facet normal -0.7063485793639779 0.046296531846139105 0.7063485793639779
    outer loop
      vertex -3.120135201037757 0 2.736285132665286
      vertex -2.736285132665286 0 3.120135201037757
      vertex -2.712875834034553 0.35715687919513844 3.120135201037757
    endloop
  endfacet
  facet normal -0.7063485793639779 0.04629653184613914 0.7063485793639779
    outer loop
      vertex -3.120135201037757 0 2.736285132665286
      vertex -2.712875834034553 0.35715687919513844 3.120135201037757
      vertex -3.093442011860425 0.40725936700320353 2.736285132665286
    endloop
  endfacet
  facet normal -0.778726752246511 0.15489838183122623 0.6079400765220769
    outer loop
      vertex -3.4210785391992062 0.4503935341282152 2.3056164670313493
      vertex -3.093442011860425 0.40725936700320353 2.736285132665286
      vertex -3.0138191721960035 0.8075504133233539 2.736285132665286
    endloop
  endfacet
  facet normal -0.694262759334236 0.13809744904270696 0.7063485793639779
    outer loop
      vertex -3.093442011860425 0.40725936700320353 2.736285132665286
      vertex -2.712875834034553 0.35715687919513844 3.120135201037757
      vertex -3.0138191721960035 0.8075504133233539 2.736285132665286
    endloop
  endfacet
  facet normal -0.6942627593342361 0.13809744904270674 0.7063485793639778
    outer loop
      vertex -3.0138191721960035 0.8075504133233539 2.736285132665286
      vertex -2.712875834034553 0.35715687919513844 3.120135201037757
      vertex -2.643048477732209 0.7082027051646536 3.120135201037757
    endloop
  endfacet
  facet normal -0.751846340967642 0.2552174424523122 0.6079400765220769
    outer loop
      vertex -3.3330225850349873 0.8930807100148178 2.3056164670313493
      vertex -2.8826290509067727 1.1940240481762683 2.736285132665286
      vertex -3.1879376903523777 1.3204870273443152 2.3056164670313493
    endloop
  endfacet
  facet normal -0.777130217825809 0.3832382123515083 0.4991964514453512
    outer loop
      vertex -3.3369649665327357 1.3822161463017406 2.0262263463774683
      vertex -3.1879376903523777 1.3204870273443152 2.3056164670313493
      vertex -2.98830629792453 1.7252994455277815 2.3056164670313493
    endloop
  endfacet
  facet normal -0.7121016303436299 0.35116966187339516 0.6079400765220775
    outer loop
      vertex -3.1879376903523777 1.3204870273443152 2.3056164670313493
      vertex -2.702116347340764 1.5600676005188785 2.736285132665286
      vertex -2.98830629792453 1.7252994455277815 2.3056164670313493
    endloop
  endfacet
  facet normal -0.751846340967642 0.2552174424523115 0.6079400765220773
    outer loop
      vertex -3.3330225850349873 0.8930807100148178 2.3056164670313493
      vertex -3.0138191721960035 0.8075504133233539 2.736285132665286
      vertex -2.8826290509067727 1.1940240481762683 2.736285132665286
    endloop
  endfacet
  facet normal -0.6702979110062838 0.22753548059830678 0.7063485793639777
    outer loop
      vertex -3.0138191721960035 0.8075504133233539 2.736285132665286
      vertex -2.643048477732209 0.7082027051646536 3.120135201037757
      vertex -2.8826290509067727 1.1940240481762683 2.736285132665286
    endloop
  endfacet
  facet normal -0.7121016303436299 0.3511696618733962 0.6079400765220769
    outer loop
      vertex -3.1879376903523777 1.3204870273443152 2.3056164670313493
      vertex -2.8826290509067727 1.1940240481762683 2.736285132665286
      vertex -2.702116347340764 1.5600676005188785 2.736285132665286
    endloop
  endfacet
  facet normal -0.6702979110062837 0.2275354805983069 0.7063485793639779
    outer loop
      vertex -2.643048477732209 0.7082027051646536 3.120135201037757
      vertex -2.5279978291843888 1.0471309864979166 3.120135201037757
      vertex -2.8826290509067727 1.1940240481762683 2.736285132665286
    endloop
  endfacet
  facet normal -0.6348640795793229 0.3130803169961175 0.7063485793639778
    outer loop
      vertex -2.8826290509067727 1.1940240481762683 2.736285132665286
      vertex -2.5279978291843888 1.0471309864979166 3.120135201037757
      vertex -2.702116347340764 1.5600676005188785 2.736285132665286
    endloop
  endfacet
  facet normal -0.6348640795793229 0.31308031699611755 0.7063485793639779
    outer loop
      vertex -2.702116347340764 1.5600676005188785 2.736285132665286
      vertex -2.5279978291843888 1.0471309864979166 3.120135201037757
      vertex -2.3696924368858103 1.368142566332643 3.120135201037757
    endloop
  endfacet
  facet normal -0.5885675477331841 0.39326826236786044 0.7063485793639778
    outer loop
      vertex -2.702116347340764 1.5600676005188785 2.736285132665286
      vertex -2.3696924368858103 1.368142566332643 3.120135201037757
      vertex -2.475369683903569 1.8994179636841568 2.736285132665286
    endloop
  endfacet
  facet normal -0.6082774216426023 0.03986860856678082 0.7927225696110693
    outer loop
      vertex -2.736285132665286 0 3.120135201037757
      vertex -2.3056164670313493 0 3.450598891055563
      vertex -2.712875834034553 0.35715687919513844 3.120135201037757
    endloop
  endfacet
  facet normal -0.5978696263119349 0.1189236627540985 0.7927225696110695
    outer loop
      vertex -2.712875834034553 0.35715687919513844 3.120135201037757
      vertex -2.2858915985370705 0.3009433381614501 3.450598891055563
      vertex -2.643048477732209 0.7082027051646536 3.120135201037757
    endloop
  endfacet
  facet normal -0.5772321159142944 0.19594390009982487 0.792722569611069
    outer loop
      vertex -2.643048477732209 0.7082027051646536 3.120135201037757
      vertex -2.2270544910229386 0.5967374523697013 3.450598891055563
      vertex -2.5279978291843888 1.0471309864979166 3.120135201037757
    endloop
  endfacet
  facet normal -0.608277421642602 0.03986860856678116 0.7927225696110695
    outer loop
      vertex -2.712875834034553 0.35715687919513844 3.120135201037757
      vertex -2.3056164670313493 0 3.450598891055563
      vertex -2.2858915985370705 0.3009433381614501 3.450598891055563
    endloop
  endfacet
  facet normal -0.4997317194830223 0.03275414737353074 0.8655607282983528
    outer loop
      vertex -2.3056164670313493 0 3.450598891055563
      vertex -1.8354980644088557 0 3.7220218773606564
      vertex -2.2858915985370705 0.3009433381614501 3.450598891055563
    endloop
  endfacet
  facet normal -0.4911811712108598 0.09770200957786468 0.8655607282983527
    outer loop
      vertex -2.2858915985370705 0.3009433381614501 3.450598891055563
      vertex -1.8197951240197352 0.2395805731745629 3.7220218773606564
      vertex -2.2270544910229386 0.5967374523697013 3.450598891055563
    endloop
  endfacet
  facet normal -0.5978696263119353 0.11892366275409785 0.7927225696110691
    outer loop
      vertex -2.643048477732209 0.7082027051646536 3.120135201037757
      vertex -2.2858915985370705 0.3009433381614501 3.450598891055563
      vertex -2.2270544910229386 0.5967374523697013 3.450598891055563
    endloop
  endfacet
  facet normal -0.47422637691813063 0.160978163310208 0.8655607282983528
    outer loop
      vertex -2.2270544910229386 0.5967374523697013 3.450598891055563
      vertex -1.7729549845161094 0.4750618563178251 3.7220218773606564
      vertex -2.1301118637112477 0.8823212233210286 3.450598891055563
    endloop
  endfacet
  facet normal -0.4997317194830223 0.03275414737353065 0.8655607282983527
    outer loop
      vertex -2.2858915985370705 0.3009433381614501 3.450598891055563
      vertex -1.8354980644088557 0 3.7220218773606564
      vertex -1.8197951240197352 0.2395805731745629 3.7220218773606564
    endloop
  endfacet
  facet normal -0.4911811712108596 0.09770200957786503 0.8655607282983528
    outer loop
      vertex -2.2270544910229386 0.5967374523697013 3.450598891055563
      vertex -1.8197951240197352 0.2395805731745629 3.7220218773606564
      vertex -1.7729549845161094 0.4750618563178251 3.7220218773606564
    endloop
  endfacet
  facet normal -0.4742263769181305 0.16097816331020817 0.865560728298353
    outer loop
      vertex -2.1301118637112477 0.8823212233210286 3.450598891055563
      vertex -1.7729549845161094 0.4750618563178251 3.7220218773606564
      vertex -1.6957790936714252 0.7024146993874595 3.7220218773606564
    endloop
  endfacet
  facet normal -0.5467180039743822 0.2696114829889314 0.7927225696110692
    outer loop
      vertex -2.1301118637112477 0.8823212233210286 3.450598891055563
      vertex -2.3696924368858103 1.368142566332643 3.120135201037757
      vertex -2.5279978291843888 1.0471309864979166 3.120135201037757
    endloop
  endfacet
  facet normal -0.5772321159142942 0.19594390009982507 0.7927225696110692
    outer loop
      vertex -2.2270544910229386 0.5967374523697013 3.450598891055563
      vertex -2.1301118637112477 0.8823212233210286 3.450598891055563
      vertex -2.5279978291843888 1.0471309864979166 3.120135201037757
    endloop
  endfacet
  facet normal -0.5467180039743819 0.26961148298893156 0.7927225696110692
    outer loop
      vertex -2.1301118637112477 0.8823212233210286 3.450598891055563
      vertex -1.996722431832875 1.1528082335156746 3.450598891055563
      vertex -2.3696924368858103 1.368142566332643 3.120135201037757
    endloop
  endfacet
  facet normal -0.5068493954076015 0.3386659386536711 0.7927225696110695
    outer loop
      vertex -2.3696924368858103 1.368142566332643 3.120135201037757
      vertex -1.996722431832875 1.1528082335156746 3.450598891055563
      vertex -2.17084094998925 1.6657448475366363 3.120135201037757
    endloop
  endfacet
  facet normal -0.4491574378359412 0.22149993603673485 0.865560728298353
    outer loop
      vertex -2.1301118637112477 0.8823212233210286 3.450598891055563
      vertex -1.6957790936714252 0.7024146993874595 3.7220218773606564
      vertex -1.996722431832875 1.1528082335156746 3.450598891055563
    endloop
  endfacet
  facet normal -0.4164032904624112 0.27823178344628785 0.8655607282983527
    outer loop
      vertex -1.5895879523752348 0.9177490322044278 3.7220218773606564
      vertex -1.8291685255497974 1.403570375216042 3.450598891055563
      vertex -1.996722431832875 1.1528082335156746 3.450598891055563
    endloop
  endfacet
  facet normal -0.5068493954076017 0.3386659386536711 0.7927225696110693
    outer loop
      vertex -2.17084094998925 1.6657448475366363 3.120135201037757
      vertex -1.996722431832875 1.1528082335156746 3.450598891055563
      vertex -1.8291685255497974 1.403570375216042 3.450598891055563
    endloop
  endfacet
  facet normal -0.4491574378359417 0.22149993603673437 0.8655607282983528
    outer loop
      vertex -1.6957790936714252 0.7024146993874595 3.7220218773606564
      vertex -1.5895879523752348 0.9177490322044278 3.7220218773606564
      vertex -1.996722431832875 1.1528082335156746 3.450598891055563
    endloop
  endfacet
  facet normal -0.777130217825809 0.38323821235150785 0.4991964514453517
    outer loop
      vertex -3.3369649665327357 1.3822161463017406 2.0262263463774683
      vertex -2.98830629792453 1.7252994455277815 2.3056164670313493
      vertex -3.068898515203465 1.7532747570942255 2.1586766088825895
    endloop
  endfacet
  facet normal -0.7771302178258119 0.383238212351501 0.499196451445352
    outer loop
      vertex -3.068898515203465 1.7532747570942255 2.1586766088825895
      vertex -2.98830629792453 1.7252994455277815 2.3056164670313493
      vertex -3.074898699353343 1.7752935918024826 2.132431664173724
    endloop
  endfacet
  facet normal -0.7204591365102423 0.4813954045099354 0.49919645144535213
    outer loop
      vertex -3.074898699353343 1.7752935918024826 2.132431664173724
      vertex -2.98830629792453 1.7252994455277815 2.3056164670313493
      vertex -3.05203888563379 1.774801588471356 2.16589826784731
    endloop
  endfacet
  facet normal -0.7204591365102455 0.4813954045099307 0.49919645144535185
    outer loop
      vertex -3.05203888563379 1.774801588471356 2.16589826784731
      vertex -2.98830629792453 1.7252994455277815 2.3056164670313493
      vertex -2.815585014814938 2.0442597577334127 2.2473079555295365
    endloop
  endfacet
  facet normal -0.7204591365102475 0.4813954045099311 0.4991964514453488
    outer loop
      vertex -2.98830629792453 1.7252994455277815 2.3056164670313493
      vertex -2.7375441562241627 2.1005915118548915 2.3056164670313493
      vertex -2.815585014814938 2.0442597577334127 2.2473079555295365
    endloop
  endfacet
  facet normal -0.6601726633925673 0.4411132710172011 0.6079400765220774
    outer loop
      vertex -2.98830629792453 1.7252994455277815 2.3056164670313493
      vertex -2.475369683903569 1.8994179636841568 2.736285132665286
      vertex -2.7375441562241627 2.1005915118548915 2.3056164670313493
    endloop
  endfacet
  facet normal -0.7204591365102475 0.48139540450992724 0.4991964514453524
    outer loop
      vertex -2.815585014814938 2.0442597577334127 2.2473079555295365
      vertex -2.7375441562241627 2.1005915118548915 2.3056164670313493
      vertex -2.8001462665405814 2.1486278006051154 2.168943398144711
    endloop
  endfacet
  facet normal -0.651460799619984 0.5713157878291644 0.49919645144535235
    outer loop
      vertex -2.8001462665405814 2.1486278006051154 2.168943398144711
      vertex -2.7375441562241627 2.1005915118548915 2.3056164670313493
      vertex -2.6528901109253815 2.209769696768063 2.291140345125648
    endloop
  endfacet
  facet normal -0.651460799619979 0.5713157878291619 0.49919645144536196
    outer loop
      vertex -2.7375441562241627 2.1005915118548915 2.3056164670313493
      vertex -2.5884272502901817 2.2706267547907246 2.3056164670313493
      vertex -2.6528901109253815 2.209769696768063 2.291140345125648
    endloop
  endfacet
  facet normal -0.5969479591364162 0.5235093097941985 0.6079400765220775
    outer loop
      vertex -2.475369683903569 1.8994179636841568 2.736285132665286
      vertex -2.5884272502901817 2.2706267547907246 2.3056164670313493
      vertex -2.7375441562241627 2.1005915118548915 2.3056164670313493
    endloop
  endfacet
  facet normal -0.5969479591364175 0.5235093097941976 0.607940076522077
    outer loop
      vertex -2.475369683903569 1.8994179636841568 2.736285132665286
      vertex -2.487471295436556 2.3621263120972826 2.325954953665172
      vertex -2.5884272502901817 2.2706267547907246 2.3056164670313493
    endloop
  endfacet
  facet normal -0.5969479591364191 0.523509309794201 0.6079400765220724
    outer loop
      vertex -2.510690947770969 2.3592680191798863 2.3056164670313493
      vertex -2.487471295436556 2.3621263120972826 2.325954953665172
      vertex -2.43994187502017 2.43994187502017 2.3056164670313493
    endloop
  endfacet
  facet normal -0.5969479591364137 0.5235093097941994 0.607940076522079
    outer loop
      vertex -2.475369683903569 1.8994179636841568 2.736285132665286
      vertex -2.43994187502017 2.43994187502017 2.3056164670313493
      vertex -2.487471295436556 2.3621263120972826 2.325954953665172
    endloop
  endfacet
  facet normal -0.6601726633925673 0.4411132710172009 0.6079400765220775
    outer loop
      vertex -2.98830629792453 1.7252994455277815 2.3056164670313493
      vertex -2.702116347340764 1.5600676005188785 2.736285132665286
      vertex -2.475369683903569 1.8994179636841568 2.736285132665286
    endloop
  endfacet
  facet normal -0.6514607996199842 0.5713157878291663 0.49919645144535013
    outer loop
      vertex -2.510690947770969 2.3592680191798863 2.3056164670313493
      vertex -2.43994187502017 2.43994187502017 2.3056164670313493
      vertex -2.475114697313479 2.475114697313479 2.2194609995991526
    endloop
  endfacet
  facet normal -0.5235093097941984 0.5969479591364161 0.6079400765220778
    outer loop
      vertex -2.43994187502017 2.43994187502017 2.3056164670313493
      vertex -2.2062687588726497 2.2062687588726497 2.736285132665286
      vertex -2.3129383490938764 2.5045984247716353 2.351494233372603
    endloop
  endfacet
  facet normal -0.588567547733184 0.39326826236786055 0.7063485793639779
    outer loop
      vertex -2.3696924368858103 1.368142566332643 3.120135201037757
      vertex -2.17084094998925 1.6657448475366363 3.120135201037757
      vertex -2.475369683903569 1.8994179636841568 2.736285132665286
    endloop
  endfacet
  facet normal -0.532200461963577 0.46672727873592884 0.7063485793639779
    outer loop
      vertex -2.475369683903569 1.8994179636841568 2.736285132665286
      vertex -2.17084094998925 1.6657448475366363 3.120135201037757
      vertex -2.2062687588726497 2.2062687588726497 2.736285132665286
    endloop
  endfacet
  facet normal -0.5322004619635774 0.46672727873592884 0.7063485793639778
    outer loop
      vertex -2.17084094998925 1.6657448475366363 3.120135201037757
      vertex -1.9348457725675556 1.9348457725675556 3.120135201037757
      vertex -2.2062687588726497 2.2062687588726497 2.736285132665286
    endloop
  endfacet
  facet normal -0.5969479591364157 0.5235093097941986 0.6079400765220778
    outer loop
      vertex -2.475369683903569 1.8994179636841568 2.736285132665286
      vertex -2.2062687588726497 2.2062687588726497 2.736285132665286
      vertex -2.43994187502017 2.43994187502017 2.3056164670313493
    endloop
  endfacet
  facet normal -0.5235093097941986 0.5969479591364159 0.6079400765220776
    outer loop
      vertex -2.3129383490938764 2.5045984247716353 2.351494233372603
      vertex -2.2062687588726497 2.2062687588726497 2.736285132665286
      vertex -1.8994179636841568 2.475369683903569 2.736285132665286
    endloop
  endfacet
  facet normal -0.466727278735929 0.5322004619635771 0.7063485793639777
    outer loop
      vertex -2.2062687588726497 2.2062687588726497 2.736285132665286
      vertex -1.9348457725675556 1.9348457725675556 3.120135201037757
      vertex -1.8994179636841568 2.475369683903569 2.736285132665286
    endloop
  endfacet
  facet normal -0.4667272787359287 0.5322004619635772 0.7063485793639779
    outer loop
      vertex -1.9348457725675556 1.9348457725675556 3.120135201037757
      vertex -1.6657448475366363 2.17084094998925 3.120135201037757
      vertex -1.8994179636841568 2.475369683903569 2.736285132665286
    endloop
  endfacet
  facet normal -0.5713157878291665 0.6514607996199839 0.49919645144535013
    outer loop
      vertex -2.43994187502017 2.43994187502017 2.3056164670313493
      vertex -2.272963564410667 2.5863779232549975 2.3056164670313493
      vertex -2.475114697313479 2.475114697313479 2.2194609995991526
    endloop
  endfacet
  facet normal -0.5235093097941982 0.5969479591364155 0.6079400765220784
    outer loop
      vertex -2.43994187502017 2.43994187502017 2.3056164670313493
      vertex -2.3129383490938764 2.5045984247716353 2.351494233372603
      vertex -2.272963564410667 2.5863779232549975 2.3056164670313493
    endloop
  endfacet
  facet normal -0.5235093097941989 0.5969479591364155 0.6079400765220778
    outer loop
      vertex -2.3129383490938764 2.5045984247716353 2.351494233372603
      vertex -1.8994179636841568 2.475369683903569 2.736285132665286
      vertex -2.0683393883588956 2.6909557043725396 2.379135502688007
    endloop
  endfacet
  facet normal -0.5235093097942024 0.5969479591364151 0.6079400765220753
    outer loop
      vertex -2.1319891171275978 2.7100091954056618 2.3056164670313493
      vertex -2.0683393883588956 2.6909557043725396 2.379135502688007
      vertex -2.1005915118548915 2.7375441562241627 2.3056164670313493
    endloop
  endfacet
  facet normal -0.5713157878291698 0.6514607996199822 0.49919645144534874
    outer loop
      vertex -2.1319891171275978 2.7100091954056618 2.3056164670313493
      vertex -2.1005915118548915 2.7375441562241627 2.3056164670313493
      vertex -2.1138672601085795 2.754845448191821 2.2678442472615714
    endloop
  endfacet
  facet normal -0.48139540450993107 0.7204591365102476 0.49919645144534847
    outer loop
      vertex -2.1138672601085795 2.754845448191821 2.2678442472615714
      vertex -2.1005915118548915 2.7375441562241627 2.3056164670313493
      vertex -1.825720905404573 2.921206823646188 2.3056164670313493
    endloop
  endfacet
  facet normal -0.44111327101720227 0.6601726633925693 0.6079400765220744
    outer loop
      vertex -2.050397608180036 2.7026354430829214 2.379944475514859
      vertex -1.825720905404573 2.921206823646188 2.3056164670313493
      vertex -2.1005915118548915 2.7375441562241627 2.3056164670313493
    endloop
  endfacet
  facet normal -0.5235093097941341 0.5969479591364701 0.6079400765220802
    outer loop
      vertex -2.0683393883588956 2.6909557043725396 2.379135502688007
      vertex -1.8994179636841568 2.475369683903569 2.736285132665286
      vertex -2.1005915118548915 2.7375441562241627 2.3056164670313493
    endloop
  endfacet
  facet normal -0.4411132710172165 0.6601726633925565 0.607940076522078
    outer loop
      vertex -2.050397608180036 2.7026354430829214 2.379944475514859
      vertex -2.1005915118548915 2.7375441562241627 2.3056164670313493
      vertex -1.8994179636841568 2.475369683903569 2.736285132665286
    endloop
  endfacet
  facet normal -0.44111327101720077 0.660172663392567 0.6079400765220782
    outer loop
      vertex -2.050397608180036 2.7026354430829214 2.379944475514859
      vertex -1.5600676005188785 2.702116347340764 2.736285132665286
      vertex -1.691890685756494 2.930440628582797 2.392694753849547
    endloop
  endfacet
  facet normal -0.44111327101720066 0.6601726633925669 0.607940076522078
    outer loop
      vertex -2.050397608180036 2.7026354430829214 2.379944475514859
      vertex -1.8994179636841568 2.475369683903569 2.736285132665286
      vertex -1.5600676005188785 2.702116347340764 2.736285132665286
    endloop
  endfacet
  facet normal -0.45830845316019597 0.4019257262121098 0.7927225696110695
    outer loop
      vertex -2.17084094998925 1.6657448475366363 3.120135201037757
      vertex -1.8291685255497974 1.403570375216042 3.450598891055563
      vertex -1.9348457725675556 1.9348457725675556 3.120135201037757
    endloop
  endfacet
  facet normal -0.4019257262121097 0.4583084531601958 0.7927225696110693
    outer loop
      vertex -1.9348457725675556 1.9348457725675556 3.120135201037757
      vertex -1.630317038653237 1.630317038653237 3.450598891055563
      vertex -1.6657448475366363 2.17084094998925 3.120135201037757
    endloop
  endfacet
  facet normal -0.4583084531601958 0.40192572621210987 0.7927225696110695
    outer loop
      vertex -1.9348457725675556 1.9348457725675556 3.120135201037757
      vertex -1.8291685255497974 1.403570375216042 3.450598891055563
      vertex -1.630317038653237 1.630317038653237 3.450598891055563
    endloop
  endfacet
  facet normal -0.3825631109612495 0.02507451103777056 0.9235890509462894
    outer loop
      vertex -1.8354980644088557 0 3.7220218773606564
      vertex -1.3339737810081207 0 3.929760037404689
      vertex -1.8197951240197352 0.2395805731745629 3.7220218773606564
    endloop
  endfacet
  facet normal -0.3760173500661699 0.07479450127748732 0.9235890509462894
    outer loop
      vertex -1.8197951240197352 0.2395805731745629 3.7220218773606564
      vertex -1.322561450387894 0.17411851815637494 3.929760037404689
      vertex -1.7729549845161094 0.4750618563178251 3.7220218773606564
    endloop
  endfacet
  facet normal -0.3825631109612495 0.025074511037770513 0.9235890509462893
    outer loop
      vertex -1.8197951240197352 0.2395805731745629 3.7220218773606564
      vertex -1.3339737810081207 0 3.929760037404689
      vertex -1.322561450387894 0.17411851815637494 3.929760037404689
    endloop
  endfacet
  facet normal -0.3760173500661697 0.07479450127748756 0.9235890509462894
    outer loop
      vertex -1.7729549845161094 0.4750618563178251 3.7220218773606564
      vertex -1.322561450387894 0.17411851815637494 3.929760037404689
      vertex -1.2885197266682216 0.34525782019232093 3.929760037404689
    endloop
  endfacet
  facet normal -0.363037828059753 0.12323473686339327 0.9235890509462893
    outer loop
      vertex -1.7729549845161094 0.4750618563178251 3.7220218773606564
      vertex -1.2885197266682216 0.34525782019232093 3.929760037404689
      vertex -1.6957790936714252 0.7024146993874595 3.7220218773606564
    endloop
  endfacet
  facet normal -0.363037828059753 0.12323473686339328 0.9235890509462893
    outer loop
      vertex -1.6957790936714252 0.7024146993874595 3.7220218773606564
      vertex -1.2885197266682216 0.34525782019232093 3.929760037404689
      vertex -1.232431073180096 0.5104896652012243 3.929760037404689
    endloop
  endfacet
  facet normal -0.34384662816213235 0.16956639193444212 0.9235890509462894
    outer loop
      vertex -1.6957790936714252 0.7024146993874595 3.7220218773606564
      vertex -1.232431073180096 0.5104896652012243 3.929760037404689
      vertex -1.5895879523752348 0.9177490322044278 3.7220218773606564
    endloop
  endfacet
  facet normal -0.2587818124703902 0.016961456102912956 0.9657868722142627
    outer loop
      vertex -1.3339737810081207 0 3.929760037404689
      vertex -0.8096248363669323 0 4.070258913673406
      vertex -1.322561450387894 0.17411851815637494 3.929760037404689
    endloop
  endfacet
  facet normal -0.2543539839111486 0.05059415309221409 0.9657868722142626
    outer loop
      vertex -1.322561450387894 0.17411851815637494 3.929760037404689
      vertex -0.8026983836566071 0.105677247017758 4.070258913673406
      vertex -1.2885197266682216 0.34525782019232093 3.929760037404689
    endloop
  endfacet
  facet normal -0.24557408816694015 0.08336117009475806 0.9657868722142628
    outer loop
      vertex -1.2885197266682216 0.34525782019232093 3.929760037404689
      vertex -0.7820375390518808 0.20954632703977402 4.070258913673406
      vertex -1.232431073180096 0.5104896652012243 3.929760037404689
    endloop
  endfacet
  facet normal -0.34384662816213246 0.16956639193444212 0.9235890509462893
    outer loop
      vertex -1.5895879523752348 0.9177490322044278 3.7220218773606564
      vertex -1.232431073180096 0.5104896652012243 3.929760037404689
      vertex -1.155255182335412 0.6669868905040603 3.929760037404689
    endloop
  endfacet
  facet normal -0.23259235168819511 0.11470185436489783 0.9657868722142627
    outer loop
      vertex -1.232431073180096 0.5104896652012243 3.929760037404689
      vertex -0.7479958153322084 0.3098300113089218 4.070258913673406
      vertex -1.155255182335412 0.6669868905040603 3.929760037404689
    endloop
  endfacet
  facet normal -0.3765243673402658 0.33020300790065155 0.8655607282983527
    outer loop
      vertex -1.8291685255497974 1.403570375216042 3.450598891055563
      vertex -1.4561985204968624 1.1173804246322758 3.7220218773606564
      vertex -1.630317038653237 1.630317038653237 3.450598891055563
    endloop
  endfacet
  facet normal -0.33020300790065166 0.37652436734026584 0.8655607282983527
    outer loop
      vertex -1.2978931281982844 1.2978931281982844 3.7220218773606564
      vertex -1.403570375216042 1.8291685255497974 3.450598891055563
      vertex -1.630317038653237 1.630317038653237 3.450598891055563
    endloop
  endfacet
  facet normal -0.4164032904624112 0.27823178344628785 0.8655607282983527
    outer loop
      vertex -1.5895879523752348 0.9177490322044278 3.7220218773606564
      vertex -1.4561985204968624 1.1173804246322758 3.7220218773606564
      vertex -1.8291685255497974 1.403570375216042 3.450598891055563
    endloop
  endfacet
  facet normal -0.31877211712436193 0.21299671902680714 0.9235890509462893
    outer loop
      vertex -1.5895879523752348 0.9177490322044278 3.7220218773606564
      vertex -1.155255182335412 0.6669868905040603 3.929760037404689
      vertex -1.4561985204968624 1.1173804246322758 3.7220218773606564
    endloop
  endfacet
  facet normal -0.376524367340266 0.3302030079006515 0.8655607282983527
    outer loop
      vertex -1.4561985204968624 1.1173804246322758 3.7220218773606564
      vertex -1.2978931281982844 1.2978931281982844 3.7220218773606564
      vertex -1.630317038653237 1.630317038653237 3.450598891055563
    endloop
  endfacet
  facet normal -0.31877211712436176 0.2129967190268073 0.9235890509462894
    outer loop
      vertex -1.4561985204968624 1.1173804246322758 3.7220218773606564
      vertex -1.155255182335412 0.6669868905040603 3.929760037404689
      vertex -1.0583125550237211 0.8120717851866698 3.929760037404689
    endloop
  endfacet
  facet normal -0.2882433267822657 0.25278261320277645 0.9235890509462894
    outer loop
      vertex -1.4561985204968624 1.1173804246322758 3.7220218773606564
      vertex -1.0583125550237211 0.8120717851866698 3.929760037404689
      vertex -1.2978931281982844 1.2978931281982844 3.7220218773606564
    endloop
  endfacet
  facet normal -0.28824332678226555 0.2527826132027765 0.9235890509462894
    outer loop
      vertex -1.2978931281982844 1.2978931281982844 3.7220218773606564
      vertex -1.0583125550237211 0.8120717851866698 3.929760037404689
      vertex -0.9432619064759007 0.9432619064759007 3.929760037404689
    endloop
  endfacet
  facet normal -0.33020300790065144 0.37652436734026595 0.8655607282983528
    outer loop
      vertex -1.2978931281982844 1.2978931281982844 3.7220218773606564
      vertex -1.1173804246322758 1.4561985204968624 3.7220218773606564
      vertex -1.403570375216042 1.8291685255497974 3.450598891055563
    endloop
  endfacet
  facet normal -0.25278261320277645 0.2882433267822657 0.9235890509462895
    outer loop
      vertex -1.2978931281982844 1.2978931281982844 3.7220218773606564
      vertex -0.9432619064759007 0.9432619064759007 3.929760037404689
      vertex -1.1173804246322758 1.4561985204968624 3.7220218773606564
    endloop
  endfacet
  facet normal -0.25878181247039017 0.016961456102913122 0.9657868722142628
    outer loop
      vertex -1.322561450387894 0.17411851815637494 3.929760037404689
      vertex -0.8096248363669323 0 4.070258913673406
      vertex -0.8026983836566071 0.105677247017758 4.070258913673406
    endloop
  endfacet
  facet normal -0.2543539839111487 0.05059415309221396 0.9657868722142627
    outer loop
      vertex -1.2885197266682216 0.34525782019232093 3.929760037404689
      vertex -0.8026983836566071 0.105677247017758 4.070258913673406
      vertex -0.7820375390518808 0.20954632703977402 4.070258913673406
    endloop
  endfacet
  facet normal -0.24557408816694004 0.08336117009475817 0.9657868722142628
    outer loop
      vertex -1.232431073180096 0.5104896652012243 3.929760037404689
      vertex -0.7820375390518808 0.20954632703977402 4.070258913673406
      vertex -0.7479958153322084 0.3098300113089218 4.070258913673406
    endloop
  endfacet
  facet normal -0.232592351688195 0.11470185436489794 0.9657868722142628
    outer loop
      vertex -1.155255182335412 0.6669868905040603 3.929760037404689
      vertex -0.7479958153322084 0.3098300113089218 4.070258913673406
      vertex -0.7011556758285825 0.40481241818346614 4.070258913673406
    endloop
  endfacet
  facet normal -0.2156308955852821 0.14407995810549235 0.9657868722142628
    outer loop
      vertex -1.155255182335412 0.6669868905040603 3.929760037404689
      vertex -0.7011556758285825 0.40481241818346614 4.070258913673406
      vertex -1.0583125550237211 0.8120717851866698 3.929760037404689
    endloop
  endfacet
  facet normal -0.1949799350747262 0.17099281381639064 0.9657868722142627
    outer loop
      vertex -1.0583125550237211 0.8120717851866698 3.929760037404689
      vertex -0.6423185683144504 0.4928683723476853 4.070258913673406
      vertex -0.9432619064759007 0.9432619064759007 3.929760037404689
    endloop
  endfacet
  facet normal -0.21563089558528223 0.14407995810549223 0.9657868722142628
    outer loop
      vertex -1.0583125550237211 0.8120717851866698 3.929760037404689
      vertex -0.7011556758285825 0.40481241818346614 4.070258913673406
      vertex -0.6423185683144504 0.4928683723476853 4.070258913673406
    endloop
  endfacet
  facet normal -0.19497993507472605 0.17099281381639078 0.9657868722142628
    outer loop
      vertex -0.9432619064759007 0.9432619064759007 3.929760037404689
      vertex -0.6423185683144504 0.4928683723476853 4.070258913673406
      vertex -0.5724912120121067 0.5724912120121067 4.070258913673406
    endloop
  endfacet
  facet normal -0.13052141585033075 0.008554825566378458 0.9914085812438553
    outer loop
      vertex -0.8096248363669323 0 4.070258913673406
      vertex -0.2714229863050937 0 4.141114531440205
      vertex -0.8026983836566071 0.105677247017758 4.070258913673406
    endloop
  endfacet
  facet normal -0.12828815823775858 0.02551810126184865 0.9914085812438552
    outer loop
      vertex -0.8026983836566071 0.105677247017758 4.070258913673406
      vertex -0.26910092503091926 0.03542780888339909 4.141114531440205
      vertex -0.7820375390518808 0.20954632703977402 4.070258913673406
    endloop
  endfacet
  facet normal -0.12385985466954111 0.0420447551697746 0.9914085812438552
    outer loop
      vertex -0.7820375390518808 0.20954632703977402 4.070258913673406
      vertex -0.2621744723205941 0.07024943813435891 4.141114531440205
      vertex -0.7479958153322084 0.3098300113089218 4.070258913673406
    endloop
  endfacet
  facet normal -0.13052141585033084 0.008554825566378151 0.9914085812438552
    outer loop
      vertex -0.8026983836566071 0.105677247017758 4.070258913673406
      vertex -0.2714229863050937 0 4.141114531440205
      vertex -0.26910092503091926 0.03542780888339909 4.141114531440205
    endloop
  endfacet
  facet normal -0.11731227464748852 0.057852011659737114 0.9914085812438552
    outer loop
      vertex -0.7479958153322084 0.3098300113089218 4.070258913673406
      vertex -0.25076214170036737 0.10386908002201602 4.141114531440205
      vertex -0.7011556758285825 0.40481241818346614 4.070258913673406
    endloop
  endfacet
  facet normal -0.1087574490811102 0.07266940419059358 0.9914085812438552
    outer loop
      vertex -0.7011556758285825 0.40481241818346614 4.070258913673406
      vertex -0.2350592013112469 0.13571149315254685 4.141114531440205
      vertex -0.6423185683144504 0.4928683723476853 4.070258913673406
    endloop
  endfacet
  facet normal -0.1282881582377585 0.02551810126184905 0.9914085812438552
    outer loop
      vertex -0.7820375390518808 0.20954632703977402 4.070258913673406
      vertex -0.26910092503091926 0.03542780888339909 4.141114531440205
      vertex -0.2621744723205941 0.07024943813435891 4.141114531440205
    endloop
  endfacet
  facet normal -0.1238598546695412 0.04204475516977465 0.9914085812438552
    outer loop
      vertex -0.7479958153322084 0.3098300113089218 4.070258913673406
      vertex -0.2621744723205941 0.07024943813435891 4.141114531440205
      vertex -0.25076214170036737 0.10386908002201602 4.141114531440205
    endloop
  endfacet
  facet normal 0 0 1
    outer loop
      vertex -0.26910092503091926 -0.03542780888339909 4.141114531440205
      vertex -0.26910092503091926 0.03542780888339909 4.141114531440205
      vertex -0.2714229863050937 0 4.141114531440205
    endloop
  endfacet
  facet normal 0 0 1
    outer loop
      vertex -0.2621744723205941 -0.07024943813435891 4.141114531440205
      vertex -0.2621744723205941 0.07024943813435891 4.141114531440205
      vertex -0.26910092503091926 0.03542780888339909 4.141114531440205
    endloop
  endfacet
  facet normal -0.11731227464748842 0.05785201165973731 0.9914085812438552
    outer loop
      vertex -0.7011556758285825 0.40481241818346614 4.070258913673406
      vertex -0.25076214170036737 0.10386908002201602 4.141114531440205
      vertex -0.2350592013112469 0.13571149315254685 4.141114531440205
    endloop
  endfacet
  facet normal -0.1087574490811101 0.07266940419059364 0.9914085812438552
    outer loop
      vertex -0.6423185683144504 0.4928683723476853 4.070258913673406
      vertex -0.2350592013112469 0.13571149315254685 4.141114531440205
      vertex -0.21533433281696826 0.16523184500890326 4.141114531440205
    endloop
  endfacet
  facet normal -0.09834175340769252 0.08624340306798388 0.9914085812438551
    outer loop
      vertex -0.5724912120121067 0.5724912120121067 4.070258913673406
      vertex -0.21533433281696826 0.16523184500890326 4.141114531440205
      vertex -0.1919250341862352 0.1919250341862352 4.141114531440205
    endloop
  endfacet
  facet normal -0.08624340306798384 0.09834175340769245 0.9914085812438552
    outer loop
      vertex -0.4928683723476853 0.6423185683144504 4.070258913673406
      vertex -0.1919250341862352 0.1919250341862352 4.141114531440205
      vertex -0.16523184500890326 0.21533433281696826 4.141114531440205
    endloop
  endfacet
  facet normal -0.0983417534076924 0.086243403067984 0.9914085812438552
    outer loop
      vertex -0.6423185683144504 0.4928683723476853 4.070258913673406
      vertex -0.21533433281696826 0.16523184500890326 4.141114531440205
      vertex -0.5724912120121067 0.5724912120121067 4.070258913673406
    endloop
  endfacet
  facet normal -0.17099281381639078 0.19497993507472608 0.9657868722142628
    outer loop
      vertex -0.5724912120121067 0.5724912120121067 4.070258913673406
      vertex -0.4928683723476853 0.6423185683144504 4.070258913673406
      vertex -0.8120717851866698 1.0583125550237211 3.929760037404689
    endloop
  endfacet
  facet normal -0.086243403067984 0.0983417534076924 0.9914085812438552
    outer loop
      vertex -0.5724912120121067 0.5724912120121067 4.070258913673406
      vertex -0.1919250341862352 0.1919250341862352 4.141114531440205
      vertex -0.4928683723476853 0.6423185683144504 4.070258913673406
    endloop
  endfacet
  facet normal -0.07266940419059358 0.1087574490811102 0.9914085812438552
    outer loop
      vertex -0.4928683723476853 0.6423185683144504 4.070258913673406
      vertex -0.16523184500890326 0.21533433281696826 4.141114531440205
      vertex -0.40481241818346614 0.7011556758285825 4.070258913673406
    endloop
  endfacet
  facet normal -0.057852011659737114 0.11731227464748852 0.9914085812438552
    outer loop
      vertex -0.40481241818346614 0.7011556758285825 4.070258913673406
      vertex -0.13571149315254685 0.2350592013112469 4.141114531440205
      vertex -0.3098300113089218 0.7479958153322084 4.070258913673406
    endloop
  endfacet
  facet normal -0.25278261320277656 0.2882433267822656 0.9235890509462893
    outer loop
      vertex -0.9432619064759007 0.9432619064759007 3.929760037404689
      vertex -0.8120717851866698 1.0583125550237211 3.929760037404689
      vertex -1.1173804246322758 1.4561985204968624 3.7220218773606564
    endloop
  endfacet
  facet normal -0.17099281381639062 0.19497993507472616 0.9657868722142627
    outer loop
      vertex -0.9432619064759007 0.9432619064759007 3.929760037404689
      vertex -0.5724912120121067 0.5724912120121067 4.070258913673406
      vertex -0.8120717851866698 1.0583125550237211 3.929760037404689
    endloop
  endfacet
  facet normal -0.14407995810549235 0.2156308955852821 0.9657868722142626
    outer loop
      vertex -0.4928683723476853 0.6423185683144504 4.070258913673406
      vertex -0.6669868905040603 1.155255182335412 3.929760037404689
      vertex -0.8120717851866698 1.0583125550237211 3.929760037404689
    endloop
  endfacet
  facet normal -0.21299671902680714 0.31877211712436193 0.9235890509462894
    outer loop
      vertex -1.1173804246322758 1.4561985204968624 3.7220218773606564
      vertex -0.8120717851866698 1.0583125550237211 3.929760037404689
      vertex -0.9177490322044278 1.5895879523752348 3.7220218773606564
    endloop
  endfacet
  facet normal -0.2129967190268073 0.3187721171243619 0.9235890509462894
    outer loop
      vertex -0.8120717851866698 1.0583125550237211 3.929760037404689
      vertex -0.6669868905040603 1.155255182335412 3.929760037404689
      vertex -0.9177490322044278 1.5895879523752348 3.7220218773606564
    endloop
  endfacet
  facet normal -0.16956639193444212 0.34384662816213235 0.9235890509462893
    outer loop
      vertex -0.9177490322044278 1.5895879523752348 3.7220218773606564
      vertex -0.6669868905040603 1.155255182335412 3.929760037404689
      vertex -0.7024146993874595 1.6957790936714252 3.7220218773606564
    endloop
  endfacet
  facet normal -0.14407995810549212 0.2156308955852822 0.9657868722142628
    outer loop
      vertex -0.4928683723476853 0.6423185683144504 4.070258913673406
      vertex -0.40481241818346614 0.7011556758285825 4.070258913673406
      vertex -0.6669868905040603 1.155255182335412 3.929760037404689
    endloop
  endfacet
  facet normal -0.11470185436489787 0.23259235168819511 0.9657868722142627
    outer loop
      vertex -0.40481241818346614 0.7011556758285825 4.070258913673406
      vertex -0.5104896652012243 1.232431073180096 3.929760037404689
      vertex -0.6669868905040603 1.155255182335412 3.929760037404689
    endloop
  endfacet
  facet normal -0.11470185436489795 0.2325923516881951 0.9657868722142628
    outer loop
      vertex -0.40481241818346614 0.7011556758285825 4.070258913673406
      vertex -0.3098300113089218 0.7479958153322084 4.070258913673406
      vertex -0.5104896652012243 1.232431073180096 3.929760037404689
    endloop
  endfacet
  facet normal -0.08336117009475824 0.24557408816694015 0.9657868722142628
    outer loop
      vertex -0.34525782019232093 1.2885197266682216 3.929760037404689
      vertex -0.3098300113089218 0.7479958153322084 4.070258913673406
      vertex -0.20954632703977402 0.7820375390518808 4.070258913673406
    endloop
  endfacet
  facet normal -0.08336117009475803 0.24557408816694007 0.9657868722142626
    outer loop
      vertex -0.5104896652012243 1.232431073180096 3.929760037404689
      vertex -0.3098300113089218 0.7479958153322084 4.070258913673406
      vertex -0.34525782019232093 1.2885197266682216 3.929760037404689
    endloop
  endfacet
  facet normal -0.16956639193444206 0.3438466281621323 0.9235890509462893
    outer loop
      vertex -0.6669868905040603 1.155255182335412 3.929760037404689
      vertex -0.5104896652012243 1.232431073180096 3.929760037404689
      vertex -0.7024146993874595 1.6957790936714252 3.7220218773606564
    endloop
  endfacet
  facet normal -0.12323473686339322 0.363037828059753 0.9235890509462893
    outer loop
      vertex -0.5104896652012243 1.232431073180096 3.929760037404689
      vertex -0.4750618563178251 1.7729549845161094 3.7220218773606564
      vertex -0.7024146993874595 1.6957790936714252 3.7220218773606564
    endloop
  endfacet
  facet normal -0.12323473686339323 0.363037828059753 0.9235890509462894
    outer loop
      vertex -0.5104896652012243 1.232431073180096 3.929760037404689
      vertex -0.34525782019232093 1.2885197266682216 3.929760037404689
      vertex -0.4750618563178251 1.7729549845161094 3.7220218773606564
    endloop
  endfacet
  facet normal -0.39326826236786055 0.588567547733184 0.7063485793639779
    outer loop
      vertex -1.6657448475366363 2.17084094998925 3.120135201037757
      vertex -1.368142566332643 2.3696924368858103 3.120135201037757
      vertex -1.5600676005188785 2.702116347340764 2.736285132665286
    endloop
  endfacet
  facet normal -0.3511696618733951 0.7121016303436303 0.6079400765220772
    outer loop
      vertex -1.691890685756494 2.930440628582797 2.392694753849547
      vertex -1.1940240481762683 2.8826290509067727 2.736285132665286
      vertex -1.3153521467879519 3.12701413808425 2.3799444755148573
    endloop
  endfacet
  facet normal -0.3511696618733954 0.712101630343631 0.607940076522076
    outer loop
      vertex -1.61697886628374 3.0417240961237906 2.3056164670313493
      vertex -1.3153521467879519 3.12701413808425 2.3799444755148573
      vertex -1.3204870273443152 3.1879376903523777 2.3056164670313493
    endloop
  endfacet
  facet normal -0.38323821235150907 0.7771302178258114 0.4991964514453469
    outer loop
      vertex -1.61697886628374 3.0417240961237906 2.3056164670313493
      vertex -1.3204870273443152 3.1879376903523777 2.3056164670313493
      vertex -1.3288325115797541 3.208085471578145 2.267844247261576
    endloop
  endfacet
  facet normal -0.2785237081260518 0.8205043856531709 0.49919645144534686
    outer loop
      vertex -1.3204870273443152 3.1879376903523777 2.3056164670313493
      vertex -1.2809422491469353 3.201361333727286 2.3056164670313493
      vertex -1.3288325115797541 3.208085471578145 2.267844247261576
    endloop
  endfacet
  facet normal -0.2552174424523163 0.7518463409676411 0.6079400765220765
    outer loop
      vertex -1.2962663062658273 3.1367123061530373 2.379135502688008
      vertex -1.2809422491469353 3.201361333727286 2.3056164670313493
      vertex -1.3204870273443152 3.1879376903523777 2.3056164670313493
    endloop
  endfacet
  facet normal -0.35116966187339 0.7121016303436328 0.6079400765220772
    outer loop
      vertex -1.3153521467879519 3.12701413808425 2.3799444755148573
      vertex -1.1940240481762683 2.8826290509067727 2.736285132665286
      vertex -1.3204870273443152 3.1879376903523777 2.3056164670313493
    endloop
  endfacet
  facet normal -0.25521744245234174 0.751846340967631 0.6079400765220783
    outer loop
      vertex -1.2962663062658273 3.1367123061530373 2.379135502688008
      vertex -1.3204870273443152 3.1879376903523777 2.3056164670313493
      vertex -1.1940240481762683 2.8826290509067727 2.736285132665286
    endloop
  endfacet
  facet normal -0.2552174424523118 0.751846340967642 0.607940076522077
    outer loop
      vertex -1.2962663062658273 3.1367123061530373 2.379135502688008
      vertex -1.1940240481762683 2.8826290509067727 2.736285132665286
      vertex -1.0125766875837785 3.255362580088358 2.351494233372602
    endloop
  endfacet
  facet normal -0.2552174424523124 0.7518463409676421 0.6079400765220767
    outer loop
      vertex -1.0125766875837785 3.255362580088358 2.351494233372602
      vertex -1.1940240481762683 2.8826290509067727 2.736285132665286
      vertex -0.8930807100148178 3.3330225850349873 2.3056164670313493
    endloop
  endfacet
  facet normal -0.39326826236786044 0.5885675477331841 0.7063485793639778
    outer loop
      vertex -1.6657448475366363 2.17084094998925 3.120135201037757
      vertex -1.5600676005188785 2.702116347340764 2.736285132665286
      vertex -1.8994179636841568 2.475369683903569 2.736285132665286
    endloop
  endfacet
  facet normal -0.3130803169961175 0.6348640795793229 0.7063485793639778
    outer loop
      vertex -1.368142566332643 2.3696924368858103 3.120135201037757
      vertex -1.1940240481762683 2.8826290509067727 2.736285132665286
      vertex -1.5600676005188785 2.702116347340764 2.736285132665286
    endloop
  endfacet
  facet normal -0.3511696618733958 0.712101630343629 0.6079400765220782
    outer loop
      vertex -1.691890685756494 2.930440628582797 2.392694753849547
      vertex -1.5600676005188785 2.702116347340764 2.736285132665286
      vertex -1.1940240481762683 2.8826290509067727 2.736285132665286
    endloop
  endfacet
  facet normal -0.31308031699611755 0.634864079579323 0.7063485793639778
    outer loop
      vertex -1.368142566332643 2.3696924368858103 3.120135201037757
      vertex -1.0471309864979166 2.5279978291843888 3.120135201037757
      vertex -1.1940240481762683 2.8826290509067727 2.736285132665286
    endloop
  endfacet
  facet normal -0.22753548059830675 0.6702979110062837 0.7063485793639779
    outer loop
      vertex -1.1940240481762683 2.8826290509067727 2.736285132665286
      vertex -1.0471309864979166 2.5279978291843888 3.120135201037757
      vertex -0.8075504133233539 3.0138191721960035 2.736285132665286
    endloop
  endfacet
  facet normal -0.1548983818312253 0.7787267522465109 0.6079400765220774
    outer loop
      vertex -0.8930807100148178 3.3330225850349873 2.3056164670313493
      vertex -0.8075504133233539 3.0138191721960035 2.736285132665286
      vertex -0.8019257455056272 3.335276489081282 2.325954953665173
    endloop
  endfacet
  facet normal -0.22753548059830692 0.6702979110062838 0.7063485793639778
    outer loop
      vertex -1.0471309864979166 2.5279978291843888 3.120135201037757
      vertex -0.7082027051646536 2.643048477732209 3.120135201037757
      vertex -0.8075504133233539 3.0138191721960035 2.736285132665286
    endloop
  endfacet
  facet normal -0.2552174424523115 0.751846340967642 0.6079400765220773
    outer loop
      vertex -0.8930807100148178 3.3330225850349873 2.3056164670313493
      vertex -1.1940240481762683 2.8826290509067727 2.736285132665286
      vertex -0.8075504133233539 3.0138191721960035 2.736285132665286
    endloop
  endfacet
  facet normal -0.13809744904270704 0.6942627593342361 0.7063485793639777
    outer loop
      vertex -0.7082027051646536 2.643048477732209 3.120135201037757
      vertex -0.40725936700320353 3.093442011860425 2.736285132665286
      vertex -0.8075504133233539 3.0138191721960035 2.736285132665286
    endloop
  endfacet
  facet normal -0.13809744904270668 0.694262759334236 0.7063485793639779
    outer loop
      vertex -0.7082027051646536 2.643048477732209 3.120135201037757
      vertex -0.35715687919513844 2.712875834034553 3.120135201037757
      vertex -0.40725936700320353 3.093442011860425 2.736285132665286
    endloop
  endfacet
  facet normal -0.15489838183122623 0.778726752246511 0.6079400765220769
    outer loop
      vertex -0.4503935341282152 3.4210785391992062 2.3056164670313493
      vertex -0.8075504133233539 3.0138191721960035 2.736285132665286
      vertex -0.40725936700320353 3.093442011860425 2.736285132665286
    endloop
  endfacet
  facet normal -0.4019257262121099 0.45830845316019586 0.7927225696110695
    outer loop
      vertex -1.630317038653237 1.630317038653237 3.450598891055563
      vertex -1.403570375216042 1.8291685255497974 3.450598891055563
      vertex -1.6657448475366363 2.17084094998925 3.120135201037757
    endloop
  endfacet
  facet normal -0.3386659386536711 0.5068493954076015 0.7927225696110695
    outer loop
      vertex -1.403570375216042 1.8291685255497974 3.450598891055563
      vertex -1.368142566332643 2.3696924368858103 3.120135201037757
      vertex -1.6657448475366363 2.17084094998925 3.120135201037757
    endloop
  endfacet
  facet normal -0.2782317834462878 0.4164032904624112 0.8655607282983527
    outer loop
      vertex -1.403570375216042 1.8291685255497974 3.450598891055563
      vertex -1.1173804246322758 1.4561985204968624 3.7220218773606564
      vertex -1.1528082335156746 1.996722431832875 3.450598891055563
    endloop
  endfacet
  facet normal -0.2696114829889314 0.5467180039743821 0.7927225696110693
    outer loop
      vertex -1.368142566332643 2.3696924368858103 3.120135201037757
      vertex -1.1528082335156746 1.996722431832875 3.450598891055563
      vertex -1.0471309864979166 2.5279978291843888 3.120135201037757
    endloop
  endfacet
  facet normal -0.33866593865367106 0.5068493954076017 0.7927225696110693
    outer loop
      vertex -1.403570375216042 1.8291685255497974 3.450598891055563
      vertex -1.1528082335156746 1.996722431832875 3.450598891055563
      vertex -1.368142566332643 2.3696924368858103 3.120135201037757
    endloop
  endfacet
  facet normal -0.26961148298893167 0.5467180039743821 0.7927225696110692
    outer loop
      vertex -1.0471309864979166 2.5279978291843888 3.120135201037757
      vertex -1.1528082335156746 1.996722431832875 3.450598891055563
      vertex -0.8823212233210286 2.1301118637112477 3.450598891055563
    endloop
  endfacet
  facet normal -0.27823178344628785 0.4164032904624112 0.8655607282983528
    outer loop
      vertex -1.1173804246322758 1.4561985204968624 3.7220218773606564
      vertex -0.9177490322044278 1.5895879523752348 3.7220218773606564
      vertex -1.1528082335156746 1.996722431832875 3.450598891055563
    endloop
  endfacet
  facet normal -0.22149993603673496 0.4491574378359413 0.8655607282983527
    outer loop
      vertex -0.9177490322044278 1.5895879523752348 3.7220218773606564
      vertex -0.8823212233210286 2.1301118637112477 3.450598891055563
      vertex -1.1528082335156746 1.996722431832875 3.450598891055563
    endloop
  endfacet
  facet normal -0.160978163310208 0.4742263769181306 0.865560728298353
    outer loop
      vertex -0.7024146993874595 1.6957790936714252 3.7220218773606564
      vertex -0.5967374523697013 2.2270544910229386 3.450598891055563
      vertex -0.8823212233210286 2.1301118637112477 3.450598891055563
    endloop
  endfacet
  facet normal -0.19594390009982507 0.5772321159142944 0.7927225696110692
    outer loop
      vertex -0.7082027051646536 2.643048477732209 3.120135201037757
      vertex -0.8823212233210286 2.1301118637112477 3.450598891055563
      vertex -0.5967374523697013 2.2270544910229386 3.450598891055563
    endloop
  endfacet
  facet normal -0.09770200957786465 0.4911811712108596 0.8655607282983528
    outer loop
      vertex -0.4750618563178251 1.7729549845161094 3.7220218773606564
      vertex -0.3009433381614501 2.2858915985370705 3.450598891055563
      vertex -0.5967374523697013 2.2270544910229386 3.450598891055563
    endloop
  endfacet
  facet normal -0.11892366275409783 0.597869626311935 0.7927225696110695
    outer loop
      vertex -0.35715687919513844 2.712875834034553 3.120135201037757
      vertex -0.5967374523697013 2.2270544910229386 3.450598891055563
      vertex -0.3009433381614501 2.2858915985370705 3.450598891055563
    endloop
  endfacet
  facet normal -0.22149993603673424 0.44915743783594136 0.8655607282983531
    outer loop
      vertex -0.9177490322044278 1.5895879523752348 3.7220218773606564
      vertex -0.7024146993874595 1.6957790936714252 3.7220218773606564
      vertex -0.8823212233210286 2.1301118637112477 3.450598891055563
    endloop
  endfacet
  facet normal -0.1609781633102082 0.47422637691813063 0.865560728298353
    outer loop
      vertex -0.7024146993874595 1.6957790936714252 3.7220218773606564
      vertex -0.4750618563178251 1.7729549845161094 3.7220218773606564
      vertex -0.5967374523697013 2.2270544910229386 3.450598891055563
    endloop
  endfacet
  facet normal -0.07479450127748732 0.3760173500661698 0.9235890509462894
    outer loop
      vertex -0.34525782019232093 1.2885197266682216 3.929760037404689
      vertex -0.2395805731745629 1.8197951240197352 3.7220218773606564
      vertex -0.4750618563178251 1.7729549845161094 3.7220218773606564
    endloop
  endfacet
  facet normal -0.09770200957786504 0.4911811712108597 0.8655607282983527
    outer loop
      vertex -0.4750618563178251 1.7729549845161094 3.7220218773606564
      vertex -0.2395805731745629 1.8197951240197352 3.7220218773606564
      vertex -0.3009433381614501 2.2858915985370705 3.450598891055563
    endloop
  endfacet
  facet normal -0.19594390009982485 0.5772321159142942 0.7927225696110692
    outer loop
      vertex -1.0471309864979166 2.5279978291843888 3.120135201037757
      vertex -0.8823212233210286 2.1301118637112477 3.450598891055563
      vertex -0.7082027051646536 2.643048477732209 3.120135201037757
    endloop
  endfacet
  facet normal -0.11892366275409855 0.5978696263119351 0.7927225696110691
    outer loop
      vertex -0.7082027051646536 2.643048477732209 3.120135201037757
      vertex -0.5967374523697013 2.2270544910229386 3.450598891055563
      vertex -0.35715687919513844 2.712875834034553 3.120135201037757
    endloop
  endfacet
  facet normal -0.2552174424523132 0.7518463409676426 0.6079400765220758
    outer loop
      vertex -1.1033872031207204 3.261633150283567 2.3056164670313493
      vertex -1.0125766875837785 3.255362580088358 2.351494233372602
      vertex -0.8930807100148178 3.3330225850349873 2.3056164670313493
    endloop
  endfacet
  facet normal -0.2785237081260471 0.8205043856531687 0.4991964514453531
    outer loop
      vertex -1.1033872031207204 3.261633150283567 2.3056164670313493
      vertex -0.8930807100148178 3.3330225850349873 2.3056164670313493
      vertex -0.9059548564969638 3.3810695538104407 2.219460999599158
    endloop
  endfacet
  facet normal -0.16904358603318564 0.8498394959552117 0.49919645144535324
    outer loop
      vertex -0.9059548564969638 3.3810695538104407 2.219460999599158
      vertex -0.8930807100148178 3.3330225850349873 2.3056164670313493
      vertex -0.787840565060497 3.3539561514112295 2.3056164670313493
    endloop
  endfacet
  facet normal -0.15489838183122526 0.7787267522465112 0.6079400765220769
    outer loop
      vertex -0.8930807100148178 3.3330225850349873 2.3056164670313493
      vertex -0.8019257455056272 3.335276489081282 2.325954953665173
      vertex -0.787840565060497 3.3539561514112295 2.3056164670313493
    endloop
  endfacet
  facet normal -0.1548983818312249 0.7787267522465108 0.6079400765220775
    outer loop
      vertex -0.8019257455056272 3.335276489081282 2.325954953665173
      vertex -0.8075504133233539 3.0138191721960035 2.736285132665286
      vertex -0.6722068270162983 3.37695713199456 2.3056164670313493
    endloop
  endfacet
  facet normal -0.15489838183122592 0.7787267522465108 0.6079400765220772
    outer loop
      vertex -0.6722068270162983 3.37695713199456 2.3056164670313493
      vertex -0.8075504133233539 3.0138191721960035 2.736285132665286
      vertex -0.4503935341282152 3.4210785391992062 2.3056164670313493
    endloop
  endfacet
  facet normal -0.056671081315562595 0.8646336168614388 0.4991964514453518
    outer loop
      vertex -0.4503935341282152 3.4210785391992062 2.3056164670313493
      vertex -0.3625883747238926 3.460498028211227 2.2473079555295374
      vertex -0.460693125331224 3.499311701438848 2.168943398144719
    endloop
  endfacet
  facet normal -0.1690435860331868 0.8498394959552132 0.49919645144534974
    outer loop
      vertex -0.6722068270162983 3.37695713199456 2.3056164670313493
      vertex -0.4503935341282152 3.4210785391992062 2.3056164670313493
      vertex -0.5872716384514731 3.402355077893933 2.291140345125645
    endloop
  endfacet
  facet normal -0.1690435860331869 0.8498394959552122 0.49919645144535185
    outer loop
      vertex -0.5872716384514731 3.402355077893933 2.291140345125645
      vertex -0.4503935341282152 3.4210785391992062 2.3056164670313493
      vertex -0.460693125331224 3.499311701438848 2.168943398144719
    endloop
  endfacet
  facet normal -0.051928966951063284 0.7922829328905973 0.6079400765220769
    outer loop
      vertex -0.4503935341282152 3.4210785391992062 2.3056164670313493
      vertex -0.40725936700320353 3.093442011860425 2.736285132665286
      vertex 0 3.450598891055563 2.3056164670313493
    endloop
  endfacet
  facet normal -0.05667108131556326 0.8646336168614392 0.4991964514453511
    outer loop
      vertex -0.4503935341282152 3.4210785391992062 2.3056164670313493
      vertex 0 3.450598891055563 2.3056164670313493
      vertex -0.3625883747238926 3.460498028211227 2.2473079555295374
    endloop
  endfacet
  facet normal 0.5134408111342508 0.7684184767311634 0.38198374059632595
    outer loop
      vertex 2.265823356863794 2.952878489041131 1.8354980644088557
      vertex 1.9808216995749957 3.3594739101575284 1.4006524560909417
      vertex 1.8610109386803282 3.2233654992357765 1.8354980644088557
    endloop
  endfacet
  facet normal 0.5134408111342499 0.7684184767311636 0.38198374059632684
    outer loop
      vertex 2.265823356863794 2.952878489041131 1.8354980644088557
      vertex 2.315753740887991 3.017949032377169 1.6374851737400133
      vertex 1.9808216995749957 3.3594739101575284 1.4006524560909417
    endloop
  endfacet
  facet normal 0.6093469916179043 0.6948270761320747 0.38198374059632667
    outer loop
      vertex 2.265823356863794 2.952878489041131 1.8354980644088557
      vertex 2.631866909206405 2.631866909206405 1.8354980644088557
      vertex 2.53446943186517 2.741118172802739 1.792140521981878
    endloop
  endfacet
  facet normal 0.6514607996199849 0.5713157878291638 0.499196451445352
    outer loop
      vertex 2.631866909206405 2.631866909206405 1.8354980644088557
      vertex 2.644249647779103 2.5878041876565248 1.8697668570947434
      vertex 2.6795303770030063 2.577517140645974 1.8354980644088557
    endloop
  endfacet
  facet normal 0.609346991617905 0.6948270761320746 0.3819837405963256
    outer loop
      vertex 2.53446943186517 2.741118172802739 1.792140521981878
      vertex 2.631866909206405 2.631866909206405 1.8354980644088557
      vertex 2.6633600712354655 2.6633600712354655 1.7279736834872237
    endloop
  endfacet
  facet normal 0.6948270761320761 0.6093469916179032 0.38198374059632556
    outer loop
      vertex 2.6633600712354655 2.6633600712354655 1.7279736834872237
      vertex 2.631866909206405 2.631866909206405 1.8354980644088557
      vertex 2.6795303770030063 2.577517140645974 1.8354980644088557
    endloop
  endfacet
  facet normal 0.6093469916179043 0.6948270761320747 0.3819837405963269
    outer loop
      vertex 2.265823356863794 2.952878489041131 1.8354980644088557
      vertex 2.53446943186517 2.741118172802739 1.792140521981878
      vertex 2.315753740887991 3.017949032377169 1.6374851737400133
    endloop
  endfacet
  facet normal 0 0 1
    outer loop
      vertex -0.25076214170036737 -0.10386908002201602 4.141114531440205
      vertex -0.25076214170036737 0.10386908002201602 4.141114531440205
      vertex -0.2621744723205941 0.07024943813435891 4.141114531440205
    endloop
  endfacet
  facet normal 0 0 1
    outer loop
      vertex -0.2350592013112469 -0.13571149315254685 4.141114531440205
      vertex -0.2350592013112469 0.13571149315254685 4.141114531440205
      vertex -0.25076214170036737 0.10386908002201602 4.141114531440205
    endloop
  endfacet
  facet normal 0 0 1
    outer loop
      vertex -0.21533433281696826 -0.16523184500890326 4.141114531440205
      vertex -0.21533433281696826 0.16523184500890326 4.141114531440205
      vertex -0.2350592013112469 0.13571149315254685 4.141114531440205
    endloop
  endfacet
  facet normal 0 0 1
    outer loop
      vertex -0.1919250341862352 -0.1919250341862352 4.141114531440205
      vertex -0.1919250341862352 0.1919250341862352 4.141114531440205
      vertex -0.21533433281696826 0.16523184500890326 4.141114531440205
    endloop
  endfacet
  facet normal 0 0 1
    outer loop
      vertex -0.16523184500890326 -0.21533433281696826 4.141114531440205
      vertex -0.16523184500890326 0.21533433281696826 4.141114531440205
      vertex -0.1919250341862352 0.1919250341862352 4.141114531440205
    endloop
  endfacet
  facet normal 0 0 1
    outer loop
      vertex -0.13571149315254685 -0.2350592013112469 4.141114531440205
      vertex -0.13571149315254685 0.2350592013112469 4.141114531440205
      vertex -0.16523184500890326 0.21533433281696826 4.141114531440205
    endloop
  endfacet
  facet normal 0 0 1
    outer loop
      vertex -0.10386908002201602 -0.25076214170036737 4.141114531440205
      vertex -0.10386908002201602 0.25076214170036737 4.141114531440205
      vertex -0.13571149315254685 0.2350592013112469 4.141114531440205
    endloop
  endfacet
  facet normal 0 0 1
    outer loop
      vertex -0.07024943813435891 -0.2621744723205941 4.141114531440205
      vertex -0.07024943813435891 0.2621744723205941 4.141114531440205
      vertex -0.10386908002201602 0.25076214170036737 4.141114531440205
    endloop
  endfacet
  facet normal -0.07266940419059359 0.10875744908111022 0.9914085812438552
    outer loop
      vertex -0.40481241818346614 0.7011556758285825 4.070258913673406
      vertex -0.16523184500890326 0.21533433281696826 4.141114531440205
      vertex -0.13571149315254685 0.2350592013112469 4.141114531440205
    endloop
  endfacet
  facet normal 0 0 1
    outer loop
      vertex -0.03542780888339909 -0.26910092503091926 4.141114531440205
      vertex -0.03542780888339909 0.26910092503091926 4.141114531440205
      vertex -0.07024943813435891 0.2621744723205941 4.141114531440205
    endloop
  endfacet
  facet normal 0 0 1
    outer loop
      vertex 0 -0.2714229863050937 4.141114531440205
      vertex 0 0.2714229863050937 4.141114531440205
      vertex -0.03542780888339909 0.26910092503091926 4.141114531440205
    endloop
  endfacet
  facet normal 0 0 1
    outer loop
      vertex 0.03542780888339909 -0.26910092503091926 4.141114531440205
      vertex 0.03542780888339909 0.26910092503091926 4.141114531440205
      vertex 0 0.2714229863050937 4.141114531440205
    endloop
  endfacet
  facet normal 0 0 1
    outer loop
      vertex 0.07024943813435891 -0.2621744723205941 4.141114531440205
      vertex 0.07024943813435891 0.2621744723205941 4.141114531440205
      vertex 0.03542780888339909 0.26910092503091926 4.141114531440205
    endloop
  endfacet
  facet normal 0 0 1
    outer loop
      vertex 0.10386908002201602 -0.25076214170036737 4.141114531440205
      vertex 0.10386908002201602 0.25076214170036737 4.141114531440205
      vertex 0.07024943813435891 0.2621744723205941 4.141114531440205
    endloop
  endfacet
  facet normal -0.0578520116597372 0.11731227464748849 0.9914085812438552
    outer loop
      vertex -0.13571149315254685 0.2350592013112469 4.141114531440205
      vertex -0.10386908002201602 0.25076214170036737 4.141114531440205
      vertex -0.3098300113089218 0.7479958153322084 4.070258913673406
    endloop
  endfacet
  facet normal -0.0420447551697746 0.12385985466954114 0.9914085812438552
    outer loop
      vertex -0.10386908002201602 0.25076214170036737 4.141114531440205
      vertex -0.20954632703977402 0.7820375390518808 4.070258913673406
      vertex -0.3098300113089218 0.7479958153322084 4.070258913673406
    endloop
  endfacet
  facet normal -0.042044755169774455 0.12385985466954115 0.9914085812438552
    outer loop
      vertex -0.10386908002201602 0.25076214170036737 4.141114531440205
      vertex -0.07024943813435891 0.2621744723205941 4.141114531440205
      vertex -0.20954632703977402 0.7820375390518808 4.070258913673406
    endloop
  endfacet
  facet normal -0.025518101261848617 0.12828815823775852 0.9914085812438553
    outer loop
      vertex -0.07024943813435891 0.2621744723205941 4.141114531440205
      vertex -0.105677247017758 0.8026983836566071 4.070258913673406
      vertex -0.20954632703977402 0.7820375390518808 4.070258913673406
    endloop
  endfacet
  facet normal -0.025518101261848704 0.12828815823775852 0.9914085812438552
    outer loop
      vertex -0.07024943813435891 0.2621744723205941 4.141114531440205
      vertex -0.03542780888339909 0.26910092503091926 4.141114531440205
      vertex -0.105677247017758 0.8026983836566071 4.070258913673406
    endloop
  endfacet
  facet normal -0.008554825566378446 0.13052141585033075 0.9914085812438552
    outer loop
      vertex -0.03542780888339909 0.26910092503091926 4.141114531440205
      vertex 0 0.2714229863050937 4.141114531440205
      vertex 0 0.8096248363669323 4.070258913673406
    endloop
  endfacet
  facet normal 0.008554825566378444 0.13052141585033072 0.9914085812438552
    outer loop
      vertex 0 0.2714229863050937 4.141114531440205
      vertex 0.03542780888339909 0.26910092503091926 4.141114531440205
      vertex 0 0.8096248363669323 4.070258913673406
    endloop
  endfacet
  facet normal 0.025518101261848707 0.12828815823775855 0.9914085812438552
    outer loop
      vertex 0.03542780888339909 0.26910092503091926 4.141114531440205
      vertex 0.07024943813435891 0.2621744723205941 4.141114531440205
      vertex 0.105677247017758 0.8026983836566071 4.070258913673406
    endloop
  endfacet
  facet normal -0.008554825566378465 0.13052141585033078 0.9914085812438552
    outer loop
      vertex -0.03542780888339909 0.26910092503091926 4.141114531440205
      vertex 0 0.8096248363669323 4.070258913673406
      vertex -0.105677247017758 0.8026983836566071 4.070258913673406
    endloop
  endfacet
  facet normal 0.008554825566378422 0.13052141585033078 0.9914085812438552
    outer loop
      vertex 0.03542780888339909 0.26910092503091926 4.141114531440205
      vertex 0.105677247017758 0.8026983836566071 4.070258913673406
      vertex 0 0.8096248363669323 4.070258913673406
    endloop
  endfacet
  facet normal 0 0 1
    outer loop
      vertex 0.13571149315254685 -0.2350592013112469 4.141114531440205
      vertex 0.13571149315254685 0.2350592013112469 4.141114531440205
      vertex 0.10386908002201602 0.25076214170036737 4.141114531440205
    endloop
  endfacet
  facet normal 0 0 1
    outer loop
      vertex 0.16523184500890326 -0.21533433281696826 4.141114531440205
      vertex 0.16523184500890326 0.21533433281696826 4.141114531440205
      vertex 0.13571149315254685 0.2350592013112469 4.141114531440205
    endloop
  endfacet
  facet normal 0 0 1
    outer loop
      vertex 0.1919250341862352 -0.1919250341862352 4.141114531440205
      vertex 0.1919250341862352 0.1919250341862352 4.141114531440205
      vertex 0.16523184500890326 0.21533433281696826 4.141114531440205
    endloop
  endfacet
  facet normal 0 0 1
    outer loop
      vertex 0.21533433281696826 -0.16523184500890326 4.141114531440205
      vertex 0.21533433281696826 0.16523184500890326 4.141114531440205
      vertex 0.1919250341862352 0.1919250341862352 4.141114531440205
    endloop
  endfacet
  facet normal 0 0 1
    outer loop
      vertex 0.2350592013112469 -0.13571149315254685 4.141114531440205
      vertex 0.2350592013112469 0.13571149315254685 4.141114531440205
      vertex 0.21533433281696826 0.16523184500890326 4.141114531440205
    endloop
  endfacet
  facet normal 0 0 1
    outer loop
      vertex 0.25076214170036737 -0.10386908002201602 4.141114531440205
      vertex 0.25076214170036737 0.10386908002201602 4.141114531440205
      vertex 0.2350592013112469 0.13571149315254685 4.141114531440205
    endloop
  endfacet
  facet normal 0 0 1
    outer loop
      vertex 0.2621744723205941 -0.07024943813435891 4.141114531440205
      vertex 0.2621744723205941 0.07024943813435891 4.141114531440205
      vertex 0.25076214170036737 0.10386908002201602 4.141114531440205
    endloop
  endfacet
  facet normal 0 0 1
    outer loop
      vertex 0.26910092503091926 -0.03542780888339909 4.141114531440205
      vertex 0.2714229863050937 0 4.141114531440205
      vertex 0.26910092503091926 0.03542780888339909 4.141114531440205
    endloop
  endfacet
  facet normal 0 0 1
    outer loop
      vertex 0.26910092503091926 -0.03542780888339909 4.141114531440205
      vertex 0.26910092503091926 0.03542780888339909 4.141114531440205
      vertex 0.2621744723205941 0.07024943813435891 4.141114531440205
    endloop
  endfacet
  facet normal 0.07266940419059363 0.10875744908111017 0.9914085812438552
    outer loop
      vertex 0.13571149315254685 0.2350592013112469 4.141114531440205
      vertex 0.16523184500890326 0.21533433281696826 4.141114531440205
      vertex 0.40481241818346614 0.7011556758285825 4.070258913673406
    endloop
  endfacet
  facet normal 0.08624340306798393 0.09834175340769245 0.9914085812438552
    outer loop
      vertex 0.16523184500890326 0.21533433281696826 4.141114531440205
      vertex 0.1919250341862352 0.1919250341862352 4.141114531440205
      vertex 0.4928683723476853 0.6423185683144504 4.070258913673406
    endloop
  endfacet
  facet normal 0.13052141585033072 0.008554825566378444 0.9914085812438552
    outer loop
      vertex 0.2714229863050937 0 4.141114531440205
      vertex 0.8026983836566071 0.105677247017758 4.070258913673406
      vertex 0.26910092503091926 0.03542780888339909 4.141114531440205
    endloop
  endfacet
  facet normal 0.12385985466954116 0.04204475516977447 0.9914085812438552
    outer loop
      vertex 0.25076214170036737 0.10386908002201602 4.141114531440205
      vertex 0.2621744723205941 0.07024943813435891 4.141114531440205
      vertex 0.7479958153322084 0.3098300113089218 4.070258913673406
    endloop
  endfacet
  facet normal 0.12828815823775852 0.025518101261848704 0.9914085812438552
    outer loop
      vertex 0.26910092503091926 0.03542780888339909 4.141114531440205
      vertex 0.7820375390518808 0.20954632703977402 4.070258913673406
      vertex 0.2621744723205941 0.07024943813435891 4.141114531440205
    endloop
  endfacet
  facet normal 0.10875744908111014 0.07266940419059362 0.9914085812438552
    outer loop
      vertex 0.21533433281696826 0.16523184500890326 4.141114531440205
      vertex 0.2350592013112469 0.13571149315254685 4.141114531440205
      vertex 0.6423185683144504 0.4928683723476853 4.070258913673406
    endloop
  endfacet
  facet normal 0.09834175340769247 0.08624340306798395 0.9914085812438552
    outer loop
      vertex 0.21533433281696826 0.16523184500890326 4.141114531440205
      vertex 0.5724912120121067 0.5724912120121067 4.070258913673406
      vertex 0.1919250341862352 0.1919250341862352 4.141114531440205
    endloop
  endfacet
  facet normal 0.11731227464748846 0.05785201165973718 0.9914085812438552
    outer loop
      vertex 0.25076214170036737 0.10386908002201602 4.141114531440205
      vertex 0.7011556758285825 0.40481241818346614 4.070258913673406
      vertex 0.2350592013112469 0.13571149315254685 4.141114531440205
    endloop
  endfacet
  facet normal 0.042044755169774455 0.12385985466954115 0.9914085812438552
    outer loop
      vertex 0.07024943813435891 0.2621744723205941 4.141114531440205
      vertex 0.10386908002201602 0.25076214170036737 4.141114531440205
      vertex 0.20954632703977402 0.7820375390518808 4.070258913673406
    endloop
  endfacet
  facet normal 0.0578520116597372 0.11731227464748849 0.9914085812438552
    outer loop
      vertex 0.10386908002201602 0.25076214170036737 4.141114531440205
      vertex 0.13571149315254685 0.2350592013112469 4.141114531440205
      vertex 0.3098300113089218 0.7479958153322084 4.070258913673406
    endloop
  endfacet
  facet normal 0.04204475516977456 0.12385985466954111 0.9914085812438552
    outer loop
      vertex 0.10386908002201602 0.25076214170036737 4.141114531440205
      vertex 0.3098300113089218 0.7479958153322084 4.070258913673406
      vertex 0.20954632703977402 0.7820375390518808 4.070258913673406
    endloop
  endfacet
  facet normal 0.05785201165973704 0.11731227464748853 0.9914085812438552
    outer loop
      vertex 0.13571149315254685 0.2350592013112469 4.141114531440205
      vertex 0.40481241818346614 0.7011556758285825 4.070258913673406
      vertex 0.3098300113089218 0.7479958153322084 4.070258913673406
    endloop
  endfacet
  facet normal 0.025518101261848607 0.12828815823775852 0.9914085812438553
    outer loop
      vertex 0.07024943813435891 0.2621744723205941 4.141114531440205
      vertex 0.20954632703977402 0.7820375390518808 4.070258913673406
      vertex 0.105677247017758 0.8026983836566071 4.070258913673406
    endloop
  endfacet
  facet normal 0.0726694041905935 0.1087574490811102 0.9914085812438552
    outer loop
      vertex 0.16523184500890326 0.21533433281696826 4.141114531440205
      vertex 0.4928683723476853 0.6423185683144504 4.070258913673406
      vertex 0.40481241818346614 0.7011556758285825 4.070258913673406
    endloop
  endfacet
  facet normal 0.08624340306798399 0.09834175340769243 0.9914085812438553
    outer loop
      vertex 0.1919250341862352 0.1919250341862352 4.141114531440205
      vertex 0.5724912120121067 0.5724912120121067 4.070258913673406
      vertex 0.4928683723476853 0.6423185683144504 4.070258913673406
    endloop
  endfacet
  facet normal -0.050594153092213864 0.25435398391114866 0.9657868722142628
    outer loop
      vertex -0.20954632703977402 0.7820375390518808 4.070258913673406
      vertex -0.105677247017758 0.8026983836566071 4.070258913673406
      vertex -0.17411851815637494 1.322561450387894 3.929760037404689
    endloop
  endfacet
  facet normal -0.050594153092214114 0.25435398391114866 0.9657868722142628
    outer loop
      vertex -0.34525782019232093 1.2885197266682216 3.929760037404689
      vertex -0.20954632703977402 0.7820375390518808 4.070258913673406
      vertex -0.17411851815637494 1.322561450387894 3.929760037404689
    endloop
  endfacet
  facet normal -0.016961456102912907 0.25878181247039017 0.9657868722142627
    outer loop
      vertex -0.105677247017758 0.8026983836566071 4.070258913673406
      vertex 0 1.3339737810081207 3.929760037404689
      vertex -0.17411851815637494 1.322561450387894 3.929760037404689
    endloop
  endfacet
  facet normal -0.016961456102913094 0.2587818124703902 0.9657868722142628
    outer loop
      vertex -0.105677247017758 0.8026983836566071 4.070258913673406
      vertex 0 0.8096248363669323 4.070258913673406
      vertex 0 1.3339737810081207 3.929760037404689
    endloop
  endfacet
  facet normal 0.016961456102913094 0.2587818124703902 0.9657868722142628
    outer loop
      vertex 0 0.8096248363669323 4.070258913673406
      vertex 0.105677247017758 0.8026983836566071 4.070258913673406
      vertex 0 1.3339737810081207 3.929760037404689
    endloop
  endfacet
  facet normal 0.016961456102912893 0.2587818124703902 0.9657868722142627
    outer loop
      vertex 0.105677247017758 0.8026983836566071 4.070258913673406
      vertex 0.17411851815637494 1.322561450387894 3.929760037404689
      vertex 0 1.3339737810081207 3.929760037404689
    endloop
  endfacet
  facet normal -0.07479450127748757 0.3760173500661698 0.9235890509462894
    outer loop
      vertex -0.34525782019232093 1.2885197266682216 3.929760037404689
      vertex -0.17411851815637494 1.322561450387894 3.929760037404689
      vertex -0.2395805731745629 1.8197951240197352 3.7220218773606564
    endloop
  endfacet
  facet normal -0.025074511037770482 0.38256311096124945 0.9235890509462894
    outer loop
      vertex -0.17411851815637494 1.322561450387894 3.929760037404689
      vertex 0 1.3339737810081207 3.929760037404689
      vertex 0 1.8354980644088557 3.7220218773606564
    endloop
  endfacet
  facet normal 0.025074511037770482 0.38256311096124945 0.9235890509462894
    outer loop
      vertex 0 1.3339737810081207 3.929760037404689
      vertex 0.17411851815637494 1.322561450387894 3.929760037404689
      vertex 0 1.8354980644088557 3.7220218773606564
    endloop
  endfacet
  facet normal 0.050594153092213864 0.25435398391114866 0.9657868722142628
    outer loop
      vertex 0.105677247017758 0.8026983836566071 4.070258913673406
      vertex 0.20954632703977402 0.7820375390518808 4.070258913673406
      vertex 0.17411851815637494 1.322561450387894 3.929760037404689
    endloop
  endfacet
  facet normal 0.05059415309221415 0.25435398391114866 0.9657868722142628
    outer loop
      vertex 0.20954632703977402 0.7820375390518808 4.070258913673406
      vertex 0.34525782019232093 1.2885197266682216 3.929760037404689
      vertex 0.17411851815637494 1.322561450387894 3.929760037404689
    endloop
  endfacet
  facet normal 0.08336117009475813 0.24557408816694015 0.9657868722142628
    outer loop
      vertex 0.20954632703977402 0.7820375390518808 4.070258913673406
      vertex 0.3098300113089218 0.7479958153322084 4.070258913673406
      vertex 0.34525782019232093 1.2885197266682216 3.929760037404689
    endloop
  endfacet
  facet normal 0.11470185436489795 0.2325923516881951 0.9657868722142628
    outer loop
      vertex 0.3098300113089218 0.7479958153322084 4.070258913673406
      vertex 0.40481241818346614 0.7011556758285825 4.070258913673406
      vertex 0.5104896652012243 1.232431073180096 3.929760037404689
    endloop
  endfacet
  facet normal 0.08336117009475807 0.24557408816694012 0.9657868722142626
    outer loop
      vertex 0.3098300113089218 0.7479958153322084 4.070258913673406
      vertex 0.5104896652012243 1.232431073180096 3.929760037404689
      vertex 0.34525782019232093 1.2885197266682216 3.929760037404689
    endloop
  endfacet
  facet normal 0.07479450127748757 0.3760173500661698 0.9235890509462894
    outer loop
      vertex 0.17411851815637494 1.322561450387894 3.929760037404689
      vertex 0.34525782019232093 1.2885197266682216 3.929760037404689
      vertex 0.2395805731745629 1.8197951240197352 3.7220218773606564
    endloop
  endfacet
  facet normal 0.12323473686339323 0.363037828059753 0.9235890509462894
    outer loop
      vertex 0.5104896652012243 1.232431073180096 3.929760037404689
      vertex 0.4750618563178251 1.7729549845161094 3.7220218773606564
      vertex 0.34525782019232093 1.2885197266682216 3.929760037404689
    endloop
  endfacet
  facet normal 0.13052141585033075 0.008554825566378505 0.9914085812438553
    outer loop
      vertex 0.2714229863050937 0 4.141114531440205
      vertex 0.8096248363669323 0 4.070258913673406
      vertex 0.8026983836566071 0.105677247017758 4.070258913673406
    endloop
  endfacet
  facet normal 0.12385985466954112 0.042044755169774635 0.9914085812438552
    outer loop
      vertex 0.2621744723205941 0.07024943813435891 4.141114531440205
      vertex 0.7820375390518808 0.20954632703977402 4.070258913673406
      vertex 0.7479958153322084 0.3098300113089218 4.070258913673406
    endloop
  endfacet
  facet normal 0.12828815823775858 0.025518101261848645 0.9914085812438553
    outer loop
      vertex 0.26910092503091926 0.03542780888339909 4.141114531440205
      vertex 0.8026983836566071 0.105677247017758 4.070258913673406
      vertex 0.7820375390518808 0.20954632703977402 4.070258913673406
    endloop
  endfacet
  facet normal 0.10875744908111021 0.07266940419059359 0.9914085812438552
    outer loop
      vertex 0.2350592013112469 0.13571149315254685 4.141114531440205
      vertex 0.7011556758285825 0.40481241818346614 4.070258913673406
      vertex 0.6423185683144504 0.4928683723476853 4.070258913673406
    endloop
  endfacet
  facet normal 0.11731227464748856 0.05785201165973713 0.9914085812438553
    outer loop
      vertex 0.25076214170036737 0.10386908002201602 4.141114531440205
      vertex 0.7479958153322084 0.3098300113089218 4.070258913673406
      vertex 0.7011556758285825 0.40481241818346614 4.070258913673406
    endloop
  endfacet
  facet normal 0.0983417534076924 0.08624340306798405 0.9914085812438553
    outer loop
      vertex 0.21533433281696826 0.16523184500890326 4.141114531440205
      vertex 0.6423185683144504 0.4928683723476853 4.070258913673406
      vertex 0.5724912120121067 0.5724912120121067 4.070258913673406
    endloop
  endfacet
  facet normal 0.17099281381639078 0.19497993507472608 0.9657868722142628
    outer loop
      vertex 0.4928683723476853 0.6423185683144504 4.070258913673406
      vertex 0.5724912120121067 0.5724912120121067 4.070258913673406
      vertex 0.8120717851866698 1.0583125550237211 3.929760037404689
    endloop
  endfacet
  facet normal 0.21563089558528228 0.14407995810549218 0.9657868722142628
    outer loop
      vertex 0.6423185683144504 0.4928683723476853 4.070258913673406
      vertex 0.7011556758285825 0.40481241818346614 4.070258913673406
      vertex 1.0583125550237211 0.8120717851866698 3.929760037404689
    endloop
  endfacet
  facet normal 0.19497993507472605 0.17099281381639073 0.9657868722142628
    outer loop
      vertex 0.6423185683144504 0.4928683723476853 4.070258913673406
      vertex 0.9432619064759007 0.9432619064759007 3.929760037404689
      vertex 0.5724912120121067 0.5724912120121067 4.070258913673406
    endloop
  endfacet
  facet normal 0.25878181247039017 0.016961456102913088 0.9657868722142628
    outer loop
      vertex 0.8096248363669323 0 4.070258913673406
      vertex 1.322561450387894 0.17411851815637494 3.929760037404689
      vertex 0.8026983836566071 0.105677247017758 4.070258913673406
    endloop
  endfacet
  facet normal 0.24557408816694012 0.08336117009475812 0.9657868722142628
    outer loop
      vertex 0.7820375390518808 0.20954632703977402 4.070258913673406
      vertex 1.232431073180096 0.5104896652012243 3.929760037404689
      vertex 0.7479958153322084 0.3098300113089218 4.070258913673406
    endloop
  endfacet
  facet normal 0.2543539839111488 0.05059415309221388 0.9657868722142627
    outer loop
      vertex 0.7820375390518808 0.20954632703977402 4.070258913673406
      vertex 0.8026983836566071 0.105677247017758 4.070258913673406
      vertex 1.2885197266682216 0.34525782019232093 3.929760037404689
    endloop
  endfacet
  facet normal 0.2587818124703902 0.016961456102912973 0.9657868722142627
    outer loop
      vertex 0.8096248363669323 0 4.070258913673406
      vertex 1.3339737810081207 0 3.929760037404689
      vertex 1.322561450387894 0.17411851815637494 3.929760037404689
    endloop
  endfacet
  facet normal 0.24557408816694012 0.083361170094758 0.9657868722142626
    outer loop
      vertex 0.7820375390518808 0.20954632703977402 4.070258913673406
      vertex 1.2885197266682216 0.34525782019232093 3.929760037404689
      vertex 1.232431073180096 0.5104896652012243 3.929760037404689
    endloop
  endfacet
  facet normal 0.2543539839111486 0.05059415309221414 0.9657868722142626
    outer loop
      vertex 0.8026983836566071 0.105677247017758 4.070258913673406
      vertex 1.322561450387894 0.17411851815637494 3.929760037404689
      vertex 1.2885197266682216 0.34525782019232093 3.929760037404689
    endloop
  endfacet
  facet normal 0.23259235168819503 0.11470185436489792 0.9657868722142628
    outer loop
      vertex 0.7479958153322084 0.3098300113089218 4.070258913673406
      vertex 1.155255182335412 0.6669868905040603 3.929760037404689
      vertex 0.7011556758285825 0.40481241818346614 4.070258913673406
    endloop
  endfacet
  facet normal 0.19497993507472616 0.17099281381639067 0.9657868722142627
    outer loop
      vertex 0.6423185683144504 0.4928683723476853 4.070258913673406
      vertex 1.0583125550237211 0.8120717851866698 3.929760037404689
      vertex 0.9432619064759007 0.9432619064759007 3.929760037404689
    endloop
  endfacet
  facet normal 0.21563089558528203 0.14407995810549226 0.9657868722142626
    outer loop
      vertex 0.7011556758285825 0.40481241818346614 4.070258913673406
      vertex 1.155255182335412 0.6669868905040603 3.929760037404689
      vertex 1.0583125550237211 0.8120717851866698 3.929760037404689
    endloop
  endfacet
  facet normal 0.2325923516881951 0.11470185436489776 0.9657868722142627
    outer loop
      vertex 0.7479958153322084 0.3098300113089218 4.070258913673406
      vertex 1.232431073180096 0.5104896652012243 3.929760037404689
      vertex 1.155255182335412 0.6669868905040603 3.929760037404689
    endloop
  endfacet
  facet normal 0.14407995810549212 0.2156308955852822 0.9657868722142628
    outer loop
      vertex 0.40481241818346614 0.7011556758285825 4.070258913673406
      vertex 0.4928683723476853 0.6423185683144504 4.070258913673406
      vertex 0.6669868905040603 1.155255182335412 3.929760037404689
    endloop
  endfacet
  facet normal 0.11470185436489776 0.2325923516881951 0.9657868722142627
    outer loop
      vertex 0.40481241818346614 0.7011556758285825 4.070258913673406
      vertex 0.6669868905040603 1.155255182335412 3.929760037404689
      vertex 0.5104896652012243 1.232431073180096 3.929760037404689
    endloop
  endfacet
  facet normal 0.14407995810549235 0.21563089558528212 0.9657868722142626
    outer loop
      vertex 0.4928683723476853 0.6423185683144504 4.070258913673406
      vertex 0.8120717851866698 1.0583125550237211 3.929760037404689
      vertex 0.6669868905040603 1.155255182335412 3.929760037404689
    endloop
  endfacet
  facet normal 0.1709928138163906 0.19497993507472616 0.9657868722142627
    outer loop
      vertex 0.5724912120121067 0.5724912120121067 4.070258913673406
      vertex 0.9432619064759007 0.9432619064759007 3.929760037404689
      vertex 0.8120717851866698 1.0583125550237211 3.929760037404689
    endloop
  endfacet
  facet normal 0.16956639193444206 0.3438466281621323 0.9235890509462893
    outer loop
      vertex 0.5104896652012243 1.232431073180096 3.929760037404689
      vertex 0.6669868905040603 1.155255182335412 3.929760037404689
      vertex 0.7024146993874595 1.6957790936714252 3.7220218773606564
    endloop
  endfacet
  facet normal 0.12323473686339324 0.36303782805975293 0.9235890509462893
    outer loop
      vertex 0.5104896652012243 1.232431073180096 3.929760037404689
      vertex 0.7024146993874595 1.6957790936714252 3.7220218773606564
      vertex 0.4750618563178251 1.7729549845161094 3.7220218773606564
    endloop
  endfacet
  facet normal 0.2129967190268073 0.3187721171243619 0.9235890509462894
    outer loop
      vertex 0.6669868905040603 1.155255182335412 3.929760037404689
      vertex 0.8120717851866698 1.0583125550237211 3.929760037404689
      vertex 0.9177490322044278 1.5895879523752348 3.7220218773606564
    endloop
  endfacet
  facet normal 0.16956639193444212 0.34384662816213235 0.9235890509462893
    outer loop
      vertex 0.6669868905040603 1.155255182335412 3.929760037404689
      vertex 0.9177490322044278 1.5895879523752348 3.7220218773606564
      vertex 0.7024146993874595 1.6957790936714252 3.7220218773606564
    endloop
  endfacet
  facet normal 0.25278261320277656 0.2882433267822656 0.9235890509462893
    outer loop
      vertex 0.9432619064759007 0.9432619064759007 3.929760037404689
      vertex 1.1173804246322758 1.4561985204968624 3.7220218773606564
      vertex 0.8120717851866698 1.0583125550237211 3.929760037404689
    endloop
  endfacet
  facet normal 0.28824332678226555 0.2527826132027765 0.9235890509462894
    outer loop
      vertex 0.9432619064759007 0.9432619064759007 3.929760037404689
      vertex 1.0583125550237211 0.8120717851866698 3.929760037404689
      vertex 1.2978931281982844 1.2978931281982844 3.7220218773606564
    endloop
  endfacet
  facet normal 0.21299671902680714 0.31877211712436193 0.9235890509462894
    outer loop
      vertex 0.8120717851866698 1.0583125550237211 3.929760037404689
      vertex 1.1173804246322758 1.4561985204968624 3.7220218773606564
      vertex 0.9177490322044278 1.5895879523752348 3.7220218773606564
    endloop
  endfacet
  facet normal 0.25278261320277645 0.2882433267822657 0.9235890509462895
    outer loop
      vertex 0.9432619064759007 0.9432619064759007 3.929760037404689
      vertex 1.2978931281982844 1.2978931281982844 3.7220218773606564
      vertex 1.1173804246322758 1.4561985204968624 3.7220218773606564
    endloop
  endfacet
  facet normal -0.051928966951062625 0.792282932890597 0.6079400765220774
    outer loop
      vertex -0.40725936700320353 3.093442011860425 2.736285132665286
      vertex 0 3.120135201037757 2.736285132665286
      vertex 0 3.450598891055563 2.3056164670313493
    endloop
  endfacet
  facet normal -0.0462965318461391 0.7063485793639779 0.7063485793639779
    outer loop
      vertex -0.35715687919513844 2.712875834034553 3.120135201037757
      vertex 0 3.120135201037757 2.736285132665286
      vertex -0.40725936700320353 3.093442011860425 2.736285132665286
    endloop
  endfacet
  facet normal -0.04629653184613914 0.7063485793639779 0.7063485793639779
    outer loop
      vertex -0.35715687919513844 2.712875834034553 3.120135201037757
      vertex 0 2.736285132665286 3.120135201037757
      vertex 0 3.120135201037757 2.736285132665286
    endloop
  endfacet
  facet normal 0.05192896695106267 0.792282932890597 0.6079400765220774
    outer loop
      vertex 0 3.450598891055563 2.3056164670313493
      vertex 0 3.120135201037757 2.736285132665286
      vertex 0.40725936700320353 3.093442011860425 2.736285132665286
    endloop
  endfacet
  facet normal 0.04629653184613918 0.7063485793639779 0.7063485793639779
    outer loop
      vertex 0.35715687919513844 2.712875834034553 3.120135201037757
      vertex 0.40725936700320353 3.093442011860425 2.736285132665286
      vertex 0 3.120135201037757 2.736285132665286
    endloop
  endfacet
  facet normal 0.04629653184613914 0.7063485793639779 0.7063485793639779
    outer loop
      vertex 0 2.736285132665286 3.120135201037757
      vertex 0.35715687919513844 2.712875834034553 3.120135201037757
      vertex 0 3.120135201037757 2.736285132665286
    endloop
  endfacet
  facet normal 0.2552174424523122 0.751846340967642 0.6079400765220769
    outer loop
      vertex 0.8930807100148178 3.3330225850349873 2.3056164670313493
      vertex 1.1940240481762683 2.8826290509067727 2.736285132665286
      vertex 1.3204870273443152 3.1879376903523777 2.3056164670313493
    endloop
  endfacet
  facet normal 0.13809744904270668 0.694262759334236 0.7063485793639779
    outer loop
      vertex 0.35715687919513844 2.712875834034553 3.120135201037757
      vertex 0.7082027051646536 2.643048477732209 3.120135201037757
      vertex 0.40725936700320353 3.093442011860425 2.736285132665286
    endloop
  endfacet
  facet normal 0.15489838183122628 0.778726752246511 0.6079400765220769
    outer loop
      vertex 0.4503935341282152 3.4210785391992062 2.3056164670313493
      vertex 0.40725936700320353 3.093442011860425 2.736285132665286
      vertex 0.8075504133233539 3.0138191721960035 2.736285132665286
    endloop
  endfacet
  facet normal 0.138097449042707 0.6942627593342361 0.7063485793639777
    outer loop
      vertex 0.40725936700320353 3.093442011860425 2.736285132665286
      vertex 0.7082027051646536 2.643048477732209 3.120135201037757
      vertex 0.8075504133233539 3.0138191721960035 2.736285132665286
    endloop
  endfacet
  facet normal 0.22753548059830678 0.6702979110062838 0.7063485793639779
    outer loop
      vertex 1.1940240481762683 2.8826290509067727 2.736285132665286
      vertex 0.8075504133233539 3.0138191721960035 2.736285132665286
      vertex 1.0471309864979166 2.5279978291843888 3.120135201037757
    endloop
  endfacet
  facet normal 0.22753548059830692 0.6702979110062838 0.7063485793639778
    outer loop
      vertex 0.7082027051646536 2.643048477732209 3.120135201037757
      vertex 1.0471309864979166 2.5279978291843888 3.120135201037757
      vertex 0.8075504133233539 3.0138191721960035 2.736285132665286
    endloop
  endfacet
  facet normal 0.2552174424523114 0.751846340967642 0.6079400765220773
    outer loop
      vertex 0.8930807100148178 3.3330225850349873 2.3056164670313493
      vertex 0.8075504133233539 3.0138191721960035 2.736285132665286
      vertex 1.1940240481762683 2.8826290509067727 2.736285132665286
    endloop
  endfacet
  facet normal -0.03275414737353079 0.4997317194830223 0.8655607282983527
    outer loop
      vertex -0.2395805731745629 1.8197951240197352 3.7220218773606564
      vertex 0 2.3056164670313493 3.450598891055563
      vertex -0.3009433381614501 2.2858915985370705 3.450598891055563
    endloop
  endfacet
  facet normal 0.03275414737353076 0.49973171948302236 0.8655607282983527
    outer loop
      vertex 0.2395805731745629 1.8197951240197352 3.7220218773606564
      vertex 0.3009433381614501 2.2858915985370705 3.450598891055563
      vertex 0 2.3056164670313493 3.450598891055563
    endloop
  endfacet
  facet normal 0.09770200957786465 0.49118117121085964 0.8655607282983528
    outer loop
      vertex 0.4750618563178251 1.7729549845161094 3.7220218773606564
      vertex 0.5967374523697013 2.2270544910229386 3.450598891055563
      vertex 0.3009433381614501 2.2858915985370705 3.450598891055563
    endloop
  endfacet
  facet normal 0.11892366275409781 0.597869626311935 0.7927225696110695
    outer loop
      vertex 0.35715687919513844 2.712875834034553 3.120135201037757
      vertex 0.3009433381614501 2.2858915985370705 3.450598891055563
      vertex 0.5967374523697013 2.2270544910229386 3.450598891055563
    endloop
  endfacet
  facet normal -0.02507451103777055 0.38256311096124956 0.9235890509462895
    outer loop
      vertex -0.17411851815637494 1.322561450387894 3.929760037404689
      vertex 0 1.8354980644088557 3.7220218773606564
      vertex -0.2395805731745629 1.8197951240197352 3.7220218773606564
    endloop
  endfacet
  facet normal -0.0327541473735306 0.4997317194830223 0.8655607282983528
    outer loop
      vertex -0.2395805731745629 1.8197951240197352 3.7220218773606564
      vertex 0 1.8354980644088557 3.7220218773606564
      vertex 0 2.3056164670313493 3.450598891055563
    endloop
  endfacet
  facet normal 0.0327541473735306 0.4997317194830223 0.8655607282983528
    outer loop
      vertex 0 1.8354980644088557 3.7220218773606564
      vertex 0.2395805731745629 1.8197951240197352 3.7220218773606564
      vertex 0 2.3056164670313493 3.450598891055563
    endloop
  endfacet
  facet normal 0.02507451103777056 0.3825631109612495 0.9235890509462894
    outer loop
      vertex 0 1.8354980644088557 3.7220218773606564
      vertex 0.17411851815637494 1.322561450387894 3.929760037404689
      vertex 0.2395805731745629 1.8197951240197352 3.7220218773606564
    endloop
  endfacet
  facet normal 0.07479450127748731 0.3760173500661698 0.9235890509462894
    outer loop
      vertex 0.34525782019232093 1.2885197266682216 3.929760037404689
      vertex 0.4750618563178251 1.7729549845161094 3.7220218773606564
      vertex 0.2395805731745629 1.8197951240197352 3.7220218773606564
    endloop
  endfacet
  facet normal 0.09770200957786504 0.4911811712108597 0.8655607282983527
    outer loop
      vertex 0.2395805731745629 1.8197951240197352 3.7220218773606564
      vertex 0.4750618563178251 1.7729549845161094 3.7220218773606564
      vertex 0.3009433381614501 2.2858915985370705 3.450598891055563
    endloop
  endfacet
  facet normal -0.039868608566780796 0.608277421642602 0.7927225696110695
    outer loop
      vertex -0.35715687919513844 2.712875834034553 3.120135201037757
      vertex -0.3009433381614501 2.2858915985370705 3.450598891055563
      vertex 0 2.736285132665286 3.120135201037757
    endloop
  endfacet
  facet normal -0.03986860856678121 0.6082774216426022 0.7927225696110693
    outer loop
      vertex 0 2.736285132665286 3.120135201037757
      vertex -0.3009433381614501 2.2858915985370705 3.450598891055563
      vertex 0 2.3056164670313493 3.450598891055563
    endloop
  endfacet
  facet normal 0.03986860856678121 0.6082774216426022 0.7927225696110693
    outer loop
      vertex 0 2.736285132665286 3.120135201037757
      vertex 0 2.3056164670313493 3.450598891055563
      vertex 0.3009433381614501 2.2858915985370705 3.450598891055563
    endloop
  endfacet
  facet normal 0.039868608566780796 0.608277421642602 0.7927225696110695
    outer loop
      vertex 0 2.736285132665286 3.120135201037757
      vertex 0.3009433381614501 2.2858915985370705 3.450598891055563
      vertex 0.35715687919513844 2.712875834034553 3.120135201037757
    endloop
  endfacet
  facet normal 0.16097816331020798 0.4742263769181306 0.865560728298353
    outer loop
      vertex 0.7024146993874595 1.6957790936714252 3.7220218773606564
      vertex 0.8823212233210286 2.1301118637112477 3.450598891055563
      vertex 0.5967374523697013 2.2270544910229386 3.450598891055563
    endloop
  endfacet
  facet normal 0.19594390009982518 0.5772321159142944 0.7927225696110692
    outer loop
      vertex 0.7082027051646536 2.643048477732209 3.120135201037757
      vertex 0.5967374523697013 2.2270544910229386 3.450598891055563
      vertex 0.8823212233210286 2.1301118637112477 3.450598891055563
    endloop
  endfacet
  facet normal 0.22149993603673487 0.44915743783594125 0.8655607282983527
    outer loop
      vertex 0.9177490322044278 1.5895879523752348 3.7220218773606564
      vertex 1.1528082335156746 1.996722431832875 3.450598891055563
      vertex 0.8823212233210286 2.1301118637112477 3.450598891055563
    endloop
  endfacet
  facet normal 0.2696114829889314 0.5467180039743821 0.7927225696110693
    outer loop
      vertex 1.368142566332643 2.3696924368858103 3.120135201037757
      vertex 1.0471309864979166 2.5279978291843888 3.120135201037757
      vertex 1.1528082335156746 1.996722431832875 3.450598891055563
    endloop
  endfacet
  facet normal 0.26961148298893167 0.5467180039743821 0.7927225696110692
    outer loop
      vertex 1.0471309864979166 2.5279978291843888 3.120135201037757
      vertex 0.8823212233210286 2.1301118637112477 3.450598891055563
      vertex 1.1528082335156746 1.996722431832875 3.450598891055563
    endloop
  endfacet
  facet normal 0.1609781633102082 0.47422637691813063 0.865560728298353
    outer loop
      vertex 0.4750618563178251 1.7729549845161094 3.7220218773606564
      vertex 0.7024146993874595 1.6957790936714252 3.7220218773606564
      vertex 0.5967374523697013 2.2270544910229386 3.450598891055563
    endloop
  endfacet
  facet normal 0.22149993603673424 0.44915743783594136 0.8655607282983531
    outer loop
      vertex 0.7024146993874595 1.6957790936714252 3.7220218773606564
      vertex 0.9177490322044278 1.5895879523752348 3.7220218773606564
      vertex 0.8823212233210286 2.1301118637112477 3.450598891055563
    endloop
  endfacet
  facet normal 0.27823178344628785 0.4164032904624112 0.8655607282983528
    outer loop
      vertex 0.9177490322044278 1.5895879523752348 3.7220218773606564
      vertex 1.1173804246322758 1.4561985204968624 3.7220218773606564
      vertex 1.1528082335156746 1.996722431832875 3.450598891055563
    endloop
  endfacet
  facet normal 0.11892366275409856 0.5978696263119352 0.7927225696110691
    outer loop
      vertex 0.35715687919513844 2.712875834034553 3.120135201037757
      vertex 0.5967374523697013 2.2270544910229386 3.450598891055563
      vertex 0.7082027051646536 2.643048477732209 3.120135201037757
    endloop
  endfacet
  facet normal 0.19594390009982485 0.5772321159142942 0.7927225696110692
    outer loop
      vertex 0.7082027051646536 2.643048477732209 3.120135201037757
      vertex 0.8823212233210286 2.1301118637112477 3.450598891055563
      vertex 1.0471309864979166 2.5279978291843888 3.120135201037757
    endloop
  endfacet
  facet normal 0.634864079579323 0.31308031699611755 0.7063485793639778
    outer loop
      vertex 2.5279978291843888 1.0471309864979166 3.120135201037757
      vertex 2.702116347340764 1.5600676005188785 2.736285132665286
      vertex 2.3696924368858103 1.368142566332643 3.120135201037757
    endloop
  endfacet
  facet normal 0.5885675477331842 0.39326826236786044 0.7063485793639778
    outer loop
      vertex 2.3696924368858103 1.368142566332643 3.120135201037757
      vertex 2.702116347340764 1.5600676005188785 2.736285132665286
      vertex 2.475369683903569 1.8994179636841568 2.736285132665286
    endloop
  endfacet
  facet normal 0.3825631109612495 0.025074511037770485 0.9235890509462893
    outer loop
      vertex 1.3339737810081207 0 3.929760037404689
      vertex 1.8197951240197352 0.2395805731745629 3.7220218773606564
      vertex 1.322561450387894 0.17411851815637494 3.929760037404689
    endloop
  endfacet
  facet normal 0.3760173500661697 0.07479450127748755 0.9235890509462894
    outer loop
      vertex 1.322561450387894 0.17411851815637494 3.929760037404689
      vertex 1.7729549845161094 0.4750618563178251 3.7220218773606564
      vertex 1.2885197266682216 0.34525782019232093 3.929760037404689
    endloop
  endfacet
  facet normal 0.34384662816213235 0.1695663919344421 0.9235890509462893
    outer loop
      vertex 1.155255182335412 0.6669868905040603 3.929760037404689
      vertex 1.232431073180096 0.5104896652012243 3.929760037404689
      vertex 1.5895879523752348 0.9177490322044278 3.7220218773606564
    endloop
  endfacet
  facet normal 0.363037828059753 0.12323473686339323 0.9235890509462894
    outer loop
      vertex 1.2885197266682216 0.34525782019232093 3.929760037404689
      vertex 1.6957790936714252 0.7024146993874595 3.7220218773606564
      vertex 1.232431073180096 0.5104896652012243 3.929760037404689
    endloop
  endfacet
  facet normal 0.3438466281621324 0.16956639193444217 0.9235890509462894
    outer loop
      vertex 1.232431073180096 0.5104896652012243 3.929760037404689
      vertex 1.6957790936714252 0.7024146993874595 3.7220218773606564
      vertex 1.5895879523752348 0.9177490322044278 3.7220218773606564
    endloop
  endfacet
  facet normal 0.3825631109612495 0.02507451103777055 0.9235890509462894
    outer loop
      vertex 1.3339737810081207 0 3.929760037404689
      vertex 1.8354980644088557 0 3.7220218773606564
      vertex 1.8197951240197352 0.2395805731745629 3.7220218773606564
    endloop
  endfacet
  facet normal 0.37601735006616993 0.07479450127748735 0.9235890509462894
    outer loop
      vertex 1.322561450387894 0.17411851815637494 3.929760037404689
      vertex 1.8197951240197352 0.2395805731745629 3.7220218773606564
      vertex 1.7729549845161094 0.4750618563178251 3.7220218773606564
    endloop
  endfacet
  facet normal 0.363037828059753 0.12323473686339324 0.9235890509462893
    outer loop
      vertex 1.2885197266682216 0.34525782019232093 3.929760037404689
      vertex 1.7729549845161094 0.4750618563178251 3.7220218773606564
      vertex 1.6957790936714252 0.7024146993874595 3.7220218773606564
    endloop
  endfacet
  facet normal 0.4742263769181305 0.16097816331020814 0.865560728298353
    outer loop
      vertex 1.7729549845161094 0.4750618563178251 3.7220218773606564
      vertex 2.1301118637112477 0.8823212233210286 3.450598891055563
      vertex 1.6957790936714252 0.7024146993874595 3.7220218773606564
    endloop
  endfacet
  facet normal 0.33020300790065166 0.37652436734026584 0.8655607282983527
    outer loop
      vertex 1.2978931281982844 1.2978931281982844 3.7220218773606564
      vertex 1.630317038653237 1.630317038653237 3.450598891055563
      vertex 1.403570375216042 1.8291685255497974 3.450598891055563
    endloop
  endfacet
  facet normal 0.4164032904624112 0.2782317834462878 0.8655607282983527
    outer loop
      vertex 1.5895879523752348 0.9177490322044278 3.7220218773606564
      vertex 1.996722431832875 1.1528082335156746 3.450598891055563
      vertex 1.8291685255497974 1.403570375216042 3.450598891055563
    endloop
  endfacet
  facet normal 0.3765243673402658 0.3302030079006516 0.8655607282983527
    outer loop
      vertex 1.4561985204968624 1.1173804246322758 3.7220218773606564
      vertex 1.8291685255497974 1.403570375216042 3.450598891055563
      vertex 1.630317038653237 1.630317038653237 3.450598891055563
    endloop
  endfacet
  facet normal 0.31877211712436176 0.21299671902680725 0.9235890509462894
    outer loop
      vertex 1.155255182335412 0.6669868905040603 3.929760037404689
      vertex 1.4561985204968624 1.1173804246322758 3.7220218773606564
      vertex 1.0583125550237211 0.8120717851866698 3.929760037404689
    endloop
  endfacet
  facet normal 0.2882433267822657 0.25278261320277645 0.9235890509462893
    outer loop
      vertex 1.0583125550237211 0.8120717851866698 3.929760037404689
      vertex 1.4561985204968624 1.1173804246322758 3.7220218773606564
      vertex 1.2978931281982844 1.2978931281982844 3.7220218773606564
    endloop
  endfacet
  facet normal 0.31877211712436193 0.21299671902680717 0.9235890509462893
    outer loop
      vertex 1.155255182335412 0.6669868905040603 3.929760037404689
      vertex 1.5895879523752348 0.9177490322044278 3.7220218773606564
      vertex 1.4561985204968624 1.1173804246322758 3.7220218773606564
    endloop
  endfacet
  facet normal 0.33020300790065144 0.37652436734026595 0.8655607282983527
    outer loop
      vertex 1.1173804246322758 1.4561985204968624 3.7220218773606564
      vertex 1.2978931281982844 1.2978931281982844 3.7220218773606564
      vertex 1.403570375216042 1.8291685255497974 3.450598891055563
    endloop
  endfacet
  facet normal 0.376524367340266 0.3302030079006515 0.8655607282983527
    outer loop
      vertex 1.2978931281982844 1.2978931281982844 3.7220218773606564
      vertex 1.4561985204968624 1.1173804246322758 3.7220218773606564
      vertex 1.630317038653237 1.630317038653237 3.450598891055563
    endloop
  endfacet
  facet normal 0.4164032904624112 0.27823178344628785 0.8655607282983528
    outer loop
      vertex 1.5895879523752348 0.9177490322044278 3.7220218773606564
      vertex 1.8291685255497974 1.403570375216042 3.450598891055563
      vertex 1.4561985204968624 1.1173804246322758 3.7220218773606564
    endloop
  endfacet
  facet normal 0.4491574378359417 0.22149993603673437 0.8655607282983527
    outer loop
      vertex 1.5895879523752348 0.9177490322044278 3.7220218773606564
      vertex 1.6957790936714252 0.7024146993874595 3.7220218773606564
      vertex 1.996722431832875 1.1528082335156746 3.450598891055563
    endloop
  endfacet
  facet normal 0.4911811712108598 0.09770200957786462 0.8655607282983527
    outer loop
      vertex 1.8197951240197352 0.2395805731745629 3.7220218773606564
      vertex 2.2858915985370705 0.3009433381614501 3.450598891055563
      vertex 2.2270544910229386 0.5967374523697013 3.450598891055563
    endloop
  endfacet
  facet normal 0.4997317194830223 0.03275414737353068 0.8655607282983528
    outer loop
      vertex 1.8354980644088557 0 3.7220218773606564
      vertex 2.3056164670313493 0 3.450598891055563
      vertex 2.2858915985370705 0.3009433381614501 3.450598891055563
    endloop
  endfacet
  facet normal 0.47422637691813063 0.160978163310208 0.8655607282983528
    outer loop
      vertex 1.7729549845161094 0.4750618563178251 3.7220218773606564
      vertex 2.2270544910229386 0.5967374523697013 3.450598891055563
      vertex 2.1301118637112477 0.8823212233210286 3.450598891055563
    endloop
  endfacet
  facet normal 0.6082774216426023 0.039868608566780754 0.7927225696110693
    outer loop
      vertex 2.3056164670313493 0 3.450598891055563
      vertex 2.736285132665286 0 3.120135201037757
      vertex 2.712875834034553 0.35715687919513844 3.120135201037757
    endloop
  endfacet
  facet normal 0.6082774216426021 0.03986860856678113 0.7927225696110696
    outer loop
      vertex 2.3056164670313493 0 3.450598891055563
      vertex 2.712875834034553 0.35715687919513844 3.120135201037757
      vertex 2.2858915985370705 0.3009433381614501 3.450598891055563
    endloop
  endfacet
  facet normal 0.5772321159142944 0.1959439000998249 0.792722569611069
    outer loop
      vertex 2.2270544910229386 0.5967374523697013 3.450598891055563
      vertex 2.643048477732209 0.7082027051646536 3.120135201037757
      vertex 2.5279978291843888 1.0471309864979166 3.120135201037757
    endloop
  endfacet
  facet normal 0.5978696263119349 0.11892366275409845 0.7927225696110695
    outer loop
      vertex 2.2858915985370705 0.3009433381614501 3.450598891055563
      vertex 2.712875834034553 0.35715687919513844 3.120135201037757
      vertex 2.643048477732209 0.7082027051646536 3.120135201037757
    endloop
  endfacet
  facet normal 0.5978696263119354 0.11892366275409785 0.7927225696110691
    outer loop
      vertex 2.2858915985370705 0.3009433381614501 3.450598891055563
      vertex 2.643048477732209 0.7082027051646536 3.120135201037757
      vertex 2.2270544910229386 0.5967374523697013 3.450598891055563
    endloop
  endfacet
  facet normal 0.4997317194830223 0.0327541473735306 0.8655607282983527
    outer loop
      vertex 1.8354980644088557 0 3.7220218773606564
      vertex 2.2858915985370705 0.3009433381614501 3.450598891055563
      vertex 1.8197951240197352 0.2395805731745629 3.7220218773606564
    endloop
  endfacet
  facet normal 0.4911811712108596 0.09770200957786503 0.865560728298353
    outer loop
      vertex 1.8197951240197352 0.2395805731745629 3.7220218773606564
      vertex 2.2270544910229386 0.5967374523697013 3.450598891055563
      vertex 1.7729549845161094 0.4750618563178251 3.7220218773606564
    endloop
  endfacet
  facet normal 0.4491574378359412 0.22149993603673485 0.865560728298353
    outer loop
      vertex 1.6957790936714252 0.7024146993874595 3.7220218773606564
      vertex 2.1301118637112477 0.8823212233210286 3.450598891055563
      vertex 1.996722431832875 1.1528082335156746 3.450598891055563
    endloop
  endfacet
  facet normal 0.5772321159142942 0.19594390009982507 0.7927225696110692
    outer loop
      vertex 2.2270544910229386 0.5967374523697013 3.450598891055563
      vertex 2.5279978291843888 1.0471309864979166 3.120135201037757
      vertex 2.1301118637112477 0.8823212233210286 3.450598891055563
    endloop
  endfacet
  facet normal 0.546718003974382 0.2696114829889316 0.7927225696110692
    outer loop
      vertex 2.1301118637112477 0.8823212233210286 3.450598891055563
      vertex 2.3696924368858103 1.368142566332643 3.120135201037757
      vertex 1.996722431832875 1.1528082335156746 3.450598891055563
    endloop
  endfacet
  facet normal 0.5068493954076015 0.3386659386536711 0.7927225696110695
    outer loop
      vertex 2.17084094998925 1.6657448475366363 3.120135201037757
      vertex 1.996722431832875 1.1528082335156746 3.450598891055563
      vertex 2.3696924368858103 1.368142566332643 3.120135201037757
    endloop
  endfacet
  facet normal 0.5068493954076017 0.33866593865367106 0.7927225696110693
    outer loop
      vertex 2.17084094998925 1.6657448475366363 3.120135201037757
      vertex 1.8291685255497974 1.403570375216042 3.450598891055563
      vertex 1.996722431832875 1.1528082335156746 3.450598891055563
    endloop
  endfacet
  facet normal 0.5467180039743822 0.2696114829889314 0.7927225696110692
    outer loop
      vertex 2.1301118637112477 0.8823212233210286 3.450598891055563
      vertex 2.5279978291843888 1.0471309864979166 3.120135201037757
      vertex 2.3696924368858103 1.368142566332643 3.120135201037757
    endloop
  endfacet
  facet normal 0.3932682623678606 0.5885675477331841 0.7063485793639779
    outer loop
      vertex 1.368142566332643 2.3696924368858103 3.120135201037757
      vertex 1.6657448475366363 2.17084094998925 3.120135201037757
      vertex 1.5600676005188785 2.702116347340764 2.736285132665286
    endloop
  endfacet
  facet normal 0.46672727873592873 0.5322004619635772 0.7063485793639779
    outer loop
      vertex 1.9348457725675556 1.9348457725675556 3.120135201037757
      vertex 1.8994179636841568 2.475369683903569 2.736285132665286
      vertex 1.6657448475366363 2.17084094998925 3.120135201037757
    endloop
  endfacet
  facet normal 0.3832382123515081 0.7771302178258087 0.4991964514453518
    outer loop
      vertex 1.4243561073663313 3.438699832052745 1.8354980644088557
      vertex 1.3204870273443152 3.1879376903523777 2.3056164670313493
      vertex 1.7252994455277815 2.98830629792453 2.3056164670313493
    endloop
  endfacet
  facet normal 0.3511696618733952 0.71210163034363 0.6079400765220775
    outer loop
      vertex 1.3204870273443152 3.1879376903523777 2.3056164670313493
      vertex 1.5600676005188785 2.702116347340764 2.736285132665286
      vertex 1.7252994455277815 2.98830629792453 2.3056164670313493
    endloop
  endfacet
  facet normal 0.4411132710172011 0.6601726633925673 0.6079400765220774
    outer loop
      vertex 2.1005915118548915 2.7375441562241627 2.3056164670313493
      vertex 1.7252994455277815 2.98830629792453 2.3056164670313493
      vertex 1.8994179636841568 2.475369683903569 2.736285132665286
    endloop
  endfacet
  facet normal 0.3832382123515092 0.7771302178258086 0.4991964514453511
    outer loop
      vertex 1.4243561073663313 3.438699832052745 1.8354980644088557
      vertex 1.7252994455277815 2.98830629792453 2.3056164670313493
      vertex 1.8610109386803282 3.2233654992357765 1.8354980644088557
    endloop
  endfacet
  facet normal 0.4813954045099303 0.7204591365102463 0.4991964514453511
    outer loop
      vertex 2.1005915118548915 2.7375441562241627 2.3056164670313493
      vertex 1.8610109386803282 3.2233654992357765 1.8354980644088557
      vertex 1.7252994455277815 2.98830629792453 2.3056164670313493
    endloop
  endfacet
  facet normal 0.31308031699611755 0.634864079579323 0.7063485793639778
    outer loop
      vertex 1.368142566332643 2.3696924368858103 3.120135201037757
      vertex 1.1940240481762683 2.8826290509067727 2.736285132665286
      vertex 1.0471309864979166 2.5279978291843888 3.120135201037757
    endloop
  endfacet
  facet normal 0.31308031699611744 0.6348640795793229 0.7063485793639778
    outer loop
      vertex 1.368142566332643 2.3696924368858103 3.120135201037757
      vertex 1.5600676005188785 2.702116347340764 2.736285132665286
      vertex 1.1940240481762683 2.8826290509067727 2.736285132665286
    endloop
  endfacet
  facet normal 0.3511696618733963 0.7121016303436299 0.6079400765220769
    outer loop
      vertex 1.3204870273443152 3.1879376903523777 2.3056164670313493
      vertex 1.1940240481762683 2.8826290509067727 2.736285132665286
      vertex 1.5600676005188785 2.702116347340764 2.736285132665286
    endloop
  endfacet
  facet normal 0.44111327101720094 0.6601726633925673 0.6079400765220776
    outer loop
      vertex 1.7252994455277815 2.98830629792453 2.3056164670313493
      vertex 1.5600676005188785 2.702116347340764 2.736285132665286
      vertex 1.8994179636841568 2.475369683903569 2.736285132665286
    endloop
  endfacet
  facet normal 0.39326826236786044 0.588567547733184 0.7063485793639779
    outer loop
      vertex 1.6657448475366363 2.17084094998925 3.120135201037757
      vertex 1.8994179636841568 2.475369683903569 2.736285132665286
      vertex 1.5600676005188785 2.702116347340764 2.736285132665286
    endloop
  endfacet
  facet normal 0.6514607996199839 0.5713157878291655 0.49919645144535135
    outer loop
      vertex 2.43994187502017 2.43994187502017 2.3056164670313493
      vertex 2.865516779484703 2.198788359405168 2.0262263463774697
      vertex 2.644249647779103 2.5878041876565248 1.8697668570947434
    endloop
  endfacet
  facet normal 0.5969479591364164 0.5235093097941984 0.6079400765220774
    outer loop
      vertex 2.475369683903569 1.8994179636841568 2.736285132665286
      vertex 2.7375441562241627 2.1005915118548915 2.3056164670313493
      vertex 2.43994187502017 2.43994187502017 2.3056164670313493
    endloop
  endfacet
  facet normal 0.5322004619635774 0.46672727873592884 0.7063485793639778
    outer loop
      vertex 1.9348457725675556 1.9348457725675556 3.120135201037757
      vertex 2.17084094998925 1.6657448475366363 3.120135201037757
      vertex 2.2062687588726497 2.2062687588726497 2.736285132665286
    endloop
  endfacet
  facet normal 0.5322004619635768 0.46672727873592895 0.7063485793639779
    outer loop
      vertex 2.17084094998925 1.6657448475366363 3.120135201037757
      vertex 2.475369683903569 1.8994179636841568 2.736285132665286
      vertex 2.2062687588726497 2.2062687588726497 2.736285132665286
    endloop
  endfacet
  facet normal 0.466727278735929 0.5322004619635771 0.7063485793639777
    outer loop
      vertex 1.9348457725675556 1.9348457725675556 3.120135201037757
      vertex 2.2062687588726497 2.2062687588726497 2.736285132665286
      vertex 1.8994179636841568 2.475369683903569 2.736285132665286
    endloop
  endfacet
  facet normal 0.588567547733184 0.39326826236786055 0.7063485793639779
    outer loop
      vertex 2.17084094998925 1.6657448475366363 3.120135201037757
      vertex 2.3696924368858103 1.368142566332643 3.120135201037757
      vertex 2.475369683903569 1.8994179636841568 2.736285132665286
    endloop
  endfacet
  facet normal 0.5969479591364157 0.5235093097941986 0.6079400765220778
    outer loop
      vertex 2.475369683903569 1.8994179636841568 2.736285132665286
      vertex 2.43994187502017 2.43994187502017 2.3056164670313493
      vertex 2.2062687588726497 2.2062687588726497 2.736285132665286
    endloop
  endfacet
  facet normal 0.5713157878291658 0.6514607996199838 0.4991964514453512
    outer loop
      vertex 2.265823356863794 2.952878489041131 1.8354980644088557
      vertex 2.1005915118548915 2.7375441562241627 2.3056164670313493
      vertex 2.43994187502017 2.43994187502017 2.3056164670313493
    endloop
  endfacet
  facet normal 0.5235093097941983 0.5969479591364162 0.6079400765220777
    outer loop
      vertex 2.1005915118548915 2.7375441562241627 2.3056164670313493
      vertex 2.2062687588726497 2.2062687588726497 2.736285132665286
      vertex 2.43994187502017 2.43994187502017 2.3056164670313493
    endloop
  endfacet
  facet normal 0.4813954045099302 0.7204591365102464 0.49919645144535113
    outer loop
      vertex 2.265823356863794 2.952878489041131 1.8354980644088557
      vertex 1.8610109386803282 3.2233654992357765 1.8354980644088557
      vertex 2.1005915118548915 2.7375441562241627 2.3056164670313493
    endloop
  endfacet
  facet normal 0.5713157878291654 0.651460799619984 0.4991964514453516
    outer loop
      vertex 2.265823356863794 2.952878489041131 1.8354980644088557
      vertex 2.43994187502017 2.43994187502017 2.3056164670313493
      vertex 2.631866909206405 2.631866909206405 1.8354980644088557
    endloop
  endfacet
  facet normal 0.6514607996199857 0.5713157878291634 0.49919645144535146
    outer loop
      vertex 2.43994187502017 2.43994187502017 2.3056164670313493
      vertex 2.644249647779103 2.5878041876565248 1.8697668570947434
      vertex 2.631866909206405 2.631866909206405 1.8354980644088557
    endloop
  endfacet
  facet normal 0.5235093097941989 0.596947959136416 0.6079400765220775
    outer loop
      vertex 2.1005915118548915 2.7375441562241627 2.3056164670313493
      vertex 1.8994179636841568 2.475369683903569 2.736285132665286
      vertex 2.2062687588726497 2.2062687588726497 2.736285132665286
    endloop
  endfacet
  facet normal 0.2782317834462878 0.41640329046241115 0.8655607282983527
    outer loop
      vertex 1.1173804246322758 1.4561985204968624 3.7220218773606564
      vertex 1.403570375216042 1.8291685255497974 3.450598891055563
      vertex 1.1528082335156746 1.996722431832875 3.450598891055563
    endloop
  endfacet
  facet normal 0.4019257262121099 0.45830845316019586 0.7927225696110692
    outer loop
      vertex 1.403570375216042 1.8291685255497974 3.450598891055563
      vertex 1.630317038653237 1.630317038653237 3.450598891055563
      vertex 1.6657448475366363 2.17084094998925 3.120135201037757
    endloop
  endfacet
  facet normal 0.3386659386536711 0.5068493954076015 0.7927225696110692
    outer loop
      vertex 1.403570375216042 1.8291685255497974 3.450598891055563
      vertex 1.6657448475366363 2.17084094998925 3.120135201037757
      vertex 1.368142566332643 2.3696924368858103 3.120135201037757
    endloop
  endfacet
  facet normal 0.33866593865367106 0.5068493954076017 0.7927225696110693
    outer loop
      vertex 1.403570375216042 1.8291685255497974 3.450598891055563
      vertex 1.368142566332643 2.3696924368858103 3.120135201037757
      vertex 1.1528082335156746 1.996722431832875 3.450598891055563
    endloop
  endfacet
  facet normal 0.4019257262121097 0.4583084531601958 0.7927225696110693
    outer loop
      vertex 1.9348457725675556 1.9348457725675556 3.120135201037757
      vertex 1.6657448475366363 2.17084094998925 3.120135201037757
      vertex 1.630317038653237 1.630317038653237 3.450598891055563
    endloop
  endfacet
  facet normal 0.45830845316019575 0.4019257262121099 0.7927225696110695
    outer loop
      vertex 1.9348457725675556 1.9348457725675556 3.120135201037757
      vertex 1.630317038653237 1.630317038653237 3.450598891055563
      vertex 1.8291685255497974 1.403570375216042 3.450598891055563
    endloop
  endfacet
  facet normal 0.45830845316019597 0.4019257262121098 0.7927225696110693
    outer loop
      vertex 1.9348457725675556 1.9348457725675556 3.120135201037757
      vertex 1.8291685255497974 1.403570375216042 3.450598891055563
      vertex 2.17084094998925 1.6657448475366363 3.120135201037757
    endloop
  endfacet
  facet normal 0.05667108131556111 0.8646336168614387 0.49919645144535224
    outer loop
      vertex 0.44432923577937794 3.6928990006176274 1.8354980644088557
      vertex 0.4756745610503134 3.613107003416649 1.970143391843732
      vertex 0.4858213430116143 3.6901794642301256 1.8354980644088557
    endloop
  endfacet
  facet normal 0.06044354741636645 0.9221903271536567 0.3819837405963206
    outer loop
      vertex 0.44432923577937794 3.6928990006176274 1.8354980644088557
      vertex 0.4858213430116143 3.6901794642301256 1.8354980644088557
      vertex 0.4874520422099182 3.7025658543722604 1.8053366381561131
    endloop
  endfacet
  facet normal 0.18029643639469226 0.9064113949765954 0.3819837405963207
    outer loop
      vertex 0.4858213430116143 3.6901794642301256 1.8354980644088557
      vertex 0.6013441905729708 3.667200541135257 1.8354980644088557
      vertex 0.4874520422099182 3.7025658543722604 1.8053366381561131
    endloop
  endfacet
  facet normal 0.16904358603318598 0.8498394959552121 0.4991964514453522
    outer loop
      vertex 0.4858213430116143 3.6901794642301256 1.8354980644088557
      vertex 0.4756745610503134 3.613107003416649 1.970143391843732
      vertex 0.6013441905729708 3.667200541135257 1.8354980644088557
    endloop
  endfacet
  facet normal 0.18029643639469328 0.906411394976593 0.38198374059632595
    outer loop
      vertex 0.892430133987738 3.6092999470196845 1.8354980644088557
      vertex 0.9633301481491766 3.5951970573555814 1.8354980644088557
      vertex 0.9748574454973121 3.638217516732777 1.7279736834872252
    endloop
  endfacet
  facet normal 0.297064403358689 0.875123512526766 0.38198374059632584
    outer loop
      vertex 0.9748574454973121 3.638217516732777 1.7279736834872252
      vertex 0.9633301481491766 3.5951970573555814 1.8354980644088557
      vertex 1.1066432564897661 3.565473999511721 1.7921405219818778
    endloop
  endfacet
  facet normal 0.16904358603318723 0.8498394959552111 0.49919645144535335
    outer loop
      vertex 0.892430133987738 3.6092999470196845 1.8354980644088557
      vertex 0.9189793426407507 3.5838894627530204 1.869766857094742
      vertex 0.9633301481491766 3.5951970573555814 1.8354980644088557
    endloop
  endfacet
  facet normal 0.29706440335868833 0.8751235125267679 0.38198374059632245
    outer loop
      vertex 0.9633301481491766 3.5951970573555814 1.8354980644088557
      vertex 1.4243561073663313 3.438699832052745 1.8354980644088557
      vertex 1.1066432564897661 3.565473999511721 1.7921405219818778
    endloop
  endfacet
  facet normal 0.4087495160194031 0.8288620241475299 0.3819837405963288
    outer loop
      vertex 1.882378907566299 3.4439570687685874 1.3339737810081207
      vertex 1.9189788997599584 3.3951788672781813 1.4006524560909384
      vertex 1.9648800187023445 3.4032720231693463 1.3339737810081207
    endloop
  endfacet
  facet normal 0.2970644033586875 0.8751235125267667 0.38198374059632534
    outer loop
      vertex 1.4243561073663313 3.438699832052745 1.8354980644088557
      vertex 1.4557436589212986 3.514476084706432 1.6374851737400111
      vertex 1.1066432564897661 3.565473999511721 1.7921405219818778
    endloop
  endfacet
  facet normal 0.40874951601940374 0.828862024147531 0.3819837405963258
    outer loop
      vertex 1.4557436589212986 3.514476084706432 1.6374851737400111
      vertex 1.8610109386803282 3.2233654992357765 1.8354980644088557
      vertex 1.9189788997599584 3.3951788672781813 1.4006524560909384
    endloop
  endfacet
  facet normal 0.40874951601939863 0.8288620241475333 0.38198374059632606
    outer loop
      vertex 1.9648800187023445 3.4032720231693463 1.3339737810081207
      vertex 1.9189788997599584 3.3951788672781813 1.4006524560909384
      vertex 1.8610109386803282 3.2233654992357765 1.8354980644088557
    endloop
  endfacet
  facet normal 0.4087495160194039 0.828862024147531 0.3819837405963254
    outer loop
      vertex 1.4243561073663313 3.438699832052745 1.8354980644088557
      vertex 1.8610109386803282 3.2233654992357765 1.8354980644088557
      vertex 1.4557436589212986 3.514476084706432 1.6374851737400111
    endloop
  endfacet
  facet normal 0.4272792898483881 0.8664366884369409 0.25830190358780647
    outer loop
      vertex 1.882378907566299 3.4439570687685874 1.3339737810081207
      vertex 1.9648800187023445 3.4032720231693463 1.3339737810081207
      vertex 1.9804624723655901 3.430261624620687 1.2176647634524418
    endloop
  endfacet
  facet normal 0.5367165380330609 0.80325306373815 0.25830190358780064
    outer loop
      vertex 1.9804624723655901 3.430261624620687 1.2176647634524418
      vertex 1.9648800187023445 3.4032720231693463 1.3339737810081207
      vertex 2.041364857313435 3.3521664878847104 1.3339737810081207
    endloop
  endfacet
  facet normal 0.5134408111342509 0.7684184767311627 0.38198374059632695
    outer loop
      vertex 1.9648800187023445 3.4032720231693463 1.3339737810081207
      vertex 1.9808216995749957 3.3594739101575284 1.4006524560909417
      vertex 2.041364857313435 3.3521664878847104 1.3339737810081207
    endloop
  endfacet
  facet normal 0.5134408111342527 0.7684184767311619 0.38198374059632606
    outer loop
      vertex 1.9648800187023445 3.4032720231693463 1.3339737810081207
      vertex 1.8610109386803282 3.2233654992357765 1.8354980644088557
      vertex 1.9808216995749957 3.3594739101575284 1.4006524560909417
    endloop
  endfacet
  facet normal -0.05667108131556338 0.8646336168614388 0.49919645144535174
    outer loop
      vertex -0.3625883747238926 3.460498028211227 2.2473079555295374
      vertex 0 3.450598891055563 2.3056164670313493
      vertex -0.011003819476276946 3.5305440025324883 2.165898267847311
    endloop
  endfacet
  facet normal 0.056671081315570616 0.8646336168614388 0.49919645144535085
    outer loop
      vertex 0 3.450598891055563 2.3056164670313493
      vertex 0.016068778144147176 3.534381454349658 2.158676608882588
      vertex 0 3.550587183604971 2.1324316641737138
    endloop
  endfacet
  facet normal -0.056671081315551444 0.8646336168614399 0.4991964514453514
    outer loop
      vertex 0 3.450598891055563 2.3056164670313493
      vertex 0 3.550587183604971 2.1324316641737138
      vertex -0.011003819476276946 3.5305440025324883 2.165898267847311
    endloop
  endfacet
  facet normal 0.056671081315562484 0.8646336168614385 0.4991964514453521
    outer loop
      vertex 0.016068778144147176 3.534381454349658 2.158676608882588
      vertex 0.4503935341282152 3.4210785391992062 2.3056164670313493
      vertex 0.4714481870480325 3.581004505706909 2.0262263463774683
    endloop
  endfacet
  facet normal 0.051928966951063284 0.7922829328905973 0.6079400765220769
    outer loop
      vertex 0 3.450598891055563 2.3056164670313493
      vertex 0.40725936700320353 3.093442011860425 2.736285132665286
      vertex 0.4503935341282152 3.4210785391992062 2.3056164670313493
    endloop
  endfacet
  facet normal 0.05667108131556329 0.8646336168614396 0.4991964514453505
    outer loop
      vertex 0 3.450598891055563 2.3056164670313493
      vertex 0.4503935341282152 3.4210785391992062 2.3056164670313493
      vertex 0.016068778144147176 3.534381454349658 2.158676608882588
    endloop
  endfacet
  facet normal 0.1690435860331861 0.849839495955212 0.49919645144535213
    outer loop
      vertex 0.4503935341282152 3.4210785391992062 2.3056164670313493
      vertex 0.8930807100148178 3.3330225850349873 2.3056164670313493
      vertex 0.4714481870480325 3.581004505706909 2.0262263463774683
    endloop
  endfacet
  facet normal 0.1690435860331866 0.8498394959552122 0.4991964514453516
    outer loop
      vertex 0.4714481870480325 3.581004505706909 2.0262263463774683
      vertex 0.8930807100148178 3.3330225850349873 2.3056164670313493
      vertex 0.9189793426407507 3.5838894627530204 1.869766857094742
    endloop
  endfacet
  facet normal 0.15489838183122548 0.7787267522465108 0.6079400765220774
    outer loop
      vertex 0.4503935341282152 3.4210785391992062 2.3056164670313493
      vertex 0.8075504133233539 3.0138191721960035 2.736285132665286
      vertex 0.8930807100148178 3.3330225850349873 2.3056164670313493
    endloop
  endfacet
  facet normal 0.16904358603318578 0.8498394959552125 0.4991964514453517
    outer loop
      vertex 0.8930807100148178 3.3330225850349873 2.3056164670313493
      vertex 0.9633301481491766 3.5951970573555814 1.8354980644088557
      vertex 0.9189793426407507 3.5838894627530204 1.869766857094742
    endloop
  endfacet
  facet normal 0.2785237081260466 0.8205043856531697 0.49919645144535174
    outer loop
      vertex 0.8930807100148178 3.3330225850349873 2.3056164670313493
      vertex 1.3204870273443152 3.1879376903523777 2.3056164670313493
      vertex 0.9633301481491766 3.5951970573555814 1.8354980644088557
    endloop
  endfacet
  facet normal 0.2785237081260464 0.8205043856531696 0.4991964514453518
    outer loop
      vertex 0.9633301481491766 3.5951970573555814 1.8354980644088557
      vertex 1.3204870273443152 3.1879376903523777 2.3056164670313493
      vertex 1.4243561073663313 3.438699832052745 1.8354980644088557
    endloop
  endfacet
  facet normal 0.6948270761320743 -0.6093469916179048 0.38198374059632634
    outer loop
      vertex 2.8752167341086943 -2.354379616022004 1.8354980644088557
      vertex 2.9627900679662518 -2.273428778866523 1.805336638156117
      vertex 2.952878489041131 -2.265823356863794 1.8354980644088557
    endloop
  endfacet
  facet normal 0.7684184767311609 -0.5134408111342535 0.38198374059632684
    outer loop
      vertex 2.952878489041131 -2.265823356863794 1.8354980644088557
      vertex 2.9627900679662518 -2.273428778866523 1.805336638156117
      vertex 2.9759797302553395 -2.2312499061378843 1.8354980644088557
    endloop
  endfacet
  facet normal 0.6514607996199838 -0.571315787829166 0.499196451445351
    outer loop
      vertex 2.8752167341086943 -2.354379616022004 1.8354980644088557
      vertex 2.952878489041131 -2.265823356863794 1.8354980644088557
      vertex 2.8912051710251343 -2.2184997555119113 1.9701433918437228
    endloop
  endfacet
  facet normal 0.7204591365102445 -0.48139540450993307 0.49919645144535124
    outer loop
      vertex 2.952878489041131 -2.265823356863794 1.8354980644088557
      vertex 2.9759797302553395 -2.2312499061378843 1.8354980644088557
      vertex 2.8912051710251343 -2.2184997555119113 1.9701433918437228
    endloop
  endfacet
  facet normal 0.6514607996199839 -0.5713157878291658 0.49919645144535096
    outer loop
      vertex 2.43994187502017 -2.43994187502017 2.3056164670313493
      vertex 2.865516779484703 -2.198788359405168 2.0262263463774697
      vertex 2.7375441562241627 -2.1005915118548915 2.3056164670313493
    endloop
  endfacet
  facet normal 0.7204591365102463 -0.48139540450993057 0.499196451445351
    outer loop
      vertex 2.7375441562241627 -2.1005915118548915 2.3056164670313493
      vertex 2.865516779484703 -2.198788359405168 2.0262263463774697
      vertex 3.0528297370593216 -1.7811066972554324 2.1586766088825913
    endloop
  endfacet
  facet normal 0.6601726633925672 -0.44111327101720105 0.6079400765220775
    outer loop
      vertex 2.7375441562241627 -2.1005915118548915 2.3056164670313493
      vertex 2.98830629792453 -1.7252994455277815 2.3056164670313493
      vertex 2.475369683903569 -1.8994179636841568 2.736285132665286
    endloop
  endfacet
  facet normal 0.7204591365102462 -0.4813954045099302 0.4991964514453516
    outer loop
      vertex 2.7375441562241627 -2.1005915118548915 2.3056164670313493
      vertex 3.0528297370593216 -1.7811066972554324 2.1586766088825913
      vertex 2.98830629792453 -1.7252994455277815 2.3056164670313493
    endloop
  endfacet
  facet normal 0.72045913651025 -0.4813954045099249 0.49919645144535113
    outer loop
      vertex 2.98830629792453 -1.7252994455277815 2.3056164670313493
      vertex 3.0528297370593216 -1.7811066972554324 2.1586766088825913
      vertex 3.074898699353341 -1.775293591802482 2.1324316641737266
    endloop
  endfacet
  facet normal 0.7771302178257985 -0.383238212351529 0.49919645144535174
    outer loop
      vertex 2.98830629792453 -1.7252994455277815 2.3056164670313493
      vertex 3.074898699353341 -1.775293591802482 2.1324316641737266
      vertex 3.063042705110063 -1.755742414061133 2.1658982678473118
    endloop
  endfacet
  facet normal 0.7771302178258085 -0.38323821235150773 0.49919645144535235
    outer loop
      vertex 2.98830629792453 -1.7252994455277815 2.3056164670313493
      vertex 3.063042705110063 -1.755742414061133 2.1658982678473118
      vertex 3.1781733895388258 -1.4162382704778143 2.2473079555295383
    endloop
  endfacet
  facet normal 0.6601726633925673 -0.4411132710172009 0.6079400765220775
    outer loop
      vertex 2.98830629792453 -1.7252994455277815 2.3056164670313493
      vertex 2.702116347340764 -1.5600676005188785 2.736285132665286
      vertex 2.475369683903569 -1.8994179636841568 2.736285132665286
    endloop
  endfacet
  facet normal 0.71210163034363 -0.3511696618733952 0.6079400765220775
    outer loop
      vertex 2.98830629792453 -1.7252994455277815 2.3056164670313493
      vertex 3.1879376903523777 -1.3204870273443152 2.3056164670313493
      vertex 2.702116347340764 -1.5600676005188785 2.736285132665286
    endloop
  endfacet
  facet normal 0.7771302178258065 -0.38323821235150984 0.49919645144535396
    outer loop
      vertex 3.1781733895388258 -1.4162382704778143 2.2473079555295383
      vertex 3.2608393918718033 -1.3506839008337364 2.1689433981447164
      vertex 3.1879376903523777 -1.3204870273443152 2.3056164670313493
    endloop
  endfacet
  facet normal 0.7771302178258092 -0.38323821235150834 0.49919645144535096
    outer loop
      vertex 2.98830629792453 -1.7252994455277815 2.3056164670313493
      vertex 3.1781733895388258 -1.4162382704778143 2.2473079555295383
      vertex 3.1879376903523777 -1.3204870273443152 2.3056164670313493
    endloop
  endfacet
  facet normal 0.8205043856531683 -0.27852370812604627 0.49919645144535413
    outer loop
      vertex 3.1879376903523777 -1.3204870273443152 2.3056164670313493
      vertex 3.2608393918718033 -1.3506839008337364 2.1689433981447164
      vertex 3.2401617493768655 -1.192585381125874 2.2911403451256485
    endloop
  endfacet
  facet normal 0.7518463409676422 -0.2552174424523119 0.607940076522077
    outer loop
      vertex 3.1879376903523777 -1.3204870273443152 2.3056164670313493
      vertex 3.260634077306474 -1.1063303772038455 2.3056164670313493
      vertex 2.8826290509067727 -1.1940240481762683 2.736285132665286
    endloop
  endfacet
  facet normal 0.751846340967642 -0.25521744245231337 0.6079400765220765
    outer loop
      vertex 2.8826290509067727 -1.1940240481762683 2.736285132665286
      vertex 3.260634077306474 -1.1063303772038455 2.3056164670313493
      vertex 3.2893970409421747 -0.9731501769839918 2.325954953665175
    endloop
  endfacet
  facet normal 0.7518463409676419 -0.2552174424523102 0.607940076522078
    outer loop
      vertex 2.8826290509067727 -1.1940240481762683 2.736285132665286
      vertex 3.2893970409421747 -0.9731501769839918 2.325954953665175
      vertex 3.3330225850349873 -0.8930807100148178 2.3056164670313493
    endloop
  endfacet
  facet normal 0.8205043856531666 -0.27852370812604516 0.49919645144535746
    outer loop
      vertex 3.1879376903523777 -1.3204870273443152 2.3056164670313493
      vertex 3.2401617493768655 -1.192585381125874 2.2911403451256485
      vertex 3.260634077306474 -1.1063303772038455 2.3056164670313493
    endloop
  endfacet
  facet normal 0.820504385653169 -0.27852370812604516 0.4991964514453536
    outer loop
      vertex 3.29853151283146 -0.994688132231339 2.3056164670313493
      vertex 3.3810695538104403 -0.9059548564969637 2.2194609995991588
      vertex 3.3330225850349873 -0.8930807100148178 2.3056164670313493
    endloop
  endfacet
  facet normal 0.7518463409676429 -0.2552174424523114 0.6079400765220764
    outer loop
      vertex 3.29853151283146 -0.994688132231339 2.3056164670313493
      vertex 3.3330225850349873 -0.8930807100148178 2.3056164670313493
      vertex 3.2893970409421747 -0.9731501769839918 2.325954953665175
    endloop
  endfacet
  facet normal 0.8498394959552114 -0.16904358603318553 0.49919645144535363
    outer loop
      vertex 3.3810695538104403 -0.9059548564969637 2.2194609995991588
      vertex 3.376350767531396 -0.6752552270285843 2.3056164670313493
      vertex 3.3330225850349873 -0.8930807100148178 2.3056164670313493
    endloop
  endfacet
  facet normal 0.7787267522465111 -0.15489838183122398 0.6079400765220773
    outer loop
      vertex 3.0138191721960035 -0.8075504133233539 2.736285132665286
      vertex 3.3330225850349873 -0.8930807100148178 2.3056164670313493
      vertex 3.3255150366776594 -0.7507641553167324 2.351494233372603
    endloop
  endfacet
  facet normal 0.7121016303436299 -0.3511696618733962 0.6079400765220769
    outer loop
      vertex 3.1879376903523777 -1.3204870273443152 2.3056164670313493
      vertex 2.8826290509067727 -1.1940240481762683 2.736285132665286
      vertex 2.702116347340764 -1.5600676005188785 2.736285132665286
    endloop
  endfacet
  facet normal 0.634864079579323 -0.31308031699611755 0.7063485793639778
    outer loop
      vertex 2.702116347340764 -1.5600676005188785 2.736285132665286
      vertex 2.8826290509067727 -1.1940240481762683 2.736285132665286
      vertex 2.5279978291843888 -1.0471309864979166 3.120135201037757
    endloop
  endfacet
  facet normal 0.6702979110062838 -0.22753548059830678 0.7063485793639777
    outer loop
      vertex 2.8826290509067727 -1.1940240481762683 2.736285132665286
      vertex 3.0138191721960035 -0.8075504133233539 2.736285132665286
      vertex 2.643048477732209 -0.7082027051646536 3.120135201037757
    endloop
  endfacet
  facet normal 0.6702979110062837 -0.2275354805983069 0.7063485793639779
    outer loop
      vertex 2.5279978291843888 -1.0471309864979166 3.120135201037757
      vertex 2.8826290509067727 -1.1940240481762683 2.736285132665286
      vertex 2.643048477732209 -0.7082027051646536 3.120135201037757
    endloop
  endfacet
  facet normal 0.751846340967642 -0.2552174424523115 0.6079400765220773
    outer loop
      vertex 2.8826290509067727 -1.1940240481762683 2.736285132665286
      vertex 3.3330225850349873 -0.8930807100148178 2.3056164670313493
      vertex 3.0138191721960035 -0.8075504133233539 2.736285132665286
    endloop
  endfacet
  facet normal 0.7787267522465092 -0.15489838183122476 0.6079400765220796
    outer loop
      vertex 3.3330225850349873 -0.8930807100148178 2.3056164670313493
      vertex 3.376350767531396 -0.6752552270285843 2.3056164670313493
      vertex 3.3255150366776594 -0.7507641553167324 2.351494233372603
    endloop
  endfacet
  facet normal 0.778726752246511 -0.15489838183122662 0.6079400765220768
    outer loop
      vertex 3.0138191721960035 -0.8075504133233539 2.736285132665286
      vertex 3.3255150366776594 -0.7507641553167324 2.351494233372603
      vertex 3.3646056946247147 -0.44575660178048976 2.3791355026880097
    endloop
  endfacet
  facet normal 0.7787267522465172 -0.15489838183119187 0.6079400765220778
    outer loop
      vertex 3.093442011860425 -0.40725936700320353 2.736285132665286
      vertex 3.3646056946247147 -0.44575660178048976 2.3791355026880097
      vertex 3.4210785391992062 -0.4503935341282152 2.3056164670313493
    endloop
  endfacet
  facet normal 0.7922829328905965 -0.05192896695107202 0.6079400765220772
    outer loop
      vertex 3.093442011860425 -0.40725936700320353 2.736285132665286
      vertex 3.4210785391992062 -0.4503935341282152 2.3056164670313493
      vertex 3.3657497549680353 -0.4243786950013788 2.379944475514858
    endloop
  endfacet
  facet normal 0.7922829328905971 -0.05192896695106266 0.6079400765220772
    outer loop
      vertex 3.093442011860425 -0.40725936700320353 2.736285132665286
      vertex 3.3657497549680353 -0.4243786950013788 2.379944475514858
      vertex 3.383781371512986 0 2.3926947538495487
    endloop
  endfacet
  facet normal 0.6942627593342361 -0.13809744904270674 0.7063485793639778
    outer loop
      vertex 2.643048477732209 -0.7082027051646536 3.120135201037757
      vertex 3.0138191721960035 -0.8075504133233539 2.736285132665286
      vertex 2.712875834034553 -0.35715687919513844 3.120135201037757
    endloop
  endfacet
  facet normal 0.694262759334236 -0.13809744904270696 0.7063485793639779
    outer loop
      vertex 2.712875834034553 -0.35715687919513844 3.120135201037757
      vertex 3.0138191721960035 -0.8075504133233539 2.736285132665286
      vertex 3.093442011860425 -0.40725936700320353 2.736285132665286
    endloop
  endfacet
  facet normal 0.7063485793639779 -0.0462965318461391 0.7063485793639779
    outer loop
      vertex 2.712875834034553 -0.35715687919513844 3.120135201037757
      vertex 3.093442011860425 -0.40725936700320353 2.736285132665286
      vertex 3.120135201037757 0 2.736285132665286
    endloop
  endfacet
  facet normal 0.7063485793639779 -0.04629653184613914 0.7063485793639779
    outer loop
      vertex 2.712875834034553 -0.35715687919513844 3.120135201037757
      vertex 3.120135201037757 0 2.736285132665286
      vertex 2.736285132665286 0 3.120135201037757
    endloop
  endfacet
  facet normal 0.7787267522465109 -0.15489838183122623 0.607940076522077
    outer loop
      vertex 3.0138191721960035 -0.8075504133233539 2.736285132665286
      vertex 3.3646056946247147 -0.44575660178048976 2.3791355026880097
      vertex 3.093442011860425 -0.40725936700320353 2.736285132665286
    endloop
  endfacet
  facet normal 0.7922829328905971 -0.05192896695106263 0.6079400765220773
    outer loop
      vertex 3.093442011860425 -0.40725936700320353 2.736285132665286
      vertex 3.383781371512986 0 2.3926947538495487
      vertex 3.120135201037757 0 2.736285132665286
    endloop
  endfacet
  facet normal 0.8498394959552118 -0.1690435860331895 0.49919645144535146
    outer loop
      vertex 3.44269977168833 -0.4532400233863261 2.267844247261579
      vertex 3.4210785391992062 -0.4503935341282152 2.3056164670313493
      vertex 3.4129313662745298 -0.491352138321619 2.3056164670313493
    endloop
  endfacet
  facet normal 0.7787267522465112 -0.1548983818312287 0.6079400765220759
    outer loop
      vertex 3.3646056946247147 -0.44575660178048976 2.3791355026880097
      vertex 3.4129313662745298 -0.491352138321619 2.3056164670313493
      vertex 3.4210785391992062 -0.4503935341282152 2.3056164670313493
    endloop
  endfacet
  facet normal 0.8646336168614389 -0.05667108131556305 0.4991964514453516
    outer loop
      vertex 3.44269977168833 -0.4532400233863261 2.267844247261579
      vertex 3.4426997716883316 -0.12051727247762511 2.3056164670313493
      vertex 3.4210785391992062 -0.4503935341282152 2.3056164670313493
    endloop
  endfacet
  facet normal 0.7922829328905984 -0.05192896695106317 0.6079400765220755
    outer loop
      vertex 3.3657497549680353 -0.4243786950013788 2.379944475514858
      vertex 3.4210785391992062 -0.4503935341282152 2.3056164670313493
      vertex 3.4426997716883316 -0.12051727247762511 2.3056164670313493
    endloop
  endfacet
  facet normal 0.6948270761320744 0.609346991617905 0.3819837405963262
    outer loop
      vertex 2.8752167341086943 2.354379616022004 1.8354980644088557
      vertex 2.952878489041131 2.265823356863794 1.8354980644088557
      vertex 2.9627900679662518 2.273428778866523 1.805336638156117
    endloop
  endfacet
  facet normal 0.7684184767311609 0.5134408111342535 0.38198374059632684
    outer loop
      vertex 2.952878489041131 2.265823356863794 1.8354980644088557
      vertex 2.9759797302553395 2.2312499061378843 1.8354980644088557
      vertex 2.9627900679662518 2.273428778866523 1.805336638156117
    endloop
  endfacet
  facet normal 0.7204591365102444 0.48139540450993307 0.49919645144535113
    outer loop
      vertex 2.8912051710251343 2.2184997555119113 1.9701433918437228
      vertex 2.9759797302553395 2.2312499061378843 1.8354980644088557
      vertex 2.952878489041131 2.265823356863794 1.8354980644088557
    endloop
  endfacet
  facet normal 0.6514607996199838 0.571315787829166 0.499196451445351
    outer loop
      vertex 2.8912051710251343 2.2184997555119113 1.9701433918437228
      vertex 2.952878489041131 2.265823356863794 1.8354980644088557
      vertex 2.8752167341086943 2.354379616022004 1.8354980644088557
    endloop
  endfacet
  facet normal 0.792282932890597 0.051928966951062715 0.6079400765220773
    outer loop
      vertex 3.120135201037757 0 2.736285132665286
      vertex 3.383781371512986 0 2.3926947538495487
      vertex 3.3657497549680353 0.4243786950013788 2.379944475514858
    endloop
  endfacet
  facet normal 0.7922829328905965 0.0519289669510719 0.6079400765220772
    outer loop
      vertex 3.093442011860425 0.40725936700320353 2.736285132665286
      vertex 3.3657497549680353 0.4243786950013788 2.379944475514858
      vertex 3.4210785391992062 0.4503935341282152 2.3056164670313493
    endloop
  endfacet
  facet normal 0.7787267522465172 0.15489838183119287 0.6079400765220774
    outer loop
      vertex 3.093442011860425 0.40725936700320353 2.736285132665286
      vertex 3.4210785391992062 0.4503935341282152 2.3056164670313493
      vertex 3.3646056946247147 0.44575660178048976 2.3791355026880097
    endloop
  endfacet
  facet normal 0.7787267522465108 0.15489838183122667 0.6079400765220772
    outer loop
      vertex 3.093442011860425 0.40725936700320353 2.736285132665286
      vertex 3.3646056946247147 0.44575660178048976 2.3791355026880097
      vertex 3.3255150366776594 0.7507641553167324 2.351494233372603
    endloop
  endfacet
  facet normal 0.7787267522465092 0.15489838183122476 0.6079400765220796
    outer loop
      vertex 3.376350767531396 0.6752552270285843 2.3056164670313493
      vertex 3.3330225850349873 0.8930807100148178 2.3056164670313493
      vertex 3.3255150366776594 0.7507641553167324 2.351494233372603
    endloop
  endfacet
  facet normal 0.7063485793639779 0.04629653184613914 0.7063485793639779
    outer loop
      vertex 2.736285132665286 0 3.120135201037757
      vertex 3.120135201037757 0 2.736285132665286
      vertex 2.712875834034553 0.35715687919513844 3.120135201037757
    endloop
  endfacet
  facet normal 0.7063485793639779 0.04629653184613918 0.7063485793639779
    outer loop
      vertex 2.712875834034553 0.35715687919513844 3.120135201037757
      vertex 3.120135201037757 0 2.736285132665286
      vertex 3.093442011860425 0.40725936700320353 2.736285132665286
    endloop
  endfacet
  facet normal 0.6942627593342361 0.13809744904270674 0.7063485793639778
    outer loop
      vertex 2.712875834034553 0.35715687919513844 3.120135201037757
      vertex 3.0138191721960035 0.8075504133233539 2.736285132665286
      vertex 2.643048477732209 0.7082027051646536 3.120135201037757
    endloop
  endfacet
  facet normal 0.694262759334236 0.138097449042707 0.7063485793639778
    outer loop
      vertex 2.712875834034553 0.35715687919513844 3.120135201037757
      vertex 3.093442011860425 0.40725936700320353 2.736285132665286
      vertex 3.0138191721960035 0.8075504133233539 2.736285132665286
    endloop
  endfacet
  facet normal 0.792282932890597 0.05192896695106263 0.6079400765220773
    outer loop
      vertex 3.120135201037757 0 2.736285132665286
      vertex 3.3657497549680353 0.4243786950013788 2.379944475514858
      vertex 3.093442011860425 0.40725936700320353 2.736285132665286
    endloop
  endfacet
  facet normal 0.7787267522465109 0.15489838183122628 0.6079400765220768
    outer loop
      vertex 3.093442011860425 0.40725936700320353 2.736285132665286
      vertex 3.3255150366776594 0.7507641553167324 2.351494233372603
      vertex 3.0138191721960035 0.8075504133233539 2.736285132665286
    endloop
  endfacet
  facet normal 0.71210163034363 0.3511696618733952 0.6079400765220775
    outer loop
      vertex 3.1879376903523777 1.3204870273443152 2.3056164670313493
      vertex 2.98830629792453 1.7252994455277815 2.3056164670313493
      vertex 2.702116347340764 1.5600676005188785 2.736285132665286
    endloop
  endfacet
  facet normal 0.7518463409676422 0.2552174424523119 0.607940076522077
    outer loop
      vertex 3.1879376903523777 1.3204870273443152 2.3056164670313493
      vertex 2.8826290509067727 1.1940240481762683 2.736285132665286
      vertex 3.260634077306474 1.1063303772038455 2.3056164670313493
    endloop
  endfacet
  facet normal 0.7518463409676418 0.25521744245231015 0.607940076522078
    outer loop
      vertex 2.8826290509067727 1.1940240481762683 2.736285132665286
      vertex 3.3330225850349873 0.8930807100148178 2.3056164670313493
      vertex 3.2893970409421747 0.9731501769839918 2.325954953665175
    endloop
  endfacet
  facet normal 0.751846340967642 0.2552174424523136 0.6079400765220766
    outer loop
      vertex 2.8826290509067727 1.1940240481762683 2.736285132665286
      vertex 3.2893970409421747 0.9731501769839918 2.325954953665175
      vertex 3.260634077306474 1.1063303772038455 2.3056164670313493
    endloop
  endfacet
  facet normal 0.8498394959552114 0.16904358603318553 0.49919645144535363
    outer loop
      vertex 3.376350767531396 0.6752552270285843 2.3056164670313493
      vertex 3.3810695538104403 0.9059548564969637 2.2194609995991588
      vertex 3.3330225850349873 0.8930807100148178 2.3056164670313493
    endloop
  endfacet
  facet normal 0.8205043856531691 0.2785237081260452 0.4991964514453536
    outer loop
      vertex 3.3810695538104403 0.9059548564969637 2.2194609995991588
      vertex 3.29853151283146 0.994688132231339 2.3056164670313493
      vertex 3.3330225850349873 0.8930807100148178 2.3056164670313493
    endloop
  endfacet
  facet normal 0.7518463409676429 0.2552174424523114 0.6079400765220764
    outer loop
      vertex 3.3330225850349873 0.8930807100148178 2.3056164670313493
      vertex 3.29853151283146 0.994688132231339 2.3056164670313493
      vertex 3.2893970409421747 0.9731501769839918 2.325954953665175
    endloop
  endfacet
  facet normal 0.7787267522465111 0.1548983818312241 0.6079400765220773
    outer loop
      vertex 3.0138191721960035 0.8075504133233539 2.736285132665286
      vertex 3.3255150366776594 0.7507641553167324 2.351494233372603
      vertex 3.3330225850349873 0.8930807100148178 2.3056164670313493
    endloop
  endfacet
  facet normal 0.8205043856531666 0.27852370812604516 0.4991964514453574
    outer loop
      vertex 3.1879376903523777 1.3204870273443152 2.3056164670313493
      vertex 3.260634077306474 1.1063303772038455 2.3056164670313493
      vertex 3.2401617493768655 1.192585381125874 2.2911403451256485
    endloop
  endfacet
  facet normal 0.7771302178258065 0.3832382123515099 0.49919645144535396
    outer loop
      vertex 3.1781733895388258 1.4162382704778143 2.2473079555295383
      vertex 3.1879376903523777 1.3204870273443152 2.3056164670313493
      vertex 3.2608393918718033 1.3506839008337364 2.1689433981447164
    endloop
  endfacet
  facet normal 0.777130217825809 0.3832382123515083 0.49919645144535096
    outer loop
      vertex 3.1781733895388258 1.4162382704778143 2.2473079555295383
      vertex 2.98830629792453 1.7252994455277815 2.3056164670313493
      vertex 3.1879376903523777 1.3204870273443152 2.3056164670313493
    endloop
  endfacet
  facet normal 0.8205043856531683 0.27852370812604627 0.4991964514453542
    outer loop
      vertex 3.1879376903523777 1.3204870273443152 2.3056164670313493
      vertex 3.2401617493768655 1.192585381125874 2.2911403451256485
      vertex 3.2608393918718033 1.3506839008337364 2.1689433981447164
    endloop
  endfacet
  facet normal 0.6702979110062838 0.22753548059830672 0.7063485793639777
    outer loop
      vertex 2.643048477732209 0.7082027051646536 3.120135201037757
      vertex 3.0138191721960035 0.8075504133233539 2.736285132665286
      vertex 2.8826290509067727 1.1940240481762683 2.736285132665286
    endloop
  endfacet
  facet normal 0.6702979110062837 0.2275354805983069 0.7063485793639779
    outer loop
      vertex 2.643048477732209 0.7082027051646536 3.120135201037757
      vertex 2.8826290509067727 1.1940240481762683 2.736285132665286
      vertex 2.5279978291843888 1.0471309864979166 3.120135201037757
    endloop
  endfacet
  facet normal 0.7121016303436299 0.3511696618733963 0.6079400765220769
    outer loop
      vertex 3.1879376903523777 1.3204870273443152 2.3056164670313493
      vertex 2.702116347340764 1.5600676005188785 2.736285132665286
      vertex 2.8826290509067727 1.1940240481762683 2.736285132665286
    endloop
  endfacet
  facet normal 0.6348640795793229 0.3130803169961175 0.7063485793639778
    outer loop
      vertex 2.5279978291843888 1.0471309864979166 3.120135201037757
      vertex 2.8826290509067727 1.1940240481762683 2.736285132665286
      vertex 2.702116347340764 1.5600676005188785 2.736285132665286
    endloop
  endfacet
  facet normal 0.751846340967642 0.2552174424523115 0.6079400765220773
    outer loop
      vertex 3.0138191721960035 0.8075504133233539 2.736285132665286
      vertex 3.3330225850349873 0.8930807100148178 2.3056164670313493
      vertex 2.8826290509067727 1.1940240481762683 2.736285132665286
    endloop
  endfacet
  facet normal 0.8646336168614389 0.05667108131556305 0.4991964514453515
    outer loop
      vertex 3.4426997716883316 0.12051727247762511 2.3056164670313493
      vertex 3.44269977168833 0.4532400233863261 2.267844247261579
      vertex 3.4210785391992062 0.4503935341282152 2.3056164670313493
    endloop
  endfacet
  facet normal 0.7922829328905984 0.05192896695106317 0.6079400765220755
    outer loop
      vertex 3.4426997716883316 0.12051727247762511 2.3056164670313493
      vertex 3.4210785391992062 0.4503935341282152 2.3056164670313493
      vertex 3.3657497549680353 0.4243786950013788 2.379944475514858
    endloop
  endfacet
  facet normal 0.8498394959552118 0.16904358603318942 0.49919645144535146
    outer loop
      vertex 3.44269977168833 0.4532400233863261 2.267844247261579
      vertex 3.4129313662745298 0.491352138321619 2.3056164670313493
      vertex 3.4210785391992062 0.4503935341282152 2.3056164670313493
    endloop
  endfacet
  facet normal 0.7787267522465112 0.15489838183122862 0.6079400765220759
    outer loop
      vertex 3.3646056946247147 0.44575660178048976 2.3791355026880097
      vertex 3.4210785391992062 0.4503935341282152 2.3056164670313493
      vertex 3.4129313662745298 0.491352138321619 2.3056164670313493
    endloop
  endfacet
  facet normal 0.6601726633925673 0.4411132710172011 0.6079400765220774
    outer loop
      vertex 2.98830629792453 1.7252994455277815 2.3056164670313493
      vertex 2.7375441562241627 2.1005915118548915 2.3056164670313493
      vertex 2.475369683903569 1.8994179636841568 2.736285132665286
    endloop
  endfacet
  facet normal 0.7204591365102462 0.4813954045099302 0.49919645144535163
    outer loop
      vertex 2.98830629792453 1.7252994455277815 2.3056164670313493
      vertex 3.0528297370593216 1.7811066972554324 2.1586766088825913
      vertex 2.7375441562241627 2.1005915118548915 2.3056164670313493
    endloop
  endfacet
  facet normal 0.6514607996199839 0.5713157878291658 0.49919645144535096
    outer loop
      vertex 2.43994187502017 2.43994187502017 2.3056164670313493
      vertex 2.7375441562241627 2.1005915118548915 2.3056164670313493
      vertex 2.865516779484703 2.198788359405168 2.0262263463774697
    endloop
  endfacet
  facet normal 0.7204591365102463 0.48139540450993057 0.499196451445351
    outer loop
      vertex 3.0528297370593216 1.7811066972554324 2.1586766088825913
      vertex 2.865516779484703 2.198788359405168 2.0262263463774697
      vertex 2.7375441562241627 2.1005915118548915 2.3056164670313493
    endloop
  endfacet
  facet normal 0.7771302178258085 0.38323821235150773 0.49919645144535224
    outer loop
      vertex 3.1781733895388258 1.4162382704778143 2.2473079555295383
      vertex 3.063042705110063 1.755742414061133 2.1658982678473118
      vertex 2.98830629792453 1.7252994455277815 2.3056164670313493
    endloop
  endfacet
  facet normal 0.7204591365102501 0.4813954045099245 0.49919645144535124
    outer loop
      vertex 2.98830629792453 1.7252994455277815 2.3056164670313493
      vertex 3.074898699353341 1.775293591802482 2.1324316641737266
      vertex 3.0528297370593216 1.7811066972554324 2.1586766088825913
    endloop
  endfacet
  facet normal 0.7771302178257987 0.3832382123515286 0.49919645144535163
    outer loop
      vertex 2.98830629792453 1.7252994455277815 2.3056164670313493
      vertex 3.063042705110063 1.755742414061133 2.1658982678473118
      vertex 3.074898699353341 1.775293591802482 2.1324316641737266
    endloop
  endfacet
  facet normal 0.6601726633925673 0.44111327101720094 0.6079400765220776
    outer loop
      vertex 2.98830629792453 1.7252994455277815 2.3056164670313493
      vertex 2.475369683903569 1.8994179636841568 2.736285132665286
      vertex 2.702116347340764 1.5600676005188785 2.736285132665286
    endloop
  endfacet
  facet normal 0.613874632211943 0.6593458151000712 0.4340749152354628
    outer loop
      vertex 2.049593455623171 -1.8031222920256962 -6.021662284341979
      vertex 7.0869745543026585 -1.8031222920256962 -13.145594952936392
      vertex 6.817617975409131 -1.5523416439722375 -13.145594952936392
    endloop
  endfacet
  facet normal 0.5383536036782107 0.7518398074789775 0.38067348383707794
    outer loop
      vertex 2.2543549973216597 -2.0230510177426497 -5.876874009680766
      vertex 7.394116866850391 -2.0230510177426497 -13.145594952936392
      vertex 7.0869745543026585 -1.8031222920256962 -13.145594952936392
    endloop
  endfacet
  facet normal 0.773165213110203 0.3214394653031602 0.5467103651677666
    outer loop
      vertex 1.5982582193710593 -0.9758427525309789 -6.340804490484279
      vertex 6.4099716999244905 -0.9758427525309789 -13.145594952936392
      vertex 6.2786569441278175 -0.6599885650114279 -13.145594952936392
    endloop
  endfacet
  facet normal 0.8008078280734785 0.19509032201612914 0.5662566456580276
    outer loop
      vertex 6.198958460403422 -0.33284179016113147 -13.145594952936392
      vertex 1.510715048839944 -0.6599885650114279 -6.402706860013402
      vertex 6.2786569441278175 -0.6599885650114279 -13.145594952936392
    endloop
  endfacet
  facet normal 0.8147483990725419 0.06540312923014542 0.5761141179450777
    outer loop
      vertex 6.198958460403422 -0.33284179016113147 -13.145594952936392
      vertex 6.172239911904423 0 -13.145594952936392
      vertex 1.457582726357014 -0.33284179016113147 -6.440277085541272
    endloop
  endfacet
  facet normal 0.6788920955903308 0.5555702330196011 0.4800492044858686
    outer loop
      vertex 1.8700224030274868 -1.5523416439722375 -6.148638193337193
      vertex 6.817617975409131 -1.5523416439722375 -13.145594952936392
      vertex 6.590655895914432 -1.275 -13.145594952936392
    endloop
  endfacet
  facet normal 0.7322935269887157 0.4422886902190023 0.517809718752735
    outer loop
      vertex 1.718714350031021 -1.275 -6.255629143659128
      vertex 6.590655895914432 -1.275 -13.145594952936392
      vertex 6.4099716999244905 -0.9758427525309789 -13.145594952936392
    endloop
  endfacet
  facet normal 0.45362119572572457 0.8314696123025459 0.32075862358760987
    outer loop
      vertex 2.4808035013738663 -2.208364779650318 -5.716750736875901
      vertex 7.7337896229287 -2.208364779650318 -13.145594952936392
      vertex 7.394116866850391 -2.0230510177426497 -13.145594952936392
    endloop
  endfacet
  facet normal 0.36112720334681786 0.8968727415326876 0.2553554943574681
    outer loop
      vertex 2.7250643710920714 -2.355892807903781 -5.544032219519634
      vertex 8.100180927506008 -2.355892807903781 -13.145594952936392
      vertex 7.7337896229287 -2.208364779650318 -13.145594952936392
    endloop
  endfacet
  facet normal 0.2624542243952668 0.946930129495106 0.18558316182094897
    outer loop
      vertex 2.9829582352734896 -2.463110857037124 -5.361673719330551
      vertex 8.487021723778136 -2.463110857037124 -13.145594952936392
      vertex 8.100180927506008 -2.355892807903781 -13.145594952936392
    endloop
  endfacet
  facet normal 0.15929058089825798 0.9807852804032303 0.11263544993230257
    outer loop
      vertex 3.250072458400289 -2.5281843965032165 -5.1727954408062145
      vertex 8.887693058468336 -2.5281843965032165 -13.145594952936392
      vertex 8.487021723778136 -2.463110857037124 -13.145594952936392
    endloop
  endfacet
  facet normal 0.053401431398386094 0.9978589232386036 0.037760514266867024
    outer loop
      vertex 3.5218366420567166 -2.55 -4.980629143659129
      vertex 9.295339333952976 -2.55 -13.145594952936392
      vertex 8.887693058468336 -2.5281843965032165 -13.145594952936392
    endloop
  endfacet
  facet normal -0.05340143139838581 0.9978589232386035 -0.03776051426686682
    outer loop
      vertex 3.793600825713144 -2.5281843965032165 -4.788462846512043
      vertex 9.702985609437617 -2.5281843965032165 -13.145594952936392
      vertex 9.295339333952976 -2.55 -13.145594952936392
    endloop
  endfacet
  facet normal -0.15929058089825818 0.9807852804032303 -0.11263544993230268
    outer loop
      vertex 4.060715048839944 -2.463110857037124 -4.599584567987706
      vertex 10.103656944127817 -2.463110857037124 -13.145594952936392
      vertex 9.702985609437617 -2.5281843965032165 -13.145594952936392
    endloop
  endfacet
  facet normal -0.26245422439526783 0.9469301294951056 -0.18558316182094967
    outer loop
      vertex 4.318608913021362 -2.355892807903781 -4.417226067798622
      vertex 10.490497740399944 -2.355892807903781 -13.145594952936392
      vertex 10.103656944127817 -2.463110857037124 -13.145594952936392
    endloop
  endfacet
  facet normal 0.6138746322119453 0.6593458151000683 0.4340749152354642
    outer loop
      vertex 2.049593455623171 -1.8031222920256962 -6.021662284341979
      vertex 6.817617975409131 -1.5523416439722375 -13.145594952936392
      vertex 1.8700224030274868 -1.5523416439722375 -6.148638193337193
    endloop
  endfacet
  facet normal 0.5383536036782106 0.7518398074789777 0.38067348383707783
    outer loop
      vertex 2.2543549973216597 -2.0230510177426497 -5.876874009680766
      vertex 7.0869745543026585 -1.8031222920256962 -13.145594952936392
      vertex 2.049593455623171 -1.8031222920256962 -6.021662284341979
    endloop
  endfacet
  facet normal 0.453621195725724 0.8314696123025462 0.3207586235876096
    outer loop
      vertex 2.2543549973216597 -2.0230510177426497 -5.876874009680766
      vertex 2.4808035013738663 -2.208364779650318 -5.716750736875901
      vertex 7.394116866850391 -2.0230510177426497 -13.145594952936392
    endloop
  endfacet
  facet normal 0.6788920955903307 0.5555702330196013 0.48004920448586863
    outer loop
      vertex 1.718714350031021 -1.275 -6.255629143659128
      vertex 1.8700224030274868 -1.5523416439722375 -6.148638193337193
      vertex 6.590655895914432 -1.275 -13.145594952936392
    endloop
  endfacet
  facet normal 0.7322935269887159 0.44228869021900186 0.517809718752735
    outer loop
      vertex 1.718714350031021 -1.275 -6.255629143659128
      vertex 6.4099716999244905 -0.9758427525309789 -13.145594952936392
      vertex 1.5982582193710593 -0.9758427525309789 -6.340804490484279
    endloop
  endfacet
  facet normal 0.814748399072542 0.06540312923014337 0.5761141179450777
    outer loop
      vertex 1.457582726357014 -0.33284179016113147 -6.440277085541272
      vertex 6.172239911904423 0 -13.145594952936392
      vertex 1.4397703606910155 0 -6.452872330092674
    endloop
  endfacet
  facet normal 0.7731652131102023 0.3214394653031626 0.5467103651677663
    outer loop
      vertex 1.510715048839944 -0.6599885650114279 -6.402706860013402
      vertex 1.5982582193710593 -0.9758427525309789 -6.340804490484279
      vertex 6.2786569441278175 -0.6599885650114279 -13.145594952936392
    endloop
  endfacet
  facet normal 0.8008078280734789 0.19509032201612694 0.5662566456580278
    outer loop
      vertex 6.198958460403422 -0.33284179016113147 -13.145594952936392
      vertex 1.457582726357014 -0.33284179016113147 -6.440277085541272
      vertex 1.510715048839944 -0.6599885650114279 -6.402706860013402
    endloop
  endfacet
  facet normal 0.3611272033468175 0.8968727415326878 0.2553554943574679
    outer loop
      vertex 2.7250643710920714 -2.355892807903781 -5.544032219519634
      vertex 7.7337896229287 -2.208364779650318 -13.145594952936392
      vertex 2.4808035013738663 -2.208364779650318 -5.716750736875901
    endloop
  endfacet
  facet normal 0.2624542243952678 0.9469301294951057 0.1855831618209496
    outer loop
      vertex 2.7250643710920714 -2.355892807903781 -5.544032219519634
      vertex 2.9829582352734896 -2.463110857037124 -5.361673719330551
      vertex 8.100180927506008 -2.355892807903781 -13.145594952936392
    endloop
  endfacet
  facet normal 0.15929058089825818 0.9807852804032303 0.11263544993230272
    outer loop
      vertex 2.9829582352734896 -2.463110857037124 -5.361673719330551
      vertex 3.250072458400289 -2.5281843965032165 -5.1727954408062145
      vertex 8.487021723778136 -2.463110857037124 -13.145594952936392
    endloop
  endfacet
  facet normal 0.05340143139838583 0.9978589232386036 0.03776051426686684
    outer loop
      vertex 3.250072458400289 -2.5281843965032165 -5.1727954408062145
      vertex 3.5218366420567166 -2.55 -4.980629143659129
      vertex 8.887693058468336 -2.5281843965032165 -13.145594952936392
    endloop
  endfacet
  facet normal -0.05340143139838584 0.9978589232386036 -0.037760514266866836
    outer loop
      vertex 3.5218366420567166 -2.55 -4.980629143659129
      vertex 3.793600825713144 -2.5281843965032165 -4.788462846512043
      vertex 9.295339333952976 -2.55 -13.145594952936392
    endloop
  endfacet
  facet normal 0.577350269189625 -2.8045934154509696e-15 -0.8164965809277266
    outer loop
      vertex 2.4808035013738663 -2.208364779650318 -5.716750736875901
      vertex 3.5218366420567166 -2.55 -4.980629143659129
      vertex 3.250072458400289 -2.5281843965032165 -5.1727954408062145
    endloop
  endfacet
  facet normal 0.5773502691896252 -1.7634711496256494e-15 -0.8164965809277266
    outer loop
      vertex 2.4808035013738663 -2.208364779650318 -5.716750736875901
      vertex 3.793600825713144 -2.5281843965032165 -4.788462846512043
      vertex 3.5218366420567166 -2.55 -4.980629143659129
    endloop
  endfacet
  facet normal 0.5773502691896222 -9.994545405775172e-15 -0.8164965809277285
    outer loop
      vertex 2.7250643710920714 -2.355892807903781 -5.544032219519634
      vertex 2.4808035013738663 -2.208364779650318 -5.716750736875901
      vertex 2.9829582352734896 -2.463110857037124 -5.361673719330551
    endloop
  endfacet
  facet normal 0.5773502691896273 5.129887189335885e-15 -0.816496580927725
    outer loop
      vertex 2.9829582352734896 -2.463110857037124 -5.361673719330551
      vertex 2.4808035013738663 -2.208364779650318 -5.716750736875901
      vertex 3.250072458400289 -2.5281843965032165 -5.1727954408062145
    endloop
  endfacet
  facet normal 0.577350269189626 1.544299351324378e-15 -0.8164965809277259
    outer loop
      vertex 2.2543549973216597 -2.0230510177426497 -5.876874009680766
      vertex 2.049593455623171 -1.8031222920256962 -6.021662284341979
      vertex 4.789318286791774 -2.0230510177426497 -4.084384277637491
    endloop
  endfacet
  facet normal 0.5773502691896258 1.4107627090962227e-15 -0.816496580927726
    outer loop
      vertex 2.049593455623171 -1.8031222920256962 -6.021662284341979
      vertex 1.8700224030274868 -1.5523416439722375 -6.148638193337193
      vertex 4.994079828490262 -1.8031222920256962 -3.9395960029762778
    endloop
  endfacet
  facet normal 0.5773502691896256 -3.4045292103788933e-15 -0.8164965809277261
    outer loop
      vertex 2.2543549973216597 -2.0230510177426497 -5.876874009680766
      vertex 4.5628697827395674 -2.208364779650318 -4.244507550442356
      vertex 2.4808035013738663 -2.208364779650318 -5.716750736875901
    endloop
  endfacet
  facet normal 0.5773502691896261 2.926128749950675e-15 -0.8164965809277259
    outer loop
      vertex 2.4808035013738663 -2.208364779650318 -5.716750736875901
      vertex 4.060715048839944 -2.463110857037124 -4.599584567987706
      vertex 3.793600825713144 -2.5281843965032165 -4.788462846512043
    endloop
  endfacet
  facet normal 0.577350269189626 3.3211014763951762e-15 -0.8164965809277259
    outer loop
      vertex 2.4808035013738663 -2.208364779650318 -5.716750736875901
      vertex 4.318608913021362 -2.355892807903781 -4.417226067798622
      vertex 4.060715048839944 -2.463110857037124 -4.599584567987706
    endloop
  endfacet
  facet normal 0.5773502691896255 -5.674825414755891e-15 -0.8164965809277261
    outer loop
      vertex 2.4808035013738663 -2.208364779650318 -5.716750736875901
      vertex 4.5628697827395674 -2.208364779650318 -4.244507550442356
      vertex 4.318608913021362 -2.355892807903781 -4.417226067798622
    endloop
  endfacet
  facet normal 0.5773502691896258 2.6458395611117224e-15 -0.8164965809277259
    outer loop
      vertex 2.2543549973216597 -2.0230510177426497 -5.876874009680766
      vertex 4.789318286791774 -2.0230510177426497 -4.084384277637491
      vertex 4.5628697827395674 -2.208364779650318 -4.244507550442356
    endloop
  endfacet
  facet normal 0.5773502691896258 -5.2526834851118415e-16 -0.816496580927726
    outer loop
      vertex 2.049593455623171 -1.8031222920256962 -6.021662284341979
      vertex 4.994079828490262 -1.8031222920256962 -3.9395960029762778
      vertex 4.789318286791774 -2.0230510177426497 -4.084384277637491
    endloop
  endfacet
  facet normal 0.5773502691896256 -6.619363106056961e-16 -0.8164965809277261
    outer loop
      vertex 1.8700224030274868 -1.5523416439722375 -6.148638193337193
      vertex 5.173650881085947 -1.5523416439722375 -3.8126200939810633
      vertex 4.994079828490262 -1.8031222920256962 -3.9395960029762778
    endloop
  endfacet
  facet normal 0.5773502691896257 -2.867355604344497e-16 -0.816496580927726
    outer loop
      vertex 1.718714350031021 -1.275 -6.255629143659128
      vertex 5.173650881085947 -1.5523416439722375 -3.8126200939810633
      vertex 1.8700224030274868 -1.5523416439722375 -6.148638193337193
    endloop
  endfacet
  facet normal 0.5773502691896256 1.092191080202206e-15 -0.8164965809277261
    outer loop
      vertex 1.718714350031021 -1.275 -6.255629143659128
      vertex 1.5982582193710593 -0.9758427525309789 -6.340804490484279
      vertex 5.324958934082413 -1.275 -3.7056291436591287
    endloop
  endfacet
  facet normal 0.5773502691896256 -1.9624596542486313e-15 -0.816496580927726
    outer loop
      vertex 1.510715048839944 -0.6599885650114279 -6.402706860013402
      vertex 5.445415064742374 -0.9758427525309789 -3.6204537968339774
      vertex 1.5982582193710593 -0.9758427525309789 -6.340804490484279
    endloop
  endfacet
  facet normal 0.5773502691896257 9.016586110118614e-16 -0.816496580927726
    outer loop
      vertex 1.510715048839944 -0.6599885650114279 -6.402706860013402
      vertex 1.457582726357014 -0.33284179016113147 -6.440277085541272
      vertex 5.532958235273489 -0.6599885650114279 -3.558551427304855
    endloop
  endfacet
  facet normal 0.5773502691896257 -9.287015321702733e-16 -0.816496580927726
    outer loop
      vertex 1.457582726357014 -0.33284179016113147 -6.440277085541272
      vertex 1.4397703606910155 0 -6.452872330092674
      vertex 5.586090557756419 -0.33284179016113147 -3.520981201776985
    endloop
  endfacet
  facet normal 0.5773502691896256 2.222684138337882e-16 -0.8164965809277261
    outer loop
      vertex 1.718714350031021 -1.275 -6.255629143659128
      vertex 5.324958934082413 -1.275 -3.7056291436591287
      vertex 5.173650881085947 -1.5523416439722375 -3.8126200939810633
    endloop
  endfacet
  facet normal 0.5773502691896257 -3.5577513596832807e-16 -0.816496580927726
    outer loop
      vertex 1.5982582193710593 -0.9758427525309789 -6.340804490484279
      vertex 5.445415064742374 -0.9758427525309789 -3.6204537968339774
      vertex 5.324958934082413 -1.275 -3.7056291436591287
    endloop
  endfacet
  facet normal 0.5773502691896257 6.201737202138639e-16 -0.8164965809277259
    outer loop
      vertex 1.510715048839944 -0.6599885650114279 -6.402706860013402
      vertex 5.532958235273489 -0.6599885650114279 -3.558551427304855
      vertex 5.445415064742374 -0.9758427525309789 -3.6204537968339774
    endloop
  endfacet
  facet normal 0.5773502691896257 -5.811150221276506e-17 -0.816496580927726
    outer loop
      vertex 1.457582726357014 -0.33284179016113147 -6.440277085541272
      vertex 5.586090557756419 -0.33284179016113147 -3.520981201776985
      vertex 5.532958235273489 -0.6599885650114279 -3.558551427304855
    endloop
  endfacet
  facet normal -0.1592905808982582 0.9807852804032303 -0.11263544993230272
    outer loop
      vertex 3.793600825713144 -2.5281843965032165 -4.788462846512043
      vertex 4.060715048839944 -2.463110857037124 -4.599584567987706
      vertex 9.702985609437617 -2.5281843965032165 -13.145594952936392
    endloop
  endfacet
  facet normal -0.26245422439526744 0.9469301294951059 -0.18558316182094942
    outer loop
      vertex 4.060715048839944 -2.463110857037124 -4.599584567987706
      vertex 4.318608913021362 -2.355892807903781 -4.417226067798622
      vertex 10.103656944127817 -2.463110857037124 -13.145594952936392
    endloop
  endfacet
  facet normal -0.3611272033468176 0.8968727415326878 -0.255355494357468
    outer loop
      vertex 4.318608913021362 -2.355892807903781 -4.417226067798622
      vertex 4.5628697827395674 -2.208364779650318 -4.244507550442356
      vertex 10.490497740399944 -2.355892807903781 -13.145594952936392
    endloop
  endfacet
  facet normal -0.45362119572572407 0.8314696123025462 -0.32075862358760954
    outer loop
      vertex 4.5628697827395674 -2.208364779650318 -4.244507550442356
      vertex 4.789318286791774 -2.0230510177426497 -4.084384277637491
      vertex 10.856889044977251 -2.208364779650318 -13.145594952936392
    endloop
  endfacet
  facet normal -0.5383536036782111 0.7518398074789772 -0.38067348383707805
    outer loop
      vertex 4.789318286791774 -2.0230510177426497 -4.084384277637491
      vertex 4.994079828490262 -1.8031222920256962 -3.9395960029762778
      vertex 11.196561801055562 -2.0230510177426497 -13.145594952936392
    endloop
  endfacet
  facet normal -0.6138746322119448 0.6593458151000691 -0.43407491523546393
    outer loop
      vertex 4.994079828490262 -1.8031222920256962 -3.9395960029762778
      vertex 5.173650881085947 -1.5523416439722375 -3.8126200939810633
      vertex 11.503704113603295 -1.8031222920256962 -13.145594952936392
    endloop
  endfacet
  facet normal -0.6788920955903305 0.5555702330196016 -0.4800492044858684
    outer loop
      vertex 5.173650881085947 -1.5523416439722375 -3.8126200939810633
      vertex 5.324958934082413 -1.275 -3.7056291436591287
      vertex 11.77306069249682 -1.5523416439722375 -13.145594952936392
    endloop
  endfacet
  facet normal -0.7322935269887165 0.44228869021900064 -0.5178097187527354
    outer loop
      vertex 5.324958934082413 -1.275 -3.7056291436591287
      vertex 5.445415064742374 -0.9758427525309789 -3.6204537968339774
      vertex 12.00002277199152 -1.275 -13.145594952936392
    endloop
  endfacet
  facet normal -0.7731652131102024 0.3214394653031624 -0.5467103651677663
    outer loop
      vertex 5.445415064742374 -0.9758427525309789 -3.6204537968339774
      vertex 5.532958235273489 -0.6599885650114279 -3.558551427304855
      vertex 12.180706967981463 -0.9758427525309789 -13.145594952936392
    endloop
  endfacet
  facet normal -0.8008078280734786 0.19509032201612828 -0.5662566456580278
    outer loop
      vertex 5.532958235273489 -0.6599885650114279 -3.558551427304855
      vertex 5.586090557756419 -0.33284179016113147 -3.520981201776985
      vertex 12.312021723778138 -0.6599885650114279 -13.145594952936392
    endloop
  endfacet
  facet normal -0.814748399072542 0.06540312923014369 -0.5761141179450777
    outer loop
      vertex 5.586090557756419 -0.33284179016113147 -3.520981201776985
      vertex 5.603902923422418 0 -3.508385957225583
      vertex 12.391720207502528 -0.33284179016113147 -13.145594952936392
    endloop
  endfacet
  facet normal -0.3611272033468177 0.8968727415326878 -0.25535549435746807
    outer loop
      vertex 4.5628697827395674 -2.208364779650318 -4.244507550442356
      vertex 10.856889044977251 -2.208364779650318 -13.145594952936392
      vertex 10.490497740399944 -2.355892807903781 -13.145594952936392
    endloop
  endfacet
  facet normal -0.45362119572572335 0.8314696123025468 -0.32075862358760904
    outer loop
      vertex 4.789318286791774 -2.0230510177426497 -4.084384277637491
      vertex 11.196561801055562 -2.0230510177426497 -13.145594952936392
      vertex 10.856889044977251 -2.208364779650318 -13.145594952936392
    endloop
  endfacet
  facet normal -0.538353603678211 0.7518398074789774 -0.38067348383707794
    outer loop
      vertex 4.994079828490262 -1.8031222920256962 -3.9395960029762778
      vertex 11.503704113603295 -1.8031222920256962 -13.145594952936392
      vertex 11.196561801055562 -2.0230510177426497 -13.145594952936392
    endloop
  endfacet
  facet normal -0.6138746322119458 0.6593458151000675 -0.43407491523546465
    outer loop
      vertex 5.173650881085947 -1.5523416439722375 -3.8126200939810633
      vertex 11.77306069249682 -1.5523416439722375 -13.145594952936392
      vertex 11.503704113603295 -1.8031222920256962 -13.145594952936392
    endloop
  endfacet
  facet normal -0.6788920955903307 0.5555702330196012 -0.4800492044858686
    outer loop
      vertex 5.324958934082413 -1.275 -3.7056291436591287
      vertex 12.00002277199152 -1.275 -13.145594952936392
      vertex 11.77306069249682 -1.5523416439722375 -13.145594952936392
    endloop
  endfacet
  facet normal -0.7322935269887141 0.4422886902190062 -0.5178097187527338
    outer loop
      vertex 5.445415064742374 -0.9758427525309789 -3.6204537968339774
      vertex 12.180706967981463 -0.9758427525309789 -13.145594952936392
      vertex 12.00002277199152 -1.275 -13.145594952936392
    endloop
  endfacet
  facet normal -0.773165213110202 0.32143946530316353 -0.5467103651677662
    outer loop
      vertex 5.532958235273489 -0.6599885650114279 -3.558551427304855
      vertex 12.312021723778138 -0.6599885650114279 -13.145594952936392
      vertex 12.180706967981463 -0.9758427525309789 -13.145594952936392
    endloop
  endfacet
  facet normal -0.8008078280734803 0.19509032201611884 -0.5662566456580287
    outer loop
      vertex 5.586090557756419 -0.33284179016113147 -3.520981201776985
      vertex 12.391720207502528 -0.33284179016113147 -13.145594952936392
      vertex 12.312021723778138 -0.6599885650114279 -13.145594952936392
    endloop
  endfacet
  facet normal -0.8147483990725418 0.06540312923014759 -0.5761141179450776
    outer loop
      vertex 12.391720207502528 -0.33284179016113147 -13.145594952936392
      vertex 5.603902923422418 0 -3.508385957225583
      vertex 12.418438756001528 0 -13.145594952936392
    endloop
  endfacet
  facet normal 0.5773502691896257 -9.356777093476356e-16 -0.816496580927726
    outer loop
      vertex 5.586090557756419 -0.33284179016113147 -3.520981201776985
      vertex 1.4397703606910155 0 -6.452872330092674
      vertex 5.603902923422418 0 -3.508385957225583
    endloop
  endfacet
  facet normal 0.8147483990725418 -0.06540312923014542 0.5761141179450776
    outer loop
      vertex 6.172239911904423 0 -13.145594952936392
      vertex 6.198958460403422 0.33284179016113147 -13.145594952936392
      vertex 1.4397703606910155 0 -6.452872330092674
    endloop
  endfacet
  facet normal 0.8008078280734786 -0.1950903220161292 0.5662566456580276
    outer loop
      vertex 6.198958460403422 0.33284179016113147 -13.145594952936392
      vertex 6.2786569441278175 0.6599885650114279 -13.145594952936392
      vertex 1.457582726357014 0.33284179016113147 -6.440277085541272
    endloop
  endfacet
  facet normal 0.773165213110203 -0.32143946530316025 0.5467103651677667
    outer loop
      vertex 1.510715048839944 0.6599885650114279 -6.402706860013402
      vertex 6.2786569441278175 0.6599885650114279 -13.145594952936392
      vertex 6.4099716999244905 0.9758427525309789 -13.145594952936392
    endloop
  endfacet
  facet normal 0.7322935269887157 -0.44228869021900236 0.517809718752735
    outer loop
      vertex 1.5982582193710593 0.9758427525309789 -6.340804490484279
      vertex 6.4099716999244905 0.9758427525309789 -13.145594952936392
      vertex 6.590655895914432 1.275 -13.145594952936392
    endloop
  endfacet
  facet normal 0.6788920955903307 -0.5555702330196011 0.48004920448586863
    outer loop
      vertex 1.718714350031021 1.275 -6.255629143659128
      vertex 6.590655895914432 1.275 -13.145594952936392
      vertex 6.817617975409131 1.5523416439722375 -13.145594952936392
    endloop
  endfacet
  facet normal 0.6138746322119437 -0.6593458151000703 0.43407491523546315
    outer loop
      vertex 1.8700224030274868 1.5523416439722375 -6.148638193337193
      vertex 6.817617975409131 1.5523416439722375 -13.145594952936392
      vertex 7.0869745543026585 1.8031222920256962 -13.145594952936392
    endloop
  endfacet
  facet normal 0.5383536036782112 -0.751839807478977 0.3806734838370783
    outer loop
      vertex 2.049593455623171 1.8031222920256962 -6.021662284341979
      vertex 7.0869745543026585 1.8031222920256962 -13.145594952936392
      vertex 7.394116866850391 2.0230510177426497 -13.145594952936392
    endloop
  endfacet
  facet normal 0.4536211957257251 -0.8314696123025452 0.32075862358761037
    outer loop
      vertex 2.2543549973216597 2.0230510177426497 -5.876874009680766
      vertex 7.394116866850391 2.0230510177426497 -13.145594952936392
      vertex 7.7337896229287 2.208364779650318 -13.145594952936392
    endloop
  endfacet
  facet normal 0.3611272033468181 -0.8968727415326875 0.2553554943574683
    outer loop
      vertex 2.4808035013738663 2.208364779650318 -5.716750736875901
      vertex 7.7337896229287 2.208364779650318 -13.145594952936392
      vertex 8.100180927506008 2.355892807903781 -13.145594952936392
    endloop
  endfacet
  facet normal 0.2624542243952668 -0.9469301294951061 0.18558316182094892
    outer loop
      vertex 2.7250643710920714 2.355892807903781 -5.544032219519634
      vertex 8.100180927506008 2.355892807903781 -13.145594952936392
      vertex 8.487021723778136 2.463110857037124 -13.145594952936392
    endloop
  endfacet
  facet normal 0.159290580898258 -0.9807852804032303 0.11263544993230261
    outer loop
      vertex 2.9829582352734896 2.463110857037124 -5.361673719330551
      vertex 8.487021723778136 2.463110857037124 -13.145594952936392
      vertex 8.887693058468336 2.5281843965032165 -13.145594952936392
    endloop
  endfacet
  facet normal 0.05340143139838609 -0.9978589232386035 0.037760514266867024
    outer loop
      vertex 3.250072458400289 2.5281843965032165 -5.1727954408062145
      vertex 8.887693058468336 2.5281843965032165 -13.145594952936392
      vertex 9.295339333952976 2.55 -13.145594952936392
    endloop
  endfacet
  facet normal -0.0534014313983858 -0.9978589232386035 -0.037760514266866815
    outer loop
      vertex 3.5218366420567166 2.55 -4.980629143659129
      vertex 9.295339333952976 2.55 -13.145594952936392
      vertex 9.702985609437617 2.5281843965032165 -13.145594952936392
    endloop
  endfacet
  facet normal -0.15929058089825807 -0.9807852804032303 -0.11263544993230264
    outer loop
      vertex 3.793600825713144 2.5281843965032165 -4.788462846512043
      vertex 9.702985609437617 2.5281843965032165 -13.145594952936392
      vertex 10.103656944127817 2.463110857037124 -13.145594952936392
    endloop
  endfacet
  facet normal -0.2624542243952677 -0.9469301294951058 -0.18558316182094958
    outer loop
      vertex 4.060715048839944 2.463110857037124 -4.599584567987706
      vertex 10.103656944127817 2.463110857037124 -13.145594952936392
      vertex 10.490497740399944 2.355892807903781 -13.145594952936392
    endloop
  endfacet
  facet normal 0.814748399072542 -0.065403129230144 0.5761141179450778
    outer loop
      vertex 6.198958460403422 0.33284179016113147 -13.145594952936392
      vertex 1.457582726357014 0.33284179016113147 -6.440277085541272
      vertex 1.4397703606910155 0 -6.452872330092674
    endloop
  endfacet
  facet normal 0.8008078280734789 -0.19509032201612755 0.5662566456580278
    outer loop
      vertex 1.457582726357014 0.33284179016113147 -6.440277085541272
      vertex 6.2786569441278175 0.6599885650114279 -13.145594952936392
      vertex 1.510715048839944 0.6599885650114279 -6.402706860013402
    endloop
  endfacet
  facet normal 0.7731652131102023 -0.32143946530316253 0.5467103651677662
    outer loop
      vertex 1.510715048839944 0.6599885650114279 -6.402706860013402
      vertex 6.4099716999244905 0.9758427525309789 -13.145594952936392
      vertex 1.5982582193710593 0.9758427525309789 -6.340804490484279
    endloop
  endfacet
  facet normal 0.7322935269887159 -0.44228869021900186 0.517809718752735
    outer loop
      vertex 1.5982582193710593 0.9758427525309789 -6.340804490484279
      vertex 6.590655895914432 1.275 -13.145594952936392
      vertex 1.718714350031021 1.275 -6.255629143659128
    endloop
  endfacet
  facet normal 0.6788920955903307 -0.5555702330196013 0.48004920448586863
    outer loop
      vertex 1.718714350031021 1.275 -6.255629143659128
      vertex 6.817617975409131 1.5523416439722375 -13.145594952936392
      vertex 1.8700224030274868 1.5523416439722375 -6.148638193337193
    endloop
  endfacet
  facet normal 0.6138746322119452 -0.6593458151000683 0.4340749152354644
    outer loop
      vertex 1.8700224030274868 1.5523416439722375 -6.148638193337193
      vertex 7.0869745543026585 1.8031222920256962 -13.145594952936392
      vertex 2.049593455623171 1.8031222920256962 -6.021662284341979
    endloop
  endfacet
  facet normal 0.5383536036782106 -0.7518398074789776 0.3806734838370778
    outer loop
      vertex 2.049593455623171 1.8031222920256962 -6.021662284341979
      vertex 7.394116866850391 2.0230510177426497 -13.145594952936392
      vertex 2.2543549973216597 2.0230510177426497 -5.876874009680766
    endloop
  endfacet
  facet normal 0.453621195725724 -0.8314696123025462 0.32075862358760954
    outer loop
      vertex 2.2543549973216597 2.0230510177426497 -5.876874009680766
      vertex 7.7337896229287 2.208364779650318 -13.145594952936392
      vertex 2.4808035013738663 2.208364779650318 -5.716750736875901
    endloop
  endfacet
  facet normal 0.36112720334681747 -0.8968727415326878 0.2553554943574679
    outer loop
      vertex 2.4808035013738663 2.208364779650318 -5.716750736875901
      vertex 8.100180927506008 2.355892807903781 -13.145594952936392
      vertex 2.7250643710920714 2.355892807903781 -5.544032219519634
    endloop
  endfacet
  facet normal 0.2624542243952678 -0.9469301294951057 0.1855831618209497
    outer loop
      vertex 2.7250643710920714 2.355892807903781 -5.544032219519634
      vertex 8.487021723778136 2.463110857037124 -13.145594952936392
      vertex 2.9829582352734896 2.463110857037124 -5.361673719330551
    endloop
  endfacet
  facet normal 0.1592905808982582 -0.9807852804032303 0.11263544993230273
    outer loop
      vertex 2.9829582352734896 2.463110857037124 -5.361673719330551
      vertex 8.887693058468336 2.5281843965032165 -13.145594952936392
      vertex 3.250072458400289 2.5281843965032165 -5.1727954408062145
    endloop
  endfacet
  facet normal 0.05340143139838584 -0.9978589232386036 0.037760514266866836
    outer loop
      vertex 3.250072458400289 2.5281843965032165 -5.1727954408062145
      vertex 9.295339333952976 2.55 -13.145594952936392
      vertex 3.5218366420567166 2.55 -4.980629143659129
    endloop
  endfacet
  facet normal 0.5773502691896258 9.269727602943031e-16 -0.816496580927726
    outer loop
      vertex 1.4397703606910155 0 -6.452872330092674
      vertex 1.457582726357014 0.33284179016113147 -6.440277085541272
      vertex 5.586090557756419 0.33284179016113147 -3.520981201776985
    endloop
  endfacet
  facet normal 0.5773502691896258 -8.978675929829004e-16 -0.816496580927726
    outer loop
      vertex 1.457582726357014 0.33284179016113147 -6.440277085541272
      vertex 1.510715048839944 0.6599885650114279 -6.402706860013402
      vertex 5.532958235273489 0.6599885650114279 -3.558551427304855
    endloop
  endfacet
  facet normal 0.5773502691896256 1.950685697332825e-15 -0.816496580927726
    outer loop
      vertex 1.510715048839944 0.6599885650114279 -6.402706860013402
      vertex 1.5982582193710593 0.9758427525309789 -6.340804490484279
      vertex 5.445415064742374 0.9758427525309789 -3.6204537968339774
    endloop
  endfacet
  facet normal 0.5773502691896256 -1.0859206578918477e-15 -0.8164965809277261
    outer loop
      vertex 1.5982582193710593 0.9758427525309789 -6.340804490484279
      vertex 1.718714350031021 1.275 -6.255629143659128
      vertex 5.324958934082413 1.275 -3.7056291436591287
    endloop
  endfacet
  facet normal 0.5773502691896257 2.9744425768564543e-16 -0.8164965809277261
    outer loop
      vertex 1.718714350031021 1.275 -6.255629143659128
      vertex 1.8700224030274868 1.5523416439722375 -6.148638193337193
      vertex 5.173650881085947 1.5523416439722375 -3.8126200939810633
    endloop
  endfacet
  facet normal 0.5773502691896257 -5.776433867905541e-16 -0.816496580927726
    outer loop
      vertex 1.5982582193710593 0.9758427525309789 -6.340804490484279
      vertex 5.324958934082413 1.275 -3.7056291436591287
      vertex 5.445415064742374 0.9758427525309789 -3.6204537968339774
    endloop
  endfacet
  facet normal 0.5773502691896256 4.01856348919713e-16 -0.8164965809277261
    outer loop
      vertex 1.718714350031021 1.275 -6.255629143659128
      vertex 5.173650881085947 1.5523416439722375 -3.8126200939810633
      vertex 5.324958934082413 1.275 -3.7056291436591287
    endloop
  endfacet
  facet normal 0.5773502691896258 -1.3745818758399623e-15 -0.816496580927726
    outer loop
      vertex 1.8700224030274868 1.5523416439722375 -6.148638193337193
      vertex 2.049593455623171 1.8031222920256962 -6.021662284341979
      vertex 4.994079828490262 1.8031222920256962 -3.9395960029762778
    endloop
  endfacet
  facet normal 0.577350269189626 -1.4664995230520466e-15 -0.8164965809277259
    outer loop
      vertex 2.049593455623171 1.8031222920256962 -6.021662284341979
      vertex 2.2543549973216597 2.0230510177426497 -5.876874009680766
      vertex 4.789318286791774 2.0230510177426497 -4.084384277637491
    endloop
  endfacet
  facet normal 0.5773502691896223 9.886018665327414e-15 -0.8164965809277285
    outer loop
      vertex 2.4808035013738663 2.208364779650318 -5.716750736875901
      vertex 2.7250643710920714 2.355892807903781 -5.544032219519634
      vertex 2.9829582352734896 2.463110857037124 -5.361673719330551
    endloop
  endfacet
  facet normal 0.5773502691896273 -5.300160675594205e-15 -0.816496580927725
    outer loop
      vertex 2.4808035013738663 2.208364779650318 -5.716750736875901
      vertex 2.9829582352734896 2.463110857037124 -5.361673719330551
      vertex 3.250072458400289 2.5281843965032165 -5.1727954408062145
    endloop
  endfacet
  facet normal 0.5773502691896255 3.403259122637609e-15 -0.8164965809277261
    outer loop
      vertex 2.2543549973216597 2.0230510177426497 -5.876874009680766
      vertex 2.4808035013738663 2.208364779650318 -5.716750736875901
      vertex 4.5628697827395674 2.208364779650318 -4.244507550442356
    endloop
  endfacet
  facet normal 0.577350269189625 2.9950441543110707e-15 -0.8164965809277267
    outer loop
      vertex 2.4808035013738663 2.208364779650318 -5.716750736875901
      vertex 3.250072458400289 2.5281843965032165 -5.1727954408062145
      vertex 3.5218366420567166 2.55 -4.980629143659129
    endloop
  endfacet
  facet normal 0.5773502691896251 1.756486052874669e-15 -0.8164965809277265
    outer loop
      vertex 2.4808035013738663 2.208364779650318 -5.716750736875901
      vertex 3.5218366420567166 2.55 -4.980629143659129
      vertex 3.793600825713144 2.5281843965032165 -4.788462846512043
    endloop
  endfacet
  facet normal 0.577350269189626 -2.9607262387632276e-15 -0.8164965809277259
    outer loop
      vertex 2.4808035013738663 2.208364779650318 -5.716750736875901
      vertex 3.793600825713144 2.5281843965032165 -4.788462846512043
      vertex 4.060715048839944 2.463110857037124 -4.599584567987706
    endloop
  endfacet
  facet normal 0.577350269189626 -2.6512419950142584e-15 -0.8164965809277259
    outer loop
      vertex 2.4808035013738663 2.208364779650318 -5.716750736875901
      vertex 4.060715048839944 2.463110857037124 -4.599584567987706
      vertex 4.318608913021362 2.355892807903781 -4.417226067798622
    endloop
  endfacet
  facet normal 0.5773502691896258 -3.12752876775796e-16 -0.816496580927726
    outer loop
      vertex 2.049593455623171 1.8031222920256962 -6.021662284341979
      vertex 4.789318286791774 2.0230510177426497 -4.084384277637491
      vertex 4.994079828490262 1.8031222920256962 -3.9395960029762778
    endloop
  endfacet
  facet normal 0.5773502691896256 5.633324865331626e-16 -0.8164965809277261
    outer loop
      vertex 1.8700224030274868 1.5523416439722375 -6.148638193337193
      vertex 4.994079828490262 1.8031222920256962 -3.9395960029762778
      vertex 5.173650881085947 1.5523416439722375 -3.8126200939810633
    endloop
  endfacet
  facet normal 0.5773502691896255 5.3934263357136095e-15 -0.8164965809277261
    outer loop
      vertex 2.4808035013738663 2.208364779650318 -5.716750736875901
      vertex 4.318608913021362 2.355892807903781 -4.417226067798622
      vertex 4.5628697827395674 2.208364779650318 -4.244507550442356
    endloop
  endfacet
  facet normal 0.5773502691896258 -3.2351200265659697e-15 -0.8164965809277259
    outer loop
      vertex 2.2543549973216597 2.0230510177426497 -5.876874009680766
      vertex 4.5628697827395674 2.208364779650318 -4.244507550442356
      vertex 4.789318286791774 2.0230510177426497 -4.084384277637491
    endloop
  endfacet
  facet normal 0.5773502691896257 -2.7719254959911973e-16 -0.816496580927726
    outer loop
      vertex 1.457582726357014 0.33284179016113147 -6.440277085541272
      vertex 5.532958235273489 0.6599885650114279 -3.558551427304855
      vertex 5.586090557756419 0.33284179016113147 -3.520981201776985
    endloop
  endfacet
  facet normal 0.5773502691896257 -8.712246943672929e-16 -0.8164965809277259
    outer loop
      vertex 1.510715048839944 0.6599885650114279 -6.402706860013402
      vertex 5.445415064742374 0.9758427525309789 -3.6204537968339774
      vertex 5.532958235273489 0.6599885650114279 -3.558551427304855
    endloop
  endfacet
  facet normal -0.26245422439526744 -0.9469301294951058 -0.18558316182094936
    outer loop
      vertex 4.060715048839944 2.463110857037124 -4.599584567987706
      vertex 10.490497740399944 2.355892807903781 -13.145594952936392
      vertex 4.318608913021362 2.355892807903781 -4.417226067798622
    endloop
  endfacet
  facet normal -0.05340143139838584 -0.9978589232386035 -0.03776051426686684
    outer loop
      vertex 3.5218366420567166 2.55 -4.980629143659129
      vertex 9.702985609437617 2.5281843965032165 -13.145594952936392
      vertex 3.793600825713144 2.5281843965032165 -4.788462846512043
    endloop
  endfacet
  facet normal -0.1592905808982582 -0.9807852804032303 -0.11263544993230273
    outer loop
      vertex 3.793600825713144 2.5281843965032165 -4.788462846512043
      vertex 10.103656944127817 2.463110857037124 -13.145594952936392
      vertex 4.060715048839944 2.463110857037124 -4.599584567987706
    endloop
  endfacet
  facet normal -0.36112720334681764 -0.8968727415326878 -0.255355494357468
    outer loop
      vertex 4.5628697827395674 2.208364779650318 -4.244507550442356
      vertex 4.318608913021362 2.355892807903781 -4.417226067798622
      vertex 10.856889044977251 2.208364779650318 -13.145594952936392
    endloop
  endfacet
  facet normal -0.453621195725724 -0.8314696123025462 -0.32075862358760954
    outer loop
      vertex 4.5628697827395674 2.208364779650318 -4.244507550442356
      vertex 11.196561801055562 2.0230510177426497 -13.145594952936392
      vertex 4.789318286791774 2.0230510177426497 -4.084384277637491
    endloop
  endfacet
  facet normal -0.7731652131102023 -0.3214394653031624 -0.5467103651677664
    outer loop
      vertex 5.445415064742374 0.9758427525309789 -3.6204537968339774
      vertex 12.312021723778138 0.6599885650114279 -13.145594952936392
      vertex 5.532958235273489 0.6599885650114279 -3.558551427304855
    endloop
  endfacet
  facet normal -0.7322935269887164 -0.4422886902190006 -0.5178097187527354
    outer loop
      vertex 5.445415064742374 0.9758427525309789 -3.6204537968339774
      vertex 5.324958934082413 1.275 -3.7056291436591287
      vertex 12.180706967981463 0.9758427525309789 -13.145594952936392
    endloop
  endfacet
  facet normal -0.6788920955903305 -0.5555702330196016 -0.48004920448586846
    outer loop
      vertex 5.173650881085947 1.5523416439722375 -3.8126200939810633
      vertex 12.00002277199152 1.275 -13.145594952936392
      vertex 5.324958934082413 1.275 -3.7056291436591287
    endloop
  endfacet
  facet normal -0.814748399072542 -0.06540312923014369 -0.5761141179450778
    outer loop
      vertex 5.603902923422418 0 -3.508385957225583
      vertex 5.586090557756419 0.33284179016113147 -3.520981201776985
      vertex 12.418438756001528 0 -13.145594952936392
    endloop
  endfacet
  facet normal -0.8008078280734787 -0.19509032201612828 -0.5662566456580276
    outer loop
      vertex 5.586090557756419 0.33284179016113147 -3.520981201776985
      vertex 5.532958235273489 0.6599885650114279 -3.558551427304855
      vertex 12.391720207502528 0.33284179016113147 -13.145594952936392
    endloop
  endfacet
  facet normal -0.5383536036782112 -0.7518398074789772 -0.3806734838370781
    outer loop
      vertex 4.994079828490262 1.8031222920256962 -3.9395960029762778
      vertex 4.789318286791774 2.0230510177426497 -4.084384277637491
      vertex 11.503704113603295 1.8031222920256962 -13.145594952936392
    endloop
  endfacet
  facet normal -0.6138746322119447 -0.659345815100069 -0.4340749152354638
    outer loop
      vertex 5.173650881085947 1.5523416439722375 -3.8126200939810633
      vertex 4.994079828490262 1.8031222920256962 -3.9395960029762778
      vertex 11.77306069249682 1.5523416439722375 -13.145594952936392
    endloop
  endfacet
  facet normal -0.773165213110202 -0.32143946530316364 -0.5467103651677662
    outer loop
      vertex 5.445415064742374 0.9758427525309789 -3.6204537968339774
      vertex 12.180706967981463 0.9758427525309789 -13.145594952936392
      vertex 12.312021723778138 0.6599885650114279 -13.145594952936392
    endloop
  endfacet
  facet normal -0.7322935269887145 -0.4422886902190055 -0.5178097187527341
    outer loop
      vertex 5.324958934082413 1.275 -3.7056291436591287
      vertex 12.00002277199152 1.275 -13.145594952936392
      vertex 12.180706967981463 0.9758427525309789 -13.145594952936392
    endloop
  endfacet
  facet normal -0.6788920955903305 -0.5555702330196015 -0.48004920448586846
    outer loop
      vertex 5.173650881085947 1.5523416439722375 -3.8126200939810633
      vertex 11.77306069249682 1.5523416439722375 -13.145594952936392
      vertex 12.00002277199152 1.275 -13.145594952936392
    endloop
  endfacet
  facet normal -0.3611272033468178 -0.8968727415326876 -0.2553554943574681
    outer loop
      vertex 4.318608913021362 2.355892807903781 -4.417226067798622
      vertex 10.490497740399944 2.355892807903781 -13.145594952936392
      vertex 10.856889044977251 2.208364779650318 -13.145594952936392
    endloop
  endfacet
  facet normal -0.4536211957257234 -0.8314696123025468 -0.3207586235876091
    outer loop
      vertex 4.5628697827395674 2.208364779650318 -4.244507550442356
      vertex 10.856889044977251 2.208364779650318 -13.145594952936392
      vertex 11.196561801055562 2.0230510177426497 -13.145594952936392
    endloop
  endfacet
  facet normal -0.538353603678211 -0.7518398074789775 -0.38067348383707794
    outer loop
      vertex 4.789318286791774 2.0230510177426497 -4.084384277637491
      vertex 11.196561801055562 2.0230510177426497 -13.145594952936392
      vertex 11.503704113603295 1.8031222920256962 -13.145594952936392
    endloop
  endfacet
  facet normal -0.6138746322119462 -0.6593458151000672 -0.4340749152354649
    outer loop
      vertex 4.994079828490262 1.8031222920256962 -3.9395960029762778
      vertex 11.503704113603295 1.8031222920256962 -13.145594952936392
      vertex 11.77306069249682 1.5523416439722375 -13.145594952936392
    endloop
  endfacet
  facet normal -0.8147483990725419 -0.0654031292301475 -0.5761141179450776
    outer loop
      vertex 5.586090557756419 0.33284179016113147 -3.520981201776985
      vertex 12.391720207502528 0.33284179016113147 -13.145594952936392
      vertex 12.418438756001528 0 -13.145594952936392
    endloop
  endfacet
  facet normal -0.8008078280734798 -0.1950903220161204 -0.5662566456580287
    outer loop
      vertex 5.532958235273489 0.6599885650114279 -3.558551427304855
      vertex 12.312021723778138 0.6599885650114279 -13.145594952936392
      vertex 12.391720207502528 0.33284179016113147 -13.145594952936392
    endloop
  endfacet
  facet normal 0.5773502691896257 2.1646032201831908e-15 -0.816496580927726
    outer loop
      vertex 1.4397703606910155 0 -6.452872330092674
      vertex 5.586090557756419 0.33284179016113147 -3.520981201776985
      vertex 5.603902923422418 0 -3.508385957225583
    endloop
  endfacet
  facet normal 0.9512926599492832 0.24617303909071278 -0.1855831618209472
    outer loop
      vertex -7.1849450465953115 7.518468156219168 -13.145594952936392
      vertex -7.285511890437694 7.907091137577703 -13.145594952936392
      vertex -4.16347409895138 2.2851269613065948 -4.5995845679877085
    endloop
  endfacet
  facet normal 0.9572781798025113 0.13569103867037047 -0.25535549435746807
    outer loop
      vertex -7.285511890437694 7.907091137577703 -13.145594952936392
      vertex -7.34094452248862 8.298159329194103 -13.145594952936392
      vertex -4.193934891369782 2.8473787561876867 -4.244507550442358
    endloop
  endfacet
  facet normal 0.7697396780379112 0.6283423298430881 0.1126354499323037
    outer loop
      vertex -6.376627436420471 6.118420986743691 -13.145594952936392
      vertex -6.633318442057378 6.4328757714205755 -13.145594952936392
      vertex -3.6245956921681532 1.3517621816562757 -5.361673719330553
    endloop
  endfacet
  facet normal 0.49326320886594305 0.8085822853448227 0.3207586235876081
    outer loop
      vertex -5.779394811464344 5.593475891155561 -13.145594952936392
      vertex -2.879191073177926 0.9408031879576297 -5.876874009680767
      vertex -5.449072007942289 5.391967536372103 -13.145594952936392
    endloop
  endfacet
  facet normal 0.6888384355540167 0.7007570904043957 0.1855831618209488
    outer loop
      vertex -6.376627436420471 6.118420986743691 -13.145594952936392
      vertex -3.402795205783761 1.1820285683617051 -5.544032219519636
      vertex -6.090353483990726 5.8370160545185 -13.145594952936392
    endloop
  endfacet
  facet normal 0.5961509764556935 0.7611817028623168 0.2553554943574679
    outer loop
      vertex -6.090353483990726 5.8370160545185 -13.145594952936392
      vertex -3.1529017506869312 1.0442564641619896 -5.716750736875903
      vertex -5.779394811464344 5.593475891155561 -13.145594952936392
    endloop
  endfacet
  facet normal 0.837470461218423 0.5451764578087571 0.037760514266867794
    outer loop
      vertex -6.856034446626802 6.774999999999992 -13.145594952936392
      vertex -3.8145081420233584 1.5505531148631828 -5.172795440806216
      vertex -6.633318442057378 6.4328757714205755 -13.145594952936392
    endloop
  endfacet
  facet normal 0.8908718926168101 0.4526824654298469 -0.03776051426686754
    outer loop
      vertex -7.0409647175420185 7.138939832076191 -13.145594952936392
      vertex -3.969283100678675 1.7749999999999972 -4.98062914365913
      vertex -6.856034446626802 6.774999999999992 -13.145594952936392
    endloop
  endfacet
  facet normal 0.9290302589361715 0.35244295056013997 -0.112635449932305
    outer loop
      vertex -7.0409647175420185 7.138939832076191 -13.145594952936392
      vertex -7.1849450465953115 7.518468156219168 -13.145594952936392
      vertex -4.086272325679786 2.021262488633595 -4.7884628465120445
    endloop
  endfacet
  facet normal 0.3819355710140894 0.8421478007437193 0.3806734838370781
    outer loop
      vertex -5.449072007942289 5.391967536372103 -13.145594952936392
      vertex -2.58634643883586 0.8734388539871487 -6.02166228434198
      vertex -5.1050369881756 5.235938853987144 -13.145594952936392
    endloop
  endfacet
  facet normal 0.26407290964964303 0.8613039337844081 0.43407491523546415
    outer loop
      vertex -5.1050369881756 5.235938853987144 -13.145594952936392
      vertex -2.279378500546198 0.843316084681704 -6.148638193337194
      vertex -4.753176286737017 5.128059538015613 -13.145594952936392
    endloop
  endfacet
  facet normal 0.1416918875862508 0.8657229177194808 0.48004920448586774
    outer loop
      vertex -4.753176286737017 5.128059538015613 -13.145594952936392
      vertex -2.279378500546198 0.843316084681704 -6.148638193337194
      vertex -4.39951033778237 5.070175433463579 -13.145594952936392
    endloop
  endfacet
  facet normal 0.016886478041842963 0.8553291425086346 0.5178097187527347
    outer loop
      vertex -4.39951033778237 5.070175433463579 -13.145594952936392
      vertex -1.963539564840668 0.8509502889757208 -6.255629143659129
      vertex -4.0500904637529995 5.063276953408433 -13.145594952936392
    endloop
  endfacet
  facet normal 0.7697396780379129 0.6283423298430864 0.11263544993230244
    outer loop
      vertex -6.633318442057378 6.4328757714205755 -13.145594952936392
      vertex -3.8145081420233584 1.5505531148631828 -5.172795440806216
      vertex -3.6245956921681532 1.3517621816562757 -5.361673719330553
    endloop
  endfacet
  facet normal 0.6888384355540149 0.7007570904043969 0.18558316182094975
    outer loop
      vertex -6.376627436420471 6.118420986743691 -13.145594952936392
      vertex -3.6245956921681532 1.3517621816562757 -5.361673719330553
      vertex -3.402795205783761 1.1820285683617051 -5.544032219519636
    endloop
  endfacet
  facet normal 0.5961509764556938 0.7611817028623168 0.2553554943574672
    outer loop
      vertex -6.090353483990726 5.8370160545185 -13.145594952936392
      vertex -3.402795205783761 1.1820285683617051 -5.544032219519636
      vertex -3.1529017506869312 1.0442564641619896 -5.716750736875903
    endloop
  endfacet
  facet normal 0.49326320886594016 0.8085822853448236 0.32075862358761026
    outer loop
      vertex -5.779394811464344 5.593475891155561 -13.145594952936392
      vertex -3.1529017506869312 1.0442564641619896 -5.716750736875903
      vertex -2.879191073177926 0.9408031879576297 -5.876874009680767
    endloop
  endfacet
  facet normal 0.38193557101409065 0.8421478007437191 0.3806734838370774
    outer loop
      vertex -5.449072007942289 5.391967536372103 -13.145594952936392
      vertex -2.879191073177926 0.9408031879576297 -5.876874009680767
      vertex -2.58634643883586 0.8734388539871487 -6.02166228434198
    endloop
  endfacet
  facet normal 0.26407290964964397 0.8613039337844078 0.43407491523546404
    outer loop
      vertex -5.1050369881756 5.235938853987144 -13.145594952936392
      vertex -2.58634643883586 0.8734388539871487 -6.02166228434198
      vertex -2.279378500546198 0.843316084681704 -6.148638193337194
    endloop
  endfacet
  facet normal -0.2886751345948117 0.5 -0.8164965809277266
    outer loop
      vertex -3.8145081420233584 1.5505531148631828 -5.172795440806216
      vertex -3.969283100678675 1.7749999999999972 -4.98062914365913
      vertex -4.193934891369782 2.8473787561876867 -4.244507550442358
    endloop
  endfacet
  facet normal -0.28867513459480454 0.5000000000000019 -0.8164965809277279
    outer loop
      vertex -4.16347409895138 2.2851269613065948 -4.5995845679877085
      vertex -4.193934891369782 2.8473787561876867 -4.244507550442358
      vertex -4.086272325679786 2.021262488633595 -4.7884628465120445
    endloop
  endfacet
  facet normal -0.2886751345948082 0.500000000000001 -0.816496580927727
    outer loop
      vertex -3.969283100678675 1.7749999999999972 -4.98062914365913
      vertex -4.086272325679786 2.021262488633595 -4.7884628465120445
      vertex -4.193934891369782 2.8473787561876867 -4.244507550442358
    endloop
  endfacet
  facet normal -0.28867513459481053 0.5000000000000007 -0.8164965809277264
    outer loop
      vertex -3.6245956921681532 1.3517621816562757 -5.361673719330553
      vertex -4.193934891369782 2.8473787561876867 -4.244507550442358
      vertex -3.402795205783761 1.1820285683617051 -5.544032219519636
    endloop
  endfacet
  facet normal -0.2886751345948141 0.4999999999999989 -0.8164965809277263
    outer loop
      vertex -3.1529017506869312 1.0442564641619896 -5.716750736875903
      vertex -3.402795205783761 1.1820285683617051 -5.544032219519636
      vertex -4.193934891369782 2.8473787561876867 -4.244507550442358
    endloop
  endfacet
  facet normal -0.2886751345948131 0.4999999999999995 -0.8164965809277264
    outer loop
      vertex -3.1529017506869312 1.0442564641619896 -5.716750736875903
      vertex -4.146672717912984 3.136145794299715 -4.0843842776374935
      vertex -2.879191073177926 0.9408031879576297 -5.876874009680767
    endloop
  endfacet
  facet normal -0.2886751345948155 0.4999999999999985 -0.816496580927726
    outer loop
      vertex -3.6245956921681532 1.3517621816562757 -5.361673719330553
      vertex -3.8145081420233584 1.5505531148631828 -5.172795440806216
      vertex -4.193934891369782 2.8473787561876867 -4.244507550442358
    endloop
  endfacet
  facet normal -0.28867513459481264 0.49999999999999983 -0.8164965809277263
    outer loop
      vertex -3.1529017506869312 1.0442564641619896 -5.716750736875903
      vertex -4.193934891369782 2.8473787561876867 -4.244507550442358
      vertex -4.146672717912984 3.136145794299715 -4.0843842776374935
    endloop
  endfacet
  facet normal -0.2886751345948133 0.49999999999999933 -0.8164965809277263
    outer loop
      vertex -4.146672717912984 3.136145794299715 -4.0843842776374935
      vertex -4.0585896252694065 3.4234388539871494 -3.9395960029762804
      vertex -2.879191073177926 0.9408031879576297 -5.876874009680767
    endloop
  endfacet
  facet normal -0.2886751345948128 0.49999999999999956 -0.8164965809277264
    outer loop
      vertex -4.0585896252694065 3.4234388539871494 -3.9395960029762804
      vertex -3.9311927395754283 3.7043422713460528 -3.8126200939810664
      vertex -2.58634643883586 0.8734388539871487 -6.02166228434198
    endloop
  endfacet
  facet normal -0.2886751345948126 0.4999999999999997 -0.8164965809277265
    outer loop
      vertex -3.9311927395754283 3.7043422713460528 -3.8126200939810664
      vertex -3.7666618568663646 3.974049711024273 -3.7056291436591318
      vertex -2.279378500546198 0.843316084681704 -6.148638193337194
    endloop
  endfacet
  facet normal 0.8374704612184242 0.5451764578087553 0.037760514266866024
    outer loop
      vertex -6.856034446626802 6.774999999999992 -13.145594952936392
      vertex -3.969283100678675 1.7749999999999972 -4.98062914365913
      vertex -3.8145081420233584 1.5505531148631828 -5.172795440806216
    endloop
  endfacet
  facet normal 0.8908718926168087 0.4526824654298497 -0.03776051426686593
    outer loop
      vertex -7.0409647175420185 7.138939832076191 -13.145594952936392
      vertex -4.086272325679786 2.021262488633595 -4.7884628465120445
      vertex -3.969283100678675 1.7749999999999972 -4.98062914365913
    endloop
  endfacet
  facet normal 0.9290302589361712 0.3524429505601411 -0.11263544993230336
    outer loop
      vertex -7.1849450465953115 7.518468156219168 -13.145594952936392
      vertex -4.16347409895138 2.2851269613065948 -4.5995845679877085
      vertex -4.086272325679786 2.021262488633595 -4.7884628465120445
    endloop
  endfacet
  facet normal 0.9512926599492834 0.24617303909071134 -0.18558316182094867
    outer loop
      vertex -7.285511890437694 7.907091137577703 -13.145594952936392
      vertex -4.199567476748407 2.562078623734508 -4.417226067798625
      vertex -4.16347409895138 2.2851269613065948 -4.5995845679877085
    endloop
  endfacet
  facet normal 0.9572781798025114 0.13569103867037077 -0.2553554943574676
    outer loop
      vertex -7.285511890437694 7.907091137577703 -13.145594952936392
      vertex -4.193934891369782 2.8473787561876867 -4.244507550442358
      vertex -4.199567476748407 2.562078623734508 -4.417226067798625
    endloop
  endfacet
  facet normal 0.9468844045916653 0.022887326957721832 -0.3207586235876094
    outer loop
      vertex -7.34094452248862 8.298159329194103 -13.145594952936392
      vertex -4.146672717912984 3.136145794299715 -4.0843842776374935
      vertex -4.193934891369782 2.8473787561876867 -4.244507550442358
    endloop
  endfacet
  facet normal 0.9202891746923019 -0.09030799326474166 -0.38067348383707683
    outer loop
      vertex -7.350294475044873 8.68498144588523 -13.145594952936392
      vertex -4.0585896252694065 3.4234388539871494 -3.9395960029762804
      vertex -4.146672717912984 3.136145794299715 -4.0843842776374935
    endloop
  endfacet
  facet normal 0.8779475418615882 -0.20195811868434205 -0.43407491523546493
    outer loop
      vertex -7.313401767825918 9.060938853987142 -13.145594952936392
      vertex -3.9311927395754283 3.7043422713460528 -3.8126200939810664
      vertex -4.0585896252694065 3.4234388539871494 -3.9395960029762804
    endloop
  endfacet
  facet normal 0.8205839831765821 -0.31015268469987667 -0.48004920448586713
    outer loop
      vertex -7.23089764528086 9.419598818012133 -13.145594952936392
      vertex -3.7666618568663646 3.974049711024273 -3.7056291436591318
      vertex -3.9311927395754283 3.7043422713460528 -3.8126200939810664
    endloop
  endfacet
  facet normal 0.7491800050305599 -0.4130404522896326 -0.5178097187527343
    outer loop
      vertex -7.104193775820914 9.754824566536405 -13.145594952936392
      vertex -3.567812146161945 4.227946403951888 -3.62045379683398
      vertex -3.7666618568663646 3.974049711024273 -3.7056291436591318
    endloop
  endfacet
  facet normal 0.6649573492865254 -0.5088609832242647 -0.5467103651677663
    outer loop
      vertex -6.935458097781484 10.06088029406057 -13.145594952936392
      vertex -3.338045981143878 4.461688107319443 -3.558551427304858
      vertex -3.567812146161945 4.227946403951888 -3.62045379683398
    endloop
  endfacet
  facet normal 0.9468844045916651 0.022887326957721638 -0.3207586235876099
    outer loop
      vertex -7.34094452248862 8.298159329194103 -13.145594952936392
      vertex -7.350294475044873 8.68498144588523 -13.145594952936392
      vertex -4.146672717912984 3.136145794299715 -4.0843842776374935
    endloop
  endfacet
  facet normal 0.9202891746923023 -0.09030799326473912 -0.3806734838370764
    outer loop
      vertex -7.350294475044873 8.68498144588523 -13.145594952936392
      vertex -7.313401767825918 9.060938853987142 -13.145594952936392
      vertex -4.0585896252694065 3.4234388539871494 -3.9395960029762804
    endloop
  endfacet
  facet normal 0.8779475418615884 -0.2019581186843415 -0.4340749152354648
    outer loop
      vertex -7.313401767825918 9.060938853987142 -13.145594952936392
      vertex -7.23089764528086 9.419598818012133 -13.145594952936392
      vertex -3.9311927395754283 3.7043422713460528 -3.8126200939810664
    endloop
  endfacet
  facet normal 0.8205839831765815 -0.3101526846998774 -0.4800492044858674
    outer loop
      vertex -7.23089764528086 9.419598818012133 -13.145594952936392
      vertex -7.104193775820914 9.754824566536405 -13.145594952936392
      vertex -3.7666618568663646 3.974049711024273 -3.7056291436591318
    endloop
  endfacet
  facet normal 0.7491800050305583 -0.41304045228963454 -0.5178097187527352
    outer loop
      vertex -7.104193775820914 9.754824566536405 -13.145594952936392
      vertex -6.935458097781484 10.06088029406057 -13.145594952936392
      vertex -3.567812146161945 4.227946403951888 -3.62045379683398
    endloop
  endfacet
  facet normal 0.6649573492865248 -0.5088609832242655 -0.5467103651677663
    outer loop
      vertex -6.935458097781484 10.06088029406057 -13.145594952936392
      vertex -6.727577725396195 10.332529302232015 -13.145594952936392
      vertex -3.338045981143878 4.461688107319443 -3.558551427304858
    endloop
  endfacet
  facet normal 0.5693570889351957 -0.5959747616530079 -0.5662566456580268
    outer loop
      vertex -6.727577725396195 10.332529302232015 -13.145594952936392
      vertex -6.484109549471889 10.56512360120559 -13.145594952936392
      vertex -3.338045981143878 4.461688107319443 -3.558551427304858
    endloop
  endfacet
  facet normal 0.46401497093656935 -0.6728912466744534 -0.5761141179450774
    outer loop
      vertex -6.484109549471889 10.56512360120559 -13.145594952936392
      vertex -6.209219378000758 10.754683438038533 -13.145594952936392
      vertex -3.081294724598838 4.6712754357768755 -3.520981201776988
    endloop
  endfacet
  facet normal 0.35073342813597286 -0.738294375904594 -0.5761141179450773
    outer loop
      vertex -2.8019514617112082 4.853122292025694 -3.508385957225586
      vertex -6.209219378000758 10.754683438038533 -13.145594952936392
      vertex -5.90761065803063 10.897965391366721 -13.145594952936392
    endloop
  endfacet
  facet normal 0.23145073913828548 -0.7910650836691386 -0.5662566456580267
    outer loop
      vertex -2.5047958331575795 5.004117225938007 -3.520981201776988
      vertex -5.90761065803063 10.897965391366721 -13.145594952936392
      vertex -5.584443998381928 10.992517867243443 -13.145594952936392
    endloop
  endfacet
  facet normal 0.10820786382367462 -0.8303004485274261 -0.5467103651677659
    outer loop
      vertex -2.1949122541296098 5.121676672330871 -3.558551427304858
      vertex -5.584443998381928 10.992517867243443 -13.145594952936392
      vertex -5.245248870199966 11.036723046591549 -13.145594952936392
    endloop
  endfacet
  facet normal -0.01688647804183907 -0.8553291425086341 -0.5178097187527357
    outer loop
      vertex -1.877602918580427 5.203789156482867 -3.62045379683398
      vertex -5.245248870199966 11.036723046591549 -13.145594952936392
      vertex -4.895828996170596 11.029824566536405 -13.145594952936392
    endloop
  endfacet
  facet normal -0.1416918875862541 -0.8657229177194808 -0.4800492044858665
    outer loop
      vertex -1.5582970772160463 5.2490497110242735 -3.7056291436591318
      vertex -4.895828996170596 11.029824566536405 -13.145594952936392
      vertex -4.542163047215948 10.971940461984369 -13.145594952936392
    endloop
  endfacet
  facet normal -0.2640729096496447 -0.8613039337844082 -0.4340749152354631
    outer loop
      vertex -1.242458141510516 5.25668391531829 -3.8126200939810664
      vertex -4.542163047215948 10.971940461984369 -13.145594952936392
      vertex -4.190302345777365 10.864061146012837 -13.145594952936392
    endloop
  endfacet
  facet normal 0.5693570889351943 -0.5959747616530084 -0.5662566456580277
    outer loop
      vertex -6.484109549471889 10.56512360120559 -13.145594952936392
      vertex -3.081294724598838 4.6712754357768755 -3.520981201776988
      vertex -3.338045981143878 4.461688107319443 -3.558551427304858
    endloop
  endfacet
  facet normal 0.4640149709365724 -0.6728912466744515 -0.5761141179450773
    outer loop
      vertex -3.081294724598838 4.6712754357768755 -3.520981201776988
      vertex -6.209219378000758 10.754683438038533 -13.145594952936392
      vertex -2.8019514617112082 4.853122292025694 -3.508385957225586
    endloop
  endfacet
  facet normal 0.3507334281359697 -0.7382943759045955 -0.5761141179450773
    outer loop
      vertex -2.8019514617112082 4.853122292025694 -3.508385957225586
      vertex -5.90761065803063 10.897965391366721 -13.145594952936392
      vertex -2.5047958331575795 5.004117225938007 -3.520981201776988
    endloop
  endfacet
  facet normal 0.23145073913828615 -0.7910650836691381 -0.5662566456580272
    outer loop
      vertex -2.5047958331575795 5.004117225938007 -3.520981201776988
      vertex -5.584443998381928 10.992517867243443 -13.145594952936392
      vertex -2.1949122541296098 5.121676672330871 -3.558551427304858
    endloop
  endfacet
  facet normal -0.10820786382367492 0.8303004485274263 0.5467103651677655
    outer loop
      vertex -4.0500904637529995 5.063276953408433 -13.145594952936392
      vertex -1.644233723476287 0.8962108435171272 -6.340804490484281
      vertex -3.7108953355710375 5.107482132756539 -13.145594952936392
    endloop
  endfacet
  facet normal -0.23145073913828954 0.7910650836691369 0.5662566456580276
    outer loop
      vertex -3.7108953355710375 5.107482132756539 -13.145594952936392
      vertex -1.3269243879271042 0.9783233276691234 -6.402706860013403
      vertex -3.387728675922336 5.202034608633262 -13.145594952936392
    endloop
  endfacet
  facet normal -0.3507334281359669 0.7382943759045968 0.5761141179450772
    outer loop
      vertex -3.387728675922336 5.202034608633262 -13.145594952936392
      vertex -1.0170408088991345 1.0958827740619872 -6.440277085541273
      vertex -3.0861199559522072 5.3453165619614476 -13.145594952936392
    endloop
  endfacet
  facet normal -0.46401497093657434 0.6728912466744501 0.5761141179450773
    outer loop
      vertex -3.0861199559522072 5.3453165619614476 -13.145594952936392
      vertex -0.440541917457876 1.4287245642231186 -6.440277085541273
      vertex -2.811229784481077 5.534876398794394 -13.145594952936392
    endloop
  endfacet
  facet normal -0.5693570889351927 0.5959747616530104 0.5662566456580274
    outer loop
      vertex -2.811229784481077 5.534876398794394 -13.145594952936392
      vertex -0.18379066091283616 1.6383118926805516 -6.402706860013403
      vertex -2.5677616085567694 5.767470697767968 -13.145594952936392
    endloop
  endfacet
  facet normal -0.664957349286526 0.5088609832242643 0.5467103651677659
    outer loop
      vertex -2.5677616085567694 5.767470697767968 -13.145594952936392
      vertex 0.04597550410523096 1.872053596048106 -6.340804490484281
      vertex -2.359881236171481 6.039119705939412 -13.145594952936392
    endloop
  endfacet
  facet normal -0.7491800050305601 0.4130404522896322 0.5178097187527345
    outer loop
      vertex -2.359881236171481 6.039119705939412 -13.145594952936392
      vertex 0.24482521480965055 2.1259502889757207 -6.255629143659129
      vertex -2.1911455581320523 6.345175433463579 -13.145594952936392
    endloop
  endfacet
  facet normal -0.8205839831765805 0.3101526846998791 0.48004920448586813
    outer loop
      vertex -2.1911455581320523 6.345175433463579 -13.145594952936392
      vertex 0.4093560975187142 2.395657728653941 -6.148638193337194
      vertex -2.0644416886721046 6.68040118198785 -13.145594952936392
    endloop
  endfacet
  facet normal -0.8779475418615901 0.20195811868433755 0.4340749152354631
    outer loop
      vertex -2.0644416886721046 6.68040118198785 -13.145594952936392
      vertex 0.536752983212692 2.6765611460128444 -6.02166228434198
      vertex -1.9819375661270486 7.039061146012841 -13.145594952936392
    endloop
  endfacet
  facet normal -0.9202891746923018 0.09030799326474123 0.3806734838370775
    outer loop
      vertex -1.9819375661270486 7.039061146012841 -13.145594952936392
      vertex 0.6248360758562694 2.963854205700279 -5.876874009680767
      vertex -1.9450448589080933 7.415018554114754 -13.145594952936392
    endloop
  endfacet
  facet normal -0.946884404591665 -0.022887326957719566 0.3207586235876112
    outer loop
      vertex -1.9543948114643452 7.801840670805879 -13.145594952936392
      vertex -1.9450448589080933 7.415018554114754 -13.145594952936392
      vertex 0.672098249313068 3.2526212438123077 -5.716750736875903
    endloop
  endfacet
  facet normal 0.14169188758625095 0.8657229177194806 0.48004920448586796
    outer loop
      vertex -4.39951033778237 5.070175433463579 -13.145594952936392
      vertex -2.279378500546198 0.843316084681704 -6.148638193337194
      vertex -1.963539564840668 0.8509502889757208 -6.255629143659129
    endloop
  endfacet
  facet normal 0.016886478041844486 0.8553291425086349 0.5178097187527344
    outer loop
      vertex -4.0500904637529995 5.063276953408433 -13.145594952936392
      vertex -1.963539564840668 0.8509502889757208 -6.255629143659129
      vertex -1.644233723476287 0.8962108435171272 -6.340804490484281
    endloop
  endfacet
  facet normal -0.10820786382367718 0.8303004485274257 0.5467103651677662
    outer loop
      vertex -3.7108953355710375 5.107482132756539 -13.145594952936392
      vertex -1.644233723476287 0.8962108435171272 -6.340804490484281
      vertex -1.3269243879271042 0.9783233276691234 -6.402706860013403
    endloop
  endfacet
  facet normal -0.23145073913828637 0.7910650836691377 0.5662566456580276
    outer loop
      vertex -3.387728675922336 5.202034608633262 -13.145594952936392
      vertex -1.3269243879271042 0.9783233276691234 -6.402706860013403
      vertex -1.0170408088991345 1.0958827740619872 -6.440277085541273
    endloop
  endfacet
  facet normal -0.35073342813596947 0.7382943759045957 0.5761141179450774
    outer loop
      vertex -3.0861199559522072 5.3453165619614476 -13.145594952936392
      vertex -1.0170408088991345 1.0958827740619872 -6.440277085541273
      vertex -0.719885180345506 1.2468777079743003 -6.452872330092675
    endloop
  endfacet
  facet normal -0.46401497093657235 0.6728912466744514 0.5761141179450774
    outer loop
      vertex -3.0861199559522072 5.3453165619614476 -13.145594952936392
      vertex -0.719885180345506 1.2468777079743003 -6.452872330092675
      vertex -0.440541917457876 1.4287245642231186 -6.440277085541273
    endloop
  endfacet
  facet normal -0.5693570889351931 0.59597476165301 0.5662566456580271
    outer loop
      vertex -2.811229784481077 5.534876398794394 -13.145594952936392
      vertex -0.440541917457876 1.4287245642231186 -6.440277085541273
      vertex -0.18379066091283616 1.6383118926805516 -6.402706860013403
    endloop
  endfacet
  facet normal -0.6649573492865261 0.5088609832242641 0.546710365167766
    outer loop
      vertex -2.5677616085567694 5.767470697767968 -13.145594952936392
      vertex -0.18379066091283616 1.6383118926805516 -6.402706860013403
      vertex 0.04597550410523096 1.872053596048106 -6.340804490484281
    endloop
  endfacet
  facet normal -0.28867513459481253 0.4999999999999999 -0.8164965809277263
    outer loop
      vertex -3.9311927395754283 3.7043422713460528 -3.8126200939810664
      vertex -2.279378500546198 0.843316084681704 -6.148638193337194
      vertex -2.58634643883586 0.8734388539871487 -6.02166228434198
    endloop
  endfacet
  facet normal -0.28867513459481214 0.5000000000000001 -0.8164965809277261
    outer loop
      vertex -4.0585896252694065 3.4234388539871494 -3.9395960029762804
      vertex -2.58634643883586 0.8734388539871487 -6.02166228434198
      vertex -2.879191073177926 0.9408031879576297 -5.876874009680767
    endloop
  endfacet
  facet normal -0.28867513459481225 0.4999999999999999 -0.8164965809277265
    outer loop
      vertex -3.7666618568663646 3.974049711024273 -3.7056291436591318
      vertex -1.963539564840668 0.8509502889757208 -6.255629143659129
      vertex -2.279378500546198 0.843316084681704 -6.148638193337194
    endloop
  endfacet
  facet normal -0.2886751345948125 0.4999999999999997 -0.8164965809277264
    outer loop
      vertex -3.7666618568663646 3.974049711024273 -3.7056291436591318
      vertex -3.567812146161945 4.227946403951888 -3.62045379683398
      vertex -1.963539564840668 0.8509502889757208 -6.255629143659129
    endloop
  endfacet
  facet normal -0.28867513459481275 0.4999999999999996 -0.8164965809277264
    outer loop
      vertex -3.567812146161945 4.227946403951888 -3.62045379683398
      vertex -3.338045981143878 4.461688107319443 -3.558551427304858
      vertex -1.644233723476287 0.8962108435171272 -6.340804490484281
    endloop
  endfacet
  facet normal -0.28867513459481425 0.49999999999999856 -0.8164965809277264
    outer loop
      vertex -3.567812146161945 4.227946403951888 -3.62045379683398
      vertex -1.644233723476287 0.8962108435171272 -6.340804490484281
      vertex -1.963539564840668 0.8509502889757208 -6.255629143659129
    endloop
  endfacet
  facet normal -0.2886751345948124 0.49999999999999983 -0.8164965809277261
    outer loop
      vertex -3.338045981143878 4.461688107319443 -3.558551427304858
      vertex -1.3269243879271042 0.9783233276691234 -6.402706860013403
      vertex -1.644233723476287 0.8962108435171272 -6.340804490484281
    endloop
  endfacet
  facet normal -0.28867513459481187 0.5000000000000001 -0.8164965809277264
    outer loop
      vertex -1.3269243879271042 0.9783233276691234 -6.402706860013403
      vertex -3.081294724598838 4.6712754357768755 -3.520981201776988
      vertex -1.0170408088991345 1.0958827740619872 -6.440277085541273
    endloop
  endfacet
  facet normal -0.2886751345948133 0.4999999999999993 -0.8164965809277264
    outer loop
      vertex -1.0170408088991345 1.0958827740619872 -6.440277085541273
      vertex -2.8019514617112082 4.853122292025694 -3.508385957225586
      vertex -0.719885180345506 1.2468777079743003 -6.452872330092675
    endloop
  endfacet
  facet normal -0.2886751345948119 0.49999999999999994 -0.8164965809277264
    outer loop
      vertex -0.719885180345506 1.2468777079743003 -6.452872330092675
      vertex -2.5047958331575795 5.004117225938007 -3.520981201776988
      vertex -0.440541917457876 1.4287245642231186 -6.440277085541273
    endloop
  endfacet
  facet normal -0.288675134594814 0.4999999999999989 -0.8164965809277263
    outer loop
      vertex -0.440541917457876 1.4287245642231186 -6.440277085541273
      vertex -2.1949122541296098 5.121676672330871 -3.558551427304858
      vertex -0.18379066091283616 1.6383118926805516 -6.402706860013403
    endloop
  endfacet
  facet normal -0.2886751345948127 0.4999999999999998 -0.8164965809277263
    outer loop
      vertex -0.18379066091283616 1.6383118926805516 -6.402706860013403
      vertex -1.877602918580427 5.203789156482867 -3.62045379683398
      vertex 0.04597550410523096 1.872053596048106 -6.340804490484281
    endloop
  endfacet
  facet normal -0.28867513459481 0.5000000000000009 -0.8164965809277265
    outer loop
      vertex -1.5582970772160463 5.2490497110242735 -3.7056291436591318
      vertex 0.24482521480965055 2.1259502889757207 -6.255629143659129
      vertex 0.04597550410523096 1.872053596048106 -6.340804490484281
    endloop
  endfacet
  facet normal -0.7491800050305598 0.41304045228963254 0.5178097187527348
    outer loop
      vertex -2.359881236171481 6.039119705939412 -13.145594952936392
      vertex 0.04597550410523096 1.872053596048106 -6.340804490484281
      vertex 0.24482521480965055 2.1259502889757207 -6.255629143659129
    endloop
  endfacet
  facet normal -0.8205839831765808 0.31015268469987844 0.480049204485868
    outer loop
      vertex -2.1911455581320523 6.345175433463579 -13.145594952936392
      vertex 0.24482521480965055 2.1259502889757207 -6.255629143659129
      vertex 0.4093560975187142 2.395657728653941 -6.148638193337194
    endloop
  endfacet
  facet normal -0.877947541861589 0.20195811868433988 0.4340749152354643
    outer loop
      vertex -2.0644416886721046 6.68040118198785 -13.145594952936392
      vertex 0.4093560975187142 2.395657728653941 -6.148638193337194
      vertex 0.536752983212692 2.6765611460128444 -6.02166228434198
    endloop
  endfacet
  facet normal -0.9202891746923018 0.0903079932647408 0.38067348383707733
    outer loop
      vertex -1.9819375661270486 7.039061146012841 -13.145594952936392
      vertex 0.536752983212692 2.6765611460128444 -6.02166228434198
      vertex 0.6248360758562694 2.963854205700279 -5.876874009680767
    endloop
  endfacet
  facet normal -0.9290302589361709 -0.35244295056014263 0.11263544993230261
    outer loop
      vertex -2.110394287357652 8.581531843780812 -13.145594952936392
      vertex 0.6416374568946663 3.8148730386933996 -5.361673719330553
      vertex 0.564435683623072 4.078737511366399 -5.172795440806216
    endloop
  endfacet
  facet normal -0.8908718926168091 -0.4526824654298488 0.03776051426686659
    outer loop
      vertex -2.2543746164109475 8.96106016792379 -13.145594952936392
      vertex 0.564435683623072 4.078737511366399 -5.172795440806216
      vertex 0.44744645862196103 4.324999999999997 -4.98062914365913
    endloop
  endfacet
  facet normal -0.7697396780379122 -0.6283423298430871 -0.11263544993230333
    outer loop
      vertex -2.662020891895588 9.667124228579409 -13.145594952936392
      vertex 0.2926714999666444 4.5494468851368115 -4.7884628465120445
      vertex 0.10275905011143902 4.748237818343719 -4.5995845679877085
    endloop
  endfacet
  facet normal -0.8374704612184244 -0.5451764578087551 -0.03776051426686631
    outer loop
      vertex -2.439304887326165 9.324999999999992 -13.145594952936392
      vertex 0.44744645862196103 4.324999999999997 -4.98062914365913
      vertex 0.2926714999666444 4.5494468851368115 -4.7884628465120445
    endloop
  endfacet
  facet normal -0.2886751345948128 0.49999999999999917 -0.8164965809277266
    outer loop
      vertex -0.440541917457876 1.4287245642231186 -6.440277085541273
      vertex -2.5047958331575795 5.004117225938007 -3.520981201776988
      vertex -2.1949122541296098 5.121676672330871 -3.558551427304858
    endloop
  endfacet
  facet normal -0.2886751345948124 0.49999999999999983 -0.8164965809277261
    outer loop
      vertex -0.18379066091283616 1.6383118926805516 -6.402706860013403
      vertex -2.1949122541296098 5.121676672330871 -3.558551427304858
      vertex -1.877602918580427 5.203789156482867 -3.62045379683398
    endloop
  endfacet
  facet normal -0.2886751345948136 0.4999999999999992 -0.8164965809277264
    outer loop
      vertex -1.877602918580427 5.203789156482867 -3.62045379683398
      vertex -1.5582970772160463 5.2490497110242735 -3.7056291436591318
      vertex 0.04597550410523096 1.872053596048106 -6.340804490484281
    endloop
  endfacet
  facet normal -0.28867513459481225 0.4999999999999997 -0.8164965809277264
    outer loop
      vertex -1.5582970772160463 5.2490497110242735 -3.7056291436591318
      vertex -1.242458141510516 5.25668391531829 -3.8126200939810664
      vertex 0.24482521480965055 2.1259502889757207 -6.255629143659129
    endloop
  endfacet
  facet normal -0.28867513459481203 0.4999999999999999 -0.8164965809277265
    outer loop
      vertex -1.242458141510516 5.25668391531829 -3.8126200939810664
      vertex -0.9354902032208542 5.226561146012846 -3.9395960029762804
      vertex 0.4093560975187142 2.395657728653941 -6.148638193337194
    endloop
  endfacet
  facet normal -0.28867513459481225 0.4999999999999997 -0.8164965809277264
    outer loop
      vertex -0.9354902032208542 5.226561146012846 -3.9395960029762804
      vertex -0.6426455688787882 5.159196812042365 -4.0843842776374935
      vertex 0.536752983212692 2.6765611460128444 -6.02166228434198
    endloop
  endfacet
  facet normal -0.9468844045916652 -0.022887326957722425 0.3207586235876101
    outer loop
      vertex -1.9450448589080933 7.415018554114754 -13.145594952936392
      vertex 0.6248360758562694 2.963854205700279 -5.876874009680767
      vertex 0.672098249313068 3.2526212438123077 -5.716750736875903
    endloop
  endfacet
  facet normal -0.9572781798025112 -0.1356910386703718 0.2553554943574671
    outer loop
      vertex -1.9543948114643452 7.801840670805879 -13.145594952936392
      vertex 0.672098249313068 3.2526212438123077 -5.716750736875903
      vertex 0.6777308346916926 3.537921376265486 -5.544032219519636
    endloop
  endfacet
  facet normal -0.9512926599492836 -0.24617303909070937 0.18558316182094917
    outer loop
      vertex -2.009827443515272 8.19290886242228 -13.145594952936392
      vertex 0.6777308346916926 3.537921376265486 -5.544032219519636
      vertex 0.6416374568946663 3.8148730386933996 -5.361673719330553
    endloop
  endfacet
  facet normal -0.2886751345948124 0.4999999999999996 -0.8164965809277264
    outer loop
      vertex -1.242458141510516 5.25668391531829 -3.8126200939810664
      vertex 0.4093560975187142 2.395657728653941 -6.148638193337194
      vertex 0.24482521480965055 2.1259502889757207 -6.255629143659129
    endloop
  endfacet
  facet normal -0.2886751345948133 0.49999999999999933 -0.8164965809277263
    outer loop
      vertex -0.9354902032208542 5.226561146012846 -3.9395960029762804
      vertex 0.536752983212692 2.6765611460128444 -6.02166228434198
      vertex 0.4093560975187142 2.395657728653941 -6.148638193337194
    endloop
  endfacet
  facet normal -0.28867513459481303 0.49999999999999944 -0.8164965809277263
    outer loop
      vertex -0.6426455688787882 5.159196812042365 -4.0843842776374935
      vertex 0.6248360758562694 2.963854205700279 -5.876874009680767
      vertex 0.536752983212692 2.6765611460128444 -6.02166228434198
    endloop
  endfacet
  facet normal -0.2886751345948126 0.4999999999999997 -0.8164965809277263
    outer loop
      vertex -0.368934891369783 5.055743535838005 -4.244507550442358
      vertex 0.672098249313068 3.2526212438123077 -5.716750736875903
      vertex 0.6248360758562694 2.963854205700279 -5.876874009680767
    endloop
  endfacet
  facet normal -0.2886751345948119 0.5 -0.8164965809277263
    outer loop
      vertex -0.11904143627295308 4.917971431638289 -4.417226067798625
      vertex 0.6777308346916926 3.537921376265486 -5.544032219519636
      vertex 0.672098249313068 3.2526212438123077 -5.716750736875903
    endloop
  endfacet
  facet normal -0.28867513459481425 0.4999999999999986 -0.8164965809277265
    outer loop
      vertex -0.11904143627295308 4.917971431638289 -4.417226067798625
      vertex 0.6416374568946663 3.8148730386933996 -5.361673719330553
      vertex 0.6777308346916926 3.537921376265486 -5.544032219519636
    endloop
  endfacet
  facet normal -0.288675134594807 0.5000000000000026 -0.8164965809277265
    outer loop
      vertex 0.6416374568946663 3.8148730386933996 -5.361673719330553
      vertex 0.10275905011143902 4.748237818343719 -4.5995845679877085
      vertex 0.564435683623072 4.078737511366399 -5.172795440806216
    endloop
  endfacet
  facet normal -0.28867513459481364 0.49999999999999906 -0.8164965809277264
    outer loop
      vertex -0.11904143627295308 4.917971431638289 -4.417226067798625
      vertex 0.672098249313068 3.2526212438123077 -5.716750736875903
      vertex -0.368934891369783 5.055743535838005 -4.244507550442358
    endloop
  endfacet
  facet normal -0.28867513459481325 0.49999999999999933 -0.8164965809277263
    outer loop
      vertex -0.6426455688787882 5.159196812042365 -4.0843842776374935
      vertex -0.368934891369783 5.055743535838005 -4.244507550442358
      vertex 0.6248360758562694 2.963854205700279 -5.876874009680767
    endloop
  endfacet
  facet normal -0.28867513459480576 0.5000000000000033 -0.8164965809277266
    outer loop
      vertex 0.2926714999666444 4.5494468851368115 -4.7884628465120445
      vertex 0.44744645862196103 4.324999999999997 -4.98062914365913
      vertex 0.564435683623072 4.078737511366399 -5.172795440806216
    endloop
  endfacet
  facet normal -0.2886751345948171 0.4999999999999968 -0.8164965809277264
    outer loop
      vertex -0.11904143627295308 4.917971431638289 -4.417226067798625
      vertex 0.10275905011143902 4.748237818343719 -4.5995845679877085
      vertex 0.6416374568946663 3.8148730386933996 -5.361673719330553
    endloop
  endfacet
  facet normal -0.288675134594809 0.5000000000000013 -0.8164965809277266
    outer loop
      vertex 0.2926714999666444 4.5494468851368115 -4.7884628465120445
      vertex 0.564435683623072 4.078737511366399 -5.172795440806216
      vertex 0.10275905011143902 4.748237818343719 -4.5995845679877085
    endloop
  endfacet
  facet normal -0.49326320886593894 -0.8085822853448241 -0.3207586235876105
    outer loop
      vertex -0.6426455688787882 5.159196812042365 -4.0843842776374935
      vertex -3.8462673260106777 10.708032463627879 -13.145594952936392
      vertex -3.515944522488621 10.506524108844422 -13.145594952936392
    endloop
  endfacet
  facet normal -0.3819355710140883 -0.8421478007437199 -0.3806734838370782
    outer loop
      vertex -0.9354902032208542 5.226561146012846 -3.9395960029762804
      vertex -4.190302345777365 10.864061146012837 -13.145594952936392
      vertex -3.8462673260106777 10.708032463627879 -13.145594952936392
    endloop
  endfacet
  facet normal -0.5961509764556933 -0.7611817028623171 -0.2553554943574678
    outer loop
      vertex -0.368934891369783 5.055743535838005 -4.244507550442358
      vertex -3.515944522488621 10.506524108844422 -13.145594952936392
      vertex -3.20498584996224 10.262983945481484 -13.145594952936392
    endloop
  endfacet
  facet normal -0.6888384355540178 -0.7007570904043948 -0.1855831618209474
    outer loop
      vertex -0.11904143627295308 4.917971431638289 -4.417226067798625
      vertex -3.20498584996224 10.262983945481484 -13.145594952936392
      vertex -2.918711897532493 9.98157901325629 -13.145594952936392
    endloop
  endfacet
  facet normal -0.7697396780379103 -0.628342329843089 -0.11263544993230441
    outer loop
      vertex -2.918711897532493 9.98157901325629 -13.145594952936392
      vertex -2.662020891895588 9.667124228579409 -13.145594952936392
      vertex 0.10275905011143902 4.748237818343719 -4.5995845679877085
    endloop
  endfacet
  facet normal -0.9572781798025112 -0.13569103867037202 0.2553554943574671
    outer loop
      vertex -1.9543948114643452 7.801840670805879 -13.145594952936392
      vertex 0.6777308346916926 3.537921376265486 -5.544032219519636
      vertex -2.009827443515272 8.19290886242228 -13.145594952936392
    endloop
  endfacet
  facet normal -0.9290302589361703 -0.3524429505601441 0.11263544993230207
    outer loop
      vertex -2.110394287357652 8.581531843780812 -13.145594952936392
      vertex 0.564435683623072 4.078737511366399 -5.172795440806216
      vertex -2.2543746164109475 8.96106016792379 -13.145594952936392
    endloop
  endfacet
  facet normal -0.9512926599492836 -0.24617303909070962 0.18558316182094925
    outer loop
      vertex -2.009827443515272 8.19290886242228 -13.145594952936392
      vertex 0.6416374568946663 3.8148730386933996 -5.361673719330553
      vertex -2.110394287357652 8.581531843780812 -13.145594952936392
    endloop
  endfacet
  facet normal -0.8908718926168105 -0.45268246542984597 0.03776051426686811
    outer loop
      vertex -2.439304887326165 9.324999999999992 -13.145594952936392
      vertex -2.2543746164109475 8.96106016792379 -13.145594952936392
      vertex 0.44744645862196103 4.324999999999997 -4.98062914365913
    endloop
  endfacet
  facet normal -0.8374704612184241 -0.5451764578087556 -0.03776051426686657
    outer loop
      vertex -2.439304887326165 9.324999999999992 -13.145594952936392
      vertex 0.2926714999666444 4.5494468851368115 -4.7884628465120445
      vertex -2.662020891895588 9.667124228579409 -13.145594952936392
    endloop
  endfacet
  facet normal 0.10820786382367707 -0.8303004485274259 -0.5467103651677658
    outer loop
      vertex -2.1949122541296098 5.121676672330871 -3.558551427304858
      vertex -5.245248870199966 11.036723046591549 -13.145594952936392
      vertex -1.877602918580427 5.203789156482867 -3.62045379683398
    endloop
  endfacet
  facet normal -0.016886478041843532 -0.8553291425086346 -0.5178097187527346
    outer loop
      vertex -1.877602918580427 5.203789156482867 -3.62045379683398
      vertex -4.895828996170596 11.029824566536405 -13.145594952936392
      vertex -1.5582970772160463 5.2490497110242735 -3.7056291436591318
    endloop
  endfacet
  facet normal -0.26407290964964353 -0.8613039337844081 -0.43407491523546393
    outer loop
      vertex -1.242458141510516 5.25668391531829 -3.8126200939810664
      vertex -4.190302345777365 10.864061146012837 -13.145594952936392
      vertex -0.9354902032208542 5.226561146012846 -3.9395960029762804
    endloop
  endfacet
  facet normal -0.1416918875862504 -0.8657229177194808 -0.4800492044858678
    outer loop
      vertex -1.5582970772160463 5.2490497110242735 -3.7056291436591318
      vertex -4.542163047215948 10.971940461984369 -13.145594952936392
      vertex -1.242458141510516 5.25668391531829 -3.8126200939810664
    endloop
  endfacet
  facet normal -0.38193557101409087 -0.8421478007437191 -0.3806734838370774
    outer loop
      vertex -0.9354902032208542 5.226561146012846 -3.9395960029762804
      vertex -3.8462673260106777 10.708032463627879 -13.145594952936392
      vertex -0.6426455688787882 5.159196812042365 -4.0843842776374935
    endloop
  endfacet
  facet normal -0.596150976455694 -0.7611817028623166 -0.2553554943574674
    outer loop
      vertex -0.11904143627295308 4.917971431638289 -4.417226067798625
      vertex -0.368934891369783 5.055743535838005 -4.244507550442358
      vertex -3.20498584996224 10.262983945481484 -13.145594952936392
    endloop
  endfacet
  facet normal -0.4932632088659397 -0.8085822853448238 -0.32075862358761004
    outer loop
      vertex -0.6426455688787882 5.159196812042365 -4.0843842776374935
      vertex -3.515944522488621 10.506524108844422 -13.145594952936392
      vertex -0.368934891369783 5.055743535838005 -4.244507550442358
    endloop
  endfacet
  facet normal -0.6888384355540162 -0.7007570904043962 -0.18558316182094903
    outer loop
      vertex -0.11904143627295308 4.917971431638289 -4.417226067798625
      vertex -2.918711897532493 9.98157901325629 -13.145594952936392
      vertex 0.10275905011143902 4.748237818343719 -4.5995845679877085
    endloop
  endfacet
  facet normal -0.2886751345948142 0.5 -0.8164965809277256
    outer loop
      vertex -4.16347409895138 2.2851269613065948 -4.5995845679877085
      vertex -4.199567476748407 2.562078623734508 -4.417226067798625
      vertex -4.193934891369782 2.8473787561876867 -4.244507550442358
    endloop
  endfacet
  facet normal -0.28867513459481275 0.49999999999999967 -0.8164965809277264
    outer loop
      vertex -3.338045981143878 4.461688107319443 -3.558551427304858
      vertex -3.081294724598838 4.6712754357768755 -3.520981201776988
      vertex -1.3269243879271042 0.9783233276691234 -6.402706860013403
    endloop
  endfacet
  facet normal -0.28867513459481364 0.49999999999999917 -0.8164965809277264
    outer loop
      vertex -1.0170408088991345 1.0958827740619872 -6.440277085541273
      vertex -3.081294724598838 4.6712754357768755 -3.520981201776988
      vertex -2.8019514617112082 4.853122292025694 -3.508385957225586
    endloop
  endfacet
  facet normal -0.28867513459481087 0.5000000000000003 -0.8164965809277265
    outer loop
      vertex -0.719885180345506 1.2468777079743003 -6.452872330092675
      vertex -2.8019514617112082 4.853122292025694 -3.508385957225586
      vertex -2.5047958331575795 5.004117225938007 -3.520981201776988
    endloop
  endfacet
  facet normal 0.8779475418615892 0.2019581186843395 -0.4340749152354639
    outer loop
      vertex -7.23089764528086 -9.419598818012133 -13.145594952936392
      vertex -7.313401767825917 -9.060938853987142 -13.145594952936392
      vertex -3.9311927395754283 -3.7043422713460528 -3.8126200939810664
    endloop
  endfacet
  facet normal 0.9202891746923016 0.09030799326474123 -0.38067348383707733
    outer loop
      vertex -7.313401767825917 -9.060938853987142 -13.145594952936392
      vertex -7.350294475044873 -8.68498144588523 -13.145594952936392
      vertex -4.0585896252694065 -3.4234388539871494 -3.9395960029762804
    endloop
  endfacet
  facet normal 0.9468844045916649 -0.02288732695771946 -0.32075862358761115
    outer loop
      vertex -7.350294475044873 -8.68498144588523 -13.145594952936392
      vertex -7.340944522488621 -8.298159329194103 -13.145594952936392
      vertex -4.146672717912984 -3.136145794299715 -4.0843842776374935
    endloop
  endfacet
  facet normal 0.5693570889351957 0.5959747616530079 -0.5662566456580268
    outer loop
      vertex -6.727577725396195 -10.332529302232015 -13.145594952936392
      vertex -3.081294724598838 -4.6712754357768755 -3.520981201776988
      vertex -6.484109549471889 -10.56512360120559 -13.145594952936392
    endloop
  endfacet
  facet normal 0.6649573492865248 0.5088609832242655 -0.5467103651677663
    outer loop
      vertex -6.727577725396195 -10.332529302232015 -13.145594952936392
      vertex -6.935458097781484 -10.06088029406057 -13.145594952936392
      vertex -3.338045981143878 -4.461688107319443 -3.558551427304858
    endloop
  endfacet
  facet normal 0.231450739138285 0.7910650836691384 -0.566256645658027
    outer loop
      vertex -5.584443998381928 -10.992517867243443 -13.145594952936392
      vertex -5.90761065803063 -10.897965391366721 -13.145594952936392
      vertex -2.5047958331575795 -5.004117225938007 -3.520981201776988
    endloop
  endfacet
  facet normal 0.4640149709365694 0.6728912466744534 -0.5761141179450774
    outer loop
      vertex -6.484109549471889 -10.56512360120559 -13.145594952936392
      vertex -2.8019514617112082 -4.853122292025694 -3.508385957225586
      vertex -6.209219378000758 -10.754683438038533 -13.145594952936392
    endloop
  endfacet
  facet normal 0.3507334281359731 0.7382943759045938 -0.5761141179450774
    outer loop
      vertex -6.209219378000758 -10.754683438038533 -13.145594952936392
      vertex -2.8019514617112082 -4.853122292025694 -3.508385957225586
      vertex -5.90761065803063 -10.897965391366721 -13.145594952936392
    endloop
  endfacet
  facet normal 0.8205839831765815 0.3101526846998774 -0.48004920448586746
    outer loop
      vertex -7.23089764528086 -9.419598818012133 -13.145594952936392
      vertex -3.7666618568663646 -3.974049711024273 -3.7056291436591318
      vertex -7.104193775820914 -9.754824566536405 -13.145594952936392
    endloop
  endfacet
  facet normal 0.7491800050305583 0.41304045228963454 -0.5178097187527352
    outer loop
      vertex -7.104193775820914 -9.754824566536405 -13.145594952936392
      vertex -3.567812146161945 -4.227946403951888 -3.62045379683398
      vertex -6.935458097781484 -10.06088029406057 -13.145594952936392
    endloop
  endfacet
  facet normal 0.10820786382367521 0.8303004485274263 -0.5467103651677656
    outer loop
      vertex -5.584443998381928 -10.992517867243443 -13.145594952936392
      vertex -2.1949122541296098 -5.121676672330871 -3.558551427304858
      vertex -5.245248870199966 -11.036723046591549 -13.145594952936392
    endloop
  endfacet
  facet normal -0.016886478041838605 0.855329142508634 -0.5178097187527358
    outer loop
      vertex -5.245248870199966 -11.036723046591549 -13.145594952936392
      vertex -1.877602918580427 -5.203789156482867 -3.62045379683398
      vertex -4.895828996170596 -11.029824566536405 -13.145594952936392
    endloop
  endfacet
  facet normal -0.14169188758625478 0.8657229177194808 -0.4800492044858665
    outer loop
      vertex -4.895828996170596 -11.029824566536405 -13.145594952936392
      vertex -1.5582970772160463 -5.2490497110242735 -3.7056291436591318
      vertex -4.542163047215948 -10.971940461984369 -13.145594952936392
    endloop
  endfacet
  facet normal -0.2640729096496452 0.861303933784408 -0.4340749152354633
    outer loop
      vertex -4.542163047215948 -10.971940461984369 -13.145594952936392
      vertex -0.9354902032208542 -5.226561146012846 -3.9395960029762804
      vertex -4.190302345777365 -10.864061146012837 -13.145594952936392
    endloop
  endfacet
  facet normal 0.5693570889351944 0.5959747616530092 -0.5662566456580267
    outer loop
      vertex -6.727577725396195 -10.332529302232015 -13.145594952936392
      vertex -3.338045981143878 -4.461688107319443 -3.558551427304858
      vertex -3.081294724598838 -4.6712754357768755 -3.520981201776988
    endloop
  endfacet
  facet normal 0.4640149709365701 0.672891246674453 -0.5761141179450772
    outer loop
      vertex -6.484109549471889 -10.56512360120559 -13.145594952936392
      vertex -3.081294724598838 -4.6712754357768755 -3.520981201776988
      vertex -2.8019514617112082 -4.853122292025694 -3.508385957225586
    endloop
  endfacet
  facet normal 0.35073342813597247 0.7382943759045941 -0.5761141179450774
    outer loop
      vertex -5.90761065803063 -10.897965391366721 -13.145594952936392
      vertex -2.8019514617112082 -4.853122292025694 -3.508385957225586
      vertex -2.5047958331575795 -5.004117225938007 -3.520981201776988
    endloop
  endfacet
  facet normal 0.23145073913828573 0.7910650836691383 -0.5662566456580271
    outer loop
      vertex -5.584443998381928 -10.992517867243443 -13.145594952936392
      vertex -2.5047958331575795 -5.004117225938007 -3.520981201776988
      vertex -2.1949122541296098 -5.121676672330871 -3.558551427304858
    endloop
  endfacet
  facet normal 0.9572781798025113 -0.13569103867037202 -0.2553554943574672
    outer loop
      vertex -7.340944522488621 -8.298159329194103 -13.145594952936392
      vertex -7.285511890437694 -7.9070911375777015 -13.145594952936392
      vertex -4.193934891369782 -2.8473787561876867 -4.244507550442358
    endloop
  endfacet
  facet normal 0.9512926599492832 -0.24617303909071225 -0.18558316182094764
    outer loop
      vertex -7.285511890437694 -7.9070911375777015 -13.145594952936392
      vertex -7.184945046595312 -7.518468156219169 -13.145594952936392
      vertex -4.199567476748407 -2.562078623734508 -4.417226067798625
    endloop
  endfacet
  facet normal 0.9290302589361711 -0.35244295056014197 -0.11263544993230354
    outer loop
      vertex -7.184945046595312 -7.518468156219169 -13.145594952936392
      vertex -7.0409647175420185 -7.138939832076192 -13.145594952936392
      vertex -4.16347409895138 -2.2851269613065948 -4.5995845679877085
    endloop
  endfacet
  facet normal 0.89087189261681 -0.4526824654298469 -0.03776051426686741
    outer loop
      vertex -7.0409647175420185 -7.138939832076192 -13.145594952936392
      vertex -6.8560344466268015 -6.7749999999999915 -13.145594952936392
      vertex -4.086272325679786 -2.021262488633595 -4.7884628465120445
    endloop
  endfacet
  facet normal 0.8374704612184234 -0.5451764578087566 0.037760514266867336
    outer loop
      vertex -6.8560344466268015 -6.7749999999999915 -13.145594952936392
      vertex -6.633318442057378 -6.4328757714205755 -13.145594952936392
      vertex -3.969283100678675 -1.7749999999999972 -4.98062914365913
    endloop
  endfacet
  facet normal 0.7697396780379132 -0.6283423298430861 0.1126354499323017
    outer loop
      vertex -6.633318442057378 -6.4328757714205755 -13.145594952936392
      vertex -6.376627436420471 -6.118420986743689 -13.145594952936392
      vertex -3.8145081420233584 -1.5505531148631828 -5.172795440806216
    endloop
  endfacet
  facet normal 0.6888384355540141 -0.7007570904043977 0.18558316182095072
    outer loop
      vertex -6.376627436420471 -6.118420986743689 -13.145594952936392
      vertex -6.090353483990726 -5.8370160545185 -13.145594952936392
      vertex -3.6245956921681532 -1.3517621816562757 -5.361673719330553
    endloop
  endfacet
  facet normal 0.5961509764556946 -0.7611817028623161 0.255355494357467
    outer loop
      vertex -6.090353483990726 -5.8370160545185 -13.145594952936392
      vertex -5.7793948114643445 -5.593475891155561 -13.145594952936392
      vertex -3.402795205783761 -1.1820285683617051 -5.544032219519636
    endloop
  endfacet
  facet normal 0.49326320886593916 -0.8085822853448241 0.32075862358761054
    outer loop
      vertex -5.7793948114643445 -5.593475891155561 -13.145594952936392
      vertex -5.449072007942288 -5.391967536372104 -13.145594952936392
      vertex -3.1529017506869312 -1.0442564641619896 -5.716750736875903
    endloop
  endfacet
  facet normal 0.3819355710140903 -0.8421478007437192 0.3806734838370778
    outer loop
      vertex -5.449072007942288 -5.391967536372104 -13.145594952936392
      vertex -5.1050369881756 -5.235938853987145 -13.145594952936392
      vertex -2.879191073177926 -0.9408031879576297 -5.876874009680767
    endloop
  endfacet
  facet normal 0.26407290964964447 -0.861303933784408 0.43407491523546365
    outer loop
      vertex -5.1050369881756 -5.235938853987145 -13.145594952936392
      vertex -4.753176286737016 -5.128059538015613 -13.145594952936392
      vertex -2.58634643883586 -0.8734388539871487 -6.02166228434198
    endloop
  endfacet
  facet normal 0.14169188758625115 -0.8657229177194807 0.48004920448586763
    outer loop
      vertex -4.753176286737016 -5.128059538015613 -13.145594952936392
      vertex -4.39951033778237 -5.070175433463579 -13.145594952936392
      vertex -2.279378500546198 -0.843316084681704 -6.148638193337194
    endloop
  endfacet
  facet normal 0.01688647804184292 -0.8553291425086346 0.5178097187527348
    outer loop
      vertex -4.39951033778237 -5.070175433463579 -13.145594952936392
      vertex -4.050090463752999 -5.063276953408433 -13.145594952936392
      vertex -1.963539564840668 -0.8509502889757208 -6.255629143659129
    endloop
  endfacet
  facet normal 0.8205839831765823 0.310152684699876 -0.4800492044858669
    outer loop
      vertex -7.23089764528086 -9.419598818012133 -13.145594952936392
      vertex -3.9311927395754283 -3.7043422713460528 -3.8126200939810664
      vertex -3.7666618568663646 -3.974049711024273 -3.7056291436591318
    endloop
  endfacet
  facet normal 0.74918000503056 0.4130404522896326 -0.5178097187527343
    outer loop
      vertex -7.104193775820914 -9.754824566536405 -13.145594952936392
      vertex -3.7666618568663646 -3.974049711024273 -3.7056291436591318
      vertex -3.567812146161945 -4.227946403951888 -3.62045379683398
    endloop
  endfacet
  facet normal 0.8779475418615879 0.20195811868434224 -0.43407491523546565
    outer loop
      vertex -7.313401767825917 -9.060938853987142 -13.145594952936392
      vertex -4.0585896252694065 -3.4234388539871494 -3.9395960029762804
      vertex -3.9311927395754283 -3.7043422713460528 -3.8126200939810664
    endloop
  endfacet
  facet normal 0.9202891746923015 0.09030799326474181 -0.38067348383707766
    outer loop
      vertex -7.350294475044873 -8.68498144588523 -13.145594952936392
      vertex -4.146672717912984 -3.136145794299715 -4.0843842776374935
      vertex -4.0585896252694065 -3.4234388539871494 -3.9395960029762804
    endloop
  endfacet
  facet normal 0.8374704612184243 -0.5451764578087552 0.03776051426686626
    outer loop
      vertex -6.633318442057378 -6.4328757714205755 -13.145594952936392
      vertex -3.8145081420233584 -1.5505531148631828 -5.172795440806216
      vertex -3.969283100678675 -1.7749999999999972 -4.98062914365913
    endloop
  endfacet
  facet normal 0.9572781798025114 -0.13569103867037127 -0.25535549435746757
    outer loop
      vertex -7.285511890437694 -7.9070911375777015 -13.145594952936392
      vertex -4.199567476748407 -2.562078623734508 -4.417226067798625
      vertex -4.193934891369782 -2.8473787561876867 -4.244507550442358
    endloop
  endfacet
  facet normal 0.9512926599492834 -0.24617303909071114 -0.1855831618209487
    outer loop
      vertex -7.184945046595312 -7.518468156219169 -13.145594952936392
      vertex -4.16347409895138 -2.2851269613065948 -4.5995845679877085
      vertex -4.199567476748407 -2.562078623734508 -4.417226067798625
    endloop
  endfacet
  facet normal 0.9468844045916652 -0.022887326957721867 -0.32075862358761
    outer loop
      vertex -7.340944522488621 -8.298159329194103 -13.145594952936392
      vertex -4.193934891369782 -2.8473787561876867 -4.244507550442358
      vertex -4.146672717912984 -3.136145794299715 -4.0843842776374935
    endloop
  endfacet
  facet normal 0.9290302589361713 -0.35244295056014113 -0.11263544993230365
    outer loop
      vertex -7.0409647175420185 -7.138939832076192 -13.145594952936392
      vertex -4.086272325679786 -2.021262488633595 -4.7884628465120445
      vertex -4.16347409895138 -2.2851269613065948 -4.5995845679877085
    endloop
  endfacet
  facet normal 0.8908718926168093 -0.4526824654298484 -0.037760514266866316
    outer loop
      vertex -6.8560344466268015 -6.7749999999999915 -13.145594952936392
      vertex -3.969283100678675 -1.7749999999999972 -4.98062914365913
      vertex -4.086272325679786 -2.021262488633595 -4.7884628465120445
    endloop
  endfacet
  facet normal 0.6649573492865253 0.5088609832242653 -0.546710365167766
    outer loop
      vertex -6.935458097781484 -10.06088029406057 -13.145594952936392
      vertex -3.567812146161945 -4.227946403951888 -3.62045379683398
      vertex -3.338045981143878 -4.461688107319443 -3.558551427304858
    endloop
  endfacet
  facet normal 0.769739678037913 -0.6283423298430864 0.11263544993230247
    outer loop
      vertex -6.376627436420471 -6.118420986743689 -13.145594952936392
      vertex -3.6245956921681532 -1.3517621816562757 -5.361673719330553
      vertex -3.8145081420233584 -1.5505531148631828 -5.172795440806216
    endloop
  endfacet
  facet normal 0.688838435554015 -0.7007570904043969 0.1855831618209499
    outer loop
      vertex -6.090353483990726 -5.8370160545185 -13.145594952936392
      vertex -3.402795205783761 -1.1820285683617051 -5.544032219519636
      vertex -3.6245956921681532 -1.3517621816562757 -5.361673719330553
    endloop
  endfacet
  facet normal 0.5961509764556938 -0.7611817028623169 0.25535549435746724
    outer loop
      vertex -5.7793948114643445 -5.593475891155561 -13.145594952936392
      vertex -3.1529017506869312 -1.0442564641619896 -5.716750736875903
      vertex -3.402795205783761 -1.1820285683617051 -5.544032219519636
    endloop
  endfacet
  facet normal 0.4932632088659401 -0.8085822853448238 0.3207586235876099
    outer loop
      vertex -5.449072007942288 -5.391967536372104 -13.145594952936392
      vertex -2.879191073177926 -0.9408031879576297 -5.876874009680767
      vertex -3.1529017506869312 -1.0442564641619896 -5.716750736875903
    endloop
  endfacet
  facet normal 0.38193557101409076 -0.8421478007437192 0.38067348383707733
    outer loop
      vertex -5.1050369881756 -5.235938853987145 -13.145594952936392
      vertex -2.58634643883586 -0.8734388539871487 -6.02166228434198
      vertex -2.879191073177926 -0.9408031879576297 -5.876874009680767
    endloop
  endfacet
  facet normal 0.2640729096496434 -0.8613039337844082 0.43407491523546377
    outer loop
      vertex -4.753176286737016 -5.128059538015613 -13.145594952936392
      vertex -2.279378500546198 -0.843316084681704 -6.148638193337194
      vertex -2.58634643883586 -0.8734388539871487 -6.02166228434198
    endloop
  endfacet
  facet normal -0.288675134594812 -0.5 -0.8164965809277265
    outer loop
      vertex -4.193934891369782 -2.8473787561876867 -4.244507550442358
      vertex -3.969283100678675 -1.7749999999999972 -4.98062914365913
      vertex -3.8145081420233584 -1.5505531148631828 -5.172795440806216
    endloop
  endfacet
  facet normal -0.2886751345948048 -0.5000000000000019 -0.8164965809277277
    outer loop
      vertex -4.193934891369782 -2.8473787561876867 -4.244507550442358
      vertex -4.16347409895138 -2.2851269613065948 -4.5995845679877085
      vertex -4.086272325679786 -2.021262488633595 -4.7884628465120445
    endloop
  endfacet
  facet normal -0.28867513459480826 -0.5000000000000011 -0.816496580927727
    outer loop
      vertex -4.193934891369782 -2.8473787561876867 -4.244507550442358
      vertex -4.086272325679786 -2.021262488633595 -4.7884628465120445
      vertex -3.969283100678675 -1.7749999999999972 -4.98062914365913
    endloop
  endfacet
  facet normal -0.28867513459481337 -0.4999999999999993 -0.8164965809277263
    outer loop
      vertex -4.146672717912984 -3.136145794299715 -4.0843842776374935
      vertex -2.879191073177926 -0.9408031879576297 -5.876874009680767
      vertex -4.0585896252694065 -3.4234388539871494 -3.9395960029762804
    endloop
  endfacet
  facet normal -0.2886751345948126 -0.4999999999999997 -0.8164965809277265
    outer loop
      vertex -3.9311927395754283 -3.7043422713460528 -3.8126200939810664
      vertex -2.279378500546198 -0.843316084681704 -6.148638193337194
      vertex -3.7666618568663646 -3.974049711024273 -3.7056291436591318
    endloop
  endfacet
  facet normal -0.2886751345948128 -0.49999999999999956 -0.8164965809277264
    outer loop
      vertex -3.9311927395754283 -3.7043422713460528 -3.8126200939810664
      vertex -4.0585896252694065 -3.4234388539871494 -3.9395960029762804
      vertex -2.58634643883586 -0.8734388539871487 -6.02166228434198
    endloop
  endfacet
  facet normal -0.2886751345948102 -0.5000000000000008 -0.8164965809277264
    outer loop
      vertex -4.193934891369782 -2.8473787561876867 -4.244507550442358
      vertex -3.6245956921681532 -1.3517621816562757 -5.361673719330553
      vertex -3.402795205783761 -1.1820285683617051 -5.544032219519636
    endloop
  endfacet
  facet normal -0.28867513459481414 -0.4999999999999989 -0.8164965809277263
    outer loop
      vertex -4.193934891369782 -2.8473787561876867 -4.244507550442358
      vertex -3.402795205783761 -1.1820285683617051 -5.544032219519636
      vertex -3.1529017506869312 -1.0442564641619896 -5.716750736875903
    endloop
  endfacet
  facet normal -0.28867513459481337 -0.4999999999999996 -0.8164965809277261
    outer loop
      vertex -4.146672717912984 -3.136145794299715 -4.0843842776374935
      vertex -3.1529017506869312 -1.0442564641619896 -5.716750736875903
      vertex -2.879191073177926 -0.9408031879576297 -5.876874009680767
    endloop
  endfacet
  facet normal -0.28867513459481253 -0.4999999999999997 -0.8164965809277263
    outer loop
      vertex -4.146672717912984 -3.136145794299715 -4.0843842776374935
      vertex -4.193934891369782 -2.8473787561876867 -4.244507550442358
      vertex -3.1529017506869312 -1.0442564641619896 -5.716750736875903
    endloop
  endfacet
  facet normal -0.28867513459481536 -0.4999999999999986 -0.816496580927726
    outer loop
      vertex -4.193934891369782 -2.8473787561876867 -4.244507550442358
      vertex -3.8145081420233584 -1.5505531148631828 -5.172795440806216
      vertex -3.6245956921681532 -1.3517621816562757 -5.361673719330553
    endloop
  endfacet
  facet normal -0.38193557101408876 0.8421478007437195 -0.3806734838370784
    outer loop
      vertex -4.190302345777365 -10.864061146012837 -13.145594952936392
      vertex -0.6426455688787882 -5.159196812042365 -4.0843842776374935
      vertex -3.8462673260106777 -10.708032463627879 -13.145594952936392
    endloop
  endfacet
  facet normal -0.49326320886593905 0.8085822853448241 -0.3207586235876105
    outer loop
      vertex -3.8462673260106777 -10.708032463627879 -13.145594952936392
      vertex -0.368934891369783 -5.055743535838005 -4.244507550442358
      vertex -3.515944522488621 -10.506524108844422 -13.145594952936392
    endloop
  endfacet
  facet normal -0.5961509764556937 0.7611817028623167 -0.2553554943574677
    outer loop
      vertex -3.515944522488621 -10.506524108844422 -13.145594952936392
      vertex -0.11904143627295308 -4.917971431638289 -4.417226067798625
      vertex -3.20498584996224 -10.262983945481484 -13.145594952936392
    endloop
  endfacet
  facet normal -0.688838435554018 0.7007570904043947 -0.1855831618209476
    outer loop
      vertex -3.20498584996224 -10.262983945481484 -13.145594952936392
      vertex 0.10275905011143902 -4.748237818343719 -4.5995845679877085
      vertex -2.918711897532493 -9.98157901325629 -13.145594952936392
    endloop
  endfacet
  facet normal -0.7697396780379103 0.628342329843089 -0.11263544993230452
    outer loop
      vertex -2.918711897532493 -9.98157901325629 -13.145594952936392
      vertex 0.2926714999666444 -4.5494468851368115 -4.7884628465120445
      vertex -2.662020891895588 -9.667124228579409 -13.145594952936392
    endloop
  endfacet
  facet normal -0.8908718926168104 0.45268246542984597 0.03776051426686823
    outer loop
      vertex -2.439304887326165 -9.324999999999992 -13.145594952936392
      vertex 0.564435683623072 -4.078737511366399 -5.172795440806216
      vertex -2.2543746164109475 -8.96106016792379 -13.145594952936392
    endloop
  endfacet
  facet normal -0.8374704612184241 0.5451764578087556 -0.037760514266866566
    outer loop
      vertex -2.662020891895588 -9.667124228579409 -13.145594952936392
      vertex 0.44744645862196103 -4.324999999999997 -4.98062914365913
      vertex -2.439304887326165 -9.324999999999992 -13.145594952936392
    endloop
  endfacet
  facet normal -0.9290302589361703 0.3524429505601442 0.112635449932302
    outer loop
      vertex -2.2543746164109475 -8.96106016792379 -13.145594952936392
      vertex 0.6416374568946663 -3.8148730386933996 -5.361673719330553
      vertex -2.110394287357652 -8.581531843780812 -13.145594952936392
    endloop
  endfacet
  facet normal -0.9512926599492835 0.24617303909070962 0.1855831618209493
    outer loop
      vertex -2.110394287357652 -8.581531843780812 -13.145594952936392
      vertex 0.6777308346916926 -3.537921376265486 -5.544032219519636
      vertex -2.009827443515272 -8.19290886242228 -13.145594952936392
    endloop
  endfacet
  facet normal -0.9572781798025112 0.13569103867037202 0.2553554943574671
    outer loop
      vertex -2.009827443515272 -8.19290886242228 -13.145594952936392
      vertex 0.6777308346916926 -3.537921376265486 -5.544032219519636
      vertex -1.9543948114643452 -7.801840670805879 -13.145594952936392
    endloop
  endfacet
  facet normal 0.10820786382367696 0.8303004485274258 -0.546710365167766
    outer loop
      vertex -5.245248870199966 -11.036723046591549 -13.145594952936392
      vertex -2.1949122541296098 -5.121676672330871 -3.558551427304858
      vertex -1.877602918580427 -5.203789156482867 -3.62045379683398
    endloop
  endfacet
  facet normal -0.016886478041843754 0.8553291425086346 -0.5178097187527345
    outer loop
      vertex -4.895828996170596 -11.029824566536405 -13.145594952936392
      vertex -1.877602918580427 -5.203789156482867 -3.62045379683398
      vertex -1.5582970772160463 -5.2490497110242735 -3.7056291436591318
    endloop
  endfacet
  facet normal -0.2640729096496428 0.8613039337844081 -0.4340749152354646
    outer loop
      vertex -4.542163047215948 -10.971940461984369 -13.145594952936392
      vertex -1.242458141510516 -5.25668391531829 -3.8126200939810664
      vertex -0.9354902032208542 -5.226561146012846 -3.9395960029762804
    endloop
  endfacet
  facet normal -0.1416918875862536 0.8657229177194805 -0.4800492044858674
    outer loop
      vertex -4.542163047215948 -10.971940461984369 -13.145594952936392
      vertex -1.5582970772160463 -5.2490497110242735 -3.7056291436591318
      vertex -1.242458141510516 -5.25668391531829 -3.8126200939810664
    endloop
  endfacet
  facet normal -0.381935571014091 0.8421478007437192 -0.380673483837077
    outer loop
      vertex -4.190302345777365 -10.864061146012837 -13.145594952936392
      vertex -0.9354902032208542 -5.226561146012846 -3.9395960029762804
      vertex -0.6426455688787882 -5.159196812042365 -4.0843842776374935
    endloop
  endfacet
  facet normal -0.5961509764556935 0.761181702862317 -0.25535549435746696
    outer loop
      vertex -3.515944522488621 -10.506524108844422 -13.145594952936392
      vertex -0.368934891369783 -5.055743535838005 -4.244507550442358
      vertex -0.11904143627295308 -4.917971431638289 -4.417226067798625
    endloop
  endfacet
  facet normal -0.6888384355540169 0.7007570904043955 -0.18558316182094886
    outer loop
      vertex -3.20498584996224 -10.262983945481484 -13.145594952936392
      vertex -0.11904143627295308 -4.917971431638289 -4.417226067798625
      vertex 0.10275905011143902 -4.748237818343719 -4.5995845679877085
    endloop
  endfacet
  facet normal -0.4932632088659401 0.8085822853448238 -0.32075862358761015
    outer loop
      vertex -3.8462673260106777 -10.708032463627879 -13.145594952936392
      vertex -0.6426455688787882 -5.159196812042365 -4.0843842776374935
      vertex -0.368934891369783 -5.055743535838005 -4.244507550442358
    endloop
  endfacet
  facet normal -0.10820786382367746 -0.8303004485274258 0.5467103651677662
    outer loop
      vertex -4.050090463752999 -5.063276953408433 -13.145594952936392
      vertex -3.710895335571038 -5.10748213275654 -13.145594952936392
      vertex -1.644233723476287 -0.8962108435171272 -6.340804490484281
    endloop
  endfacet
  facet normal -0.23145073913828726 -0.7910650836691377 0.5662566456580275
    outer loop
      vertex -3.710895335571038 -5.10748213275654 -13.145594952936392
      vertex -3.387728675922336 -5.202034608633262 -13.145594952936392
      vertex -1.3269243879271042 -0.9783233276691234 -6.402706860013403
    endloop
  endfacet
  facet normal -0.3507334281359669 -0.7382943759045968 0.5761141179450772
    outer loop
      vertex -3.387728675922336 -5.202034608633262 -13.145594952936392
      vertex -3.0861199559522072 -5.3453165619614476 -13.145594952936392
      vertex -1.0170408088991345 -1.0958827740619872 -6.440277085541273
    endloop
  endfacet
  facet normal -0.4640149709365744 -0.6728912466744502 0.5761141179450773
    outer loop
      vertex -2.811229784481077 -5.534876398794394 -13.145594952936392
      vertex -0.719885180345506 -1.2468777079743003 -6.452872330092675
      vertex -3.0861199559522072 -5.3453165619614476 -13.145594952936392
    endloop
  endfacet
  facet normal -0.5693570889351925 -0.5959747616530103 0.5662566456580272
    outer loop
      vertex -2.811229784481077 -5.534876398794394 -13.145594952936392
      vertex -2.5677616085567694 -5.767470697767968 -13.145594952936392
      vertex -0.440541917457876 -1.4287245642231186 -6.440277085541273
    endloop
  endfacet
  facet normal -0.946884404591665 0.022887326957719566 0.3207586235876112
    outer loop
      vertex -1.9543948114643452 -7.801840670805879 -13.145594952936392
      vertex 0.672098249313068 -3.2526212438123077 -5.716750736875903
      vertex -1.9450448589080933 -7.415018554114754 -13.145594952936392
    endloop
  endfacet
  facet normal -0.9202891746923018 -0.09030799326474123 0.3806734838370775
    outer loop
      vertex -1.9819375661270486 -7.039061146012841 -13.145594952936392
      vertex -1.9450448589080933 -7.415018554114754 -13.145594952936392
      vertex 0.6248360758562694 -2.963854205700279 -5.876874009680767
    endloop
  endfacet
  facet normal -0.8779475418615901 -0.20195811868433755 0.4340749152354631
    outer loop
      vertex -1.9819375661270486 -7.039061146012841 -13.145594952936392
      vertex 0.536752983212692 -2.6765611460128444 -6.02166228434198
      vertex -2.0644416886721046 -6.68040118198785 -13.145594952936392
    endloop
  endfacet
  facet normal -0.8205839831765805 -0.3101526846998791 0.48004920448586813
    outer loop
      vertex -2.0644416886721046 -6.68040118198785 -13.145594952936392
      vertex 0.4093560975187142 -2.395657728653941 -6.148638193337194
      vertex -2.1911455581320523 -6.345175433463579 -13.145594952936392
    endloop
  endfacet
  facet normal -0.664957349286526 -0.5088609832242643 0.5467103651677659
    outer loop
      vertex -2.359881236171481 -6.039119705939412 -13.145594952936392
      vertex 0.04597550410523096 -1.872053596048106 -6.340804490484281
      vertex -2.5677616085567694 -5.767470697767968 -13.145594952936392
    endloop
  endfacet
  facet normal -0.7491800050305601 -0.4130404522896322 0.5178097187527344
    outer loop
      vertex -2.1911455581320523 -6.345175433463579 -13.145594952936392
      vertex 0.24482521480965055 -2.1259502889757207 -6.255629143659129
      vertex -2.359881236171481 -6.039119705939412 -13.145594952936392
    endloop
  endfacet
  facet normal -0.8908718926168097 0.4526824654298478 0.03776051426686653
    outer loop
      vertex -2.439304887326165 -9.324999999999992 -13.145594952936392
      vertex 0.44744645862196103 -4.324999999999997 -4.98062914365913
      vertex 0.564435683623072 -4.078737511366399 -5.172795440806216
    endloop
  endfacet
  facet normal -0.9512926599492836 0.24617303909071034 0.1855831618209491
    outer loop
      vertex -2.110394287357652 -8.581531843780812 -13.145594952936392
      vertex 0.6416374568946663 -3.8148730386933996 -5.361673719330553
      vertex 0.6777308346916926 -3.537921376265486 -5.544032219519636
    endloop
  endfacet
  facet normal -0.9290302589361704 0.35244295056014335 0.112635449932303
    outer loop
      vertex -2.2543746164109475 -8.96106016792379 -13.145594952936392
      vertex 0.564435683623072 -4.078737511366399 -5.172795440806216
      vertex 0.6416374568946663 -3.8148730386933996 -5.361673719330553
    endloop
  endfacet
  facet normal -0.769739678037912 0.6283423298430872 -0.11263544993230351
    outer loop
      vertex -2.918711897532493 -9.98157901325629 -13.145594952936392
      vertex 0.10275905011143902 -4.748237818343719 -4.5995845679877085
      vertex 0.2926714999666444 -4.5494468851368115 -4.7884628465120445
    endloop
  endfacet
  facet normal -0.837470461218424 0.5451764578087556 -0.03776051426686635
    outer loop
      vertex -2.662020891895588 -9.667124228579409 -13.145594952936392
      vertex 0.2926714999666444 -4.5494468851368115 -4.7884628465120445
      vertex 0.44744645862196103 -4.324999999999997 -4.98062914365913
    endloop
  endfacet
  facet normal -0.9202891746923015 -0.09030799326474116 0.3806734838370778
    outer loop
      vertex -1.9819375661270486 -7.039061146012841 -13.145594952936392
      vertex 0.6248360758562694 -2.963854205700279 -5.876874009680767
      vertex 0.536752983212692 -2.6765611460128444 -6.02166228434198
    endloop
  endfacet
  facet normal -0.7491800050305598 -0.4130404522896327 0.5178097187527344
    outer loop
      vertex -2.359881236171481 -6.039119705939412 -13.145594952936392
      vertex 0.24482521480965055 -2.1259502889757207 -6.255629143659129
      vertex 0.04597550410523096 -1.872053596048106 -6.340804490484281
    endloop
  endfacet
  facet normal -0.877947541861589 -0.20195811868434063 0.4340749152354641
    outer loop
      vertex -2.0644416886721046 -6.68040118198785 -13.145594952936392
      vertex 0.536752983212692 -2.6765611460128444 -6.02166228434198
      vertex 0.4093560975187142 -2.395657728653941 -6.148638193337194
    endloop
  endfacet
  facet normal -0.8205839831765808 -0.310152684699879 0.4800492044858677
    outer loop
      vertex -2.1911455581320523 -6.345175433463579 -13.145594952936392
      vertex 0.4093560975187142 -2.395657728653941 -6.148638193337194
      vertex 0.24482521480965055 -2.1259502889757207 -6.255629143659129
    endloop
  endfacet
  facet normal -0.2886751345948136 -0.4999999999999992 -0.8164965809277264
    outer loop
      vertex -1.877602918580427 -5.203789156482867 -3.62045379683398
      vertex 0.04597550410523096 -1.872053596048106 -6.340804490484281
      vertex -1.5582970772160463 -5.2490497110242735 -3.7056291436591318
    endloop
  endfacet
  facet normal -0.28867513459481314 -0.4999999999999994 -0.8164965809277263
    outer loop
      vertex -2.5047958331575795 -5.004117225938007 -3.520981201776988
      vertex -0.440541917457876 -1.4287245642231186 -6.440277085541273
      vertex -2.1949122541296098 -5.121676672330871 -3.558551427304858
    endloop
  endfacet
  facet normal -0.28867513459481225 -0.49999999999999983 -0.8164965809277264
    outer loop
      vertex -2.1949122541296098 -5.121676672330871 -3.558551427304858
      vertex -0.18379066091283616 -1.6383118926805516 -6.402706860013403
      vertex -1.877602918580427 -5.203789156482867 -3.62045379683398
    endloop
  endfacet
  facet normal -0.2886751345948123 -0.4999999999999996 -0.8164965809277264
    outer loop
      vertex -1.5582970772160463 -5.2490497110242735 -3.7056291436591318
      vertex 0.24482521480965055 -2.1259502889757207 -6.255629143659129
      vertex -1.242458141510516 -5.25668391531829 -3.8126200939810664
    endloop
  endfacet
  facet normal -0.28867513459481203 -0.4999999999999999 -0.8164965809277265
    outer loop
      vertex -1.242458141510516 -5.25668391531829 -3.8126200939810664
      vertex 0.4093560975187142 -2.395657728653941 -6.148638193337194
      vertex -0.9354902032208542 -5.226561146012846 -3.9395960029762804
    endloop
  endfacet
  facet normal -0.2886751345948123 -0.49999999999999983 -0.8164965809277264
    outer loop
      vertex -0.9354902032208542 -5.226561146012846 -3.9395960029762804
      vertex 0.536752983212692 -2.6765611460128444 -6.02166228434198
      vertex -0.6426455688787882 -5.159196812042365 -4.0843842776374935
    endloop
  endfacet
  facet normal 0.1416918875862503 -0.8657229177194807 0.48004920448586774
    outer loop
      vertex -4.39951033778237 -5.070175433463579 -13.145594952936392
      vertex -1.963539564840668 -0.8509502889757208 -6.255629143659129
      vertex -2.279378500546198 -0.843316084681704 -6.148638193337194
    endloop
  endfacet
  facet normal 0.016886478041844427 -0.8553291425086347 0.5178097187527344
    outer loop
      vertex -4.050090463752999 -5.063276953408433 -13.145594952936392
      vertex -1.644233723476287 -0.8962108435171272 -6.340804490484281
      vertex -1.963539564840668 -0.8509502889757208 -6.255629143659129
    endloop
  endfacet
  facet normal -0.23145073913828712 -0.7910650836691377 0.5662566456580271
    outer loop
      vertex -3.387728675922336 -5.202034608633262 -13.145594952936392
      vertex -1.0170408088991345 -1.0958827740619872 -6.440277085541273
      vertex -1.3269243879271042 -0.9783233276691234 -6.402706860013403
    endloop
  endfacet
  facet normal -0.10820786382367646 -0.8303004485274258 0.5467103651677663
    outer loop
      vertex -3.710895335571038 -5.10748213275654 -13.145594952936392
      vertex -1.3269243879271042 -0.9783233276691234 -6.402706860013403
      vertex -1.644233723476287 -0.8962108435171272 -6.340804490484281
    endloop
  endfacet
  facet normal -0.35073342813596914 -0.7382943759045957 0.5761141179450773
    outer loop
      vertex -3.0861199559522072 -5.3453165619614476 -13.145594952936392
      vertex -0.719885180345506 -1.2468777079743003 -6.452872330092675
      vertex -1.0170408088991345 -1.0958827740619872 -6.440277085541273
    endloop
  endfacet
  facet normal -0.5693570889351927 -0.5959747616530102 0.5662566456580275
    outer loop
      vertex -2.5677616085567694 -5.767470697767968 -13.145594952936392
      vertex -0.18379066091283616 -1.6383118926805516 -6.402706860013403
      vertex -0.440541917457876 -1.4287245642231186 -6.440277085541273
    endloop
  endfacet
  facet normal -0.46401497093657307 -0.6728912466744509 0.5761141179450773
    outer loop
      vertex -2.811229784481077 -5.534876398794394 -13.145594952936392
      vertex -0.440541917457876 -1.4287245642231186 -6.440277085541273
      vertex -0.719885180345506 -1.2468777079743003 -6.452872330092675
    endloop
  endfacet
  facet normal -0.6649573492865266 -0.5088609832242639 0.5467103651677657
    outer loop
      vertex -2.5677616085567694 -5.767470697767968 -13.145594952936392
      vertex 0.04597550410523096 -1.872053596048106 -6.340804490484281
      vertex -0.18379066091283616 -1.6383118926805516 -6.402706860013403
    endloop
  endfacet
  facet normal -0.28867513459481237 -0.4999999999999997 -0.8164965809277263
    outer loop
      vertex -3.7666618568663646 -3.974049711024273 -3.7056291436591318
      vertex -1.963539564840668 -0.8509502889757208 -6.255629143659129
      vertex -3.567812146161945 -4.227946403951888 -3.62045379683398
    endloop
  endfacet
  facet normal -0.28867513459481275 -0.4999999999999996 -0.8164965809277264
    outer loop
      vertex -3.567812146161945 -4.227946403951888 -3.62045379683398
      vertex -1.644233723476287 -0.8962108435171272 -6.340804490484281
      vertex -3.338045981143878 -4.461688107319443 -3.558551427304858
    endloop
  endfacet
  facet normal -0.28867513459481203 -0.4999999999999998 -0.8164965809277264
    outer loop
      vertex -3.9311927395754283 -3.7043422713460528 -3.8126200939810664
      vertex -2.58634643883586 -0.8734388539871487 -6.02166228434198
      vertex -2.279378500546198 -0.843316084681704 -6.148638193337194
    endloop
  endfacet
  facet normal -0.28867513459481203 -0.5000000000000001 -0.8164965809277264
    outer loop
      vertex -4.0585896252694065 -3.4234388539871494 -3.9395960029762804
      vertex -2.879191073177926 -0.9408031879576297 -5.876874009680767
      vertex -2.58634643883586 -0.8734388539871487 -6.02166228434198
    endloop
  endfacet
  facet normal -0.2886751345948121 -0.4999999999999997 -0.8164965809277264
    outer loop
      vertex -3.7666618568663646 -3.974049711024273 -3.7056291436591318
      vertex -2.279378500546198 -0.843316084681704 -6.148638193337194
      vertex -1.963539564840668 -0.8509502889757208 -6.255629143659129
    endloop
  endfacet
  facet normal -0.2886751345948119 -0.5000000000000001 -0.8164965809277263
    outer loop
      vertex -3.338045981143878 -4.461688107319443 -3.558551427304858
      vertex -1.644233723476287 -0.8962108435171272 -6.340804490484281
      vertex -1.3269243879271042 -0.9783233276691234 -6.402706860013403
    endloop
  endfacet
  facet normal -0.2886751345948139 -0.499999999999999 -0.8164965809277263
    outer loop
      vertex -3.567812146161945 -4.227946403951888 -3.62045379683398
      vertex -1.963539564840668 -0.8509502889757208 -6.255629143659129
      vertex -1.644233723476287 -0.8962108435171272 -6.340804490484281
    endloop
  endfacet
  facet normal -0.28867513459481237 -0.5 -0.8164965809277263
    outer loop
      vertex -3.081294724598838 -4.6712754357768755 -3.520981201776988
      vertex -1.3269243879271042 -0.9783233276691234 -6.402706860013403
      vertex -1.0170408088991345 -1.0958827740619872 -6.440277085541273
    endloop
  endfacet
  facet normal -0.28867513459481214 -0.4999999999999997 -0.8164965809277264
    outer loop
      vertex -2.5047958331575795 -5.004117225938007 -3.520981201776988
      vertex -0.719885180345506 -1.2468777079743003 -6.452872330092675
      vertex -0.440541917457876 -1.4287245642231186 -6.440277085541273
    endloop
  endfacet
  facet normal -0.28867513459481214 -0.4999999999999997 -0.8164965809277266
    outer loop
      vertex -2.8019514617112082 -4.853122292025694 -3.508385957225586
      vertex -1.0170408088991345 -1.0958827740619872 -6.440277085541273
      vertex -0.719885180345506 -1.2468777079743003 -6.452872330092675
    endloop
  endfacet
  facet normal -0.2886751345948132 -0.4999999999999995 -0.8164965809277263
    outer loop
      vertex -1.877602918580427 -5.203789156482867 -3.62045379683398
      vertex -0.18379066091283616 -1.6383118926805516 -6.402706860013403
      vertex 0.04597550410523096 -1.872053596048106 -6.340804490484281
    endloop
  endfacet
  facet normal -0.2886751345948139 -0.4999999999999989 -0.8164965809277263
    outer loop
      vertex -2.1949122541296098 -5.121676672330871 -3.558551427304858
      vertex -0.440541917457876 -1.4287245642231186 -6.440277085541273
      vertex -0.18379066091283616 -1.6383118926805516 -6.402706860013403
    endloop
  endfacet
  facet normal -0.2886751345948108 -0.5000000000000009 -0.8164965809277263
    outer loop
      vertex -1.5582970772160463 -5.2490497110242735 -3.7056291436591318
      vertex 0.04597550410523096 -1.872053596048106 -6.340804490484281
      vertex 0.24482521480965055 -2.1259502889757207 -6.255629143659129
    endloop
  endfacet
  facet normal -0.9572781798025113 0.13569103867037116 0.2553554943574675
    outer loop
      vertex -1.9543948114643452 -7.801840670805879 -13.145594952936392
      vertex 0.6777308346916926 -3.537921376265486 -5.544032219519636
      vertex 0.672098249313068 -3.2526212438123077 -5.716750736875903
    endloop
  endfacet
  facet normal -0.9468844045916652 0.022887326957721475 0.32075862358761
    outer loop
      vertex -1.9450448589080933 -7.415018554114754 -13.145594952936392
      vertex 0.672098249313068 -3.2526212438123077 -5.716750736875903
      vertex 0.6248360758562694 -2.963854205700279 -5.876874009680767
    endloop
  endfacet
  facet normal -0.2886751345948071 -0.5000000000000026 -0.8164965809277265
    outer loop
      vertex 0.10275905011143902 -4.748237818343719 -4.5995845679877085
      vertex 0.6416374568946663 -3.8148730386933996 -5.361673719330553
      vertex 0.564435683623072 -4.078737511366399 -5.172795440806216
    endloop
  endfacet
  facet normal -0.28867513459481486 -0.4999999999999982 -0.8164965809277264
    outer loop
      vertex -0.11904143627295308 -4.917971431638289 -4.417226067798625
      vertex 0.6777308346916926 -3.537921376265486 -5.544032219519636
      vertex 0.6416374568946663 -3.8148730386933996 -5.361673719330553
    endloop
  endfacet
  facet normal -0.28867513459481364 -0.49999999999999895 -0.8164965809277264
    outer loop
      vertex -0.11904143627295308 -4.917971431638289 -4.417226067798625
      vertex -0.368934891369783 -5.055743535838005 -4.244507550442358
      vertex 0.672098249313068 -3.2526212438123077 -5.716750736875903
    endloop
  endfacet
  facet normal -0.2886751345948132 -0.49999999999999933 -0.8164965809277263
    outer loop
      vertex -0.6426455688787882 -5.159196812042365 -4.0843842776374935
      vertex 0.6248360758562694 -2.963854205700279 -5.876874009680767
      vertex -0.368934891369783 -5.055743535838005 -4.244507550442358
    endloop
  endfacet
  facet normal -0.2886751345948172 -0.4999999999999968 -0.8164965809277264
    outer loop
      vertex -0.11904143627295308 -4.917971431638289 -4.417226067798625
      vertex 0.6416374568946663 -3.8148730386933996 -5.361673719330553
      vertex 0.10275905011143902 -4.748237818343719 -4.5995845679877085
    endloop
  endfacet
  facet normal -0.288675134594809 -0.5000000000000011 -0.8164965809277267
    outer loop
      vertex 0.10275905011143902 -4.748237818343719 -4.5995845679877085
      vertex 0.564435683623072 -4.078737511366399 -5.172795440806216
      vertex 0.2926714999666444 -4.5494468851368115 -4.7884628465120445
    endloop
  endfacet
  facet normal -0.2886751345948055 -0.5000000000000037 -0.8164965809277264
    outer loop
      vertex 0.2926714999666444 -4.5494468851368115 -4.7884628465120445
      vertex 0.564435683623072 -4.078737511366399 -5.172795440806216
      vertex 0.44744645862196103 -4.324999999999997 -4.98062914365913
    endloop
  endfacet
  facet normal -0.2886751345948128 -0.4999999999999997 -0.8164965809277263
    outer loop
      vertex -1.242458141510516 -5.25668391531829 -3.8126200939810664
      vertex 0.24482521480965055 -2.1259502889757207 -6.255629143659129
      vertex 0.4093560975187142 -2.395657728653941 -6.148638193337194
    endloop
  endfacet
  facet normal -0.2886751345948134 -0.49999999999999917 -0.8164965809277264
    outer loop
      vertex -0.9354902032208542 -5.226561146012846 -3.9395960029762804
      vertex 0.4093560975187142 -2.395657728653941 -6.148638193337194
      vertex 0.536752983212692 -2.6765611460128444 -6.02166228434198
    endloop
  endfacet
  facet normal -0.288675134594812 -0.5 -0.8164965809277264
    outer loop
      vertex -0.11904143627295308 -4.917971431638289 -4.417226067798625
      vertex 0.672098249313068 -3.2526212438123077 -5.716750736875903
      vertex 0.6777308346916926 -3.537921376265486 -5.544032219519636
    endloop
  endfacet
  facet normal -0.2886751345948128 -0.49999999999999956 -0.8164965809277264
    outer loop
      vertex -0.368934891369783 -5.055743535838005 -4.244507550442358
      vertex 0.6248360758562694 -2.963854205700279 -5.876874009680767
      vertex 0.672098249313068 -3.2526212438123077 -5.716750736875903
    endloop
  endfacet
  facet normal -0.28867513459481375 -0.4999999999999991 -0.8164965809277263
    outer loop
      vertex -0.6426455688787882 -5.159196812042365 -4.0843842776374935
      vertex 0.536752983212692 -2.6765611460128444 -6.02166228434198
      vertex 0.6248360758562694 -2.963854205700279 -5.876874009680767
    endloop
  endfacet
  facet normal -0.28867513459481436 -0.5 -0.8164965809277255
    outer loop
      vertex -4.199567476748407 -2.562078623734508 -4.417226067798625
      vertex -4.16347409895138 -2.2851269613065948 -4.5995845679877085
      vertex -4.193934891369782 -2.8473787561876867 -4.244507550442358
    endloop
  endfacet
  facet normal -0.28867513459481275 -0.49999999999999967 -0.8164965809277264
    outer loop
      vertex -3.338045981143878 -4.461688107319443 -3.558551427304858
      vertex -1.3269243879271042 -0.9783233276691234 -6.402706860013403
      vertex -3.081294724598838 -4.6712754357768755 -3.520981201776988
    endloop
  endfacet
  facet normal -0.2886751345948136 -0.49999999999999906 -0.8164965809277264
    outer loop
      vertex -2.8019514617112082 -4.853122292025694 -3.508385957225586
      vertex -3.081294724598838 -4.6712754357768755 -3.520981201776988
      vertex -1.0170408088991345 -1.0958827740619872 -6.440277085541273
    endloop
  endfacet
  facet normal -0.2886751345948116 -0.5000000000000002 -0.8164965809277264
    outer loop
      vertex -2.8019514617112082 -4.853122292025694 -3.508385957225586
      vertex -0.719885180345506 -1.2468777079743003 -6.452872330092675
      vertex -2.5047958331575795 -5.004117225938007 -3.520981201776988
    endloop
  endfacet
  facet normal 0 0 -1
    outer loop
      vertex -7.104193775820914 -9.754824566536405 -13.145594952936392
      vertex -8.370933191619915 -11.322609106020149 -13.145594952936392
      vertex -8.645542236272322 -10.824518412206311 -13.145594952936392
    endloop
  endfacet
  facet normal 0 0 -1
    outer loop
      vertex -6.935458097781484 -10.06088029406057 -13.145594952936392
      vertex -8.032618075777194 -11.764704550691325 -13.145594952936392
      vertex -8.370933191619915 -11.322609106020149 -13.145594952936392
    endloop
  endfacet
  facet normal 0 0 -1
    outer loop
      vertex -7.313401767825917 -9.060938853987142 -13.145594952936392
      vertex -8.645542236272322 -10.824518412206311 -13.145594952936392
      vertex -8.851746572844393 -10.278954939117789 -13.145594952936392
    endloop
  endfacet
  facet normal 0 0 -1
    outer loop
      vertex -7.23089764528086 -9.419598818012133 -13.145594952936392
      vertex -7.104193775820914 -9.754824566536405 -13.145594952936392
      vertex -8.645542236272322 -10.824518412206311 -13.145594952936392
    endloop
  endfacet
  facet normal 0 0 -1
    outer loop
      vertex -7.23089764528086 -9.419598818012133 -13.145594952936392
      vertex -8.645542236272322 -10.824518412206311 -13.145594952936392
      vertex -7.313401767825917 -9.060938853987142 -13.145594952936392
    endloop
  endfacet
  facet normal 0 0 -1
    outer loop
      vertex -6.727577725396195 -10.332529302232015 -13.145594952936392
      vertex -7.636385554174888 -12.143240370589496 -13.145594952936392
      vertex -8.032618075777194 -11.764704550691325 -13.145594952936392
    endloop
  endfacet
  facet normal 0 0 -1
    outer loop
      vertex -6.209219378000758 -10.754683438038533 -13.145594952936392
      vertex -7.189015275114029 -12.451739712886248 -13.145594952936392
      vertex -7.636385554174888 -12.143240370589496 -13.145594952936392
    endloop
  endfacet
  facet normal 0 0 -1
    outer loop
      vertex -5.584443998381928 -10.992517867243443 -13.145594952936392
      vertex -6.698161868103821 -12.68492406830271 -13.145594952936392
      vertex -7.189015275114029 -12.451739712886248 -13.145594952936392
    endloop
  endfacet
  facet normal 0 0 -1
    outer loop
      vertex -6.209219378000758 -10.754683438038533 -13.145594952936392
      vertex -5.90761065803063 -10.897965391366721 -13.145594952936392
      vertex -7.189015275114029 -12.451739712886248 -13.145594952936392
    endloop
  endfacet
  facet normal 0 0 -1
    outer loop
      vertex -5.584443998381928 -10.992517867243443 -13.145594952936392
      vertex -7.189015275114029 -12.451739712886248 -13.145594952936392
      vertex -5.90761065803063 -10.897965391366721 -13.145594952936392
    endloop
  endfacet
  facet normal 0 0 -1
    outer loop
      vertex -6.727577725396195 -10.332529302232015 -13.145594952936392
      vertex -8.032618075777194 -11.764704550691325 -13.145594952936392
      vertex -6.935458097781484 -10.06088029406057 -13.145594952936392
    endloop
  endfacet
  facet normal 0 0 -1
    outer loop
      vertex -6.727577725396195 -10.332529302232015 -13.145594952936392
      vertex -6.484109549471889 -10.56512360120559 -13.145594952936392
      vertex -7.636385554174888 -12.143240370589496 -13.145594952936392
    endloop
  endfacet
  facet normal 0 0 -1
    outer loop
      vertex -7.104193775820914 -9.754824566536405 -13.145594952936392
      vertex -6.935458097781484 -10.06088029406057 -13.145594952936392
      vertex -8.370933191619915 -11.322609106020149 -13.145594952936392
    endloop
  endfacet
  facet normal 0 0 -1
    outer loop
      vertex -6.484109549471889 -10.56512360120559 -13.145594952936392
      vertex -6.209219378000758 -10.754683438038533 -13.145594952936392
      vertex -7.636385554174888 -12.143240370589496 -13.145594952936392
    endloop
  endfacet
  facet normal 0 0 -1
    outer loop
      vertex -7.313401767825917 -9.060938853987142 -13.145594952936392
      vertex -8.851746572844393 -10.278954939117789 -13.145594952936392
      vertex -8.98601798796674 -9.695253429037905 -13.145594952936392
    endloop
  endfacet
  facet normal 0 0 -1
    outer loop
      vertex -7.313401767825917 -9.060938853987142 -13.145594952936392
      vertex -8.98601798796674 -9.695253429037905 -13.145594952936392
      vertex -9.04605906049955 -9.083401176636752 -13.145594952936392
    endloop
  endfacet
  facet normal 0 0 -1
    outer loop
      vertex -7.313401767825917 -9.060938853987142 -13.145594952936392
      vertex -9.04605906049955 -9.083401176636752 -13.145594952936392
      vertex -9.030842471045256 -8.45386714359041 -13.145594952936392
    endloop
  endfacet
  facet normal 0 0 -1
    outer loop
      vertex -7.313401767825917 -9.060938853987142 -13.145594952936392
      vertex -9.030842471045256 -8.45386714359041 -13.145594952936392
      vertex -8.940628579668259 -7.817422831744109 -13.145594952936392
    endloop
  endfacet
  facet normal 0 0 -1
    outer loop
      vertex -7.313401767825917 -9.060938853987142 -13.145594952936392
      vertex -8.776960971062032 -7.184957979729241 -13.145594952936392
      vertex -7.350294475044873 -8.68498144588523 -13.145594952936392
    endloop
  endfacet
  facet normal 0 0 -1
    outer loop
      vertex -7.313401767825917 -9.060938853987142 -13.145594952936392
      vertex -8.940628579668259 -7.817422831744109 -13.145594952936392
      vertex -8.776960971062032 -7.184957979729241 -13.145594952936392
    endloop
  endfacet
  facet normal 0 0 -1
    outer loop
      vertex -7.350294475044873 -8.68498144588523 -13.145594952936392
      vertex -8.776960971062032 -7.184957979729241 -13.145594952936392
      vertex -7.340944522488621 -8.298159329194103 -13.145594952936392
    endloop
  endfacet
  facet normal 0 0 -1
    outer loop
      vertex -7.340944522488621 -8.298159329194103 -13.145594952936392
      vertex -8.776960971062032 -7.184957979729241 -13.145594952936392
      vertex -7.285511890437694 -7.9070911375777015 -13.145594952936392
    endloop
  endfacet
  facet normal 0 0 -1
    outer loop
      vertex -7.285511890437694 -7.9070911375777015 -13.145594952936392
      vertex -8.542640043387062 -6.567294236516161 -13.145594952936392
      vertex -7.184945046595312 -7.518468156219169 -13.145594952936392
    endloop
  endfacet
  facet normal 0 0 -1
    outer loop
      vertex -7.285511890437694 -7.9070911375777015 -13.145594952936392
      vertex -8.776960971062032 -7.184957979729241 -13.145594952936392
      vertex -8.542640043387062 -6.567294236516161 -13.145594952936392
    endloop
  endfacet
  facet normal 0 0 -1
    outer loop
      vertex -7.184945046595312 -7.518468156219169 -13.145594952936392
      vertex -8.542640043387062 -6.567294236516161 -13.145594952936392
      vertex -8.241675092681904 -5.974999999999991 -13.145594952936392
    endloop
  endfacet
  facet normal 0 0 -1
    outer loop
      vertex -7.184945046595312 -7.518468156219169 -13.145594952936392
      vertex -7.461463683914742 -4.90644984117111 -13.145594952936392
      vertex -7.0409647175420185 -7.138939832076192 -13.145594952936392
    endloop
  endfacet
  facet normal 0 0 -1
    outer loop
      vertex -4.895828996170596 -11.029824566536405 -13.145594952936392
      vertex -6.172223971028482 -12.838803587866787 -13.145594952936392
      vertex -6.698161868103821 -12.68492406830271 -13.145594952936392
    endloop
  endfacet
  facet normal 0 0 -1
    outer loop
      vertex -5.584443998381928 -10.992517867243443 -13.145594952936392
      vertex -5.245248870199966 -11.036723046591549 -13.145594952936392
      vertex -6.698161868103821 -12.68492406830271 -13.145594952936392
    endloop
  endfacet
  facet normal 0 0 -1
    outer loop
      vertex -5.245248870199966 -11.036723046591549 -13.145594952936392
      vertex -4.895828996170596 -11.029824566536405 -13.145594952936392
      vertex -6.698161868103821 -12.68492406830271 -13.145594952936392
    endloop
  endfacet
  facet normal 0 0 -1
    outer loop
      vertex -4.895828996170596 -11.029824566536405 -13.145594952936392
      vertex -4.542163047215948 -10.971940461984369 -13.145594952936392
      vertex -6.172223971028482 -12.838803587866787 -13.145594952936392
    endloop
  endfacet
  facet normal 0 0 -1
    outer loop
      vertex -3.20498584996224 -10.262983945481484 -13.145594952936392
      vertex -5.6202005271245055 -12.910745350335272 -13.145594952936392
      vertex -6.172223971028482 -12.838803587866787 -13.145594952936392
    endloop
  endfacet
  facet normal 0 0 -1
    outer loop
      vertex -4.542163047215948 -10.971940461984369 -13.145594952936392
      vertex -4.190302345777365 -10.864061146012837 -13.145594952936392
      vertex -6.172223971028482 -12.838803587866787 -13.145594952936392
    endloop
  endfacet
  facet normal 0 0 -1
    outer loop
      vertex -4.190302345777365 -10.864061146012837 -13.145594952936392
      vertex -3.8462673260106777 -10.708032463627879 -13.145594952936392
      vertex -6.172223971028482 -12.838803587866787 -13.145594952936392
    endloop
  endfacet
  facet normal 0 0 -1
    outer loop
      vertex -3.20498584996224 -10.262983945481484 -13.145594952936392
      vertex -5.051536810566901 -12.89951841220631 -13.145594952936392
      vertex -5.6202005271245055 -12.910745350335272 -13.145594952936392
    endloop
  endfacet
  facet normal 0 0 -1
    outer loop
      vertex -3.8462673260106777 -10.708032463627879 -13.145594952936392
      vertex -3.515944522488621 -10.506524108844422 -13.145594952936392
      vertex -6.172223971028482 -12.838803587866787 -13.145594952936392
    endloop
  endfacet
  facet normal 0 0 -1
    outer loop
      vertex -3.20498584996224 -10.262983945481484 -13.145594952936392
      vertex -4.475962815209338 -12.805314869503981 -13.145594952936392
      vertex -5.051536810566901 -12.89951841220631 -13.145594952936392
    endloop
  endfacet
  facet normal 0 0 -1
    outer loop
      vertex -3.20498584996224 -10.262983945481484 -13.145594952936392
      vertex -3.903326771691645 -12.629746570962077 -13.145594952936392
      vertex -4.475962815209338 -12.805314869503981 -13.145594952936392
    endloop
  endfacet
  facet normal 0 0 -1
    outer loop
      vertex -3.20498584996224 -10.262983945481484 -13.145594952936392
      vertex -3.3434266414831137 -12.37581753884538 -13.145594952936392
      vertex -3.903326771691645 -12.629746570962077 -13.145594952936392
    endloop
  endfacet
  facet normal 0 0 -1
    outer loop
      vertex -3.515944522488621 -10.506524108844422 -13.145594952936392
      vertex -3.20498584996224 -10.262983945481484 -13.145594952936392
      vertex -6.172223971028482 -12.838803587866787 -13.145594952936392
    endloop
  endfacet
  facet normal 0 0 -1
    outer loop
      vertex -7.184945046595312 -7.518468156219169 -13.145594952936392
      vertex -8.241675092681904 -5.974999999999991 -13.145594952936392
      vertex -7.879215712696371 -5.418209588782508 -13.145594952936392
    endloop
  endfacet
  facet normal 0 0 -1
    outer loop
      vertex -7.184945046595312 -7.518468156219169 -13.145594952936392
      vertex -7.879215712696371 -5.418209588782508 -13.145594952936392
      vertex -7.461463683914742 -4.90644984117111 -13.145594952936392
    endloop
  endfacet
  facet normal 0 0 -1
    outer loop
      vertex -7.0409647175420185 -7.138939832076192 -13.145594952936392
      vertex -7.461463683914742 -4.90644984117111 -13.145594952936392
      vertex -6.8560344466268015 -6.7749999999999915 -13.145594952936392
    endloop
  endfacet
  facet normal 0 0 -1
    outer loop
      vertex -6.8560344466268015 -6.7749999999999915 -13.145594952936392
      vertex -7.461463683914742 -4.90644984117111 -13.145594952936392
      vertex -6.995566859372212 -4.448477108334033 -13.145594952936392
    endloop
  endfacet
  facet normal 0 0 -1
    outer loop
      vertex -6.8560344466268015 -6.7749999999999915 -13.145594952936392
      vertex -6.995566859372212 -4.448477108334033 -13.145594952936392
      vertex -6.633318442057378 -6.4328757714205755 -13.145594952936392
    endloop
  endfacet
  facet normal 0 0 -1
    outer loop
      vertex -6.633318442057378 -6.4328757714205755 -13.145594952936392
      vertex -6.995566859372212 -4.448477108334033 -13.145594952936392
      vertex -6.376627436420471 -6.118420986743689 -13.145594952936392
    endloop
  endfacet
  facet normal 0 0 -1
    outer loop
      vertex -6.376627436420471 -6.118420986743689 -13.145594952936392
      vertex -6.995566859372212 -4.448477108334033 -13.145594952936392
      vertex -6.48949686290771 -4.052127430704153 -13.145594952936392
    endloop
  endfacet
  facet normal 0 0 -1
    outer loop
      vertex -6.376627436420471 -6.118420986743689 -13.145594952936392
      vertex -6.48949686290771 -4.052127430704153 -13.145594952936392
      vertex -6.090353483990726 -5.8370160545185 -13.145594952936392
    endloop
  endfacet
  facet normal 0 0 -1
    outer loop
      vertex -6.090353483990726 -5.8370160545185 -13.145594952936392
      vertex -6.48949686290771 -4.052127430704153 -13.145594952936392
      vertex -5.7793948114643445 -5.593475891155561 -13.145594952936392
    endloop
  endfacet
  facet normal 0 0 -1
    outer loop
      vertex -5.7793948114643445 -5.593475891155561 -13.145594952936392
      vertex -5.951912692469851 -3.7241824611546037 -13.145594952936392
      vertex -5.449072007942288 -5.391967536372104 -13.145594952936392
    endloop
  endfacet
  facet normal 0 0 -1
    outer loop
      vertex -5.7793948114643445 -5.593475891155561 -13.145594952936392
      vertex -6.48949686290771 -4.052127430704153 -13.145594952936392
      vertex -5.951912692469851 -3.7241824611546037 -13.145594952936392
    endloop
  endfacet
  facet normal 0 0 -1
    outer loop
      vertex -5.449072007942288 -5.391967536372104 -13.145594952936392
      vertex -5.951912692469851 -3.7241824611546037 -13.145594952936392
      vertex -5.1050369881756 -5.235938853987145 -13.145594952936392
    endloop
  endfacet
  facet normal 0 0 -1
    outer loop
      vertex -5.1050369881756 -5.235938853987145 -13.145594952936392
      vertex -5.951912692469851 -3.7241824611546037 -13.145594952936392
      vertex -5.39201256226132 -3.4702534290379052 -13.145594952936392
    endloop
  endfacet
  facet normal 0 0 -1
    outer loop
      vertex -5.1050369881756 -5.235938853987145 -13.145594952936392
      vertex -5.39201256226132 -3.4702534290379052 -13.145594952936392
      vertex -4.753176286737016 -5.128059538015613 -13.145594952936392
    endloop
  endfacet
  facet normal 0 0 -1
    outer loop
      vertex -4.753176286737016 -5.128059538015613 -13.145594952936392
      vertex -5.39201256226132 -3.4702534290379052 -13.145594952936392
      vertex -4.39951033778237 -5.070175433463579 -13.145594952936392
    endloop
  endfacet
  facet normal 0 0 -1
    outer loop
      vertex -4.39951033778237 -5.070175433463579 -13.145594952936392
      vertex -5.39201256226132 -3.4702534290379052 -13.145594952936392
      vertex -4.819376518743628 -3.294685130496002 -13.145594952936392
    endloop
  endfacet
  facet normal 0 0 -1
    outer loop
      vertex -4.39951033778237 -5.070175433463579 -13.145594952936392
      vertex -4.819376518743628 -3.294685130496002 -13.145594952936392
      vertex -4.050090463752999 -5.063276953408433 -13.145594952936392
    endloop
  endfacet
  facet normal 0 0 -1
    outer loop
      vertex -4.050090463752999 -5.063276953408433 -13.145594952936392
      vertex -4.243802523386064 -3.200481587793672 -13.145594952936392
      vertex -3.710895335571038 -5.10748213275654 -13.145594952936392
    endloop
  endfacet
  facet normal 0 0 -1
    outer loop
      vertex -4.050090463752999 -5.063276953408433 -13.145594952936392
      vertex -4.819376518743628 -3.294685130496002 -13.145594952936392
      vertex -4.243802523386064 -3.200481587793672 -13.145594952936392
    endloop
  endfacet
  facet normal 0 0 -1
    outer loop
      vertex -3.710895335571038 -5.10748213275654 -13.145594952936392
      vertex -4.243802523386064 -3.200481587793672 -13.145594952936392
      vertex -3.387728675922336 -5.202034608633262 -13.145594952936392
    endloop
  endfacet
  facet normal 0 0 -1
    outer loop
      vertex -3.387728675922336 -5.202034608633262 -13.145594952936392
      vertex -3.675138806828461 -3.1892546496647105 -13.145594952936392
      vertex -3.0861199559522072 -5.3453165619614476 -13.145594952936392
    endloop
  endfacet
  facet normal 0 0 -1
    outer loop
      vertex -2.811229784481077 -5.534876398794394 -13.145594952936392
      vertex -3.0861199559522072 -5.3453165619614476 -13.145594952936392
      vertex -3.675138806828461 -3.1892546496647105 -13.145594952936392
    endloop
  endfacet
  facet normal 0 0 -1
    outer loop
      vertex -3.387728675922336 -5.202034608633262 -13.145594952936392
      vertex -4.243802523386064 -3.200481587793672 -13.145594952936392
      vertex -3.675138806828461 -3.1892546496647105 -13.145594952936392
    endloop
  endfacet
  facet normal 0 0 -1
    outer loop
      vertex -2.811229784481077 -5.534876398794394 -13.145594952936392
      vertex -3.675138806828461 -3.1892546496647105 -13.145594952936392
      vertex -3.123115362924483 -3.261196412133196 -13.145594952936392
    endloop
  endfacet
  facet normal 0 0 -1
    outer loop
      vertex -3.20498584996224 -10.262983945481484 -13.145594952936392
      vertex -2.805842471045257 -12.047872569295832 -13.145594952936392
      vertex -3.3434266414831137 -12.37581753884538 -13.145594952936392
    endloop
  endfacet
  facet normal 0 0 -1
    outer loop
      vertex -3.20498584996224 -10.262983945481484 -13.145594952936392
      vertex -2.2997724745807537 -11.65152289166595 -13.145594952936392
      vertex -2.805842471045257 -12.047872569295832 -13.145594952936392
    endloop
  endfacet
  facet normal 0 0 -1
    outer loop
      vertex -3.20498584996224 -10.262983945481484 -13.145594952936392
      vertex -2.918711897532493 -9.98157901325629 -13.145594952936392
      vertex -1.833875650038224 -11.193550158828872 -13.145594952936392
    endloop
  endfacet
  facet normal 0 0 -1
    outer loop
      vertex -3.20498584996224 -10.262983945481484 -13.145594952936392
      vertex -1.833875650038224 -11.193550158828872 -13.145594952936392
      vertex -2.2997724745807537 -11.65152289166595 -13.145594952936392
    endloop
  endfacet
  facet normal 0 0 -1
    outer loop
      vertex -2.918711897532493 -9.98157901325629 -13.145594952936392
      vertex -1.4161236212565949 -10.681790411217476 -13.145594952936392
      vertex -1.833875650038224 -11.193550158828872 -13.145594952936392
    endloop
  endfacet
  facet normal 0 0 -1
    outer loop
      vertex -2.918711897532493 -9.98157901325629 -13.145594952936392
      vertex -2.662020891895588 -9.667124228579409 -13.145594952936392
      vertex -1.4161236212565949 -10.681790411217476 -13.145594952936392
    endloop
  endfacet
  facet normal 0 0 -1
    outer loop
      vertex -2.662020891895588 -9.667124228579409 -13.145594952936392
      vertex -2.439304887326165 -9.324999999999992 -13.145594952936392
      vertex -1.0536642412710622 -10.124999999999991 -13.145594952936392
    endloop
  endfacet
  facet normal 0 0 -1
    outer loop
      vertex -2.662020891895588 -9.667124228579409 -13.145594952936392
      vertex -1.0536642412710622 -10.124999999999991 -13.145594952936392
      vertex -1.4161236212565949 -10.681790411217476 -13.145594952936392
    endloop
  endfacet
  facet normal 0 0 -1
    outer loop
      vertex -2.439304887326165 -9.324999999999992 -13.145594952936392
      vertex -2.2543746164109475 -8.96106016792379 -13.145594952936392
      vertex -0.7526992905659042 -9.532705763483822 -13.145594952936392
    endloop
  endfacet
  facet normal 0 0 -1
    outer loop
      vertex -2.359881236171481 -6.039119705939412 -13.145594952936392
      vertex -2.5677616085567694 -5.767470697767968 -13.145594952936392
      vertex -0.2644968629077095 -7.646132856409572 -13.145594952936392
    endloop
  endfacet
  facet normal 0 0 -1
    outer loop
      vertex -2.439304887326165 -9.324999999999992 -13.145594952936392
      vertex -0.7526992905659042 -9.532705763483822 -13.145594952936392
      vertex -1.0536642412710622 -10.124999999999991 -13.145594952936392
    endloop
  endfacet
  facet normal 0 0 -1
    outer loop
      vertex -2.2543746164109475 -8.96106016792379 -13.145594952936392
      vertex -2.110394287357652 -8.581531843780812 -13.145594952936392
      vertex -0.7526992905659042 -9.532705763483822 -13.145594952936392
    endloop
  endfacet
  facet normal 0 0 -1
    outer loop
      vertex -2.110394287357652 -8.581531843780812 -13.145594952936392
      vertex -0.5183783628909353 -8.915042020270743 -13.145594952936392
      vertex -0.7526992905659042 -9.532705763483822 -13.145594952936392
    endloop
  endfacet
  facet normal 0 0 -1
    outer loop
      vertex -2.110394287357652 -8.581531843780812 -13.145594952936392
      vertex -2.009827443515272 -8.19290886242228 -13.145594952936392
      vertex -0.5183783628909353 -8.915042020270743 -13.145594952936392
    endloop
  endfacet
  facet normal 0 0 -1
    outer loop
      vertex -2.009827443515272 -8.19290886242228 -13.145594952936392
      vertex -1.9543948114643452 -7.801840670805879 -13.145594952936392
      vertex -0.5183783628909353 -8.915042020270743 -13.145594952936392
    endloop
  endfacet
  facet normal 0 0 -1
    outer loop
      vertex -1.9543948114643452 -7.801840670805879 -13.145594952936392
      vertex -0.3547107542847079 -8.282577168255873 -13.145594952936392
      vertex -0.5183783628909353 -8.915042020270743 -13.145594952936392
    endloop
  endfacet
  facet normal 0 0 -1
    outer loop
      vertex -1.9543948114643452 -7.801840670805879 -13.145594952936392
      vertex -1.9450448589080933 -7.415018554114754 -13.145594952936392
      vertex -0.3547107542847079 -8.282577168255873 -13.145594952936392
    endloop
  endfacet
  facet normal 0 0 -1
    outer loop
      vertex -1.9819375661270486 -7.039061146012841 -13.145594952936392
      vertex -0.3547107542847079 -8.282577168255873 -13.145594952936392
      vertex -1.9450448589080933 -7.415018554114754 -13.145594952936392
    endloop
  endfacet
  facet normal 0 0 -1
    outer loop
      vertex -1.9819375661270486 -7.039061146012841 -13.145594952936392
      vertex -2.0644416886721046 -6.68040118198785 -13.145594952936392
      vertex -0.2644968629077095 -7.646132856409572 -13.145594952936392
    endloop
  endfacet
  facet normal 0 0 -1
    outer loop
      vertex -2.0644416886721046 -6.68040118198785 -13.145594952936392
      vertex -2.1911455581320523 -6.345175433463579 -13.145594952936392
      vertex -0.2644968629077095 -7.646132856409572 -13.145594952936392
    endloop
  endfacet
  facet normal 0 0 -1
    outer loop
      vertex -2.1911455581320523 -6.345175433463579 -13.145594952936392
      vertex -2.359881236171481 -6.039119705939412 -13.145594952936392
      vertex -0.2644968629077095 -7.646132856409572 -13.145594952936392
    endloop
  endfacet
  facet normal 0 0 -1
    outer loop
      vertex -2.811229784481077 -5.534876398794394 -13.145594952936392
      vertex -0.2492802734534152 -7.01659882336323 -13.145594952936392
      vertex -0.2644968629077095 -7.646132856409572 -13.145594952936392
    endloop
  endfacet
  facet normal 0 0 -1
    outer loop
      vertex -1.9819375661270486 -7.039061146012841 -13.145594952936392
      vertex -0.2644968629077095 -7.646132856409572 -13.145594952936392
      vertex -0.3547107542847079 -8.282577168255873 -13.145594952936392
    endloop
  endfacet
  facet normal 0 0 -1
    outer loop
      vertex -2.811229784481077 -5.534876398794394 -13.145594952936392
      vertex -0.2644968629077095 -7.646132856409572 -13.145594952936392
      vertex -2.5677616085567694 -5.767470697767968 -13.145594952936392
    endloop
  endfacet
  facet normal 0 0 -1
    outer loop
      vertex -2.811229784481077 -5.534876398794394 -13.145594952936392
      vertex -3.123115362924483 -3.261196412133196 -13.145594952936392
      vertex -2.597177465849146 -3.415075931697274 -13.145594952936392
    endloop
  endfacet
  facet normal 0 0 -1
    outer loop
      vertex -2.811229784481077 -5.534876398794394 -13.145594952936392
      vertex -2.597177465849146 -3.415075931697274 -13.145594952936392
      vertex -2.1063240588389363 -3.6482602871137346 -13.145594952936392
    endloop
  endfacet
  facet normal 0 0 -1
    outer loop
      vertex -2.811229784481077 -5.534876398794394 -13.145594952936392
      vertex -2.1063240588389363 -3.6482602871137346 -13.145594952936392
      vertex -1.658953779778078 -3.956759629410489 -13.145594952936392
    endloop
  endfacet
  facet normal 0 0 -1
    outer loop
      vertex -2.811229784481077 -5.534876398794394 -13.145594952936392
      vertex -1.658953779778078 -3.956759629410489 -13.145594952936392
      vertex -1.2627212581757727 -4.335295449308657 -13.145594952936392
    endloop
  endfacet
  facet normal 0 0 -1
    outer loop
      vertex -2.811229784481077 -5.534876398794394 -13.145594952936392
      vertex -0.30932134598622557 -6.404746570962078 -13.145594952936392
      vertex -0.2492802734534152 -7.01659882336323 -13.145594952936392
    endloop
  endfacet
  facet normal 0 0 -1
    outer loop
      vertex -2.811229784481077 -5.534876398794394 -13.145594952936392
      vertex -0.4435927611085726 -5.821045060882194 -13.145594952936392
      vertex -0.30932134598622557 -6.404746570962078 -13.145594952936392
    endloop
  endfacet
  facet normal 0 0 -1
    outer loop
      vertex -2.811229784481077 -5.534876398794394 -13.145594952936392
      vertex -1.2627212581757727 -4.335295449308657 -13.145594952936392
      vertex -0.9244061423330489 -4.777390893979833 -13.145594952936392
    endloop
  endfacet
  facet normal 0 0 -1
    outer loop
      vertex -2.811229784481077 -5.534876398794394 -13.145594952936392
      vertex -0.9244061423330489 -4.777390893979833 -13.145594952936392
      vertex -0.6497970976806445 -5.275481587793674 -13.145594952936392
    endloop
  endfacet
  facet normal 0 0 -1
    outer loop
      vertex -2.811229784481077 -5.534876398794394 -13.145594952936392
      vertex -0.6497970976806445 -5.275481587793674 -13.145594952936392
      vertex -0.4435927611085726 -5.821045060882194 -13.145594952936392
    endloop
  endfacet
  facet normal 0 0 -1
    outer loop
      vertex -7.0409647175420185 7.138939832076191 -13.145594952936392
      vertex -7.87921571269637 5.418209588782507 -13.145594952936392
      vertex -8.241675092681904 5.974999999999991 -13.145594952936392
    endloop
  endfacet
  facet normal 0 0 -1
    outer loop
      vertex -6.376627436420471 6.118420986743691 -13.145594952936392
      vertex -5.951912692469851 3.724182461154604 -13.145594952936392
      vertex -6.48949686290771 4.052127430704153 -13.145594952936392
    endloop
  endfacet
  facet normal 0 0 -1
    outer loop
      vertex -7.0409647175420185 7.138939832076191 -13.145594952936392
      vertex -6.995566859372212 4.448477108334033 -13.145594952936392
      vertex -7.461463683914742 4.906449841171109 -13.145594952936392
    endloop
  endfacet
  facet normal 0 0 -1
    outer loop
      vertex -7.0409647175420185 7.138939832076191 -13.145594952936392
      vertex -7.461463683914742 4.906449841171109 -13.145594952936392
      vertex -7.87921571269637 5.418209588782507 -13.145594952936392
    endloop
  endfacet
  facet normal 0 0 -1
    outer loop
      vertex -7.0409647175420185 7.138939832076191 -13.145594952936392
      vertex -6.856034446626802 6.774999999999992 -13.145594952936392
      vertex -6.995566859372212 4.448477108334033 -13.145594952936392
    endloop
  endfacet
  facet normal 0 0 -1
    outer loop
      vertex -6.856034446626802 6.774999999999992 -13.145594952936392
      vertex -6.48949686290771 4.052127430704153 -13.145594952936392
      vertex -6.995566859372212 4.448477108334033 -13.145594952936392
    endloop
  endfacet
  facet normal 0 0 -1
    outer loop
      vertex -6.376627436420471 6.118420986743691 -13.145594952936392
      vertex -6.48949686290771 4.052127430704153 -13.145594952936392
      vertex -6.633318442057378 6.4328757714205755 -13.145594952936392
    endloop
  endfacet
  facet normal 0 0 -1
    outer loop
      vertex -6.376627436420471 6.118420986743691 -13.145594952936392
      vertex -6.090353483990726 5.8370160545185 -13.145594952936392
      vertex -5.951912692469851 3.724182461154604 -13.145594952936392
    endloop
  endfacet
  facet normal 0 0 -1
    outer loop
      vertex -6.856034446626802 6.774999999999992 -13.145594952936392
      vertex -6.633318442057378 6.4328757714205755 -13.145594952936392
      vertex -6.48949686290771 4.052127430704153 -13.145594952936392
    endloop
  endfacet
  facet normal 0 0 -1
    outer loop
      vertex -5.779394811464344 5.593475891155561 -13.145594952936392
      vertex -5.39201256226132 3.4702534290379057 -13.145594952936392
      vertex -5.951912692469851 3.724182461154604 -13.145594952936392
    endloop
  endfacet
  facet normal 0 0 -1
    outer loop
      vertex -5.779394811464344 5.593475891155561 -13.145594952936392
      vertex -5.449072007942289 5.391967536372103 -13.145594952936392
      vertex -5.39201256226132 3.4702534290379057 -13.145594952936392
    endloop
  endfacet
  facet normal 0 0 -1
    outer loop
      vertex -5.449072007942289 5.391967536372103 -13.145594952936392
      vertex -4.243802523386064 3.200481587793672 -13.145594952936392
      vertex -4.819376518743628 3.294685130496002 -13.145594952936392
    endloop
  endfacet
  facet normal 0 0 -1
    outer loop
      vertex -5.449072007942289 5.391967536372103 -13.145594952936392
      vertex -4.819376518743628 3.294685130496002 -13.145594952936392
      vertex -5.39201256226132 3.4702534290379057 -13.145594952936392
    endloop
  endfacet
  facet normal 0 0 -1
    outer loop
      vertex -6.090353483990726 5.8370160545185 -13.145594952936392
      vertex -5.779394811464344 5.593475891155561 -13.145594952936392
      vertex -5.951912692469851 3.724182461154604 -13.145594952936392
    endloop
  endfacet
  facet normal 0 0 -1
    outer loop
      vertex -5.449072007942289 5.391967536372103 -13.145594952936392
      vertex -3.675138806828461 3.1892546496647096 -13.145594952936392
      vertex -4.243802523386064 3.200481587793672 -13.145594952936392
    endloop
  endfacet
  facet normal 0 0 -1
    outer loop
      vertex -5.449072007942289 5.391967536372103 -13.145594952936392
      vertex -3.123115362924483 3.2611964121331964 -13.145594952936392
      vertex -3.675138806828461 3.1892546496647096 -13.145594952936392
    endloop
  endfacet
  facet normal 0 0 -1
    outer loop
      vertex -5.449072007942289 5.391967536372103 -13.145594952936392
      vertex -5.1050369881756 5.235938853987144 -13.145594952936392
      vertex -3.123115362924483 3.2611964121331964 -13.145594952936392
    endloop
  endfacet
  facet normal 0 0 -1
    outer loop
      vertex -5.1050369881756 5.235938853987144 -13.145594952936392
      vertex -4.753176286737017 5.128059538015613 -13.145594952936392
      vertex -3.123115362924483 3.2611964121331964 -13.145594952936392
    endloop
  endfacet
  facet normal 0 0 -1
    outer loop
      vertex -4.753176286737017 5.128059538015613 -13.145594952936392
      vertex -2.5971774658491458 3.4150759316972743 -13.145594952936392
      vertex -3.123115362924483 3.2611964121331964 -13.145594952936392
    endloop
  endfacet
  facet normal 0 0 -1
    outer loop
      vertex -4.753176286737017 5.128059538015613 -13.145594952936392
      vertex -4.39951033778237 5.070175433463579 -13.145594952936392
      vertex -2.5971774658491458 3.4150759316972743 -13.145594952936392
    endloop
  endfacet
  facet normal 0 0 -1
    outer loop
      vertex -4.39951033778237 5.070175433463579 -13.145594952936392
      vertex -4.0500904637529995 5.063276953408433 -13.145594952936392
      vertex -2.5971774658491458 3.4150759316972743 -13.145594952936392
    endloop
  endfacet
  facet normal 0 0 -1
    outer loop
      vertex -4.0500904637529995 5.063276953408433 -13.145594952936392
      vertex -3.7108953355710375 5.107482132756539 -13.145594952936392
      vertex -2.1063240588389367 3.648260287113735 -13.145594952936392
    endloop
  endfacet
  facet normal 0 0 -1
    outer loop
      vertex -7.0409647175420185 7.138939832076191 -13.145594952936392
      vertex -8.940628579668257 7.817422831744109 -13.145594952936392
      vertex -9.030842471045254 8.45386714359041 -13.145594952936392
    endloop
  endfacet
  facet normal 0 0 -1
    outer loop
      vertex -7.0409647175420185 7.138939832076191 -13.145594952936392
      vertex -8.542640043387062 6.567294236516162 -13.145594952936392
      vertex -8.77696097106203 7.184957979729239 -13.145594952936392
    endloop
  endfacet
  facet normal 0 0 -1
    outer loop
      vertex -7.0409647175420185 7.138939832076191 -13.145594952936392
      vertex -8.241675092681904 5.974999999999991 -13.145594952936392
      vertex -8.542640043387062 6.567294236516162 -13.145594952936392
    endloop
  endfacet
  facet normal 0 0 -1
    outer loop
      vertex -7.0409647175420185 7.138939832076191 -13.145594952936392
      vertex -8.77696097106203 7.184957979729239 -13.145594952936392
      vertex -8.940628579668257 7.817422831744109 -13.145594952936392
    endloop
  endfacet
  facet normal 0 0 -1
    outer loop
      vertex -7.0409647175420185 7.138939832076191 -13.145594952936392
      vertex -9.046059060499548 9.083401176636752 -13.145594952936392
      vertex -7.1849450465953115 7.518468156219168 -13.145594952936392
    endloop
  endfacet
  facet normal 0 0 -1
    outer loop
      vertex -7.0409647175420185 7.138939832076191 -13.145594952936392
      vertex -9.030842471045254 8.45386714359041 -13.145594952936392
      vertex -9.046059060499548 9.083401176636752 -13.145594952936392
    endloop
  endfacet
  facet normal 0 0 -1
    outer loop
      vertex -7.34094452248862 8.298159329194103 -13.145594952936392
      vertex -9.046059060499548 9.083401176636752 -13.145594952936392
      vertex -8.98601798796674 9.695253429037905 -13.145594952936392
    endloop
  endfacet
  facet normal 0 0 -1
    outer loop
      vertex -7.313401767825918 9.060938853987142 -13.145594952936392
      vertex -8.98601798796674 9.695253429037905 -13.145594952936392
      vertex -8.851746572844393 10.278954939117789 -13.145594952936392
    endloop
  endfacet
  facet normal 0 0 -1
    outer loop
      vertex -7.1849450465953115 7.518468156219168 -13.145594952936392
      vertex -9.046059060499548 9.083401176636752 -13.145594952936392
      vertex -7.285511890437694 7.907091137577703 -13.145594952936392
    endloop
  endfacet
  facet normal 0 0 -1
    outer loop
      vertex -7.285511890437694 7.907091137577703 -13.145594952936392
      vertex -9.046059060499548 9.083401176636752 -13.145594952936392
      vertex -7.34094452248862 8.298159329194103 -13.145594952936392
    endloop
  endfacet
  facet normal 0 0 -1
    outer loop
      vertex -7.34094452248862 8.298159329194103 -13.145594952936392
      vertex -8.98601798796674 9.695253429037905 -13.145594952936392
      vertex -7.350294475044873 8.68498144588523 -13.145594952936392
    endloop
  endfacet
  facet normal 0 0 -1
    outer loop
      vertex -7.350294475044873 8.68498144588523 -13.145594952936392
      vertex -8.98601798796674 9.695253429037905 -13.145594952936392
      vertex -7.313401767825918 9.060938853987142 -13.145594952936392
    endloop
  endfacet
  facet normal 0 0 -1
    outer loop
      vertex -7.313401767825918 9.060938853987142 -13.145594952936392
      vertex -8.851746572844393 10.278954939117789 -13.145594952936392
      vertex -7.23089764528086 9.419598818012133 -13.145594952936392
    endloop
  endfacet
  facet normal 0 0 -1
    outer loop
      vertex -7.104193775820914 9.754824566536405 -13.145594952936392
      vertex -8.851746572844393 10.278954939117789 -13.145594952936392
      vertex -8.645542236272322 10.824518412206311 -13.145594952936392
    endloop
  endfacet
  facet normal 0 0 -1
    outer loop
      vertex -7.23089764528086 9.419598818012133 -13.145594952936392
      vertex -8.851746572844393 10.278954939117789 -13.145594952936392
      vertex -7.104193775820914 9.754824566536405 -13.145594952936392
    endloop
  endfacet
  facet normal 0 0 -1
    outer loop
      vertex -6.935458097781484 10.06088029406057 -13.145594952936392
      vertex -8.645542236272322 10.824518412206311 -13.145594952936392
      vertex -8.370933191619915 11.322609106020149 -13.145594952936392
    endloop
  endfacet
  facet normal 0 0 -1
    outer loop
      vertex -6.727577725396195 10.332529302232015 -13.145594952936392
      vertex -8.370933191619915 11.322609106020149 -13.145594952936392
      vertex -8.032618075777194 11.764704550691325 -13.145594952936392
    endloop
  endfacet
  facet normal 0 0 -1
    outer loop
      vertex -7.104193775820914 9.754824566536405 -13.145594952936392
      vertex -8.645542236272322 10.824518412206311 -13.145594952936392
      vertex -6.935458097781484 10.06088029406057 -13.145594952936392
    endloop
  endfacet
  facet normal 0 0 -1
    outer loop
      vertex -6.935458097781484 10.06088029406057 -13.145594952936392
      vertex -8.370933191619915 11.322609106020149 -13.145594952936392
      vertex -6.727577725396195 10.332529302232015 -13.145594952936392
    endloop
  endfacet
  facet normal 0 0 -1
    outer loop
      vertex -6.727577725396195 10.332529302232015 -13.145594952936392
      vertex -8.032618075777194 11.764704550691325 -13.145594952936392
      vertex -6.484109549471889 10.56512360120559 -13.145594952936392
    endloop
  endfacet
  facet normal 0 0 -1
    outer loop
      vertex -6.484109549471889 10.56512360120559 -13.145594952936392
      vertex -8.032618075777194 11.764704550691325 -13.145594952936392
      vertex -6.209219378000758 10.754683438038533 -13.145594952936392
    endloop
  endfacet
  facet normal 0 0 -1
    outer loop
      vertex -6.209219378000758 10.754683438038533 -13.145594952936392
      vertex -8.032618075777194 11.764704550691325 -13.145594952936392
      vertex -7.636385554174888 12.143240370589496 -13.145594952936392
    endloop
  endfacet
  facet normal 0 0 -1
    outer loop
      vertex -6.209219378000758 10.754683438038533 -13.145594952936392
      vertex -7.636385554174888 12.143240370589496 -13.145594952936392
      vertex -7.189015275114029 12.451739712886248 -13.145594952936392
    endloop
  endfacet
  facet normal 0 0 -1
    outer loop
      vertex -6.209219378000758 10.754683438038533 -13.145594952936392
      vertex -7.189015275114029 12.451739712886248 -13.145594952936392
      vertex -6.698161868103821 12.68492406830271 -13.145594952936392
    endloop
  endfacet
  facet normal 0 0 -1
    outer loop
      vertex -6.209219378000758 10.754683438038533 -13.145594952936392
      vertex -6.698161868103821 12.68492406830271 -13.145594952936392
      vertex -6.172223971028482 12.838803587866787 -13.145594952936392
    endloop
  endfacet
  facet normal 0 0 -1
    outer loop
      vertex -6.209219378000758 10.754683438038533 -13.145594952936392
      vertex -6.172223971028482 12.838803587866787 -13.145594952936392
      vertex -5.620200527124505 12.910745350335272 -13.145594952936392
    endloop
  endfacet
  facet normal 0 0 -1
    outer loop
      vertex -6.209219378000758 10.754683438038533 -13.145594952936392
      vertex -5.620200527124505 12.910745350335272 -13.145594952936392
      vertex -5.051536810566901 12.899518412206312 -13.145594952936392
    endloop
  endfacet
  facet normal 0 0 -1
    outer loop
      vertex -6.209219378000758 10.754683438038533 -13.145594952936392
      vertex -3.9033267716916455 12.629746570962077 -13.145594952936392
      vertex -5.90761065803063 10.897965391366721 -13.145594952936392
    endloop
  endfacet
  facet normal 0 0 -1
    outer loop
      vertex -5.90761065803063 10.897965391366721 -13.145594952936392
      vertex -3.9033267716916455 12.629746570962077 -13.145594952936392
      vertex -5.584443998381928 10.992517867243443 -13.145594952936392
    endloop
  endfacet
  facet normal 0 0 -1
    outer loop
      vertex -5.584443998381928 10.992517867243443 -13.145594952936392
      vertex -3.9033267716916455 12.629746570962077 -13.145594952936392
      vertex -5.245248870199966 11.036723046591549 -13.145594952936392
    endloop
  endfacet
  facet normal 0 0 -1
    outer loop
      vertex -5.245248870199966 11.036723046591549 -13.145594952936392
      vertex -3.9033267716916455 12.629746570962077 -13.145594952936392
      vertex -4.895828996170596 11.029824566536405 -13.145594952936392
    endloop
  endfacet
  facet normal 0 0 -1
    outer loop
      vertex -6.209219378000758 10.754683438038533 -13.145594952936392
      vertex -4.475962815209337 12.80531486950398 -13.145594952936392
      vertex -3.9033267716916455 12.629746570962077 -13.145594952936392
    endloop
  endfacet
  facet normal 0 0 -1
    outer loop
      vertex -6.209219378000758 10.754683438038533 -13.145594952936392
      vertex -5.051536810566901 12.899518412206312 -13.145594952936392
      vertex -4.475962815209337 12.80531486950398 -13.145594952936392
    endloop
  endfacet
  facet normal 0 0 -1
    outer loop
      vertex -4.190302345777365 10.864061146012837 -13.145594952936392
      vertex -2.8058424710452567 12.04787256929583 -13.145594952936392
      vertex -3.8462673260106777 10.708032463627879 -13.145594952936392
    endloop
  endfacet
  facet normal 0 0 -1
    outer loop
      vertex -3.515944522488621 10.506524108844422 -13.145594952936392
      vertex -3.8462673260106777 10.708032463627879 -13.145594952936392
      vertex -2.8058424710452567 12.04787256929583 -13.145594952936392
    endloop
  endfacet
  facet normal 0 0 -1
    outer loop
      vertex -4.895828996170596 11.029824566536405 -13.145594952936392
      vertex -3.343426641483114 12.37581753884538 -13.145594952936392
      vertex -4.542163047215948 10.971940461984369 -13.145594952936392
    endloop
  endfacet
  facet normal 0 0 -1
    outer loop
      vertex -4.190302345777365 10.864061146012837 -13.145594952936392
      vertex -4.542163047215948 10.971940461984369 -13.145594952936392
      vertex -3.343426641483114 12.37581753884538 -13.145594952936392
    endloop
  endfacet
  facet normal 0 0 -1
    outer loop
      vertex -4.895828996170596 11.029824566536405 -13.145594952936392
      vertex -3.9033267716916455 12.629746570962077 -13.145594952936392
      vertex -3.343426641483114 12.37581753884538 -13.145594952936392
    endloop
  endfacet
  facet normal 0 0 -1
    outer loop
      vertex -4.190302345777365 10.864061146012837 -13.145594952936392
      vertex -3.343426641483114 12.37581753884538 -13.145594952936392
      vertex -2.8058424710452567 12.04787256929583 -13.145594952936392
    endloop
  endfacet
  facet normal 0 0 -1
    outer loop
      vertex -4.0500904637529995 5.063276953408433 -13.145594952936392
      vertex -2.1063240588389367 3.648260287113735 -13.145594952936392
      vertex -2.5971774658491458 3.4150759316972743 -13.145594952936392
    endloop
  endfacet
  facet normal 0 0 -1
    outer loop
      vertex -3.7108953355710375 5.107482132756539 -13.145594952936392
      vertex -3.387728675922336 5.202034608633262 -13.145594952936392
      vertex -2.1063240588389367 3.648260287113735 -13.145594952936392
    endloop
  endfacet
  facet normal 0 0 -1
    outer loop
      vertex -3.387728675922336 5.202034608633262 -13.145594952936392
      vertex -1.658953779778077 3.956759629410488 -13.145594952936392
      vertex -2.1063240588389367 3.648260287113735 -13.145594952936392
    endloop
  endfacet
  facet normal 0 0 -1
    outer loop
      vertex -3.387728675922336 5.202034608633262 -13.145594952936392
      vertex -1.2627212581757732 4.335295449308657 -13.145594952936392
      vertex -1.658953779778077 3.956759629410488 -13.145594952936392
    endloop
  endfacet
  facet normal 0 0 -1
    outer loop
      vertex -3.0861199559522072 5.3453165619614476 -13.145594952936392
      vertex -0.9244061423330491 4.777390893979834 -13.145594952936392
      vertex -1.2627212581757732 4.335295449308657 -13.145594952936392
    endloop
  endfacet
  facet normal 0 0 -1
    outer loop
      vertex -3.387728675922336 5.202034608633262 -13.145594952936392
      vertex -3.0861199559522072 5.3453165619614476 -13.145594952936392
      vertex -1.2627212581757732 4.335295449308657 -13.145594952936392
    endloop
  endfacet
  facet normal 0 0 -1
    outer loop
      vertex -3.0861199559522072 5.3453165619614476 -13.145594952936392
      vertex -2.811229784481077 5.534876398794394 -13.145594952936392
      vertex -0.9244061423330491 4.777390893979834 -13.145594952936392
    endloop
  endfacet
  facet normal 0 0 -1
    outer loop
      vertex -2.811229784481077 5.534876398794394 -13.145594952936392
      vertex -2.5677616085567694 5.767470697767968 -13.145594952936392
      vertex -0.9244061423330491 4.777390893979834 -13.145594952936392
    endloop
  endfacet
  facet normal 0 0 -1
    outer loop
      vertex -2.5677616085567694 5.767470697767968 -13.145594952936392
      vertex -2.359881236171481 6.039119705939412 -13.145594952936392
      vertex -0.649797097680644 5.275481587793672 -13.145594952936392
    endloop
  endfacet
  facet normal 0 0 -1
    outer loop
      vertex -2.5677616085567694 5.767470697767968 -13.145594952936392
      vertex -0.649797097680644 5.275481587793672 -13.145594952936392
      vertex -0.9244061423330491 4.777390893979834 -13.145594952936392
    endloop
  endfacet
  facet normal 0 0 -1
    outer loop
      vertex -2.359881236171481 6.039119705939412 -13.145594952936392
      vertex -2.1911455581320523 6.345175433463579 -13.145594952936392
      vertex -0.44359276110857243 5.821045060882193 -13.145594952936392
    endloop
  endfacet
  facet normal 0 0 -1
    outer loop
      vertex -2.1911455581320523 6.345175433463579 -13.145594952936392
      vertex -2.0644416886721046 6.68040118198785 -13.145594952936392
      vertex -0.44359276110857243 5.821045060882193 -13.145594952936392
    endloop
  endfacet
  facet normal 0 0 -1
    outer loop
      vertex -2.359881236171481 6.039119705939412 -13.145594952936392
      vertex -0.44359276110857243 5.821045060882193 -13.145594952936392
      vertex -0.649797097680644 5.275481587793672 -13.145594952936392
    endloop
  endfacet
  facet normal 0 0 -1
    outer loop
      vertex -2.0644416886721046 6.68040118198785 -13.145594952936392
      vertex -0.30932134598622596 6.404746570962078 -13.145594952936392
      vertex -0.44359276110857243 5.821045060882193 -13.145594952936392
    endloop
  endfacet
  facet normal 0 0 -1
    outer loop
      vertex -2.110394287357652 8.581531843780812 -13.145594952936392
      vertex -2.2543746164109475 8.96106016792379 -13.145594952936392
      vertex -1.0536642412710622 10.124999999999991 -13.145594952936392
    endloop
  endfacet
  facet normal 0 0 -1
    outer loop
      vertex -2.439304887326165 9.324999999999992 -13.145594952936392
      vertex -1.0536642412710622 10.124999999999991 -13.145594952936392
      vertex -2.2543746164109475 8.96106016792379 -13.145594952936392
    endloop
  endfacet
  facet normal 0 0 -1
    outer loop
      vertex -2.0644416886721046 6.68040118198785 -13.145594952936392
      vertex -1.9819375661270486 7.039061146012841 -13.145594952936392
      vertex -0.30932134598622596 6.404746570962078 -13.145594952936392
    endloop
  endfacet
  facet normal 0 0 -1
    outer loop
      vertex -1.9819375661270486 7.039061146012841 -13.145594952936392
      vertex -1.9450448589080933 7.415018554114754 -13.145594952936392
      vertex -0.2492802734534153 7.016598823363231 -13.145594952936392
    endloop
  endfacet
  facet normal 0 0 -1
    outer loop
      vertex -1.9543948114643452 7.801840670805879 -13.145594952936392
      vertex -0.2492802734534153 7.016598823363231 -13.145594952936392
      vertex -1.9450448589080933 7.415018554114754 -13.145594952936392
    endloop
  endfacet
  facet normal 0 0 -1
    outer loop
      vertex -1.9819375661270486 7.039061146012841 -13.145594952936392
      vertex -0.2492802734534153 7.016598823363231 -13.145594952936392
      vertex -0.30932134598622596 6.404746570962078 -13.145594952936392
    endloop
  endfacet
  facet normal 0 0 -1
    outer loop
      vertex -1.9543948114643452 7.801840670805879 -13.145594952936392
      vertex -0.26449686290770974 7.646132856409574 -13.145594952936392
      vertex -0.2492802734534153 7.016598823363231 -13.145594952936392
    endloop
  endfacet
  facet normal 0 0 -1
    outer loop
      vertex -1.9543948114643452 7.801840670805879 -13.145594952936392
      vertex -0.3547107542847081 8.282577168255873 -13.145594952936392
      vertex -0.26449686290770974 7.646132856409574 -13.145594952936392
    endloop
  endfacet
  facet normal 0 0 -1
    outer loop
      vertex -1.9543948114643452 7.801840670805879 -13.145594952936392
      vertex -2.009827443515272 8.19290886242228 -13.145594952936392
      vertex -0.7526992905659042 9.532705763483822 -13.145594952936392
    endloop
  endfacet
  facet normal 0 0 -1
    outer loop
      vertex -2.009827443515272 8.19290886242228 -13.145594952936392
      vertex -2.110394287357652 8.581531843780812 -13.145594952936392
      vertex -0.7526992905659042 9.532705763483822 -13.145594952936392
    endloop
  endfacet
  facet normal 0 0 -1
    outer loop
      vertex -1.9543948114643452 7.801840670805879 -13.145594952936392
      vertex -0.7526992905659042 9.532705763483822 -13.145594952936392
      vertex -0.5183783628909353 8.915042020270743 -13.145594952936392
    endloop
  endfacet
  facet normal 0 0 -1
    outer loop
      vertex -2.110394287357652 8.581531843780812 -13.145594952936392
      vertex -1.0536642412710622 10.124999999999991 -13.145594952936392
      vertex -0.7526992905659042 9.532705763483822 -13.145594952936392
    endloop
  endfacet
  facet normal 0 0 -1
    outer loop
      vertex -1.9543948114643452 7.801840670805879 -13.145594952936392
      vertex -0.5183783628909353 8.915042020270743 -13.145594952936392
      vertex -0.3547107542847081 8.282577168255873 -13.145594952936392
    endloop
  endfacet
  facet normal 0 0 -1
    outer loop
      vertex -2.918711897532493 9.98157901325629 -13.145594952936392
      vertex -1.833875650038224 11.193550158828872 -13.145594952936392
      vertex -2.662020891895588 9.667124228579409 -13.145594952936392
    endloop
  endfacet
  facet normal 0 0 -1
    outer loop
      vertex -3.515944522488621 10.506524108844422 -13.145594952936392
      vertex -2.299772474580754 11.65152289166595 -13.145594952936392
      vertex -3.20498584996224 10.262983945481484 -13.145594952936392
    endloop
  endfacet
  facet normal 0 0 -1
    outer loop
      vertex -3.20498584996224 10.262983945481484 -13.145594952936392
      vertex -2.299772474580754 11.65152289166595 -13.145594952936392
      vertex -2.918711897532493 9.98157901325629 -13.145594952936392
    endloop
  endfacet
  facet normal 0 0 -1
    outer loop
      vertex -2.439304887326165 9.324999999999992 -13.145594952936392
      vertex -2.662020891895588 9.667124228579409 -13.145594952936392
      vertex -1.4161236212565949 10.681790411217476 -13.145594952936392
    endloop
  endfacet
  facet normal 0 0 -1
    outer loop
      vertex -2.918711897532493 9.98157901325629 -13.145594952936392
      vertex -2.299772474580754 11.65152289166595 -13.145594952936392
      vertex -1.833875650038224 11.193550158828872 -13.145594952936392
    endloop
  endfacet
  facet normal 0 0 -1
    outer loop
      vertex -2.662020891895588 9.667124228579409 -13.145594952936392
      vertex -1.833875650038224 11.193550158828872 -13.145594952936392
      vertex -1.4161236212565949 10.681790411217476 -13.145594952936392
    endloop
  endfacet
  facet normal 0 0 -1
    outer loop
      vertex -3.515944522488621 10.506524108844422 -13.145594952936392
      vertex -2.8058424710452567 12.04787256929583 -13.145594952936392
      vertex -2.299772474580754 11.65152289166595 -13.145594952936392
    endloop
  endfacet
  facet normal 0 0 -1
    outer loop
      vertex -2.439304887326165 9.324999999999992 -13.145594952936392
      vertex -1.4161236212565949 10.681790411217476 -13.145594952936392
      vertex -1.0536642412710622 10.124999999999991 -13.145594952936392
    endloop
  endfacet
  facet normal 0 0 -1
    outer loop
      vertex 7.394116866850391 -2.0230510177426497 -13.145594952936392
      vertex 4.385836621100265 -1.074099037175459 -13.145594952936392
      vertex 4.25613124562723 -0.5416836977132128 -13.145594952936392
    endloop
  endfacet
  facet normal 0 0 -1
    outer loop
      vertex 7.394116866850391 -2.0230510177426497 -13.145594952936392
      vertex 4.599544949161517 -1.5881362443151215 -13.145594952936392
      vertex 4.385836621100265 -1.074099037175459 -13.145594952936392
    endloop
  endfacet
  facet normal 0 0 -1
    outer loop
      vertex 7.394116866850391 -2.0230510177426497 -13.145594952936392
      vertex 4.25613124562723 -0.5416836977132128 -13.145594952936392
      vertex 4.212648117677879 -2.4790061975775963e-16 -13.145594952936392
    endloop
  endfacet
  facet normal 0 0 -1
    outer loop
      vertex 6.2786569441278175 -0.6599885650114279 -13.145594952936392
      vertex 4.212648117677879 -2.4790061975775963e-16 -13.145594952936392
      vertex 4.25613124562723 0.5416836977132128 -13.145594952936392
    endloop
  endfacet
  facet normal 0 0 -1
    outer loop
      vertex 6.198958460403422 -0.33284179016113147 -13.145594952936392
      vertex 6.2786569441278175 -0.6599885650114279 -13.145594952936392
      vertex 4.25613124562723 0.5416836977132128 -13.145594952936392
    endloop
  endfacet
  facet normal 0 0 -1
    outer loop
      vertex 7.394116866850391 -2.0230510177426497 -13.145594952936392
      vertex 7.979842046805685 -4.008592179099633 -13.145594952936392
      vertex 7.350277613656926 -3.8341000599218393 -13.145594952936392
    endloop
  endfacet
  facet normal 0 0 -1
    outer loop
      vertex 7.394116866850391 -2.0230510177426497 -13.145594952936392
      vertex 8.631915003262284 -4.114496174701313 -13.145594952936392
      vertex 7.979842046805685 -4.008592179099633 -13.145594952936392
    endloop
  endfacet
  facet normal 0 0 -1
    outer loop
      vertex 7.394116866850391 -2.0230510177426497 -13.145594952936392
      vertex 9.295339333952974 -4.15 -13.145594952936392
      vertex 8.631915003262284 -4.114496174701313 -13.145594952936392
    endloop
  endfacet
  facet normal 0 0 -1
    outer loop
      vertex 7.394116866850391 -2.0230510177426497 -13.145594952936392
      vertex 5.7013339082475545 -2.9344931419241713 -13.145594952936392
      vertex 5.262969279852208 -2.5263599303861897 -13.145594952936392
    endloop
  endfacet
  facet normal 0 0 -1
    outer loop
      vertex 7.394116866850391 -2.0230510177426497 -13.145594952936392
      vertex 5.262969279852208 -2.5263599303861897 -13.145594952936392
      vertex 4.893599621066717 -2.0749999999999993 -13.145594952936392
    endloop
  endfacet
  facet normal 0 0 -1
    outer loop
      vertex 7.394116866850391 -2.0230510177426497 -13.145594952936392
      vertex 4.893599621066717 -2.0749999999999993 -13.145594952936392
      vertex 4.599544949161517 -1.5881362443151215 -13.145594952936392
    endloop
  endfacet
  facet normal 0 0 -1
    outer loop
      vertex 7.394116866850391 -2.0230510177426497 -13.145594952936392
      vertex 6.201192965923275 -3.2924163622086255 -13.145594952936392
      vertex 5.7013339082475545 -2.9344931419241713 -13.145594952936392
    endloop
  endfacet
  facet normal 0 0 -1
    outer loop
      vertex 7.394116866850391 -2.0230510177426497 -13.145594952936392
      vertex 6.753993725815427 -3.59400542570542 -13.145594952936392
      vertex 6.201192965923275 -3.2924163622086255 -13.145594952936392
    endloop
  endfacet
  facet normal 0 0 -1
    outer loop
      vertex 6.590655895914432 -1.275 -13.145594952936392
      vertex 6.817617975409131 -1.5523416439722375 -13.145594952936392
      vertex 4.212648117677879 -2.4790061975775963e-16 -13.145594952936392
    endloop
  endfacet
  facet normal 0 0 -1
    outer loop
      vertex 7.394116866850391 -2.0230510177426497 -13.145594952936392
      vertex 4.212648117677879 -2.4790061975775963e-16 -13.145594952936392
      vertex 7.0869745543026585 -1.8031222920256962 -13.145594952936392
    endloop
  endfacet
  facet normal 0 0 -1
    outer loop
      vertex 7.0869745543026585 -1.8031222920256962 -13.145594952936392
      vertex 4.212648117677879 -2.4790061975775963e-16 -13.145594952936392
      vertex 6.817617975409131 -1.5523416439722375 -13.145594952936392
    endloop
  endfacet
  facet normal 0 0 -1
    outer loop
      vertex 6.590655895914432 -1.275 -13.145594952936392
      vertex 4.212648117677879 -2.4790061975775963e-16 -13.145594952936392
      vertex 6.4099716999244905 -0.9758427525309789 -13.145594952936392
    endloop
  endfacet
  facet normal 0 0 -1
    outer loop
      vertex 6.4099716999244905 -0.9758427525309789 -13.145594952936392
      vertex 4.212648117677879 -2.4790061975775963e-16 -13.145594952936392
      vertex 6.2786569441278175 -0.6599885650114279 -13.145594952936392
    endloop
  endfacet
  facet normal 0 0 -1
    outer loop
      vertex 7.394116866850391 -2.0230510177426497 -13.145594952936392
      vertex 7.350277613656926 -3.8341000599218393 -13.145594952936392
      vertex 6.753993725815427 -3.59400542570542 -13.145594952936392
    endloop
  endfacet
  facet normal 0 0 -1
    outer loop
      vertex 7.394116866850391 -2.0230510177426497 -13.145594952936392
      vertex 7.7337896229287 -2.208364779650318 -13.145594952936392
      vertex 9.295339333952974 -4.15 -13.145594952936392
    endloop
  endfacet
  facet normal 0 0 -1
    outer loop
      vertex 7.7337896229287 -2.208364779650318 -13.145594952936392
      vertex 9.958763664643666 -4.114496174701314 -13.145594952936392
      vertex 9.295339333952974 -4.15 -13.145594952936392
    endloop
  endfacet
  facet normal 0 0 -1
    outer loop
      vertex 8.887693058468336 -2.5281843965032165 -13.145594952936392
      vertex 10.610836621100265 -4.008592179099634 -13.145594952936392
      vertex 9.958763664643666 -4.114496174701314 -13.145594952936392
    endloop
  endfacet
  facet normal 0 0 -1
    outer loop
      vertex 9.702985609437617 -2.5281843965032165 -13.145594952936392
      vertex 11.24040105424902 -3.83410005992184 -13.145594952936392
      vertex 10.610836621100265 -4.008592179099634 -13.145594952936392
    endloop
  endfacet
  facet normal 0 0 -1
    outer loop
      vertex 10.103656944127817 -2.463110857037124 -13.145594952936392
      vertex 11.836684942090523 -3.594005425705421 -13.145594952936392
      vertex 11.24040105424902 -3.83410005992184 -13.145594952936392
    endloop
  endfacet
  facet normal 0 0 -1
    outer loop
      vertex 7.7337896229287 -2.208364779650318 -13.145594952936392
      vertex 8.100180927506008 -2.355892807903781 -13.145594952936392
      vertex 9.958763664643666 -4.114496174701314 -13.145594952936392
    endloop
  endfacet
  facet normal 0 0 -1
    outer loop
      vertex 8.100180927506008 -2.355892807903781 -13.145594952936392
      vertex 8.487021723778136 -2.463110857037124 -13.145594952936392
      vertex 9.958763664643666 -4.114496174701314 -13.145594952936392
    endloop
  endfacet
  facet normal 0 0 -1
    outer loop
      vertex 8.487021723778136 -2.463110857037124 -13.145594952936392
      vertex 8.887693058468336 -2.5281843965032165 -13.145594952936392
      vertex 9.958763664643666 -4.114496174701314 -13.145594952936392
    endloop
  endfacet
  facet normal 0 0 -1
    outer loop
      vertex 8.887693058468336 -2.5281843965032165 -13.145594952936392
      vertex 9.295339333952976 -2.55 -13.145594952936392
      vertex 10.610836621100265 -4.008592179099634 -13.145594952936392
    endloop
  endfacet
  facet normal 0 0 -1
    outer loop
      vertex 9.295339333952976 -2.55 -13.145594952936392
      vertex 9.702985609437617 -2.5281843965032165 -13.145594952936392
      vertex 10.610836621100265 -4.008592179099634 -13.145594952936392
    endloop
  endfacet
  facet normal 0 0 -1
    outer loop
      vertex 9.702985609437617 -2.5281843965032165 -13.145594952936392
      vertex 10.103656944127817 -2.463110857037124 -13.145594952936392
      vertex 11.24040105424902 -3.83410005992184 -13.145594952936392
    endloop
  endfacet
  facet normal 0 0 -1
    outer loop
      vertex 10.103656944127817 -2.463110857037124 -13.145594952936392
      vertex 10.490497740399944 -2.355892807903781 -13.145594952936392
      vertex 11.836684942090523 -3.594005425705421 -13.145594952936392
    endloop
  endfacet
  facet normal 0 0 -1
    outer loop
      vertex 10.490497740399944 -2.355892807903781 -13.145594952936392
      vertex 10.856889044977251 -2.208364779650318 -13.145594952936392
      vertex 11.836684942090523 -3.594005425705421 -13.145594952936392
    endloop
  endfacet
  facet normal 0 0 -1
    outer loop
      vertex 10.856889044977251 -2.208364779650318 -13.145594952936392
      vertex 12.389485701982677 -3.2924163622086264 -13.145594952936392
      vertex 11.836684942090523 -3.594005425705421 -13.145594952936392
    endloop
  endfacet
  facet normal 0 0 -1
    outer loop
      vertex 10.856889044977251 -2.208364779650318 -13.145594952936392
      vertex 11.196561801055562 -2.0230510177426497 -13.145594952936392
      vertex 12.389485701982677 -3.2924163622086264 -13.145594952936392
    endloop
  endfacet
  facet normal 0 0 -1
    outer loop
      vertex 11.196561801055562 -2.0230510177426497 -13.145594952936392
      vertex 11.503704113603295 -1.8031222920256962 -13.145594952936392
      vertex 12.389485701982677 -3.2924163622086264 -13.145594952936392
    endloop
  endfacet
  facet normal 0 0 -1
    outer loop
      vertex 11.503704113603295 -1.8031222920256962 -13.145594952936392
      vertex 11.77306069249682 -1.5523416439722375 -13.145594952936392
      vertex 12.889344759658396 -2.9344931419241727 -13.145594952936392
    endloop
  endfacet
  facet normal 0 0 -1
    outer loop
      vertex 11.503704113603295 -1.8031222920256962 -13.145594952936392
      vertex 12.889344759658396 -2.9344931419241727 -13.145594952936392
      vertex 12.389485701982677 -3.2924163622086264 -13.145594952936392
    endloop
  endfacet
  facet normal 0 0 -1
    outer loop
      vertex 11.77306069249682 -1.5523416439722375 -13.145594952936392
      vertex 12.00002277199152 -1.275 -13.145594952936392
      vertex 13.327709388053746 -2.526359930386191 -13.145594952936392
    endloop
  endfacet
  facet normal 0 0 -1
    outer loop
      vertex 11.77306069249682 -1.5523416439722375 -13.145594952936392
      vertex 13.327709388053746 -2.526359930386191 -13.145594952936392
      vertex 12.889344759658396 -2.9344931419241727 -13.145594952936392
    endloop
  endfacet
  facet normal 0 0 -1
    outer loop
      vertex 12.00002277199152 -1.275 -13.145594952936392
      vertex 12.180706967981463 -0.9758427525309789 -13.145594952936392
      vertex 13.697079046839232 -2.075 -13.145594952936392
    endloop
  endfacet
  facet normal 0 0 -1
    outer loop
      vertex 12.180706967981463 -0.9758427525309789 -13.145594952936392
      vertex 12.312021723778138 -0.6599885650114279 -13.145594952936392
      vertex 13.697079046839232 -2.075 -13.145594952936392
    endloop
  endfacet
  facet normal 0 0 -1
    outer loop
      vertex 12.312021723778138 -0.6599885650114279 -13.145594952936392
      vertex 12.391720207502528 -0.33284179016113147 -13.145594952936392
      vertex 13.991133718744434 -1.5881362443151228 -13.145594952936392
    endloop
  endfacet
  facet normal 0 0 -1
    outer loop
      vertex 12.00002277199152 -1.275 -13.145594952936392
      vertex 13.697079046839232 -2.075 -13.145594952936392
      vertex 13.327709388053746 -2.526359930386191 -13.145594952936392
    endloop
  endfacet
  facet normal 0 0 -1
    outer loop
      vertex 12.312021723778138 -0.6599885650114279 -13.145594952936392
      vertex 13.991133718744434 -1.5881362443151228 -13.145594952936392
      vertex 13.697079046839232 -2.075 -13.145594952936392
    endloop
  endfacet
  facet normal 0 0 -1
    outer loop
      vertex 12.418438756001528 0 -13.145594952936392
      vertex 14.204842046805686 -1.074099037175461 -13.145594952936392
      vertex 13.991133718744434 -1.5881362443151228 -13.145594952936392
    endloop
  endfacet
  facet normal 0 0 -1
    outer loop
      vertex 12.391720207502528 -0.33284179016113147 -13.145594952936392
      vertex 12.418438756001528 0 -13.145594952936392
      vertex 13.991133718744434 -1.5881362443151228 -13.145594952936392
    endloop
  endfacet
  facet normal 0 0 -1
    outer loop
      vertex 12.418438756001528 0 -13.145594952936392
      vertex 14.334547422278721 -0.5416836977132141 -13.145594952936392
      vertex 14.204842046805686 -1.074099037175461 -13.145594952936392
    endloop
  endfacet
  facet normal 0 0 -1
    outer loop
      vertex 12.418438756001528 0 -13.145594952936392
      vertex 14.378030550228072 0 -13.145594952936392
      vertex 14.334547422278721 -0.5416836977132141 -13.145594952936392
    endloop
  endfacet
  facet normal 0 0 -1
    outer loop
      vertex 6.198958460403422 0.33284179016113147 -13.145594952936392
      vertex 4.25613124562723 0.5416836977132128 -13.145594952936392
      vertex 4.385836621100266 1.074099037175459 -13.145594952936392
    endloop
  endfacet
  facet normal 0 0 -1
    outer loop
      vertex 6.198958460403422 -0.33284179016113147 -13.145594952936392
      vertex 4.25613124562723 0.5416836977132128 -13.145594952936392
      vertex 6.172239911904423 0 -13.145594952936392
    endloop
  endfacet
  facet normal 0 0 -1
    outer loop
      vertex 6.172239911904423 0 -13.145594952936392
      vertex 4.25613124562723 0.5416836977132128 -13.145594952936392
      vertex 6.198958460403422 0.33284179016113147 -13.145594952936392
    endloop
  endfacet
  facet normal 0 0 -1
    outer loop
      vertex 6.2786569441278175 0.6599885650114279 -13.145594952936392
      vertex 4.385836621100266 1.074099037175459 -13.145594952936392
      vertex 4.599544949161518 1.5881362443151215 -13.145594952936392
    endloop
  endfacet
  facet normal 0 0 -1
    outer loop
      vertex 6.4099716999244905 0.9758427525309789 -13.145594952936392
      vertex 4.599544949161518 1.5881362443151215 -13.145594952936392
      vertex 4.893599621066717 2.074999999999999 -13.145594952936392
    endloop
  endfacet
  facet normal 0 0 -1
    outer loop
      vertex 6.198958460403422 0.33284179016113147 -13.145594952936392
      vertex 4.385836621100266 1.074099037175459 -13.145594952936392
      vertex 6.2786569441278175 0.6599885650114279 -13.145594952936392
    endloop
  endfacet
  facet normal 0 0 -1
    outer loop
      vertex 6.2786569441278175 0.6599885650114279 -13.145594952936392
      vertex 4.599544949161518 1.5881362443151215 -13.145594952936392
      vertex 6.4099716999244905 0.9758427525309789 -13.145594952936392
    endloop
  endfacet
  facet normal 0 0 -1
    outer loop
      vertex 6.4099716999244905 0.9758427525309789 -13.145594952936392
      vertex 4.893599621066717 2.074999999999999 -13.145594952936392
      vertex 6.590655895914432 1.275 -13.145594952936392
    endloop
  endfacet
  facet normal 0 0 -1
    outer loop
      vertex 6.817617975409131 1.5523416439722375 -13.145594952936392
      vertex 4.893599621066717 2.074999999999999 -13.145594952936392
      vertex 5.262969279852207 2.52635993038619 -13.145594952936392
    endloop
  endfacet
  facet normal 0 0 -1
    outer loop
      vertex 6.590655895914432 1.275 -13.145594952936392
      vertex 4.893599621066717 2.074999999999999 -13.145594952936392
      vertex 6.817617975409131 1.5523416439722375 -13.145594952936392
    endloop
  endfacet
  facet normal 0 0 -1
    outer loop
      vertex 7.394116866850391 2.0230510177426497 -13.145594952936392
      vertex 5.262969279852207 2.52635993038619 -13.145594952936392
      vertex 5.701333908247554 2.9344931419241713 -13.145594952936392
    endloop
  endfacet
  facet normal 0 0 -1
    outer loop
      vertex 6.817617975409131 1.5523416439722375 -13.145594952936392
      vertex 5.262969279852207 2.52635993038619 -13.145594952936392
      vertex 7.0869745543026585 1.8031222920256962 -13.145594952936392
    endloop
  endfacet
  facet normal 0 0 -1
    outer loop
      vertex 7.0869745543026585 1.8031222920256962 -13.145594952936392
      vertex 5.262969279852207 2.52635993038619 -13.145594952936392
      vertex 7.394116866850391 2.0230510177426497 -13.145594952936392
    endloop
  endfacet
  facet normal 0 0 -1
    outer loop
      vertex 7.394116866850391 2.0230510177426497 -13.145594952936392
      vertex 5.701333908247554 2.9344931419241713 -13.145594952936392
      vertex 7.7337896229287 2.208364779650318 -13.145594952936392
    endloop
  endfacet
  facet normal 0 0 -1
    outer loop
      vertex 7.7337896229287 2.208364779650318 -13.145594952936392
      vertex 5.701333908247554 2.9344931419241713 -13.145594952936392
      vertex 6.2011929659232745 3.2924163622086255 -13.145594952936392
    endloop
  endfacet
  facet normal 0 0 -1
    outer loop
      vertex 7.7337896229287 2.208364779650318 -13.145594952936392
      vertex 6.2011929659232745 3.2924163622086255 -13.145594952936392
      vertex 8.100180927506008 2.355892807903781 -13.145594952936392
    endloop
  endfacet
  facet normal 0 0 -1
    outer loop
      vertex 8.887693058468336 2.5281843965032165 -13.145594952936392
      vertex 6.2011929659232745 3.2924163622086255 -13.145594952936392
      vertex 6.753993725815428 3.59400542570542 -13.145594952936392
    endloop
  endfacet
  facet normal 0 0 -1
    outer loop
      vertex 8.100180927506008 2.355892807903781 -13.145594952936392
      vertex 6.2011929659232745 3.2924163622086255 -13.145594952936392
      vertex 8.487021723778136 2.463110857037124 -13.145594952936392
    endloop
  endfacet
  facet normal 0 0 -1
    outer loop
      vertex 8.487021723778136 2.463110857037124 -13.145594952936392
      vertex 6.2011929659232745 3.2924163622086255 -13.145594952936392
      vertex 8.887693058468336 2.5281843965032165 -13.145594952936392
    endloop
  endfacet
  facet normal 0 0 -1
    outer loop
      vertex 8.887693058468336 2.5281843965032165 -13.145594952936392
      vertex 6.753993725815428 3.59400542570542 -13.145594952936392
      vertex 9.295339333952976 2.55 -13.145594952936392
    endloop
  endfacet
  facet normal 0 0 -1
    outer loop
      vertex 10.103656944127817 2.463110857037124 -13.145594952936392
      vertex 6.753993725815428 3.59400542570542 -13.145594952936392
      vertex 7.350277613656928 3.8341000599218393 -13.145594952936392
    endloop
  endfacet
  facet normal 0 0 -1
    outer loop
      vertex 10.103656944127817 2.463110857037124 -13.145594952936392
      vertex 7.350277613656928 3.8341000599218393 -13.145594952936392
      vertex 7.979842046805686 4.008592179099634 -13.145594952936392
    endloop
  endfacet
  facet normal 0 0 -1
    outer loop
      vertex 9.295339333952976 2.55 -13.145594952936392
      vertex 6.753993725815428 3.59400542570542 -13.145594952936392
      vertex 9.702985609437617 2.5281843965032165 -13.145594952936392
    endloop
  endfacet
  facet normal 0 0 -1
    outer loop
      vertex 9.702985609437617 2.5281843965032165 -13.145594952936392
      vertex 6.753993725815428 3.59400542570542 -13.145594952936392
      vertex 10.103656944127817 2.463110857037124 -13.145594952936392
    endloop
  endfacet
  facet normal 0 0 -1
    outer loop
      vertex 10.103656944127817 2.463110857037124 -13.145594952936392
      vertex 11.24040105424902 3.83410005992184 -13.145594952936392
      vertex 10.490497740399944 2.355892807903781 -13.145594952936392
    endloop
  endfacet
  facet normal 0 0 -1
    outer loop
      vertex 10.856889044977251 2.208364779650318 -13.145594952936392
      vertex 10.490497740399944 2.355892807903781 -13.145594952936392
      vertex 11.24040105424902 3.83410005992184 -13.145594952936392
    endloop
  endfacet
  facet normal 0 0 -1
    outer loop
      vertex 10.856889044977251 2.208364779650318 -13.145594952936392
      vertex 11.836684942090523 3.594005425705421 -13.145594952936392
      vertex 11.196561801055562 2.0230510177426497 -13.145594952936392
    endloop
  endfacet
  facet normal 0 0 -1
    outer loop
      vertex 10.856889044977251 2.208364779650318 -13.145594952936392
      vertex 11.24040105424902 3.83410005992184 -13.145594952936392
      vertex 11.836684942090523 3.594005425705421 -13.145594952936392
    endloop
  endfacet
  facet normal 0 0 -1
    outer loop
      vertex 10.103656944127817 2.463110857037124 -13.145594952936392
      vertex 7.979842046805686 4.008592179099634 -13.145594952936392
      vertex 8.631915003262284 4.114496174701314 -13.145594952936392
    endloop
  endfacet
  facet normal 0 0 -1
    outer loop
      vertex 10.103656944127817 2.463110857037124 -13.145594952936392
      vertex 8.631915003262284 4.114496174701314 -13.145594952936392
      vertex 9.295339333952974 4.15 -13.145594952936392
    endloop
  endfacet
  facet normal 0 0 -1
    outer loop
      vertex 10.103656944127817 2.463110857037124 -13.145594952936392
      vertex 9.295339333952974 4.15 -13.145594952936392
      vertex 9.958763664643666 4.114496174701314 -13.145594952936392
    endloop
  endfacet
  facet normal 0 0 -1
    outer loop
      vertex 10.103656944127817 2.463110857037124 -13.145594952936392
      vertex 9.958763664643666 4.114496174701314 -13.145594952936392
      vertex 10.610836621100264 4.008592179099634 -13.145594952936392
    endloop
  endfacet
  facet normal 0 0 -1
    outer loop
      vertex 10.103656944127817 2.463110857037124 -13.145594952936392
      vertex 10.610836621100264 4.008592179099634 -13.145594952936392
      vertex 11.24040105424902 3.83410005992184 -13.145594952936392
    endloop
  endfacet
  facet normal 0 0 -1
    outer loop
      vertex 12.418438756001528 0 -13.145594952936392
      vertex 12.391720207502528 0.33284179016113147 -13.145594952936392
      vertex 13.697079046839232 2.075 -13.145594952936392
    endloop
  endfacet
  facet normal 0 0 -1
    outer loop
      vertex 12.00002277199152 1.275 -13.145594952936392
      vertex 13.327709388053746 2.526359930386191 -13.145594952936392
      vertex 12.180706967981463 0.9758427525309789 -13.145594952936392
    endloop
  endfacet
  facet normal 0 0 -1
    outer loop
      vertex 12.391720207502528 0.33284179016113147 -13.145594952936392
      vertex 12.312021723778138 0.6599885650114279 -13.145594952936392
      vertex 13.697079046839232 2.075 -13.145594952936392
    endloop
  endfacet
  facet normal 0 0 -1
    outer loop
      vertex 12.312021723778138 0.6599885650114279 -13.145594952936392
      vertex 12.180706967981463 0.9758427525309789 -13.145594952936392
      vertex 13.327709388053746 2.526359930386191 -13.145594952936392
    endloop
  endfacet
  facet normal 0 0 -1
    outer loop
      vertex 11.77306069249682 1.5523416439722375 -13.145594952936392
      vertex 11.503704113603295 1.8031222920256962 -13.145594952936392
      vertex 12.389485701982677 3.2924163622086264 -13.145594952936392
    endloop
  endfacet
  facet normal 0 0 -1
    outer loop
      vertex 11.196561801055562 2.0230510177426497 -13.145594952936392
      vertex 11.836684942090523 3.594005425705421 -13.145594952936392
      vertex 11.503704113603295 1.8031222920256962 -13.145594952936392
    endloop
  endfacet
  facet normal 0 0 -1
    outer loop
      vertex 11.503704113603295 1.8031222920256962 -13.145594952936392
      vertex 11.836684942090523 3.594005425705421 -13.145594952936392
      vertex 12.389485701982677 3.2924163622086264 -13.145594952936392
    endloop
  endfacet
  facet normal 0 0 -1
    outer loop
      vertex 11.77306069249682 1.5523416439722375 -13.145594952936392
      vertex 12.889344759658396 2.9344931419241727 -13.145594952936392
      vertex 12.00002277199152 1.275 -13.145594952936392
    endloop
  endfacet
  facet normal 0 0 -1
    outer loop
      vertex 12.00002277199152 1.275 -13.145594952936392
      vertex 12.889344759658396 2.9344931419241727 -13.145594952936392
      vertex 13.327709388053746 2.526359930386191 -13.145594952936392
    endloop
  endfacet
  facet normal 0 0 -1
    outer loop
      vertex 11.77306069249682 1.5523416439722375 -13.145594952936392
      vertex 12.389485701982677 3.2924163622086264 -13.145594952936392
      vertex 12.889344759658396 2.9344931419241727 -13.145594952936392
    endloop
  endfacet
  facet normal 0 0 -1
    outer loop
      vertex 12.418438756001528 0 -13.145594952936392
      vertex 13.991133718744434 1.5881362443151228 -13.145594952936392
      vertex 14.204842046805686 1.074099037175461 -13.145594952936392
    endloop
  endfacet
  facet normal 0 0 -1
    outer loop
      vertex 12.418438756001528 0 -13.145594952936392
      vertex 13.697079046839232 2.075 -13.145594952936392
      vertex 13.991133718744434 1.5881362443151228 -13.145594952936392
    endloop
  endfacet
  facet normal 0 0 -1
    outer loop
      vertex 12.418438756001528 0 -13.145594952936392
      vertex 14.334547422278721 0.5416836977132141 -13.145594952936392
      vertex 14.378030550228072 0 -13.145594952936392
    endloop
  endfacet
  facet normal 0 0 -1
    outer loop
      vertex 12.418438756001528 0 -13.145594952936392
      vertex 14.204842046805686 1.074099037175461 -13.145594952936392
      vertex 14.334547422278721 0.5416836977132141 -13.145594952936392
    endloop
  endfacet
  facet normal 0 0 -1
    outer loop
      vertex 12.312021723778138 0.6599885650114279 -13.145594952936392
      vertex 13.327709388053746 2.526359930386191 -13.145594952936392
      vertex 13.697079046839232 2.075 -13.145594952936392
    endloop
  endfacet
endsolid OpenSCAD_Model
